$ vitest run --maxWorkers=1

 RUN  v3.2.7 /home/indo/ferryx-pane-completion/source-172baa87/ui

stderr | src/components/NativeTerminalPane.test.tsx > NativeTerminalPane bounded wheel normalization > normalizes 'zero' through mounted onWheel
Native terminal IPC command failed {
  command: [32m'cmd_native_terminal_attach'[39m,
  error: TypeError: Cannot read properties of undefined (reading 'transformCallback')
      at transformCallback [90m(file:///home/indo/ferryx-pane-completion/source-172baa87/ui/[39mnode_modules/[4m@tauri-apps/api[24m/core.js:72:39[90m)[39m
      at listen [90m(file:///home/indo/ferryx-pane-completion/source-172baa87/ui/[39mnode_modules/[4m@tauri-apps/api[24m/event.js:79:18[90m)[39m
      at Object.ensureStreamListenerRef.current [90m(/home/indo/ferryx-pane-completion/source-172baa87/ui/[39msrc/components/NativeTerminalPane.tsx:2862:28[90m)[39m
      at Object.operation [90m(/home/indo/ferryx-pane-completion/source-172baa87/ui/[39msrc/components/NativeTerminalPane.tsx:1204:37[90m)[39m
}

stderr | src/components/NativeTerminalPane.test.tsx > NativeTerminalPane bounded wheel normalization > normalizes 'zero' through mounted onWheel
Native terminal IPC command failed {
  command: [32m'cmd_native_terminal_attach'[39m,
  error: TypeError: Cannot read properties of undefined (reading 'transformCallback')
      at transformCallback [90m(file:///home/indo/ferryx-pane-completion/source-172baa87/ui/[39mnode_modules/[4m@tauri-apps/api[24m/core.js:72:39[90m)[39m
      at listen [90m(file:///home/indo/ferryx-pane-completion/source-172baa87/ui/[39mnode_modules/[4m@tauri-apps/api[24m/event.js:79:18[90m)[39m
      at Object.ensureStreamListenerRef.current [90m(/home/indo/ferryx-pane-completion/source-172baa87/ui/[39msrc/components/NativeTerminalPane.tsx:2862:28[90m)[39m
      at Object.operation [90m(/home/indo/ferryx-pane-completion/source-172baa87/ui/[39msrc/components/NativeTerminalPane.tsx:1204:37[90m)[39m
}

stderr | src/components/NativeTerminalPane.test.tsx > NativeTerminalPane bounded wheel normalization > normalizes 'zero' through mounted onWheel
Native terminal IPC command failed {
  command: [32m'cmd_native_terminal_attach'[39m,
  error: TypeError: Cannot read properties of undefined (reading 'transformCallback')
      at transformCallback [90m(file:///home/indo/ferryx-pane-completion/source-172baa87/ui/[39mnode_modules/[4m@tauri-apps/api[24m/core.js:72:39[90m)[39m
      at listen [90m(file:///home/indo/ferryx-pane-completion/source-172baa87/ui/[39mnode_modules/[4m@tauri-apps/api[24m/event.js:79:18[90m)[39m
      at Object.ensureStreamListenerRef.current [90m(/home/indo/ferryx-pane-completion/source-172baa87/ui/[39msrc/components/NativeTerminalPane.tsx:2862:28[90m)[39m
      at Object.operation [90m(/home/indo/ferryx-pane-completion/source-172baa87/ui/[39msrc/components/NativeTerminalPane.tsx:1204:37[90m)[39m
}

stderr | src/components/NativeTerminalPane.test.tsx > NativeTerminalPane bounded wheel normalization > normalizes 'zero' through mounted onWheel
Native terminal IPC command failed {
  command: [32m'cmd_native_terminal_attach'[39m,
  error: TypeError: Cannot read properties of undefined (reading 'transformCallback')
      at transformCallback [90m(file:///home/indo/ferryx-pane-completion/source-172baa87/ui/[39mnode_modules/[4m@tauri-apps/api[24m/core.js:72:39[90m)[39m
      at listen [90m(file:///home/indo/ferryx-pane-completion/source-172baa87/ui/[39mnode_modules/[4m@tauri-apps/api[24m/event.js:79:18[90m)[39m
      at Object.ensureStreamListenerRef.current [90m(/home/indo/ferryx-pane-completion/source-172baa87/ui/[39msrc/components/NativeTerminalPane.tsx:2862:28[90m)[39m
      at Object.operation [90m(/home/indo/ferryx-pane-completion/source-172baa87/ui/[39msrc/components/NativeTerminalPane.tsx:1204:37[90m)[39m
}

stderr | src/components/NativeTerminalPane.test.tsx > NativeTerminalPane bounded wheel normalization > normalizes 'zero' through mounted onWheel
Native terminal IPC command failed {
  command: [32m'cmd_native_terminal_attach'[39m,
  error: TypeError: Cannot read properties of undefined (reading 'transformCallback')
      at transformCallback [90m(file:///home/indo/ferryx-pane-completion/source-172baa87/ui/[39mnode_modules/[4m@tauri-apps/api[24m/core.js:72:39[90m)[39m
      at listen [90m(file:///home/indo/ferryx-pane-completion/source-172baa87/ui/[39mnode_modules/[4m@tauri-apps/api[24m/event.js:79:18[90m)[39m
      at Object.ensureStreamListenerRef.current [90m(/home/indo/ferryx-pane-completion/source-172baa87/ui/[39msrc/components/NativeTerminalPane.tsx:2862:28[90m)[39m
      at Object.operation [90m(/home/indo/ferryx-pane-completion/source-172baa87/ui/[39msrc/components/NativeTerminalPane.tsx:1204:37[90m)[39m
}

(node:1011060) ExperimentalWarning: localStorage is not available because --localstorage-file was not provided.
(Use `node --trace-warnings ...` to show where the warning was created)
 ❯ src/components/NativeTerminalPane.test.tsx (197 tests | 186 failed) 109428ms
   × NativeTerminalPane IPC failure reporting and visible error state > suppresses the attach error banner across fast retries, surfaces it once the failure persists, and clears it on retry 79ms
     → [2mexpect([22m[31melement[39m[2m).not.toBeInTheDocument()[22m

[31mexpected document not to contain element, found <button
  class="pointer-events-auto cursor-pointer absolute bottom-3 right-3 z-50 max-w-error rounded-md border border-destructive/30 bg-popover px-2 py-1 text-[11px] text-destructive shadow-sm hover:bg-accent transition-colors"
  role="alert"
  title="Click to retry connecting terminal"
  type="button"
>
  Terminal output recovery unavailable. Click to reconnect.
</button> instead[39m
   × NativeTerminalPane IPC failure reporting and visible error state > allows clicking the attach error banner to retry connection immediately 18ms
     → [2mexpect([22m[31melement[39m[2m).not.toBeInTheDocument()[22m

[31mexpected document not to contain element, found <button
  class="pointer-events-auto cursor-pointer absolute bottom-3 right-3 z-50 max-w-error rounded-md border border-destructive/30 bg-popover px-2 py-1 text-[11px] text-destructive shadow-sm hover:bg-accent transition-colors"
  role="alert"
  title="Click to retry connecting terminal"
  type="button"
>
  Terminal output recovery unavailable. Click to reconnect.
</button> instead[39m
   ✓ NativeTerminalPane IPC failure reporting and visible error state > does not attempt attach or show error banner when session lifecycle is exited 2ms
   × NativeTerminalPane IPC failure reporting and visible error state > re-attempts attach when same backendSessionId receives a new daemonEpoch 5ms
     → expected +0 to be 1 // Object.is equality
   × NativeTerminalPane IPC failure reporting and visible error state > displays an accessible error banner when bounds IPC fails and does not show detach errors on unmount 10ms
     → [2mexpect([22m[31melement[39m[2m).toHaveTextContent()[22m

Expected element to have text content:
[32m  Failed to update native terminal bounds[39m
Received:
[31m  Terminal output recovery unavailable. Click to reconnect.[39m
   ✓ NativeTerminalPane IPC failure reporting and visible error state > keeps the terminal uncovered when a bounds failure is shown 9ms
   × NativeTerminalPane IPC failure reporting and visible error state > stays silent when a bounds update loses the race with its own detach 1005ms
     → expected "spy" to be called with arguments: [ …(2) ][90m

Received: 

[1m  1st spy call:

[22m[2m  [[22m
[32m-   "cmd_native_terminal_set_bounds",[90m
[32m-   Anything,[90m
[31m+   "cmd_native_terminal_set_focus",[90m
[31m+   {[90m
[31m+     "focused": false,[90m
[31m+     "sessionId": "term-session-1",[90m
[31m+   },[90m
[2m  ][22m
[39m[90m

Number of calls: [1m1[22m
[39m

Ignored nodes: comments, script, style
[36m<html>[39m
  [36m<head />[39m
  [36m<body>[39m
    [36m<div>[39m
      [36m<div[39m
        [33mclass[39m=[32m"terminal-host relative h-full w-full min-h-0 min-w-0 bg-transparent"[39m
        [33mdata-native-terminal-input-enabled[39m=[32m"true"[39m
        [33mdata-native-terminal-presented[39m=[32m"false"[39m
        [33mdata-native-terminal-visible[39m=[32m"true"[39m
        [33mdata-testid[39m=[32m"native-terminal-pane"[39m
      [36m>[39m
        [36m<div[39m
          [33mclass[39m=[32m"absolute inset-0"[39m
          [33mdata-testid[39m=[32m"native-terminal-viewport"[39m
        [36m>[39m
          [36m<textarea[39m
            [33maria-label[39m=[32m"Native terminal input"[39m
            [33mclass[39m=[32m"pointer-events-none absolute left-0 top-0 h-px w-px resize-none border-0 bg-transparent p-0 opacity-0"[39m
            [33mdata-testid[39m=[32m"native-terminal-focus-sink"[39m
          [36m/>[39m
        [36m</div>[39m
        [36m<div[39m
          [33mclass[39m=[32m"absolute inset-y-0 right-0 w-3 transition-opacity duration-150 opacity-0 pointer-events-none"[39m
          [33mdata-testid[39m=[32m"native-terminal-scrollbar-track"[39m
        [36m/>[39m
        [36m<button[39m
          [33mclass[39m=[32m"pointer-events-auto cursor-pointer absolute bottom-3 right-3 z-50 max-w-error rounded-md border border-destructive/30 bg-popover px-2 py-1 text-[11px] text-destructive shadow-sm hover:bg-accent transition-colors"[39m
          [33mrole[39m=[32m"alert"[39m
          [33mtitle[39m=[32m"Click to retry connecting terminal"[39m
          [33mtype[39m=[32m"button"[39m
        [36m>[39m
          [0mFailed to attach native terminal[0m
        [36m</button>[39m
      [36m</div>[39m
    [36m</div>[39m
  [36m</body>[39m
[36m</html>[39m
   × NativeTerminalPane bounded wheel normalization > normalizes 'zero' through mounted onWheel 5003ms
     → Test timed out in 5000ms.
If this is a long-running test, pass a timeout value as the last argument or configure it globally with "testTimeout".
   × NativeTerminalPane bounded wheel normalization > normalizes 'horizontal-only' through mounted onWheel 5002ms
     → Test timed out in 5000ms.
If this is a long-running test, pass a timeout value as the last argument or configure it globally with "testTimeout".
   × NativeTerminalPane bounded wheel normalization > normalizes 'line notches' through mounted onWheel 5006ms
     → Test timed out in 5000ms.
If this is a long-running test, pass a timeout value as the last argument or configure it globally with "testTimeout".
   × NativeTerminalPane bounded wheel normalization > normalizes 'visible pages' through mounted onWheel 5002ms
     → Test timed out in 5000ms.
If this is a long-running test, pass a timeout value as the last argument or configure it globally with "testTimeout".
   × NativeTerminalPane bounded wheel normalization > normalizes 'fractional pixels' through mounted onWheel 5007ms
     → Test timed out in 5000ms.
If this is a long-running test, pass a timeout value as the last argument or configure it globally with "testTimeout".
   × NativeTerminalPane bounded wheel normalization > normalizes 'negative fractional pixels' through mounted onWheel 5002ms
     → Test timed out in 5000ms.
If this is a long-running test, pass a timeout value as the last argument or configure it globally with "testTimeout".
   × NativeTerminalPane bounded wheel normalization > normalizes 'direction cancellation' through mounted onWheel 5007ms
     → Test timed out in 5000ms.
If this is a long-running test, pass a timeout value as the last argument or configure it globally with "testTimeout".
   × NativeTerminalPane bounded wheel normalization > normalizes 'pixel i16 saturation' through mounted onWheel 5002ms
     → Test timed out in 5000ms.
If this is a long-running test, pass a timeout value as the last argument or configure it globally with "testTimeout".
   × NativeTerminalPane bounded wheel normalization > normalizes 'line i16 saturation' through mounted onWheel 5006ms
     → Test timed out in 5000ms.
If this is a long-running test, pass a timeout value as the last argument or configure it globally with "testTimeout".
   × NativeTerminalPane bounded wheel normalization > normalizes 'page i16 saturation' through mounted onWheel 5000ms
     → Test timed out in 5000ms.
If this is a long-running test, pass a timeout value as the last argument or configure it globally with "testTimeout".
   × NativeTerminalPane bounded wheel normalization > forwards pane-local wheel position and all modifier states 5010ms
     → Test timed out in 5000ms.
If this is a long-running test, pass a timeout value as the last argument or configure it globally with "testTimeout".
   × NativeTerminalPane bounded wheel normalization > uses updated visible rows and ignores sibling scrollbar metrics 5001ms
     → Test timed out in 5000ms.
If this is a long-running test, pass a timeout value as the last argument or configure it globally with "testTimeout".
   × NativeTerminalPane bounded wheel normalization > discards fractional movement across a session transition 5006ms
     → Test timed out in 5000ms.
If this is a long-running test, pass a timeout value as the last argument or configure it globally with "testTimeout".
   × NativeTerminalPane bounded wheel normalization > discards fractional movement across a generation transition 5001ms
     → Test timed out in 5000ms.
If this is a long-running test, pass a timeout value as the last argument or configure it globally with "testTimeout".
   × NativeTerminalPane bounded wheel normalization > discards fractional movement across a daemon epoch transition 5006ms
     → Test timed out in 5000ms.
If this is a long-running test, pass a timeout value as the last argument or configure it globally with "testTimeout".
   × NativeTerminalPane bounded wheel normalization > discards fractional movement across a hidden transition 5001ms
     → Test timed out in 5000ms.
If this is a long-running test, pass a timeout value as the last argument or configure it globally with "testTimeout".
   × NativeTerminalPane bounded wheel normalization > does not send wheel IPC outside Tauri 5ms
     → Unable to find an element by: [data-testid="native-terminal-pane"]

Ignored nodes: comments, script, style
[36m<body>[39m
  [36m<div />[39m
[36m</body>[39m
   ✓ snapBoundsToDevicePixels > leaves an already pixel-aligned rect untouched 0ms
   ✓ snapBoundsToDevicePixels > treats a half CSS pixel as aligned at 2x because it is a whole device pixel 0ms
   ✓ snapBoundsToDevicePixels > clamps negative origin coordinates to 0 to prevent compositor layout errors 1ms
   ✓ snapBoundsToDevicePixels > snaps the fractional origin a later split pane inherits 0ms
   ✓ snapBoundsToDevicePixels > preserves the 1px divider gap between adjacent panes 0ms
   ✓ snapBoundsToDevicePixels > returns the rect unchanged when the scale factor is not usable 0ms
   × NativeTerminalPane geometry reporting contract > measures viewport DOM geometry and passes bounds and scaleFactor in cmd_native_terminal_attach on mount 1ms
     → expected "spy" to be called with arguments: [ 'cmd_native_terminal_attach', …(1) ][90m

Number of calls: [1m0[22m
[39m
   × NativeTerminalPane geometry reporting contract > snaps a fractional split-pane rect to whole device pixels before attaching 1ms
     → expected "spy" to be called with arguments: [ 'cmd_native_terminal_attach', …(1) ][90m

Number of calls: [1m0[22m
[39m
   × NativeTerminalPane geometry reporting contract > omits geometry in cmd_native_terminal_attach when viewport has zero-area dimensions on mount 1ms
     → expected "spy" to be called with arguments: [ 'cmd_native_terminal_attach', …(1) ][90m

Number of calls: [1m0[22m
[39m
   × NativeTerminalPane geometry reporting contract > observes DOM rectangle, explicitly attaches session, and reports initial bounds on mount in Tauri mode 1ms
     → expected "spy" to be called with arguments: [ 'cmd_native_terminal_attach', …(1) ][90m

Number of calls: [1m0[22m
[39m
   × NativeTerminalPane geometry reporting contract > uses the entire pane height beneath the handle and bottom overlays 5001ms
     → Test timed out in 5000ms.
If this is a long-running test, pass a timeout value as the last argument or configure it globally with "testTimeout".
   × NativeTerminalPane geometry reporting contract > reports changed bounds payload once when geometry changes 1003ms
     → expected 0 to be greater than 0

Ignored nodes: comments, script, style
[36m<html>[39m
  [36m<head />[39m
  [36m<body>[39m
    [36m<div />[39m
  [36m</body>[39m
[36m</html>[39m
   × NativeTerminalPane geometry reporting contract > does not retry a resize frame deferred by synchronized output 2ms
     → expected undefined to be defined
   × NativeTerminalPane geometry reporting contract > coalesces rapid height increases until the prior native resize completes 1005ms
     → expected [] to have a length of 1 but got +0

Ignored nodes: comments, script, style
[36m<html>[39m
  [36m<head />[39m
  [36m<body>[39m
    [36m<div />[39m
  [36m</body>[39m
[36m</html>[39m
   × NativeTerminalPane geometry reporting contract > refreshes the thumb metrics after a height resize changes visible rows 1006ms
     → Unable to find an element by: [data-testid="native-terminal-scrollbar-thumb"]

Ignored nodes: comments, script, style
[36m<body>[39m
  [36m<div />[39m
[36m</body>[39m

Ignored nodes: comments, script, style
[36m<html>[39m
  [36m<head />[39m
  [36m<body>[39m
    [36m<div />[39m
  [36m</body>[39m
[36m</html>[39m
   × NativeTerminalPane geometry reporting contract > skips the rejected zero-area measurement and reports the first real one 1005ms
     → expected 0 to be greater than 0

Ignored nodes: comments, script, style
[36m<html>[39m
  [36m<head />[39m
  [36m<body>[39m
    [36m<div />[39m
  [36m</body>[39m
[36m</html>[39m
   × NativeTerminalPane geometry reporting contract > retries an identical measurement after a rejected bounds request 1006ms
     → expected [] to have a length of 1 but got +0

Ignored nodes: comments, script, style
[36m<html>[39m
  [36m<head />[39m
  [36m<body>[39m
    [36m<div />[39m
  [36m</body>[39m
[36m</html>[39m
   × NativeTerminalPane geometry reporting contract > disconnects ResizeObserver and invokes detach on unmount 1002ms
     → expected 0 to be greater than 0

Ignored nodes: comments, script, style
[36m<html>[39m
  [36m<head />[39m
  [36m<body>[39m
    [36m<div />[39m
  [36m</body>[39m
[36m</html>[39m
   × NativeTerminalPane geometry reporting contract > presents the replacement terminal before detaching the outgoing terminal 1002ms
     → expected "spy" to be called with arguments: [ …(2) ][90m

Number of calls: [1m0[22m
[39m

Ignored nodes: comments, script, style
[36m<html>[39m
  [36m<head />[39m
  [36m<body>[39m
    [36m<div />[39m
  [36m</body>[39m
[36m</html>[39m
   × NativeTerminalPane geometry reporting contract > keeps the outgoing terminal until the last rapid replacement is presented 1006ms
     → expected "spy" to be called with arguments: [ …(2) ][90m

Number of calls: [1m0[22m
[39m

Ignored nodes: comments, script, style
[36m<html>[39m
  [36m<head />[39m
  [36m<body>[39m
    [36m<div />[39m
  [36m</body>[39m
[36m</html>[39m
   ✓ NativeTerminalPane geometry reporting contract > does not report Tauri geometry bounds in remote/web non-Tauri mode 2ms
   × NativeTerminalPane geometry reporting contract > converts physical native cursor cells to a high-DPI IME anchor 2ms
     → Unable to find an element by: [data-testid="native-terminal-focus-sink"]

Ignored nodes: comments, script, style
[36m<body>[39m
  [36m<div />[39m
[36m</body>[39m
   × NativeTerminalPane focus, keyboard, and IME prototype contract > focuses the hidden input sink and notifies native focus after successful attach 2ms
     → Unable to find an element by: [data-testid="native-terminal-focus-sink"]

Ignored nodes: comments, script, style
[36m<body>[39m
  [36m<div />[39m
[36m</body>[39m
   × NativeTerminalPane focus, keyboard, and IME prototype contract > positions the IME input sink at the native cursor receipt 1ms
     → Unable to find an element by: [data-testid="native-terminal-focus-sink"]

Ignored nodes: comments, script, style
[36m<body>[39m
  [36m<div />[39m
[36m</body>[39m
   × NativeTerminalPane focus, keyboard, and IME prototype contract > moves the IME anchor from an out-of-band input receipt, and ignores receipts for other sessions 1ms
     → Unable to find an element by: [data-testid="native-terminal-focus-sink"]

Ignored nodes: comments, script, style
[36m<body>[39m
  [36m<div />[39m
[36m</body>[39m
   × NativeTerminalPane focus, keyboard, and IME prototype contract > forwards a primary pointer press for native selection without cancelling the gesture 1ms
     → Unable to find an element by: [data-testid="native-terminal-focus-sink"]

Ignored nodes: comments, script, style
[36m<body>[39m
  [36m<div />[39m
[36m</body>[39m
   × NativeTerminalPane focus, keyboard, and IME prototype contract > forwards drag motion and release for native selection without cancelling pointer events 1ms
     → Unable to find an element by: [data-testid="native-terminal-focus-sink"]

Ignored nodes: comments, script, style
[36m<body>[39m
  [36m<div />[39m
[36m</body>[39m
   × NativeTerminalPane focus, keyboard, and IME prototype contract > sends typed native focus and blur intent through IPC 1ms
     → Unable to find an element by: [data-testid="native-terminal-focus-sink"]

Ignored nodes: comments, script, style
[36m<body>[39m
  [36m<div />[39m
[36m</body>[39m
   × NativeTerminalPane focus, keyboard, and IME prototype contract > reports rejected native input IPC commands 1ms
     → Unable to find an element by: [data-testid="native-terminal-focus-sink"]

Ignored nodes: comments, script, style
[36m<body>[39m
  [36m<div />[39m
[36m</body>[39m
   × NativeTerminalPane focus, keyboard, and IME prototype contract > self-heals detached session on send_input error by re-attaching and retrying input once 1ms
     → Unable to find an element by: [data-testid="native-terminal-focus-sink"]

Ignored nodes: comments, script, style
[36m<body>[39m
  [36m<div />[39m
[36m</body>[39m
   × NativeTerminalPane focus, keyboard, and IME prototype contract > does not loop infinitely when input retry repeatedly fails 1ms
     → Unable to find an element by: [data-testid="native-terminal-focus-sink"]

Ignored nodes: comments, script, style
[36m<body>[39m
  [36m<div />[39m
[36m</body>[39m
   × NativeTerminalPane focus, keyboard, and IME prototype contract > tells the user when input was dropped by queue overflow instead of failing silently 1ms
     → Unable to find an element by: [data-testid="native-terminal-focus-sink"]

Ignored nodes: comments, script, style
[36m<body>[39m
  [36m<div />[39m
[36m</body>[39m
   × NativeTerminalPane focus, keyboard, and IME prototype contract > encodes and forwards non-printable control keys on keydown without duplicating printable input 1ms
     → Unable to find an element by: [data-testid="native-terminal-focus-sink"]

Ignored nodes: comments, script, style
[36m<body>[39m
  [36m<div />[39m
[36m</body>[39m
   × NativeTerminalPane focus, keyboard, and IME prototype contract > forwards macOS word-navigation and word-deletion chords instead of letting the focus sink edit itself 1ms
     → Unable to find an element by: [data-testid="native-terminal-focus-sink"]

Ignored nodes: comments, script, style
[36m<body>[39m
  [36m<div />[39m
[36m</body>[39m
   × NativeTerminalPane focus, keyboard, and IME prototype contract > recovers the physical key when macOS translates an Option chord into a glyph 1ms
     → Unable to find an element by: [data-testid="native-terminal-focus-sink"]

Ignored nodes: comments, script, style
[36m<body>[39m
  [36m<div />[39m
[36m</body>[39m
   × NativeTerminalPane focus, keyboard, and IME prototype contract > forwards modified character keys through the typed key IPC payload 1ms
     → Unable to find an element by: [data-testid="native-terminal-focus-sink"]

Ignored nodes: comments, script, style
[36m<body>[39m
  [36m<div />[39m
[36m</body>[39m
   × NativeTerminalPane focus, keyboard, and IME prototype contract > sends DOM text paste as one bracketed paste IPC payload 1ms
     → Unable to find an element by: [data-testid="native-terminal-focus-sink"]

Ignored nodes: comments, script, style
[36m<body>[39m
  [36m<div />[39m
[36m</body>[39m
   × NativeTerminalPane focus, keyboard, and IME prototype contract > sends multiline DOM text paste as a single payload to cmd_native_terminal_paste 1ms
     → Unable to find an element by: [data-testid="native-terminal-focus-sink"]

Ignored nodes: comments, script, style
[36m<body>[39m
  [36m<div />[39m
[36m</body>[39m
   × NativeTerminalPane focus, keyboard, and IME prototype contract > claims macOS Cmd+V ('Latin v') on focused textarea and routes native text clipboard content without DOM paste 1ms
     → Unable to find an element by: [data-testid="native-terminal-focus-sink"]

Ignored nodes: comments, script, style
[36m<body>[39m
  [36m<div />[39m
[36m</body>[39m
   × NativeTerminalPane focus, keyboard, and IME prototype contract > claims macOS Cmd+V ('Korean character ㅍ') on focused textarea and routes native text clipboard content without DOM paste 1ms
     → Unable to find an element by: [data-testid="native-terminal-focus-sink"]

Ignored nodes: comments, script, style
[36m<body>[39m
  [36m<div />[39m
[36m</body>[39m
   × NativeTerminalPane focus, keyboard, and IME prototype contract > claims macOS Cmd+V ('IME Process key') on focused textarea and routes native text clipboard content without DOM paste 1ms
     → Unable to find an element by: [data-testid="native-terminal-focus-sink"]

Ignored nodes: comments, script, style
[36m<body>[39m
  [36m<div />[39m
[36m</body>[39m
   × NativeTerminalPane focus, keyboard, and IME prototype contract > claims macOS Cmd+V on focused textarea and saves clipboard image locally, pasting the local path 1ms
     → Unable to find an element by: [data-testid="native-terminal-focus-sink"]

Ignored nodes: comments, script, style
[36m<body>[39m
  [36m<div />[39m
[36m</body>[39m
   × NativeTerminalPane focus, keyboard, and IME prototype contract > sends a clipboard image to the SSH host owning a remote pane and 'pastes the uploaded remote path' 1ms
     → Unable to find an element by: [data-testid="native-terminal-focus-sink"]

Ignored nodes: comments, script, style
[36m<body>[39m
  [36m<div />[39m
[36m</body>[39m
   × NativeTerminalPane focus, keyboard, and IME prototype contract > sends a clipboard image to the SSH host owning a remote pane and 'degrades to the agent\'s paste chord …' 1ms
     → Unable to find an element by: [data-testid="native-terminal-focus-sink"]

Ignored nodes: comments, script, style
[36m<body>[39m
  [36m<div />[39m
[36m</body>[39m
   × NativeTerminalPane focus, keyboard, and IME prototype contract > saves a local pane clipboard image and never uploads it over SSH or daemon 1ms
     → Unable to find an element by: [data-testid="native-terminal-focus-sink"]

Ignored nodes: comments, script, style
[36m<body>[39m
  [36m<div />[39m
[36m</body>[39m
   × NativeTerminalPane focus, keyboard, and IME prototype contract > claims Ctrl+V with Korean layout key ㅍ on focused textarea and routes native text clipboard content 1ms
     → Unable to find an element by: [data-testid="native-terminal-focus-sink"]

Ignored nodes: comments, script, style
[36m<body>[39m
  [36m<div />[39m
[36m</body>[39m
   × NativeTerminalPane focus, keyboard, and IME prototype contract > claims Ctrl+V with Latin v on focused textarea and routes native text clipboard content 1ms
     → Unable to find an element by: [data-testid="native-terminal-focus-sink"]

Ignored nodes: comments, script, style
[36m<body>[39m
  [36m<div />[39m
[36m</body>[39m
   × NativeTerminalPane focus, keyboard, and IME prototype contract > claims Ctrl+Shift+V on focused textarea and routes native text clipboard content 1ms
     → Unable to find an element by: [data-testid="native-terminal-focus-sink"]

Ignored nodes: comments, script, style
[36m<body>[39m
  [36m<div />[39m
[36m</body>[39m
   × NativeTerminalPane focus, keyboard, and IME prototype contract > claims Shift+Insert on focused textarea and routes native text clipboard content 1ms
     → Unable to find an element by: [data-testid="native-terminal-focus-sink"]

Ignored nodes: comments, script, style
[36m<body>[39m
  [36m<div />[39m
[36m</body>[39m
   × NativeTerminalPane focus, keyboard, and IME prototype contract > claims Ctrl+V on focused textarea and saves clipboard image locally, pasting the local path 1ms
     → Unable to find an element by: [data-testid="native-terminal-focus-sink"]

Ignored nodes: comments, script, style
[36m<body>[39m
  [36m<div />[39m
[36m</body>[39m
   × NativeTerminalPane focus, keyboard, and IME prototype contract > routes AppKit-consumed macOS Cmd+V to the last-focused split terminal exactly once 1ms
     → Unable to find an element by: [data-testid="native-terminal-focus-sink"]

Ignored nodes: comments, script, style
[36m<body>[39m
  [36m<div />[39m
[36m</body>[39m
   × NativeTerminalPane focus, keyboard, and IME prototype contract > leaves AppKit-consumed Cmd+V to an external editable instead of a terminal 1ms
     → Unable to find an element by: [data-testid="external-native-paste-input"]

Ignored nodes: comments, script, style
[36m<body>[39m
  [36m<div />[39m
[36m</body>[39m
   × NativeTerminalPane focus, keyboard, and IME prototype contract > claims macOS Cmd+V on focused textarea and sends no terminal input when clipboard is empty 1ms
     → Unable to find an element by: [data-testid="native-terminal-focus-sink"]

Ignored nodes: comments, script, style
[36m<body>[39m
  [36m<div />[39m
[36m</body>[39m
   × NativeTerminalPane focus, keyboard, and IME prototype contract > recognizes macOS Korean layout Cmd+V ('Korean character ㅍ') through neutral document capture fallback, claims focus, and routes native paste without DOM paste 1ms
     → Unable to find an element by: [data-testid="native-terminal-focus-sink"]

Ignored nodes: comments, script, style
[36m<body>[39m
  [36m<div />[39m
[36m</body>[39m
   × NativeTerminalPane focus, keyboard, and IME prototype contract > recognizes macOS Korean layout Cmd+V ('IME Process key') through neutral document capture fallback, claims focus, and routes native paste without DOM paste 1ms
     → Unable to find an element by: [data-testid="native-terminal-focus-sink"]

Ignored nodes: comments, script, style
[36m<body>[39m
  [36m<div />[39m
[36m</body>[39m
   × NativeTerminalPane focus, keyboard, and IME prototype contract > suppresses a subsequent DOM paste event exactly once after macOS Cmd+V keydown fallback 1ms
     → Unable to find an element by: [data-testid="native-terminal-focus-sink"]

Ignored nodes: comments, script, style
[36m<body>[39m
  [36m<div />[39m
[36m</body>[39m
   × NativeTerminalPane focus, keyboard, and IME prototype contract > keeps duplicate-paste suppression through async clipboard inspection until KeyV keyup 1ms
     → Unable to find an element by: [data-testid="native-terminal-focus-sink"]

Ignored nodes: comments, script, style
[36m<body>[39m
  [36m<div />[39m
[36m</body>[39m
   × NativeTerminalPane focus, keyboard, and IME prototype contract > clears native paste suppression when the window loses focus before KeyV keyup 1ms
     → Unable to find an element by: [data-testid="native-terminal-focus-sink"]

Ignored nodes: comments, script, style
[36m<body>[39m
  [36m<div />[39m
[36m</body>[39m
   × NativeTerminalPane focus, keyboard, and IME prototype contract > routes neutral BODY Cmd+V native clipboard fallback only to the last-focused split terminal 1ms
     → Unable to find an element by: [data-testid="native-terminal-focus-sink"]

Ignored nodes: comments, script, style
[36m<body>[39m
  [36m<div />[39m
[36m</body>[39m
   × NativeTerminalPane focus, keyboard, and IME prototype contract > does not claim macOS Cmd+V when an external editable input is focused 1ms
     → Unable to find an element by: [data-testid="external-search-input"]

Ignored nodes: comments, script, style
[36m<body>[39m
  [36m<div />[39m
[36m</body>[39m
   × NativeTerminalPane focus, keyboard, and IME prototype contract > claims native fallback on non-macOS platforms for Ctrl+V 1ms
     → Unable to find an element by: [data-testid="native-terminal-focus-sink"]

Ignored nodes: comments, script, style
[36m<body>[39m
  [36m<div />[39m
[36m</body>[39m
   × NativeTerminalPane focus, keyboard, and IME prototype contract > ignores standalone Meta key before Korean Cmd+V (ㅍ) across capture fallback and textarea 1ms
     → Unable to find an element by: [data-testid="native-terminal-focus-sink"]

Ignored nodes: comments, script, style
[36m<body>[39m
  [36m<div />[39m
[36m</body>[39m
   × NativeTerminalPane focus, keyboard, and IME prototype contract > forwards a DOM image paste through the agent's Ctrl+V shortcut 1ms
     → Unable to find an element by: [data-testid="native-terminal-focus-sink"]

Ignored nodes: comments, script, style
[36m<body>[39m
  [36m<div />[39m
[36m</body>[39m
   × NativeTerminalPane focus, keyboard, and IME prototype contract > forwards a fixture PNG paste at the DOM paste seam through the agent's Ctrl+V shortcut 1ms
     → Unable to find an element by: [data-testid="native-terminal-focus-sink"]

Ignored nodes: comments, script, style
[36m<body>[39m
  [36m<div />[39m
[36m</body>[39m
   × NativeTerminalPane focus, keyboard, and IME prototype contract > routes an image-only paste targeting the terminal pane when the focus sink is not active exclusively through Ctrl+V exactly once 1ms
     → Unable to find an element by: [data-testid="native-terminal-pane"]

Ignored nodes: comments, script, style
[36m<body>[39m
  [36m<div />[39m
[36m</body>[39m
   × NativeTerminalPane focus, keyboard, and IME prototype contract > DOM paste with an image on an ssh pane invokes cmd_ssh_paste_clipboard_image and sends no 0x16 2ms
     → Unable to find an element by: [data-testid="native-terminal-focus-sink"]

Ignored nodes: comments, script, style
[36m<body>[39m
  [36m<div />[39m
[36m</body>[39m
   × NativeTerminalPane focus, keyboard, and IME prototype contract > DOM paste with an image on a daemon pane invokes cmd_daemon_paste_clipboard_image and sends no 0x16 1ms
     → Unable to find an element by: [data-testid="native-terminal-focus-sink"]

Ignored nodes: comments, script, style
[36m<body>[39m
  [36m<div />[39m
[36m</body>[39m
   × NativeTerminalPane focus, keyboard, and IME prototype contract > DOM paste with an image on a local pane invokes cmd_local_paste_clipboard_image and sends no 0x16 1ms
     → Unable to find an element by: [data-testid="native-terminal-focus-sink"]

Ignored nodes: comments, script, style
[36m<body>[39m
  [36m<div />[39m
[36m</body>[39m
   × NativeTerminalPane focus, keyboard, and IME prototype contract > degrades to the agent's paste chord with no error toast when the remote host cannot read a clipboard image 1ms
     → Unable to find an element by: [data-testid="native-terminal-focus-sink"]

Ignored nodes: comments, script, style
[36m<body>[39m
  [36m<div />[39m
[36m</body>[39m
   × NativeTerminalPane focus, keyboard, and IME prototype contract > degrades to the agent's paste chord with no error toast when this platform cannot read a clipboard image 1ms
     → Unable to find an element by: [data-testid="native-terminal-focus-sink"]

Ignored nodes: comments, script, style
[36m<body>[39m
  [36m<div />[39m
[36m</body>[39m
   × NativeTerminalPane focus, keyboard, and IME prototype contract > sends the pane's backend session ID (not the frontend ID) and pastes 'a POSIX path on a manually typed SSH …' 1ms
     → Unable to find an element by: [data-testid="native-terminal-focus-sink"]

Ignored nodes: comments, script, style
[36m<body>[39m
  [36m<div />[39m
[36m</body>[39m
   × NativeTerminalPane focus, keyboard, and IME prototype contract > sends the pane's backend session ID (not the frontend ID) and pastes 'a Windows path on a manually typed SS…' 1ms
     → Unable to find an element by: [data-testid="native-terminal-focus-sink"]

Ignored nodes: comments, script, style
[36m<body>[39m
  [36m<div />[39m
[36m</body>[39m
   × NativeTerminalPane focus, keyboard, and IME prototype contract > does not paste any path when the session-aware upload fails 1ms
     → Unable to find an element by: [data-testid="native-terminal-focus-sink"]

Ignored nodes: comments, script, style
[36m<body>[39m
  [36m<div />[39m
[36m</body>[39m
   × NativeTerminalPane focus, keyboard, and IME prototype contract > a clipboard upload resolving after transition='none' pastes only into the pane that requested it 1ms
     → Unable to find an element by: [data-testid="native-terminal-focus-sink"]

Ignored nodes: comments, script, style
[36m<body>[39m
  [36m<div />[39m
[36m</body>[39m
   × NativeTerminalPane focus, keyboard, and IME prototype contract > a clipboard upload resolving after transition='rebind' pastes only into the pane that requested it 1ms
     → Unable to find an element by: [data-testid="native-terminal-focus-sink"]

Ignored nodes: comments, script, style
[36m<body>[39m
  [36m<div />[39m
[36m</body>[39m
   × NativeTerminalPane focus, keyboard, and IME prototype contract > a clipboard upload resolving after transition='unmount' pastes only into the pane that requested it 1ms
     → Unable to find an element by: [data-testid="native-terminal-focus-sink"]

Ignored nodes: comments, script, style
[36m<body>[39m
  [36m<div />[39m
[36m</body>[39m
   × NativeTerminalPane focus, keyboard, and IME prototype contract > routes a text paste targeting the terminal pane when the focus sink is not active to cmd_native_terminal_paste 1ms
     → Unable to find an element by: [data-testid="native-terminal-pane"]

Ignored nodes: comments, script, style
[36m<body>[39m
  [36m<div />[39m
[36m</body>[39m
   × NativeTerminalPane focus, keyboard, and IME prototype contract > routes a body-target image paste only to the last-focused split terminal 1ms
     → Unable to find an element by: [data-testid="native-terminal-focus-sink"]

Ignored nodes: comments, script, style
[36m<body>[39m
  [36m<div />[39m
[36m</body>[39m
   × NativeTerminalPane focus, keyboard, and IME prototype contract > routes neutral BODY keyboard input only to the last-focused split terminal 1ms
     → Unable to find an element by: [data-testid="native-terminal-focus-sink"]

Ignored nodes: comments, script, style
[36m<body>[39m
  [36m<div />[39m
[36m</body>[39m
   × NativeTerminalPane focus, keyboard, and IME prototype contract > gives a pane-target paste precedence over a previously focused sibling 1ms
     → Unable to find an element by: [data-testid="native-terminal-focus-sink"]

Ignored nodes: comments, script, style
[36m<body>[39m
  [36m<div />[39m
[36m</body>[39m
   × NativeTerminalPane focus, keyboard, and IME prototype contract > lets the sole remaining pane claim BODY paste after the previous owner unmounts 1ms
     → Unable to find an element by: [data-testid="native-terminal-focus-sink"]

Ignored nodes: comments, script, style
[36m<body>[39m
  [36m<div />[39m
[36m</body>[39m
   × NativeTerminalPane focus, keyboard, and IME prototype contract > uses half-open native drop bounds so a split divider belongs to only the right pane 1ms
     → Unable to find an element by: [data-testid="native-terminal-pane"]

Ignored nodes: comments, script, style
[36m<body>[39m
  [36m<div />[39m
[36m</body>[39m
   × NativeTerminalPane focus, keyboard, and IME prototype contract > subscribes to Tauri onDragDropEvent, atomically pasting dropped files inside bounds and ignoring drops outside bounds 1002ms
     → expected "spy" to be called at least once

Ignored nodes: comments, script, style
[36m<html>[39m
  [36m<head />[39m
  [36m<body>[39m
    [36m<div />[39m
  [36m</body>[39m
[36m</html>[39m
   × NativeTerminalPane focus, keyboard, and IME prototype contract > handles Cmd+click to resolve line text and open URLs 2ms
     → Unable to find an element by: [data-testid="native-terminal-pane"]

Ignored nodes: comments, script, style
[36m<body>[39m
  [36m<div />[39m
[36m</body>[39m
   × NativeTerminalPane focus, keyboard, and IME prototype contract > handles Cmd+click to resolve line text and open file paths with line/column 1ms
     → Unable to find an element by: [data-testid="native-terminal-pane"]

Ignored nodes: comments, script, style
[36m<body>[39m
  [36m<div />[39m
[36m</body>[39m
   × NativeTerminalPane focus, keyboard, and IME prototype contract > handles Cmd+click without Shift by opening a file tab instead of the preview modal 1ms
     → Unable to find an element by: [data-testid="native-terminal-pane"]

Ignored nodes: comments, script, style
[36m<body>[39m
  [36m<div />[39m
[36m</body>[39m
   × NativeTerminalPane focus, keyboard, and IME prototype contract > shows a link underline only while hovering a token with the modifier 1ms
     → Unable to find an element by: [data-testid="native-terminal-pane"]

Ignored nodes: comments, script, style
[36m<body>[39m
  [36m<div />[39m
[36m</body>[39m
   × NativeTerminalPane focus, keyboard, and IME prototype contract > handles Cmd+click on indented lines without coordinate drift 1ms
     → Unable to find an element by: [data-testid="native-terminal-pane"]

Ignored nodes: comments, script, style
[36m<body>[39m
  [36m<div />[39m
[36m</body>[39m
   × NativeTerminalPane focus, keyboard, and IME prototype contract > handles onWheel scrolling by issuing native scroll IPC command 1ms
     → Unable to find an element by: [data-testid="native-terminal-pane"]

Ignored nodes: comments, script, style
[36m<body>[39m
  [36m<div />[39m
[36m</body>[39m
   × NativeTerminalPane focus, keyboard, and IME prototype contract > shows, repositions, and drags the native scrollback thumb 1002ms
     → Unable to find role="scrollbar" and name "Terminal scrollback"

Ignored nodes: comments, script, style
[36m<body>[39m
  [36m<div />[39m
[36m</body>[39m

Ignored nodes: comments, script, style
[36m<html>[39m
  [36m<head />[39m
  [36m<body>[39m
    [36m<div />[39m
  [36m</body>[39m
[36m</html>[39m
   × NativeTerminalPane focus, keyboard, and IME prototype contract > hides native scrollbar track by default, reveals on wheel, and fades out after hide timer 1007ms
     → Unable to find an element by: [data-testid="native-terminal-scrollbar-track"]

Ignored nodes: comments, script, style
[36m<body>[39m
  [36m<div />[39m
[36m</body>[39m

Ignored nodes: comments, script, style
[36m<html>[39m
  [36m<head />[39m
  [36m<body>[39m
    [36m<div />[39m
  [36m</body>[39m
[36m</html>[39m
   × NativeTerminalPane focus, keyboard, and IME prototype contract > reveals the native scrollbar on pointer down on the container 1006ms
     → Unable to find an element by: [data-testid="native-terminal-scrollbar-track"]

Ignored nodes: comments, script, style
[36m<body>[39m
  [36m<div />[39m
[36m</body>[39m

Ignored nodes: comments, script, style
[36m<html>[39m
  [36m<head />[39m
  [36m<body>[39m
    [36m<div />[39m
  [36m</body>[39m
[36m</html>[39m
   × NativeTerminalPane focus, keyboard, and IME prototype contract > does not hide native scrollbar while dragging the thumb 1014ms
     → Unable to find an element by: [data-testid="native-terminal-scrollbar-track"]

Ignored nodes: comments, script, style
[36m<body>[39m
  [36m<div />[39m
[36m</body>[39m

Ignored nodes: comments, script, style
[36m<html>[39m
  [36m<head />[39m
  [36m<body>[39m
    [36m<div />[39m
  [36m</body>[39m
[36m</html>[39m
   × NativeTerminalPane focus, keyboard, and IME prototype contract > keeps native scrollbar visible while hovered on track 1008ms
     → Unable to find an element by: [data-testid="native-terminal-scrollbar-track"]

Ignored nodes: comments, script, style
[36m<body>[39m
  [36m<div />[39m
[36m</body>[39m

Ignored nodes: comments, script, style
[36m<html>[39m
  [36m<head />[39m
  [36m<body>[39m
    [36m<div />[39m
  [36m</body>[39m
[36m</html>[39m
   × NativeTerminalPane focus, keyboard, and IME prototype contract > copies native selection to navigator.clipboard on platform copy shortcut 1ms
     → Unable to find an element by: [data-testid="native-terminal-focus-sink"]

Ignored nodes: comments, script, style
[36m<body>[39m
  [36m<div />[39m
[36m</body>[39m
   × NativeTerminalPane focus, keyboard, and IME prototype contract > copies native selection on macOS Korean layout Cmd+C (ㅊ and Process) 1ms
     → Unable to find an element by: [data-testid="native-terminal-focus-sink"]

Ignored nodes: comments, script, style
[36m<body>[39m
  [36m<div />[39m
[36m</body>[39m
   × NativeTerminalPane focus, keyboard, and IME prototype contract > copy-or-interrupt event with empty selection does not send input to PTY 1ms
     → expected "spy" to be called with arguments: [ …(2) ][90m

Number of calls: [1m0[22m
[39m
   × NativeTerminalPane focus, keyboard, and IME prototype contract > copy-or-interrupt event with selection copies 1ms
     → expected "spy" to be called with arguments: [ …(2) ][90m

Number of calls: [1m0[22m
[39m
   × NativeTerminalPane focus, keyboard, and IME prototype contract > delivers copy request on first native copy event without depending on browser clipboard user activation on macOS 1ms
     → expected "spy" to be called with arguments: [ …(2) ][90m

Number of calls: [1m0[22m
[39m
   × NativeTerminalPane focus, keyboard, and IME prototype contract > surfaces browser clipboard write rejection on non-macOS platforms 2ms
     → expected "spy" to be called with arguments: [ …(2) ][90m

Number of calls: [1m0[22m
[39m
   × NativeTerminalPane focus, keyboard, and IME prototype contract > does not send standalone modifier and lock keys through IPC 1ms
     → Unable to find an element by: [data-testid="native-terminal-focus-sink"]

Ignored nodes: comments, script, style
[36m<body>[39m
  [36m<div />[39m
[36m</body>[39m
   × NativeTerminalPane focus, keyboard, and IME prototype contract > renders composition updates as native terminal preedit 1ms
     → Unable to find an element by: [data-testid="native-terminal-focus-sink"]

Ignored nodes: comments, script, style
[36m<body>[39m
  [36m<div />[39m
[36m</body>[39m
   × NativeTerminalPane focus, keyboard, and IME prototype contract > clears native preedit before committing composition text 1ms
     → Unable to find an element by: [data-testid="native-terminal-focus-sink"]

Ignored nodes: comments, script, style
[36m<body>[39m
  [36m<div />[39m
[36m</body>[39m
   × NativeTerminalPane focus, keyboard, and IME prototype contract > clears a cancelled composition when focus leaves the input sink 1ms
     → Unable to find an element by: [data-testid="native-terminal-focus-sink"]

Ignored nodes: comments, script, style
[36m<body>[39m
  [36m<div />[39m
[36m</body>[39m
   × NativeTerminalPane focus, keyboard, and IME prototype contract > forwards ordinary non-composed printable text on input event and clears the sink 1ms
     → Unable to find an element by: [data-testid="native-terminal-focus-sink"]

Ignored nodes: comments, script, style
[36m<body>[39m
  [36m<div />[39m
[36m</body>[39m
   × NativeTerminalPane focus, keyboard, and IME prototype contract > forwards printable character keydown directly and prevents default without firing input event 1ms
     → Unable to find an element by: [data-testid="native-terminal-focus-sink"]

Ignored nodes: comments, script, style
[36m<body>[39m
  [36m<div />[39m
[36m</body>[39m
   × NativeTerminalPane focus, keyboard, and IME prototype contract > leaves IME-owned keydowns on the focused sink to the IME and commits the composition text once 1ms
     → Unable to find an element by: [data-testid="native-terminal-focus-sink"]

Ignored nodes: comments, script, style
[36m<body>[39m
  [36m<div />[39m
[36m</body>[39m
   × NativeTerminalPane focus, keyboard, and IME prototype contract > leaves a legacy keyCode 229 keydown on the focused sink to the IME 1ms
     → Unable to find an element by: [data-testid="native-terminal-focus-sink"]

Ignored nodes: comments, script, style
[36m<body>[39m
  [36m<div />[39m
[36m</body>[39m
   × NativeTerminalPane focus, keyboard, and IME prototype contract > leaves IME-owned keydowns in the document fallback to the IME 1ms
     → Unable to find an element by: [data-testid="native-terminal-focus-sink"]

Ignored nodes: comments, script, style
[36m<body>[39m
  [36m<div />[39m
[36m</body>[39m
   × NativeTerminalPane focus, keyboard, and IME prototype contract > focuses the owning sink on a composition-starting IME keydown in the document fallback 1ms
     → Unable to find an element by: [data-testid="native-terminal-focus-sink"]

Ignored nodes: comments, script, style
[36m<body>[39m
  [36m<div />[39m
[36m</body>[39m
   × NativeTerminalPane focus, keyboard, and IME prototype contract > treats an AltGr text key with only the AltGraph modifier set as text input 1ms
     → Unable to find an element by: [data-testid="native-terminal-focus-sink"]

Ignored nodes: comments, script, style
[36m<body>[39m
  [36m<div />[39m
[36m</body>[39m
   × NativeTerminalPane focus, keyboard, and IME prototype contract > treats an AltGr chord on the focused sink as text input, not a Ctrl+Alt shortcut 1ms
     → Unable to find an element by: [data-testid="native-terminal-focus-sink"]

Ignored nodes: comments, script, style
[36m<body>[39m
  [36m<div />[39m
[36m</body>[39m
   × NativeTerminalPane focus, keyboard, and IME prototype contract > treats an AltGr chord in the document fallback as text input and focuses the sink 1ms
     → Unable to find an element by: [data-testid="native-terminal-focus-sink"]

Ignored nodes: comments, script, style
[36m<body>[39m
  [36m<div />[39m
[36m</body>[39m
   × NativeTerminalPane focus, keyboard, and IME prototype contract > still forwards a genuine Ctrl+Alt chord when AltGraph is not active 1ms
     → Unable to find an element by: [data-testid="native-terminal-focus-sink"]

Ignored nodes: comments, script, style
[36m<body>[39m
  [36m<div />[39m
[36m</body>[39m
   × NativeTerminalPane focus, keyboard, and IME prototype contract > includes terminal-host class name on container to allow global shortcut handlers to target terminal 1ms
     → Unable to find an element by: [data-testid="native-terminal-pane"]

Ignored nodes: comments, script, style
[36m<body>[39m
  [36m<div />[39m
[36m</body>[39m
   × NativeTerminalPane focus, keyboard, and IME prototype contract > does not forward keyboard events when default has already been prevented by global shortcuts 1ms
     → Unable to find an element by: [data-testid="native-terminal-focus-sink"]

Ignored nodes: comments, script, style
[36m<body>[39m
  [36m<div />[39m
[36m</body>[39m
   × NativeTerminalPane focus, keyboard, and IME prototype contract > does not forward split-pane shortcut key when default has been prevented 1ms
     → Unable to find an element by: [data-testid="native-terminal-focus-sink"]

Ignored nodes: comments, script, style
[36m<body>[39m
  [36m<div />[39m
[36m</body>[39m
   × NativeTerminalPane focus, keyboard, and IME prototype contract > integrates with useShortcuts: New Tab and Split shortcuts trigger app handlers without leaking to native input 1ms
     → Unable to find an element by: [data-testid="native-terminal-focus-sink"]

Ignored nodes: comments, script, style
[36m<body>[39m
  [36m<div />[39m
[36m</body>[39m
   × active prop and pane focus event dispatch > focuses the input sink and sends focus when active becomes true 3ms
     → Unable to find an element by: [data-testid="native-terminal-focus-sink"]

Ignored nodes: comments, script, style
[36m<body>[39m
  [36m<div />[39m
[36m</body>[39m
   × active prop and pane focus event dispatch > sends focus false when active transitions to false 1ms
     → expected "spy" to be called with arguments: [ …(2) ][90m

Number of calls: [1m0[22m
[39m
   × active prop and pane focus event dispatch > claims window keydown and forwards input to the active pane when document.activeElement is document.body 1003ms
     → expected "spy" to be called with arguments: [ …(2) ][90m

Number of calls: [1m0[22m
[39m

Ignored nodes: comments, script, style
[36m<html>[39m
  [36m<head />[39m
  [36m<body>[39m
    [36m<div />[39m
  [36m</body>[39m
[36m</html>[39m
   ✓ active prop and pane focus event dispatch > does not claim fallback keydown when active is false even if hovered 1ms
   × NativeTerminalPane daemon and session identity mapping > routes attach, bounds, focus, input, and detach to backendSessionId when id and backendSessionId intentionally differ 1ms
     → expected "spy" to be called with arguments: [ 'cmd_native_terminal_attach', …(1) ][90m

Number of calls: [1m0[22m
[39m
   × NativeTerminalPane daemon and session identity mapping > preserves fallback behavior when callers only supply sessionId without session object 1ms
     → expected "spy" to be called with arguments: [ 'cmd_native_terminal_attach', …(1) ][90m

Number of calls: [1m0[22m
[39m
   × NativeTerminalPane daemon and session identity mapping > makes no attach, focus, or input IPC calls when session has null backendSessionId, then attaches once upon receiving backendSessionId 1ms
     → Unable to find an element by: [data-testid="native-terminal-focus-sink"]

Ignored nodes: comments, script, style
[36m<body>[39m
  [36m<div />[39m
[36m</body>[39m
   × NativeTerminalPane daemon and session identity mapping > focuses and routes input only to the pane receiving a reconnect binding 1ms
     → Unable to find an element by: [data-testid="native-terminal-focus-sink"]

Ignored nodes: comments, script, style
[36m<body>[39m
  [36m<div />[39m
[36m</body>[39m
   ✓ NativeTerminalPane daemon and session identity mapping > resets daemon replay before a reconnect result is bound 1ms
   × NativeTerminalPane daemon and session identity mapping > does not detach a replacement owner when the rebound pane reparents in the same turn 1001ms
     → expected "spy" to be called with arguments: [ 'cmd_native_terminal_attach', …(1) ][90m

Number of calls: [1m0[22m
[39m

Ignored nodes: comments, script, style
[36m<html>[39m
  [36m<head />[39m
  [36m<body>[39m
    [36m<div />[39m
  [36m</body>[39m
[36m</html>[39m
   × NativeTerminalPane daemon and session identity mapping > retries mount attach on rejection with exponential backoff and attaches on eventual success 1ms
     → expected +0 to be 1 // Object.is equality
   × NativeTerminalPane daemon and session identity mapping > redirects printable keydown fallback when activeElement is document.body 1005ms
     → expected "spy" to be called with arguments: [ …(2) ][90m

Number of calls: [1m0[22m
[39m

Ignored nodes: comments, script, style
[36m<html>[39m
  [36m<head />[39m
  [36m<body>[39m
    [36m<div />[39m
  [36m</body>[39m
[36m</html>[39m
   × NativeTerminalPane daemon and session identity mapping > does not let an inactive last-focused pane steal body keydowns 1003ms
     → expected 0 to be greater than 0

Ignored nodes: comments, script, style
[36m<html>[39m
  [36m<head />[39m
  [36m<body>[39m
    [36m<div />[39m
  [36m</body>[39m
[36m</html>[39m
   × NativeTerminalPane daemon and session identity mapping > forwards Enter through the keydown fallback when activeElement is document.body 1002ms
     → expected false to be true // Object.is equality

Ignored nodes: comments, script, style
[36m<html>[39m
  [36m<head />[39m
  [36m<body>[39m
    [36m<div />[39m
  [36m</body>[39m
[36m</html>[39m
   × NativeTerminalPane daemon and session identity mapping > forwards Ctrl+C through the keydown fallback when activeElement is document.body 1002ms
     → expected false to be true // Object.is equality

Ignored nodes: comments, script, style
[36m<html>[39m
  [36m<head />[39m
  [36m<body>[39m
    [36m<div />[39m
  [36m</body>[39m
[36m</html>[39m
   × NativeTerminalPane daemon and session identity mapping > delivers a fallback Enter to exactly one pane when two split panes are mounted 1002ms
     → expected 0 to be greater than 0

Ignored nodes: comments, script, style
[36m<html>[39m
  [36m<head />[39m
  [36m<body>[39m
    [36m<div />[39m
  [36m</body>[39m
[36m</html>[39m
   × NativeTerminalPane daemon and session identity mapping > routes a keystroke to the swapped-in session after a workspace switch, never the outgoing one 1002ms
     → expected false to be true // Object.is equality

Ignored nodes: comments, script, style
[36m<html>[39m
  [36m<head />[39m
  [36m<body>[39m
    [36m<div />[39m
  [36m</body>[39m
[36m</html>[39m
   × NativeTerminalPane daemon and session identity mapping > preserves native mouse-up focus after WebKit mouse-down handling moves focus to BODY 1ms
     → Unable to find an element by: [data-testid="native-terminal-focus-sink"]

Ignored nodes: comments, script, style
[36m<body>[39m
  [36m<div />[39m
[36m</body>[39m
   × NativeTerminalPane daemon and session identity mapping > lets immediate Hangul input start composition after a native pane switch 1ms
     → Unable to find an element by: [data-testid="native-terminal-focus-sink"]

Ignored nodes: comments, script, style
[36m<body>[39m
  [36m<div />[39m
[36m</body>[39m
   × NativeTerminalPane daemon and session identity mapping > forwards plain Ctrl+C with no activity prop as key 'c' with ctrl true 1ms
     → Unable to find an element by: [data-testid="native-terminal-focus-sink"]

Ignored nodes: comments, script, style
[36m<body>[39m
  [36m<div />[39m
[36m</body>[39m
   × NativeTerminalPane daemon and session identity mapping > forwards Ctrl+C unchanged when agent state is waiting 1ms
     → Unable to find an element by: [data-testid="native-terminal-focus-sink"]

Ignored nodes: comments, script, style
[36m<body>[39m
  [36m<div />[39m
[36m</body>[39m
   × NativeTerminalPane daemon and session identity mapping > forwards Ctrl+C unchanged when agent state is working 0ms
     → Unable to find an element by: [data-testid="native-terminal-focus-sink"]

Ignored nodes: comments, script, style
[36m<body>[39m
  [36m<div />[39m
[36m</body>[39m
   × NativeTerminalPane daemon and session identity mapping > forwards Ctrl+C unchanged when agent state is done 0ms
     → Unable to find an element by: [data-testid="native-terminal-focus-sink"]

Ignored nodes: comments, script, style
[36m<body>[39m
  [36m<div />[39m
[36m</body>[39m
   × NativeTerminalPane daemon and session identity mapping > forwards two quick Ctrl+C presses without scheduling an extra interrupt when agent is waiting 1ms
     → Unable to find an element by: [data-testid="native-terminal-focus-sink"]

Ignored nodes: comments, script, style
[36m<body>[39m
  [36m<div />[39m
[36m</body>[39m
   × NativeTerminalPane daemon and session identity mapping > forwards two spaced Ctrl+C presses unchanged when agent is waiting 1ms
     → Unable to find an element by: [data-testid="native-terminal-focus-sink"]

Ignored nodes: comments, script, style
[36m<body>[39m
  [36m<div />[39m
[36m</body>[39m
   × NativeTerminalPane daemon and session identity mapping > sends key 'c' twice immediately with no delayed third send for quick plain Ctrl+C in a plain shell 1ms
     → Unable to find an element by: [data-testid="native-terminal-focus-sink"]

Ignored nodes: comments, script, style
[36m<body>[39m
  [36m<div />[39m
[36m</body>[39m
   × NativeTerminalPane daemon and session identity mapping > sends key 'c' twice immediately with no delayed third send for quick Ctrl+C when agent is working 1ms
     → Unable to find an element by: [data-testid="native-terminal-focus-sink"]

Ignored nodes: comments, script, style
[36m<body>[39m
  [36m<div />[39m
[36m</body>[39m
   × NativeTerminalPane daemon and session identity mapping > forwards fallback document.body Ctrl+C presses without synthetic interrupts when agent is waiting 1ms
     → expected [] to deeply equal [ 'c', 'c' ]
   × NativeTerminalPane daemon and session identity mapping > keeps interrupt key 'c' on plain Ctrl+C when activity indicates agent is working 1ms
     → Unable to find an element by: [data-testid="native-terminal-focus-sink"]

Ignored nodes: comments, script, style
[36m<body>[39m
  [36m<div />[39m
[36m</body>[39m
   × NativeTerminalPane daemon and session identity mapping > normalizes Korean layout Ctrl+C (key ㅊ and code KeyC) to key 'c' instead of 'ㅊ' 1ms
     → Unable to find an element by: [data-testid="native-terminal-focus-sink"]

Ignored nodes: comments, script, style
[36m<body>[39m
  [36m<div />[39m
[36m</body>[39m
   × NativeTerminalPane daemon and session identity mapping > normalizes Korean layout Ctrl+L (key ㅣ and code KeyL) to key 'l' instead of 'ㅣ' 1ms
     → Unable to find an element by: [data-testid="native-terminal-focus-sink"]

Ignored nodes: comments, script, style
[36m<body>[39m
  [36m<div />[39m
[36m</body>[39m
   × NativeTerminalPane daemon and session identity mapping > forwards Ctrl+C unchanged when session has agentType and no activity prop 0ms
     → Unable to find an element by: [data-testid="native-terminal-focus-sink"]

Ignored nodes: comments, script, style
[36m<body>[39m
  [36m<div />[39m
[36m</body>[39m
   × NativeTerminalPane daemon and session identity mapping > keeps interrupt key 'c' on plain Ctrl+C when session has agentType and activity indicates agent is working 0ms
     → Unable to find an element by: [data-testid="native-terminal-focus-sink"]

Ignored nodes: comments, script, style
[36m<body>[39m
  [36m<div />[39m
[36m</body>[39m
   × NativeTerminalPane daemon and session identity mapping > does not send input or write clipboard on Cmd+C with empty selection when activity indicates agent is waiting 1ms
     → Unable to find an element by: [data-testid="native-terminal-focus-sink"]

Ignored nodes: comments, script, style
[36m<body>[39m
  [36m<div />[39m
[36m</body>[39m
   × NativeTerminalPane daemon and session identity mapping > copies selection to clipboard on Cmd+C with non-empty selection without sending input when agent is waiting 1ms
     → Unable to find an element by: [data-testid="native-terminal-focus-sink"]

Ignored nodes: comments, script, style
[36m<body>[39m
  [36m<div />[39m
[36m</body>[39m
   × NativeTerminalPane daemon and session identity mapping > copies selection to clipboard on Ctrl+Shift+C without sending input 1ms
     → Unable to find an element by: [data-testid="native-terminal-focus-sink"]

Ignored nodes: comments, script, style
[36m<body>[39m
  [36m<div />[39m
[36m</body>[39m
   × NativeTerminalPane daemon and session identity mapping > syncs attention frame state to backend when needsAttention changes or component unmounts 1001ms
     → expected "spy" to be called with arguments: [ 'term-session-attention', true ][90m

Number of calls: [1m0[22m
[39m

Ignored nodes: comments, script, style
[36m<html>[39m
  [36m<head />[39m
  [36m<body>[39m
    [36m<div />[39m
  [36m</body>[39m
[36m</html>[39m
   × NativeTerminalPane daemon and session identity mapping > swallows the keydown that terminates an IME composition 1ms
     → Unable to find an element by: [data-testid="native-terminal-focus-sink"]

Ignored nodes: comments, script, style
[36m<body>[39m
  [36m<div />[39m
[36m</body>[39m
   × NativeTerminalPane daemon and session identity mapping > still sends standalone spaces after a committed composition 1ms
     → Unable to find an element by: [data-testid="native-terminal-focus-sink"]

Ignored nodes: comments, script, style
[36m<body>[39m
  [36m<div />[39m
[36m</body>[39m
   × NativeTerminalPane daemon and session identity mapping > disarms the tail suppression when a different key arrives 1ms
     → Unable to find an element by: [data-testid="native-terminal-focus-sink"]

Ignored nodes: comments, script, style
[36m<body>[39m
  [36m<div />[39m
[36m</body>[39m
   × NativeTerminalPane daemon and session identity mapping > sends plain space without any composition 1ms
     → Unable to find an element by: [data-testid="native-terminal-focus-sink"]

Ignored nodes: comments, script, style
[36m<body>[39m
  [36m<div />[39m
[36m</body>[39m
   × NativeTerminalPane daemon and session identity mapping > does not swallow the first jamo of a new composition after a jamo-tailed commit 1ms
     → Unable to find an element by: [data-testid="native-terminal-focus-sink"]

Ignored nodes: comments, script, style
[36m<body>[39m
  [36m<div />[39m
[36m</body>[39m
   × NativeTerminalPane daemon and session identity mapping > does not trigger performAttach when send_input fails with Busy and inputWritten:false 1ms
     → Unable to find an element by: [data-testid="native-terminal-focus-sink"]

Ignored nodes: comments, script, style
[36m<body>[39m
  [36m<div />[39m
[36m</body>[39m
   × NativeTerminalPane daemon and session identity mapping > delivers preedit update enqueued while input send is in flight strictly after input in NativeTerminalPane 1ms
     → Unable to find an element by: [data-testid="native-terminal-focus-sink"]

Ignored nodes: comments, script, style
[36m<body>[39m
  [36m<div />[39m
[36m</body>[39m
   × NativeTerminalPane daemon and session identity mapping > coalesces consecutive preedit updates into one delivered call while input is in flight in NativeTerminalPane 1ms
     → Unable to find an element by: [data-testid="native-terminal-focus-sink"]

Ignored nodes: comments, script, style
[36m<body>[39m
  [36m<div />[39m
[36m</body>[39m
   × NativeTerminalPane daemon and session identity mapping > increments each drop reason counter exactly once for its scenario in NativeTerminalPane 1ms
     → Unable to find an element by: [data-testid="native-terminal-focus-sink"]

Ignored nodes: comments, script, style
[36m<body>[39m
  [36m<div />[39m
[36m</body>[39m
   × terminal link UX (U1-U3) > opens file preview on Cmd+click for OSC 8 file hyperlink 1ms
     → Unable to find an element by: [data-testid="native-terminal-pane"]

Ignored nodes: comments, script, style
[36m<body>[39m
  [36m<div />[39m
[36m</body>[39m
   × terminal link UX (U1-U3) > ignores OSC 8 hyperlinks with a foreign host and does not open file or resolve 1ms
     → Unable to find an element by: [data-testid="native-terminal-pane"]

Ignored nodes: comments, script, style
[36m<body>[39m
  [36m<div />[39m
  [36m<div />[39m
[36m</body>[39m
   × terminal link UX (U1-U3) > fetches remote file in ssh workspace on Cmd+click without showing failure toast 1ms
     → Unable to find an element by: [data-testid="native-terminal-pane"]

Ignored nodes: comments, script, style
[36m<body>[39m
  [36m<div />[39m
  [36m<div />[39m
  [36m<div />[39m
[36m</body>[39m
   × terminal link UX (U1-U3) > dispatches terminal link actions on plain click unless mouse tracking is enabled 1ms
     → Unable to find an element by: [data-testid="native-terminal-pane"]

Ignored nodes: comments, script, style
[36m<body>[39m
  [36m<div />[39m
  [36m<div />[39m
  [36m<div />[39m
  [36m<div />[39m
[36m</body>[39m
   × terminal link UX (U1-U3) > shows hover hint when resolve exists:true and hides underline when exists:false 1ms
     → Unable to find an element by: [data-testid="native-terminal-pane"]

Ignored nodes: comments, script, style
[36m<body>[39m
  [36m<div />[39m
  [36m<div />[39m
  [36m<div />[39m
  [36m<div />[39m
  [36m<div />[39m
[36m</body>[39m
   × terminal link UX (U1-U3) > session interaction event dispatch > dispatches ferryx:session-interacted on user input 7ms
     → Unable to find an element by: [data-testid="native-terminal-focus-sink"]

Ignored nodes: comments, script, style
[36m<body>[39m
  [36m<div />[39m
  [36m<div />[39m
  [36m<div />[39m
  [36m<div />[39m
  [36m<div />[39m
  [36m<div />[39m
[36m</body>[39m
   × terminal link UX (U1-U3) > session interaction event dispatch > dispatches ferryx:session-interacted on paste 1ms
     → Unable to find an element by: [data-testid="native-terminal-focus-sink"]

Ignored nodes: comments, script, style
[36m<body>[39m
  [36m<div />[39m
[36m</body>[39m
   × terminal link UX (U1-U3) > session interaction event dispatch > dispatches ferryx:session-interacted on pointer down 1ms
     → Unable to find an element by: [data-testid="native-terminal-pane"]

Ignored nodes: comments, script, style
[36m<body>[39m
  [36m<div />[39m
[36m</body>[39m
   × terminal link UX (U1-U3) > session interaction event dispatch > dispatches ferryx:session-interacted on native terminal focus 1ms
     → expected [] to include 'frontend-focus-session'
(node:1012685) ExperimentalWarning: localStorage is not available because --localstorage-file was not provided.
(Use `node --trace-warnings ...` to show where the warning was created)
 ❯ src/App.test.tsx (154 tests | 154 failed) 68ms
   × App project workspace flow > awaits the local registration heal before publishing the bootstrap in both boot branches 8ms
     → Cannot read properties of undefined (reading 'clear')
   × App project workspace flow > dedupes repeated local registration heals and skips placeholder projects 1ms
     → Cannot read properties of undefined (reading 'clear')
   × App project workspace flow > shows a retryable error when a stored project fails to register at startup 0ms
     → Cannot read properties of undefined (reading 'clear')
   × App project workspace flow > P05 focused browser shortcut targeting on Windows > routes mounted receivers for nested content 0ms
     → Cannot read properties of undefined (reading 'clear')
   × App project workspace flow > P05 focused browser shortcut targeting on Windows > routes mounted receivers for flat content 0ms
     → Cannot read properties of undefined (reading 'clear')
   × App project workspace flow > P05 focused browser shortcut targeting on Windows > routes mounted receivers for top-level content 0ms
     → Cannot read properties of undefined (reading 'clear')
   × App project workspace flow > P05 focused browser shortcut targeting on Windows > routes mounted receivers for terminal content 0ms
     → Cannot read properties of undefined (reading 'clear')
   × App project workspace flow > P05 focused browser shortcut targeting on Windows > routes mounted receivers for missing-content content 0ms
     → Cannot read properties of undefined (reading 'clear')
   × App project workspace flow > P05 optional-kind focused close wiring on Windows > Ctrl+W > targets only the focused pane: tagged=true pinned=true split=true 1ms
     → Cannot read properties of undefined (reading 'clear')
   × App project workspace flow > P05 optional-kind focused close wiring on Windows > Ctrl+W > targets only the focused pane: tagged=true pinned=true split=false 0ms
     → Cannot read properties of undefined (reading 'clear')
   × App project workspace flow > P05 optional-kind focused close wiring on Windows > Ctrl+W > targets only the focused pane: tagged=true pinned=false split=true 0ms
     → Cannot read properties of undefined (reading 'clear')
   × App project workspace flow > P05 optional-kind focused close wiring on Windows > Ctrl+W > targets only the focused pane: tagged=true pinned=false split=false 0ms
     → Cannot read properties of undefined (reading 'clear')
   × App project workspace flow > P05 optional-kind focused close wiring on Windows > Ctrl+W > targets only the focused pane: tagged=false pinned=true split=true 0ms
     → Cannot read properties of undefined (reading 'clear')
   × App project workspace flow > P05 optional-kind focused close wiring on Windows > Ctrl+W > targets only the focused pane: tagged=false pinned=true split=false 0ms
     → Cannot read properties of undefined (reading 'clear')
   × App project workspace flow > P05 optional-kind focused close wiring on Windows > Ctrl+W > targets only the focused pane: tagged=false pinned=false split=true 0ms
     → Cannot read properties of undefined (reading 'clear')
   × App project workspace flow > P05 optional-kind focused close wiring on Windows > Ctrl+W > targets only the focused pane: tagged=false pinned=false split=false 0ms
     → Cannot read properties of undefined (reading 'clear')
   × App project workspace flow > P05 optional-kind focused close wiring on Windows > Ctrl+W > closes focused working agent pane in a split without confirmation 0ms
     → Cannot read properties of undefined (reading 'clear')
   × App project workspace flow > P05 optional-kind focused close wiring on Windows > Ctrl+W > closes focused waiting agent pane in a split without confirmation 0ms
     → Cannot read properties of undefined (reading 'clear')
   × App project workspace flow > P05 optional-kind focused close wiring on Windows > Ctrl+W > does not ask for confirmation for an untagged pane's busy sibling 0ms
     → Cannot read properties of undefined (reading 'clear')
   × App project workspace flow > P05 optional-kind focused close wiring on Windows > Ctrl+W > preserves browser whole-tab guard with pinned=false even with a layout 0ms
     → Cannot read properties of undefined (reading 'clear')
   × App project workspace flow > P05 optional-kind focused close wiring on Windows > Ctrl+W > preserves browser whole-tab guard with pinned=true even with a layout 0ms
     → Cannot read properties of undefined (reading 'clear')
   × App project workspace flow > P05 optional-kind focused close wiring on Windows > Ctrl+W > ignores a nonexistent active tab even with a leftover layout 0ms
     → Cannot read properties of undefined (reading 'clear')
   × App project workspace flow > P05 optional-kind focused close wiring on Windows > native menu > targets only the focused pane: tagged=true pinned=true split=true 0ms
     → Cannot read properties of undefined (reading 'clear')
   × App project workspace flow > P05 optional-kind focused close wiring on Windows > native menu > targets only the focused pane: tagged=true pinned=true split=false 0ms
     → Cannot read properties of undefined (reading 'clear')
   × App project workspace flow > P05 optional-kind focused close wiring on Windows > native menu > targets only the focused pane: tagged=true pinned=false split=true 0ms
     → Cannot read properties of undefined (reading 'clear')
   × App project workspace flow > P05 optional-kind focused close wiring on Windows > native menu > targets only the focused pane: tagged=true pinned=false split=false 0ms
     → Cannot read properties of undefined (reading 'clear')
   × App project workspace flow > P05 optional-kind focused close wiring on Windows > native menu > targets only the focused pane: tagged=false pinned=true split=true 0ms
     → Cannot read properties of undefined (reading 'clear')
   × App project workspace flow > P05 optional-kind focused close wiring on Windows > native menu > targets only the focused pane: tagged=false pinned=true split=false 0ms
     → Cannot read properties of undefined (reading 'clear')
   × App project workspace flow > P05 optional-kind focused close wiring on Windows > native menu > targets only the focused pane: tagged=false pinned=false split=true 0ms
     → Cannot read properties of undefined (reading 'clear')
   × App project workspace flow > P05 optional-kind focused close wiring on Windows > native menu > targets only the focused pane: tagged=false pinned=false split=false 0ms
     → Cannot read properties of undefined (reading 'clear')
   × App project workspace flow > P05 optional-kind focused close wiring on Windows > native menu > closes focused working agent pane in a split without confirmation 0ms
     → Cannot read properties of undefined (reading 'clear')
   × App project workspace flow > P05 optional-kind focused close wiring on Windows > native menu > closes focused waiting agent pane in a split without confirmation 0ms
     → Cannot read properties of undefined (reading 'clear')
   × App project workspace flow > P05 optional-kind focused close wiring on Windows > native menu > does not ask for confirmation for an untagged pane's busy sibling 0ms
     → Cannot read properties of undefined (reading 'clear')
   × App project workspace flow > P05 optional-kind focused close wiring on Windows > native menu > preserves browser whole-tab guard with pinned=false even with a layout 0ms
     → Cannot read properties of undefined (reading 'clear')
   × App project workspace flow > P05 optional-kind focused close wiring on Windows > native menu > preserves browser whole-tab guard with pinned=true even with a layout 0ms
     → Cannot read properties of undefined (reading 'clear')
   × App project workspace flow > P05 optional-kind focused close wiring on Windows > native menu > ignores a nonexistent active tab even with a leftover layout 0ms
     → Cannot read properties of undefined (reading 'clear')
   × App project workspace flow > passes live tabless workspace state to the sidebar 0ms
     → Cannot read properties of undefined (reading 'clear')
   × App project workspace flow > does not select tabless workspace rows through Cmd+digit 0ms
     → Cannot read properties of undefined (reading 'clear')
   × App project workspace flow > skips tabless background worktrees when indexing Cmd+N targets 0ms
     → Cannot read properties of undefined (reading 'clear')
   × App project workspace flow > returns reconnect failure to the pane instead of discarding its promise 0ms
     → Cannot read properties of undefined (reading 'clear')
   × App project workspace flow > routes the native Cmd+T menu accelerator through the normal new-terminal callback 0ms
     → Cannot read properties of undefined (reading 'clear')
   × App project workspace flow > routes the native Cmd+W menu accelerator to close the active tab 0ms
     → Cannot read properties of undefined (reading 'clear')
   × App project workspace flow > routes web Cmd+W on a leaf-root terminal tab to its pane when focus is unset 0ms
     → Cannot read properties of undefined (reading 'clear')
   × App project workspace flow > confirms closing a single-pane tab with a working agent as a tab close 0ms
     → Cannot read properties of undefined (reading 'clear')
   × App project workspace flow > confirms closing a single-pane tab with a waiting agent as a tab close 0ms
     → Cannot read properties of undefined (reading 'clear')
   × App project workspace flow > closes a single pane in a split view with a working agent without confirmation 0ms
     → Cannot read properties of undefined (reading 'clear')
   × App project workspace flow > closes a single pane in a split view with a waiting agent without confirmation 0ms
     → Cannot read properties of undefined (reading 'clear')
   × App project workspace flow > confirms tab close for a working agent even with confirmCloseTab disabled 0ms
     → Cannot read properties of undefined (reading 'clear')
   × App project workspace flow > confirms tab close for a waiting agent even with confirmCloseTab disabled 0ms
     → Cannot read properties of undefined (reading 'clear')
   × App project workspace flow > closes an idle focused pane through native Cmd+W without confirming for a busy sibling 0ms
     → Cannot read properties of undefined (reading 'clear')
   × App project workspace flow > routes the native Cmd+W menu accelerator to close the focused pane in a split terminal tab 0ms
     → Cannot read properties of undefined (reading 'clear')
   × App project workspace flow > routes the web Cmd+W shortcut to close the focused pane in a split terminal tab 0ms
     → Cannot read properties of undefined (reading 'clear')
   × App project workspace flow > routes the native Cmd+W menu accelerator to close an active browser tab 0ms
     → Cannot read properties of undefined (reading 'clear')
   × App project workspace flow > routes http links to a built-in browser tab through the app-registered opener 0ms
     → Cannot read properties of undefined (reading 'clear')
   × App project workspace flow > shows tab close confirmation when confirmCloseTab is enabled, cancelling on reject and closing on confirm 0ms
     → Cannot read properties of undefined (reading 'clear')
   × App project workspace flow > uses the canonical folder-derived project on an empty native startup 0ms
     → Cannot read properties of undefined (reading 'clear')
   × App project workspace flow > falls back to stored projects and initializes bootstrap when getInitialProject rejects 0ms
     → Cannot read properties of undefined (reading 'clear')
   × App project workspace flow > starts update polling on native mount and stops it on unmount 0ms
     → Cannot read properties of undefined (reading 'clear')
   × App project workspace flow > renders genuine empty state and does not create phantom default workspace when getInitialProject rejects without stored projects 0ms
     → Cannot read properties of undefined (reading 'clear')
   × App project workspace flow > checks for a signed update when the native app starts 0ms
     → Cannot read properties of undefined (reading 'clear')
   × App project workspace flow > restores projects lost from WebView storage using the native session catalog 0ms
     → Cannot read properties of undefined (reading 'clear')
   × App project workspace flow > restores multi-project native session catalog when single persisted project differs from startup 0ms
     → Cannot read properties of undefined (reading 'clear')
   × App project workspace flow > does not restore historical projects into an existing multi-project catalog 0ms
     → Cannot read properties of undefined (reading 'clear')
   × App project workspace flow > keeps the native shell initializing until persisted workspace tabs are preloaded 0ms
     → Cannot read properties of undefined (reading 'clear')
   × App project workspace flow > migrates the legacy default placeholder to the canonical native project 0ms
     → Cannot read properties of undefined (reading 'clear')
   × App project workspace flow > removes a project via RemoveProjectDialog and switches active project when removing the active one 0ms
     → Cannot read properties of undefined (reading 'clear')
   × App project workspace flow > shows a genuine empty state and does not re-register the default project after removing the last project 0ms
     → Cannot read properties of undefined (reading 'clear')
   × App project workspace flow > scopes WorktreeDeleteDialog workspaceId to the owning project of the deleted worktree 0ms
     → Cannot read properties of undefined (reading 'clear')
   × App project workspace flow > migrates legacy rorca/orca storage keys to ferryx namespace on startup (F10) 0ms
     → Cannot read properties of undefined (reading 'clear')
   × App project workspace flow > heals a legacy project entry (no gitRoot) into a git-backed project on startup 0ms
     → Cannot read properties of undefined (reading 'clear')
   × App project workspace flow > re-registers the active persisted project before refreshing its worktrees 0ms
     → Cannot read properties of undefined (reading 'clear')
   × App project workspace flow > opens a registered project's real branch-dropdown worktree flow 0ms
     → Cannot read properties of undefined (reading 'clear')
   × App project workspace flow > opens worktree creation for the clicked non-active project 0ms
     → Cannot read properties of undefined (reading 'clear')
   × App project workspace flow > switches to the non-active project before opening its created worktree 0ms
     → Cannot read properties of undefined (reading 'clear')
   × App project workspace flow > switches the active project when selecting a project row in the nested tree 0ms
     → Cannot read properties of undefined (reading 'clear')
   × App project workspace flow > shows the original project's worktrees again after switching away and clicking back 0ms
     → Cannot read properties of undefined (reading 'clear')
   × App project workspace flow > adopts the canonical workspaceId the backend returns for an already-registered root 0ms
     → Cannot read properties of undefined (reading 'clear')
   × App project workspace flow > retries registration on window focus after a transient failure instead of gating forever 0ms
     → Cannot read properties of undefined (reading 'clear')
   × App project workspace flow > persists the outgoing project's session when switching away 0ms
     → Cannot read properties of undefined (reading 'clear')
   × App project workspace flow > discards a parked worktree selection that belongs to a project no longer active 0ms
     → Cannot read properties of undefined (reading 'clear')
   × App project workspace flow > surfaces a genuine same-id different-root registration conflict instead of silently listing 0ms
     → Cannot read properties of undefined (reading 'clear')
   × App project workspace flow > switches project instead of activating when the worktree belongs to another project 0ms
     → Cannot read properties of undefined (reading 'clear')
   × App project workspace flow > switches project for a branch-less worktree nested under another project's root 0ms
     → Cannot read properties of undefined (reading 'clear')
   × App project workspace flow > activates a worktree directly when it belongs to the active project 0ms
     → Cannot read properties of undefined (reading 'clear')
   × App project workspace flow > walks visible worktrees top to bottom across expanded projects with Cmd+1.. 0ms
     → Cannot read properties of undefined (reading 'clear')
   × App project workspace flow > skips a collapsed project's rows when counting Cmd+N positions 0ms
     → Cannot read properties of undefined (reading 'clear')
   × App project workspace flow > selects a worktree when macOS forwards Cmd+N through the native key monitor 0ms
     → Cannot read properties of undefined (reading 'clear')
   × App project workspace flow > targets the synthesized root row of a visible non-Git project via native Cmd+digit 0ms
     → Cannot read properties of undefined (reading 'clear')
   × App project workspace flow > targets inactive cached rows before extra owned rows matching Sidebar top-to-bottom order via native Cmd+digit 0ms
     → Cannot read properties of undefined (reading 'clear')
   × App project workspace flow > keeps out-of-range Cmd+N presses a no-op 0ms
     → Cannot read properties of undefined (reading 'clear')
   × App project workspace flow > navigates workspaces with Cmd+1..4 and terminal tabs with Ctrl+1..4 ignoring out-of-range keys 0ms
     → Cannot read properties of undefined (reading 'clear')
   × App project workspace flow > toggles sidebar visibility with Cmd+B and persists state across mounts 0ms
     → Cannot read properties of undefined (reading 'clear')
   × App project workspace flow > keeps restored missing sessions in standby under the default Lazy policy 1ms
     → Cannot read properties of undefined (reading 'clear')
   × App project workspace flow > waits until registration and worktree refresh complete before restoring Lazy standby sessions 0ms
     → Cannot read properties of undefined (reading 'clear')
   × App project workspace flow > restores persisted terminal sessions only once when restored state changes effect dependencies 0ms
     → Cannot read properties of undefined (reading 'clear')
   × App project workspace flow > preserves live backend sessions when restoring during dev/HMR 0ms
     → Cannot read properties of undefined (reading 'clear')
   × App project workspace flow > reconciles live and missing sessions across split panes without auto-respawning dead sessions 0ms
     → Cannot read properties of undefined (reading 'clear')
   × App project workspace flow > reconciles daemonEpoch and lastOutputSequence on startup, marking epoch mismatch as exited 4ms
     → Cannot read properties of undefined (reading 'clear')
   × App project workspace flow > toggles the settings dialog with Cmd+, 1ms
     → Cannot read properties of undefined (reading 'clear')
   × App project workspace flow > activates in-terminal search on active pane with Cmd+F 0ms
     → Cannot read properties of undefined (reading 'clear')
   × App project workspace flow > moves pane focus next and previous with Cmd+] and Cmd+[ 0ms
     → Cannot read properties of undefined (reading 'clear')
   × App project workspace flow > detects agents on mount and launches agent via spawnTerminal and writeTerminal 0ms
     → Cannot read properties of undefined (reading 'clear')
   × App project workspace flow > surfaces the stored defaultAgentId first with a Default label in the New Tab agent list 0ms
     → Cannot read properties of undefined (reading 'clear')
   × App project workspace flow > opens a browser tab at the configured homepage from the new-tab menu 0ms
     → Cannot read properties of undefined (reading 'clear')
   × App project workspace flow > opens a blank browser tab from the new-tab menu when no homepage is set 0ms
     → Cannot read properties of undefined (reading 'clear')
   × App project workspace flow > preserves every registered workspace when saving session instead of clobbering inactive workspaces 0ms
     → Cannot read properties of undefined (reading 'clear')
   × App project workspace flow > conditionally mounts SettingsDialog and CommandPalette only when open 0ms
     → Cannot read properties of undefined (reading 'clear')
   × App project workspace flow > lazy-loads SettingsDialog via React.lazy with Suspense 0ms
     → Cannot read properties of undefined (reading 'clear')
   × App project workspace flow > does not list state in registerWindowCloseGuard effect dependencies 0ms
     → Cannot read properties of undefined (reading 'clear')
   × App project workspace flow > does not starve debounced session persistence when transient title/activity ticks arrive faster than debounce interval 0ms
     → Cannot read properties of undefined (reading 'clear')
   × App project workspace flow > does not pass inline arrow functions for onOpenSettings or onCloseSearch 0ms
     → Cannot read properties of undefined (reading 'clear')
   × App project workspace flow > preserves layout ownership and marks dead sessions exited across active and parked layouts without auto-respawning 0ms
     → Cannot read properties of undefined (reading 'clear')
   × App project workspace flow > successfully completes session restore under React StrictMode double-mount without skipping 0ms
     → Cannot read properties of undefined (reading 'clear')
   × App project workspace flow > skips native disk session restore when store was hydrated from HMR handoff and no HMR state exists 0ms
     → Cannot read properties of undefined (reading 'clear')
   × App project workspace flow > reconciles missing HMR sessions without automatically spawning replacements 1ms
     → Cannot read properties of undefined (reading 'clear')
   × App project workspace flow > Ferryx desktop focused-terminal publisher and remote selection listener > derives focused terminal payload through focused group -> active tab -> active leaf -> session -> backendSessionId 1ms
     → Cannot read properties of undefined (reading 'clear')
   × App project workspace flow > Ferryx desktop focused-terminal publisher and remote selection listener > publishes terminal tabs from every worktree with safe labels 1ms
     → Cannot read properties of undefined (reading 'clear')
   × App project workspace flow > Ferryx desktop focused-terminal publisher and remote selection listener > publishes the primary worktree with no managed slug 0ms
     → Cannot read properties of undefined (reading 'clear')
   × App project workspace flow > Ferryx desktop focused-terminal publisher and remote selection listener > activates the exact pane when a remote selection names a leaf-addressed entry 0ms
     → Cannot read properties of undefined (reading 'clear')
   × App project workspace flow > Ferryx desktop focused-terminal publisher and remote selection listener > exposes every split pane of a tab as its own remote entry addressed by leaf 0ms
     → Cannot read properties of undefined (reading 'clear')
   × App project workspace flow > Ferryx desktop focused-terminal publisher and remote selection listener > keeps a single-pane tab addressed by its plain tab id 0ms
     → Cannot read properties of undefined (reading 'clear')
   × App project workspace flow > Ferryx desktop focused-terminal publisher and remote selection listener > derives per-tab activityState and agentType when present in activityBySessionId 0ms
     → Cannot read properties of undefined (reading 'clear')
   × App project workspace flow > Ferryx desktop focused-terminal publisher and remote selection listener > keeps publishing the terminal inventory with an empty focus when a browser tab is active 0ms
     → Cannot read properties of undefined (reading 'clear')
   × App project workspace flow > Ferryx desktop focused-terminal publisher and remote selection listener > returns null only when the desktop has no terminal tab at all 0ms
     → Cannot read properties of undefined (reading 'clear')
   × App project workspace flow > Ferryx desktop focused-terminal publisher and remote selection listener > does not republish unchanged terminal inventory on unrelated workspace renders 0ms
     → Cannot read properties of undefined (reading 'clear')
   × App project workspace flow > Ferryx desktop focused-terminal publisher and remote selection listener > publishes focused terminal to native IPC on mount and layout changes 0ms
     → Cannot read properties of undefined (reading 'clear')
   × App project workspace flow > Ferryx desktop focused-terminal publisher and remote selection listener > publishes per-tab agent activity state and agent type to native IPC 0ms
     → Cannot read properties of undefined (reading 'clear')
   × App project workspace flow > Ferryx desktop focused-terminal publisher and remote selection listener > publishes real backendSessionId after session backend is bound or rebound 0ms
     → Cannot read properties of undefined (reading 'clear')
   × App project workspace flow > Ferryx desktop focused-terminal publisher and remote selection listener > routes publishFocusedTerminal rejection to reportRuntimeError 0ms
     → Cannot read properties of undefined (reading 'clear')
   × App project workspace flow > Ferryx desktop focused-terminal publisher and remote selection listener > creates a new remote terminal through openTab instead of reusing an existing worktree tab 0ms
     → Cannot read properties of undefined (reading 'clear')
   × App project workspace flow > Ferryx desktop focused-terminal publisher and remote selection listener > handles native remote_selection_requested and activates requested worktree context 0ms
     → Cannot read properties of undefined (reading 'clear')
   × App project workspace flow > Ferryx desktop focused-terminal publisher and remote selection listener > handles same-worktree tab selection request and activates exact tab 0ms
     → Cannot read properties of undefined (reading 'clear')
   × App project workspace flow > Ferryx desktop focused-terminal publisher and remote selection listener > handles primary worktree selection within current project when on secondary worktree 0ms
     → Cannot read properties of undefined (reading 'clear')
   × App project workspace flow > Ferryx desktop focused-terminal publisher and remote selection listener > handles cross-worktree selection with tabId activating tab after worktree switch 0ms
     → Cannot read properties of undefined (reading 'clear')
   × App project workspace flow > Ferryx desktop focused-terminal publisher and remote selection listener > handles cross-project remote selection by switching project and then activating worktree 0ms
     → Cannot read properties of undefined (reading 'clear')
   × App project workspace flow > Ferryx desktop focused-terminal publisher and remote selection listener > drops a queued remote slug when the user switches to a third project first 0ms
     → Cannot read properties of undefined (reading 'clear')
   × App project workspace flow > Ferryx desktop focused-terminal publisher and remote selection listener > activates the exact pane after a queued cross-project selection names a leaf entry 0ms
     → Cannot read properties of undefined (reading 'clear')
   × App project workspace flow > badge count synchronization > synchronizes badge count from unique true unreadTabIds in workspace state 0ms
     → Cannot read properties of undefined (reading 'clear')
   × App project workspace flow > badge count synchronization > routes native badge synchronization errors to reportRuntimeError 0ms
     → Cannot read properties of undefined (reading 'clear')
   × App project workspace flow > Automatic agent session resume on workspace restore > auto-resumes exited agent sessions in staggered order, while plain shell sessions and unsupported agents are not auto-resumed 0ms
     → Cannot read properties of undefined (reading 'clear')
   × App project workspace flow > Automatic agent session resume on workspace restore > does not crash and degrades silently when auto-resume spawn fails 0ms
     → Cannot read properties of undefined (reading 'clear')
   × App project workspace flow > T2 onBrowserSessionCreated skipped adoption notifications > (1) when a remote host is active, calls toast.warning exactly once and adoptBrowserSession zero times 0ms
     → Cannot read properties of undefined (reading 'clear')
   × App project workspace flow > T2 onBrowserSessionCreated skipped adoption notifications > (2) when no remote host is active and adoptBrowserSession returns null, calls the second toast warning exactly once 0ms
     → Cannot read properties of undefined (reading 'clear')
   × App project workspace flow > T2 onBrowserSessionCreated skipped adoption notifications > (3) when no remote host is active and adoptBrowserSession returns a tab id, no toast warning fires 0ms
     → Cannot read properties of undefined (reading 'clear')
   × App project workspace flow > T2 clause (a) adoption reporting reaches the CLI > reports adopted=false with remote-host-active when a remote host owns the window 0ms
     → Cannot read properties of undefined (reading 'clear')
   × App project workspace flow > T2 clause (a) adoption reporting reaches the CLI > reports adopted=false with adopt-failed when the session could not be adopted 0ms
     → Cannot read properties of undefined (reading 'clear')
   × App project workspace flow > T2 clause (a) adoption reporting reaches the CLI > reports adopted=true when the tab was shown 0ms
     → Cannot read properties of undefined (reading 'clear')
   × App project workspace flow > T9 browser_tab_switch activates the owning layout tab > activates the tab owning the browserId, not the tab at the CLI index 0ms
     → Cannot read properties of undefined (reading 'clear')
   × App project workspace flow > T9 browser_tab_switch activates the owning layout tab > activates the terminal tab that hosts the browser in a pane 0ms
     → Cannot read properties of undefined (reading 'clear')
   × App project workspace flow > T9 browser_tab_switch activates the owning layout tab > warns instead of staying silent when no tab owns the browserId 0ms
     → Cannot read properties of undefined (reading 'clear')
   × App project workspace flow > Wave 3a Onboarding and Welcome > auto-opens WelcomeWizard for a macOS status with missing permissions and zero projects 0ms
     → Cannot read properties of undefined (reading 'clear')
   × App project workspace flow > Wave 3a Onboarding and Welcome > does not auto-open WelcomeWizard for platform web 0ms
     → Cannot read properties of undefined (reading 'clear')
   × App project workspace flow > Wave 3a Onboarding and Welcome > renders GettingStartedChecklist with 'No projects' and 'Add Project' button when projects list is empty 0ms
     → Cannot read properties of undefined (reading 'clear')
   × App project workspace flow > Wave 3a Onboarding and Welcome > renders DaemonConnectionBanner on local project registration failure with DAEMON_UNAVAILABLE 0ms
     → Cannot read properties of undefined (reading 'clear')
(node:1012720) ExperimentalWarning: localStorage is not available because --localstorage-file was not provided.
(Use `node --trace-warnings ...` to show where the warning was created)
 ❯ src/remote/RemoteUI.test.tsx (52 tests | 52 failed) 17ms
   × selection request lifetime > releases selection when the request never settles 4ms
     → Cannot read properties of undefined (reading 'clear')
     → Cannot read properties of undefined (reading 'clear')
   × selection request lifetime > ignores an obsolete selection response while a newer selection is pending 0ms
     → Cannot read properties of undefined (reading 'clear')
     → Cannot read properties of undefined (reading 'clear')
   × selection request lifetime > ignores an obsolete selection response while a newer selection is pending 0ms
     → Cannot read properties of undefined (reading 'clear')
     → Cannot read properties of undefined (reading 'clear')
   × selection request lifetime > ignores an obsolete selection response while a newer selection is pending 0ms
     → Cannot read properties of undefined (reading 'clear')
     → Cannot read properties of undefined (reading 'clear')
   × selection request lifetime > ignores an obsolete selection response while a newer selection is pending 0ms
     → Cannot read properties of undefined (reading 'clear')
     → Cannot read properties of undefined (reading 'clear')
   × selection request lifetime > ignores an obsolete selection response while a newer selection is pending 0ms
     → Cannot read properties of undefined (reading 'clear')
     → Cannot read properties of undefined (reading 'clear')
   × selection request lifetime > ignores an obsolete selection response while a newer selection is pending 0ms
     → Cannot read properties of undefined (reading 'clear')
     → Cannot read properties of undefined (reading 'clear')
   × Remote UI Components > creates a terminal in an empty selected worktree and waits for desktop publication 0ms
     → Cannot read properties of undefined (reading 'clear')
     → Cannot read properties of undefined (reading 'clear')
   × Remote UI Components > does not confirm creation from an unchanged terminal and reports rejected requests 0ms
     → Cannot read properties of undefined (reading 'clear')
     → Cannot read properties of undefined (reading 'clear')
   × Remote UI Components > shrinks the mobile shell on visual viewport resize without a screen-height minimum 0ms
     → Cannot read properties of undefined (reading 'clear')
     → Cannot read properties of undefined (reading 'clear')
   × Remote UI Components > keeps long workspace identifiers within the vertical worktree picker 0ms
     → Cannot read properties of undefined (reading 'clear')
     → Cannot read properties of undefined (reading 'clear')
   × Remote UI Components > keeps the hook order stable when a session token is cleared 0ms
     → Cannot read properties of undefined (reading 'clear')
     → Cannot read properties of undefined (reading 'clear')
   × Remote UI Components > PairingPage renders the Ferryx Desktop PIN flow 0ms
     → Cannot read properties of undefined (reading 'clear')
     → Cannot read properties of undefined (reading 'clear')
   × Remote UI Components > renders the native active-only state as one mirrored terminal without exposing paths 0ms
     → Cannot read properties of undefined (reading 'clear')
     → Cannot read properties of undefined (reading 'clear')
   × Remote UI Components > renders the current safe server workspace contract without local paths 0ms
     → Cannot read properties of undefined (reading 'clear')
     → Cannot read properties of undefined (reading 'clear')
   × Remote UI Components > mirrors only the server-declared terminal and safely confirms a context selection 0ms
     → Cannot read properties of undefined (reading 'clear')
     → Cannot read properties of undefined (reading 'clear')
   × Remote UI Components > waits for the desktop active-selection event when the first confirmation read is stale 0ms
     → Cannot read properties of undefined (reading 'clear')
     → Cannot read properties of undefined (reading 'clear')
   × Remote UI Components > recovers from a desktop that never confirms so the picker stays usable 0ms
     → Cannot read properties of undefined (reading 'clear')
     → Cannot read properties of undefined (reading 'clear')
   × Remote UI Components > refreshes the mirrored terminal after an unsolicited desktop focus change 0ms
     → Cannot read properties of undefined (reading 'clear')
     → Cannot read properties of undefined (reading 'clear')
   × Remote UI Components > keeps the newest desktop focus when focus events arrive during a refresh 0ms
     → Cannot read properties of undefined (reading 'clear')
     → Cannot read properties of undefined (reading 'clear')
   × Remote UI Components > clears the mirrored terminal when desktop no longer focuses a terminal 0ms
     → Cannot read properties of undefined (reading 'clear')
     → Cannot read properties of undefined (reading 'clear')
   × Remote UI Components > shows no focused terminal when only undeclared background sessions are present 0ms
     → Cannot read properties of undefined (reading 'clear')
     → Cannot read properties of undefined (reading 'clear')
   × Remote UI Components > MobileKeyDock dispatches primary key actions and latches modifiers 0ms
     → Cannot read properties of undefined (reading 'clear')
     → Cannot read properties of undefined (reading 'clear')
   × Remote UI Components > retains legacy authentication without rendering old Orca branding 0ms
     → Cannot read properties of undefined (reading 'clear')
     → Cannot read properties of undefined (reading 'clear')
   × Remote UI Components > sets browser document.title to active tab or terminal title on initial authenticated load 0ms
     → Cannot read properties of undefined (reading 'clear')
     → Cannot read properties of undefined (reading 'clear')
   × Remote UI Components > does not treat a worktree row id as a terminal tab id 0ms
     → Cannot read properties of undefined (reading 'clear')
     → Cannot read properties of undefined (reading 'clear')
   × Remote UI Components > updates document.title on unsolicited desktop focus and active tab change and falls back to Ferryx 0ms
     → Cannot read properties of undefined (reading 'clear')
     → Cannot read properties of undefined (reading 'clear')
   × Remote UI Components > resets document.title to Ferryx when unpaired or disconnected 0ms
     → Cannot read properties of undefined (reading 'clear')
     → Cannot read properties of undefined (reading 'clear')
   × Remote UI Components > allows sequential traversal using previous and next terminal tab controls and ordinal indicator 0ms
     → Cannot read properties of undefined (reading 'clear')
     → Cannot read properties of undefined (reading 'clear')
   × Remote UI Components > renders safe tab items under active worktree and dispatches tab switch request 0ms
     → Cannot read properties of undefined (reading 'clear')
     → Cannot read properties of undefined (reading 'clear')
   × Remote UI Components > cycles published terminal tabs only after Desktop confirms the selected tab 0ms
     → Cannot read properties of undefined (reading 'clear')
     → Cannot read properties of undefined (reading 'clear')
   × Remote UI Components > retains authorization across normal page reload when server returns transient error 0ms
     → Cannot read properties of undefined (reading 'clear')
     → Cannot read properties of undefined (reading 'clear')
   × Remote UI Components > returns to the account sign-in surface when the session token is revoked (401) 0ms
     → Cannot read properties of undefined (reading 'clear')
     → Cannot read properties of undefined (reading 'clear')
   × Remote UI Components > normalizeRemoteWorkspaceState parses activityState, agentType, and attention and drops invalid values defensively 0ms
     → Cannot read properties of undefined (reading 'clear')
     → Cannot read properties of undefined (reading 'clear')
   × Remote UI Components > tab strip renders state indicators for waiting and working tabs discoverable by accessible name 0ms
     → Cannot read properties of undefined (reading 'clear')
     → Cannot read properties of undefined (reading 'clear')
   × Remote UI Components > lists a published terminal pane even when the desktop has nothing focused 0ms
     → Cannot read properties of undefined (reading 'clear')
     → Cannot read properties of undefined (reading 'clear')
   × Remote UI Components > selects a pane from another worktree using that pane's own worktree 0ms
     → Cannot read properties of undefined (reading 'clear')
     → Cannot read properties of undefined (reading 'clear')
   × Remote UI Components > tab strip renders brand logo image for supported agentType and fallback terminal icon for unknown/missing agentType 0ms
     → Cannot read properties of undefined (reading 'clear')
     → Cannot read properties of undefined (reading 'clear')
   × Remote UI Components > context selector exposes worktree attention in its accessible name 0ms
     → Cannot read properties of undefined (reading 'clear')
     → Cannot read properties of undefined (reading 'clear')
   × Remote UI Components > immediately remounts RemoteTerminal to session when selecting a tab with sessionId before confirmation 0ms
     → Cannot read properties of undefined (reading 'clear')
     → Cannot read properties of undefined (reading 'clear')
   × Remote UI Components > remounts the optimistic terminal after confirmation when its socket closed before opening 0ms
     → Cannot read properties of undefined (reading 'clear')
     → Cannot read properties of undefined (reading 'clear')
   × Remote UI Components > remounts on confirmation when the optimistic socket opened and then closed 0ms
     → Cannot read properties of undefined (reading 'clear')
     → Cannot read properties of undefined (reading 'clear')
   × Remote UI Components > remounts when the optimistic socket reports its failed handshake after confirmation 0ms
     → Cannot read properties of undefined (reading 'clear')
     → Cannot read properties of undefined (reading 'clear')
   × Remote UI Components > does not retry again when the confirmed replacement socket also closes 0ms
     → Cannot read properties of undefined (reading 'clear')
     → Cannot read properties of undefined (reading 'clear')
   × Remote UI Components > does not perform immediate post-POST workspace/state refresh on selection 0ms
     → Cannot read properties of undefined (reading 'clear')
     → Cannot read properties of undefined (reading 'clear')
   × Remote UI Components > clears optimistic session override and reverts when confirmation times out 0ms
     → Cannot read properties of undefined (reading 'clear')
     → Cannot read properties of undefined (reading 'clear')
   × Remote UI Components > clears optimistic session override when selection request fails 0ms
     → Cannot read properties of undefined (reading 'clear')
     → Cannot read properties of undefined (reading 'clear')
   × Remote UI Components > clears optimistic session override and returns to account sign-in when user disconnects 0ms
     → Cannot read properties of undefined (reading 'clear')
     → Cannot read properties of undefined (reading 'clear')
   × Remote UI Components > requires confirmation before Disconnect removes the pairing 0ms
     → Cannot read properties of undefined (reading 'clear')
     → Cannot read properties of undefined (reading 'clear')
   × Remote UI Components > Cancel keeps the remote session paired 0ms
     → Cannot read properties of undefined (reading 'clear')
     → Cannot read properties of undefined (reading 'clear')
   × Remote UI Components > clears optimistic session override when a different authoritative state arrives 0ms
     → Cannot read properties of undefined (reading 'clear')
     → Cannot read properties of undefined (reading 'clear')
   × Remote UI Components > prioritizes account magic-link consumption at /login?code=... over saved active host, device token, and stored account token 0ms
     → Cannot read properties of undefined (reading 'clear')
     → Cannot read properties of undefined (reading 'clear')
(node:1012741) ExperimentalWarning: localStorage is not available because --localstorage-file was not provided.
(Use `node --trace-warnings ...` to show where the warning was created)
 ✓ src/state/workspaceStore.test.tsx (63 tests) 129ms
 ✓ src/remote/RemoteBrowser.test.tsx (41 tests) 947ms
(node:1012783) ExperimentalWarning: localStorage is not available because --localstorage-file was not provided.
(Use `node --trace-warnings ...` to show where the warning was created)
 ✓ src/lib/sessionPersistence.test.ts (44 tests) 32ms
(node:1012811) ExperimentalWarning: localStorage is not available because --localstorage-file was not provided.
(Use `node --trace-warnings ...` to show where the warning was created)
 ❯ src/App.notifications.test.tsx (50 tests | 50 failed) 19ms
   × App notification coordinator wiring > manual reset outcome store rejection propagates (grouped=false) 5ms
     → Cannot read properties of undefined (reading 'clear')
   × App notification coordinator wiring > manual reset outcome store rejection propagates (grouped=true) 0ms
     → Cannot read properties of undefined (reading 'clear')
   × App notification coordinator wiring > manual reset outcome routes tab notifications (1 sessions, 0 failures) 0ms
     → Cannot read properties of undefined (reading 'clear')
   × App notification coordinator wiring > manual reset outcome routes tab notifications (1 sessions, 1 failures) 0ms
     → Cannot read properties of undefined (reading 'clear')
   × App notification coordinator wiring > manual reset outcome routes tab notifications (3 sessions, 1 failures) 0ms
     → Cannot read properties of undefined (reading 'clear')
   × App notification coordinator wiring > manual reset outcome routes tab notifications (3 sessions, 3 failures) 0ms
     → Cannot read properties of undefined (reading 'clear')
   × App notification coordinator wiring > manual reset outcome routes tab notifications (3 sessions, 0 failures) 0ms
     → Cannot read properties of undefined (reading 'clear')
   × App notification coordinator wiring > manual reset outcome routes worktree notifications (1 sessions, 0 failures) 0ms
     → Cannot read properties of undefined (reading 'clear')
   × App notification coordinator wiring > manual reset outcome routes worktree notifications (1 sessions, 1 failures) 0ms
     → Cannot read properties of undefined (reading 'clear')
   × App notification coordinator wiring > manual reset outcome routes worktree notifications (3 sessions, 1 failures) 0ms
     → Cannot read properties of undefined (reading 'clear')
   × App notification coordinator wiring > manual reset outcome routes worktree notifications (3 sessions, 3 failures) 0ms
     → Cannot read properties of undefined (reading 'clear')
   × App notification coordinator wiring > manual reset outcome routes worktree notifications (3 sessions, 0 failures) 0ms
     → Cannot read properties of undefined (reading 'clear')
   × App notification coordinator wiring > CRITERION 2: clicking the bell button while the window is UNFOCUSED calls dispatchNotification with source: 'terminal-bell' and marks tab and worktree unread 0ms
     → Cannot read properties of undefined (reading 'clear')
   × App notification coordinator wiring > starts DAG subscriptions when the registered project list is remote-only 0ms
     → Cannot read properties of undefined (reading 'clear')
   × App notification coordinator wiring > forwards SSH labels for agent completion and both bell paths: 'Orca (Build machine)' at '/srv/Orca/' 0ms
     → Cannot read properties of undefined (reading 'clear')
   × App notification coordinator wiring > forwards SSH labels for agent completion and both bell paths: 'Orca (Build machine)' at 'C:\work\Orca\' 0ms
     → Cannot read properties of undefined (reading 'clear')
   × App notification coordinator wiring > forwards SSH labels for agent completion and both bell paths: '/ (build)' at '/' 0ms
     → Cannot read properties of undefined (reading 'clear')
   × App notification coordinator wiring > forwards SSH labels for agent completion and both bell paths: 'Orca' at '/srv/Orca' 0ms
     → Cannot read properties of undefined (reading 'clear')
   × App notification coordinator wiring > CRITERION 2b: clicking the bell button while the window is FOCUSED calls dispatchNotification ZERO times 0ms
     → Cannot read properties of undefined (reading 'clear')
   × App notification coordinator wiring > CRITERION 1: a background agent transitioning working -> done calls dispatchNotification with source: 'agent-task-complete' while unfocused 0ms
     → Cannot read properties of undefined (reading 'clear')
   × App notification coordinator wiring > uses native background focus when the DOM incorrectly reports focused 0ms
     → Cannot read properties of undefined (reading 'clear')
   × App notification coordinator wiring > CRITERION 1b: a background agent transitioning working -> done while FOCUSED dispatches nothing 0ms
     → Cannot read properties of undefined (reading 'clear')
   × App notification coordinator wiring > notification center recording and seen bridge > records focused observed done as seen despite the focus gate 0ms
     → Cannot read properties of undefined (reading 'clear')
   × App notification coordinator wiring > notification center recording and seen bridge > records unfocused done as unread independently of desktop dispatch outcome 0ms
     → Cannot read properties of undefined (reading 'clear')
   × App notification coordinator wiring > notification center recording and seen bridge > records focused background tabs as unread and rejects suppressed baseline events 0ms
     → Cannot read properties of undefined (reading 'clear')
   × App notification coordinator wiring > notification center recording and seen bridge > records focused bells with fallback workspace identity and filters throttled bells 0ms
     → Cannot read properties of undefined (reading 'clear')
   × App notification coordinator wiring > notification center recording and seen bridge > acknowledges the clicked revision only after focusing a live target 0ms
     → Cannot read properties of undefined (reading 'clear')
   × App notification coordinator wiring > notification center recording and seen bridge > does not acknowledge a newer occurrence when a stale revision is clicked 0ms
     → Cannot read properties of undefined (reading 'clear')
   × App notification coordinator wiring > notification center recording and seen bridge > drops a row whose target ghost/sess-1 is gone instead of navigating 0ms
     → Cannot read properties of undefined (reading 'clear')
   × App notification coordinator wiring > notification center recording and seen bridge > drops a row whose target default/closed is gone instead of navigating 0ms
     → Cannot read properties of undefined (reading 'clear')
   × App notification coordinator wiring > notification center recording and seen bridge > drops a row whose target other/closed is gone instead of navigating 0ms
     → Cannot read properties of undefined (reading 'clear')
   × App notification coordinator wiring > notification center recording and seen bridge > acknowledges a cross-project click after the target workspace mounts 0ms
     → Cannot read properties of undefined (reading 'clear')
   × App notification coordinator wiring > notification center recording and seen bridge > handles newer occurrence while a cross-project target is mounting 0ms
     → Cannot read properties of undefined (reading 'clear')
   × App notification coordinator wiring > notification center recording and seen bridge > handles closed target while a cross-project target is mounting 0ms
     → Cannot read properties of undefined (reading 'clear')
   × App notification coordinator wiring > notification center recording and seen bridge > lists the unread completion in the sidebar inbox and removes it once the row is opened 0ms
     → Cannot read properties of undefined (reading 'clear')
   × App notification coordinator wiring > notification center recording and seen bridge > dismisses a row from the inbox without navigating 0ms
     → Cannot read properties of undefined (reading 'clear')
   × App notification coordinator wiring > notification center recording and seen bridge > keeps the worktree list as the default and toggles the inbox with the notifications shortcut 0ms
     → Cannot read properties of undefined (reading 'clear')
   × App notification coordinator wiring > notification center recording and seen bridge > shows the attention count on the collapsed sidebar and reopens the inbox from it 0ms
     → Cannot read properties of undefined (reading 'clear')
   × App notification coordinator wiring > notification center recording and seen bridge > preserves unread history across unmount and restart from persisted storage 0ms
     → Cannot read properties of undefined (reading 'clear')
   × App notification coordinator wiring > notification center recording and seen bridge > marks inbox entry read when session is interacted via custom event 0ms
     → Cannot read properties of undefined (reading 'clear')
   × App notification coordinator wiring > activation navigation > recovers a startup click and focuses the active project's target 0ms
     → Cannot read properties of undefined (reading 'clear')
   × App notification coordinator wiring > activation navigation > navigates on a live click by draining the same queue 0ms
     → Cannot read properties of undefined (reading 'clear')
   × App notification coordinator wiring > activation navigation > rejects a stale click 'ghost-project'/'sess-1' without navigating 0ms
     → Cannot read properties of undefined (reading 'clear')
   × App notification coordinator wiring > activation navigation > rejects a stale click 'default'/'ghost-session' without navigating 0ms
     → Cannot read properties of undefined (reading 'clear')
   × App notification coordinator wiring > activation navigation > switches to a parked project and focuses its target after the workspace mounts 0ms
     → Cannot read properties of undefined (reading 'clear')
   × App notification coordinator wiring > activation navigation > does not switch projects for a closed target in another project 0ms
     → Cannot read properties of undefined (reading 'clear')
   × App notification coordinator wiring > activation navigation > clears inbox entry on user interaction even when session has no agent activity 0ms
     → Cannot read properties of undefined (reading 'clear')
   × App notification coordinator wiring > activation navigation > does not clear inbox entry of another session or background pane when interaction happens in focused pane 0ms
     → Cannot read properties of undefined (reading 'clear')
   × App notification coordinator wiring > activation navigation > uses frontend workspaceId rather than remote session.workspaceId when acknowledging 0ms
     → Cannot read properties of undefined (reading 'clear')
   × App notification coordinator wiring > activation navigation > does not acknowledge newer revision if a later notification arrives after interaction 0ms
     → Cannot read properties of undefined (reading 'clear')
(node:1012839) ExperimentalWarning: localStorage is not available because --localstorage-file was not provided.
(Use `node --trace-warnings ...` to show where the warning was created)
 ✓ src/remote/RemoteTerminal.contract.test.tsx (69 tests) 594ms
 ✓ src/components/dag/DagGraphView.viewport.test.tsx (54 tests) 1162ms
(node:1012980) ExperimentalWarning: localStorage is not available because --localstorage-file was not provided.
(Use `node --trace-warnings ...` to show where the warning was created)
 ✓ src/components/ProjectDialogs.test.tsx (44 tests) 503ms
stdout | src/components/NativeTerminalPane.lifecycle.test.tsx > NativeTerminalPane compositor ownership lifecycle > reattaches the same backend when its output stream ends without user input
[ferryx:switch] {
  runId: [32m'983ed8ca-40ab-4a81-83b5-c8ac76620b18'[39m,
  sequence: [33m1[39m,
  event: [32m'terminal.surface.presentation.stale'[39m,
  wallTimeMs: [33m1791075505748[39m,
  details: {
    localSessionId: [90mundefined[39m,
    backendSessionId: [32m'stream-ended'[39m,
    paneIdentity: [32m'frontend-stream-ended'[39m,
    bindingKey: [32m'stream-ended::0:'[39m,
    attemptGeneration: [33m0[39m,
    currentPaneIdentity: [32m'frontend-stream-ended'[39m,
    currentBackendSessionId: [32m'stream-ended'[39m,
    currentBindingKey: [32m'stream-ended::0:'[39m
  }
}
[ferryx:switch] {
  runId: [32m'983ed8ca-40ab-4a81-83b5-c8ac76620b18'[39m,
  sequence: [33m2[39m,
  event: [32m'terminal.surface.presented'[39m,
  wallTimeMs: [33m1791075505748[39m,
  details: {
    localSessionId: [90mundefined[39m,
    backendSessionId: [32m'stream-ended'[39m,
    cursorCol: [33m2[39m,
    cursorRow: [33m3[39m,
    cellWidthPx: [33m10[39m,
    cellHeightPx: [33m20[39m
  }
}

stdout | src/components/NativeTerminalPane.lifecycle.test.tsx > NativeTerminalPane compositor ownership lifecycle > held positive bounds cannot present a newer attempt or incarnation
[ferryx:switch] {
  runId: [32m'983ed8ca-40ab-4a81-83b5-c8ac76620b18'[39m,
  sequence: [33m3[39m,
  event: [32m'terminal.surface.presentation.stale'[39m,
  wallTimeMs: [33m1791075505759[39m,
  details: {
    localSessionId: [90mundefined[39m,
    backendSessionId: [32m'held-receipt'[39m,
    paneIdentity: [32m'frontend-held-receipt'[39m,
    bindingKey: [32m'held-receipt:7:0:'[39m,
    attemptGeneration: [33m1[39m,
    currentPaneIdentity: [32m'frontend-held-receipt'[39m,
    currentBackendSessionId: [32m'held-receipt'[39m,
    currentBindingKey: [32m'held-receipt:7:0:'[39m
  }
}
[ferryx:switch] {
  runId: [32m'983ed8ca-40ab-4a81-83b5-c8ac76620b18'[39m,
  sequence: [33m4[39m,
  event: [32m'terminal.surface.presented'[39m,
  wallTimeMs: [33m1791075505759[39m,
  details: {
    localSessionId: [90mundefined[39m,
    backendSessionId: [32m'held-receipt'[39m,
    cursorCol: [33m2[39m,
    cursorRow: [33m3[39m,
    cellWidthPx: [33m10[39m,
    cellHeightPx: [33m20[39m
  }
}

stdout | src/components/NativeTerminalPane.lifecycle.test.tsx > NativeTerminalPane compositor ownership lifecycle > held positive bounds cannot present a newer attempt or incarnation
[ferryx:switch] {
  runId: [32m'983ed8ca-40ab-4a81-83b5-c8ac76620b18'[39m,
  sequence: [33m5[39m,
  event: [32m'terminal.surface.presented'[39m,
  wallTimeMs: [33m1791075505760[39m,
  details: {
    localSessionId: [90mundefined[39m,
    backendSessionId: [32m'held-receipt'[39m,
    cursorCol: [33m2[39m,
    cursorRow: [33m3[39m,
    cellWidthPx: [33m10[39m,
    cellHeightPx: [33m20[39m
  }
}

stdout | src/components/NativeTerminalPane.lifecycle.test.tsx > NativeTerminalPane compositor ownership lifecycle > recovers a stream that ends while its recovery attachment is pending
[ferryx:switch] {
  runId: [32m'983ed8ca-40ab-4a81-83b5-c8ac76620b18'[39m,
  sequence: [33m6[39m,
  event: [32m'terminal.surface.presentation.stale'[39m,
  wallTimeMs: [33m1791075505765[39m,
  details: {
    localSessionId: [90mundefined[39m,
    backendSessionId: [32m'overlapping-stream-end'[39m,
    paneIdentity: [32m'frontend-overlapping-stream-end'[39m,
    bindingKey: [32m'overlapping-stream-end::0:'[39m,
    attemptGeneration: [33m0[39m,
    currentPaneIdentity: [32m'frontend-overlapping-stream-end'[39m,
    currentBackendSessionId: [32m'overlapping-stream-end'[39m,
    currentBindingKey: [32m'overlapping-stream-end::0:'[39m
  }
}
[ferryx:switch] {
  runId: [32m'983ed8ca-40ab-4a81-83b5-c8ac76620b18'[39m,
  sequence: [33m7[39m,
  event: [32m'terminal.surface.presented'[39m,
  wallTimeMs: [33m1791075505765[39m,
  details: {
    localSessionId: [90mundefined[39m,
    backendSessionId: [32m'overlapping-stream-end'[39m,
    cursorCol: [33m2[39m,
    cursorRow: [33m3[39m,
    cellWidthPx: [33m10[39m,
    cellHeightPx: [33m20[39m
  }
}

stdout | src/components/NativeTerminalPane.lifecycle.test.tsx > NativeTerminalPane compositor ownership lifecycle > bounds repeated stream recovery and permits an explicit retry
[ferryx:switch] {
  runId: [32m'983ed8ca-40ab-4a81-83b5-c8ac76620b18'[39m,
  sequence: [33m8[39m,
  event: [32m'terminal.surface.presentation.stale'[39m,
  wallTimeMs: [33m1791075505770[39m,
  details: {
    localSessionId: [90mundefined[39m,
    backendSessionId: [32m'bounded-stream'[39m,
    paneIdentity: [32m'frontend-bounded-stream'[39m,
    bindingKey: [32m'bounded-stream::0:'[39m,
    attemptGeneration: [33m0[39m,
    currentPaneIdentity: [32m'frontend-bounded-stream'[39m,
    currentBackendSessionId: [32m'bounded-stream'[39m,
    currentBindingKey: [32m'bounded-stream::0:'[39m
  }
}
[ferryx:switch] {
  runId: [32m'983ed8ca-40ab-4a81-83b5-c8ac76620b18'[39m,
  sequence: [33m9[39m,
  event: [32m'terminal.surface.presented'[39m,
  wallTimeMs: [33m1791075505770[39m,
  details: {
    localSessionId: [90mundefined[39m,
    backendSessionId: [32m'bounded-stream'[39m,
    cursorCol: [33m2[39m,
    cursorRow: [33m3[39m,
    cellWidthPx: [33m10[39m,
    cellHeightPx: [33m20[39m
  }
}

stdout | src/components/NativeTerminalPane.lifecycle.test.tsx > NativeTerminalPane compositor ownership lifecycle > bounds repeated stream recovery and permits an explicit retry
[ferryx:switch] {
  runId: [32m'983ed8ca-40ab-4a81-83b5-c8ac76620b18'[39m,
  sequence: [33m10[39m,
  event: [32m'terminal.surface.presentation.stale'[39m,
  wallTimeMs: [33m1791075505811[39m,
  details: {
    localSessionId: [90mundefined[39m,
    backendSessionId: [32m'bounded-stream'[39m,
    paneIdentity: [32m'frontend-bounded-stream'[39m,
    bindingKey: [32m'bounded-stream::0:'[39m,
    attemptGeneration: [33m6[39m,
    currentPaneIdentity: [32m'frontend-bounded-stream'[39m,
    currentBackendSessionId: [32m'bounded-stream'[39m,
    currentBindingKey: [32m'bounded-stream::0:'[39m
  }
}
[ferryx:switch] {
  runId: [32m'983ed8ca-40ab-4a81-83b5-c8ac76620b18'[39m,
  sequence: [33m11[39m,
  event: [32m'terminal.surface.presented'[39m,
  wallTimeMs: [33m1791075505811[39m,
  details: {
    localSessionId: [90mundefined[39m,
    backendSessionId: [32m'bounded-stream'[39m,
    cursorCol: [33m2[39m,
    cursorRow: [33m3[39m,
    cellWidthPx: [33m10[39m,
    cellHeightPx: [33m20[39m
  }
}

stderr | src/components/NativeTerminalPane.lifecycle.test.tsx > NativeTerminalPane compositor ownership lifecycle > does not attach without an output recovery listener when registration fails
Native terminal IPC command failed {
  command: [32m'cmd_native_terminal_attach'[39m,
  error: Error: listener unavailable
      at [90m/home/indo/ferryx-pane-completion/source-172baa87/ui/[39msrc/components/NativeTerminalPane.lifecycle.test.tsx:322:59
      at mockCall [90m(file:///home/indo/ferryx-pane-completion/source-172baa87/ui/[39mnode_modules/[4m@vitest/spy[24m/dist/index.js:96:15[90m)[39m
      at spy [90m(file:///home/indo/ferryx-pane-completion/source-172baa87/ui/[39mnode_modules/[4mtinyspy[24m/dist/index.js:47:80[90m)[39m
      at listen [90m(/home/indo/ferryx-pane-completion/source-172baa87/ui/[39msrc/components/NativeTerminalPane.lifecycle.test.tsx:53:44[90m)[39m
      at Object.ensureStreamListenerRef.current [90m(/home/indo/ferryx-pane-completion/source-172baa87/ui/[39msrc/components/NativeTerminalPane.tsx:2862:28[90m)[39m
      at Object.operation [90m(/home/indo/ferryx-pane-completion/source-172baa87/ui/[39msrc/components/NativeTerminalPane.tsx:1204:37[90m)[39m
      at [90m/home/indo/ferryx-pane-completion/source-172baa87/ui/[39msrc/lib/nativeTerminalLifecycle.ts:269:19
      at startLifecycleOperation [90m(/home/indo/ferryx-pane-completion/source-172baa87/ui/[39msrc/lib/nativeTerminalLifecycle.ts:184:30[90m)[39m
      at enqueueNativeTerminalLifecycle [90m(/home/indo/ferryx-pane-completion/source-172baa87/ui/[39msrc/lib/nativeTerminalLifecycle.ts:501:12[90m)[39m
      at attachNativeTerminalLifecycle [90m(/home/indo/ferryx-pane-completion/source-172baa87/ui/[39msrc/lib/nativeTerminalLifecycle.ts:267:22[90m)[39m
}

stdout | src/components/NativeTerminalPane.lifecycle.test.tsx > NativeTerminalPane compositor ownership lifecycle > does not attach without an output recovery listener when registration fails
[ferryx:switch] {
  runId: [32m'983ed8ca-40ab-4a81-83b5-c8ac76620b18'[39m,
  sequence: [33m12[39m,
  event: [32m'terminal.surface.presentation.stale'[39m,
  wallTimeMs: [33m1791075505824[39m,
  details: {
    localSessionId: [90mundefined[39m,
    backendSessionId: [32m'listener-failure'[39m,
    paneIdentity: [32m'frontend-listener-failure'[39m,
    bindingKey: [32m'listener-failure::0:'[39m,
    attemptGeneration: [33m1[39m,
    currentPaneIdentity: [32m'frontend-listener-failure'[39m,
    currentBackendSessionId: [32m'listener-failure'[39m,
    currentBindingKey: [32m'listener-failure::0:'[39m
  }
}
[ferryx:switch] {
  runId: [32m'983ed8ca-40ab-4a81-83b5-c8ac76620b18'[39m,
  sequence: [33m13[39m,
  event: [32m'terminal.surface.presented'[39m,
  wallTimeMs: [33m1791075505824[39m,
  details: {
    localSessionId: [90mundefined[39m,
    backendSessionId: [32m'listener-failure'[39m,
    cursorCol: [33m2[39m,
    cursorRow: [33m3[39m,
    cellWidthPx: [33m10[39m,
    cellHeightPx: [33m20[39m
  }
}

stderr | src/components/NativeTerminalPane.lifecycle.test.tsx > NativeTerminalPane compositor ownership lifecycle > retries failed bounds with a fresh attachment and waits for presentation
Native terminal IPC command failed {
  command: [32m'cmd_native_terminal_set_bounds'[39m,
  error: { code: [32m'INTERNAL_ERROR'[39m, message: [32m'native surface unavailable'[39m }
}

stdout | src/components/NativeTerminalPane.lifecycle.test.tsx > NativeTerminalPane compositor ownership lifecycle > retries failed bounds with a fresh attachment and waits for presentation
[ferryx:switch] {
  runId: [32m'983ed8ca-40ab-4a81-83b5-c8ac76620b18'[39m,
  sequence: [33m14[39m,
  event: [32m'terminal.surface.presentation.stale'[39m,
  wallTimeMs: [33m1791075505834[39m,
  details: {
    localSessionId: [90mundefined[39m,
    backendSessionId: [32m'bounds-retry'[39m,
    paneIdentity: [32m'frontend-bounds-retry'[39m,
    bindingKey: [32m'bounds-retry::0:'[39m,
    attemptGeneration: [33m1[39m,
    currentPaneIdentity: [32m'frontend-bounds-retry'[39m,
    currentBackendSessionId: [32m'bounds-retry'[39m,
    currentBindingKey: [32m'bounds-retry::0:'[39m
  }
}
[ferryx:switch] {
  runId: [32m'983ed8ca-40ab-4a81-83b5-c8ac76620b18'[39m,
  sequence: [33m15[39m,
  event: [32m'terminal.surface.presented'[39m,
  wallTimeMs: [33m1791075505834[39m,
  details: {
    localSessionId: [90mundefined[39m,
    backendSessionId: [32m'bounds-retry'[39m,
    cursorCol: [33m2[39m,
    cursorRow: [33m3[39m,
    cellWidthPx: [33m10[39m,
    cellHeightPx: [33m20[39m
  }
}

stderr | src/components/NativeTerminalPane.lifecycle.test.tsx > NativeTerminalPane compositor ownership lifecycle > preserves the structured cause of a bounds failure in the visible error
Native terminal IPC command failed {
  command: [32m'cmd_native_terminal_set_bounds'[39m,
  error: {
    code: [32m'INVALID_ARGUMENT'[39m,
    message: [32m'Native terminal viewport is outside the configured surface'[39m
  }
}

stdout | src/components/NativeTerminalPane.lifecycle.test.tsx > NativeTerminalPane compositor ownership lifecycle > uses effective native scale for IME anchor at fractional webview density
[ferryx:switch] {
  runId: [32m'983ed8ca-40ab-4a81-83b5-c8ac76620b18'[39m,
  sequence: [33m16[39m,
  event: [32m'terminal.surface.presentation.stale'[39m,
  wallTimeMs: [33m1791075505843[39m,
  details: {
    localSessionId: [90mundefined[39m,
    backendSessionId: [32m'ime-scale'[39m,
    paneIdentity: [32m'frontend-ime-scale'[39m,
    bindingKey: [32m'ime-scale::0:'[39m,
    attemptGeneration: [33m0[39m,
    currentPaneIdentity: [32m'frontend-ime-scale'[39m,
    currentBackendSessionId: [32m'ime-scale'[39m,
    currentBindingKey: [32m'ime-scale::0:'[39m
  }
}
[ferryx:switch] {
  runId: [32m'983ed8ca-40ab-4a81-83b5-c8ac76620b18'[39m,
  sequence: [33m17[39m,
  event: [32m'terminal.surface.presented'[39m,
  wallTimeMs: [33m1791075505843[39m,
  details: {
    localSessionId: [90mundefined[39m,
    backendSessionId: [32m'ime-scale'[39m,
    cursorCol: [33m2[39m,
    cursorRow: [33m3[39m,
    cellWidthPx: [33m16[39m,
    cellHeightPx: [33m32[39m
  }
}

stdout | src/components/NativeTerminalPane.lifecycle.test.tsx > NativeTerminalPane compositor ownership lifecycle > keeps ordinary equal-scale IME anchors
[ferryx:switch] {
  runId: [32m'983ed8ca-40ab-4a81-83b5-c8ac76620b18'[39m,
  sequence: [33m18[39m,
  event: [32m'terminal.surface.presentation.stale'[39m,
  wallTimeMs: [33m1791075505847[39m,
  details: {
    localSessionId: [90mundefined[39m,
    backendSessionId: [32m'ime-scale'[39m,
    paneIdentity: [32m'frontend-ime-scale'[39m,
    bindingKey: [32m'ime-scale::0:'[39m,
    attemptGeneration: [33m0[39m,
    currentPaneIdentity: [32m'frontend-ime-scale'[39m,
    currentBackendSessionId: [32m'ime-scale'[39m,
    currentBindingKey: [32m'ime-scale::0:'[39m
  }
}
[ferryx:switch] {
  runId: [32m'983ed8ca-40ab-4a81-83b5-c8ac76620b18'[39m,
  sequence: [33m19[39m,
  event: [32m'terminal.surface.presented'[39m,
  wallTimeMs: [33m1791075505847[39m,
  details: {
    localSessionId: [90mundefined[39m,
    backendSessionId: [32m'ime-scale'[39m,
    cursorCol: [33m2[39m,
    cursorRow: [33m3[39m,
    cellWidthPx: [33m16[39m,
    cellHeightPx: [33m32[39m
  }
}

stdout | src/components/NativeTerminalPane.lifecycle.test.tsx > NativeTerminalPane compositor ownership lifecycle > falls back to raw density for legacy IME receipts
[ferryx:switch] {
  runId: [32m'983ed8ca-40ab-4a81-83b5-c8ac76620b18'[39m,
  sequence: [33m20[39m,
  event: [32m'terminal.surface.presentation.stale'[39m,
  wallTimeMs: [33m1791075505850[39m,
  details: {
    localSessionId: [90mundefined[39m,
    backendSessionId: [32m'ime-scale'[39m,
    paneIdentity: [32m'frontend-ime-scale'[39m,
    bindingKey: [32m'ime-scale::0:'[39m,
    attemptGeneration: [33m0[39m,
    currentPaneIdentity: [32m'frontend-ime-scale'[39m,
    currentBackendSessionId: [32m'ime-scale'[39m,
    currentBindingKey: [32m'ime-scale::0:'[39m
  }
}
[ferryx:switch] {
  runId: [32m'983ed8ca-40ab-4a81-83b5-c8ac76620b18'[39m,
  sequence: [33m21[39m,
  event: [32m'terminal.surface.presented'[39m,
  wallTimeMs: [33m1791075505850[39m,
  details: {
    localSessionId: [90mundefined[39m,
    backendSessionId: [32m'ime-scale'[39m,
    cursorCol: [33m2[39m,
    cursorRow: [33m3[39m,
    cellWidthPx: [33m16[39m,
    cellHeightPx: [33m32[39m
  }
}

stdout | src/components/NativeTerminalPane.lifecycle.test.tsx > NativeTerminalPane compositor ownership lifecycle > falls back to raw density when native geometry is absent
[ferryx:switch] {
  runId: [32m'983ed8ca-40ab-4a81-83b5-c8ac76620b18'[39m,
  sequence: [33m22[39m,
  event: [32m'terminal.surface.presentation.stale'[39m,
  wallTimeMs: [33m1791075505853[39m,
  details: {
    localSessionId: [90mundefined[39m,
    backendSessionId: [32m'ime-scale'[39m,
    paneIdentity: [32m'frontend-ime-scale'[39m,
    bindingKey: [32m'ime-scale::0:'[39m,
    attemptGeneration: [33m0[39m,
    currentPaneIdentity: [32m'frontend-ime-scale'[39m,
    currentBackendSessionId: [32m'ime-scale'[39m,
    currentBindingKey: [32m'ime-scale::0:'[39m
  }
}
[ferryx:switch] {
  runId: [32m'983ed8ca-40ab-4a81-83b5-c8ac76620b18'[39m,
  sequence: [33m23[39m,
  event: [32m'terminal.surface.presented'[39m,
  wallTimeMs: [33m1791075505853[39m,
  details: {
    localSessionId: [90mundefined[39m,
    backendSessionId: [32m'ime-scale'[39m,
    cursorCol: [33m2[39m,
    cursorRow: [33m3[39m,
    cellWidthPx: [33m16[39m,
    cellHeightPx: [33m32[39m
  }
}

stdout | src/components/NativeTerminalPane.lifecycle.test.tsx > NativeTerminalPane compositor ownership lifecycle > does not reclaim the outgoing surface when input fails after tab replacement
[ferryx:switch] {
  runId: [32m'983ed8ca-40ab-4a81-83b5-c8ac76620b18'[39m,
  sequence: [33m24[39m,
  event: [32m'terminal.surface.presentation.stale'[39m,
  wallTimeMs: [33m1791075505856[39m,
  details: {
    localSessionId: [90mundefined[39m,
    backendSessionId: [32m'owner-a'[39m,
    paneIdentity: [32m'frontend-owner-a'[39m,
    bindingKey: [32m'owner-a::0:'[39m,
    attemptGeneration: [33m0[39m,
    currentPaneIdentity: [32m'frontend-owner-a'[39m,
    currentBackendSessionId: [32m'owner-a'[39m,
    currentBindingKey: [32m'owner-a::0:'[39m
  }
}
[ferryx:switch] {
  runId: [32m'983ed8ca-40ab-4a81-83b5-c8ac76620b18'[39m,
  sequence: [33m25[39m,
  event: [32m'terminal.surface.presented'[39m,
  wallTimeMs: [33m1791075505856[39m,
  details: {
    localSessionId: [90mundefined[39m,
    backendSessionId: [32m'owner-a'[39m,
    cursorCol: [33m2[39m,
    cursorRow: [33m3[39m,
    cellWidthPx: [33m10[39m,
    cellHeightPx: [33m20[39m
  }
}

stdout | src/components/NativeTerminalPane.lifecycle.test.tsx > NativeTerminalPane compositor ownership lifecycle > does not reclaim the outgoing surface when input fails after tab replacement
[ferryx:switch] {
  runId: [32m'983ed8ca-40ab-4a81-83b5-c8ac76620b18'[39m,
  sequence: [33m26[39m,
  event: [32m'terminal.surface.input.accepted'[39m,
  wallTimeMs: [33m1791075505858[39m,
  details: {
    operationId: [32m'req-c95dec71-owner-a-1'[39m,
    backendSessionId: [32m'owner-a'[39m,
    paneIdentity: [1mnull[22m,
    bindingKey: [1mnull[22m,
    attemptGeneration: [1mnull[22m,
    daemonEpoch: [1mnull[22m,
    incarnation: [1mnull[22m,
    payloadBytes: [33m1[39m,
    queuedAt: [33m1791075505858[39m
  }
}
[ferryx:switch] {
  runId: [32m'983ed8ca-40ab-4a81-83b5-c8ac76620b18'[39m,
  sequence: [33m27[39m,
  event: [32m'terminal.surface.input.dispatch'[39m,
  wallTimeMs: [33m1791075505858[39m,
  details: {
    operationId: [32m'req-c95dec71-owner-a-1'[39m,
    backendSessionId: [32m'owner-a'[39m,
    paneIdentity: [1mnull[22m,
    bindingKey: [1mnull[22m,
    attemptGeneration: [1mnull[22m,
    daemonEpoch: [1mnull[22m,
    incarnation: [1mnull[22m,
    dispatchedAt: [33m1791075505858[39m
  }
}

stdout | src/components/NativeTerminalPane.lifecycle.test.tsx > NativeTerminalPane compositor ownership lifecycle > does not reclaim the outgoing surface when input fails after tab replacement
[ferryx:switch] {
  runId: [32m'983ed8ca-40ab-4a81-83b5-c8ac76620b18'[39m,
  sequence: [33m28[39m,
  event: [32m'terminal.surface.presentation.stale'[39m,
  wallTimeMs: [33m1791075505860[39m,
  details: {
    localSessionId: [90mundefined[39m,
    backendSessionId: [32m'owner-b'[39m,
    paneIdentity: [32m'frontend-owner-b'[39m,
    bindingKey: [32m'owner-b::0:'[39m,
    attemptGeneration: [33m0[39m,
    currentPaneIdentity: [32m'frontend-owner-b'[39m,
    currentBackendSessionId: [32m'owner-b'[39m,
    currentBindingKey: [32m'owner-b::0:'[39m
  }
}
[ferryx:switch] {
  runId: [32m'983ed8ca-40ab-4a81-83b5-c8ac76620b18'[39m,
  sequence: [33m29[39m,
  event: [32m'terminal.surface.presented'[39m,
  wallTimeMs: [33m1791075505860[39m,
  details: {
    localSessionId: [90mundefined[39m,
    backendSessionId: [32m'owner-b'[39m,
    cursorCol: [33m2[39m,
    cursorRow: [33m3[39m,
    cellWidthPx: [33m10[39m,
    cellHeightPx: [33m20[39m
  }
}

stdout | src/components/NativeTerminalPane.lifecycle.test.tsx > NativeTerminalPane compositor ownership lifecycle > does not recover input when its owner becomes hidden
[ferryx:switch] {
  runId: [32m'983ed8ca-40ab-4a81-83b5-c8ac76620b18'[39m,
  sequence: [33m30[39m,
  event: [32m'terminal.surface.presentation.stale'[39m,
  wallTimeMs: [33m1791075505862[39m,
  details: {
    localSessionId: [90mundefined[39m,
    backendSessionId: [32m'owner-a'[39m,
    paneIdentity: [32m'frontend-owner-a'[39m,
    bindingKey: [32m'owner-a::0:'[39m,
    attemptGeneration: [33m0[39m,
    currentPaneIdentity: [32m'frontend-owner-a'[39m,
    currentBackendSessionId: [32m'owner-a'[39m,
    currentBindingKey: [32m'owner-a::0:'[39m
  }
}
[ferryx:switch] {
  runId: [32m'983ed8ca-40ab-4a81-83b5-c8ac76620b18'[39m,
  sequence: [33m31[39m,
  event: [32m'terminal.surface.presented'[39m,
  wallTimeMs: [33m1791075505862[39m,
  details: {
    localSessionId: [90mundefined[39m,
    backendSessionId: [32m'owner-a'[39m,
    cursorCol: [33m2[39m,
    cursorRow: [33m3[39m,
    cellWidthPx: [33m10[39m,
    cellHeightPx: [33m20[39m
  }
}

stdout | src/components/NativeTerminalPane.lifecycle.test.tsx > NativeTerminalPane compositor ownership lifecycle > does not recover input when its owner becomes hidden
[ferryx:switch] {
  runId: [32m'983ed8ca-40ab-4a81-83b5-c8ac76620b18'[39m,
  sequence: [33m32[39m,
  event: [32m'terminal.surface.input.accepted'[39m,
  wallTimeMs: [33m1791075505863[39m,
  details: {
    operationId: [32m'req-c95dec71-owner-a-2'[39m,
    backendSessionId: [32m'owner-a'[39m,
    paneIdentity: [1mnull[22m,
    bindingKey: [1mnull[22m,
    attemptGeneration: [1mnull[22m,
    daemonEpoch: [1mnull[22m,
    incarnation: [1mnull[22m,
    payloadBytes: [33m1[39m,
    queuedAt: [33m1791075505863[39m
  }
}
[ferryx:switch] {
  runId: [32m'983ed8ca-40ab-4a81-83b5-c8ac76620b18'[39m,
  sequence: [33m33[39m,
  event: [32m'terminal.surface.input.dispatch'[39m,
  wallTimeMs: [33m1791075505863[39m,
  details: {
    operationId: [32m'req-c95dec71-owner-a-2'[39m,
    backendSessionId: [32m'owner-a'[39m,
    paneIdentity: [1mnull[22m,
    bindingKey: [1mnull[22m,
    attemptGeneration: [1mnull[22m,
    daemonEpoch: [1mnull[22m,
    incarnation: [1mnull[22m,
    dispatchedAt: [33m1791075505863[39m
  }
}

stdout | src/components/NativeTerminalPane.lifecycle.test.tsx > NativeTerminalPane compositor ownership lifecycle > does not retry input after its owner leaves during recovery
[ferryx:switch] {
  runId: [32m'983ed8ca-40ab-4a81-83b5-c8ac76620b18'[39m,
  sequence: [33m34[39m,
  event: [32m'terminal.surface.presentation.stale'[39m,
  wallTimeMs: [33m1791075505866[39m,
  details: {
    localSessionId: [90mundefined[39m,
    backendSessionId: [32m'owner-a'[39m,
    paneIdentity: [32m'frontend-owner-a'[39m,
    bindingKey: [32m'owner-a::0:'[39m,
    attemptGeneration: [33m0[39m,
    currentPaneIdentity: [32m'frontend-owner-a'[39m,
    currentBackendSessionId: [32m'owner-a'[39m,
    currentBindingKey: [32m'owner-a::0:'[39m
  }
}
[ferryx:switch] {
  runId: [32m'983ed8ca-40ab-4a81-83b5-c8ac76620b18'[39m,
  sequence: [33m35[39m,
  event: [32m'terminal.surface.presented'[39m,
  wallTimeMs: [33m1791075505866[39m,
  details: {
    localSessionId: [90mundefined[39m,
    backendSessionId: [32m'owner-a'[39m,
    cursorCol: [33m2[39m,
    cursorRow: [33m3[39m,
    cellWidthPx: [33m10[39m,
    cellHeightPx: [33m20[39m
  }
}

stdout | src/components/NativeTerminalPane.lifecycle.test.tsx > NativeTerminalPane compositor ownership lifecycle > does not retry input after its owner leaves during recovery
[ferryx:switch] {
  runId: [32m'983ed8ca-40ab-4a81-83b5-c8ac76620b18'[39m,
  sequence: [33m36[39m,
  event: [32m'terminal.surface.input.accepted'[39m,
  wallTimeMs: [33m1791075505867[39m,
  details: {
    operationId: [32m'req-c95dec71-owner-a-3'[39m,
    backendSessionId: [32m'owner-a'[39m,
    paneIdentity: [1mnull[22m,
    bindingKey: [1mnull[22m,
    attemptGeneration: [1mnull[22m,
    daemonEpoch: [1mnull[22m,
    incarnation: [1mnull[22m,
    payloadBytes: [33m1[39m,
    queuedAt: [33m1791075505867[39m
  }
}
[ferryx:switch] {
  runId: [32m'983ed8ca-40ab-4a81-83b5-c8ac76620b18'[39m,
  sequence: [33m37[39m,
  event: [32m'terminal.surface.input.dispatch'[39m,
  wallTimeMs: [33m1791075505867[39m,
  details: {
    operationId: [32m'req-c95dec71-owner-a-3'[39m,
    backendSessionId: [32m'owner-a'[39m,
    paneIdentity: [1mnull[22m,
    bindingKey: [1mnull[22m,
    attemptGeneration: [1mnull[22m,
    daemonEpoch: [1mnull[22m,
    incarnation: [1mnull[22m,
    dispatchedAt: [33m1791075505867[39m
  }
}

stdout | src/components/NativeTerminalPane.lifecycle.test.tsx > NativeTerminalPane compositor ownership lifecycle > does not retry input after its owner leaves during recovery
[ferryx:switch] {
  runId: [32m'983ed8ca-40ab-4a81-83b5-c8ac76620b18'[39m,
  sequence: [33m38[39m,
  event: [32m'terminal.surface.input.error.recovering'[39m,
  wallTimeMs: [33m1791075505867[39m,
  details: { backendSessionId: [32m'owner-a'[39m, error: [32m'[object Object]'[39m }
}

stdout | src/components/NativeTerminalPane.lifecycle.test.tsx > NativeTerminalPane compositor ownership lifecycle > does not retry input after its owner leaves during recovery
[ferryx:switch] {
  runId: [32m'983ed8ca-40ab-4a81-83b5-c8ac76620b18'[39m,
  sequence: [33m39[39m,
  event: [32m'terminal.surface.presentation.stale'[39m,
  wallTimeMs: [33m1791075505868[39m,
  details: {
    localSessionId: [90mundefined[39m,
    backendSessionId: [32m'owner-b'[39m,
    paneIdentity: [32m'frontend-owner-b'[39m,
    bindingKey: [32m'owner-b::0:'[39m,
    attemptGeneration: [33m0[39m,
    currentPaneIdentity: [32m'frontend-owner-b'[39m,
    currentBackendSessionId: [32m'owner-b'[39m,
    currentBindingKey: [32m'owner-b::0:'[39m
  }
}
[ferryx:switch] {
  runId: [32m'983ed8ca-40ab-4a81-83b5-c8ac76620b18'[39m,
  sequence: [33m40[39m,
  event: [32m'terminal.surface.presented'[39m,
  wallTimeMs: [33m1791075505868[39m,
  details: {
    localSessionId: [90mundefined[39m,
    backendSessionId: [32m'owner-b'[39m,
    cursorCol: [33m2[39m,
    cursorRow: [33m3[39m,
    cellWidthPx: [33m10[39m,
    cellHeightPx: [33m20[39m
  }
}

stdout | src/components/NativeTerminalPane.lifecycle.test.tsx > NativeTerminalPane compositor ownership lifecycle > guards queued recovery attachment while preserving a returning owner (returns=false)
[ferryx:switch] {
  runId: [32m'983ed8ca-40ab-4a81-83b5-c8ac76620b18'[39m,
  sequence: [33m41[39m,
  event: [32m'terminal.surface.input.accepted'[39m,
  wallTimeMs: [33m1791075505875[39m,
  details: {
    operationId: [32m'req-c95dec71-owner-a-4'[39m,
    backendSessionId: [32m'owner-a'[39m,
    paneIdentity: [1mnull[22m,
    bindingKey: [1mnull[22m,
    attemptGeneration: [1mnull[22m,
    daemonEpoch: [1mnull[22m,
    incarnation: [1mnull[22m,
    payloadBytes: [33m1[39m,
    queuedAt: [33m1791075505875[39m
  }
}
[ferryx:switch] {
  runId: [32m'983ed8ca-40ab-4a81-83b5-c8ac76620b18'[39m,
  sequence: [33m42[39m,
  event: [32m'terminal.surface.input.dispatch'[39m,
  wallTimeMs: [33m1791075505875[39m,
  details: {
    operationId: [32m'req-c95dec71-owner-a-4'[39m,
    backendSessionId: [32m'owner-a'[39m,
    paneIdentity: [1mnull[22m,
    bindingKey: [1mnull[22m,
    attemptGeneration: [1mnull[22m,
    daemonEpoch: [1mnull[22m,
    incarnation: [1mnull[22m,
    dispatchedAt: [33m1791075505875[39m
  }
}

stdout | src/components/NativeTerminalPane.lifecycle.test.tsx > NativeTerminalPane compositor ownership lifecycle > guards queued recovery attachment while preserving a returning owner (returns=false)
[ferryx:switch] {
  runId: [32m'983ed8ca-40ab-4a81-83b5-c8ac76620b18'[39m,
  sequence: [33m43[39m,
  event: [32m'terminal.surface.input.error.recovering'[39m,
  wallTimeMs: [33m1791075505875[39m,
  details: { backendSessionId: [32m'owner-a'[39m, error: [32m'[object Object]'[39m }
}

stdout | src/components/NativeTerminalPane.lifecycle.test.tsx > NativeTerminalPane compositor ownership lifecycle > guards queued recovery attachment while preserving a returning owner (returns=true)
[ferryx:switch] {
  runId: [32m'983ed8ca-40ab-4a81-83b5-c8ac76620b18'[39m,
  sequence: [33m44[39m,
  event: [32m'terminal.surface.input.accepted'[39m,
  wallTimeMs: [33m1791075505877[39m,
  details: {
    operationId: [32m'req-c95dec71-owner-a-5'[39m,
    backendSessionId: [32m'owner-a'[39m,
    paneIdentity: [1mnull[22m,
    bindingKey: [1mnull[22m,
    attemptGeneration: [1mnull[22m,
    daemonEpoch: [1mnull[22m,
    incarnation: [1mnull[22m,
    payloadBytes: [33m1[39m,
    queuedAt: [33m1791075505877[39m
  }
}
[ferryx:switch] {
  runId: [32m'983ed8ca-40ab-4a81-83b5-c8ac76620b18'[39m,
  sequence: [33m45[39m,
  event: [32m'terminal.surface.input.dispatch'[39m,
  wallTimeMs: [33m1791075505877[39m,
  details: {
    operationId: [32m'req-c95dec71-owner-a-5'[39m,
    backendSessionId: [32m'owner-a'[39m,
    paneIdentity: [1mnull[22m,
    bindingKey: [1mnull[22m,
    attemptGeneration: [1mnull[22m,
    daemonEpoch: [1mnull[22m,
    incarnation: [1mnull[22m,
    dispatchedAt: [33m1791075505877[39m
  }
}

stdout | src/components/NativeTerminalPane.lifecycle.test.tsx > NativeTerminalPane compositor ownership lifecycle > guards queued recovery attachment while preserving a returning owner (returns=true)
[ferryx:switch] {
  runId: [32m'983ed8ca-40ab-4a81-83b5-c8ac76620b18'[39m,
  sequence: [33m46[39m,
  event: [32m'terminal.surface.input.error.recovering'[39m,
  wallTimeMs: [33m1791075505877[39m,
  details: { backendSessionId: [32m'owner-a'[39m, error: [32m'[object Object]'[39m }
}

stdout | src/components/NativeTerminalPane.lifecycle.test.tsx > NativeTerminalPane compositor ownership lifecycle > guards queued recovery attachment while preserving a returning owner (returns=true)
[ferryx:switch] {
  runId: [32m'983ed8ca-40ab-4a81-83b5-c8ac76620b18'[39m,
  sequence: [33m47[39m,
  event: [32m'terminal.surface.presentation.stale'[39m,
  wallTimeMs: [33m1791075505879[39m,
  details: {
    localSessionId: [90mundefined[39m,
    backendSessionId: [32m'owner-a'[39m,
    paneIdentity: [32m'frontend-owner-a'[39m,
    bindingKey: [32m'owner-a::0:'[39m,
    attemptGeneration: [33m0[39m,
    currentPaneIdentity: [32m'frontend-owner-a'[39m,
    currentBackendSessionId: [32m'owner-a'[39m,
    currentBindingKey: [32m'owner-a::0:'[39m
  }
}
[ferryx:switch] {
  runId: [32m'983ed8ca-40ab-4a81-83b5-c8ac76620b18'[39m,
  sequence: [33m48[39m,
  event: [32m'terminal.surface.presented'[39m,
  wallTimeMs: [33m1791075505879[39m,
  details: {
    localSessionId: [90mundefined[39m,
    backendSessionId: [32m'owner-a'[39m,
    cursorCol: [33m2[39m,
    cursorRow: [33m3[39m,
    cellWidthPx: [33m10[39m,
    cellHeightPx: [33m20[39m
  }
}

stdout | src/components/NativeTerminalPane.lifecycle.test.tsx > NativeTerminalPane compositor ownership lifecycle > does not publish a stale input receipt after replacement
[ferryx:switch] {
  runId: [32m'983ed8ca-40ab-4a81-83b5-c8ac76620b18'[39m,
  sequence: [33m49[39m,
  event: [32m'terminal.surface.presentation.stale'[39m,
  wallTimeMs: [33m1791075505882[39m,
  details: {
    localSessionId: [90mundefined[39m,
    backendSessionId: [32m'owner-a'[39m,
    paneIdentity: [32m'frontend-owner-a'[39m,
    bindingKey: [32m'owner-a::0:'[39m,
    attemptGeneration: [33m0[39m,
    currentPaneIdentity: [32m'frontend-owner-a'[39m,
    currentBackendSessionId: [32m'owner-a'[39m,
    currentBindingKey: [32m'owner-a::0:'[39m
  }
}
[ferryx:switch] {
  runId: [32m'983ed8ca-40ab-4a81-83b5-c8ac76620b18'[39m,
  sequence: [33m50[39m,
  event: [32m'terminal.surface.presented'[39m,
  wallTimeMs: [33m1791075505882[39m,
  details: {
    localSessionId: [90mundefined[39m,
    backendSessionId: [32m'owner-a'[39m,
    cursorCol: [33m2[39m,
    cursorRow: [33m3[39m,
    cellWidthPx: [33m10[39m,
    cellHeightPx: [33m20[39m
  }
}

stdout | src/components/NativeTerminalPane.lifecycle.test.tsx > NativeTerminalPane compositor ownership lifecycle > does not publish a stale input receipt after replacement
[ferryx:switch] {
  runId: [32m'983ed8ca-40ab-4a81-83b5-c8ac76620b18'[39m,
  sequence: [33m51[39m,
  event: [32m'terminal.surface.input.accepted'[39m,
  wallTimeMs: [33m1791075505885[39m,
  details: {
    operationId: [32m'req-c95dec71-owner-a-6'[39m,
    backendSessionId: [32m'owner-a'[39m,
    paneIdentity: [1mnull[22m,
    bindingKey: [1mnull[22m,
    attemptGeneration: [1mnull[22m,
    daemonEpoch: [1mnull[22m,
    incarnation: [1mnull[22m,
    payloadBytes: [33m1[39m,
    queuedAt: [33m1791075505885[39m
  }
}
[ferryx:switch] {
  runId: [32m'983ed8ca-40ab-4a81-83b5-c8ac76620b18'[39m,
  sequence: [33m52[39m,
  event: [32m'terminal.surface.input.dispatch'[39m,
  wallTimeMs: [33m1791075505885[39m,
  details: {
    operationId: [32m'req-c95dec71-owner-a-6'[39m,
    backendSessionId: [32m'owner-a'[39m,
    paneIdentity: [1mnull[22m,
    bindingKey: [1mnull[22m,
    attemptGeneration: [1mnull[22m,
    daemonEpoch: [1mnull[22m,
    incarnation: [1mnull[22m,
    dispatchedAt: [33m1791075505885[39m
  }
}

stdout | src/components/NativeTerminalPane.lifecycle.test.tsx > NativeTerminalPane compositor ownership lifecycle > does not publish a stale input receipt after replacement
[ferryx:switch] {
  runId: [32m'983ed8ca-40ab-4a81-83b5-c8ac76620b18'[39m,
  sequence: [33m53[39m,
  event: [32m'terminal.surface.presentation.stale'[39m,
  wallTimeMs: [33m1791075505886[39m,
  details: {
    localSessionId: [90mundefined[39m,
    backendSessionId: [32m'owner-b'[39m,
    paneIdentity: [32m'frontend-owner-b'[39m,
    bindingKey: [32m'owner-b::0:'[39m,
    attemptGeneration: [33m0[39m,
    currentPaneIdentity: [32m'frontend-owner-b'[39m,
    currentBackendSessionId: [32m'owner-b'[39m,
    currentBindingKey: [32m'owner-b::0:'[39m
  }
}
[ferryx:switch] {
  runId: [32m'983ed8ca-40ab-4a81-83b5-c8ac76620b18'[39m,
  sequence: [33m54[39m,
  event: [32m'terminal.surface.presented'[39m,
  wallTimeMs: [33m1791075505886[39m,
  details: {
    localSessionId: [90mundefined[39m,
    backendSessionId: [32m'owner-b'[39m,
    cursorCol: [33m2[39m,
    cursorRow: [33m3[39m,
    cellWidthPx: [33m10[39m,
    cellHeightPx: [33m20[39m
  }
}

stdout | src/components/NativeTerminalPane.lifecycle.test.tsx > NativeTerminalPane compositor ownership lifecycle > does not publish a stale recovery error after replacement
[ferryx:switch] {
  runId: [32m'983ed8ca-40ab-4a81-83b5-c8ac76620b18'[39m,
  sequence: [33m55[39m,
  event: [32m'terminal.surface.presentation.stale'[39m,
  wallTimeMs: [33m1791075505888[39m,
  details: {
    localSessionId: [90mundefined[39m,
    backendSessionId: [32m'owner-a'[39m,
    paneIdentity: [32m'frontend-owner-a'[39m,
    bindingKey: [32m'owner-a::0:'[39m,
    attemptGeneration: [33m0[39m,
    currentPaneIdentity: [32m'frontend-owner-a'[39m,
    currentBackendSessionId: [32m'owner-a'[39m,
    currentBindingKey: [32m'owner-a::0:'[39m
  }
}
[ferryx:switch] {
  runId: [32m'983ed8ca-40ab-4a81-83b5-c8ac76620b18'[39m,
  sequence: [33m56[39m,
  event: [32m'terminal.surface.presented'[39m,
  wallTimeMs: [33m1791075505888[39m,
  details: {
    localSessionId: [90mundefined[39m,
    backendSessionId: [32m'owner-a'[39m,
    cursorCol: [33m2[39m,
    cursorRow: [33m3[39m,
    cellWidthPx: [33m10[39m,
    cellHeightPx: [33m20[39m
  }
}

stdout | src/components/NativeTerminalPane.lifecycle.test.tsx > NativeTerminalPane compositor ownership lifecycle > does not publish a stale recovery error after replacement
[ferryx:switch] {
  runId: [32m'983ed8ca-40ab-4a81-83b5-c8ac76620b18'[39m,
  sequence: [33m57[39m,
  event: [32m'terminal.surface.input.accepted'[39m,
  wallTimeMs: [33m1791075505889[39m,
  details: {
    operationId: [32m'req-c95dec71-owner-a-7'[39m,
    backendSessionId: [32m'owner-a'[39m,
    paneIdentity: [1mnull[22m,
    bindingKey: [1mnull[22m,
    attemptGeneration: [1mnull[22m,
    daemonEpoch: [1mnull[22m,
    incarnation: [1mnull[22m,
    payloadBytes: [33m1[39m,
    queuedAt: [33m1791075505889[39m
  }
}
[ferryx:switch] {
  runId: [32m'983ed8ca-40ab-4a81-83b5-c8ac76620b18'[39m,
  sequence: [33m58[39m,
  event: [32m'terminal.surface.input.dispatch'[39m,
  wallTimeMs: [33m1791075505889[39m,
  details: {
    operationId: [32m'req-c95dec71-owner-a-7'[39m,
    backendSessionId: [32m'owner-a'[39m,
    paneIdentity: [1mnull[22m,
    bindingKey: [1mnull[22m,
    attemptGeneration: [1mnull[22m,
    daemonEpoch: [1mnull[22m,
    incarnation: [1mnull[22m,
    dispatchedAt: [33m1791075505889[39m
  }
}

stdout | src/components/NativeTerminalPane.lifecycle.test.tsx > NativeTerminalPane compositor ownership lifecycle > does not publish a stale recovery error after replacement
[ferryx:switch] {
  runId: [32m'983ed8ca-40ab-4a81-83b5-c8ac76620b18'[39m,
  sequence: [33m59[39m,
  event: [32m'terminal.surface.input.error.recovering'[39m,
  wallTimeMs: [33m1791075505889[39m,
  details: { backendSessionId: [32m'owner-a'[39m, error: [32m'[object Object]'[39m }
}

stdout | src/components/NativeTerminalPane.lifecycle.test.tsx > NativeTerminalPane compositor ownership lifecycle > does not publish a stale recovery error after replacement
[ferryx:switch] {
  runId: [32m'983ed8ca-40ab-4a81-83b5-c8ac76620b18'[39m,
  sequence: [33m60[39m,
  event: [32m'terminal.surface.presentation.stale'[39m,
  wallTimeMs: [33m1791075505890[39m,
  details: {
    localSessionId: [90mundefined[39m,
    backendSessionId: [32m'owner-b'[39m,
    paneIdentity: [32m'frontend-owner-b'[39m,
    bindingKey: [32m'owner-b::0:'[39m,
    attemptGeneration: [33m0[39m,
    currentPaneIdentity: [32m'frontend-owner-b'[39m,
    currentBackendSessionId: [32m'owner-b'[39m,
    currentBindingKey: [32m'owner-b::0:'[39m
  }
}
[ferryx:switch] {
  runId: [32m'983ed8ca-40ab-4a81-83b5-c8ac76620b18'[39m,
  sequence: [33m61[39m,
  event: [32m'terminal.surface.presented'[39m,
  wallTimeMs: [33m1791075505890[39m,
  details: {
    localSessionId: [90mundefined[39m,
    backendSessionId: [32m'owner-b'[39m,
    cursorCol: [33m2[39m,
    cursorRow: [33m3[39m,
    cellWidthPx: [33m10[39m,
    cellHeightPx: [33m20[39m
  }
}

stdout | src/components/NativeTerminalPane.lifecycle.test.tsx > NativeTerminalPane compositor ownership lifecycle > does not publish a stale retry receipt after replacement
[ferryx:switch] {
  runId: [32m'983ed8ca-40ab-4a81-83b5-c8ac76620b18'[39m,
  sequence: [33m62[39m,
  event: [32m'terminal.surface.presentation.stale'[39m,
  wallTimeMs: [33m1791075505892[39m,
  details: {
    localSessionId: [90mundefined[39m,
    backendSessionId: [32m'owner-a'[39m,
    paneIdentity: [32m'frontend-owner-a'[39m,
    bindingKey: [32m'owner-a::0:'[39m,
    attemptGeneration: [33m0[39m,
    currentPaneIdentity: [32m'frontend-owner-a'[39m,
    currentBackendSessionId: [32m'owner-a'[39m,
    currentBindingKey: [32m'owner-a::0:'[39m
  }
}
[ferryx:switch] {
  runId: [32m'983ed8ca-40ab-4a81-83b5-c8ac76620b18'[39m,
  sequence: [33m63[39m,
  event: [32m'terminal.surface.presented'[39m,
  wallTimeMs: [33m1791075505892[39m,
  details: {
    localSessionId: [90mundefined[39m,
    backendSessionId: [32m'owner-a'[39m,
    cursorCol: [33m2[39m,
    cursorRow: [33m3[39m,
    cellWidthPx: [33m10[39m,
    cellHeightPx: [33m20[39m
  }
}

stdout | src/components/NativeTerminalPane.lifecycle.test.tsx > NativeTerminalPane compositor ownership lifecycle > does not publish a stale retry receipt after replacement
[ferryx:switch] {
  runId: [32m'983ed8ca-40ab-4a81-83b5-c8ac76620b18'[39m,
  sequence: [33m64[39m,
  event: [32m'terminal.surface.input.accepted'[39m,
  wallTimeMs: [33m1791075505893[39m,
  details: {
    operationId: [32m'req-c95dec71-owner-a-8'[39m,
    backendSessionId: [32m'owner-a'[39m,
    paneIdentity: [1mnull[22m,
    bindingKey: [1mnull[22m,
    attemptGeneration: [1mnull[22m,
    daemonEpoch: [1mnull[22m,
    incarnation: [1mnull[22m,
    payloadBytes: [33m1[39m,
    queuedAt: [33m1791075505892[39m
  }
}
[ferryx:switch] {
  runId: [32m'983ed8ca-40ab-4a81-83b5-c8ac76620b18'[39m,
  sequence: [33m65[39m,
  event: [32m'terminal.surface.input.dispatch'[39m,
  wallTimeMs: [33m1791075505893[39m,
  details: {
    operationId: [32m'req-c95dec71-owner-a-8'[39m,
    backendSessionId: [32m'owner-a'[39m,
    paneIdentity: [1mnull[22m,
    bindingKey: [1mnull[22m,
    attemptGeneration: [1mnull[22m,
    daemonEpoch: [1mnull[22m,
    incarnation: [1mnull[22m,
    dispatchedAt: [33m1791075505893[39m
  }
}

stdout | src/components/NativeTerminalPane.lifecycle.test.tsx > NativeTerminalPane compositor ownership lifecycle > does not publish a stale retry receipt after replacement
[ferryx:switch] {
  runId: [32m'983ed8ca-40ab-4a81-83b5-c8ac76620b18'[39m,
  sequence: [33m66[39m,
  event: [32m'terminal.surface.input.error.recovering'[39m,
  wallTimeMs: [33m1791075505893[39m,
  details: { backendSessionId: [32m'owner-a'[39m, error: [32m'[object Object]'[39m }
}

stdout | src/components/NativeTerminalPane.lifecycle.test.tsx > NativeTerminalPane compositor ownership lifecycle > does not publish a stale retry receipt after replacement
[ferryx:switch] {
  runId: [32m'983ed8ca-40ab-4a81-83b5-c8ac76620b18'[39m,
  sequence: [33m67[39m,
  event: [32m'terminal.surface.input.accepted'[39m,
  wallTimeMs: [33m1791075505893[39m,
  details: {
    operationId: [32m'req-c95dec71-owner-a-9'[39m,
    backendSessionId: [32m'owner-a'[39m,
    paneIdentity: [1mnull[22m,
    bindingKey: [1mnull[22m,
    attemptGeneration: [1mnull[22m,
    daemonEpoch: [1mnull[22m,
    incarnation: [1mnull[22m,
    payloadBytes: [33m1[39m,
    queuedAt: [33m1791075505893[39m
  }
}
[ferryx:switch] {
  runId: [32m'983ed8ca-40ab-4a81-83b5-c8ac76620b18'[39m,
  sequence: [33m68[39m,
  event: [32m'terminal.surface.input.dispatch'[39m,
  wallTimeMs: [33m1791075505893[39m,
  details: {
    operationId: [32m'req-c95dec71-owner-a-9'[39m,
    backendSessionId: [32m'owner-a'[39m,
    paneIdentity: [1mnull[22m,
    bindingKey: [1mnull[22m,
    attemptGeneration: [1mnull[22m,
    daemonEpoch: [1mnull[22m,
    incarnation: [1mnull[22m,
    dispatchedAt: [33m1791075505893[39m
  }
}

stdout | src/components/NativeTerminalPane.lifecycle.test.tsx > NativeTerminalPane compositor ownership lifecycle > does not publish a stale retry receipt after replacement
[ferryx:switch] {
  runId: [32m'983ed8ca-40ab-4a81-83b5-c8ac76620b18'[39m,
  sequence: [33m69[39m,
  event: [32m'terminal.surface.presentation.stale'[39m,
  wallTimeMs: [33m1791075505894[39m,
  details: {
    localSessionId: [90mundefined[39m,
    backendSessionId: [32m'owner-b'[39m,
    paneIdentity: [32m'frontend-owner-b'[39m,
    bindingKey: [32m'owner-b::0:'[39m,
    attemptGeneration: [33m0[39m,
    currentPaneIdentity: [32m'frontend-owner-b'[39m,
    currentBackendSessionId: [32m'owner-b'[39m,
    currentBindingKey: [32m'owner-b::0:'[39m
  }
}
[ferryx:switch] {
  runId: [32m'983ed8ca-40ab-4a81-83b5-c8ac76620b18'[39m,
  sequence: [33m70[39m,
  event: [32m'terminal.surface.presented'[39m,
  wallTimeMs: [33m1791075505894[39m,
  details: {
    localSessionId: [90mundefined[39m,
    backendSessionId: [32m'owner-b'[39m,
    cursorCol: [33m2[39m,
    cursorRow: [33m3[39m,
    cellWidthPx: [33m10[39m,
    cellHeightPx: [33m20[39m
  }
}

stdout | src/components/NativeTerminalPane.lifecycle.test.tsx > NativeTerminalPane compositor ownership lifecycle > does not publish a stale retry error after replacement
[ferryx:switch] {
  runId: [32m'983ed8ca-40ab-4a81-83b5-c8ac76620b18'[39m,
  sequence: [33m71[39m,
  event: [32m'terminal.surface.presentation.stale'[39m,
  wallTimeMs: [33m1791075505895[39m,
  details: {
    localSessionId: [90mundefined[39m,
    backendSessionId: [32m'owner-a'[39m,
    paneIdentity: [32m'frontend-owner-a'[39m,
    bindingKey: [32m'owner-a::0:'[39m,
    attemptGeneration: [33m0[39m,
    currentPaneIdentity: [32m'frontend-owner-a'[39m,
    currentBackendSessionId: [32m'owner-a'[39m,
    currentBindingKey: [32m'owner-a::0:'[39m
  }
}
[ferryx:switch] {
  runId: [32m'983ed8ca-40ab-4a81-83b5-c8ac76620b18'[39m,
  sequence: [33m72[39m,
  event: [32m'terminal.surface.presented'[39m,
  wallTimeMs: [33m1791075505895[39m,
  details: {
    localSessionId: [90mundefined[39m,
    backendSessionId: [32m'owner-a'[39m,
    cursorCol: [33m2[39m,
    cursorRow: [33m3[39m,
    cellWidthPx: [33m10[39m,
    cellHeightPx: [33m20[39m
  }
}

stdout | src/components/NativeTerminalPane.lifecycle.test.tsx > NativeTerminalPane compositor ownership lifecycle > does not publish a stale retry error after replacement
[ferryx:switch] {
  runId: [32m'983ed8ca-40ab-4a81-83b5-c8ac76620b18'[39m,
  sequence: [33m73[39m,
  event: [32m'terminal.surface.input.accepted'[39m,
  wallTimeMs: [33m1791075505896[39m,
  details: {
    operationId: [32m'req-c95dec71-owner-a-10'[39m,
    backendSessionId: [32m'owner-a'[39m,
    paneIdentity: [1mnull[22m,
    bindingKey: [1mnull[22m,
    attemptGeneration: [1mnull[22m,
    daemonEpoch: [1mnull[22m,
    incarnation: [1mnull[22m,
    payloadBytes: [33m1[39m,
    queuedAt: [33m1791075505896[39m
  }
}
[ferryx:switch] {
  runId: [32m'983ed8ca-40ab-4a81-83b5-c8ac76620b18'[39m,
  sequence: [33m74[39m,
  event: [32m'terminal.surface.input.dispatch'[39m,
  wallTimeMs: [33m1791075505896[39m,
  details: {
    operationId: [32m'req-c95dec71-owner-a-10'[39m,
    backendSessionId: [32m'owner-a'[39m,
    paneIdentity: [1mnull[22m,
    bindingKey: [1mnull[22m,
    attemptGeneration: [1mnull[22m,
    daemonEpoch: [1mnull[22m,
    incarnation: [1mnull[22m,
    dispatchedAt: [33m1791075505896[39m
  }
}

stdout | src/components/NativeTerminalPane.lifecycle.test.tsx > NativeTerminalPane compositor ownership lifecycle > does not publish a stale retry error after replacement
[ferryx:switch] {
  runId: [32m'983ed8ca-40ab-4a81-83b5-c8ac76620b18'[39m,
  sequence: [33m75[39m,
  event: [32m'terminal.surface.input.error.recovering'[39m,
  wallTimeMs: [33m1791075505896[39m,
  details: { backendSessionId: [32m'owner-a'[39m, error: [32m'[object Object]'[39m }
}

stdout | src/components/NativeTerminalPane.lifecycle.test.tsx > NativeTerminalPane compositor ownership lifecycle > does not publish a stale retry error after replacement
[ferryx:switch] {
  runId: [32m'983ed8ca-40ab-4a81-83b5-c8ac76620b18'[39m,
  sequence: [33m76[39m,
  event: [32m'terminal.surface.input.accepted'[39m,
  wallTimeMs: [33m1791075505896[39m,
  details: {
    operationId: [32m'req-c95dec71-owner-a-11'[39m,
    backendSessionId: [32m'owner-a'[39m,
    paneIdentity: [1mnull[22m,
    bindingKey: [1mnull[22m,
    attemptGeneration: [1mnull[22m,
    daemonEpoch: [1mnull[22m,
    incarnation: [1mnull[22m,
    payloadBytes: [33m1[39m,
    queuedAt: [33m1791075505896[39m
  }
}
[ferryx:switch] {
  runId: [32m'983ed8ca-40ab-4a81-83b5-c8ac76620b18'[39m,
  sequence: [33m77[39m,
  event: [32m'terminal.surface.input.dispatch'[39m,
  wallTimeMs: [33m1791075505896[39m,
  details: {
    operationId: [32m'req-c95dec71-owner-a-11'[39m,
    backendSessionId: [32m'owner-a'[39m,
    paneIdentity: [1mnull[22m,
    bindingKey: [1mnull[22m,
    attemptGeneration: [1mnull[22m,
    daemonEpoch: [1mnull[22m,
    incarnation: [1mnull[22m,
    dispatchedAt: [33m1791075505896[39m
  }
}

stdout | src/components/NativeTerminalPane.lifecycle.test.tsx > NativeTerminalPane compositor ownership lifecycle > does not publish a stale retry error after replacement
[ferryx:switch] {
  runId: [32m'983ed8ca-40ab-4a81-83b5-c8ac76620b18'[39m,
  sequence: [33m78[39m,
  event: [32m'terminal.surface.presentation.stale'[39m,
  wallTimeMs: [33m1791075505897[39m,
  details: {
    localSessionId: [90mundefined[39m,
    backendSessionId: [32m'owner-b'[39m,
    paneIdentity: [32m'frontend-owner-b'[39m,
    bindingKey: [32m'owner-b::0:'[39m,
    attemptGeneration: [33m0[39m,
    currentPaneIdentity: [32m'frontend-owner-b'[39m,
    currentBackendSessionId: [32m'owner-b'[39m,
    currentBindingKey: [32m'owner-b::0:'[39m
  }
}
[ferryx:switch] {
  runId: [32m'983ed8ca-40ab-4a81-83b5-c8ac76620b18'[39m,
  sequence: [33m79[39m,
  event: [32m'terminal.surface.presented'[39m,
  wallTimeMs: [33m1791075505897[39m,
  details: {
    localSessionId: [90mundefined[39m,
    backendSessionId: [32m'owner-b'[39m,
    cursorCol: [33m2[39m,
    cursorRow: [33m3[39m,
    cellWidthPx: [33m10[39m,
    cellHeightPx: [33m20[39m
  }
}

stdout | src/components/NativeTerminalPane.lifecycle.test.tsx > NativeTerminalPane compositor ownership lifecycle > shares one recovery for concurrent inputs from a live owner
[ferryx:switch] {
  runId: [32m'983ed8ca-40ab-4a81-83b5-c8ac76620b18'[39m,
  sequence: [33m80[39m,
  event: [32m'terminal.surface.presentation.stale'[39m,
  wallTimeMs: [33m1791075505899[39m,
  details: {
    localSessionId: [90mundefined[39m,
    backendSessionId: [32m'owner-a'[39m,
    paneIdentity: [32m'frontend-owner-a'[39m,
    bindingKey: [32m'owner-a::0:'[39m,
    attemptGeneration: [33m0[39m,
    currentPaneIdentity: [32m'frontend-owner-a'[39m,
    currentBackendSessionId: [32m'owner-a'[39m,
    currentBindingKey: [32m'owner-a::0:'[39m
  }
}
[ferryx:switch] {
  runId: [32m'983ed8ca-40ab-4a81-83b5-c8ac76620b18'[39m,
  sequence: [33m81[39m,
  event: [32m'terminal.surface.presented'[39m,
  wallTimeMs: [33m1791075505899[39m,
  details: {
    localSessionId: [90mundefined[39m,
    backendSessionId: [32m'owner-a'[39m,
    cursorCol: [33m2[39m,
    cursorRow: [33m3[39m,
    cellWidthPx: [33m10[39m,
    cellHeightPx: [33m20[39m
  }
}

stdout | src/components/NativeTerminalPane.lifecycle.test.tsx > NativeTerminalPane compositor ownership lifecycle > shares one recovery for concurrent inputs from a live owner
[ferryx:switch] {
  runId: [32m'983ed8ca-40ab-4a81-83b5-c8ac76620b18'[39m,
  sequence: [33m82[39m,
  event: [32m'terminal.surface.input.accepted'[39m,
  wallTimeMs: [33m1791075505900[39m,
  details: {
    operationId: [32m'req-c95dec71-owner-a-12'[39m,
    backendSessionId: [32m'owner-a'[39m,
    paneIdentity: [1mnull[22m,
    bindingKey: [1mnull[22m,
    attemptGeneration: [1mnull[22m,
    daemonEpoch: [1mnull[22m,
    incarnation: [1mnull[22m,
    payloadBytes: [33m1[39m,
    queuedAt: [33m1791075505900[39m
  }
}
[ferryx:switch] {
  runId: [32m'983ed8ca-40ab-4a81-83b5-c8ac76620b18'[39m,
  sequence: [33m83[39m,
  event: [32m'terminal.surface.input.dispatch'[39m,
  wallTimeMs: [33m1791075505900[39m,
  details: {
    operationId: [32m'req-c95dec71-owner-a-12'[39m,
    backendSessionId: [32m'owner-a'[39m,
    paneIdentity: [1mnull[22m,
    bindingKey: [1mnull[22m,
    attemptGeneration: [1mnull[22m,
    daemonEpoch: [1mnull[22m,
    incarnation: [1mnull[22m,
    dispatchedAt: [33m1791075505900[39m
  }
}

stdout | src/components/NativeTerminalPane.lifecycle.test.tsx > NativeTerminalPane compositor ownership lifecycle > shares one recovery for concurrent inputs from a live owner
[ferryx:switch] {
  runId: [32m'983ed8ca-40ab-4a81-83b5-c8ac76620b18'[39m,
  sequence: [33m84[39m,
  event: [32m'terminal.surface.input.accepted'[39m,
  wallTimeMs: [33m1791075505900[39m,
  details: {
    operationId: [32m'req-c95dec71-owner-a-13'[39m,
    backendSessionId: [32m'owner-a'[39m,
    paneIdentity: [1mnull[22m,
    bindingKey: [1mnull[22m,
    attemptGeneration: [1mnull[22m,
    daemonEpoch: [1mnull[22m,
    incarnation: [1mnull[22m,
    payloadBytes: [33m1[39m,
    queuedAt: [33m1791075505900[39m
  }
}

stdout | src/components/NativeTerminalPane.lifecycle.test.tsx > NativeTerminalPane compositor ownership lifecycle > shares one recovery for concurrent inputs from a live owner
[ferryx:switch] {
  runId: [32m'983ed8ca-40ab-4a81-83b5-c8ac76620b18'[39m,
  sequence: [33m85[39m,
  event: [32m'terminal.surface.input.dispatch'[39m,
  wallTimeMs: [33m1791075505901[39m,
  details: {
    operationId: [32m'req-c95dec71-owner-a-13'[39m,
    backendSessionId: [32m'owner-a'[39m,
    paneIdentity: [1mnull[22m,
    bindingKey: [1mnull[22m,
    attemptGeneration: [1mnull[22m,
    daemonEpoch: [1mnull[22m,
    incarnation: [1mnull[22m,
    dispatchedAt: [33m1791075505901[39m
  }
}
[ferryx:switch] {
  runId: [32m'983ed8ca-40ab-4a81-83b5-c8ac76620b18'[39m,
  sequence: [33m86[39m,
  event: [32m'terminal.surface.input.error.recovering'[39m,
  wallTimeMs: [33m1791075505901[39m,
  details: { backendSessionId: [32m'owner-a'[39m, error: [32m'[object Object]'[39m }
}

stdout | src/components/NativeTerminalPane.lifecycle.test.tsx > NativeTerminalPane compositor ownership lifecycle > shares one recovery for concurrent inputs from a live owner
[ferryx:switch] {
  runId: [32m'983ed8ca-40ab-4a81-83b5-c8ac76620b18'[39m,
  sequence: [33m87[39m,
  event: [32m'terminal.surface.input.error.recovering'[39m,
  wallTimeMs: [33m1791075505901[39m,
  details: { backendSessionId: [32m'owner-a'[39m, error: [32m'[object Object]'[39m }
}

stdout | src/components/NativeTerminalPane.lifecycle.test.tsx > NativeTerminalPane compositor ownership lifecycle > shares one recovery for concurrent inputs from a live owner
[ferryx:switch] {
  runId: [32m'983ed8ca-40ab-4a81-83b5-c8ac76620b18'[39m,
  sequence: [33m88[39m,
  event: [32m'terminal.surface.input.accepted'[39m,
  wallTimeMs: [33m1791075505901[39m,
  details: {
    operationId: [32m'req-c95dec71-owner-a-14'[39m,
    backendSessionId: [32m'owner-a'[39m,
    paneIdentity: [1mnull[22m,
    bindingKey: [1mnull[22m,
    attemptGeneration: [1mnull[22m,
    daemonEpoch: [1mnull[22m,
    incarnation: [1mnull[22m,
    payloadBytes: [33m1[39m,
    queuedAt: [33m1791075505901[39m
  }
}
[ferryx:switch] {
  runId: [32m'983ed8ca-40ab-4a81-83b5-c8ac76620b18'[39m,
  sequence: [33m89[39m,
  event: [32m'terminal.surface.input.dispatch'[39m,
  wallTimeMs: [33m1791075505901[39m,
  details: {
    operationId: [32m'req-c95dec71-owner-a-14'[39m,
    backendSessionId: [32m'owner-a'[39m,
    paneIdentity: [1mnull[22m,
    bindingKey: [1mnull[22m,
    attemptGeneration: [1mnull[22m,
    daemonEpoch: [1mnull[22m,
    incarnation: [1mnull[22m,
    dispatchedAt: [33m1791075505901[39m
  }
}
[ferryx:switch] {
  runId: [32m'983ed8ca-40ab-4a81-83b5-c8ac76620b18'[39m,
  sequence: [33m90[39m,
  event: [32m'terminal.surface.input.accepted'[39m,
  wallTimeMs: [33m1791075505901[39m,
  details: {
    operationId: [32m'req-c95dec71-owner-a-15'[39m,
    backendSessionId: [32m'owner-a'[39m,
    paneIdentity: [1mnull[22m,
    bindingKey: [1mnull[22m,
    attemptGeneration: [1mnull[22m,
    daemonEpoch: [1mnull[22m,
    incarnation: [1mnull[22m,
    payloadBytes: [33m1[39m,
    queuedAt: [33m1791075505901[39m
  }
}

stdout | src/components/NativeTerminalPane.lifecycle.test.tsx > NativeTerminalPane compositor ownership lifecycle > shares one recovery for concurrent inputs from a live owner
[ferryx:switch] {
  runId: [32m'983ed8ca-40ab-4a81-83b5-c8ac76620b18'[39m,
  sequence: [33m91[39m,
  event: [32m'terminal.surface.input.dispatch'[39m,
  wallTimeMs: [33m1791075505901[39m,
  details: {
    operationId: [32m'req-c95dec71-owner-a-15'[39m,
    backendSessionId: [32m'owner-a'[39m,
    paneIdentity: [1mnull[22m,
    bindingKey: [1mnull[22m,
    attemptGeneration: [1mnull[22m,
    daemonEpoch: [1mnull[22m,
    incarnation: [1mnull[22m,
    dispatchedAt: [33m1791075505901[39m
  }
}
[ferryx:switch] {
  runId: [32m'983ed8ca-40ab-4a81-83b5-c8ac76620b18'[39m,
  sequence: [33m92[39m,
  event: [32m'terminal.surface.input.sent'[39m,
  wallTimeMs: [33m1791075505901[39m,
  details: { backendSessionId: [32m'owner-a'[39m, hasKeyEvent: [33mfalse[39m, textLength: [33m1[39m }
}

stdout | src/components/NativeTerminalPane.lifecycle.test.tsx > NativeTerminalPane compositor ownership lifecycle > shares one recovery for concurrent inputs from a live owner
[ferryx:switch] {
  runId: [32m'983ed8ca-40ab-4a81-83b5-c8ac76620b18'[39m,
  sequence: [33m93[39m,
  event: [32m'terminal.surface.input.sent'[39m,
  wallTimeMs: [33m1791075505901[39m,
  details: { backendSessionId: [32m'owner-a'[39m, hasKeyEvent: [33mfalse[39m, textLength: [33m1[39m }
}

stdout | src/components/NativeTerminalPane.lifecycle.test.tsx > NativeTerminalPane compositor ownership lifecycle > does not replay Ctrl+C when delivery is ambiguous: {}
[ferryx:switch] {
  runId: [32m'983ed8ca-40ab-4a81-83b5-c8ac76620b18'[39m,
  sequence: [33m94[39m,
  event: [32m'terminal.surface.presentation.stale'[39m,
  wallTimeMs: [33m1791075505903[39m,
  details: {
    localSessionId: [90mundefined[39m,
    backendSessionId: [32m'accepted-input'[39m,
    paneIdentity: [32m'frontend-accepted-input'[39m,
    bindingKey: [32m'accepted-input::0:'[39m,
    attemptGeneration: [33m0[39m,
    currentPaneIdentity: [32m'frontend-accepted-input'[39m,
    currentBackendSessionId: [32m'accepted-input'[39m,
    currentBindingKey: [32m'accepted-input::0:'[39m
  }
}
[ferryx:switch] {
  runId: [32m'983ed8ca-40ab-4a81-83b5-c8ac76620b18'[39m,
  sequence: [33m95[39m,
  event: [32m'terminal.surface.presented'[39m,
  wallTimeMs: [33m1791075505903[39m,
  details: {
    localSessionId: [90mundefined[39m,
    backendSessionId: [32m'accepted-input'[39m,
    cursorCol: [33m2[39m,
    cursorRow: [33m3[39m,
    cellWidthPx: [33m10[39m,
    cellHeightPx: [33m20[39m
  }
}

stdout | src/components/NativeTerminalPane.lifecycle.test.tsx > NativeTerminalPane compositor ownership lifecycle > does not replay Ctrl+C when delivery is ambiguous: {}
[ferryx:switch] {
  runId: [32m'983ed8ca-40ab-4a81-83b5-c8ac76620b18'[39m,
  sequence: [33m96[39m,
  event: [32m'terminal.surface.input.accepted'[39m,
  wallTimeMs: [33m1791075505906[39m,
  details: {
    operationId: [32m'req-c95dec71-accepted-input-16'[39m,
    backendSessionId: [32m'accepted-input'[39m,
    paneIdentity: [1mnull[22m,
    bindingKey: [1mnull[22m,
    attemptGeneration: [1mnull[22m,
    daemonEpoch: [1mnull[22m,
    incarnation: [1mnull[22m,
    payloadBytes: [33m32[39m,
    queuedAt: [33m1791075505906[39m
  }
}
[ferryx:switch] {
  runId: [32m'983ed8ca-40ab-4a81-83b5-c8ac76620b18'[39m,
  sequence: [33m97[39m,
  event: [32m'terminal.surface.input.dispatch'[39m,
  wallTimeMs: [33m1791075505906[39m,
  details: {
    operationId: [32m'req-c95dec71-accepted-input-16'[39m,
    backendSessionId: [32m'accepted-input'[39m,
    paneIdentity: [1mnull[22m,
    bindingKey: [1mnull[22m,
    attemptGeneration: [1mnull[22m,
    daemonEpoch: [1mnull[22m,
    incarnation: [1mnull[22m,
    dispatchedAt: [33m1791075505906[39m
  }
}

stderr | src/components/NativeTerminalPane.lifecycle.test.tsx > NativeTerminalPane compositor ownership lifecycle > does not replay Ctrl+C when delivery is ambiguous: {}
Native terminal IPC command failed {
  command: [32m'cmd_native_terminal_send_input'[39m,
  error: Error: Input receipt failed after delivery
      at [90m/home/indo/ferryx-pane-completion/source-172baa87/ui/[39msrc/components/NativeTerminalPane.lifecycle.test.tsx:616:5
      at [90mfile:///home/indo/ferryx-pane-completion/source-172baa87/ui/[39mnode_modules/[4m@vitest/runner[24m/dist/chunk-hooks.js:734:40
      at runWithSuite [90m(file:///home/indo/ferryx-pane-completion/source-172baa87/ui/[39mnode_modules/[4m@vitest/runner[24m/dist/chunk-hooks.js:1849:8[90m)[39m
      at Object.collect [90m(file:///home/indo/ferryx-pane-completion/source-172baa87/ui/[39mnode_modules/[4m@vitest/runner[24m/dist/chunk-hooks.js:734:10[90m)[39m
      at Object.collect [90m(file:///home/indo/ferryx-pane-completion/source-172baa87/ui/[39mnode_modules/[4m@vitest/runner[24m/dist/chunk-hooks.js:738:54[90m)[39m
  [90m    at processTicksAndRejections (node:internal/process/task_queues:104:5)[39m
      at collectTests [90m(file:///home/indo/ferryx-pane-completion/source-172baa87/ui/[39mnode_modules/[4m@vitest/runner[24m/dist/chunk-hooks.js:1179:25[90m)[39m
      at startTests [90m(file:///home/indo/ferryx-pane-completion/source-172baa87/ui/[39mnode_modules/[4m@vitest/runner[24m/dist/chunk-hooks.js:1817:17[90m)[39m
      at [90mfile:///home/indo/ferryx-pane-completion/source-172baa87/ui/[39mnode_modules/[4mvitest[24m/dist/chunks/runBaseTests.9Ij9_de-.js:117:26
      at withEnv [90m(file:///home/indo/ferryx-pane-completion/source-172baa87/ui/[39mnode_modules/[4mvitest[24m/dist/chunks/runBaseTests.9Ij9_de-.js:84:3[90m)[39m
}

stdout | src/components/NativeTerminalPane.lifecycle.test.tsx > NativeTerminalPane compositor ownership lifecycle > does not replay Ctrl+C when delivery is ambiguous: {}
[ferryx:switch] {
  runId: [32m'983ed8ca-40ab-4a81-83b5-c8ac76620b18'[39m,
  sequence: [33m98[39m,
  event: [32m'terminal.surface.input.failed'[39m,
  wallTimeMs: [33m1791075505906[39m,
  details: {
    backendSessionId: [32m'accepted-input'[39m,
    error: [32m'Error: Input receipt failed after delivery'[39m
  }
}

stdout | src/components/NativeTerminalPane.lifecycle.test.tsx > NativeTerminalPane compositor ownership lifecycle > does not replay Ctrl+C when delivery is ambiguous: {"code":"INTERNAL_ERROR","message":"Receipt unavailable"}
[ferryx:switch] {
  runId: [32m'983ed8ca-40ab-4a81-83b5-c8ac76620b18'[39m,
  sequence: [33m99[39m,
  event: [32m'terminal.surface.presentation.stale'[39m,
  wallTimeMs: [33m1791075505912[39m,
  details: {
    localSessionId: [90mundefined[39m,
    backendSessionId: [32m'accepted-input'[39m,
    paneIdentity: [32m'frontend-accepted-input'[39m,
    bindingKey: [32m'accepted-input::0:'[39m,
    attemptGeneration: [33m0[39m,
    currentPaneIdentity: [32m'frontend-accepted-input'[39m,
    currentBackendSessionId: [32m'accepted-input'[39m,
    currentBindingKey: [32m'accepted-input::0:'[39m
  }
}
[ferryx:switch] {
  runId: [32m'983ed8ca-40ab-4a81-83b5-c8ac76620b18'[39m,
  sequence: [33m100[39m,
  event: [32m'terminal.surface.presented'[39m,
  wallTimeMs: [33m1791075505912[39m,
  details: {
    localSessionId: [90mundefined[39m,
    backendSessionId: [32m'accepted-input'[39m,
    cursorCol: [33m2[39m,
    cursorRow: [33m3[39m,
    cellWidthPx: [33m10[39m,
    cellHeightPx: [33m20[39m
  }
}

stdout | src/components/NativeTerminalPane.lifecycle.test.tsx > NativeTerminalPane compositor ownership lifecycle > does not replay Ctrl+C when delivery is ambiguous: {"code":"INTERNAL_ERROR","message":"Receipt unavailable"}
[ferryx:switch] {
  runId: [32m'983ed8ca-40ab-4a81-83b5-c8ac76620b18'[39m,
  sequence: [33m101[39m,
  event: [32m'terminal.surface.input.accepted'[39m,
  wallTimeMs: [33m1791075505913[39m,
  details: {
    operationId: [32m'req-c95dec71-accepted-input-17'[39m,
    backendSessionId: [32m'accepted-input'[39m,
    paneIdentity: [1mnull[22m,
    bindingKey: [1mnull[22m,
    attemptGeneration: [1mnull[22m,
    daemonEpoch: [1mnull[22m,
    incarnation: [1mnull[22m,
    payloadBytes: [33m32[39m,
    queuedAt: [33m1791075505913[39m
  }
}
[ferryx:switch] {
  runId: [32m'983ed8ca-40ab-4a81-83b5-c8ac76620b18'[39m,
  sequence: [33m102[39m,
  event: [32m'terminal.surface.input.dispatch'[39m,
  wallTimeMs: [33m1791075505913[39m,
  details: {
    operationId: [32m'req-c95dec71-accepted-input-17'[39m,
    backendSessionId: [32m'accepted-input'[39m,
    paneIdentity: [1mnull[22m,
    bindingKey: [1mnull[22m,
    attemptGeneration: [1mnull[22m,
    daemonEpoch: [1mnull[22m,
    incarnation: [1mnull[22m,
    dispatchedAt: [33m1791075505913[39m
  }
}

stderr | src/components/NativeTerminalPane.lifecycle.test.tsx > NativeTerminalPane compositor ownership lifecycle > does not replay Ctrl+C when delivery is ambiguous: {"code":"INTERNAL_ERROR","message":"Receipt unavailable"}
Native terminal IPC command failed {
  command: [32m'cmd_native_terminal_send_input'[39m,
  error: { code: [32m'INTERNAL_ERROR'[39m, message: [32m'Receipt unavailable'[39m }
}

stdout | src/components/NativeTerminalPane.lifecycle.test.tsx > NativeTerminalPane compositor ownership lifecycle > does not replay Ctrl+C when delivery is ambiguous: {"code":"INTERNAL_ERROR","message":"Receipt unavailable"}
[ferryx:switch] {
  runId: [32m'983ed8ca-40ab-4a81-83b5-c8ac76620b18'[39m,
  sequence: [33m103[39m,
  event: [32m'terminal.surface.input.failed'[39m,
  wallTimeMs: [33m1791075505913[39m,
  details: { backendSessionId: [32m'accepted-input'[39m, error: [32m'[object Object]'[39m }
}

stdout | src/components/NativeTerminalPane.lifecycle.test.tsx > NativeTerminalPane compositor ownership lifecycle > does not replay Ctrl+C when delivery is ambiguous: {"code":"PTY_IO_ERROR","message":"Write acknowledgement unavailable","details":{"inputWritten":true}}
[ferryx:switch] {
  runId: [32m'983ed8ca-40ab-4a81-83b5-c8ac76620b18'[39m,
  sequence: [33m104[39m,
  event: [32m'terminal.surface.presentation.stale'[39m,
  wallTimeMs: [33m1791075505917[39m,
  details: {
    localSessionId: [90mundefined[39m,
    backendSessionId: [32m'accepted-input'[39m,
    paneIdentity: [32m'frontend-accepted-input'[39m,
    bindingKey: [32m'accepted-input::0:'[39m,
    attemptGeneration: [33m0[39m,
    currentPaneIdentity: [32m'frontend-accepted-input'[39m,
    currentBackendSessionId: [32m'accepted-input'[39m,
    currentBindingKey: [32m'accepted-input::0:'[39m
  }
}
[ferryx:switch] {
  runId: [32m'983ed8ca-40ab-4a81-83b5-c8ac76620b18'[39m,
  sequence: [33m105[39m,
  event: [32m'terminal.surface.presented'[39m,
  wallTimeMs: [33m1791075505917[39m,
  details: {
    localSessionId: [90mundefined[39m,
    backendSessionId: [32m'accepted-input'[39m,
    cursorCol: [33m2[39m,
    cursorRow: [33m3[39m,
    cellWidthPx: [33m10[39m,
    cellHeightPx: [33m20[39m
  }
}

stdout | src/components/NativeTerminalPane.lifecycle.test.tsx > NativeTerminalPane compositor ownership lifecycle > does not replay Ctrl+C when delivery is ambiguous: {"code":"PTY_IO_ERROR","message":"Write acknowledgement unavailable","details":{"inputWritten":true}}
[ferryx:switch] {
  runId: [32m'983ed8ca-40ab-4a81-83b5-c8ac76620b18'[39m,
  sequence: [33m106[39m,
  event: [32m'terminal.surface.input.accepted'[39m,
  wallTimeMs: [33m1791075505918[39m,
  details: {
    operationId: [32m'req-c95dec71-accepted-input-18'[39m,
    backendSessionId: [32m'accepted-input'[39m,
    paneIdentity: [1mnull[22m,
    bindingKey: [1mnull[22m,
    attemptGeneration: [1mnull[22m,
    daemonEpoch: [1mnull[22m,
    incarnation: [1mnull[22m,
    payloadBytes: [33m32[39m,
    queuedAt: [33m1791075505918[39m
  }
}
[ferryx:switch] {
  runId: [32m'983ed8ca-40ab-4a81-83b5-c8ac76620b18'[39m,
  sequence: [33m107[39m,
  event: [32m'terminal.surface.input.dispatch'[39m,
  wallTimeMs: [33m1791075505918[39m,
  details: {
    operationId: [32m'req-c95dec71-accepted-input-18'[39m,
    backendSessionId: [32m'accepted-input'[39m,
    paneIdentity: [1mnull[22m,
    bindingKey: [1mnull[22m,
    attemptGeneration: [1mnull[22m,
    daemonEpoch: [1mnull[22m,
    incarnation: [1mnull[22m,
    dispatchedAt: [33m1791075505918[39m
  }
}

stdout | src/components/NativeTerminalPane.lifecycle.test.tsx > NativeTerminalPane compositor ownership lifecycle > retains the outgoing pane until a dropped frame is retried and presented
[ferryx:switch] {
  runId: [32m'983ed8ca-40ab-4a81-83b5-c8ac76620b18'[39m,
  sequence: [33m108[39m,
  event: [32m'terminal.surface.presentation.stale'[39m,
  wallTimeMs: [33m1791075505920[39m,
  details: {
    localSessionId: [90mundefined[39m,
    backendSessionId: [32m'frame-outgoing'[39m,
    paneIdentity: [32m'frontend-frame-outgoing'[39m,
    bindingKey: [32m'frame-outgoing::0:'[39m,
    attemptGeneration: [33m0[39m,
    currentPaneIdentity: [32m'frontend-frame-outgoing'[39m,
    currentBackendSessionId: [32m'frame-outgoing'[39m,
    currentBindingKey: [32m'frame-outgoing::0:'[39m
  }
}
[ferryx:switch] {
  runId: [32m'983ed8ca-40ab-4a81-83b5-c8ac76620b18'[39m,
  sequence: [33m109[39m,
  event: [32m'terminal.surface.presented'[39m,
  wallTimeMs: [33m1791075505920[39m,
  details: {
    localSessionId: [90mundefined[39m,
    backendSessionId: [32m'frame-outgoing'[39m,
    cursorCol: [33m0[39m,
    cursorRow: [33m0[39m,
    cellWidthPx: [33m10[39m,
    cellHeightPx: [33m20[39m
  }
}

stdout | src/components/NativeTerminalPane.lifecycle.test.tsx > NativeTerminalPane compositor ownership lifecycle > retains the outgoing pane until a dropped frame is retried and presented
[ferryx:switch] {
  runId: [32m'983ed8ca-40ab-4a81-83b5-c8ac76620b18'[39m,
  sequence: [33m110[39m,
  event: [32m'terminal.surface.presentation.stale'[39m,
  wallTimeMs: [33m1791075505921[39m,
  details: {
    localSessionId: [90mundefined[39m,
    backendSessionId: [32m'frame-incoming'[39m,
    paneIdentity: [32m'frontend-frame-incoming'[39m,
    bindingKey: [32m'frame-incoming::0:'[39m,
    attemptGeneration: [33m0[39m,
    currentPaneIdentity: [32m'frontend-frame-incoming'[39m,
    currentBackendSessionId: [32m'frame-incoming'[39m,
    currentBindingKey: [32m'frame-incoming::0:'[39m
  }
}
[ferryx:switch] {
  runId: [32m'983ed8ca-40ab-4a81-83b5-c8ac76620b18'[39m,
  sequence: [33m111[39m,
  event: [32m'terminal.surface.presented'[39m,
  wallTimeMs: [33m1791075505921[39m,
  details: {
    localSessionId: [90mundefined[39m,
    backendSessionId: [32m'frame-incoming'[39m,
    cursorCol: [33m0[39m,
    cursorRow: [33m0[39m,
    cellWidthPx: [33m10[39m,
    cellHeightPx: [33m20[39m
  }
}

 ✓ src/components/NativeTerminalPane.lifecycle.test.tsx (36 tests) 1104ms
(node:1013060) ExperimentalWarning: localStorage is not available because --localstorage-file was not provided.
(Use `node --trace-warnings ...` to show where the warning was created)
 ❯ src/components/settings/RemoteSection.test.tsx (27 tests | 27 failed) 10ms
   × RemoteSection UX Unification & Review Blockers > authenticates SSH with a separate password before probing and never saves it in the host 4ms
     → Cannot read properties of undefined (reading 'clear')
   × RemoteSection UX Unification & Review Blockers > shows machines without top-level destination navigation 0ms
     → Cannot read properties of undefined (reading 'clear')
   × RemoteSection UX Unification & Review Blockers > renders ONE mixed machine list without All/Paired/SSH tabs or separate headings 0ms
     → Cannot read properties of undefined (reading 'clear')
   × RemoteSection UX Unification & Review Blockers > renders EXACTLY ONE Add Machine button even when the inventory is empty 0ms
     → Cannot read properties of undefined (reading 'clear')
   × RemoteSection UX Unification & Review Blockers > renders NO permanent add or PIN forms on the page body 0ms
     → Cannot read properties of undefined (reading 'clear')
   × RemoteSection UX Unification & Review Blockers > common rows display concise status, Add Project, and Details toggle with technical metadata hidden 0ms
     → Cannot read properties of undefined (reading 'clear')
   × RemoteSection UX Unification & Review Blockers > shows the sign-in form with email input when signed out and asserts Generate QR is absent 0ms
     → Cannot read properties of undefined (reading 'clear')
   × RemoteSection UX Unification & Review Blockers > asserts PIN issuance is no longer offered on this surface 0ms
     → Cannot read properties of undefined (reading 'clear')
   × RemoteSection UX Unification & Review Blockers > asserts Generate QR is absent and the SSH tab is present in Add Machine 0ms
     → Cannot read properties of undefined (reading 'clear')
   × RemoteSection UX Unification & Review Blockers > asserts an SSH machine row is still rendered 0ms
     → Cannot read properties of undefined (reading 'clear')
   × RemoteSection UX Unification & Review Blockers > lists one machine from a stubbed account API with a signed-in fixture and enables Add Project only when grant scope is machine 0ms
     → Cannot read properties of undefined (reading 'clear')
   × RemoteSection UX Unification & Review Blockers > issues an enrollment code and displays the exact CLI command 0ms
     → Cannot read properties of undefined (reading 'clear')
   × RemoteSection UX Unification & Review Blockers > displays empty state copy stating the other machine has to enroll first when signed in with no machines 0ms
     → Cannot read properties of undefined (reading 'clear')
   × RemoteSection UX Unification & Review Blockers > config import separates imported-not-verified result with NO ready/project offer 0ms
     → Cannot read properties of undefined (reading 'clear')
   × RemoteSection UX Unification & Review Blockers > restores system SSH config discovery, card, and import options inside Add Machine modal 0ms
     → Cannot read properties of undefined (reading 'clear')
   × RemoteSection UX Unification & Review Blockers > restores all SSH edit fields including port validation, authMethod, identityFile, and jumpHost 0ms
     → Cannot read properties of undefined (reading 'clear')
   × RemoteSection UX Unification & Review Blockers > restores sameConnection invalidation: clears stale test results when host config changes 0ms
     → Cannot read properties of undefined (reading 'clear')
   × RemoteSection UX Unification & Review Blockers > disables Paired Add Project without onOpenProject even if onOpenSshProject is provided 0ms
     → Cannot read properties of undefined (reading 'clear')
   × RemoteSection UX Unification & Review Blockers > namespaces machine row IDs and prevents ID collision between Paired and SSH machines 0ms
     → Cannot read properties of undefined (reading 'clear')
   × RemoteSection UX Unification & Review Blockers > handles Escape in Add Machine modal without propagating to parent SettingsDialog 0ms
     → Cannot read properties of undefined (reading 'clear')
   × RemoteSection UX Unification & Review Blockers > restores focus to trigger element when Add Machine modal closes 0ms
     → Cannot read properties of undefined (reading 'clear')
   × RemoteSection UX Unification & Review Blockers > resets dismissed state on reopen: open-close-reopen SSH connection succeeds and is not discarded 0ms
     → Cannot read properties of undefined (reading 'clear')
   × RemoteSection UX Unification & Review Blockers > passes supplied non-default account origin to listMachines and issueEnrollmentCode 0ms
     → Cannot read properties of undefined (reading 'clear')
   × RemoteSection UX Unification & Review Blockers > switches account authority without sending the previous session token to the new server 0ms
     → Cannot read properties of undefined (reading 'clear')
   × RemoteSection UX Unification & Review Blockers > treats account machines with absent grantScope as ungranted and disables Add Project 0ms
     → Cannot read properties of undefined (reading 'clear')
   × RemoteSection UX Unification & Review Blockers > re-pair explains the account enrollment path instead of a retired PIN 0ms
     → Cannot read properties of undefined (reading 'clear')
   × RemoteSection UX Unification & Review Blockers > re-pair on an enrolled account machine re-issues its machine grant 0ms
     → Cannot read properties of undefined (reading 'clear')
(node:1013081) ExperimentalWarning: localStorage is not available because --localstorage-file was not provided.
(Use `node --trace-warnings ...` to show where the warning was created)
 ❯ src/components/TerminalSplitView.test.tsx (34 tests | 1 failed) 417ms
   ✓ TerminalSplitView group and pane rendering > renders a single tab group with a pane move handle and split controls 103ms
   ✓ TerminalSplitView group and pane rendering > does not pass header hover chrome-suppression signal to TerminalPane on top hover hotspot activation while revealing toolbar 14ms
   ✓ TerminalSplitView group and pane rendering > keeps an empty tab bar usable when all tabs have been closed 6ms
   ✓ TerminalSplitView group and pane rendering > renders a nested terminal-pane tree inside one tab group with resize dividers 15ms
   ✓ TerminalSplitView group and pane rendering > uses one-pixel gray split lines without consuming visible pane spacing 18ms
   ✓ TerminalSplitView group and pane rendering > dispatches terminal-pane split actions from pane toolbar buttons 17ms
   ✓ TerminalSplitView group and pane rendering > routes a tab context-menu split to that tab's own focused terminal leaf 11ms
   ✓ TerminalSplitView group and pane rendering > exposes pane drags through dnd-kit metadata and keeps toolbar controls as non-native drags 21ms
   ✓ TerminalSplitView group and pane rendering > renders dnd-kit group body and all four edge split drop zones 7ms
   ✓ TerminalSplitView group and pane rendering > falls back to an even ratio when a terminal-pane resize container is too small 10ms
   ✓ TerminalSplitView group and pane rendering > passes a frozen seam from pointerdown and keeps isolated true when Alt is held during divider drag 9ms
   ✓ TerminalSplitView group and pane rendering > divider double-click equalize > splits the panes evenly on a divider double-click 8ms
   ✓ TerminalSplitView group and pane rendering > divider double-click equalize > ignores two clicks separated by more than the double-click window 8ms
   ✓ TerminalSplitView group and pane rendering > divider double-click equalize > resizes instead of equalizing when a drag starts on the second press 9ms
   ✓ TerminalSplitView group and pane rendering > divider double-click equalize > ignores a right-button double-click 8ms
   ✓ TerminalSplitView group and pane rendering > divider double-click equalize > keeps the even division when the second press jitters within the slop 10ms
   ✓ TerminalSplitView group and pane rendering > divider double-click equalize > does not equalize when the second click follows a real resize drag 7ms
   ✓ TerminalSplitView group and pane rendering > divider double-click equalize > equalizes split tab groups from the group divider 7ms
   ✓ TerminalSplitView group and pane rendering > passes searchOpen true only to the pane matching searchLeafId 5ms
   ✓ TerminalSplitView group and pane rendering > F-terminal-05 and F-terminal-06 perf optimizations > F-terminal-05: source check proves collisionDetection does not call droppableContainers.find inside filter/sort 0ms
   ✓ TerminalSplitView group and pane rendering > F-terminal-05 and F-terminal-06 perf optimizations > F-terminal-05: workspaceCollisionDetection builds an O(1) container map and does not call find() on droppableContainers during sort/filter 2ms
   ✓ TerminalSplitView group and pane rendering > F-terminal-05 and F-terminal-06 perf optimizations > F-terminal-06: source check proves stable module-level FALLBACK_SESSION is defined and used in PaneRenderer 0ms
   ✓ TerminalSplitView group and pane rendering > F-terminal-05 and F-terminal-06 perf optimizations > F-terminal-06: exports stable FALLBACK_SESSION and maintains reference identity when session is missing 3ms
   ✓ TerminalSplitView group and pane rendering > forwards defaultAgentId so the usable default is first with a Default label 11ms
   ✓ TerminalSplitView group and pane rendering > narrows pane toolbar hover hotspot to h-5 (20px) and toggles toolbar on top hover 5ms
   ✓ TerminalSplitView group and pane rendering > applies drop feedback without transitioning pane layout 4ms
   ✓ TerminalSplitView group and pane rendering > does not apply amber ring class on pane leaf in any state, while forwarding needsAttention to terminal pane and rendering bottom DOM frame completion for waiting or unread done 18ms
   ✓ TerminalSplitView group and pane rendering > dismisses both native and DOM attention for an acknowledged waiting pane 5ms
   × TerminalSplitView group and pane rendering > renders no amber ring and passes needsAttention=false when attentionFrame setting is false 9ms
     → [2mexpect([22m[31melement[39m[2m).toHaveAttribute([22m[32m[32m"data-needs-attention"[32m[39m[2m, [22m[32m[32m"false"[32m[39m[2m) // element.getAttribute("data-needs-attention") === "false"[22m

Expected the element to have attribute:
[32m  data-needs-attention="false"[39m
Received:
[31m  data-needs-attention="true"[39m
   ✓ inbox navigation flash > flashes only the target pane, fades out on its own, and leaves a sibling's attention frame alone 8ms
   ✓ inbox navigation flash > restarts the flash when the same pane is reached again before the fade ends 6ms
   ✓ TerminalSplitView pane copy debug info > copies exact debug info for the specific terminal pane, including inactive panes in a split 21ms
   ✓ TerminalSplitView pane copy debug info > stops propagation on click and pointerDown to avoid changing pane focus or triggering split/drag 16ms
   ✓ TerminalSplitView pane copy debug info > reveals toolbar when keyboard focus moves into toolbar controls and hides on blur 13ms
(node:1013103) ExperimentalWarning: localStorage is not available because --localstorage-file was not provided.
(Use `node --trace-warnings ...` to show where the warning was created)
 ❯ src/components/settings/SshSection.test.tsx (31 tests | 31 failed) 10ms
   × SshSection Settings Component > opens a project on the chosen enabled host without installing integration 4ms
     → Cannot read properties of undefined (reading 'clear')
   × SshSection Settings Component > shows the detected runtime and prepares integration only on explicit action 0ms
     → Cannot read properties of undefined (reading 'clear')
   × SshSection Settings Component > renders empty state when no SSH machines are configured 0ms
     → Cannot read properties of undefined (reading 'clear')
   × SshSection Settings Component > disables connection tests and integration preparation while editing 0ms
     → Cannot read properties of undefined (reading 'clear')
   × SshSection Settings Component > ignores a late connection success after the host configuration changes 0ms
     → Cannot read properties of undefined (reading 'clear')
   × SshSection Settings Component > ignores a late connection failure after the host configuration changes 0ms
     → Cannot read properties of undefined (reading 'clear')
   × SshSection Settings Component > ignores a late integration success after the host configuration changes 0ms
     → Cannot read properties of undefined (reading 'clear')
   × SshSection Settings Component > ignores a late integration failure after the host configuration changes 0ms
     → Cannot read properties of undefined (reading 'clear')
   × SshSection Settings Component > renders mounted inventory with badges, endpoints, and status 0ms
     → Cannot read properties of undefined (reading 'clear')
   × SshSection Settings Component > validates form input when adding a machine manually 0ms
     → Cannot read properties of undefined (reading 'clear')
   × SshSection Settings Component > saves a new machine, disables duplicate submit while pending, and mounts it into inventory 0ms
     → Cannot read properties of undefined (reading 'clear')
   × SshSection Settings Component > edits an existing machine and updates the inventory 0ms
     → Cannot read properties of undefined (reading 'clear')
   × SshSection Settings Component > toggles enabled/disabled state via switch with async busy guard 0ms
     → Cannot read properties of undefined (reading 'clear')
   × SshSection Settings Component > deletes a machine from the inventory with async guard 0ms
     → Cannot read properties of undefined (reading 'clear')
   × SshSection Settings Component > imports pasted SSH configuration and updates inventory 0ms
     → Cannot read properties of undefined (reading 'clear')
   × SshSection Settings Component > tests host connection and renders visible success and error results 0ms
     → Cannot read properties of undefined (reading 'clear')
   × SshSection Settings Component > Structured IPC mutation error surfacing > surfaces backend error message when saving a machine fails with structured IPC error 0ms
     → Cannot read properties of undefined (reading 'clear')
   × SshSection Settings Component > Structured IPC mutation error surfacing > surfaces backend error message when importing config fails with structured IPC error 0ms
     → Cannot read properties of undefined (reading 'clear')
   × SshSection Settings Component > Structured IPC mutation error surfacing > surfaces backend error message when deleting a machine fails with structured IPC error 0ms
     → Cannot read properties of undefined (reading 'clear')
   × SshSection Settings Component > Structured IPC mutation error surfacing > surfaces backend error message when toggling a machine fails with structured IPC error 0ms
     → Cannot read properties of undefined (reading 'clear')
   × SshSection Settings Component > Structured IPC mutation error surfacing > surfaces backend error message when testing connection rejects with structured IPC error 0ms
     → Cannot read properties of undefined (reading 'clear')
   × SshSection Settings Component > System SSH Config Auto-Discovery and Viewer > surfaces system config read failures and allows retrying 0ms
     → Cannot read properties of undefined (reading 'clear')
   × SshSection Settings Component > System SSH Config Auto-Discovery and Viewer > loads and displays discovered hosts from ~/.ssh/config and allows importing them 0ms
     → Cannot read properties of undefined (reading 'clear')
   × SshSection Settings Component > System SSH Config Auto-Discovery and Viewer > reads hosts from a user-selected config file instead of the default path 0ms
     → Cannot read properties of undefined (reading 'clear')
   × SshSection Settings Component > System SSH Config Auto-Discovery and Viewer > restores the previously selected config file on remount and can revert to the default 0ms
     → Cannot read properties of undefined (reading 'clear')
   × SshSection Settings Component > System SSH Config Auto-Discovery and Viewer > does not render the Choose File button when running outside Tauri desktop (web/remote mode) 0ms
     → Cannot read properties of undefined (reading 'clear')
   × SshSection Settings Component > System SSH Config Auto-Discovery and Viewer > renders distinct Connection, Agent Integration, and Terminal Helper evidence when connection is verified 0ms
     → Cannot read properties of undefined (reading 'clear')
   × SshSection Settings Component > System SSH Config Auto-Discovery and Viewer > does not claim Terminal Helper is Ready from git alone without helper evidence 0ms
     → Cannot read properties of undefined (reading 'clear')
   × SshSection Settings Component > System SSH Config Auto-Discovery and Viewer > renders Setup needed when helper probe state is missing 0ms
     → Cannot read properties of undefined (reading 'clear')
   × SshSection Settings Component > System SSH Config Auto-Discovery and Viewer > renders additive 업데이트 가능 state and invokes cmd_ssh_provision_helper when remote helper is stale 0ms
     → Cannot read properties of undefined (reading 'clear')
   × SshSection Settings Component > System SSH Config Auto-Discovery and Viewer > does not offer a downgrade when the remote helper is newer than the bundle 0ms
     → Cannot read properties of undefined (reading 'clear')
 ✓ src/remote/browserProtocol.test.ts (59 tests) 24ms
 ✓ src/remote/RemoteBrowser.mobile.test.tsx (13 tests) 542ms
(node:1013165) ExperimentalWarning: localStorage is not available because --localstorage-file was not provided.
(Use `node --trace-warnings ...` to show where the warning was created)
 ❯ src/remote/accountSession.test.ts (27 tests | 27 failed) 17ms
   × accountSession client module > requestLogin sends POST to /api/account/v1/login/request with email body 6ms
     → Cannot read properties of undefined (reading 'removeItem')
     → Cannot read properties of undefined (reading 'removeItem')
   × accountSession client module > requestLogin throws AccountSessionError with INVALID_RESPONSE when response lacks loginHandle 1ms
     → Cannot read properties of undefined (reading 'removeItem')
     → Cannot read properties of undefined (reading 'removeItem')
   × accountSession client module > pollLogin sends POST to /api/account/v1/login/poll and returns status pending 0ms
     → Cannot read properties of undefined (reading 'removeItem')
     → Cannot read properties of undefined (reading 'removeItem')
   × accountSession client module > pollLogin returns status approved with session token for approved handle 0ms
     → Cannot read properties of undefined (reading 'removeItem')
     → Cannot read properties of undefined (reading 'removeItem')
   × accountSession client module > pollLogin throws typed AccountSessionError on unknown login handle 0ms
     → Cannot read properties of undefined (reading 'removeItem')
     → Cannot read properties of undefined (reading 'removeItem')
   × accountSession client module > consumeLogin sends POST to /api/account/v1/login/consume and stores session token 0ms
     → Cannot read properties of undefined (reading 'removeItem')
     → Cannot read properties of undefined (reading 'removeItem')
   × accountSession client module > consumeLogin throws typed AccountSessionError on invalid code 0ms
     → Cannot read properties of undefined (reading 'removeItem')
     → Cannot read properties of undefined (reading 'removeItem')
   × accountSession client module > listMachines sends GET to /api/account/v1/machines with bearer token 0ms
     → Cannot read properties of undefined (reading 'removeItem')
     → Cannot read properties of undefined (reading 'removeItem')
   × accountSession client module > listMachines throws typed AccountSessionError on 401 unauthorized 0ms
     → Cannot read properties of undefined (reading 'removeItem')
     → Cannot read properties of undefined (reading 'removeItem')
   × accountSession client module > requestGrant sends POST to /api/account/v1/machines/{id}/grant with camelCase body 0ms
     → Cannot read properties of undefined (reading 'removeItem')
     → Cannot read properties of undefined (reading 'removeItem')
   × accountSession client module > requestGrant throws typed MACHINE_NOT_FOUND when machine returns 404 0ms
     → Cannot read properties of undefined (reading 'removeItem')
     → Cannot read properties of undefined (reading 'removeItem')
   × accountSession client module > allocateSession sends POST to /api/v1/attach/session returning sessionId 0ms
     → Cannot read properties of undefined (reading 'removeItem')
     → Cannot read properties of undefined (reading 'removeItem')
   × accountSession client module > allocateSession throws typed MACHINE_OFFLINE when machine is offline 0ms
     → Cannot read properties of undefined (reading 'removeItem')
     → Cannot read properties of undefined (reading 'removeItem')
   × accountSession client module > allocateSession throws typed ALLOCATE_SESSION_NOT_FOUND on 404 0ms
     → Cannot read properties of undefined (reading 'removeItem')
     → Cannot read properties of undefined (reading 'removeItem')
   × accountSession client module > openTunnel delegates to openAccountTunnel with correct socketUrl and parameters 0ms
     → Cannot read properties of undefined (reading 'removeItem')
     → Cannot read properties of undefined (reading 'removeItem')
   × accountSession client module > redeemInTunnel sends POST /api/v1/pair/exchange inside tunnel and receives device token 0ms
     → Cannot read properties of undefined (reading 'removeItem')
     → Cannot read properties of undefined (reading 'removeItem')
   × accountSession client module > pairing token, account session token, and login handle never appear in any request URL 0ms
     → Cannot read properties of undefined (reading 'removeItem')
     → Cannot read properties of undefined (reading 'removeItem')
   × accountSession client module > resolveAccountOrigin keeps the page origin when its account health probe succeeds 0ms
     → Cannot read properties of undefined (reading 'removeItem')
     → Cannot read properties of undefined (reading 'removeItem')
   × accountSession client module > resolveAccountOrigin falls back to DEFAULT_ACCOUNT_ORIGIN when the health probe is 404 0ms
     → Cannot read properties of undefined (reading 'removeItem')
     → Cannot read properties of undefined (reading 'removeItem')
   × accountSession client module > resolveAccountOrigin retains candidate origin when the health probe fails on the network 0ms
     → Cannot read properties of undefined (reading 'removeItem')
     → Cannot read properties of undefined (reading 'removeItem')
   × accountSession client module > requestLogin targets the origin resolved for the page instead of the raw page origin 1ms
     → Cannot read properties of undefined (reading 'removeItem')
     → Cannot read properties of undefined (reading 'removeItem')
   × accountSession client module > opens an events socket and a terminal socket on the same connection and asserts BOTH stay usable 0ms
     → Cannot read properties of undefined (reading 'removeItem')
     → Cannot read properties of undefined (reading 'removeItem')
   × accountSession client module > stops and reports exact error if daemon or relay refuses second concurrent session 0ms
     → Cannot read properties of undefined (reading 'removeItem')
     → Cannot read properties of undefined (reading 'removeItem')
   × accountSession client module > openAccountWebSocket allocates a dedicated session, opens a tunnel and returns an upgraded socket 0ms
     → Cannot read properties of undefined (reading 'removeItem')
     → Cannot read properties of undefined (reading 'removeItem')
   × accountSession client module > account origin configuration > defaults to DEFAULT_RELAY_ORIGIN when no origin is configured 0ms
     → Cannot read properties of undefined (reading 'removeItem')
     → Cannot read properties of undefined (reading 'removeItem')
   × accountSession client module > account origin configuration > stores, retrieves, and clears configured account origin 0ms
     → Cannot read properties of undefined (reading 'removeItem')
     → Cannot read properties of undefined (reading 'removeItem')
   × accountSession client module > account origin configuration > does not expose a session issued by one account origin to another 0ms
     → Cannot read properties of undefined (reading 'removeItem')
     → Cannot read properties of undefined (reading 'removeItem')
(node:1013188) ExperimentalWarning: localStorage is not available because --localstorage-file was not provided.
(Use `node --trace-warnings ...` to show where the warning was created)
 ❯ src/components/Sidebar.test.tsx (39 tests | 39 failed) 15ms
   × Sidebar navigation > starts a tabless active workspace collapsed even when saved as expanded 4ms
     → Cannot read properties of undefined (reading 'clear')
   × Sidebar navigation > expands a tabless workspace and reveals worktrees after clicking its chevron 0ms
     → Cannot read properties of undefined (reading 'clear')
   × Sidebar navigation > expands a tabless workspace and reveals worktrees after clicking its project name 0ms
     → Cannot read properties of undefined (reading 'clear')
   × Sidebar navigation > reveals the primary worktree when expanding an empty workspace that has only a primary root 0ms
     → Cannot read properties of undefined (reading 'clear')
   × Sidebar navigation > collapses when the final tab closes and restores rows after a tab opens without clicks 0ms
     → Cannot read properties of undefined (reading 'clear')
   × Sidebar navigation > toggles expansion when clicked while empty and auto-collapses when the final tab closes 0ms
     → Cannot read properties of undefined (reading 'clear')
   × Sidebar navigation > renders cached worktrees for a newly active project while active store rows are temporarily empty 1ms
     → Cannot read properties of undefined (reading 'clear')
   × Sidebar navigation > renders local worktrees for an inactive project immediately when opened while active project is empty 0ms
     → Cannot read properties of undefined (reading 'clear')
   × Sidebar navigation > lists an inactive project's own rows so index-based selection can reach them 0ms
     → Cannot read properties of undefined (reading 'clear')
   × Sidebar navigation > renders the folder row for an active non-Git project even before the store lists it 0ms
     → Cannot read properties of undefined (reading 'clear')
   × Sidebar navigation > attributes a branch-less root worktree to the project that owns its path, not the active project 0ms
     → Cannot read properties of undefined (reading 'clear')
   × Sidebar navigation > collapses and expands a project from its name button, not just the chevron 0ms
     → Cannot read properties of undefined (reading 'clear')
   × Sidebar navigation > does not highlight an inactive project's row when the active path is stale 0ms
     → Cannot read properties of undefined (reading 'clear')
   × Sidebar navigation > highlights the active worktree only inside the project that owns it 0ms
     → Cannot read properties of undefined (reading 'clear')
   × Sidebar navigation > lists inactive project worktrees instead of the empty-state message 0ms
     → Cannot read properties of undefined (reading 'clear')
   × Sidebar navigation > uses the 236px parity width by default 0ms
     → Cannot read properties of undefined (reading 'clear')
   × Sidebar navigation > keeps only global actions in the sidebar titlebar 0ms
     → Cannot read properties of undefined (reading 'clear')
   × Sidebar navigation > gives every project row its own add-worktree action bound to that exact project 0ms
     → Cannot read properties of undefined (reading 'clear')
   × Sidebar navigation > nests each project's worktrees inside that project's own tree group 0ms
     → Cannot read properties of undefined (reading 'clear')
   × Sidebar navigation > selects a project from its tree row and a worktree from inside the nested group 0ms
     → Cannot read properties of undefined (reading 'clear')
   × Sidebar navigation > keeps each project's open state independent when toggling default or rorca-qa 0ms
     → Cannot read properties of undefined (reading 'clear')
   × Sidebar navigation > toggling a project does not change which project is active 0ms
     → Cannot read properties of undefined (reading 'clear')
   × Sidebar navigation > persists collapsed projects across remounts 0ms
     → Cannot read properties of undefined (reading 'clear')
   × Sidebar navigation > routes each worktree under the project that owns its branch 0ms
     → Cannot read properties of undefined (reading 'clear')
   × Sidebar navigation > hooks worktree creation and deletion into the owning project group 0ms
     → Cannot read properties of undefined (reading 'clear')
   × Sidebar navigation > drops the per-worktree status refresh control 0ms
     → Cannot read properties of undefined (reading 'clear')
   × Sidebar navigation > renders no empty-state row or message for a project with no worktrees 0ms
     → Cannot read properties of undefined (reading 'clear')
   × Sidebar navigation > marks the active worktree inside the nested group as current 0ms
     → Cannot read properties of undefined (reading 'clear')
   × Sidebar navigation > keeps all titlebar actions out of the Tauri drag region 0ms
     → Cannot read properties of undefined (reading 'clear')
   × Sidebar navigation > restores, drags, clamps, and persists sidebar width 0ms
     → Cannot read properties of undefined (reading 'clear')
   × Sidebar navigation > renders exactly one visible sidebar divider without redundant aside border 0ms
     → Cannot read properties of undefined (reading 'clear')
   × Sidebar navigation > calls onToggle or onHide when Hide sidebar button is clicked 0ms
     → Cannot read properties of undefined (reading 'clear')
   × Sidebar navigation > renders null when open is false 0ms
     → Cannot read properties of undefined (reading 'clear')
   × Sidebar navigation > initializes knownProjectsRef lazily without allocating a new Set on every render (F-shell-03) 0ms
     → Cannot read properties of undefined (reading 'clear')
   × Sidebar navigation > hides add-worktree button when project gitRoot is null and shows it when gitRoot is set 0ms
     → Cannot read properties of undefined (reading 'clear')
   × Sidebar navigation > triggers onRemoveProject from project native context menu Remove Project action 0ms
     → Cannot read properties of undefined (reading 'clear')
   × Sidebar navigation > triggers onRemoveProject from project row trash icon button 0ms
     → Cannot read properties of undefined (reading 'clear')
   × Sidebar navigation > shows the worktree tree by default and swaps to the inbox only through the inbox icon 0ms
     → Cannot read properties of undefined (reading 'clear')
   × Sidebar navigation > renders emptyState hint text when a project has zero worktrees 0ms
     → Cannot read properties of undefined (reading 'clear')
(node:1013285) ExperimentalWarning: localStorage is not available because --localstorage-file was not provided.
(Use `node --trace-warnings ...` to show where the warning was created)
 ❯ src/remote/RemoteAppWorktreeRestore.test.tsx (15 tests | 15 failed) 11ms
   × RemoteApp Account Worktree Follow-ups: Sign-out and Worktree Reload Restore > Item A: explicit Sign out in the host drawer calls logoutAccountSession and clears storage even if network fetch rejects 5ms
     → Cannot read properties of undefined (reading 'removeItem')
     → Cannot read properties of undefined (reading 'removeItem')
   × RemoteApp Account Worktree Follow-ups: Sign-out and Worktree Reload Restore > Item A: confirmed account UNAUTHORIZED from the machine list clears the local session without calling logoutAccountSession 0ms
     → Cannot read properties of undefined (reading 'removeItem')
     → Cannot read properties of undefined (reading 'removeItem')
   × RemoteApp Account Worktree Follow-ups: Sign-out and Worktree Reload Restore > Item C: reload with stored target triggers automatic worktree selection once machine is online 0ms
     → Cannot read properties of undefined (reading 'removeItem')
     → Cannot read properties of undefined (reading 'removeItem')
   × RemoteApp Account Worktree Follow-ups: Sign-out and Worktree Reload Restore > Item C: reload with stored target drops key when complete successful inventory confirms machine missing 0ms
     → Cannot read properties of undefined (reading 'removeItem')
     → Cannot read properties of undefined (reading 'removeItem')
   × RemoteApp Account Worktree Follow-ups: Sign-out and Worktree Reload Restore > Item C: reload with stored target drops key when complete successful inventory is empty [] 0ms
     → Cannot read properties of undefined (reading 'removeItem')
     → Cannot read properties of undefined (reading 'removeItem')
   × RemoteApp Account Worktree Follow-ups: Sign-out and Worktree Reload Restore > Item C: transient machine probe error or offline status PRESERVES stored target key 0ms
     → Cannot read properties of undefined (reading 'removeItem')
     → Cannot read properties of undefined (reading 'removeItem')
   × RemoteApp Account Worktree Follow-ups: Sign-out and Worktree Reload Restore > Item C: transient listMachines failure (e.g. 500) PRESERVES stored target key 0ms
     → Cannot read properties of undefined (reading 'removeItem')
     → Cannot read properties of undefined (reading 'removeItem')
   × RemoteApp Account Worktree Follow-ups: Sign-out and Worktree Reload Restore > Item C: deferred /machines response preserves stored target key across initial render ticks 0ms
     → Cannot read properties of undefined (reading 'removeItem')
     → Cannot read properties of undefined (reading 'removeItem')
   × RemoteApp Account Worktree Follow-ups: Sign-out and Worktree Reload Restore > Item C: project unavailable / pending preserves stored target key without dropping it 0ms
     → Cannot read properties of undefined (reading 'removeItem')
     → Cannot read properties of undefined (reading 'removeItem')
   × RemoteApp Account Worktree Follow-ups: Sign-out and Worktree Reload Restore > Item C: logout while acquireConnection is pending closes connection and cancels restore without repopulating storage 0ms
     → Cannot read properties of undefined (reading 'removeItem')
     → Cannot read properties of undefined (reading 'removeItem')
   × RemoteApp Account Worktree Follow-ups: Sign-out and Worktree Reload Restore > workspace state untyped 401 keeps the account session and only drops the machine attachment 0ms
     → Cannot read properties of undefined (reading 'removeItem')
     → Cannot read properties of undefined (reading 'removeItem')
   × RemoteApp Account Worktree Follow-ups: Sign-out and Worktree Reload Restore > workspace state untyped 403 keeps the account session and only drops the machine attachment 0ms
     → Cannot read properties of undefined (reading 'removeItem')
     → Cannot read properties of undefined (reading 'removeItem')
   × RemoteApp Account Worktree Follow-ups: Sign-out and Worktree Reload Restore > machine-scoped grant rejection with 'untyped 401' keeps the account session and reports the machine error 0ms
     → Cannot read properties of undefined (reading 'removeItem')
     → Cannot read properties of undefined (reading 'removeItem')
   × RemoteApp Account Worktree Follow-ups: Sign-out and Worktree Reload Restore > machine-scoped grant rejection with 'untyped 403' keeps the account session and reports the machine error 0ms
     → Cannot read properties of undefined (reading 'removeItem')
     → Cannot read properties of undefined (reading 'removeItem')
   × RemoteApp Account Worktree Follow-ups: Sign-out and Worktree Reload Restore > machine-scoped grant rejection with 'structured 401 UNAUTHORIZED' keeps the account session and reports the machine error 0ms
     → Cannot read properties of undefined (reading 'removeItem')
     → Cannot read properties of undefined (reading 'removeItem')
(node:1013307) ExperimentalWarning: localStorage is not available because --localstorage-file was not provided.
(Use `node --trace-warnings ...` to show where the warning was created)
 ❯ src/remote/RemoteApp.accountSession.test.tsx (5 tests | 5 failed) 8ms
   × RemoteApp - Account Session Phone Flow > renders top context selector with empty initial body after login, then opens terminal pane on selecting worktree 5ms
     → Cannot read properties of undefined (reading 'removeItem')
     → Cannot read properties of undefined (reading 'removeItem')
   × RemoteApp - Account Session Phone Flow > does not prematurely mount old terminal when chosen target is wsB while host state remains wsA 1ms
     → Cannot read properties of undefined (reading 'removeItem')
     → Cannot read properties of undefined (reading 'removeItem')
   × RemoteApp - Account Session Phone Flow > confirms the selection when the desktop event lands while the post-select state read is in flight 0ms
     → Cannot read properties of undefined (reading 'removeItem')
     → Cannot read properties of undefined (reading 'removeItem')
   × RemoteApp - Account Session Phone Flow > displays error and allows retry without mounting old terminal if context selection POST fails 0ms
     → Cannot read properties of undefined (reading 'removeItem')
     → Cannot read properties of undefined (reading 'removeItem')
   × RemoteApp - Account Session Phone Flow > releases pending selection and shows retry/back error when desktop confirmation times out 0ms
     → Cannot read properties of undefined (reading 'removeItem')
     → Cannot read properties of undefined (reading 'removeItem')
(node:1013339) ExperimentalWarning: localStorage is not available because --localstorage-file was not provided.
(Use `node --trace-warnings ...` to show where the warning was created)
stderr | src/state/workspaceRestore.test.tsx > workspaceRestore coordinator > preloads mixed local and paired layouts while the local daemon is unavailable
Remote restore deferred daemon reconciliation: Error: offline
    at [90m/home/indo/ferryx-pane-completion/source-172baa87/ui/[39msrc/state/workspaceRestore.test.tsx:92:101
    at Module.preloadWorkspaceSnapshots [90m(/home/indo/ferryx-pane-completion/source-172baa87/ui/[39msrc/state/workspaceRestore.ts:173:32[90m)[39m
[90m    at processTicksAndRejections (node:internal/process/task_queues:104:5)[39m
    at [90m/home/indo/ferryx-pane-completion/source-172baa87/ui/[39msrc/state/workspaceRestore.test.tsx:92:5
    at [90mfile:///home/indo/ferryx-pane-completion/source-172baa87/ui/[39mnode_modules/[4m@vitest/runner[24m/dist/chunk-hooks.js:752:20

 ❯ src/state/workspaceRestore.test.tsx (20 tests | 1 failed) 52ms
   ✓ workspaceRestore coordinator > preloads mixed local and paired layouts while the local daemon is unavailable 9ms
   ✓ workspaceRestore coordinator > preserves newer HMR state and does not restore stale preloaded snapshot when recoveredFromHmr is true 9ms
   ✓ workspaceRestore coordinator > preloads every persisted workspace snapshot before project switching 4ms
   ✓ workspaceRestore coordinator > exposes preloaded tabs on the first render of a project switch 6ms
   ✓ workspaceRestore coordinator > transitions from idle -> loading -> restored on successful disk restore 2ms
   ✓ workspaceRestore coordinator > does not start restore when enabled is false, and runs restore when enabled becomes true 2ms
   ✓ workspaceRestore coordinator > safely cancels in-flight restore on StrictMode unmount and allows second mount to complete 2ms
   ✓ workspaceRestore coordinator > marks workspace as restored immediately on HMR recovery without disk read when no HMR state is registered 1ms
   ✓ workspaceRestore coordinator > reconciles stale session to null backendId on HMR recovery when live daemon session list is empty 2ms
   ✓ workspaceRestore coordinator > preserves live backendId on HMR recovery when daemon session remains live 4ms
   ✓ workspaceRestore coordinator > restores again after the workspace was switched away and back 1ms
   ✓ workspaceRestore coordinator > isolates restore status per workspace 0ms
   ✓ workspaceRestore coordinator > transitions to failed status if loadSession throws an unhandled error 1ms
   ✓ workspaceRestore coordinator > propagates daemon list failure instead of treating it as an empty live-session set 1ms
   ✓ workspaceRestore coordinator > restores SSH pane identity while the daemon list is temporarily unavailable 1ms
   ✓ workspaceRestore coordinator > keeps persisted backend mappings untouched and fails restore when daemon listing fails 1ms
   ✓ workspaceRestore coordinator > reconciles sessions with daemon epoch and backend ID matching from live session query 1ms
   ✓ workspaceRestore coordinator > marks session as exited without auto-respawn when daemon epoch has changed 1ms
   ✓ workspaceRestore coordinator > preserves live backend session identity, agent metadata, and tab ownership without calling spawnTerminal 1ms
   × workspaceRestore coordinator > under Active Only policy, puts non-active tab missing sessions into standby while leaving active tab session eager 1ms
     → Cannot read properties of undefined (reading 'setItem')
(node:1013360) ExperimentalWarning: localStorage is not available because --localstorage-file was not provided.
(Use `node --trace-warnings ...` to show where the warning was created)
 ❯ src/components/SettingsDialog.test.tsx (28 tests | 28 failed) 11ms
   × SettingsDialog > is a full-view original-Orca-style nav/detail surface 4ms
     → Cannot read properties of undefined (reading 'clear')
   × SettingsDialog > persists confirm before closing a tab checkbox in General settings 0ms
     → Cannot read properties of undefined (reading 'clear')
   × SettingsDialog > moves the Ferryx CLI launcher card into the General section 0ms
     → Cannot read properties of undefined (reading 'clear')
   × SettingsDialog > hides the POSIX CLI instructions when the launcher is unsupported on this platform 0ms
     → Cannot read properties of undefined (reading 'clear')
   × SettingsDialog > keeps the POSIX CLI instructions when the launcher is supported 0ms
     → Cannot read properties of undefined (reading 'clear')
   × SettingsDialog > persists the show-sidebar-on-startup toggle 0ms
     → Cannot read properties of undefined (reading 'clear')
   × SettingsDialog > fetches Ghostty preferences and shows the effective terminal value/source 0ms
     → Cannot read properties of undefined (reading 'clear')
   × SettingsDialog > persists explicit local terminal overrides above Ghostty 0ms
     → Cannot read properties of undefined (reading 'clear')
   × SettingsDialog > labels a font-size-only override as a local override and clears it with Use imported 0ms
     → Cannot read properties of undefined (reading 'clear')
   × SettingsDialog > shows the registered shortcuts in the dedicated Keyboard Shortcuts section 0ms
     → Cannot read properties of undefined (reading 'clear')
   × SettingsDialog > navigates to Notifications section and displays toggles, permission status, volume slider, and test button 0ms
     → Cannot read properties of undefined (reading 'clear')
   × SettingsDialog > toggles Enable Notifications and updates state and localStorage 0ms
     → Cannot read properties of undefined (reading 'clear')
   × SettingsDialog > triggers probeNotificationDelivery when clicking Send Test Notification 0ms
     → Cannot read properties of undefined (reading 'clear')
   × SettingsDialog > picks custom sound and triggers pickNotificationAudio 0ms
     → Cannot read properties of undefined (reading 'clear')
   × SettingsDialog > keeps General free of the duplicate appearance summary 0ms
     → Cannot read properties of undefined (reading 'clear')
   × SettingsDialog > navigates to Appearance section, renders controls, and persists changes to localStorage 0ms
     → Cannot read properties of undefined (reading 'clear')
   × SettingsDialog > navigates to Browser section, changes search engine and zoom, and persists to localStorage 0ms
     → Cannot read properties of undefined (reading 'clear')
   × SettingsDialog > navigates to Remote Access section, renders paired devices, and revokes device on confirmation 0ms
     → Cannot read properties of undefined (reading 'clear')
   × SettingsDialog > navigates to Browser section and applies zoom to active browsers using setBrowserZoom 0ms
     → Cannot read properties of undefined (reading 'clear')
   × SettingsDialog > navigates to Agents section, displays detected agents, configures default agent and overrides 0ms
     → Cannot read properties of undefined (reading 'clear')
   × SettingsDialog > persists Appearance through the appearanceSettings API across remount 0ms
     → Cannot read properties of undefined (reading 'clear')
   × SettingsDialog > states that authorized browser profiles reconnect while Remote remains enabled and only require re-pairing when storage cleared, revoked, or profile changed 0ms
     → Cannot read properties of undefined (reading 'clear')
   × SettingsDialog > describes Default Agent as first in the New Tab list with a Default label, not auto-launch 0ms
     → Cannot read properties of undefined (reading 'clear')
   × SettingsDialog > does not expose Quick Commands navigation or section 0ms
     → Cannot read properties of undefined (reading 'clear')
   × SettingsDialog > does not offer a Workspace section, which the sidebar already owns 0ms
     → Cannot read properties of undefined (reading 'clear')
   × SettingsDialog > renders a non-empty General overview that does not duplicate Appearance controls 0ms
     → Cannot read properties of undefined (reading 'clear')
   × SettingsDialog > F-settings-03: deferred hooks when closed > does not invoke useTerminalSettings or register listeners when open=false 0ms
     → Cannot read properties of undefined (reading 'clear')
   × SettingsDialog > F-settings-03: deferred hooks when closed > source structure gates useTerminalSettings behind open check via inner component 0ms
     → Cannot read properties of undefined (reading 'clear')
 ✓ src/remote/attachTunnel.test.ts (13 tests) 287ms
 ✓ src/lib/notificationCoordinator.test.ts (51 tests) 26ms
 ✓ src/lib/shortcuts.test.tsx (84 tests) 303ms
 ✓ src/lib/tauri.test.ts (41 tests) 60ms
 ✓ src/components/dag/DagPaneBadge.test.tsx (32 tests) 168ms
