
COMMAND: cargo test --locked --manifest-path src-tauri/Cargo.toml --no-default-features --lib paired_host:: -- --test-threads=1
   Compiling ferryx v2026.908.1 (/Users/indo/code/project/orca-lite-wt/herdr-resume-01a097f8/src-tauri)
warning: unnecessary `unsafe` block
  --> src/macos_file_drop.rs:79:28
   |
79 |             let location = unsafe { info.draggingLocation() };
   |                            ^^^^^^ unnecessary `unsafe` block
   |
   = note: `#[warn(unused_unsafe)]` (part of `#[warn(unused)]`) on by default

warning: unnecessary `unsafe` block
  --> src/macos_file_drop.rs:80:25
   |
80 |             let point = unsafe { self.convertPoint_fromView(location, None) };
   |                         ^^^^^^ unnecessary `unsafe` block

warning: unnecessary `unsafe` block
   --> src/macos_file_drop.rs:102:46
    |
102 |     let pasteboard: Retained<NSPasteboard> = unsafe { info.draggingPasteboard() };
    |                                              ^^^^^^ unnecessary `unsafe` block

warning: unnecessary `unsafe` block
   --> src/macos_file_drop.rs:105:25
    |
105 |     if let Some(list) = unsafe { pasteboard.propertyListForType(&legacy) } {
    |                         ^^^^^^ unnecessary `unsafe` block

warning: unnecessary `unsafe` block
   --> src/macos_file_drop.rs:122:25
    |
122 |     if let Some(text) = unsafe { pasteboard.stringForType(file_url_type) } {
    |                         ^^^^^^ unnecessary `unsafe` block

warning: unnecessary `unsafe` block
   --> src/macos_file_drop.rs:123:28
    |
123 |         if let Some(url) = unsafe { NSURL::URLWithString(&text) } {
    |                            ^^^^^^ unnecessary `unsafe` block

warning: unnecessary `unsafe` block
   --> src/macos_file_drop.rs:124:33
    |
124 |             if let Some(path) = unsafe { url.path() } {
    |                                 ^^^^^^ unnecessary `unsafe` block

warning: unnecessary `unsafe` block
   --> src/macos_file_drop.rs:169:5
    |
169 |     unsafe { view.registerForDraggedTypes(&types) };
    |     ^^^^^^ unnecessary `unsafe` block

warning: unused variable: `token`
    --> src/remote/auth.rs:1399:14
     |
1399 |         let (token, device) = auth
     |              ^^^^^ help: if this is intentional, prefix it with an underscore: `_token`
     |
     = note: `#[warn(unused_variables)]` (part of `#[warn(unused)]`) on by default

warning: unused variable: `scroll_daemon_client`
   --> src/lib.rs:918:9
    |
918 |     let scroll_daemon_client = Arc::clone(&daemon_client);
    |         ^^^^^^^^^^^^^^^^^^^^ help: if this is intentional, prefix it with an underscore: `_scroll_daemon_client`

warning: method `machine_sessions` is never used
   --> src/daemon/session_service.rs:366:19
    |
227 | impl DaemonSessionService {
    | ------------------------- method in this implementation
...
366 |     pub(crate) fn machine_sessions(&self, epoch: crate::scoped_contracts::Epoch) -> Result<crate::remote::machine_protocol::Sessions, Str...
    |                   ^^^^^^^^^^^^^^^^
    |
    = note: `#[warn(dead_code)]` (part of `#[warn(unused)]`) on by default

warning: field `app` is never read
  --> src/ipc/notifications.rs:28:5
   |
27 | pub struct TauriNotificationBackend<R: Runtime> {
   |            ------------------------ field in this struct
28 |     app: AppHandle<R>,
   |     ^^^

warning: constant `GHOSTTY_TERMINAL_SCREEN_PRIMARY` is never used
  --> src/native_terminal/sys/constants.rs:56:11
   |
56 | pub const GHOSTTY_TERMINAL_SCREEN_PRIMARY: c_int = 0;
   |           ^^^^^^^^^^^^^^^^^^^^^^^^^^^^^^^

warning: function `no_auth_query` is never used
    --> src/remote/server.rs:3135:12
     |
3135 |         fn no_auth_query() -> AuthQuery {
     |            ^^^^^^^^^^^^^

warning: struct `WriterLeaseGuard` is never constructed
  --> src/worktree/manager.rs:86:19
   |
86 | pub(crate) struct WriterLeaseGuard {
   |                   ^^^^^^^^^^^^^^^^

warning: associated items `new`, `canonical_path`, and `owner_id` are never used
   --> src/worktree/manager.rs:93:8
    |
 92 | impl WriterLeaseGuard {
    | --------------------- associated items in this implementation
 93 |     fn new(registry: WriterLeaseRegistry, canonical_path: PathBuf, owner_id: String) -> Self {
    |        ^^^
...
101 |     pub(crate) fn canonical_path(&self) -> &Path {
    |                   ^^^^^^^^^^^^^^
...
105 |     pub(crate) fn owner_id(&self) -> &str {
    |                   ^^^^^^^^

warning: method `acquire_writer_lease` is never used
   --> src/worktree/manager.rs:338:19
    |
134 | impl WorktreeManager {
    | -------------------- method in this implementation
...
338 |     pub(crate) fn acquire_writer_lease(
    |                   ^^^^^^^^^^^^^^^^^^^^

warning: `ferryx` (lib test) generated 17 warnings (run `cargo fix --lib -p ferryx --tests` to apply 2 suggestions)
    Finished `test` profile [unoptimized + debuginfo] target(s) in 21.46s
     Running unittests src/lib.rs (src-tauri/target/debug/deps/ferryx_lib-8ab521b134f63f3f)

running 31 tests
test paired_host::client::tests::ambiguous_journal_never_repeats_mutation ... ok
test paired_host::client::tests::capability_absence_fails_closed ... ok
test paired_host::client::tests::generation_cancels_blocked_http_without_release ... ok
test paired_host::client::tests::operation_requires_machine_workspace_capability ... ok
test paired_host::client::tests::pending_mutation_response_retains_request_and_ambiguity ... ok
test paired_host::client::tests::predecessor_epoch_and_additive_capabilities_are_preserved ... ok
test paired_host::client::tests::real_http_non_json_redirect_and_body_limit ... ok
test paired_host::client::tests::real_machine_catalog_replay_checks_digest_and_preserves_metadata ... ok
test paired_host::client::tests::response_provenance_is_fenced_over_http ... ok
test paired_host::client::tests::wrong_authenticated_machine_cannot_be_adopted ... ok
test paired_host::inventory_tests::actual_write_failure_keeps_disk_and_legacy_authority_and_fences_leases ... ok
test paired_host::inventory_tests::corrupt_unknown_newer_and_external_replacement_never_overwrite ... ok
test paired_host::inventory_tests::fixture_loopback_store_roundtrips_but_production_fails_closed ... ok
test paired_host::inventory_tests::migration_requires_host_proof_and_verified_copy_and_preserves_source ... ok
test paired_host::inventory_tests::mirror_and_unknown_do_not_become_machine_authority ... ok
test paired_host::inventory_tests::origin_normalization_is_identity_stable ... ok
test paired_host::inventory_tests::public_http_and_userinfo_fail_closed ... ok
test paired_host::inventory_tests::re_pair_forget_and_revoke_cancel_only_captured_host_across_restart ... ok
test paired_host::inventory_tests::real_private_persistence_restart_and_secret_exclusion ... ok
test paired_host::inventory_tests::test_loopback_is_explicit_and_not_a_production_origin ... ok
test paired_host::native_ambiguity_tests::mutation_native_transport_failure_retains_identity ... ok
test paired_host::native_ambiguity_tests::native_35s_deadline_retains_mutation_reconciliation ... ok
test paired_host::native_ambiguity_tests::read_only_native_transport_failure_is_not_ambiguous ... ok
test paired_host::projects::tests::metadata_and_unavailable_identity_are_lossless ... ok
test paired_host::proxy_tests::a23_dropping_connected_proxy_releases_socket_and_hub ... ok
test paired_host::proxy_tests::native_actor_delivers_controls_and_output_without_local_pty ... ok
test paired_host::proxy_tests::native_registry_routes_paired_ids_without_local_fallback ... ok
test paired_host::proxy_tests::paired_socket_decodes_output_and_fences_input_without_local_pty ... ok
test paired_host::service::native_transport_tests::paused_authenticated_response_cannot_adopt_after_repair_or_forget ... ok
test paired_host::service::native_transport_tests::redirect_never_forwards_credential_and_failed_migration_preserves_source ... ok
test paired_host::service::native_transport_tests::secret_debug_and_production_origin_policy ... ok

test result: ok. 31 passed; 0 failed; 0 ignored; 0 measured; 995 filtered out; finished in 0.68s


EXIT=0

COMMAND: cargo test --locked --manifest-path src-tauri/Cargo.toml --no-default-features --test paired_daemon_native_proxy --test relay_pairing_generation_regression -- --test-threads=1
warning: unused import: `Manager`
  --> src/ipc/notifications.rs:21:24
   |
21 | use tauri::{AppHandle, Manager, Runtime, State};
   |                        ^^^^^^^
   |
   = note: `#[warn(unused_imports)]` (part of `#[warn(unused)]`) on by default

warning: unnecessary `unsafe` block
  --> src/macos_file_drop.rs:79:28
   |
79 |             let location = unsafe { info.draggingLocation() };
   |                            ^^^^^^ unnecessary `unsafe` block
   |
   = note: `#[warn(unused_unsafe)]` (part of `#[warn(unused)]`) on by default

warning: unnecessary `unsafe` block
  --> src/macos_file_drop.rs:80:25
   |
80 |             let point = unsafe { self.convertPoint_fromView(location, None) };
   |                         ^^^^^^ unnecessary `unsafe` block

warning: unnecessary `unsafe` block
   --> src/macos_file_drop.rs:102:46
    |
102 |     let pasteboard: Retained<NSPasteboard> = unsafe { info.draggingPasteboard() };
    |                                              ^^^^^^ unnecessary `unsafe` block

warning: unnecessary `unsafe` block
   --> src/macos_file_drop.rs:105:25
    |
105 |     if let Some(list) = unsafe { pasteboard.propertyListForType(&legacy) } {
    |                         ^^^^^^ unnecessary `unsafe` block

warning: unnecessary `unsafe` block
   --> src/macos_file_drop.rs:122:25
    |
122 |     if let Some(text) = unsafe { pasteboard.stringForType(file_url_type) } {
    |                         ^^^^^^ unnecessary `unsafe` block

warning: unnecessary `unsafe` block
   --> src/macos_file_drop.rs:123:28
    |
123 |         if let Some(url) = unsafe { NSURL::URLWithString(&text) } {
    |                            ^^^^^^ unnecessary `unsafe` block

warning: unnecessary `unsafe` block
   --> src/macos_file_drop.rs:124:33
    |
124 |             if let Some(path) = unsafe { url.path() } {
    |                                 ^^^^^^ unnecessary `unsafe` block

warning: unnecessary `unsafe` block
   --> src/macos_file_drop.rs:169:5
    |
169 |     unsafe { view.registerForDraggedTypes(&types) };
    |     ^^^^^^ unnecessary `unsafe` block

warning: unused variable: `scroll_daemon_client`
   --> src/lib.rs:918:9
    |
918 |     let scroll_daemon_client = Arc::clone(&daemon_client);
    |         ^^^^^^^^^^^^^^^^^^^^ help: if this is intentional, prefix it with an underscore: `_scroll_daemon_client`
    |
    = note: `#[warn(unused_variables)]` (part of `#[warn(unused)]`) on by default

warning: method `machine_sessions` is never used
   --> src/daemon/session_service.rs:366:19
    |
227 | impl DaemonSessionService {
    | ------------------------- method in this implementation
...
366 |     pub(crate) fn machine_sessions(&self, epoch: crate::scoped_contracts::Epoch) -> Result<crate::remote::machine_protocol::Sessions, Str...
    |                   ^^^^^^^^^^^^^^^^
    |
    = note: `#[warn(dead_code)]` (part of `#[warn(unused)]`) on by default

warning: field `app` is never read
  --> src/ipc/notifications.rs:28:5
   |
27 | pub struct TauriNotificationBackend<R: Runtime> {
   |            ------------------------ field in this struct
28 |     app: AppHandle<R>,
   |     ^^^

warning: constant `GHOSTTY_TERMINAL_SCREEN_PRIMARY` is never used
  --> src/native_terminal/sys/constants.rs:56:11
   |
56 | pub const GHOSTTY_TERMINAL_SCREEN_PRIMARY: c_int = 0;
   |           ^^^^^^^^^^^^^^^^^^^^^^^^^^^^^^^

warning: methods `synchronized_output_deadline`, `expire_synchronized_output`, and `finish_synchronized_output` are never used
   --> src/native_terminal/terminal.rs:169:19
    |
133 | impl NativeTerminal {
    | ------------------- methods in this implementation
...
169 |     pub(crate) fn synchronized_output_deadline(&self) -> Option<tokio::time::Instant> {
    |                   ^^^^^^^^^^^^^^^^^^^^^^^^^^^^
...
173 |     pub(crate) fn expire_synchronized_output(
    |                   ^^^^^^^^^^^^^^^^^^^^^^^^^^
...
184 |     pub(crate) fn finish_synchronized_output(&mut self) -> Result<(), NativeTerminalError> {
    |                   ^^^^^^^^^^^^^^^^^^^^^^^^^^

warning: method `wait_and_reap` is never used
   --> src/terminal/session.rs:364:19
    |
 73 | impl PtySession {
    | --------------- method in this implementation
...
364 |     pub(crate) fn wait_and_reap(&self) -> Result<Option<i32>, PtyError> {
    |                   ^^^^^^^^^^^^^

warning: function `with_local_worktree_budget` is never used
   --> src/worktree/git.rs:115:15
    |
115 | pub(crate) fn with_local_worktree_budget<T>(work: impl FnOnce() -> T) -> T {
    |               ^^^^^^^^^^^^^^^^^^^^^^^^^^

warning: struct `WriterLeaseGuard` is never constructed
  --> src/worktree/manager.rs:86:19
   |
86 | pub(crate) struct WriterLeaseGuard {
   |                   ^^^^^^^^^^^^^^^^

warning: associated items `new`, `canonical_path`, and `owner_id` are never used
   --> src/worktree/manager.rs:93:8
    |
 92 | impl WriterLeaseGuard {
    | --------------------- associated items in this implementation
 93 |     fn new(registry: WriterLeaseRegistry, canonical_path: PathBuf, owner_id: String) -> Self {
    |        ^^^
...
101 |     pub(crate) fn canonical_path(&self) -> &Path {
    |                   ^^^^^^^^^^^^^^
...
105 |     pub(crate) fn owner_id(&self) -> &str {
    |                   ^^^^^^^^

warning: method `acquire_writer_lease` is never used
   --> src/worktree/manager.rs:338:19
    |
134 | impl WorktreeManager {
    | -------------------- method in this implementation
...
338 |     pub(crate) fn acquire_writer_lease(
    |                   ^^^^^^^^^^^^^^^^^^^^

warning: `ferryx` (lib) generated 19 warnings (run `cargo fix --lib -p ferryx` to apply 2 suggestions)
   Compiling ferryx v2026.908.1 (/Users/indo/code/project/orca-lite-wt/herdr-resume-01a097f8/src-tauri)
    Finished `test` profile [unoptimized + debuginfo] target(s) in 2.47s
     Running tests/paired_daemon_native_proxy.rs (src-tauri/target/debug/deps/paired_daemon_native_proxy-6d1988d3b7e3c5f4)

running 2 tests
test a23_slow_consumer_is_bounded_and_drop_removes_host_qualified_entries ... ok
test a23_wire_limit_rejects_oversized_frames ... ok

test result: ok. 2 passed; 0 failed; 0 ignored; 0 measured; 0 filtered out; finished in 0.01s

     Running tests/relay_pairing_generation_regression.rs (src-tauri/target/debug/deps/relay_pairing_generation_regression-5e9474df2ab93ee5)

running 8 tests
test a11_joint_machine_relay_runtime ... ok
test a11_real_pty_failure_containment ... ok
test machine_http_transport ... ok
test machine_routes_reach_relay_admission ... ok
test r4_absolute_replacement_filename_direct_and_relay ... ok
test r4_failure_path_joins_connections_and_removes_store ... ok
test second_machine_first_pairing_is_not_blocked_by_an_unrelated_connection ... ok
test stale_registration_stops_being_claimable_after_control_replacement ... ok

test result: ok. 8 passed; 0 failed; 0 ignored; 0 measured; 0 filtered out; finished in 14.94s


EXIT=0

COMMAND: cargo check --locked --manifest-path src-tauri/Cargo.toml --no-default-features --lib
warning: unused import: `Manager`
  --> src/ipc/notifications.rs:21:24
   |
21 | use tauri::{AppHandle, Manager, Runtime, State};
   |                        ^^^^^^^
   |
   = note: `#[warn(unused_imports)]` (part of `#[warn(unused)]`) on by default

warning: unnecessary `unsafe` block
  --> src/macos_file_drop.rs:79:28
   |
79 |             let location = unsafe { info.draggingLocation() };
   |                            ^^^^^^ unnecessary `unsafe` block
   |
   = note: `#[warn(unused_unsafe)]` (part of `#[warn(unused)]`) on by default

warning: unnecessary `unsafe` block
  --> src/macos_file_drop.rs:80:25
   |
80 |             let point = unsafe { self.convertPoint_fromView(location, None) };
   |                         ^^^^^^ unnecessary `unsafe` block

warning: unnecessary `unsafe` block
   --> src/macos_file_drop.rs:102:46
    |
102 |     let pasteboard: Retained<NSPasteboard> = unsafe { info.draggingPasteboard() };
    |                                              ^^^^^^ unnecessary `unsafe` block

warning: unnecessary `unsafe` block
   --> src/macos_file_drop.rs:105:25
    |
105 |     if let Some(list) = unsafe { pasteboard.propertyListForType(&legacy) } {
    |                         ^^^^^^ unnecessary `unsafe` block

warning: unnecessary `unsafe` block
   --> src/macos_file_drop.rs:122:25
    |
122 |     if let Some(text) = unsafe { pasteboard.stringForType(file_url_type) } {
    |                         ^^^^^^ unnecessary `unsafe` block

warning: unnecessary `unsafe` block
   --> src/macos_file_drop.rs:123:28
    |
123 |         if let Some(url) = unsafe { NSURL::URLWithString(&text) } {
    |                            ^^^^^^ unnecessary `unsafe` block

warning: unnecessary `unsafe` block
   --> src/macos_file_drop.rs:124:33
    |
124 |             if let Some(path) = unsafe { url.path() } {
    |                                 ^^^^^^ unnecessary `unsafe` block

warning: unnecessary `unsafe` block
   --> src/macos_file_drop.rs:169:5
    |
169 |     unsafe { view.registerForDraggedTypes(&types) };
    |     ^^^^^^ unnecessary `unsafe` block

warning: unused variable: `scroll_daemon_client`
   --> src/lib.rs:918:9
    |
918 |     let scroll_daemon_client = Arc::clone(&daemon_client);
    |         ^^^^^^^^^^^^^^^^^^^^ help: if this is intentional, prefix it with an underscore: `_scroll_daemon_client`
    |
    = note: `#[warn(unused_variables)]` (part of `#[warn(unused)]`) on by default

warning: method `machine_sessions` is never used
   --> src/daemon/session_service.rs:366:19
    |
227 | impl DaemonSessionService {
    | ------------------------- method in this implementation
...
366 |     pub(crate) fn machine_sessions(&self, epoch: crate::scoped_contracts::Epoch) -> Result<crate::remote::machine_protocol::Sessions, Str...
    |                   ^^^^^^^^^^^^^^^^
    |
    = note: `#[warn(dead_code)]` (part of `#[warn(unused)]`) on by default

warning: field `app` is never read
  --> src/ipc/notifications.rs:28:5
   |
27 | pub struct TauriNotificationBackend<R: Runtime> {
   |            ------------------------ field in this struct
28 |     app: AppHandle<R>,
   |     ^^^

warning: constant `GHOSTTY_TERMINAL_SCREEN_PRIMARY` is never used
  --> src/native_terminal/sys/constants.rs:56:11
   |
56 | pub const GHOSTTY_TERMINAL_SCREEN_PRIMARY: c_int = 0;
   |           ^^^^^^^^^^^^^^^^^^^^^^^^^^^^^^^

warning: methods `synchronized_output_deadline`, `expire_synchronized_output`, and `finish_synchronized_output` are never used
   --> src/native_terminal/terminal.rs:169:19
    |
133 | impl NativeTerminal {
    | ------------------- methods in this implementation
...
169 |     pub(crate) fn synchronized_output_deadline(&self) -> Option<tokio::time::Instant> {
    |                   ^^^^^^^^^^^^^^^^^^^^^^^^^^^^
...
173 |     pub(crate) fn expire_synchronized_output(
    |                   ^^^^^^^^^^^^^^^^^^^^^^^^^^
...
184 |     pub(crate) fn finish_synchronized_output(&mut self) -> Result<(), NativeTerminalError> {
    |                   ^^^^^^^^^^^^^^^^^^^^^^^^^^

warning: method `wait_and_reap` is never used
   --> src/terminal/session.rs:364:19
    |
 73 | impl PtySession {
    | --------------- method in this implementation
...
364 |     pub(crate) fn wait_and_reap(&self) -> Result<Option<i32>, PtyError> {
    |                   ^^^^^^^^^^^^^

warning: function `with_local_worktree_budget` is never used
   --> src/worktree/git.rs:115:15
    |
115 | pub(crate) fn with_local_worktree_budget<T>(work: impl FnOnce() -> T) -> T {
    |               ^^^^^^^^^^^^^^^^^^^^^^^^^^

warning: struct `WriterLeaseGuard` is never constructed
  --> src/worktree/manager.rs:86:19
   |
86 | pub(crate) struct WriterLeaseGuard {
   |                   ^^^^^^^^^^^^^^^^

warning: associated items `new`, `canonical_path`, and `owner_id` are never used
   --> src/worktree/manager.rs:93:8
    |
 92 | impl WriterLeaseGuard {
    | --------------------- associated items in this implementation
 93 |     fn new(registry: WriterLeaseRegistry, canonical_path: PathBuf, owner_id: String) -> Self {
    |        ^^^
...
101 |     pub(crate) fn canonical_path(&self) -> &Path {
    |                   ^^^^^^^^^^^^^^
...
105 |     pub(crate) fn owner_id(&self) -> &str {
    |                   ^^^^^^^^

warning: method `acquire_writer_lease` is never used
   --> src/worktree/manager.rs:338:19
    |
134 | impl WorktreeManager {
    | -------------------- method in this implementation
...
338 |     pub(crate) fn acquire_writer_lease(
    |                   ^^^^^^^^^^^^^^^^^^^^

warning: `ferryx` (lib) generated 19 warnings (run `cargo fix --lib -p ferryx` to apply 2 suggestions)
    Finished `dev` profile [unoptimized + debuginfo] target(s) in 0.32s

EXIT=0

COMMAND: cargo check --locked --manifest-path src-tauri/Cargo.toml --no-default-features --bin ferryx-cli --bin ferryx-relay
warning: unused import: `Manager`
  --> src/ipc/notifications.rs:21:24
   |
21 | use tauri::{AppHandle, Manager, Runtime, State};
   |                        ^^^^^^^
   |
   = note: `#[warn(unused_imports)]` (part of `#[warn(unused)]`) on by default

warning: unnecessary `unsafe` block
  --> src/macos_file_drop.rs:79:28
   |
79 |             let location = unsafe { info.draggingLocation() };
   |                            ^^^^^^ unnecessary `unsafe` block
   |
   = note: `#[warn(unused_unsafe)]` (part of `#[warn(unused)]`) on by default

warning: unnecessary `unsafe` block
  --> src/macos_file_drop.rs:80:25
   |
80 |             let point = unsafe { self.convertPoint_fromView(location, None) };
   |                         ^^^^^^ unnecessary `unsafe` block

warning: unnecessary `unsafe` block
   --> src/macos_file_drop.rs:102:46
    |
102 |     let pasteboard: Retained<NSPasteboard> = unsafe { info.draggingPasteboard() };
    |                                              ^^^^^^ unnecessary `unsafe` block

warning: unnecessary `unsafe` block
   --> src/macos_file_drop.rs:105:25
    |
105 |     if let Some(list) = unsafe { pasteboard.propertyListForType(&legacy) } {
    |                         ^^^^^^ unnecessary `unsafe` block

warning: unnecessary `unsafe` block
   --> src/macos_file_drop.rs:122:25
    |
122 |     if let Some(text) = unsafe { pasteboard.stringForType(file_url_type) } {
    |                         ^^^^^^ unnecessary `unsafe` block

warning: unnecessary `unsafe` block
   --> src/macos_file_drop.rs:123:28
    |
123 |         if let Some(url) = unsafe { NSURL::URLWithString(&text) } {
    |                            ^^^^^^ unnecessary `unsafe` block

warning: unnecessary `unsafe` block
   --> src/macos_file_drop.rs:124:33
    |
124 |             if let Some(path) = unsafe { url.path() } {
    |                                 ^^^^^^ unnecessary `unsafe` block

warning: unnecessary `unsafe` block
   --> src/macos_file_drop.rs:169:5
    |
169 |     unsafe { view.registerForDraggedTypes(&types) };
    |     ^^^^^^ unnecessary `unsafe` block

warning: unused variable: `scroll_daemon_client`
   --> src/lib.rs:918:9
    |
918 |     let scroll_daemon_client = Arc::clone(&daemon_client);
    |         ^^^^^^^^^^^^^^^^^^^^ help: if this is intentional, prefix it with an underscore: `_scroll_daemon_client`
    |
    = note: `#[warn(unused_variables)]` (part of `#[warn(unused)]`) on by default

warning: method `machine_sessions` is never used
   --> src/daemon/session_service.rs:366:19
    |
227 | impl DaemonSessionService {
    | ------------------------- method in this implementation
...
366 |     pub(crate) fn machine_sessions(&self, epoch: crate::scoped_contracts::Epoch) -> Result<crate::remote::machine_protocol::Sessions, Str...
    |                   ^^^^^^^^^^^^^^^^
    |
    = note: `#[warn(dead_code)]` (part of `#[warn(unused)]`) on by default

warning: field `app` is never read
  --> src/ipc/notifications.rs:28:5
   |
27 | pub struct TauriNotificationBackend<R: Runtime> {
   |            ------------------------ field in this struct
28 |     app: AppHandle<R>,
   |     ^^^

warning: constant `GHOSTTY_TERMINAL_SCREEN_PRIMARY` is never used
  --> src/native_terminal/sys/constants.rs:56:11
   |
56 | pub const GHOSTTY_TERMINAL_SCREEN_PRIMARY: c_int = 0;
   |           ^^^^^^^^^^^^^^^^^^^^^^^^^^^^^^^

warning: methods `synchronized_output_deadline`, `expire_synchronized_output`, and `finish_synchronized_output` are never used
   --> src/native_terminal/terminal.rs:169:19
    |
133 | impl NativeTerminal {
    | ------------------- methods in this implementation
...
169 |     pub(crate) fn synchronized_output_deadline(&self) -> Option<tokio::time::Instant> {
    |                   ^^^^^^^^^^^^^^^^^^^^^^^^^^^^
...
173 |     pub(crate) fn expire_synchronized_output(
    |                   ^^^^^^^^^^^^^^^^^^^^^^^^^^
...
184 |     pub(crate) fn finish_synchronized_output(&mut self) -> Result<(), NativeTerminalError> {
    |                   ^^^^^^^^^^^^^^^^^^^^^^^^^^

warning: method `wait_and_reap` is never used
   --> src/terminal/session.rs:364:19
    |
 73 | impl PtySession {
    | --------------- method in this implementation
...
364 |     pub(crate) fn wait_and_reap(&self) -> Result<Option<i32>, PtyError> {
    |                   ^^^^^^^^^^^^^

warning: function `with_local_worktree_budget` is never used
   --> src/worktree/git.rs:115:15
    |
115 | pub(crate) fn with_local_worktree_budget<T>(work: impl FnOnce() -> T) -> T {
    |               ^^^^^^^^^^^^^^^^^^^^^^^^^^

warning: struct `WriterLeaseGuard` is never constructed
  --> src/worktree/manager.rs:86:19
   |
86 | pub(crate) struct WriterLeaseGuard {
   |                   ^^^^^^^^^^^^^^^^

warning: associated items `new`, `canonical_path`, and `owner_id` are never used
   --> src/worktree/manager.rs:93:8
    |
 92 | impl WriterLeaseGuard {
    | --------------------- associated items in this implementation
 93 |     fn new(registry: WriterLeaseRegistry, canonical_path: PathBuf, owner_id: String) -> Self {
    |        ^^^
...
101 |     pub(crate) fn canonical_path(&self) -> &Path {
    |                   ^^^^^^^^^^^^^^
...
105 |     pub(crate) fn owner_id(&self) -> &str {
    |                   ^^^^^^^^

warning: method `acquire_writer_lease` is never used
   --> src/worktree/manager.rs:338:19
    |
134 | impl WorktreeManager {
    | -------------------- method in this implementation
...
338 |     pub(crate) fn acquire_writer_lease(
    |                   ^^^^^^^^^^^^^^^^^^^^

warning: `ferryx` (lib) generated 19 warnings (run `cargo fix --lib -p ferryx` to apply 2 suggestions)
    Finished `dev` profile [unoptimized + debuginfo] target(s) in 0.20s

EXIT=0

COMMAND: bun run --cwd ui build
$ tsc && vite build
vite v6.4.3 building for production...
transforming...
✓ 1890 modules transformed.
rendering chunks...
computing gzip size...
dist/index.html                                        3.08 kB │ gzip:   1.10 kB
dist/assets/crush-DHElXcRZ.png                         5.46 kB
dist/assets/droid-BhrKLgQ8.svg                         6.30 kB │ gzip:   2.88 kB
dist/assets/antigravity-DgAQAdn3.svg                   7.63 kB │ gzip:   1.72 kB
dist/assets/gjc-CmlXGg4z.png                          22.73 kB
dist/assets/geist-variable-CrgPqtmy.woff2             69.44 kB
dist/assets/ferryx-icon-OXRkkUvz.png                 805.82 kB
dist/assets/index-CTJQafPq.css                        78.24 kB │ gzip:  14.21 kB
dist/assets/server-BL18W7d0.js                         0.51 kB │ gzip:   0.32 kB
dist/assets/card-DPaC7yy0.js                           2.08 kB │ gzip:   0.87 kB
dist/assets/remoteHostStore-CaRR-DcW.js                4.37 kB │ gzip:   1.63 kB
dist/assets/pairedHostInventory-DSTN0wVe.js            4.59 kB │ gzip:   1.90 kB
dist/assets/PermissionsOnboardingDialog-GNMVnuI5.js    6.25 kB │ gzip:   1.85 kB
dist/assets/browser-CID0poRf.js                       25.78 kB │ gzip:  10.13 kB
dist/assets/RemoteApp-CxCt7FPd.js                     61.10 kB │ gzip:  18.05 kB
dist/assets/sonner-BRj50RTG.js                        93.62 kB │ gzip:  31.08 kB
dist/assets/index-lcQKGpi0.js                        187.71 kB │ gzip:  60.15 kB
dist/assets/SettingsDialog-CrcJ38ns.js               199.47 kB │ gzip:  59.56 kB
dist/assets/App-C1yKwKAc.js                          510.41 kB │ gzip: 148.69 kB

(!) Some chunks are larger than 500 kB after minification. Consider:
- Using dynamic import() to code-split the application
- Use build.rollupOptions.output.manualChunks to improve chunking: https://rollupjs.org/configuration-options/#output-manualchunks
- Adjust chunk size limit for this warning via build.chunkSizeWarningLimit.
✓ built in 2.27s

EXIT=0

ISOLATED runtime root: /Users/indo/code/project/orca-lite-wt/herdr-resume-01a097f8/a23-uxhjso6h

COMMAND: cargo test --locked --manifest-path src-tauri/Cargo.toml --no-default-features --lib remote:: -- --test-threads=1
   Compiling ferryx v2026.908.1 (/Users/indo/code/project/orca-lite-wt/herdr-resume-01a097f8/src-tauri)
warning: unnecessary `unsafe` block
  --> src/macos_file_drop.rs:79:28
   |
79 |             let location = unsafe { info.draggingLocation() };
   |                            ^^^^^^ unnecessary `unsafe` block
   |
   = note: `#[warn(unused_unsafe)]` (part of `#[warn(unused)]`) on by default

warning: unnecessary `unsafe` block
  --> src/macos_file_drop.rs:80:25
   |
80 |             let point = unsafe { self.convertPoint_fromView(location, None) };
   |                         ^^^^^^ unnecessary `unsafe` block

warning: unnecessary `unsafe` block
   --> src/macos_file_drop.rs:102:46
    |
102 |     let pasteboard: Retained<NSPasteboard> = unsafe { info.draggingPasteboard() };
    |                                              ^^^^^^ unnecessary `unsafe` block

warning: unnecessary `unsafe` block
   --> src/macos_file_drop.rs:105:25
    |
105 |     if let Some(list) = unsafe { pasteboard.propertyListForType(&legacy) } {
    |                         ^^^^^^ unnecessary `unsafe` block

warning: unnecessary `unsafe` block
   --> src/macos_file_drop.rs:122:25
    |
122 |     if let Some(text) = unsafe { pasteboard.stringForType(file_url_type) } {
    |                         ^^^^^^ unnecessary `unsafe` block

warning: unnecessary `unsafe` block
   --> src/macos_file_drop.rs:123:28
    |
123 |         if let Some(url) = unsafe { NSURL::URLWithString(&text) } {
    |                            ^^^^^^ unnecessary `unsafe` block

warning: unnecessary `unsafe` block
   --> src/macos_file_drop.rs:124:33
    |
124 |             if let Some(path) = unsafe { url.path() } {
    |                                 ^^^^^^ unnecessary `unsafe` block

warning: unnecessary `unsafe` block
   --> src/macos_file_drop.rs:169:5
    |
169 |     unsafe { view.registerForDraggedTypes(&types) };
    |     ^^^^^^ unnecessary `unsafe` block

warning: unused variable: `token`
    --> src/remote/auth.rs:1399:14
     |
1399 |         let (token, device) = auth
     |              ^^^^^ help: if this is intentional, prefix it with an underscore: `_token`
     |
     = note: `#[warn(unused_variables)]` (part of `#[warn(unused)]`) on by default

warning: unused variable: `scroll_daemon_client`
   --> src/lib.rs:918:9
    |
918 |     let scroll_daemon_client = Arc::clone(&daemon_client);
    |         ^^^^^^^^^^^^^^^^^^^^ help: if this is intentional, prefix it with an underscore: `_scroll_daemon_client`

warning: method `machine_sessions` is never used
   --> src/daemon/session_service.rs:366:19
    |
227 | impl DaemonSessionService {
    | ------------------------- method in this implementation
...
366 |     pub(crate) fn machine_sessions(&self, epoch: crate::scoped_contracts::Epoch) -> Result<crate::remote::machine_protocol::Sessions, Str...
    |                   ^^^^^^^^^^^^^^^^
    |
    = note: `#[warn(dead_code)]` (part of `#[warn(unused)]`) on by default

warning: field `app` is never read
  --> src/ipc/notifications.rs:28:5
   |
27 | pub struct TauriNotificationBackend<R: Runtime> {
   |            ------------------------ field in this struct
28 |     app: AppHandle<R>,
   |     ^^^

warning: constant `GHOSTTY_TERMINAL_SCREEN_PRIMARY` is never used
  --> src/native_terminal/sys/constants.rs:56:11
   |
56 | pub const GHOSTTY_TERMINAL_SCREEN_PRIMARY: c_int = 0;
   |           ^^^^^^^^^^^^^^^^^^^^^^^^^^^^^^^

warning: function `no_auth_query` is never used
    --> src/remote/server.rs:3135:12
     |
3135 |         fn no_auth_query() -> AuthQuery {
     |            ^^^^^^^^^^^^^

warning: struct `WriterLeaseGuard` is never constructed
  --> src/worktree/manager.rs:86:19
   |
86 | pub(crate) struct WriterLeaseGuard {
   |                   ^^^^^^^^^^^^^^^^

warning: associated items `new`, `canonical_path`, and `owner_id` are never used
   --> src/worktree/manager.rs:93:8
    |
 92 | impl WriterLeaseGuard {
    | --------------------- associated items in this implementation
 93 |     fn new(registry: WriterLeaseRegistry, canonical_path: PathBuf, owner_id: String) -> Self {
    |        ^^^
...
101 |     pub(crate) fn canonical_path(&self) -> &Path {
    |                   ^^^^^^^^^^^^^^
...
105 |     pub(crate) fn owner_id(&self) -> &str {
    |                   ^^^^^^^^

warning: method `acquire_writer_lease` is never used
   --> src/worktree/manager.rs:338:19
    |
134 | impl WorktreeManager {
    | -------------------- method in this implementation
...
338 |     pub(crate) fn acquire_writer_lease(
    |                   ^^^^^^^^^^^^^^^^^^^^

warning: `ferryx` (lib test) generated 17 warnings (run `cargo fix --lib -p ferryx --tests` to apply 2 suggestions)
    Finished `test` profile [unoptimized + debuginfo] target(s) in 8.46s
     Running unittests src/lib.rs (src-tauri/target/debug/deps/ferryx_lib-8ab521b134f63f3f)

running 283 tests
test ipc::project_remote::tests::all_local_git_boundaries_reject_remote_namespace_even_without_loaded_metadata ... ok
test ipc::project_remote::tests::local_registration_never_canonicalizes_a_remote_id_into_a_local_project ... ok
test ipc::project_remote::tests::remote_registration_wire_request_rejects_extra_execution_fields ... ok
test ipc::project_remote::tests::remote_startup_cannot_use_local_shell_resolver ... ok
test remote::auth::persistence_tests::a_completed_write_leaves_a_fully_readable_store ... ok
test remote::auth::persistence_tests::canonical_auth_path_follows_the_canonical_remote_dir ... ok
test remote::auth::persistence_tests::concurrent_writers_never_observe_a_torn_store ... ok
test remote::auth::persistence_tests::legacy_revoked_tombstones_are_pruned_when_the_store_is_loaded ... ok
test remote::auth::persistence_tests::revoked_devices_are_deleted_outright_and_never_reappear ... ok
test remote::auth::persistence_tests::the_store_is_written_owner_only_or_reports_an_error ... ok
test remote::auth::persistence_tests::validate_token_throttles_disk_persistence ... ok
test remote::auth::security_tests::concurrent_guesses_spend_exactly_five_failure_slots ... ok
test remote::auth::security_tests::expired_pin_is_consumed_and_never_issues_a_token ... ok
test remote::auth::security_tests::late_generated_pin_survives_failure_window_rollover ... ok
test remote::auth::security_tests::new_window_discards_expired_codes_and_restores_pairing ... ok
test remote::auth::security_tests::revocation_is_latched_and_registration_after_validation_cannot_miss_it ... ok
test remote::auth::security_tests::successful_pairing_does_not_reset_the_global_failure_budget ... ok
test remote::auth::security_tests::valid_pairing_is_single_use_under_concurrent_exchange ... ok
test remote::auth::tests::relay_capability_is_single_use_persisted_and_cancellable ... ok
test remote::auth::tests::test_auth_credential_separation ... ok
test remote::auth::tests::test_auth_store_resolves_under_the_same_dir_as_the_identity ... ok
test remote::auth::tests::test_cli_pair_approve ... ok
test remote::auth::tests::test_cli_pair_cross_process_persistence ... ok
test remote::auth::tests::test_device_idle_expiry ... ok
test remote::auth::tests::test_device_name_length_capped_and_list_devices_filters_idle ... ok
test remote::auth::tests::test_identity_dir_matches_the_shared_remote_state_dir ... ok
test remote::auth::tests::test_machine_identity_persistence ... ok
test remote::auth::tests::test_machine_identity_sign_and_verify ... ok
test remote::auth::tests::test_pairing_exchange_with_blank_name_stores_fallback ... ok
test remote::auth::tests::test_repairing_view_pin_preserves_view_permission_on_replacement ... ok
test remote::auth::tests::test_repairing_with_same_installation_id_replaces_and_invalidates_old_token ... ok
test remote::auth::tests::test_store_without_installation_id_backward_compat ... ok
test remote::design_mode::tests::test_design_mode_snapshot_staging ... ok
test remote::discovery::tailscale::tests::test_parse_status_json_invalid_input_errors ... ok
test remote::discovery::tailscale::tests::test_parse_status_json_skips_peers_without_ipv4 ... ok
test remote::discovery::tailscale::tests::test_tailscale_peer_discovery ... ok
test remote::filesystem_tests::a06_budget_inspected_children_exact_cutoff ... ok
test remote::filesystem_tests::a06_budget_per_device_burst_and_refill ... ok
test remote::filesystem_tests::a06_cancelled_worker_cannot_publish ... ok
test remote::filesystem_tests::a06_directory_http_home ... ok
test remote::filesystem_tests::a06_http_send_failure_still_tears_down ... ok
test remote::filesystem_tests::a06_native_bounds_and_query_contract ... ok
test remote::filesystem_tests::a06_service_less_typed_503_without_probe ... ok
test remote::filesystem_tests::r6_auth_routed_deadline_admission ... ok
test remote::filesystem_tests::r6_auth_routed_failure_cleanup ... ok
test remote::filesystem_tests::r6_auth_routed_revocation ... ok
test remote::filesystem_tests::r6_empty_deadline_and_independent_bytes ... ok
test remote::filesystem_tests::r6_http_disconnect_retains_worker_slot ... ok
test remote::filesystem_tests::r6_service_less_injected_failure ... ok
test remote::machine_events::machine_event_cancellation_tests::machine_event_cancellation_read_budget_expires_when_catalog_refresh_is_blocked ... ok
test remote::machine_events::machine_event_cancellation_tests::machine_event_cancellation_releases_socket_when_catalog_refresh_is_blocked ... ok
test remote::machine_events::machine_event_snapshot_race_tests::machine_event_snapshot_recovers_when_commit_overlaps_inventory ... ok
test remote::machine_operation_journal::contention_tests::journal_mutation_deadline_retains_admission_until_worker_drains ... ok
test remote::machine_operation_journal::contention_tests::journal_mutation_revocation_retains_admission_until_worker_drains ... ok
test remote::machine_operation_journal::contention_tests::journal_read_deadline_retains_admission_until_worker_drains ... ok
test remote::machine_operation_journal::contention_tests::journal_read_revocation_retains_admission_until_worker_drains ... ok
test remote::machine_operation_journal::contention_tests::journal_writer_does_not_stall_mutation_reconciliation ... ok
test remote::machine_operation_journal::contention_tests::journal_writer_does_not_stall_session_http_executor ... ok
test remote::machine_operation_journal::contention_tests::journal_writer_preserves_real_machine_socket_attachment ... ok
test remote::machine_operation_journal::contention_tests::reopened_pending_operation_remains_outcome_unknown_after_refresh ... ok
test remote::machine_operation_journal::contention_tests::spawn::journal_final_spawn_deadline ... ok
test remote::machine_operation_journal::contention_tests::spawn::journal_final_spawn_revocation ... ok
test remote::machine_protocol::tests::expanded_shared_parity_fixtures ... ok
test remote::machine_protocol::tests::identity_is_host_qualified_and_preserves_large_epoch ... ok
test remote::machine_protocol::tests::known_answer_full_hashes_match_shared_fixtures ... ok
test remote::machine_protocol::tests::legacy_valid_ssh_targets_roundtrip_without_normalization ... ok
test remote::machine_protocol::tests::lifecycle_and_descriptor_fixtures_roundtrip ... ok
test remote::machine_protocol::tests::malformed_epochs_and_oversized_json_are_rejected ... ok
test remote::machine_protocol::tests::missing_metadata_and_unknown_targets_never_become_local ... ok
test remote::machine_protocol::tests::shared_fixtures_roundtrip_through_public_decoder ... ok
test remote::machine_protocol::tests::shared_invalid_fixtures_are_rejected ... ok
test remote::mirror::tests::cjk_line_skips_wide_spacer_tails ... ok
test remote::mirror::tests::clear_and_home_places_cursor_at_origin ... ok
test remote::mirror::tests::feed_segments_replays_at_recorded_geometry_then_resizes ... ok
test remote::mirror::tests::flat_history_replay_corrupts_relative_to_segmented_replay ... ok
test remote::mirror::tests::plain_ascii_line_produces_one_run ... ok
test remote::mirror::tests::resize_returns_full_frame_with_new_dimensions ... ok
test remote::mirror::tests::scroll_negative_reveals_older_content_and_positive_returns_toward_newest ... ok
test remote::mirror::tests::second_feed_only_emits_changed_line ... ok
test remote::mirror::tests::sgr_bold_red_maps_attrs_and_foreground ... ok
test remote::protocol::tests::control_handshake_wire_roundtrips ... ok
test remote::protocol::tests::malformed_wire_values_are_rejected ... ok
test remote::protocol::tests::omitted_optional_fields_deserialize ... ok
test remote::protocol::tests::pairing_state_transition_matrix ... ok
test remote::protocol::tests::pairing_state_wire_roundtrips ... ok
test remote::protocol::tests::pairing_wire_roundtrips ... ok
test remote::protocol::tests::proxy_wire_roundtrips ... ok
test remote::protocol::tests::test_client_control_message_scroll_serde_roundtrip ... ok
test remote::push::tests::test_web_push_payload_dispatch ... ok
test remote::relay_client::tests::control_and_data_urls_are_built_from_relay_url ... ok
test remote::relay_client::tests::proxies_frames_between_data_channel_and_local_gateway ... ok
test remote::relay_client::tests::test_pairing_coordinator_lifecycle_and_ack ... ok
test remote::relay_client::tests::test_pairing_coordinator_pin_can_be_redeemed_directly ... ok
test remote::relay_client::tests::test_pairing_coordinator_regenerates_and_ignores_old_expiry ... ok
test remote::relay_client::tests::test_pairing_coordinator_rejects_wrong_ack_generation ... ok
test remote::relay_client::tests::test_pairing_coordinator_timeout_or_rejection ... ok
test remote::relay_client::tests::test_relay_client_ed25519_auth_rejection ... ok
test remote::relay_client::tests::test_relay_client_ed25519_auth_success ... ok
test remote::relay_client::tests::to_ws_base_rewrites_https_and_trims_trailing_slash ... ok
test remote::relay_client::tests::with_gateway_preserves_address_and_credentials ... ok
test remote::relay_server::tests::a11_expired_ticket_wire_boundary ... ok
test remote::relay_server::tests::a_control_signature_minted_for_another_relay_is_refused ... ok
test remote::relay_server::tests::accepts_target_when_session_is_colon_scoped ... ok
test remote::relay_server::tests::coordinator_pairs_through_relay_to_real_gateway ... ok
test remote::relay_server::tests::machine_query_admission ... ok
test remote::relay_server::tests::protects_origin_when_gateway_sends_sensitive_headers ... ok
test remote::relay_server::tests::r4_preference_route_not_intercepted_by_websocket ... ok
test remote::relay_server::tests::r4_strict_utf8_query ... ok
test remote::relay_server::tests::r4_sustained_admission_and_cancel_cleanup ... ok
test remote::relay_server::tests::rejects_registration_when_capability_format_is_invalid ... ok
test remote::relay_server::tests::routes_session_when_path_is_colon_scoped ... ok
test remote::relay_server::tests::test_control_challenge_domain_separation ... ok
test remote::relay_server::tests::test_http_response_framing ... ok
test remote::relay_server::tests::test_key_store_corruption_and_write_failure_fail_closed ... ok
test remote::relay_server::tests::test_machine_ownership_survives_restart_and_private_enrollment ... ok
test remote::relay_server::tests::test_relay_admission_rate_limiting ... ok
test remote::relay_server::tests::test_relay_browser_ws_terminal_bridge_success ... ok
test remote::relay_server::tests::test_relay_dispatch_rejects_a_replaced_control_channel ... ok
test remote::relay_server::tests::test_relay_ed25519_control_handshake_success ... ok
test remote::relay_server::tests::test_relay_ed25519_control_handshake_wrong_sig_rejected ... ok
test remote::relay_server::tests::test_relay_ed25519_stale_timestamp_rejected ... ok
test remote::relay_server::tests::test_relay_generation_safe_cleanup_and_limits ... ok
test remote::relay_server::tests::test_relay_key_store_merges_concurrent_enrollments_and_rejects_corrupt_records ... ok
test remote::relay_server::tests::test_relay_machine_hijack_with_different_key_fails ... ok
test remote::relay_server::tests::test_relay_multi_machine_concurrent_registration ... ok
test remote::relay_server::tests::test_relay_pair_exchange_lockout_after_failures ... ok
test remote::relay_server::tests::test_relay_pair_exchange_success ... ok
test remote::relay_server::tests::test_relay_pair_exchange_unknown_pin_returns_404 ... ok
test remote::relay_server::tests::test_relay_pairing_claim_requires_the_live_control_identity ... ok
test remote::relay_server::tests::test_relay_pairing_claim_uses_relay_generation_not_client_attempt_counter ... ok
test remote::relay_server::tests::test_relay_register_pairing_caps_lease_lifetime ... ok
test remote::relay_server::tests::test_relay_register_pairing_is_idempotent_for_identical_retries ... ok
test remote::relay_server::tests::test_relay_reverse_tunnel_multiplex ... ok
test remote::relay_server::tests::test_relay_socket_ticket_expired_rejected ... ok
test remote::relay_server::tests::test_relay_socket_ticket_issuance_and_single_use ... ok
test remote::relay_server::tests::test_relay_stream_half_is_bound_to_the_allocating_control_generation ... ok
test remote::relay_server::tests::test_relay_unissued_session_rejected ... ok
test remote::relay_server::tests::test_security_concurrent_two_daemon_isolation ... ok
test remote::relay_server::tests::test_security_expired_pin_claim_rejected ... ok
test remote::relay_server::tests::test_security_fleet_pin_brute_force_lockout ... ok
test remote::relay_server::tests::test_security_machine_id_hijack_rejection ... ok
test remote::relay_server::tests::test_security_role_swap_prevention ... ok
test remote::relay_server::tests::test_socket_ticket_cache_keeps_two_valid_tokens_for_one_machine ... ok
test remote::relay_server::tests::test_socket_ticket_cold_cache_rejects_never_issued_bearer ... ok
test remote::relay_server::tests::test_socket_ticket_expired_cache_rechecks_gateway_and_rejects_revoked_bearer ... ok
test remote::relay_server::tests::test_socket_ticket_gateway_confirmed_bearer_is_granted_and_cached ... ok
test remote::server::attention_inventory_tests::remote_attention_inventory_keeps_other_projects_and_unseen_done ... ok
test remote::server::machine_input_cancellation_tests::input_is_cancelled_when_full_queue_precedes_close ... FAILED
test remote::server::machine_input_cancellation_tests::input_is_cancelled_when_generation_is_replaced ... FAILED
test remote::server::machine_input_cancellation_tests::input_is_cancelled_when_grant_is_revoked ... FAILED
test remote::server::machine_input_cancellation_tests::input_is_cancelled_when_socket_disconnects ... FAILED
test remote::server::machine_input_cancellation_tests::sibling_pty_is_responsive_when_first_input_is_saturated ... FAILED
test remote::server::machine_output_writer::tests::blocked_tcp_write_expires_when_ten_seconds_elapse ... ok
test remote::server::machine_output_writer::tests::blocked_tcp_write_is_cancelled_when_output_overflows ... ok
test remote::server::machine_output_writer::tests::serialized_controls_and_frames_are_rejected_when_wire_allowance_is_exceeded ... ok
test remote::server::preference_http_tests::ac09_preferences_redact_paths_when_authenticated ... ok
test remote::server::preference_http_tests::ac09_private_http_child ... ok
test remote::server::tests::a03_absent_machine_service_is_private_and_unavailable ... ok
test remote::server::tests::a03_forged_exchange_fields_cannot_upgrade_mirror_authority ... ok
test remote::server::tests::a03_identity_runs_offthread_and_revocation_fences_response ... ok
test remote::server::tests::a03_machine_auth_errors_are_private_json ... ok
test remote::server::tests::r3_http_boundary_contract ... ok
test remote::server::tests::relay_startup_connects_without_machine_token ... ok
test remote::server::tests::test_get_active_running_sessions_independent_of_desktop ... ok
test remote::server::tests::test_listener_bind_loopback ... ok
test remote::server::tests::test_push_auth ... ok
test remote::state::tests::credentials_are_never_placed_in_a_shared_scratch_directory ... ok
test remote::state::tests::daemon_default_state_is_off_and_uses_supplied_terminal_service ... ok
test remote::state::tests::enabled_gateway_persists_config_and_restores_on_reopen ... ok
test remote::state::tests::explicit_data_dir_override_wins_over_platform_home ... ok
test remote::state::tests::persisted_enabled_config_file_loads_enabled_mode_with_unbound_initial_state ... ok
test remote::state::tests::relay_pairing_coordinator_registers_the_pin_with_the_relay ... ok
test remote::state::tests::relay_pairing_preserves_the_requested_permission ... ok
test remote::state::tests::stopping_a_relay_clears_only_its_own_published_coordinator ... ok
test remote::state::tests::test_interface_resolver_address_selection ... ok
test remote::state::tests::test_interface_resolver_multihoming ... ok
test remote::state::tests::test_interface_resolver_portable ... ok
test remote::state::tests::test_relay_mode_configuration ... ok
test remote::state::tests::unix_resolves_under_home_and_ignores_windows_variables ... ok
test remote::tests::machine_auth::a03_capabilities_require_authentication ... ok
test remote::tests::machine_auth::a03_cli_requires_explicit_machine_purpose ... ok
test remote::tests::machine_auth::a03_legacy_control_denies_directory_browsing ... ok
test remote::tests::machine_auth::a03_legacy_control_denies_machine_creation ... ok
test remote::tests::machine_auth::a03_machine_view_capability_cannot_issue_a_device ... ok
test remote::tests::machine_auth::a03_machine_view_pin_cannot_issue_a_device ... ok
test remote::tests::machine_auth::a03_mirror_view_issuance_preserves_view ... ok
test remote::tests::machine_auth::a03_old_persisted_grants_remain_mirror ... ok
test remote::tests::machine_auth::a03_owner_coordinator_rejects_machine_view_without_publication ... ok
test remote::tests::machine_auth::a03_owner_machine_purpose_survives_persistence_and_exchange ... ok
test remote::tests::machine_auth::a03_rejected_generation_cannot_redeem_machine_authority ... ok
test remote::tests::machine_auth::a03_router_auth_error_is_typed_and_no_store ... ok
test remote::tests::machine_auth::a03_router_scope_error_satisfies_a02_contract ... ok
test remote::tests::scoped_remote_inventory_lists_registered_projects_without_desktop ... ok
test remote::tests::security::pairing_budget_is_global_atomic_and_rotation_cannot_reset_it ... ok
test remote::tests::security::resize::v06_view_resize_denied_grid_control_allowed ... ok
test remote::tests::security::resize::v06_view_resize_denied_raw_control_allowed ... ok
test remote::tests::security::revoke_self_and_control_management_keep_status_contract ... ok
test remote::tests::security::sockets::a10_controller_generation_disconnect_and_exact_reservation_boundary ... ok
test remote::tests::security::sockets::a10_pending_machine_input_is_dropped_on_disconnect_and_revoke ... FAILED
test remote::tests::security::sockets::a10_real_socket_reservation_transfers_http_close_authority ... ok
test remote::tests::security::sockets::a_permanent_device_token_in_the_query_string_is_rejected ... ok
test remote::tests::security::sockets::gateway_issues_single_use_socket_tickets_and_rejects_a_replayed_one ... ok
test remote::tests::security::sockets::gateway_refuses_to_mint_a_socket_ticket_without_a_valid_bearer ... ok
test remote::tests::security::sockets::gateway_socket_ticket_is_bound_to_its_requested_target ... ok
test remote::tests::security::sockets::revoke_before_event_upgrade_is_not_lost ... ok
test remote::tests::security::sockets::revoke_before_raw_upgrade_is_not_lost ... ok
test remote::tests::security::sockets::revoke_cancels_pending_raw_input ... ok
test remote::tests::security::sockets::revoke_closes_all_event_sockets_only_for_that_device ... ok
test remote::tests::security::sockets::revoke_closes_all_raw_sockets_only_for_that_device ... ok
test remote::tests::security::sockets::revoke_during_raw_attachment_prevents_upgrade ... ok
test remote::tests::security::sockets::ssh_reconnect_safety_web_raw_gap_order ... ok
test remote::tests::security::sockets::ssh_reconnect_safety_web_raw_status_input_probe ... ok
test remote::tests::security::static_portable_paths_and_assets ... ok
test remote::tests::security::static_raw_traversal_is_rejected ... ok
test remote::tests::security::static_symlinks_cannot_escape_dist ... ok
test remote::tests::security::view_cannot_revoke_another_device ... ok
test remote::tests::ssh::registered_ssh_project_can_be_selected_without_local_registration ... ok
test remote::tests::ssh::registered_ssh_project_is_listed_without_a_focused_terminal ... ok
test remote::tests::ssh::ssh_session_retains_its_workspace_in_remote_routing ... ok
test remote::tests::test_active_desktop_terminal_contract_and_safe_selection_bridge ... ok
test remote::tests::test_active_selection_change_is_broadcast_to_authenticated_event_clients ... ok
test remote::tests::test_active_selection_is_visible_to_a_receiver_that_subscribes_afterwards ... ok
test remote::tests::test_auth_manager_pairing_and_revocation ... ok
test remote::tests::test_authenticated_event_clients_receive_selection_changes_after_the_snapshot ... ok
test remote::tests::test_authenticated_event_clients_receive_the_current_active_selection_on_connect ... ok
test remote::tests::test_concurrent_cold_snapshot_requests_coalesce_to_one_git_discovery ... ok
test remote::tests::test_connected_terminal_websocket_closed_when_active_selection_changes ... ok
test remote::tests::test_daemon_owned_remote_chain_end_to_end ... ok
test remote::tests::test_daemon_pairing_and_revocation_authority ... ok
test remote::tests::test_daemon_remote_worktree_selection_then_grid_terminal_control ... ok
test remote::tests::test_derive_session_metadata_matches_workspace ... ok
test remote::tests::test_desktop_ipc_active_selection_lifecycle ... ok
test remote::tests::test_grid_render_attach_sends_full_frame_with_session_dimensions ... ok
test remote::tests::test_grid_render_initial_frame_uses_requested_viewport_dimensions ... ok
test remote::tests::test_grid_render_live_pty_output_emits_grid_frame_after_attach ... ok
test remote::tests::test_grid_render_resize_returns_full_frame_with_requested_geometry ... ok
test remote::tests::test_gui_remote_forwarding_and_no_gui_gateway_ownership ... ok
test remote::tests::test_legacy_terminal_socket_emits_binary_snapshot_without_grid_text_frames ... ok
test remote::tests::test_occupied_port_enable_does_not_persist_enabled_intent ... ok
test remote::tests::test_remote_active_selection_safe_tab_descriptors_and_no_path_leakage ... ok
test remote::tests::test_remote_gateway_legacy_peer_attach_write_output_exit_and_listing ... ok
test remote::tests::test_remote_listener_persistence_and_startup_restoration_lifecycle ... ok
test remote::tests::test_remote_select_workspace_with_tab_selector_and_primary_worktree ... ok
test remote::tests::test_remote_server_health_and_lifecycle ... ok
test remote::tests::test_remote_server_rejects_off_mode_without_binding ... ok
test remote::tests::test_remote_server_serves_spa_index_html ... ok
test remote::tests::test_remote_terminal_forced_lag_replays_with_explicit_gap_and_sequence_metadata ... ok
test remote::tests::test_remote_terminal_tab_info_serializes_and_deserializes_session_id ... ok
test remote::tests::test_repeated_workspace_state_reads_do_not_rerun_git_discovery_and_refresh_on_change ... ok
test remote::tests::test_resolve_dist_dir_isolated_runtime_debug_fallback ... ok
test remote::tests::test_resolve_dist_dir_packaged_macos_bundle_layout ... ok
test remote::tests::test_resolve_dist_dir_packaged_windows_or_linux_bundle_layout ... ok
test remote::tests::test_successful_enable_restores_and_disable_remains_off ... ok
test remote::tests::test_terminal_preferences_requires_a_valid_unrevoked_remote_token ... ok
test remote::tests::test_workspace_snapshot_refreshes_external_git_worktree_changes_after_interval ... ok
test remote::tests::test_workspace_snapshot_started_before_revision_change_is_not_marked_current ... ok
test remote::tests::test_workspace_state_agent_activity_and_worktree_attention_rollup ... ok
test remote::workspace_api::child_tests::r12_child_output_and_deadline ... ok
test remote::workspace_api::child_tests::request_drop_interrupts_active_worktree_git ... ok
test remote::workspace_api::worktrees::authority_tests::followthrough_delete_publication_blocks_spawn ... ok
test remote::workspace_api::worktrees::authority_tests::followthrough_owner_crash_while_git_active ... ok
test remote::workspace_api::worktrees::authority_tests::followthrough_prune_partial_replays_after_restart ... ok
test remote::workspace_api::worktrees::authority_tests::followthrough_write_failures_non_head_and_prunable_preview ... ok
test remote::workspace_api::worktrees::authority_tests::interrupted_git_transaction_restart_never_repeats ... ok
test remote::workspace_api::worktrees::authority_tests::interrupted_worktree_owner_child ... ok
test remote::workspace_api::worktrees::authority_tests::local_worktree_error_wire_roundtrip ... ok
test remote::workspace_api::worktrees::authority_tests::local_worktree_errors_survive_owner_wire_and_native_adapter ... ok
test remote::workspace_api::worktrees::authority_tests::owner_http_gate_and_eight_admissions ... ok
test remote::workspace_api::worktrees::authority_tests::typed_owner_repair_private_uds_and_native_adapter ... ok
test remote::workspace_api::worktrees::publication_tests::cancelled_publication_preserves_unknown_after_git ... ok
test remote::workspace_api::worktrees::wire_proof_tests::non_head_and_partial_prune_wires ... 
running 1 test
A08_WIRE_HANDSHAKE owner_pid=19184 exact=true socket=/tmp/a08-wire-mFf6U2/runtime/daemon.sock http=127.0.0.1:64192
A08_WIRE_HTTP_REQUEST method=POST endpoint=http://127.0.0.1:64192/api/v1/workspace/worktrees body={"baseRef":"HEAD~1","requestId":"08183813-248a-4ba9-ac4f-044cb5a89b37","workspaceId":"wire-proof","worktree":{"slug":"non-head","wsId":"wire-proof"}}
A08_WIRE_HTTP_RESPONSE status=201 body={"bare":false,"branch":"refs/heads/orca/wire-proof/non-head","detached":false,"head":"db3e8ec8837a22083fd86f804eb8358dbe9dfa46","identity":{"slug":"non-head","wsId":"wire-proof"},"locked":null,"managed":true,"path":"/private/tmp/a08-wire-mFf6U2/repo/.orca-worktrees/wire-proof/non-head","prunable":null,"workspaceId":"wire-proof"}
A08_WIRE_NON_HEAD first_http=201 base=db3e8ec8837a22083fd86f804eb8358dbe9dfa46 original_head=2bf1adb0f93c0cd039502523b008477294d9224d actual_checkout_equal=true
A08_WIRE_UDS_REQUEST {"baseRef":null,"type":"createWorktree","workspaceId":"wire-proof","worktree":{"slug":"local-prune","wsId":"wire-proof"}}
A08_WIRE_UDS_RESPONSE {"type":"createWorktreeOk","worktree":{"bare":false,"branch":"refs/heads/orca/wire-proof/local-prune","detached":false,"head":"2bf1adb0f93c0cd039502523b008477294d9224d","locked":null,"path":"/private/tmp/a08-wire-mFf6U2/repo/.orca-worktrees/wire-proof/local-prune","prunable":null}}
A08_WIRE_UDS_REQUEST {"deleteBranch":true,"destructive":false,"type":"deleteWorktree","workspaceId":"wire-proof","worktree":{"slug":"local-prune","wsId":"wire-proof"}}
A08_WIRE_UDS_RESPONSE {"error":{"code":"WORKTREE_REMOVED_PRUNE_FAILED","details":{"branchDeleted":false,"cause":{"code":"GIT_ERROR","details":{"command":"git worktree prune","exitCode":128,"stderr":"fatal: Expected git repo version <= 1, found 999"},"message":"Git command failed (git worktree prune): fatal: Expected git repo version <= 1, found 999 (exit code: Some(128))"},"path":"/private/tmp/a08-wire-mFf6U2/repo/.orca-worktrees/wire-proof/local-prune","pruned":false,"worktreeRemoved":true},"message":"Worktree '/private/tmp/a08-wire-mFf6U2/repo/.orca-worktrees/wire-proof/local-prune' was removed but prune failed: Git command failed (git worktree prune): fatal: Expected git repo version <= 1, found 999 (exit code: Some(128))"},"type":"worktreeError"}
A08_WIRE_PRUNE legacy=false removed=true branch_preserved=true config_restored=true publication_received=true
A08_WIRE_UDS_REQUEST {"baseRef":null,"type":"createWorktree","workspaceId":"wire-proof","worktree":{"slug":"legacy-prune","wsId":"wire-proof"}}
A08_WIRE_UDS_RESPONSE {"type":"createWorktreeOk","worktree":{"bare":false,"branch":"refs/heads/orca/wire-proof/legacy-prune","detached":false,"head":"2bf1adb0f93c0cd039502523b008477294d9224d","locked":null,"path":"/private/tmp/a08-wire-mFf6U2/repo/.orca-worktrees/wire-proof/legacy-prune","prunable":null}}
A08_WIRE_HTTP_REQUEST method=DELETE endpoint=http://127.0.0.1:64192/api/v1/workspace/worktrees body={"deleteBranch":true,"workspaceId":"wire-proof","worktree":{"slug":"legacy-prune","wsId":"wire-proof"}}
A08_WIRE_HTTP_RESPONSE status=409 body={"error":{"code":"WORKTREE_REMOVED_PRUNE_FAILED","details":{"branchDeleted":false,"pruned":false,"worktreeRemoved":true},"message":"WORKTREE_REMOVED_PRUNE_FAILED","requestId":"78a865a5-70a0-47f3-b208-bbdf26c4d57b","retryable":false}}
A08_WIRE_PRUNE legacy=true removed=true branch_preserved=true config_restored=true publication_received=true
A08_WIRE_LISTENERS joined=true clients_joined=true tcp_refused=true uds_refused=true socket_removed=true failed=false
A08_WIRE_OWNER pid=19184 runtime_joined=true git_children=ECHILD failed=false
test remote::workspace_api::worktrees::wire_proof_tests::private_wire_owner ... ok

test result: ok. 1 passed; 0 failed; 0 ignored; 0 measured; 1025 filtered out; finished in 0.89s

ok
test remote::workspace_api::worktrees::wire_proof_tests::private_wire_owner ... ok
test remote::workspace_api_tests::a07_http_request_failure_joins_fixture ... ok
test remote::workspace_api_tests::a07_journal_restart_and_device_scope ... ok
test remote::workspace_api_tests::a07_project_http_registration ... ok
test remote::workspace_api_tests::r12_crash_owner ... ok
test remote::workspace_api_tests::r12_list_gate_and_admission ... ok
test remote::workspace_api_tests::r12_real_kill_windows ... ok
test remote::workspace_api_tests::r12_revocation_fences ... ok
test remote::workspace_api_tests::r12_router_auth_admission ... ok
test remote::workspace_api_tests::r12_router_incomplete_body ... ok
test remote::workspace_api_tests::r12_unreadable_root ... FAILED
test remote::workspace_api_tests::r1_topology_after_gate_http ... FAILED

failures:

---- remote::server::machine_input_cancellation_tests::input_is_cancelled_when_full_queue_precedes_close stdout ----

thread 'remote::server::machine_input_cancellation_tests::input_is_cancelled_when_full_queue_precedes_close' (2965947) panicked at src/remote/../../tests/support/machine_input_fixture.rs:84:62:
called `Result::unwrap()` on an `Err` value: Error { kind: InvalidInput, message: "path must be shorter than SUN_LEN" }
A10 cleanup lifecycle drained pid=Some(16434) id=39863d9f-4aba-4b94-9bd6-ce7816314e73
A10 cleanup listener joined; private root removed

---- remote::server::machine_input_cancellation_tests::input_is_cancelled_when_generation_is_replaced stdout ----

thread 'remote::server::machine_input_cancellation_tests::input_is_cancelled_when_generation_is_replaced' (2966080) panicked at src/remote/../../tests/support/machine_input_fixture.rs:84:62:
called `Result::unwrap()` on an `Err` value: Error { kind: InvalidInput, message: "path must be shorter than SUN_LEN" }
A10 cleanup lifecycle drained pid=Some(16510) id=f69ad99a-24fa-4c64-9d8d-bfce7ae96187
A10 cleanup listener joined; private root removed

---- remote::server::machine_input_cancellation_tests::input_is_cancelled_when_grant_is_revoked stdout ----

thread 'remote::server::machine_input_cancellation_tests::input_is_cancelled_when_grant_is_revoked' (2966211) panicked at src/remote/../../tests/support/machine_input_fixture.rs:84:62:
called `Result::unwrap()` on an `Err` value: Error { kind: InvalidInput, message: "path must be shorter than SUN_LEN" }
A10 cleanup lifecycle drained pid=Some(16579) id=49a57b0c-ce8f-46f7-b8a5-46f953b10dd3
A10 cleanup listener joined; private root removed

---- remote::server::machine_input_cancellation_tests::input_is_cancelled_when_socket_disconnects stdout ----

thread 'remote::server::machine_input_cancellation_tests::input_is_cancelled_when_socket_disconnects' (2966336) panicked at src/remote/../../tests/support/machine_input_fixture.rs:84:62:
called `Result::unwrap()` on an `Err` value: Error { kind: InvalidInput, message: "path must be shorter than SUN_LEN" }
A10 cleanup lifecycle drained pid=Some(16666) id=26a6a2b2-25e9-4b83-84ef-5494c73f6248
A10 cleanup listener joined; private root removed

---- remote::server::machine_input_cancellation_tests::sibling_pty_is_responsive_when_first_input_is_saturated stdout ----

thread 'remote::server::machine_input_cancellation_tests::sibling_pty_is_responsive_when_first_input_is_saturated' (2966471) panicked at src/remote/../../tests/support/machine_input_fixture.rs:84:62:
called `Result::unwrap()` on an `Err` value: Error { kind: InvalidInput, message: "path must be shorter than SUN_LEN" }
A10 cleanup lifecycle drained pid=Some(16798) id=e1219fdd-ae02-49f6-ae05-86d18bcb0b02
A10 cleanup lifecycle drained pid=Some(16735) id=ce6496a6-cd6b-44a7-b1dd-d31d494804b9
A10 cleanup listener joined; private root removed

---- remote::tests::security::sockets::a10_pending_machine_input_is_dropped_on_disconnect_and_revoke stdout ----

thread 'remote::tests::security::sockets::a10_pending_machine_input_is_dropped_on_disconnect_and_revoke' (2966945) panicked at src/remote/../../tests/support/machine_input_fixture.rs:84:62:
called `Result::unwrap()` on an `Err` value: Error { kind: InvalidInput, message: "path must be shorter than SUN_LEN" }
A10 cleanup lifecycle drained pid=Some(16952) id=8f85d040-740c-4b9d-86f0-17995a00424f
A10 cleanup listener joined; private root removed

---- remote::workspace_api_tests::r12_unreadable_root stdout ----
R12 cleanup removed=true

thread 'remote::workspace_api_tests::r12_unreadable_root' (2972424) panicked at src/remote/workspace_api_tests.rs:433:5:
assertion `left == right` failed
  left: Ready
 right: PermissionDenied

---- remote::workspace_api_tests::r1_topology_after_gate_http stdout ----
R1 topology git pid=20200 reaped=true parent_git=true
R1 topology parent_git=true status=201 rows=1 revision=1 body={"workspaceId":"project-2fb046cef6094ea9a4fbb108ce141240","repoRoot":"/Users/indo/code/project/orca-lite-wt/herdr-resume-01a097f8","gitRoot":"/Users/indo/code/project/orca-lite-wt/herdr-resume-01a097f8","gitCommonDir":"/Users/indo/code/project/orca-lite/.git","gitRemote":"https://github.com/Indosaram/ferryx.git","gitBranch":"herdr-resume-01a097f8","gitHead":"e1a00339a5339ed4d9c9634e26b86f41111d49f6","availability":"ready","revision":"1"}

thread 'remote::workspace_api_tests::r1_topology_after_gate_http' (2972533) panicked at src/remote/workspace_api_tests.rs:63:17:
assertion `left == right` failed: stale prepared root must not commit
  left: 201
 right: 400
R1 topology cleanup parent_git=true workers_drained=true gateway_joined=true removed=true


failures:
    remote::server::machine_input_cancellation_tests::input_is_cancelled_when_full_queue_precedes_close
    remote::server::machine_input_cancellation_tests::input_is_cancelled_when_generation_is_replaced
    remote::server::machine_input_cancellation_tests::input_is_cancelled_when_grant_is_revoked
    remote::server::machine_input_cancellation_tests::input_is_cancelled_when_socket_disconnects
    remote::server::machine_input_cancellation_tests::sibling_pty_is_responsive_when_first_input_is_saturated
    remote::tests::security::sockets::a10_pending_machine_input_is_dropped_on_disconnect_and_revoke
    remote::workspace_api_tests::r12_unreadable_root
    remote::workspace_api_tests::r1_topology_after_gate_http

test result: FAILED. 275 passed; 8 failed; 0 ignored; 0 measured; 743 filtered out; finished in 171.41s

error: test failed, to rerun pass `--lib`

EXIT=101

COMMAND: cargo test --locked --manifest-path src-tauri/Cargo.toml --no-default-features --test machine_catalog_persistence --test machine_worktrees --test machine_sessions --test machine_terminal_stream --test machine_events -- --test-threads=1
   Compiling ferryx v2026.908.1 (/Users/indo/code/project/orca-lite-wt/herdr-resume-01a097f8/src-tauri)
warning: unused import: `Manager`
  --> src/ipc/notifications.rs:21:24
   |
21 | use tauri::{AppHandle, Manager, Runtime, State};
   |                        ^^^^^^^
   |
   = note: `#[warn(unused_imports)]` (part of `#[warn(unused)]`) on by default

warning: unnecessary `unsafe` block
  --> src/macos_file_drop.rs:79:28
   |
79 |             let location = unsafe { info.draggingLocation() };
   |                            ^^^^^^ unnecessary `unsafe` block
   |
   = note: `#[warn(unused_unsafe)]` (part of `#[warn(unused)]`) on by default

warning: unnecessary `unsafe` block
  --> src/macos_file_drop.rs:80:25
   |
80 |             let point = unsafe { self.convertPoint_fromView(location, None) };
   |                         ^^^^^^ unnecessary `unsafe` block

warning: unnecessary `unsafe` block
   --> src/macos_file_drop.rs:102:46
    |
102 |     let pasteboard: Retained<NSPasteboard> = unsafe { info.draggingPasteboard() };
    |                                              ^^^^^^ unnecessary `unsafe` block

warning: unnecessary `unsafe` block
   --> src/macos_file_drop.rs:105:25
    |
105 |     if let Some(list) = unsafe { pasteboard.propertyListForType(&legacy) } {
    |                         ^^^^^^ unnecessary `unsafe` block

warning: unnecessary `unsafe` block
   --> src/macos_file_drop.rs:122:25
    |
122 |     if let Some(text) = unsafe { pasteboard.stringForType(file_url_type) } {
    |                         ^^^^^^ unnecessary `unsafe` block

warning: unnecessary `unsafe` block
   --> src/macos_file_drop.rs:123:28
    |
123 |         if let Some(url) = unsafe { NSURL::URLWithString(&text) } {
    |                            ^^^^^^ unnecessary `unsafe` block

warning: unnecessary `unsafe` block
   --> src/macos_file_drop.rs:124:33
    |
124 |             if let Some(path) = unsafe { url.path() } {
    |                                 ^^^^^^ unnecessary `unsafe` block

warning: unnecessary `unsafe` block
   --> src/macos_file_drop.rs:169:5
    |
169 |     unsafe { view.registerForDraggedTypes(&types) };
    |     ^^^^^^ unnecessary `unsafe` block

warning: unused variable: `scroll_daemon_client`
   --> src/lib.rs:918:9
    |
918 |     let scroll_daemon_client = Arc::clone(&daemon_client);
    |         ^^^^^^^^^^^^^^^^^^^^ help: if this is intentional, prefix it with an underscore: `_scroll_daemon_client`
    |
    = note: `#[warn(unused_variables)]` (part of `#[warn(unused)]`) on by default

warning: method `machine_sessions` is never used
   --> src/daemon/session_service.rs:366:19
    |
227 | impl DaemonSessionService {
    | ------------------------- method in this implementation
...
366 |     pub(crate) fn machine_sessions(&self, epoch: crate::scoped_contracts::Epoch) -> Result<crate::remote::machine_protocol::Sessions, Str...
    |                   ^^^^^^^^^^^^^^^^
    |
    = note: `#[warn(dead_code)]` (part of `#[warn(unused)]`) on by default

warning: field `app` is never read
  --> src/ipc/notifications.rs:28:5
   |
27 | pub struct TauriNotificationBackend<R: Runtime> {
   |            ------------------------ field in this struct
28 |     app: AppHandle<R>,
   |     ^^^

warning: constant `GHOSTTY_TERMINAL_SCREEN_PRIMARY` is never used
  --> src/native_terminal/sys/constants.rs:56:11
   |
56 | pub const GHOSTTY_TERMINAL_SCREEN_PRIMARY: c_int = 0;
   |           ^^^^^^^^^^^^^^^^^^^^^^^^^^^^^^^

warning: methods `synchronized_output_deadline`, `expire_synchronized_output`, and `finish_synchronized_output` are never used
   --> src/native_terminal/terminal.rs:169:19
    |
133 | impl NativeTerminal {
    | ------------------- methods in this implementation
...
169 |     pub(crate) fn synchronized_output_deadline(&self) -> Option<tokio::time::Instant> {
    |                   ^^^^^^^^^^^^^^^^^^^^^^^^^^^^
...
173 |     pub(crate) fn expire_synchronized_output(
    |                   ^^^^^^^^^^^^^^^^^^^^^^^^^^
...
184 |     pub(crate) fn finish_synchronized_output(&mut self) -> Result<(), NativeTerminalError> {
    |                   ^^^^^^^^^^^^^^^^^^^^^^^^^^

warning: method `wait_and_reap` is never used
   --> src/terminal/session.rs:364:19
    |
 73 | impl PtySession {
    | --------------- method in this implementation
...
364 |     pub(crate) fn wait_and_reap(&self) -> Result<Option<i32>, PtyError> {
    |                   ^^^^^^^^^^^^^

warning: function `with_local_worktree_budget` is never used
   --> src/worktree/git.rs:115:15
    |
115 | pub(crate) fn with_local_worktree_budget<T>(work: impl FnOnce() -> T) -> T {
    |               ^^^^^^^^^^^^^^^^^^^^^^^^^^

warning: struct `WriterLeaseGuard` is never constructed
  --> src/worktree/manager.rs:86:19
   |
86 | pub(crate) struct WriterLeaseGuard {
   |                   ^^^^^^^^^^^^^^^^

warning: associated items `new`, `canonical_path`, and `owner_id` are never used
   --> src/worktree/manager.rs:93:8
    |
 92 | impl WriterLeaseGuard {
    | --------------------- associated items in this implementation
 93 |     fn new(registry: WriterLeaseRegistry, canonical_path: PathBuf, owner_id: String) -> Self {
    |        ^^^
...
101 |     pub(crate) fn canonical_path(&self) -> &Path {
    |                   ^^^^^^^^^^^^^^
...
105 |     pub(crate) fn owner_id(&self) -> &str {
    |                   ^^^^^^^^

warning: method `acquire_writer_lease` is never used
   --> src/worktree/manager.rs:338:19
    |
134 | impl WorktreeManager {
    | -------------------- method in this implementation
...
338 |     pub(crate) fn acquire_writer_lease(
    |                   ^^^^^^^^^^^^^^^^^^^^

warning: `ferryx` (lib) generated 19 warnings (run `cargo fix --lib -p ferryx` to apply 2 suggestions)
    Finished `test` profile [unoptimized + debuginfo] target(s) in 10.57s
     Running tests/machine_catalog_persistence.rs (src-tauri/target/debug/deps/machine_catalog_persistence-625941566e978710)

running 4 tests
test catalog_owner_process ... ok
test isolated_owner_restart_and_failure_cleanup ... IPC cleanup client_joined=true handler_joined=true duplex_closed=true injected=false

thread 'tokio-rt-worker' (2974602) panicked at tests/machine_catalog_persistence.rs:20:60:
assertion failed: matches!(response, DaemonResponse::RegisterWorkspaceOk)
note: run with `RUST_BACKTRACE=1` environment variable to display a backtrace
IPC cleanup client_joined=true handler_joined=true duplex_closed=true injected=false

thread 'catalog_owner_process' (2974586) panicked at tests/machine_catalog_persistence.rs:34:12:
assertion failed: matches!(outcome, Ok(Ok(())))
FAILED
test normalized_registration_is_idempotent ... FAILED
test registration_survives_isolated_service_restart ... FAILED

failures:

---- isolated_owner_restart_and_failure_cleanup stdout ----
OWNER readiness=Ping/Pong pid=20345 command=register
OWNER cleanup pid=20345 reaped=true status=exit status: 101 sockets=[] command=register

thread 'isolated_owner_restart_and_failure_cleanup' (2974562) panicked at tests/machine_catalog_persistence.rs:104:24:
assertion failed: matches!(result, Ok(Ok(())))
note: run with `RUST_BACKTRACE=1` environment variable to display a backtrace
OWNER CLEANUP root=/Users/indo/code/project/orca-lite-wt/herdr-resume-01a097f8/a23-uxhjso6h/tmp/.tmpkxJtdC absent=true

---- normalized_registration_is_idempotent stdout ----

thread 'normalized_registration_is_idempotent' (2974615) panicked at tests/machine_catalog_persistence.rs:121:78:
called `Result::unwrap()` on an `Err` value: "repo_root '/Users/indo/code/project/orca-lite-wt/herdr-resume-01a097f8/a23-uxhjso6h/tmp/.tmpmgJqTz/plain' must be the canonical repository root '/Users/indo/code/project/orca-lite-wt/herdr-resume-01a097f8'"

---- registration_survives_isolated_service_restart stdout ----
READY isolated service root=/Users/indo/code/project/orca-lite-wt/herdr-resume-01a097f8/a23-uxhjso6h/tmp/.tmpvR3rTI

thread 'tokio-rt-worker' (2974640) panicked at tests/machine_catalog_persistence.rs:20:60:
assertion failed: matches!(response, DaemonResponse::RegisterWorkspaceOk)
IPC cleanup client_joined=true handler_joined=true duplex_closed=true injected=false

thread 'registration_survives_isolated_service_restart' (2974623) panicked at tests/machine_catalog_persistence.rs:34:12:
assertion failed: matches!(outcome, Ok(Ok(())))
CLEANUP root=/Users/indo/code/project/orca-lite-wt/herdr-resume-01a097f8/a23-uxhjso6h/tmp/.tmpvR3rTI absent=true daemon_pids=[] sockets=[]


failures:
    isolated_owner_restart_and_failure_cleanup
    normalized_registration_is_idempotent
    registration_survives_isolated_service_restart

test result: FAILED. 1 passed; 3 failed; 0 ignored; 0 measured; 0 filtered out; finished in 0.13s

error: test failed, to rerun pass `--test machine_catalog_persistence`

EXIT=101

COMMAND: bun run --cwd ui test src/App.pairedDaemon.test.tsx src/components/ProjectDialogs.pairedDaemon.test.tsx src/components/RemoteDirectoryPicker.test.tsx src/state/remoteHostStore.test.ts src/lib/remoteProject.test.ts src/lib/projectIdentity.test.ts src/lib/projectGrouping.test.ts src/lib/worktreeOwnership.test.ts src/state/workspaceRestore.test.tsx
$ vitest run --maxWorkers=1 src/App.pairedDaemon.test.tsx src/components/ProjectDialogs.pairedDaemon.test.tsx src/components/RemoteDirectoryPicker.test.tsx src/state/remoteHostStore.test.ts src/lib/remoteProject.test.ts src/lib/projectIdentity.test.ts src/lib/projectGrouping.test.ts src/lib/worktreeOwnership.test.ts src/state/workspaceRestore.test.tsx

 RUN  v3.2.7 /Users/indo/code/project/orca-lite-wt/herdr-resume-01a097f8/ui

 ✓ src/components/RemoteDirectoryPicker.test.tsx (13 tests) 131ms
 ✓ src/App.pairedDaemon.test.tsx (3 tests) 113ms
 ✓ src/components/ProjectDialogs.pairedDaemon.test.tsx (10 tests) 116ms
stderr | src/state/workspaceRestore.test.tsx > workspaceRestore coordinator > preloads mixed local and paired layouts while the local daemon is unavailable
Remote restore deferred daemon reconciliation: Error: offline
    at [90m/Users/indo/code/project/orca-lite-wt/herdr-resume-01a097f8/ui/[39msrc/state/workspaceRestore.test.tsx:92:101
    at Module.preloadWorkspaceSnapshots [90m(/Users/indo/code/project/orca-lite-wt/herdr-resume-01a097f8/ui/[39msrc/state/workspaceRestore.ts:122:32[90m)[39m
[90m    at processTicksAndRejections (node:internal/process/task_queues:103:5)[39m
    at [90m/Users/indo/code/project/orca-lite-wt/herdr-resume-01a097f8/ui/[39msrc/state/workspaceRestore.test.tsx:92:5
    at file:///Users/indo/code/project/orca-lite-wt/herdr-wave1/ui/node_modules/[4m@vitest/runner[24m/dist/chunk-hooks.js:752:20

 ✓ src/state/workspaceRestore.test.tsx (19 tests) 29ms
 ✓ src/state/remoteHostStore.test.ts (13 tests) 9ms
 ✓ src/lib/projectGrouping.test.ts (19 tests) 5ms
 ✓ src/lib/projectIdentity.test.ts (5 tests) 3ms
 ✓ src/lib/remoteProject.test.ts (7 tests) 3ms
 ✓ src/lib/worktreeOwnership.test.ts (9 tests) 2ms

 Test Files  9 passed (9)
      Tests  98 passed (98)
   Start at  16:25:42
   Duration  4.47s (transform 291ms, setup 536ms, collect 1.30s, tests 412ms, environment 1.41s, prepare 210ms)


EXIT=0

COMMAND: cargo run --locked --manifest-path src-tauri/Cargo.toml --no-default-features --bin ferryx-cli -- --help
   Compiling tokio v1.53.1
   Compiling hyper v1.11.1
   Compiling tokio-rustls v0.26.5
   Compiling tauri v2.11.5
   Compiling tower v0.5.3
   Compiling tokio-util v0.7.19
   Compiling tokio-tungstenite v0.29.0
   Compiling hyper-util v0.1.20
   Compiling tower-http v0.6.11

Previous supervisor interrupted by tool timeout during cargo run compilation (no exit captured). No open files under owned root per A23-owned-open-files.log. Corrected fixture environment: relative TMPDIR=a23-uxhjso6h/tmp GIT_CEILING_DIRECTORIES=/Users/indo/code/project/orca-lite-wt/herdr-resume-01a097f8

COMMAND: cargo test --locked --manifest-path src-tauri/Cargo.toml --no-default-features --lib remote:: -- --test-threads=1
warning: unnecessary `unsafe` block
  --> src/macos_file_drop.rs:79:28
   |
79 |             let location = unsafe { info.draggingLocation() };
   |                            ^^^^^^ unnecessary `unsafe` block
   |
   = note: `#[warn(unused_unsafe)]` (part of `#[warn(unused)]`) on by default

warning: unnecessary `unsafe` block
  --> src/macos_file_drop.rs:80:25
   |
80 |             let point = unsafe { self.convertPoint_fromView(location, None) };
   |                         ^^^^^^ unnecessary `unsafe` block

warning: unnecessary `unsafe` block
   --> src/macos_file_drop.rs:102:46
    |
102 |     let pasteboard: Retained<NSPasteboard> = unsafe { info.draggingPasteboard() };
    |                                              ^^^^^^ unnecessary `unsafe` block

warning: unnecessary `unsafe` block
   --> src/macos_file_drop.rs:105:25
    |
105 |     if let Some(list) = unsafe { pasteboard.propertyListForType(&legacy) } {
    |                         ^^^^^^ unnecessary `unsafe` block

warning: unnecessary `unsafe` block
   --> src/macos_file_drop.rs:122:25
    |
122 |     if let Some(text) = unsafe { pasteboard.stringForType(file_url_type) } {
    |                         ^^^^^^ unnecessary `unsafe` block

warning: unnecessary `unsafe` block
   --> src/macos_file_drop.rs:123:28
    |
123 |         if let Some(url) = unsafe { NSURL::URLWithString(&text) } {
    |                            ^^^^^^ unnecessary `unsafe` block

warning: unnecessary `unsafe` block
   --> src/macos_file_drop.rs:124:33
    |
124 |             if let Some(path) = unsafe { url.path() } {
    |                                 ^^^^^^ unnecessary `unsafe` block

warning: unnecessary `unsafe` block
   --> src/macos_file_drop.rs:169:5
    |
169 |     unsafe { view.registerForDraggedTypes(&types) };
    |     ^^^^^^ unnecessary `unsafe` block

warning: unused variable: `token`
    --> src/remote/auth.rs:1399:14
     |
1399 |         let (token, device) = auth
     |              ^^^^^ help: if this is intentional, prefix it with an underscore: `_token`
     |
     = note: `#[warn(unused_variables)]` (part of `#[warn(unused)]`) on by default

warning: unused variable: `scroll_daemon_client`
   --> src/lib.rs:918:9
    |
918 |     let scroll_daemon_client = Arc::clone(&daemon_client);
    |         ^^^^^^^^^^^^^^^^^^^^ help: if this is intentional, prefix it with an underscore: `_scroll_daemon_client`

warning: method `machine_sessions` is never used
   --> src/daemon/session_service.rs:366:19
    |
227 | impl DaemonSessionService {
    | ------------------------- method in this implementation
...
366 |     pub(crate) fn machine_sessions(&self, epoch: crate::scoped_contracts::Epoch) -> Result<crate::remote::machine_protocol::Sessions, Str...
    |                   ^^^^^^^^^^^^^^^^
    |
    = note: `#[warn(dead_code)]` (part of `#[warn(unused)]`) on by default

warning: field `app` is never read
  --> src/ipc/notifications.rs:28:5
   |
27 | pub struct TauriNotificationBackend<R: Runtime> {
   |            ------------------------ field in this struct
28 |     app: AppHandle<R>,
   |     ^^^

warning: constant `GHOSTTY_TERMINAL_SCREEN_PRIMARY` is never used
  --> src/native_terminal/sys/constants.rs:56:11
   |
56 | pub const GHOSTTY_TERMINAL_SCREEN_PRIMARY: c_int = 0;
   |           ^^^^^^^^^^^^^^^^^^^^^^^^^^^^^^^

warning: function `no_auth_query` is never used
    --> src/remote/server.rs:3135:12
     |
3135 |         fn no_auth_query() -> AuthQuery {
     |            ^^^^^^^^^^^^^

warning: struct `WriterLeaseGuard` is never constructed
  --> src/worktree/manager.rs:86:19
   |
86 | pub(crate) struct WriterLeaseGuard {
   |                   ^^^^^^^^^^^^^^^^

warning: associated items `new`, `canonical_path`, and `owner_id` are never used
   --> src/worktree/manager.rs:93:8
    |
 92 | impl WriterLeaseGuard {
    | --------------------- associated items in this implementation
 93 |     fn new(registry: WriterLeaseRegistry, canonical_path: PathBuf, owner_id: String) -> Self {
    |        ^^^
...
101 |     pub(crate) fn canonical_path(&self) -> &Path {
    |                   ^^^^^^^^^^^^^^
...
105 |     pub(crate) fn owner_id(&self) -> &str {
    |                   ^^^^^^^^

warning: method `acquire_writer_lease` is never used
   --> src/worktree/manager.rs:338:19
    |
134 | impl WorktreeManager {
    | -------------------- method in this implementation
...
338 |     pub(crate) fn acquire_writer_lease(
    |                   ^^^^^^^^^^^^^^^^^^^^

warning: `ferryx` (lib test) generated 17 warnings (run `cargo fix --lib -p ferryx --tests` to apply 2 suggestions)
    Finished `test` profile [unoptimized + debuginfo] target(s) in 0.20s
     Running unittests src/lib.rs (src-tauri/target/debug/deps/ferryx_lib-8ab521b134f63f3f)

running 283 tests
test ipc::project_remote::tests::all_local_git_boundaries_reject_remote_namespace_even_without_loaded_metadata ... ok
test ipc::project_remote::tests::local_registration_never_canonicalizes_a_remote_id_into_a_local_project ... FAILED
test ipc::project_remote::tests::remote_registration_wire_request_rejects_extra_execution_fields ... ok
test ipc::project_remote::tests::remote_startup_cannot_use_local_shell_resolver ... ok
test remote::auth::persistence_tests::a_completed_write_leaves_a_fully_readable_store ... FAILED
test remote::auth::persistence_tests::canonical_auth_path_follows_the_canonical_remote_dir ... ok
test remote::auth::persistence_tests::concurrent_writers_never_observe_a_torn_store ... FAILED
test remote::auth::persistence_tests::legacy_revoked_tombstones_are_pruned_when_the_store_is_loaded ... FAILED
test remote::auth::persistence_tests::revoked_devices_are_deleted_outright_and_never_reappear ... FAILED
test remote::auth::persistence_tests::the_store_is_written_owner_only_or_reports_an_error ... FAILED
test remote::auth::persistence_tests::validate_token_throttles_disk_persistence ... FAILED
test remote::auth::security_tests::concurrent_guesses_spend_exactly_five_failure_slots ... ok
test remote::auth::security_tests::expired_pin_is_consumed_and_never_issues_a_token ... ok
test remote::auth::security_tests::late_generated_pin_survives_failure_window_rollover ... ok
test remote::auth::security_tests::new_window_discards_expired_codes_and_restores_pairing ... ok
test remote::auth::security_tests::revocation_is_latched_and_registration_after_validation_cannot_miss_it ... ok
test remote::auth::security_tests::successful_pairing_does_not_reset_the_global_failure_budget ... FAILED
test remote::auth::security_tests::valid_pairing_is_single_use_under_concurrent_exchange ... ok
test remote::auth::tests::relay_capability_is_single_use_persisted_and_cancellable ... FAILED
test remote::auth::tests::test_auth_credential_separation ... ok
test remote::auth::tests::test_auth_store_resolves_under_the_same_dir_as_the_identity ... ok
test remote::auth::tests::test_cli_pair_approve ... ok
test remote::auth::tests::test_cli_pair_cross_process_persistence ... FAILED
test remote::auth::tests::test_device_idle_expiry ... FAILED
test remote::auth::tests::test_device_name_length_capped_and_list_devices_filters_idle ... ok
test remote::auth::tests::test_identity_dir_matches_the_shared_remote_state_dir ... ok
test remote::auth::tests::test_machine_identity_persistence ... FAILED
test remote::auth::tests::test_machine_identity_sign_and_verify ... FAILED
test remote::auth::tests::test_pairing_exchange_with_blank_name_stores_fallback ... ok
test remote::auth::tests::test_repairing_view_pin_preserves_view_permission_on_replacement ... ok
test remote::auth::tests::test_repairing_with_same_installation_id_replaces_and_invalidates_old_token ... ok
test remote::auth::tests::test_store_without_installation_id_backward_compat ... FAILED
test remote::design_mode::tests::test_design_mode_snapshot_staging ... ok
test remote::discovery::tailscale::tests::test_parse_status_json_invalid_input_errors ... ok
test remote::discovery::tailscale::tests::test_parse_status_json_skips_peers_without_ipv4 ... ok
test remote::discovery::tailscale::tests::test_tailscale_peer_discovery ... ok
test remote::filesystem_tests::a06_budget_inspected_children_exact_cutoff ... FAILED
test remote::filesystem_tests::a06_budget_per_device_burst_and_refill ... ok
test remote::filesystem_tests::a06_cancelled_worker_cannot_publish ... FAILED
test remote::filesystem_tests::a06_directory_http_home ... FAILED
test remote::filesystem_tests::a06_http_send_failure_still_tears_down ... FAILED
test remote::filesystem_tests::a06_native_bounds_and_query_contract ... FAILED
test remote::filesystem_tests::a06_service_less_typed_503_without_probe ... ok
test remote::filesystem_tests::r6_auth_routed_deadline_admission ... FAILED
test remote::filesystem_tests::r6_auth_routed_failure_cleanup ... FAILED
test remote::filesystem_tests::r6_auth_routed_revocation ... FAILED
test remote::filesystem_tests::r6_empty_deadline_and_independent_bytes ... FAILED
test remote::filesystem_tests::r6_http_disconnect_retains_worker_slot ... FAILED
test remote::filesystem_tests::r6_service_less_injected_failure ... ok
test remote::machine_events::machine_event_cancellation_tests::machine_event_cancellation_read_budget_expires_when_catalog_refresh_is_blocked ... FAILED
test remote::machine_events::machine_event_cancellation_tests::machine_event_cancellation_releases_socket_when_catalog_refresh_is_blocked ... FAILED
test remote::machine_events::machine_event_snapshot_race_tests::machine_event_snapshot_recovers_when_commit_overlaps_inventory ... FAILED
test remote::machine_operation_journal::contention_tests::journal_mutation_deadline_retains_admission_until_worker_drains ... FAILED
test remote::machine_operation_journal::contention_tests::journal_mutation_revocation_retains_admission_until_worker_drains ... FAILED
test remote::machine_operation_journal::contention_tests::journal_read_deadline_retains_admission_until_worker_drains ... FAILED
test remote::machine_operation_journal::contention_tests::journal_read_revocation_retains_admission_until_worker_drains ... FAILED
test remote::machine_operation_journal::contention_tests::journal_writer_does_not_stall_mutation_reconciliation ... FAILED
test remote::machine_operation_journal::contention_tests::journal_writer_does_not_stall_session_http_executor ... FAILED
test remote::machine_operation_journal::contention_tests::journal_writer_preserves_real_machine_socket_attachment ... FAILED
test remote::machine_operation_journal::contention_tests::reopened_pending_operation_remains_outcome_unknown_after_refresh ... FAILED
test remote::machine_operation_journal::contention_tests::spawn::journal_final_spawn_deadline ... FAILED
test remote::machine_operation_journal::contention_tests::spawn::journal_final_spawn_revocation ... FAILED
test remote::machine_protocol::tests::expanded_shared_parity_fixtures ... ok
test remote::machine_protocol::tests::identity_is_host_qualified_and_preserves_large_epoch ... ok
test remote::machine_protocol::tests::known_answer_full_hashes_match_shared_fixtures ... ok
test remote::machine_protocol::tests::legacy_valid_ssh_targets_roundtrip_without_normalization ... ok
test remote::machine_protocol::tests::lifecycle_and_descriptor_fixtures_roundtrip ... ok
test remote::machine_protocol::tests::malformed_epochs_and_oversized_json_are_rejected ... ok
test remote::machine_protocol::tests::missing_metadata_and_unknown_targets_never_become_local ... ok
test remote::machine_protocol::tests::shared_fixtures_roundtrip_through_public_decoder ... ok
test remote::machine_protocol::tests::shared_invalid_fixtures_are_rejected ... ok
test remote::mirror::tests::cjk_line_skips_wide_spacer_tails ... ok
test remote::mirror::tests::clear_and_home_places_cursor_at_origin ... ok
test remote::mirror::tests::feed_segments_replays_at_recorded_geometry_then_resizes ... ok
test remote::mirror::tests::flat_history_replay_corrupts_relative_to_segmented_replay ... ok
test remote::mirror::tests::plain_ascii_line_produces_one_run ... ok
test remote::mirror::tests::resize_returns_full_frame_with_new_dimensions ... ok
test remote::mirror::tests::scroll_negative_reveals_older_content_and_positive_returns_toward_newest ... ok
test remote::mirror::tests::second_feed_only_emits_changed_line ... ok
test remote::mirror::tests::sgr_bold_red_maps_attrs_and_foreground ... ok
test remote::protocol::tests::control_handshake_wire_roundtrips ... ok
test remote::protocol::tests::malformed_wire_values_are_rejected ... ok
test remote::protocol::tests::omitted_optional_fields_deserialize ... ok
test remote::protocol::tests::pairing_state_transition_matrix ... ok
test remote::protocol::tests::pairing_state_wire_roundtrips ... ok
test remote::protocol::tests::pairing_wire_roundtrips ... ok
test remote::protocol::tests::proxy_wire_roundtrips ... ok
test remote::protocol::tests::test_client_control_message_scroll_serde_roundtrip ... ok
test remote::push::tests::test_web_push_payload_dispatch ... ok
test remote::relay_client::tests::control_and_data_urls_are_built_from_relay_url ... ok
test remote::relay_client::tests::proxies_frames_between_data_channel_and_local_gateway ... ok
test remote::relay_client::tests::test_pairing_coordinator_lifecycle_and_ack ... ok
test remote::relay_client::tests::test_pairing_coordinator_pin_can_be_redeemed_directly ... ok
test remote::relay_client::tests::test_pairing_coordinator_regenerates_and_ignores_old_expiry ... ok
test remote::relay_client::tests::test_pairing_coordinator_rejects_wrong_ack_generation ... ok
test remote::relay_client::tests::test_pairing_coordinator_timeout_or_rejection ... ok
test remote::relay_client::tests::test_relay_client_ed25519_auth_rejection ... ok
test remote::relay_client::tests::test_relay_client_ed25519_auth_success ... ok
test remote::relay_client::tests::to_ws_base_rewrites_https_and_trims_trailing_slash ... ok
test remote::relay_client::tests::with_gateway_preserves_address_and_credentials ... ok
test remote::relay_server::tests::a11_expired_ticket_wire_boundary ... ok
test remote::relay_server::tests::a_control_signature_minted_for_another_relay_is_refused ... FAILED
test remote::relay_server::tests::accepts_target_when_session_is_colon_scoped ... ok
test remote::relay_server::tests::coordinator_pairs_through_relay_to_real_gateway ... FAILED
test remote::relay_server::tests::machine_query_admission ... ok
test remote::relay_server::tests::protects_origin_when_gateway_sends_sensitive_headers ... ok
test remote::relay_server::tests::r4_preference_route_not_intercepted_by_websocket ... ok
test remote::relay_server::tests::r4_strict_utf8_query ... ok
test remote::relay_server::tests::r4_sustained_admission_and_cancel_cleanup ... ok
test remote::relay_server::tests::rejects_registration_when_capability_format_is_invalid ... ok
test remote::relay_server::tests::routes_session_when_path_is_colon_scoped ... ok
test remote::relay_server::tests::test_control_challenge_domain_separation ... ok
test remote::relay_server::tests::test_http_response_framing ... ok
test remote::relay_server::tests::test_key_store_corruption_and_write_failure_fail_closed ... FAILED
test remote::relay_server::tests::test_machine_ownership_survives_restart_and_private_enrollment ... FAILED
test remote::relay_server::tests::test_relay_admission_rate_limiting ... ok
test remote::relay_server::tests::test_relay_browser_ws_terminal_bridge_success ... ok
test remote::relay_server::tests::test_relay_dispatch_rejects_a_replaced_control_channel ... ok
test remote::relay_server::tests::test_relay_ed25519_control_handshake_success ... ok
test remote::relay_server::tests::test_relay_ed25519_control_handshake_wrong_sig_rejected ... ok
test remote::relay_server::tests::test_relay_ed25519_stale_timestamp_rejected ... ok
test remote::relay_server::tests::test_relay_generation_safe_cleanup_and_limits ... ok
test remote::relay_server::tests::test_relay_key_store_merges_concurrent_enrollments_and_rejects_corrupt_records ... FAILED
test remote::relay_server::tests::test_relay_machine_hijack_with_different_key_fails ... ok
test remote::relay_server::tests::test_relay_multi_machine_concurrent_registration ... ok
test remote::relay_server::tests::test_relay_pair_exchange_lockout_after_failures ... ok
test remote::relay_server::tests::test_relay_pair_exchange_success ... ok
test remote::relay_server::tests::test_relay_pair_exchange_unknown_pin_returns_404 ... ok
test remote::relay_server::tests::test_relay_pairing_claim_requires_the_live_control_identity ... ok
test remote::relay_server::tests::test_relay_pairing_claim_uses_relay_generation_not_client_attempt_counter ... ok
test remote::relay_server::tests::test_relay_register_pairing_caps_lease_lifetime ... ok
test remote::relay_server::tests::test_relay_register_pairing_is_idempotent_for_identical_retries ... ok
test remote::relay_server::tests::test_relay_reverse_tunnel_multiplex ... ok
test remote::relay_server::tests::test_relay_socket_ticket_expired_rejected ... ok
test remote::relay_server::tests::test_relay_socket_ticket_issuance_and_single_use ... ok
test remote::relay_server::tests::test_relay_stream_half_is_bound_to_the_allocating_control_generation ... ok
test remote::relay_server::tests::test_relay_unissued_session_rejected ... ok
test remote::relay_server::tests::test_security_concurrent_two_daemon_isolation ... ok
test remote::relay_server::tests::test_security_expired_pin_claim_rejected ... ok
test remote::relay_server::tests::test_security_fleet_pin_brute_force_lockout ... ok
test remote::relay_server::tests::test_security_machine_id_hijack_rejection ... ok
test remote::relay_server::tests::test_security_role_swap_prevention ... ok
test remote::relay_server::tests::test_socket_ticket_cache_keeps_two_valid_tokens_for_one_machine ... ok
test remote::relay_server::tests::test_socket_ticket_cold_cache_rejects_never_issued_bearer ... ok
test remote::relay_server::tests::test_socket_ticket_expired_cache_rechecks_gateway_and_rejects_revoked_bearer ... ok
test remote::relay_server::tests::test_socket_ticket_gateway_confirmed_bearer_is_granted_and_cached ... ok
test remote::server::attention_inventory_tests::remote_attention_inventory_keeps_other_projects_and_unseen_done ... ok
test remote::server::machine_input_cancellation_tests::input_is_cancelled_when_full_queue_precedes_close ... FAILED
test remote::server::machine_input_cancellation_tests::input_is_cancelled_when_generation_is_replaced ... FAILED
test remote::server::machine_input_cancellation_tests::input_is_cancelled_when_grant_is_revoked ... FAILED
test remote::server::machine_input_cancellation_tests::input_is_cancelled_when_socket_disconnects ... FAILED
test remote::server::machine_input_cancellation_tests::sibling_pty_is_responsive_when_first_input_is_saturated ... FAILED
test remote::server::machine_output_writer::tests::blocked_tcp_write_expires_when_ten_seconds_elapse ... ok
test remote::server::machine_output_writer::tests::blocked_tcp_write_is_cancelled_when_output_overflows ... ok
test remote::server::machine_output_writer::tests::serialized_controls_and_frames_are_rejected_when_wire_allowance_is_exceeded ... ok
test remote::server::preference_http_tests::ac09_preferences_redact_paths_when_authenticated ... FAILED
test remote::server::preference_http_tests::ac09_private_http_child ... ok
test remote::server::tests::a03_absent_machine_service_is_private_and_unavailable ... ok
test remote::server::tests::a03_forged_exchange_fields_cannot_upgrade_mirror_authority ... ok
test remote::server::tests::a03_identity_runs_offthread_and_revocation_fences_response ... FAILED
test remote::server::tests::a03_machine_auth_errors_are_private_json ... ok
test remote::server::tests::r3_http_boundary_contract ... FAILED
test remote::server::tests::relay_startup_connects_without_machine_token ... ok
test remote::server::tests::test_get_active_running_sessions_independent_of_desktop ... ok
test remote::server::tests::test_listener_bind_loopback ... ok
test remote::server::tests::test_push_auth ... ok
test remote::state::tests::credentials_are_never_placed_in_a_shared_scratch_directory ... ok
test remote::state::tests::daemon_default_state_is_off_and_uses_supplied_terminal_service ... ok
test remote::state::tests::enabled_gateway_persists_config_and_restores_on_reopen ... FAILED
test remote::state::tests::explicit_data_dir_override_wins_over_platform_home ... ok
test remote::state::tests::persisted_enabled_config_file_loads_enabled_mode_with_unbound_initial_state ... FAILED
test remote::state::tests::relay_pairing_coordinator_registers_the_pin_with_the_relay ... ok
test remote::state::tests::relay_pairing_preserves_the_requested_permission ... ok
test remote::state::tests::stopping_a_relay_clears_only_its_own_published_coordinator ... ok
test remote::state::tests::test_interface_resolver_address_selection ... ok
test remote::state::tests::test_interface_resolver_multihoming ... ok
test remote::state::tests::test_interface_resolver_portable ... ok
test remote::state::tests::test_relay_mode_configuration ... FAILED
test remote::state::tests::unix_resolves_under_home_and_ignores_windows_variables ... ok
test remote::tests::machine_auth::a03_capabilities_require_authentication ... ok
test remote::tests::machine_auth::a03_cli_requires_explicit_machine_purpose ... ok
test remote::tests::machine_auth::a03_legacy_control_denies_directory_browsing ... ok
test remote::tests::machine_auth::a03_legacy_control_denies_machine_creation ... ok
test remote::tests::machine_auth::a03_machine_view_capability_cannot_issue_a_device ... ok
test remote::tests::machine_auth::a03_machine_view_pin_cannot_issue_a_device ... ok
test remote::tests::machine_auth::a03_mirror_view_issuance_preserves_view ... ok
test remote::tests::machine_auth::a03_old_persisted_grants_remain_mirror ... ok
test remote::tests::machine_auth::a03_owner_coordinator_rejects_machine_view_without_publication ... ok
test remote::tests::machine_auth::a03_owner_machine_purpose_survives_persistence_and_exchange ... FAILED
test remote::tests::machine_auth::a03_rejected_generation_cannot_redeem_machine_authority ... ok
test remote::tests::machine_auth::a03_router_auth_error_is_typed_and_no_store ... ok
test remote::tests::machine_auth::a03_router_scope_error_satisfies_a02_contract ... ok
test remote::tests::scoped_remote_inventory_lists_registered_projects_without_desktop ... FAILED
test remote::tests::security::pairing_budget_is_global_atomic_and_rotation_cannot_reset_it ... ok
test remote::tests::security::resize::v06_view_resize_denied_grid_control_allowed ... FAILED
test remote::tests::security::resize::v06_view_resize_denied_raw_control_allowed ... FAILED
test remote::tests::security::revoke_self_and_control_management_keep_status_contract ... ok
test remote::tests::security::sockets::a10_controller_generation_disconnect_and_exact_reservation_boundary ... ok
test remote::tests::security::sockets::a10_pending_machine_input_is_dropped_on_disconnect_and_revoke ... FAILED
test remote::tests::security::sockets::a10_real_socket_reservation_transfers_http_close_authority ... FAILED
test remote::tests::security::sockets::a_permanent_device_token_in_the_query_string_is_rejected ... ok
test remote::tests::security::sockets::gateway_issues_single_use_socket_tickets_and_rejects_a_replayed_one ... ok
test remote::tests::security::sockets::gateway_refuses_to_mint_a_socket_ticket_without_a_valid_bearer ... ok
test remote::tests::security::sockets::gateway_socket_ticket_is_bound_to_its_requested_target ... ok
test remote::tests::security::sockets::revoke_before_event_upgrade_is_not_lost ... ok
test remote::tests::security::sockets::revoke_before_raw_upgrade_is_not_lost ... ok
test remote::tests::security::sockets::revoke_cancels_pending_raw_input ... ok
test remote::tests::security::sockets::revoke_closes_all_event_sockets_only_for_that_device ... ok
test remote::tests::security::sockets::revoke_closes_all_raw_sockets_only_for_that_device ... ok
test remote::tests::security::sockets::revoke_during_raw_attachment_prevents_upgrade ... ok
test remote::tests::security::sockets::ssh_reconnect_safety_web_raw_gap_order ... ok
test remote::tests::security::sockets::ssh_reconnect_safety_web_raw_status_input_probe ... ok
test remote::tests::security::static_portable_paths_and_assets ... ok
test remote::tests::security::static_raw_traversal_is_rejected ... ok
test remote::tests::security::static_symlinks_cannot_escape_dist ... FAILED
test remote::tests::security::view_cannot_revoke_another_device ... ok
test remote::tests::ssh::registered_ssh_project_can_be_selected_without_local_registration ... FAILED
test remote::tests::ssh::registered_ssh_project_is_listed_without_a_focused_terminal ... FAILED
test remote::tests::ssh::ssh_session_retains_its_workspace_in_remote_routing ... ok
test remote::tests::test_active_desktop_terminal_contract_and_safe_selection_bridge ... FAILED
test remote::tests::test_active_selection_change_is_broadcast_to_authenticated_event_clients ... ok
test remote::tests::test_active_selection_is_visible_to_a_receiver_that_subscribes_afterwards ... ok
test remote::tests::test_auth_manager_pairing_and_revocation ... ok
test remote::tests::test_authenticated_event_clients_receive_selection_changes_after_the_snapshot ... ok
test remote::tests::test_authenticated_event_clients_receive_the_current_active_selection_on_connect ... ok
test remote::tests::test_concurrent_cold_snapshot_requests_coalesce_to_one_git_discovery ... ok
test remote::tests::test_connected_terminal_websocket_closed_when_active_selection_changes ... FAILED
test remote::tests::test_daemon_owned_remote_chain_end_to_end ... FAILED
test remote::tests::test_daemon_pairing_and_revocation_authority ... FAILED
test remote::tests::test_daemon_remote_worktree_selection_then_grid_terminal_control ... FAILED
test remote::tests::test_derive_session_metadata_matches_workspace ... FAILED
test remote::tests::test_desktop_ipc_active_selection_lifecycle ... ok
test remote::tests::test_grid_render_attach_sends_full_frame_with_session_dimensions ... ok
test remote::tests::test_grid_render_initial_frame_uses_requested_viewport_dimensions ... ok
test remote::tests::test_grid_render_live_pty_output_emits_grid_frame_after_attach ... ok
test remote::tests::test_grid_render_resize_returns_full_frame_with_requested_geometry ... ok
test remote::tests::test_gui_remote_forwarding_and_no_gui_gateway_ownership ... FAILED
test remote::tests::test_legacy_terminal_socket_emits_binary_snapshot_without_grid_text_frames ... ok
test remote::tests::test_occupied_port_enable_does_not_persist_enabled_intent ... FAILED
test remote::tests::test_remote_active_selection_safe_tab_descriptors_and_no_path_leakage ... ok
test remote::tests::test_remote_gateway_legacy_peer_attach_write_output_exit_and_listing ... FAILED
test remote::tests::test_remote_listener_persistence_and_startup_restoration_lifecycle ... FAILED
test remote::tests::test_remote_select_workspace_with_tab_selector_and_primary_worktree ... FAILED
test remote::tests::test_remote_server_health_and_lifecycle ... ok
test remote::tests::test_remote_server_rejects_off_mode_without_binding ... ok
test remote::tests::test_remote_server_serves_spa_index_html ... ok
test remote::tests::test_remote_terminal_forced_lag_replays_with_explicit_gap_and_sequence_metadata ... ok
test remote::tests::test_remote_terminal_tab_info_serializes_and_deserializes_session_id ... ok
test remote::tests::test_repeated_workspace_state_reads_do_not_rerun_git_discovery_and_refresh_on_change ... FAILED
test remote::tests::test_resolve_dist_dir_isolated_runtime_debug_fallback ... FAILED
test remote::tests::test_resolve_dist_dir_packaged_macos_bundle_layout ... FAILED
test remote::tests::test_resolve_dist_dir_packaged_windows_or_linux_bundle_layout ... FAILED
test remote::tests::test_successful_enable_restores_and_disable_remains_off ... FAILED
test remote::tests::test_terminal_preferences_requires_a_valid_unrevoked_remote_token ... ok
test remote::tests::test_workspace_snapshot_refreshes_external_git_worktree_changes_after_interval ... FAILED
test remote::tests::test_workspace_snapshot_started_before_revision_change_is_not_marked_current ... FAILED
test remote::tests::test_workspace_state_agent_activity_and_worktree_attention_rollup ... FAILED
test remote::workspace_api::child_tests::r12_child_output_and_deadline ... ok
test remote::workspace_api::child_tests::request_drop_interrupts_active_worktree_git ... FAILED
test remote::workspace_api::worktrees::authority_tests::followthrough_delete_publication_blocks_spawn ... FAILED
test remote::workspace_api::worktrees::authority_tests::followthrough_owner_crash_while_git_active ... FAILED
test remote::workspace_api::worktrees::authority_tests::followthrough_prune_partial_replays_after_restart ... FAILED
test remote::workspace_api::worktrees::authority_tests::followthrough_write_failures_non_head_and_prunable_preview ... FAILED
test remote::workspace_api::worktrees::authority_tests::interrupted_git_transaction_restart_never_repeats ... FAILED
test remote::workspace_api::worktrees::authority_tests::interrupted_worktree_owner_child ... ok
test remote::workspace_api::worktrees::authority_tests::local_worktree_error_wire_roundtrip ... ok
test remote::workspace_api::worktrees::authority_tests::local_worktree_errors_survive_owner_wire_and_native_adapter ... FAILED
test remote::workspace_api::worktrees::authority_tests::owner_http_gate_and_eight_admissions ... FAILED
test remote::workspace_api::worktrees::authority_tests::typed_owner_repair_private_uds_and_native_adapter ... ok
test remote::workspace_api::worktrees::publication_tests::cancelled_publication_preserves_unknown_after_git ... FAILED
test remote::workspace_api::worktrees::wire_proof_tests::non_head_and_partial_prune_wires ... 
running 1 test
A08_WIRE_HANDSHAKE owner_pid=21136 exact=true socket=/tmp/a08-wire-xh2irn/runtime/daemon.sock http=127.0.0.1:64710
A08_WIRE_HTTP_REQUEST method=POST endpoint=http://127.0.0.1:64710/api/v1/workspace/worktrees body={"baseRef":"HEAD~1","requestId":"7f70fff8-83b2-41f2-af44-1f4510e76ae4","workspaceId":"wire-proof","worktree":{"slug":"non-head","wsId":"wire-proof"}}
A08_WIRE_HTTP_RESPONSE status=201 body={"bare":false,"branch":"refs/heads/orca/wire-proof/non-head","detached":false,"head":"cc0f1c18e6e243328d6f72e21bf4f7e6737ae3bd","identity":{"slug":"non-head","wsId":"wire-proof"},"locked":null,"managed":true,"path":"/private/tmp/a08-wire-xh2irn/repo/.orca-worktrees/wire-proof/non-head","prunable":null,"workspaceId":"wire-proof"}
A08_WIRE_NON_HEAD first_http=201 base=cc0f1c18e6e243328d6f72e21bf4f7e6737ae3bd original_head=2764997a40c77441eab52119af2cd8c7d23a6e45 actual_checkout_equal=true
A08_WIRE_UDS_REQUEST {"baseRef":null,"type":"createWorktree","workspaceId":"wire-proof","worktree":{"slug":"local-prune","wsId":"wire-proof"}}
A08_WIRE_UDS_RESPONSE {"type":"createWorktreeOk","worktree":{"bare":false,"branch":"refs/heads/orca/wire-proof/local-prune","detached":false,"head":"2764997a40c77441eab52119af2cd8c7d23a6e45","locked":null,"path":"/private/tmp/a08-wire-xh2irn/repo/.orca-worktrees/wire-proof/local-prune","prunable":null}}
A08_WIRE_UDS_REQUEST {"deleteBranch":true,"destructive":false,"type":"deleteWorktree","workspaceId":"wire-proof","worktree":{"slug":"local-prune","wsId":"wire-proof"}}
A08_WIRE_UDS_RESPONSE {"error":{"code":"WORKTREE_REMOVED_PRUNE_FAILED","details":{"branchDeleted":false,"cause":{"code":"GIT_ERROR","details":{"command":"git worktree prune","exitCode":128,"stderr":"fatal: Expected git repo version <= 1, found 999"},"message":"Git command failed (git worktree prune): fatal: Expected git repo version <= 1, found 999 (exit code: Some(128))"},"path":"/private/tmp/a08-wire-xh2irn/repo/.orca-worktrees/wire-proof/local-prune","pruned":false,"worktreeRemoved":true},"message":"Worktree '/private/tmp/a08-wire-xh2irn/repo/.orca-worktrees/wire-proof/local-prune' was removed but prune failed: Git command failed (git worktree prune): fatal: Expected git repo version <= 1, found 999 (exit code: Some(128))"},"type":"worktreeError"}
A08_WIRE_PRUNE legacy=false removed=true branch_preserved=true config_restored=true publication_received=true
A08_WIRE_UDS_REQUEST {"baseRef":null,"type":"createWorktree","workspaceId":"wire-proof","worktree":{"slug":"legacy-prune","wsId":"wire-proof"}}
A08_WIRE_UDS_RESPONSE {"type":"createWorktreeOk","worktree":{"bare":false,"branch":"refs/heads/orca/wire-proof/legacy-prune","detached":false,"head":"2764997a40c77441eab52119af2cd8c7d23a6e45","locked":null,"path":"/private/tmp/a08-wire-xh2irn/repo/.orca-worktrees/wire-proof/legacy-prune","prunable":null}}
A08_WIRE_HTTP_REQUEST method=DELETE endpoint=http://127.0.0.1:64710/api/v1/workspace/worktrees body={"deleteBranch":true,"workspaceId":"wire-proof","worktree":{"slug":"legacy-prune","wsId":"wire-proof"}}
A08_WIRE_HTTP_RESPONSE status=409 body={"error":{"code":"WORKTREE_REMOVED_PRUNE_FAILED","details":{"branchDeleted":false,"pruned":false,"worktreeRemoved":true},"message":"WORKTREE_REMOVED_PRUNE_FAILED","requestId":"1169cd60-28cf-4e64-b148-c5b76ad10348","retryable":false}}
A08_WIRE_PRUNE legacy=true removed=true branch_preserved=true config_restored=true publication_received=true
A08_WIRE_LISTENERS joined=true clients_joined=true tcp_refused=true uds_refused=true socket_removed=true failed=false
A08_WIRE_OWNER pid=21136 runtime_joined=true git_children=ECHILD failed=false
test remote::workspace_api::worktrees::wire_proof_tests::private_wire_owner ... ok

test result: ok. 1 passed; 0 failed; 0 ignored; 0 measured; 1025 filtered out; finished in 0.89s

ok
test remote::workspace_api::worktrees::wire_proof_tests::private_wire_owner ... ok
test remote::workspace_api_tests::a07_http_request_failure_joins_fixture ... FAILED
test remote::workspace_api_tests::a07_journal_restart_and_device_scope ... FAILED
test remote::workspace_api_tests::a07_project_http_registration ... FAILED
test remote::workspace_api_tests::r12_crash_owner ... ok
test remote::workspace_api_tests::r12_list_gate_and_admission ... FAILED
test remote::workspace_api_tests::r12_real_kill_windows ... FAILED
test remote::workspace_api_tests::r12_revocation_fences ... FAILED
test remote::workspace_api_tests::r12_router_auth_admission ... FAILED
test remote::workspace_api_tests::r12_router_incomplete_body ... FAILED
test remote::workspace_api_tests::r12_unreadable_root ... FAILED
test remote::workspace_api_tests::r1_topology_after_gate_http ... FAILED

failures:

---- ipc::project_remote::tests::local_registration_never_canonicalizes_a_remote_id_into_a_local_project stdout ----

thread 'ipc::project_remote::tests::local_registration_never_canonicalizes_a_remote_id_into_a_local_project' (2978528) panicked at src/ipc/project_remote_tests.rs:134:36:
called `Result::unwrap()` on an `Err` value: Custom { kind: NotFound, error: PathError { path: "/Users/indo/code/project/orca-lite-wt/herdr-resume-01a097f8/src-tauri/a23-uxhjso6h/tmp/.tmpZKbVfi", err: Os { code: 2, kind: NotFound, message: "No such file or directory" } } }
note: run with `RUST_BACKTRACE=1` environment variable to display a backtrace

---- remote::auth::persistence_tests::a_completed_write_leaves_a_fully_readable_store stdout ----

thread 'remote::auth::persistence_tests::a_completed_write_leaves_a_fully_readable_store' (2978531) panicked at src/remote/auth.rs:1720:44:
tempdir: Custom { kind: NotFound, error: PathError { path: "/Users/indo/code/project/orca-lite-wt/herdr-resume-01a097f8/src-tauri/a23-uxhjso6h/tmp/.tmpP2U2FR", err: Os { code: 2, kind: NotFound, message: "No such file or directory" } } }

---- remote::auth::persistence_tests::concurrent_writers_never_observe_a_torn_store stdout ----

thread 'remote::auth::persistence_tests::concurrent_writers_never_observe_a_torn_store' (2978533) panicked at src/remote/auth.rs:1667:44:
tempdir: Custom { kind: NotFound, error: PathError { path: "/Users/indo/code/project/orca-lite-wt/herdr-resume-01a097f8/src-tauri/a23-uxhjso6h/tmp/.tmpFlTioH", err: Os { code: 2, kind: NotFound, message: "No such file or directory" } } }

---- remote::auth::persistence_tests::legacy_revoked_tombstones_are_pruned_when_the_store_is_loaded stdout ----

thread 'remote::auth::persistence_tests::legacy_revoked_tombstones_are_pruned_when_the_store_is_loaded' (2978534) panicked at src/remote/auth.rs:1782:44:
tempdir: Custom { kind: NotFound, error: PathError { path: "/Users/indo/code/project/orca-lite-wt/herdr-resume-01a097f8/src-tauri/a23-uxhjso6h/tmp/.tmpwpKPon", err: Os { code: 2, kind: NotFound, message: "No such file or directory" } } }

---- remote::auth::persistence_tests::revoked_devices_are_deleted_outright_and_never_reappear stdout ----

thread 'remote::auth::persistence_tests::revoked_devices_are_deleted_outright_and_never_reappear' (2978535) panicked at src/remote/auth.rs:1743:44:
tempdir: Custom { kind: NotFound, error: PathError { path: "/Users/indo/code/project/orca-lite-wt/herdr-resume-01a097f8/src-tauri/a23-uxhjso6h/tmp/.tmpGnJBon", err: Os { code: 2, kind: NotFound, message: "No such file or directory" } } }

---- remote::auth::persistence_tests::the_store_is_written_owner_only_or_reports_an_error stdout ----

thread 'remote::auth::persistence_tests::the_store_is_written_owner_only_or_reports_an_error' (2978536) panicked at src/remote/auth.rs:1625:44:
tempdir: Custom { kind: NotFound, error: PathError { path: "/Users/indo/code/project/orca-lite-wt/herdr-resume-01a097f8/src-tauri/a23-uxhjso6h/tmp/.tmpLHtpcx", err: Os { code: 2, kind: NotFound, message: "No such file or directory" } } }

---- remote::auth::persistence_tests::validate_token_throttles_disk_persistence stdout ----

thread 'remote::auth::persistence_tests::validate_token_throttles_disk_persistence' (2978537) panicked at src/remote/auth.rs:1831:44:
tempdir: Custom { kind: NotFound, error: PathError { path: "/Users/indo/code/project/orca-lite-wt/herdr-resume-01a097f8/src-tauri/a23-uxhjso6h/tmp/.tmpEdVXT8", err: Os { code: 2, kind: NotFound, message: "No such file or directory" } } }

---- remote::auth::security_tests::successful_pairing_does_not_reset_the_global_failure_budget stdout ----

thread 'remote::auth::security_tests::successful_pairing_does_not_reset_the_global_failure_budget' (2978559) panicked at src/remote/auth_security_tests.rs:154:35:
called `Result::unwrap()` on an `Err` value: Custom { kind: NotFound, error: PathError { path: "/Users/indo/code/project/orca-lite-wt/herdr-resume-01a097f8/src-tauri/a23-uxhjso6h/tmp/.tmpWuCvHz", err: Os { code: 2, kind: NotFound, message: "No such file or directory" } } }

---- remote::auth::tests::relay_capability_is_single_use_persisted_and_cancellable stdout ----

thread 'remote::auth::tests::relay_capability_is_single_use_persisted_and_cancellable' (2978565) panicked at src/remote/auth.rs:1176:39:
called `Result::unwrap()` on an `Err` value: Custom { kind: NotFound, error: PathError { path: "/Users/indo/code/project/orca-lite-wt/herdr-resume-01a097f8/src-tauri/a23-uxhjso6h/tmp/.tmpAiuQJe", err: Os { code: 2, kind: NotFound, message: "No such file or directory" } } }

---- remote::auth::tests::test_cli_pair_cross_process_persistence stdout ----

thread 'remote::auth::tests::test_cli_pair_cross_process_persistence' (2978569) panicked at src/remote/auth.rs:1197:39:
called `Result::unwrap()` on an `Err` value: Custom { kind: NotFound, error: PathError { path: "/Users/indo/code/project/orca-lite-wt/herdr-resume-01a097f8/src-tauri/a23-uxhjso6h/tmp/.tmpCk2vIB", err: Os { code: 2, kind: NotFound, message: "No such file or directory" } } }

---- remote::auth::tests::test_device_idle_expiry stdout ----

thread 'remote::auth::tests::test_device_idle_expiry' (2978570) panicked at src/remote/auth.rs:1458:44:
tempdir: Custom { kind: NotFound, error: PathError { path: "/Users/indo/code/project/orca-lite-wt/herdr-resume-01a097f8/src-tauri/a23-uxhjso6h/tmp/.tmpwfjJwV", err: Os { code: 2, kind: NotFound, message: "No such file or directory" } } }

---- remote::auth::tests::test_machine_identity_persistence stdout ----

thread 'remote::auth::tests::test_machine_identity_persistence' (2978573) panicked at src/remote/auth.rs:1095:39:
called `Result::unwrap()` on an `Err` value: Custom { kind: NotFound, error: PathError { path: "/Users/indo/code/project/orca-lite-wt/herdr-resume-01a097f8/src-tauri/a23-uxhjso6h/tmp/.tmpUtCFkF", err: Os { code: 2, kind: NotFound, message: "No such file or directory" } } }

---- remote::auth::tests::test_machine_identity_sign_and_verify stdout ----

thread 'remote::auth::tests::test_machine_identity_sign_and_verify' (2978574) panicked at src/remote/auth.rs:1123:39:
called `Result::unwrap()` on an `Err` value: Custom { kind: NotFound, error: PathError { path: "/Users/indo/code/project/orca-lite-wt/herdr-resume-01a097f8/src-tauri/a23-uxhjso6h/tmp/.tmpOybko1", err: Os { code: 2, kind: NotFound, message: "No such file or directory" } } }

---- remote::auth::tests::test_store_without_installation_id_backward_compat stdout ----

thread 'remote::auth::tests::test_store_without_installation_id_backward_compat' (2978578) panicked at src/remote/auth.rs:1538:44:
tempdir: Custom { kind: NotFound, error: PathError { path: "/Users/indo/code/project/orca-lite-wt/herdr-resume-01a097f8/src-tauri/a23-uxhjso6h/tmp/.tmpRncq3G", err: Os { code: 2, kind: NotFound, message: "No such file or directory" } } }

---- remote::filesystem_tests::a06_budget_inspected_children_exact_cutoff stdout ----

thread 'remote::filesystem_tests::a06_budget_inspected_children_exact_cutoff' (2978583) panicked at src/remote/filesystem_tests.rs:8:36:
called `Result::unwrap()` on an `Err` value: Custom { kind: NotFound, error: PathError { path: "/Users/indo/code/project/orca-lite-wt/herdr-resume-01a097f8/src-tauri/a23-uxhjso6h/tmp/.tmpBSkZjV", err: Os { code: 2, kind: NotFound, message: "No such file or directory" } } }

---- remote::filesystem_tests::a06_cancelled_worker_cannot_publish stdout ----

thread 'tokio-rt-worker' (2978586) panicked at src/remote/filesystem_tests.rs:687:47:
called `Result::unwrap()` on an `Err` value: Custom { kind: NotFound, error: PathError { path: "/Users/indo/code/project/orca-lite-wt/herdr-resume-01a097f8/src-tauri/a23-uxhjso6h/tmp/.tmpl1Lpis", err: Os { code: 2, kind: NotFound, message: "No such file or directory" } } }

thread 'remote::filesystem_tests::a06_cancelled_worker_cannot_publish' (2978585) panicked at src/remote/filesystem_tests.rs:703:10:
called `Result::unwrap()` on an `Err` value: RecvError(())

---- remote::filesystem_tests::a06_directory_http_home stdout ----

thread 'tokio-rt-worker' (2978588) panicked at src/remote/filesystem_tests.rs:214:43:
called `Result::unwrap()` on an `Err` value: Custom { kind: NotFound, error: PathError { path: "/Users/indo/code/project/orca-lite-wt/herdr-resume-01a097f8/src-tauri/a23-uxhjso6h/tmp/.tmpjrGnwz", err: Os { code: 2, kind: NotFound, message: "No such file or directory" } } }

thread 'remote::filesystem_tests::a06_directory_http_home' (2978587) panicked at src/remote/filesystem_tests.rs:253:6:
called `Result::unwrap()` on an `Err` value: IpcError { code: InternalError, message: "blocking task failed: task 7 panicked with message \"called `Result::unwrap()` on an `Err` value: Custom { kind: NotFound, error: PathError { path: \\\"/Users/indo/code/project/orca-lite-wt/herdr-resume-01a097f8/src-tauri/a23-uxhjso6h/tmp/.tmpjrGnwz\\\", err: Os { code: 2, kind: NotFound, message: \\\"No such file or directory\\\" } } }\"", details: None }

---- remote::filesystem_tests::a06_http_send_failure_still_tears_down stdout ----

thread 'tokio-rt-worker' (2978590) panicked at src/remote/filesystem_tests.rs:214:43:
called `Result::unwrap()` on an `Err` value: Custom { kind: NotFound, error: PathError { path: "/Users/indo/code/project/orca-lite-wt/herdr-resume-01a097f8/src-tauri/a23-uxhjso6h/tmp/.tmpxa3Tgg", err: Os { code: 2, kind: NotFound, message: "No such file or directory" } } }

thread 'remote::filesystem_tests::a06_http_send_failure_still_tears_down' (2978589) panicked at src/remote/filesystem_tests.rs:253:6:
called `Result::unwrap()` on an `Err` value: IpcError { code: InternalError, message: "blocking task failed: task 8 panicked with message \"called `Result::unwrap()` on an `Err` value: Custom { kind: NotFound, error: PathError { path: \\\"/Users/indo/code/project/orca-lite-wt/herdr-resume-01a097f8/src-tauri/a23-uxhjso6h/tmp/.tmpxa3Tgg\\\", err: Os { code: 2, kind: NotFound, message: \\\"No such file or directory\\\" } } }\"", details: None }

---- remote::filesystem_tests::a06_native_bounds_and_query_contract stdout ----

thread 'tokio-rt-worker' (2978592) panicked at src/remote/filesystem_tests.rs:548:43:
called `Result::unwrap()` on an `Err` value: Custom { kind: NotFound, error: PathError { path: "/Users/indo/code/project/orca-lite-wt/herdr-resume-01a097f8/src-tauri/a23-uxhjso6h/tmp/.tmppfy9co", err: Os { code: 2, kind: NotFound, message: "No such file or directory" } } }

thread 'remote::filesystem_tests::a06_native_bounds_and_query_contract' (2978591) panicked at src/remote/filesystem_tests.rs:571:6:
called `Result::unwrap()` on an `Err` value: IpcError { code: InternalError, message: "blocking task failed: task 9 panicked with message \"called `Result::unwrap()` on an `Err` value: Custom { kind: NotFound, error: PathError { path: \\\"/Users/indo/code/project/orca-lite-wt/herdr-resume-01a097f8/src-tauri/a23-uxhjso6h/tmp/.tmppfy9co\\\", err: Os { code: 2, kind: NotFound, message: \\\"No such file or directory\\\" } } }\"", details: None }

---- remote::filesystem_tests::r6_auth_routed_deadline_admission stdout ----

thread 'remote::filesystem_tests::r6_auth_routed_deadline_admission' (2978596) panicked at src/remote/filesystem_tests.rs:84:36:
called `Result::unwrap()` on an `Err` value: Custom { kind: NotFound, error: PathError { path: "/Users/indo/code/project/orca-lite-wt/herdr-resume-01a097f8/src-tauri/a23-uxhjso6h/tmp/.tmpVjO9sy", err: Os { code: 2, kind: NotFound, message: "No such file or directory" } } }

---- remote::filesystem_tests::r6_auth_routed_failure_cleanup stdout ----

thread 'remote::filesystem_tests::r6_auth_routed_failure_cleanup' (2978597) panicked at src/remote/filesystem_tests.rs:84:36:
called `Result::unwrap()` on an `Err` value: Custom { kind: NotFound, error: PathError { path: "/Users/indo/code/project/orca-lite-wt/herdr-resume-01a097f8/src-tauri/a23-uxhjso6h/tmp/.tmpPwxzPC", err: Os { code: 2, kind: NotFound, message: "No such file or directory" } } }

---- remote::filesystem_tests::r6_auth_routed_revocation stdout ----

thread 'remote::filesystem_tests::r6_auth_routed_revocation' (2978598) panicked at src/remote/filesystem_tests.rs:84:36:
called `Result::unwrap()` on an `Err` value: Custom { kind: NotFound, error: PathError { path: "/Users/indo/code/project/orca-lite-wt/herdr-resume-01a097f8/src-tauri/a23-uxhjso6h/tmp/.tmpS6UZGs", err: Os { code: 2, kind: NotFound, message: "No such file or directory" } } }

---- remote::filesystem_tests::r6_empty_deadline_and_independent_bytes stdout ----

thread 'tokio-rt-worker' (2978600) panicked at src/remote/filesystem_tests.rs:578:43:
called `Result::unwrap()` on an `Err` value: Custom { kind: NotFound, error: PathError { path: "/Users/indo/code/project/orca-lite-wt/herdr-resume-01a097f8/src-tauri/a23-uxhjso6h/tmp/.tmpjd2E0b", err: Os { code: 2, kind: NotFound, message: "No such file or directory" } } }

thread 'remote::filesystem_tests::r6_empty_deadline_and_independent_bytes' (2978599) panicked at src/remote/filesystem_tests.rs:604:14:
called `Result::unwrap()` on an `Err` value: IpcError { code: InternalError, message: "blocking task failed: task 16 panicked with message \"called `Result::unwrap()` on an `Err` value: Custom { kind: NotFound, error: PathError { path: \\\"/Users/indo/code/project/orca-lite-wt/herdr-resume-01a097f8/src-tauri/a23-uxhjso6h/tmp/.tmpjd2E0b\\\", err: Os { code: 2, kind: NotFound, message: \\\"No such file or directory\\\" } } }\"", details: None }

---- remote::filesystem_tests::r6_http_disconnect_retains_worker_slot stdout ----

thread 'remote::filesystem_tests::r6_http_disconnect_retains_worker_slot' (2978601) panicked at src/remote/filesystem_tests.rs:610:39:
called `Result::unwrap()` on an `Err` value: Custom { kind: NotFound, error: PathError { path: "/Users/indo/code/project/orca-lite-wt/herdr-resume-01a097f8/src-tauri/a23-uxhjso6h/tmp/.tmpCnavUr", err: Os { code: 2, kind: NotFound, message: "No such file or directory" } } }

---- remote::machine_events::machine_event_cancellation_tests::machine_event_cancellation_read_budget_expires_when_catalog_refresh_is_blocked stdout ----

thread 'tokio-rt-worker' (2978605) panicked at src/remote/machine_event_cancellation_tests.rs:31:40:
called `Result::unwrap()` on an `Err` value: Custom { kind: NotFound, error: PathError { path: "/Users/indo/code/project/orca-lite-wt/herdr-resume-01a097f8/src-tauri/a23-uxhjso6h/tmp/.tmpVxAEp2", err: Os { code: 2, kind: NotFound, message: "No such file or directory" } } }

thread 'remote::machine_events::machine_event_cancellation_tests::machine_event_cancellation_read_budget_expires_when_catalog_refresh_is_blocked' (2978604) panicked at src/remote/machine_event_cancellation_tests.rs:37:14:
called `Result::unwrap()` on an `Err` value: IpcError { code: InternalError, message: "blocking task failed: task 23 panicked with message \"called `Result::unwrap()` on an `Err` value: Custom { kind: NotFound, error: PathError { path: \\\"/Users/indo/code/project/orca-lite-wt/herdr-resume-01a097f8/src-tauri/a23-uxhjso6h/tmp/.tmpVxAEp2\\\", err: Os { code: 2, kind: NotFound, message: \\\"No such file or directory\\\" } } }\"", details: None }

---- remote::machine_events::machine_event_cancellation_tests::machine_event_cancellation_releases_socket_when_catalog_refresh_is_blocked stdout ----

thread 'tokio-rt-worker' (2978607) panicked at src/remote/machine_event_cancellation_tests.rs:31:40:
called `Result::unwrap()` on an `Err` value: Custom { kind: NotFound, error: PathError { path: "/Users/indo/code/project/orca-lite-wt/herdr-resume-01a097f8/src-tauri/a23-uxhjso6h/tmp/.tmpYjawY0", err: Os { code: 2, kind: NotFound, message: "No such file or directory" } } }

thread 'remote::machine_events::machine_event_cancellation_tests::machine_event_cancellation_releases_socket_when_catalog_refresh_is_blocked' (2978606) panicked at src/remote/machine_event_cancellation_tests.rs:37:14:
called `Result::unwrap()` on an `Err` value: IpcError { code: InternalError, message: "blocking task failed: task 24 panicked with message \"called `Result::unwrap()` on an `Err` value: Custom { kind: NotFound, error: PathError { path: \\\"/Users/indo/code/project/orca-lite-wt/herdr-resume-01a097f8/src-tauri/a23-uxhjso6h/tmp/.tmpYjawY0\\\", err: Os { code: 2, kind: NotFound, message: \\\"No such file or directory\\\" } } }\"", details: None }

---- remote::machine_events::machine_event_snapshot_race_tests::machine_event_snapshot_recovers_when_commit_overlaps_inventory stdout ----

thread 'tokio-rt-worker' (2978609) panicked at src/remote/machine_event_snapshot_race_tests.rs:22:40:
called `Result::unwrap()` on an `Err` value: Custom { kind: NotFound, error: PathError { path: "/Users/indo/code/project/orca-lite-wt/herdr-resume-01a097f8/src-tauri/a23-uxhjso6h/tmp/.tmpAnUMqc", err: Os { code: 2, kind: NotFound, message: "No such file or directory" } } }

thread 'remote::machine_events::machine_event_snapshot_race_tests::machine_event_snapshot_recovers_when_commit_overlaps_inventory' (2978608) panicked at src/remote/machine_event_snapshot_race_tests.rs:36:6:
called `Result::unwrap()` on an `Err` value: IpcError { code: InternalError, message: "blocking task failed: task 25 panicked with message \"called `Result::unwrap()` on an `Err` value: Custom { kind: NotFound, error: PathError { path: \\\"/Users/indo/code/project/orca-lite-wt/herdr-resume-01a097f8/src-tauri/a23-uxhjso6h/tmp/.tmpAnUMqc\\\", err: Os { code: 2, kind: NotFound, message: \\\"No such file or directory\\\" } } }\"", details: None }

---- remote::machine_operation_journal::contention_tests::journal_mutation_deadline_retains_admission_until_worker_drains stdout ----

thread 'tokio-rt-worker' (2978611) panicked at src/remote/journal_contention_tests.rs:161:40:
called `Result::unwrap()` on an `Err` value: Custom { kind: NotFound, error: PathError { path: "/Users/indo/code/project/orca-lite-wt/herdr-resume-01a097f8/src-tauri/a23-uxhjso6h/tmp/.tmpZruKDn", err: Os { code: 2, kind: NotFound, message: "No such file or directory" } } }

thread 'remote::machine_operation_journal::contention_tests::journal_mutation_deadline_retains_admission_until_worker_drains' (2978610) panicked at src/remote/journal_contention_tests.rs:168:14:
called `Result::unwrap()` on an `Err` value: IpcError { code: InternalError, message: "blocking task failed: task 26 panicked with message \"called `Result::unwrap()` on an `Err` value: Custom { kind: NotFound, error: PathError { path: \\\"/Users/indo/code/project/orca-lite-wt/herdr-resume-01a097f8/src-tauri/a23-uxhjso6h/tmp/.tmpZruKDn\\\", err: Os { code: 2, kind: NotFound, message: \\\"No such file or directory\\\" } } }\"", details: None }

---- remote::machine_operation_journal::contention_tests::journal_mutation_revocation_retains_admission_until_worker_drains stdout ----

thread 'tokio-rt-worker' (2978613) panicked at src/remote/journal_contention_tests.rs:161:40:
called `Result::unwrap()` on an `Err` value: Custom { kind: NotFound, error: PathError { path: "/Users/indo/code/project/orca-lite-wt/herdr-resume-01a097f8/src-tauri/a23-uxhjso6h/tmp/.tmpfqnaYc", err: Os { code: 2, kind: NotFound, message: "No such file or directory" } } }

thread 'remote::machine_operation_journal::contention_tests::journal_mutation_revocation_retains_admission_until_worker_drains' (2978612) panicked at src/remote/journal_contention_tests.rs:168:14:
called `Result::unwrap()` on an `Err` value: IpcError { code: InternalError, message: "blocking task failed: task 27 panicked with message \"called `Result::unwrap()` on an `Err` value: Custom { kind: NotFound, error: PathError { path: \\\"/Users/indo/code/project/orca-lite-wt/herdr-resume-01a097f8/src-tauri/a23-uxhjso6h/tmp/.tmpfqnaYc\\\", err: Os { code: 2, kind: NotFound, message: \\\"No such file or directory\\\" } } }\"", details: None }

---- remote::machine_operation_journal::contention_tests::journal_read_deadline_retains_admission_until_worker_drains stdout ----

thread 'tokio-rt-worker' (2978615) panicked at src/remote/journal_contention_tests.rs:161:40:
called `Result::unwrap()` on an `Err` value: Custom { kind: NotFound, error: PathError { path: "/Users/indo/code/project/orca-lite-wt/herdr-resume-01a097f8/src-tauri/a23-uxhjso6h/tmp/.tmpz3YwKp", err: Os { code: 2, kind: NotFound, message: "No such file or directory" } } }

thread 'remote::machine_operation_journal::contention_tests::journal_read_deadline_retains_admission_until_worker_drains' (2978614) panicked at src/remote/journal_contention_tests.rs:168:14:
called `Result::unwrap()` on an `Err` value: IpcError { code: InternalError, message: "blocking task failed: task 28 panicked with message \"called `Result::unwrap()` on an `Err` value: Custom { kind: NotFound, error: PathError { path: \\\"/Users/indo/code/project/orca-lite-wt/herdr-resume-01a097f8/src-tauri/a23-uxhjso6h/tmp/.tmpz3YwKp\\\", err: Os { code: 2, kind: NotFound, message: \\\"No such file or directory\\\" } } }\"", details: None }

---- remote::machine_operation_journal::contention_tests::journal_read_revocation_retains_admission_until_worker_drains stdout ----

thread 'tokio-rt-worker' (2978617) panicked at src/remote/journal_contention_tests.rs:161:40:
called `Result::unwrap()` on an `Err` value: Custom { kind: NotFound, error: PathError { path: "/Users/indo/code/project/orca-lite-wt/herdr-resume-01a097f8/src-tauri/a23-uxhjso6h/tmp/.tmpjpQcCs", err: Os { code: 2, kind: NotFound, message: "No such file or directory" } } }

thread 'remote::machine_operation_journal::contention_tests::journal_read_revocation_retains_admission_until_worker_drains' (2978616) panicked at src/remote/journal_contention_tests.rs:168:14:
called `Result::unwrap()` on an `Err` value: IpcError { code: InternalError, message: "blocking task failed: task 29 panicked with message \"called `Result::unwrap()` on an `Err` value: Custom { kind: NotFound, error: PathError { path: \\\"/Users/indo/code/project/orca-lite-wt/herdr-resume-01a097f8/src-tauri/a23-uxhjso6h/tmp/.tmpjpQcCs\\\", err: Os { code: 2, kind: NotFound, message: \\\"No such file or directory\\\" } } }\"", details: None }

---- remote::machine_operation_journal::contention_tests::journal_writer_does_not_stall_mutation_reconciliation stdout ----

thread 'tokio-rt-worker' (2978619) panicked at src/remote/journal_contention_tests.rs:161:40:
called `Result::unwrap()` on an `Err` value: Custom { kind: NotFound, error: PathError { path: "/Users/indo/code/project/orca-lite-wt/herdr-resume-01a097f8/src-tauri/a23-uxhjso6h/tmp/.tmpIsXZdG", err: Os { code: 2, kind: NotFound, message: "No such file or directory" } } }

thread 'remote::machine_operation_journal::contention_tests::journal_writer_does_not_stall_mutation_reconciliation' (2978618) panicked at src/remote/journal_contention_tests.rs:168:14:
called `Result::unwrap()` on an `Err` value: IpcError { code: InternalError, message: "blocking task failed: task 30 panicked with message \"called `Result::unwrap()` on an `Err` value: Custom { kind: NotFound, error: PathError { path: \\\"/Users/indo/code/project/orca-lite-wt/herdr-resume-01a097f8/src-tauri/a23-uxhjso6h/tmp/.tmpIsXZdG\\\", err: Os { code: 2, kind: NotFound, message: \\\"No such file or directory\\\" } } }\"", details: None }

---- remote::machine_operation_journal::contention_tests::journal_writer_does_not_stall_session_http_executor stdout ----

thread 'tokio-rt-worker' (2978621) panicked at src/remote/journal_contention_tests.rs:161:40:
called `Result::unwrap()` on an `Err` value: Custom { kind: NotFound, error: PathError { path: "/Users/indo/code/project/orca-lite-wt/herdr-resume-01a097f8/src-tauri/a23-uxhjso6h/tmp/.tmpaWQy1g", err: Os { code: 2, kind: NotFound, message: "No such file or directory" } } }

thread 'remote::machine_operation_journal::contention_tests::journal_writer_does_not_stall_session_http_executor' (2978620) panicked at src/remote/journal_contention_tests.rs:168:14:
called `Result::unwrap()` on an `Err` value: IpcError { code: InternalError, message: "blocking task failed: task 31 panicked with message \"called `Result::unwrap()` on an `Err` value: Custom { kind: NotFound, error: PathError { path: \\\"/Users/indo/code/project/orca-lite-wt/herdr-resume-01a097f8/src-tauri/a23-uxhjso6h/tmp/.tmpaWQy1g\\\", err: Os { code: 2, kind: NotFound, message: \\\"No such file or directory\\\" } } }\"", details: None }

---- remote::machine_operation_journal::contention_tests::journal_writer_preserves_real_machine_socket_attachment stdout ----

thread 'tokio-rt-worker' (2978623) panicked at src/remote/journal_contention_tests.rs:16:40:
called `Result::unwrap()` on an `Err` value: Custom { kind: NotFound, error: PathError { path: "/Users/indo/code/project/orca-lite-wt/herdr-resume-01a097f8/src-tauri/a23-uxhjso6h/tmp/.tmpkKx2Ub", err: Os { code: 2, kind: NotFound, message: "No such file or directory" } } }

thread 'remote::machine_operation_journal::contention_tests::journal_writer_preserves_real_machine_socket_attachment' (2978622) panicked at src/remote/journal_contention_tests.rs:25:14:
called `Result::unwrap()` on an `Err` value: IpcError { code: InternalError, message: "blocking task failed: task 32 panicked with message \"called `Result::unwrap()` on an `Err` value: Custom { kind: NotFound, error: PathError { path: \\\"/Users/indo/code/project/orca-lite-wt/herdr-resume-01a097f8/src-tauri/a23-uxhjso6h/tmp/.tmpkKx2Ub\\\", err: Os { code: 2, kind: NotFound, message: \\\"No such file or directory\\\" } } }\"", details: None }

---- remote::machine_operation_journal::contention_tests::reopened_pending_operation_remains_outcome_unknown_after_refresh stdout ----

thread 'remote::machine_operation_journal::contention_tests::reopened_pending_operation_remains_outcome_unknown_after_refresh' (2978624) panicked at src/remote/journal_contention_tests.rs:115:36:
called `Result::unwrap()` on an `Err` value: Custom { kind: NotFound, error: PathError { path: "/Users/indo/code/project/orca-lite-wt/herdr-resume-01a097f8/src-tauri/a23-uxhjso6h/tmp/.tmppMUYAc", err: Os { code: 2, kind: NotFound, message: "No such file or directory" } } }

---- remote::machine_operation_journal::contention_tests::spawn::journal_final_spawn_deadline stdout ----

thread 'tokio-rt-worker' (2978626) panicked at src/remote/journal_spawn_contention_tests.rs:11:40:
called `Result::unwrap()` on an `Err` value: Custom { kind: NotFound, error: PathError { path: "/Users/indo/code/project/orca-lite-wt/herdr-resume-01a097f8/src-tauri/a23-uxhjso6h/tmp/.tmpvc1lBE", err: Os { code: 2, kind: NotFound, message: "No such file or directory" } } }

thread 'remote::machine_operation_journal::contention_tests::spawn::journal_final_spawn_deadline' (2978625) panicked at src/remote/journal_spawn_contention_tests.rs:19:14:
called `Result::unwrap()` on an `Err` value: IpcError { code: InternalError, message: "blocking task failed: task 33 panicked with message \"called `Result::unwrap()` on an `Err` value: Custom { kind: NotFound, error: PathError { path: \\\"/Users/indo/code/project/orca-lite-wt/herdr-resume-01a097f8/src-tauri/a23-uxhjso6h/tmp/.tmpvc1lBE\\\", err: Os { code: 2, kind: NotFound, message: \\\"No such file or directory\\\" } } }\"", details: None }

---- remote::machine_operation_journal::contention_tests::spawn::journal_final_spawn_revocation stdout ----

thread 'tokio-rt-worker' (2978628) panicked at src/remote/journal_spawn_contention_tests.rs:11:40:
called `Result::unwrap()` on an `Err` value: Custom { kind: NotFound, error: PathError { path: "/Users/indo/code/project/orca-lite-wt/herdr-resume-01a097f8/src-tauri/a23-uxhjso6h/tmp/.tmpRxEcoz", err: Os { code: 2, kind: NotFound, message: "No such file or directory" } } }

thread 'remote::machine_operation_journal::contention_tests::spawn::journal_final_spawn_revocation' (2978627) panicked at src/remote/journal_spawn_contention_tests.rs:19:14:
called `Result::unwrap()` on an `Err` value: IpcError { code: InternalError, message: "blocking task failed: task 34 panicked with message \"called `Result::unwrap()` on an `Err` value: Custom { kind: NotFound, error: PathError { path: \\\"/Users/indo/code/project/orca-lite-wt/herdr-resume-01a097f8/src-tauri/a23-uxhjso6h/tmp/.tmpRxEcoz\\\", err: Os { code: 2, kind: NotFound, message: \\\"No such file or directory\\\" } } }\"", details: None }

---- remote::relay_server::tests::a_control_signature_minted_for_another_relay_is_refused stdout ----

thread 'remote::relay_server::tests::a_control_signature_minted_for_another_relay_is_refused' (2978670) panicked at src/remote/relay_server.rs:3767:41:
called `Result::unwrap()` on an `Err` value: Custom { kind: NotFound, error: PathError { path: "/Users/indo/code/project/orca-lite-wt/herdr-resume-01a097f8/src-tauri/a23-uxhjso6h/tmp/.tmpD6YUKt", err: Os { code: 2, kind: NotFound, message: "No such file or directory" } } }

---- remote::relay_server::tests::coordinator_pairs_through_relay_to_real_gateway stdout ----

thread 'remote::relay_server::tests::coordinator_pairs_through_relay_to_real_gateway' (2978672) panicked at src/remote/relay_server.rs:3261:45:
called `Result::unwrap()` on an `Err` value: Custom { kind: NotFound, error: PathError { path: "/Users/indo/code/project/orca-lite-wt/herdr-resume-01a097f8/src-tauri/a23-uxhjso6h/tmp/.tmpvSngKa", err: Os { code: 2, kind: NotFound, message: "No such file or directory" } } }

---- remote::relay_server::tests::test_key_store_corruption_and_write_failure_fail_closed stdout ----

thread 'remote::relay_server::tests::test_key_store_corruption_and_write_failure_fail_closed' (2978684) panicked at src/remote/relay_server.rs:3975:39:
called `Result::unwrap()` on an `Err` value: Custom { kind: NotFound, error: PathError { path: "/Users/indo/code/project/orca-lite-wt/herdr-resume-01a097f8/src-tauri/a23-uxhjso6h/tmp/.tmpBGQJHi", err: Os { code: 2, kind: NotFound, message: "No such file or directory" } } }

---- remote::relay_server::tests::test_machine_ownership_survives_restart_and_private_enrollment stdout ----

thread 'remote::relay_server::tests::test_machine_ownership_survives_restart_and_private_enrollment' (2978685) panicked at src/remote/relay_server.rs:3939:39:
called `Result::unwrap()` on an `Err` value: Custom { kind: NotFound, error: PathError { path: "/Users/indo/code/project/orca-lite-wt/herdr-resume-01a097f8/src-tauri/a23-uxhjso6h/tmp/.tmpacRjOA", err: Os { code: 2, kind: NotFound, message: "No such file or directory" } } }

---- remote::relay_server::tests::test_relay_key_store_merges_concurrent_enrollments_and_rejects_corrupt_records stdout ----

thread 'remote::relay_server::tests::test_relay_key_store_merges_concurrent_enrollments_and_rejects_corrupt_records' (2978695) panicked at src/remote/relay_server.rs:2938:39:
called `Result::unwrap()` on an `Err` value: Custom { kind: NotFound, error: PathError { path: "/Users/indo/code/project/orca-lite-wt/herdr-resume-01a097f8/src-tauri/a23-uxhjso6h/tmp/.tmpdwzMID", err: Os { code: 2, kind: NotFound, message: "No such file or directory" } } }

---- remote::server::machine_input_cancellation_tests::input_is_cancelled_when_full_queue_precedes_close stdout ----

thread 'tokio-rt-worker' (2978722) panicked at src/remote/../../tests/support/machine_input_fixture.rs:22:44:
called `Result::unwrap()` on an `Err` value: Custom { kind: NotFound, error: PathError { path: "/Users/indo/code/project/orca-lite-wt/herdr-resume-01a097f8/src-tauri/a23-uxhjso6h/tmp/.tmpSx1YEU", err: Os { code: 2, kind: NotFound, message: "No such file or directory" } } }

thread 'remote::server::machine_input_cancellation_tests::input_is_cancelled_when_full_queue_precedes_close' (2978721) panicked at src/remote/../../tests/support/machine_input_fixture.rs:25:18:
called `Result::unwrap()` on an `Err` value: JoinError::Panic(Id(389), "called `Result::unwrap()` on an `Err` value: Custom { kind: NotFound, error: PathError { path: \"/Users/indo/code/project/orca-lite-wt/herdr-resume-01a097f8/src-tauri/a23-uxhjso6h/tmp/.tmpSx1YEU\", err: Os { code: 2, kind: NotFound, message: \"No such file or directory\" } } }", ...)

---- remote::server::machine_input_cancellation_tests::input_is_cancelled_when_generation_is_replaced stdout ----

thread 'tokio-rt-worker' (2978724) panicked at src/remote/../../tests/support/machine_input_fixture.rs:22:44:
called `Result::unwrap()` on an `Err` value: Custom { kind: NotFound, error: PathError { path: "/Users/indo/code/project/orca-lite-wt/herdr-resume-01a097f8/src-tauri/a23-uxhjso6h/tmp/.tmpaw7BwA", err: Os { code: 2, kind: NotFound, message: "No such file or directory" } } }

thread 'remote::server::machine_input_cancellation_tests::input_is_cancelled_when_generation_is_replaced' (2978723) panicked at src/remote/../../tests/support/machine_input_fixture.rs:25:18:
called `Result::unwrap()` on an `Err` value: JoinError::Panic(Id(390), "called `Result::unwrap()` on an `Err` value: Custom { kind: NotFound, error: PathError { path: \"/Users/indo/code/project/orca-lite-wt/herdr-resume-01a097f8/src-tauri/a23-uxhjso6h/tmp/.tmpaw7BwA\", err: Os { code: 2, kind: NotFound, message: \"No such file or directory\" } } }", ...)

---- remote::server::machine_input_cancellation_tests::input_is_cancelled_when_grant_is_revoked stdout ----

thread 'tokio-rt-worker' (2978726) panicked at src/remote/../../tests/support/machine_input_fixture.rs:22:44:
called `Result::unwrap()` on an `Err` value: Custom { kind: NotFound, error: PathError { path: "/Users/indo/code/project/orca-lite-wt/herdr-resume-01a097f8/src-tauri/a23-uxhjso6h/tmp/.tmpTGFPGf", err: Os { code: 2, kind: NotFound, message: "No such file or directory" } } }

thread 'remote::server::machine_input_cancellation_tests::input_is_cancelled_when_grant_is_revoked' (2978725) panicked at src/remote/../../tests/support/machine_input_fixture.rs:25:18:
called `Result::unwrap()` on an `Err` value: JoinError::Panic(Id(391), "called `Result::unwrap()` on an `Err` value: Custom { kind: NotFound, error: PathError { path: \"/Users/indo/code/project/orca-lite-wt/herdr-resume-01a097f8/src-tauri/a23-uxhjso6h/tmp/.tmpTGFPGf\", err: Os { code: 2, kind: NotFound, message: \"No such file or directory\" } } }", ...)

---- remote::server::machine_input_cancellation_tests::input_is_cancelled_when_socket_disconnects stdout ----

thread 'tokio-rt-worker' (2978728) panicked at src/remote/../../tests/support/machine_input_fixture.rs:22:44:
called `Result::unwrap()` on an `Err` value: Custom { kind: NotFound, error: PathError { path: "/Users/indo/code/project/orca-lite-wt/herdr-resume-01a097f8/src-tauri/a23-uxhjso6h/tmp/.tmpuOWp7w", err: Os { code: 2, kind: NotFound, message: "No such file or directory" } } }

thread 'remote::server::machine_input_cancellation_tests::input_is_cancelled_when_socket_disconnects' (2978727) panicked at src/remote/../../tests/support/machine_input_fixture.rs:25:18:
called `Result::unwrap()` on an `Err` value: JoinError::Panic(Id(392), "called `Result::unwrap()` on an `Err` value: Custom { kind: NotFound, error: PathError { path: \"/Users/indo/code/project/orca-lite-wt/herdr-resume-01a097f8/src-tauri/a23-uxhjso6h/tmp/.tmpuOWp7w\", err: Os { code: 2, kind: NotFound, message: \"No such file or directory\" } } }", ...)

---- remote::server::machine_input_cancellation_tests::sibling_pty_is_responsive_when_first_input_is_saturated stdout ----

thread 'tokio-rt-worker' (2978730) panicked at src/remote/../../tests/support/machine_input_fixture.rs:22:44:
called `Result::unwrap()` on an `Err` value: Custom { kind: NotFound, error: PathError { path: "/Users/indo/code/project/orca-lite-wt/herdr-resume-01a097f8/src-tauri/a23-uxhjso6h/tmp/.tmpVFitwt", err: Os { code: 2, kind: NotFound, message: "No such file or directory" } } }

thread 'remote::server::machine_input_cancellation_tests::sibling_pty_is_responsive_when_first_input_is_saturated' (2978729) panicked at src/remote/../../tests/support/machine_input_fixture.rs:25:18:
called `Result::unwrap()` on an `Err` value: JoinError::Panic(Id(393), "called `Result::unwrap()` on an `Err` value: Custom { kind: NotFound, error: PathError { path: \"/Users/indo/code/project/orca-lite-wt/herdr-resume-01a097f8/src-tauri/a23-uxhjso6h/tmp/.tmpVFitwt\", err: Os { code: 2, kind: NotFound, message: \"No such file or directory\" } } }", ...)

---- remote::server::preference_http_tests::ac09_preferences_redact_paths_when_authenticated stdout ----

thread 'remote::server::preference_http_tests::ac09_preferences_redact_paths_when_authenticated' (2978734) panicked at src/remote/preference_http_tests.rs:11:36:
called `Result::unwrap()` on an `Err` value: Custom { kind: NotFound, error: PathError { path: "/Users/indo/code/project/orca-lite-wt/herdr-resume-01a097f8/src-tauri/a23-uxhjso6h/tmp/.tmp3T5ZNq", err: Os { code: 2, kind: NotFound, message: "No such file or directory" } } }

---- remote::server::tests::a03_identity_runs_offthread_and_revocation_fences_response stdout ----

thread 'remote::server::tests::a03_identity_runs_offthread_and_revocation_fences_response' (2978739) panicked at src/remote/server.rs:2846:39:
called `Result::unwrap()` on an `Err` value: Custom { kind: NotFound, error: PathError { path: "/Users/indo/code/project/orca-lite-wt/herdr-resume-01a097f8/src-tauri/a23-uxhjso6h/tmp/.tmpOSFCaF", err: Os { code: 2, kind: NotFound, message: "No such file or directory" } } }

---- remote::server::tests::r3_http_boundary_contract stdout ----

thread 'remote::server::tests::r3_http_boundary_contract' (2978741) panicked at src/remote/server.rs:2683:40:
called `Result::unwrap()` on an `Err` value: Custom { kind: NotFound, error: PathError { path: "/Users/indo/code/project/orca-lite-wt/herdr-resume-01a097f8/src-tauri/a23-uxhjso6h/tmp/.tmpnSb2TC", err: Os { code: 2, kind: NotFound, message: "No such file or directory" } } }

---- remote::state::tests::enabled_gateway_persists_config_and_restores_on_reopen stdout ----

thread 'remote::state::tests::enabled_gateway_persists_config_and_restores_on_reopen' (2978760) panicked at src/remote/state.rs:1019:44:
tempdir: Custom { kind: NotFound, error: PathError { path: "/Users/indo/code/project/orca-lite-wt/herdr-resume-01a097f8/src-tauri/a23-uxhjso6h/tmp/.tmpa5DQzi", err: Os { code: 2, kind: NotFound, message: "No such file or directory" } } }

---- remote::state::tests::persisted_enabled_config_file_loads_enabled_mode_with_unbound_initial_state stdout ----

thread 'remote::state::tests::persisted_enabled_config_file_loads_enabled_mode_with_unbound_initial_state' (2978762) panicked at src/remote/state.rs:1088:44:
tempdir: Custom { kind: NotFound, error: PathError { path: "/Users/indo/code/project/orca-lite-wt/herdr-resume-01a097f8/src-tauri/a23-uxhjso6h/tmp/.tmpqU6RF3", err: Os { code: 2, kind: NotFound, message: "No such file or directory" } } }

---- remote::state::tests::test_relay_mode_configuration stdout ----

thread 'remote::state::tests::test_relay_mode_configuration' (2978769) panicked at src/remote/state.rs:896:44:
tempdir: Custom { kind: NotFound, error: PathError { path: "/Users/indo/code/project/orca-lite-wt/herdr-resume-01a097f8/src-tauri/a23-uxhjso6h/tmp/.tmpD1xdAD", err: Os { code: 2, kind: NotFound, message: "No such file or directory" } } }

---- remote::tests::machine_auth::a03_owner_machine_purpose_survives_persistence_and_exchange stdout ----

thread 'remote::tests::machine_auth::a03_owner_machine_purpose_survives_persistence_and_exchange' (2978782) panicked at src/remote/machine_auth_tests.rs:88:35:
called `Result::unwrap()` on an `Err` value: Custom { kind: NotFound, error: PathError { path: "/Users/indo/code/project/orca-lite-wt/herdr-resume-01a097f8/src-tauri/a23-uxhjso6h/tmp/.tmpSyikye", err: Os { code: 2, kind: NotFound, message: "No such file or directory" } } }

---- remote::tests::scoped_remote_inventory_lists_registered_projects_without_desktop stdout ----

thread 'remote::tests::scoped_remote_inventory_lists_registered_projects_without_desktop' (2978787) panicked at src/remote/tests.rs:591:40:
tempdir: Custom { kind: NotFound, error: PathError { path: "/Users/indo/code/project/orca-lite-wt/herdr-resume-01a097f8/src-tauri/a23-uxhjso6h/tmp/.tmpsKtXdD", err: Os { code: 2, kind: NotFound, message: "No such file or directory" } } }

---- remote::tests::security::resize::v06_view_resize_denied_grid_control_allowed stdout ----

thread 'remote::tests::security::resize::v06_view_resize_denied_grid_control_allowed' (2978791) panicked at src/remote/resize_security_tests.rs:33:39:
called `Result::unwrap()` on an `Err` value: Custom { kind: NotFound, error: PathError { path: "/Users/indo/code/project/orca-lite-wt/herdr-resume-01a097f8/src-tauri/a23-uxhjso6h/tmp/.tmpAuAnAH", err: Os { code: 2, kind: NotFound, message: "No such file or directory" } } }

---- remote::tests::security::resize::v06_view_resize_denied_raw_control_allowed stdout ----

thread 'remote::tests::security::resize::v06_view_resize_denied_raw_control_allowed' (2978792) panicked at src/remote/resize_security_tests.rs:33:39:
called `Result::unwrap()` on an `Err` value: Custom { kind: NotFound, error: PathError { path: "/Users/indo/code/project/orca-lite-wt/herdr-resume-01a097f8/src-tauri/a23-uxhjso6h/tmp/.tmpfaSBEa", err: Os { code: 2, kind: NotFound, message: "No such file or directory" } } }

---- remote::tests::security::sockets::a10_pending_machine_input_is_dropped_on_disconnect_and_revoke stdout ----

thread 'tokio-rt-worker' (2978796) panicked at src/remote/../../tests/support/machine_input_fixture.rs:22:44:
called `Result::unwrap()` on an `Err` value: Custom { kind: NotFound, error: PathError { path: "/Users/indo/code/project/orca-lite-wt/herdr-resume-01a097f8/src-tauri/a23-uxhjso6h/tmp/.tmpPPM8Vl", err: Os { code: 2, kind: NotFound, message: "No such file or directory" } } }

thread 'remote::tests::security::sockets::a10_pending_machine_input_is_dropped_on_disconnect_and_revoke' (2978795) panicked at src/remote/../../tests/support/machine_input_fixture.rs:25:18:
called `Result::unwrap()` on an `Err` value: JoinError::Panic(Id(491), "called `Result::unwrap()` on an `Err` value: Custom { kind: NotFound, error: PathError { path: \"/Users/indo/code/project/orca-lite-wt/herdr-resume-01a097f8/src-tauri/a23-uxhjso6h/tmp/.tmpPPM8Vl\", err: Os { code: 2, kind: NotFound, message: \"No such file or directory\" } } }", ...)

---- remote::tests::security::sockets::a10_real_socket_reservation_transfers_http_close_authority stdout ----

thread 'tokio-rt-worker' (2978798) panicked at src/remote/security_socket_tests.rs:38:40:
called `Result::unwrap()` on an `Err` value: Custom { kind: NotFound, error: PathError { path: "/Users/indo/code/project/orca-lite-wt/herdr-resume-01a097f8/src-tauri/a23-uxhjso6h/tmp/.tmpcqqbtk", err: Os { code: 2, kind: NotFound, message: "No such file or directory" } } }

thread 'remote::tests::security::sockets::a10_real_socket_reservation_transfers_http_close_authority' (2978797) panicked at src/remote/security_socket_tests.rs:45:14:
called `Result::unwrap()` on an `Err` value: JoinError::Panic(Id(492), "called `Result::unwrap()` on an `Err` value: Custom { kind: NotFound, error: PathError { path: \"/Users/indo/code/project/orca-lite-wt/herdr-resume-01a097f8/src-tauri/a23-uxhjso6h/tmp/.tmpcqqbtk\", err: Os { code: 2, kind: NotFound, message: \"No such file or directory\" } } }", ...)

---- remote::tests::security::static_symlinks_cannot_escape_dist stdout ----

thread 'remote::tests::security::static_symlinks_cannot_escape_dist' (2978814) panicked at src/remote/security_tests.rs:90:39:
called `Result::unwrap()` on an `Err` value: Custom { kind: NotFound, error: PathError { path: "/Users/indo/code/project/orca-lite-wt/herdr-resume-01a097f8/src-tauri/a23-uxhjso6h/tmp/.tmpwQFgJy", err: Os { code: 2, kind: NotFound, message: "No such file or directory" } } }

---- remote::tests::ssh::registered_ssh_project_can_be_selected_without_local_registration stdout ----

thread 'remote::tests::ssh::registered_ssh_project_can_be_selected_without_local_registration' (2978816) panicked at src/remote/ssh_tests.rs:5:35:
called `Result::unwrap()` on an `Err` value: Custom { kind: NotFound, error: PathError { path: "/Users/indo/code/project/orca-lite-wt/herdr-resume-01a097f8/src-tauri/a23-uxhjso6h/tmp/.tmptiUOsX", err: Os { code: 2, kind: NotFound, message: "No such file or directory" } } }

---- remote::tests::ssh::registered_ssh_project_is_listed_without_a_focused_terminal stdout ----

thread 'remote::tests::ssh::registered_ssh_project_is_listed_without_a_focused_terminal' (2978817) panicked at src/remote/ssh_tests.rs:5:35:
called `Result::unwrap()` on an `Err` value: Custom { kind: NotFound, error: PathError { path: "/Users/indo/code/project/orca-lite-wt/herdr-resume-01a097f8/src-tauri/a23-uxhjso6h/tmp/.tmpzIRET3", err: Os { code: 2, kind: NotFound, message: "No such file or directory" } } }

---- remote::tests::test_active_desktop_terminal_contract_and_safe_selection_bridge stdout ----

thread 'remote::tests::test_active_desktop_terminal_contract_and_safe_selection_bridge' (2978823) panicked at src/remote/tests.rs:692:40:
tempdir: Custom { kind: NotFound, error: PathError { path: "/Users/indo/code/project/orca-lite-wt/herdr-resume-01a097f8/src-tauri/a23-uxhjso6h/tmp/.tmp21Uu4F", err: Os { code: 2, kind: NotFound, message: "No such file or directory" } } }

---- remote::tests::test_connected_terminal_websocket_closed_when_active_selection_changes stdout ----

thread 'remote::tests::test_connected_terminal_websocket_closed_when_active_selection_changes' (2978831) panicked at src/remote/tests.rs:2084:40:
tempdir: Custom { kind: NotFound, error: PathError { path: "/Users/indo/code/project/orca-lite-wt/herdr-resume-01a097f8/src-tauri/a23-uxhjso6h/tmp/.tmpRWM1fO", err: Os { code: 2, kind: NotFound, message: "No such file or directory" } } }

---- remote::tests::test_daemon_owned_remote_chain_end_to_end stdout ----

thread 'remote::tests::test_daemon_owned_remote_chain_end_to_end' (2978832) panicked at src/remote/tests.rs:2224:40:
tempdir: Custom { kind: NotFound, error: PathError { path: "/Users/indo/code/project/orca-lite-wt/herdr-resume-01a097f8/src-tauri/a23-uxhjso6h/tmp/.tmpKUHMiE", err: Os { code: 2, kind: NotFound, message: "No such file or directory" } } }

---- remote::tests::test_daemon_pairing_and_revocation_authority stdout ----

thread 'remote::tests::test_daemon_pairing_and_revocation_authority' (2978833) panicked at src/remote/tests.rs:1386:40:
tempdir: Custom { kind: NotFound, error: PathError { path: "/Users/indo/code/project/orca-lite-wt/herdr-resume-01a097f8/src-tauri/a23-uxhjso6h/tmp/.tmpGrAJzd", err: Os { code: 2, kind: NotFound, message: "No such file or directory" } } }

---- remote::tests::test_daemon_remote_worktree_selection_then_grid_terminal_control stdout ----

thread 'remote::tests::test_daemon_remote_worktree_selection_then_grid_terminal_control' (2978834) panicked at src/remote/tests.rs:2395:40:
tempdir: Custom { kind: NotFound, error: PathError { path: "/Users/indo/code/project/orca-lite-wt/herdr-resume-01a097f8/src-tauri/a23-uxhjso6h/tmp/.tmpWhrhXF", err: Os { code: 2, kind: NotFound, message: "No such file or directory" } } }

---- remote::tests::test_derive_session_metadata_matches_workspace stdout ----

thread 'remote::tests::test_derive_session_metadata_matches_workspace' (2978835) panicked at src/remote/tests.rs:475:40:
tempdir: Custom { kind: NotFound, error: PathError { path: "/Users/indo/code/project/orca-lite-wt/herdr-resume-01a097f8/src-tauri/a23-uxhjso6h/tmp/.tmpESHwyz", err: Os { code: 2, kind: NotFound, message: "No such file or directory" } } }

---- remote::tests::test_gui_remote_forwarding_and_no_gui_gateway_ownership stdout ----

thread 'remote::tests::test_gui_remote_forwarding_and_no_gui_gateway_ownership' (2978860) panicked at src/remote/tests.rs:1213:40:
tempdir: Custom { kind: NotFound, error: PathError { path: "/Users/indo/code/project/orca-lite-wt/herdr-resume-01a097f8/src-tauri/a23-uxhjso6h/tmp/.tmpEO675K", err: Os { code: 2, kind: NotFound, message: "No such file or directory" } } }

---- remote::tests::test_occupied_port_enable_does_not_persist_enabled_intent stdout ----

thread 'remote::tests::test_occupied_port_enable_does_not_persist_enabled_intent' (2978868) panicked at src/remote/tests.rs:1555:40:
tempdir: Custom { kind: NotFound, error: PathError { path: "/Users/indo/code/project/orca-lite-wt/herdr-resume-01a097f8/src-tauri/a23-uxhjso6h/tmp/.tmpxuh1mi", err: Os { code: 2, kind: NotFound, message: "No such file or directory" } } }

---- remote::tests::test_remote_gateway_legacy_peer_attach_write_output_exit_and_listing stdout ----

thread 'remote::tests::test_remote_gateway_legacy_peer_attach_write_output_exit_and_listing' (2978870) panicked at src/remote/tests.rs:3798:40:
tempdir: Custom { kind: NotFound, error: PathError { path: "/Users/indo/code/project/orca-lite-wt/herdr-resume-01a097f8/src-tauri/a23-uxhjso6h/tmp/.tmpg2E5Ol", err: Os { code: 2, kind: NotFound, message: "No such file or directory" } } }

---- remote::tests::test_remote_listener_persistence_and_startup_restoration_lifecycle stdout ----

thread 'remote::tests::test_remote_listener_persistence_and_startup_restoration_lifecycle' (2978871) panicked at src/remote/tests.rs:1043:40:
tempdir: Custom { kind: NotFound, error: PathError { path: "/Users/indo/code/project/orca-lite-wt/herdr-resume-01a097f8/src-tauri/a23-uxhjso6h/tmp/.tmpFF2CIY", err: Os { code: 2, kind: NotFound, message: "No such file or directory" } } }

---- remote::tests::test_remote_select_workspace_with_tab_selector_and_primary_worktree stdout ----

thread 'remote::tests::test_remote_select_workspace_with_tab_selector_and_primary_worktree' (2978872) panicked at src/remote/tests.rs:2832:40:
tempdir: Custom { kind: NotFound, error: PathError { path: "/Users/indo/code/project/orca-lite-wt/herdr-resume-01a097f8/src-tauri/a23-uxhjso6h/tmp/.tmpKfrV02", err: Os { code: 2, kind: NotFound, message: "No such file or directory" } } }

---- remote::tests::test_repeated_workspace_state_reads_do_not_rerun_git_discovery_and_refresh_on_change stdout ----

thread 'remote::tests::test_repeated_workspace_state_reads_do_not_rerun_git_discovery_and_refresh_on_change' (2978883) panicked at src/remote/tests.rs:3473:40:
tempdir: Custom { kind: NotFound, error: PathError { path: "/Users/indo/code/project/orca-lite-wt/herdr-resume-01a097f8/src-tauri/a23-uxhjso6h/tmp/.tmpkomeq2", err: Os { code: 2, kind: NotFound, message: "No such file or directory" } } }

---- remote::tests::test_resolve_dist_dir_isolated_runtime_debug_fallback stdout ----

thread 'remote::tests::test_resolve_dist_dir_isolated_runtime_debug_fallback' (2978884) panicked at src/remote/tests.rs:453:40:
tempdir: Custom { kind: NotFound, error: PathError { path: "/Users/indo/code/project/orca-lite-wt/herdr-resume-01a097f8/src-tauri/a23-uxhjso6h/tmp/.tmpHN3p17", err: Os { code: 2, kind: NotFound, message: "No such file or directory" } } }

---- remote::tests::test_resolve_dist_dir_packaged_macos_bundle_layout stdout ----

thread 'remote::tests::test_resolve_dist_dir_packaged_macos_bundle_layout' (2978885) panicked at src/remote/tests.rs:408:40:
tempdir: Custom { kind: NotFound, error: PathError { path: "/Users/indo/code/project/orca-lite-wt/herdr-resume-01a097f8/src-tauri/a23-uxhjso6h/tmp/.tmp2igjvx", err: Os { code: 2, kind: NotFound, message: "No such file or directory" } } }

---- remote::tests::test_resolve_dist_dir_packaged_windows_or_linux_bundle_layout stdout ----

thread 'remote::tests::test_resolve_dist_dir_packaged_windows_or_linux_bundle_layout' (2978886) panicked at src/remote/tests.rs:431:40:
tempdir: Custom { kind: NotFound, error: PathError { path: "/Users/indo/code/project/orca-lite-wt/herdr-resume-01a097f8/src-tauri/a23-uxhjso6h/tmp/.tmpDLgs3c", err: Os { code: 2, kind: NotFound, message: "No such file or directory" } } }

---- remote::tests::test_successful_enable_restores_and_disable_remains_off stdout ----

thread 'remote::tests::test_successful_enable_restores_and_disable_remains_off' (2978887) panicked at src/remote/tests.rs:1468:40:
tempdir: Custom { kind: NotFound, error: PathError { path: "/Users/indo/code/project/orca-lite-wt/herdr-resume-01a097f8/src-tauri/a23-uxhjso6h/tmp/.tmpABQrW8", err: Os { code: 2, kind: NotFound, message: "No such file or directory" } } }

---- remote::tests::test_workspace_snapshot_refreshes_external_git_worktree_changes_after_interval stdout ----

thread 'remote::tests::test_workspace_snapshot_refreshes_external_git_worktree_changes_after_interval' (2978897) panicked at src/remote/tests.rs:3602:40:
tempdir: Custom { kind: NotFound, error: PathError { path: "/Users/indo/code/project/orca-lite-wt/herdr-resume-01a097f8/src-tauri/a23-uxhjso6h/tmp/.tmpArDcvY", err: Os { code: 2, kind: NotFound, message: "No such file or directory" } } }

---- remote::tests::test_workspace_snapshot_started_before_revision_change_is_not_marked_current stdout ----

thread 'remote::tests::test_workspace_snapshot_started_before_revision_change_is_not_marked_current' (2978898) panicked at src/remote/tests.rs:3709:40:
tempdir: Custom { kind: NotFound, error: PathError { path: "/Users/indo/code/project/orca-lite-wt/herdr-resume-01a097f8/src-tauri/a23-uxhjso6h/tmp/.tmpY0lIrY", err: Os { code: 2, kind: NotFound, message: "No such file or directory" } } }

---- remote::tests::test_workspace_state_agent_activity_and_worktree_attention_rollup stdout ----

thread 'remote::tests::test_workspace_state_agent_activity_and_worktree_attention_rollup' (2978899) panicked at src/remote/tests.rs:3081:40:
tempdir: Custom { kind: NotFound, error: PathError { path: "/Users/indo/code/project/orca-lite-wt/herdr-resume-01a097f8/src-tauri/a23-uxhjso6h/tmp/.tmpkyQ4C2", err: Os { code: 2, kind: NotFound, message: "No such file or directory" } } }

---- remote::workspace_api::child_tests::request_drop_interrupts_active_worktree_git stdout ----

thread 'tokio-rt-worker' (2978920) panicked at src/remote/workspace_api.rs:296:44:
called `Result::unwrap()` on an `Err` value: Custom { kind: NotFound, error: PathError { path: "/Users/indo/code/project/orca-lite-wt/herdr-resume-01a097f8/src-tauri/a23-uxhjso6h/tmp/.tmpuj7yai", err: Os { code: 2, kind: NotFound, message: "No such file or directory" } } }

thread 'remote::workspace_api::child_tests::request_drop_interrupts_active_worktree_git' (2978919) panicked at src/remote/workspace_api.rs:300:18:
called `Result::unwrap()` on an `Err` value: JoinError::Panic(Id(692), "called `Result::unwrap()` on an `Err` value: Custom { kind: NotFound, error: PathError { path: \"/Users/indo/code/project/orca-lite-wt/herdr-resume-01a097f8/src-tauri/a23-uxhjso6h/tmp/.tmpuj7yai\", err: Os { code: 2, kind: NotFound, message: \"No such file or directory\" } } }", ...)

---- remote::workspace_api::worktrees::authority_tests::followthrough_delete_publication_blocks_spawn stdout ----

thread 'remote::workspace_api::worktrees::authority_tests::followthrough_delete_publication_blocks_spawn' (2978921) panicked at src/remote/workspace_api/worktree_authority_tests.rs:184:36:
called `Result::unwrap()` on an `Err` value: Custom { kind: NotFound, error: PathError { path: "/Users/indo/code/project/orca-lite-wt/herdr-resume-01a097f8/src-tauri/a23-uxhjso6h/tmp/.tmp0HAtPZ", err: Os { code: 2, kind: NotFound, message: "No such file or directory" } } }

---- remote::workspace_api::worktrees::authority_tests::followthrough_owner_crash_while_git_active stdout ----

thread 'tokio-rt-worker' (2978923) panicked at src/remote/workspace_api/worktree_authority_tests.rs:608:40:
called `Result::unwrap()` on an `Err` value: Custom { kind: NotFound, error: PathError { path: "/Users/indo/code/project/orca-lite-wt/herdr-resume-01a097f8/src-tauri/a23-uxhjso6h/tmp/.tmp4U5ZeQ", err: Os { code: 2, kind: NotFound, message: "No such file or directory" } } }

thread 'remote::workspace_api::worktrees::authority_tests::followthrough_owner_crash_while_git_active' (2978922) panicked at src/remote/workspace_api/worktree_authority_tests.rs:611:14:
called `Result::unwrap()` on an `Err` value: JoinError::Panic(Id(693), "called `Result::unwrap()` on an `Err` value: Custom { kind: NotFound, error: PathError { path: \"/Users/indo/code/project/orca-lite-wt/herdr-resume-01a097f8/src-tauri/a23-uxhjso6h/tmp/.tmp4U5ZeQ\", err: Os { code: 2, kind: NotFound, message: \"No such file or directory\" } } }", ...)

---- remote::workspace_api::worktrees::authority_tests::followthrough_prune_partial_replays_after_restart stdout ----

thread 'remote::workspace_api::worktrees::authority_tests::followthrough_prune_partial_replays_after_restart' (2978924) panicked at src/remote/workspace_api/worktree_authority_tests.rs:8:36:
called `Result::unwrap()` on an `Err` value: Custom { kind: NotFound, error: PathError { path: "/Users/indo/code/project/orca-lite-wt/herdr-resume-01a097f8/src-tauri/a23-uxhjso6h/tmp/.tmp9B9HHx", err: Os { code: 2, kind: NotFound, message: "No such file or directory" } } }

---- remote::workspace_api::worktrees::authority_tests::followthrough_write_failures_non_head_and_prunable_preview stdout ----

thread 'remote::workspace_api::worktrees::authority_tests::followthrough_write_failures_non_head_and_prunable_preview' (2978925) panicked at src/remote/workspace_api/worktree_authority_tests.rs:76:40:
called `Result::unwrap()` on an `Err` value: Custom { kind: NotFound, error: PathError { path: "/Users/indo/code/project/orca-lite-wt/herdr-resume-01a097f8/src-tauri/a23-uxhjso6h/tmp/.tmpuTTz0C", err: Os { code: 2, kind: NotFound, message: "No such file or directory" } } }

---- remote::workspace_api::worktrees::authority_tests::interrupted_git_transaction_restart_never_repeats stdout ----

thread 'tokio-rt-worker' (2978927) panicked at src/remote/workspace_api/worktree_authority_tests.rs:608:40:
called `Result::unwrap()` on an `Err` value: Custom { kind: NotFound, error: PathError { path: "/Users/indo/code/project/orca-lite-wt/herdr-resume-01a097f8/src-tauri/a23-uxhjso6h/tmp/.tmpFwN1PV", err: Os { code: 2, kind: NotFound, message: "No such file or directory" } } }

thread 'remote::workspace_api::worktrees::authority_tests::interrupted_git_transaction_restart_never_repeats' (2978926) panicked at src/remote/workspace_api/worktree_authority_tests.rs:611:14:
called `Result::unwrap()` on an `Err` value: JoinError::Panic(Id(694), "called `Result::unwrap()` on an `Err` value: Custom { kind: NotFound, error: PathError { path: \"/Users/indo/code/project/orca-lite-wt/herdr-resume-01a097f8/src-tauri/a23-uxhjso6h/tmp/.tmpFwN1PV\", err: Os { code: 2, kind: NotFound, message: \"No such file or directory\" } } }", ...)

---- remote::workspace_api::worktrees::authority_tests::local_worktree_errors_survive_owner_wire_and_native_adapter stdout ----

thread 'tokio-rt-worker' (2978931) panicked at src/remote/workspace_api/worktree_authority_tests.rs:249:40:
called `Result::unwrap()` on an `Err` value: Custom { kind: NotFound, error: PathError { path: "/Users/indo/code/project/orca-lite-wt/herdr-resume-01a097f8/src-tauri/a23-uxhjso6h/tmp/.tmpnr212T", err: Os { code: 2, kind: NotFound, message: "No such file or directory" } } }

thread 'remote::workspace_api::worktrees::authority_tests::local_worktree_errors_survive_owner_wire_and_native_adapter' (2978930) panicked at src/remote/workspace_api/worktree_authority_tests.rs:260:14:
called `Result::unwrap()` on an `Err` value: JoinError::Panic(Id(695), "called `Result::unwrap()` on an `Err` value: Custom { kind: NotFound, error: PathError { path: \"/Users/indo/code/project/orca-lite-wt/herdr-resume-01a097f8/src-tauri/a23-uxhjso6h/tmp/.tmpnr212T\", err: Os { code: 2, kind: NotFound, message: \"No such file or directory\" } } }", ...)

---- remote::workspace_api::worktrees::authority_tests::owner_http_gate_and_eight_admissions stdout ----

thread 'tokio-rt-worker' (2978933) panicked at src/remote/workspace_api/worktree_authority_tests.rs:412:40:
called `Result::unwrap()` on an `Err` value: Custom { kind: NotFound, error: PathError { path: "/Users/indo/code/project/orca-lite-wt/herdr-resume-01a097f8/src-tauri/a23-uxhjso6h/tmp/.tmprtYd5H", err: Os { code: 2, kind: NotFound, message: "No such file or directory" } } }

thread 'remote::workspace_api::worktrees::authority_tests::owner_http_gate_and_eight_admissions' (2978932) panicked at src/remote/workspace_api/worktree_authority_tests.rs:422:14:
called `Result::unwrap()` on an `Err` value: JoinError::Panic(Id(696), "called `Result::unwrap()` on an `Err` value: Custom { kind: NotFound, error: PathError { path: \"/Users/indo/code/project/orca-lite-wt/herdr-resume-01a097f8/src-tauri/a23-uxhjso6h/tmp/.tmprtYd5H\", err: Os { code: 2, kind: NotFound, message: \"No such file or directory\" } } }", ...)

---- remote::workspace_api::worktrees::publication_tests::cancelled_publication_preserves_unknown_after_git stdout ----

thread 'tokio-rt-worker' (2979442) panicked at src/remote/workspace_api/worktrees.rs:324:48:
called `Result::unwrap()` on an `Err` value: Custom { kind: NotFound, error: PathError { path: "/Users/indo/code/project/orca-lite-wt/herdr-resume-01a097f8/src-tauri/a23-uxhjso6h/tmp/.tmpMegY2q", err: Os { code: 2, kind: NotFound, message: "No such file or directory" } } }

thread 'remote::workspace_api::worktrees::publication_tests::cancelled_publication_preserves_unknown_after_git' (2979441) panicked at src/remote/workspace_api/worktrees.rs:332:22:
called `Result::unwrap()` on an `Err` value: JoinError::Panic(Id(806), "called `Result::unwrap()` on an `Err` value: Custom { kind: NotFound, error: PathError { path: \"/Users/indo/code/project/orca-lite-wt/herdr-resume-01a097f8/src-tauri/a23-uxhjso6h/tmp/.tmpMegY2q\", err: Os { code: 2, kind: NotFound, message: \"No such file or directory\" } } }", ...)

---- remote::workspace_api_tests::a07_http_request_failure_joins_fixture stdout ----

thread 'tokio-rt-worker' (2979893) panicked at src/remote/workspace_api_tests.rs:109:40:
called `Result::unwrap()` on an `Err` value: Custom { kind: NotFound, error: PathError { path: "/Users/indo/code/project/orca-lite-wt/herdr-resume-01a097f8/src-tauri/a23-uxhjso6h/tmp/.tmpsplXVk", err: Os { code: 2, kind: NotFound, message: "No such file or directory" } } }

thread 'remote::workspace_api_tests::a07_http_request_failure_joins_fixture' (2979892) panicked at src/remote/workspace_api_tests.rs:119:6:
called `Result::unwrap()` on an `Err` value: IpcError { code: InternalError, message: "blocking task failed: task 809 panicked with message \"called `Result::unwrap()` on an `Err` value: Custom { kind: NotFound, error: PathError { path: \\\"/Users/indo/code/project/orca-lite-wt/herdr-resume-01a097f8/src-tauri/a23-uxhjso6h/tmp/.tmpsplXVk\\\", err: Os { code: 2, kind: NotFound, message: \\\"No such file or directory\\\" } } }\"", details: None }

---- remote::workspace_api_tests::a07_journal_restart_and_device_scope stdout ----

thread 'remote::workspace_api_tests::a07_journal_restart_and_device_scope' (2979894) panicked at src/remote/workspace_api_tests.rs:338:36:
called `Result::unwrap()` on an `Err` value: Custom { kind: NotFound, error: PathError { path: "/Users/indo/code/project/orca-lite-wt/herdr-resume-01a097f8/src-tauri/a23-uxhjso6h/tmp/.tmp05a2rN", err: Os { code: 2, kind: NotFound, message: "No such file or directory" } } }

---- remote::workspace_api_tests::a07_project_http_registration stdout ----

thread 'tokio-rt-worker' (2979896) panicked at src/remote/workspace_api_tests.rs:109:40:
called `Result::unwrap()` on an `Err` value: Custom { kind: NotFound, error: PathError { path: "/Users/indo/code/project/orca-lite-wt/herdr-resume-01a097f8/src-tauri/a23-uxhjso6h/tmp/.tmp9RZzvN", err: Os { code: 2, kind: NotFound, message: "No such file or directory" } } }

thread 'remote::workspace_api_tests::a07_project_http_registration' (2979895) panicked at src/remote/workspace_api_tests.rs:119:6:
called `Result::unwrap()` on an `Err` value: IpcError { code: InternalError, message: "blocking task failed: task 810 panicked with message \"called `Result::unwrap()` on an `Err` value: Custom { kind: NotFound, error: PathError { path: \\\"/Users/indo/code/project/orca-lite-wt/herdr-resume-01a097f8/src-tauri/a23-uxhjso6h/tmp/.tmp9RZzvN\\\", err: Os { code: 2, kind: NotFound, message: \\\"No such file or directory\\\" } } }\"", details: None }

---- remote::workspace_api_tests::r12_list_gate_and_admission stdout ----

thread 'remote::workspace_api_tests::r12_list_gate_and_admission' (2979898) panicked at src/remote/workspace_api_tests.rs:616:36:
called `Result::unwrap()` on an `Err` value: Custom { kind: NotFound, error: PathError { path: "/Users/indo/code/project/orca-lite-wt/herdr-resume-01a097f8/src-tauri/a23-uxhjso6h/tmp/.tmpaOHOQl", err: Os { code: 2, kind: NotFound, message: "No such file or directory" } } }

---- remote::workspace_api_tests::r12_real_kill_windows stdout ----

thread 'remote::workspace_api_tests::r12_real_kill_windows' (2979899) panicked at src/remote/workspace_api_tests.rs:558:40:
called `Result::unwrap()` on an `Err` value: Custom { kind: NotFound, error: PathError { path: "/Users/indo/code/project/orca-lite-wt/herdr-resume-01a097f8/src-tauri/a23-uxhjso6h/tmp/.tmpaTDr2J", err: Os { code: 2, kind: NotFound, message: "No such file or directory" } } }

---- remote::workspace_api_tests::r12_revocation_fences stdout ----

thread 'remote::workspace_api_tests::r12_revocation_fences' (2979900) panicked at src/remote/workspace_api_tests.rs:442:40:
called `Result::unwrap()` on an `Err` value: Custom { kind: NotFound, error: PathError { path: "/Users/indo/code/project/orca-lite-wt/herdr-resume-01a097f8/src-tauri/a23-uxhjso6h/tmp/.tmpN9nuvA", err: Os { code: 2, kind: NotFound, message: "No such file or directory" } } }

---- remote::workspace_api_tests::r12_router_auth_admission stdout ----

thread 'remote::workspace_api_tests::r12_router_auth_admission' (2979901) panicked at src/remote/workspace_api_tests.rs:721:36:
called `Result::unwrap()` on an `Err` value: Custom { kind: NotFound, error: PathError { path: "/Users/indo/code/project/orca-lite-wt/herdr-resume-01a097f8/src-tauri/a23-uxhjso6h/tmp/.tmpaXWeHE", err: Os { code: 2, kind: NotFound, message: "No such file or directory" } } }

---- remote::workspace_api_tests::r12_router_incomplete_body stdout ----

thread 'remote::workspace_api_tests::r12_router_incomplete_body' (2979902) panicked at src/remote/workspace_api_tests.rs:679:36:
called `Result::unwrap()` on an `Err` value: Custom { kind: NotFound, error: PathError { path: "/Users/indo/code/project/orca-lite-wt/herdr-resume-01a097f8/src-tauri/a23-uxhjso6h/tmp/.tmpnUBFKl", err: Os { code: 2, kind: NotFound, message: "No such file or directory" } } }

---- remote::workspace_api_tests::r12_unreadable_root stdout ----

thread 'tokio-rt-worker' (2979904) panicked at src/remote/workspace_api_tests.rs:406:40:
called `Result::unwrap()` on an `Err` value: Custom { kind: NotFound, error: PathError { path: "/Users/indo/code/project/orca-lite-wt/herdr-resume-01a097f8/src-tauri/a23-uxhjso6h/tmp/.tmpYUUY84", err: Os { code: 2, kind: NotFound, message: "No such file or directory" } } }

thread 'remote::workspace_api_tests::r12_unreadable_root' (2979903) panicked at src/remote/workspace_api_tests.rs:412:14:
called `Result::unwrap()` on an `Err` value: IpcError { code: InternalError, message: "blocking task failed: task 811 panicked with message \"called `Result::unwrap()` on an `Err` value: Custom { kind: NotFound, error: PathError { path: \\\"/Users/indo/code/project/orca-lite-wt/herdr-resume-01a097f8/src-tauri/a23-uxhjso6h/tmp/.tmpYUUY84\\\", err: Os { code: 2, kind: NotFound, message: \\\"No such file or directory\\\" } } }\"", details: None }

---- remote::workspace_api_tests::r1_topology_after_gate_http stdout ----

thread 'remote::workspace_api_tests::r1_topology_after_gate_http' (2979905) panicked at src/remote/workspace_api_tests.rs:14:40:
called `Result::unwrap()` on an `Err` value: Custom { kind: NotFound, error: PathError { path: "/Users/indo/code/project/orca-lite-wt/herdr-resume-01a097f8/src-tauri/a23-uxhjso6h/tmp/.tmpPvYZ7D", err: Os { code: 2, kind: NotFound, message: "No such file or directory" } } }


failures:
    ipc::project_remote::tests::local_registration_never_canonicalizes_a_remote_id_into_a_local_project
    remote::auth::persistence_tests::a_completed_write_leaves_a_fully_readable_store
    remote::auth::persistence_tests::concurrent_writers_never_observe_a_torn_store
    remote::auth::persistence_tests::legacy_revoked_tombstones_are_pruned_when_the_store_is_loaded
    remote::auth::persistence_tests::revoked_devices_are_deleted_outright_and_never_reappear
    remote::auth::persistence_tests::the_store_is_written_owner_only_or_reports_an_error
    remote::auth::persistence_tests::validate_token_throttles_disk_persistence
    remote::auth::security_tests::successful_pairing_does_not_reset_the_global_failure_budget
    remote::auth::tests::relay_capability_is_single_use_persisted_and_cancellable
    remote::auth::tests::test_cli_pair_cross_process_persistence
    remote::auth::tests::test_device_idle_expiry
    remote::auth::tests::test_machine_identity_persistence
    remote::auth::tests::test_machine_identity_sign_and_verify
    remote::auth::tests::test_store_without_installation_id_backward_compat
    remote::filesystem_tests::a06_budget_inspected_children_exact_cutoff
    remote::filesystem_tests::a06_cancelled_worker_cannot_publish
    remote::filesystem_tests::a06_directory_http_home
    remote::filesystem_tests::a06_http_send_failure_still_tears_down
    remote::filesystem_tests::a06_native_bounds_and_query_contract
    remote::filesystem_tests::r6_auth_routed_deadline_admission
    remote::filesystem_tests::r6_auth_routed_failure_cleanup
    remote::filesystem_tests::r6_auth_routed_revocation
    remote::filesystem_tests::r6_empty_deadline_and_independent_bytes
    remote::filesystem_tests::r6_http_disconnect_retains_worker_slot
    remote::machine_events::machine_event_cancellation_tests::machine_event_cancellation_read_budget_expires_when_catalog_refresh_is_blocked
    remote::machine_events::machine_event_cancellation_tests::machine_event_cancellation_releases_socket_when_catalog_refresh_is_blocked
    remote::machine_events::machine_event_snapshot_race_tests::machine_event_snapshot_recovers_when_commit_overlaps_inventory
    remote::machine_operation_journal::contention_tests::journal_mutation_deadline_retains_admission_until_worker_drains
    remote::machine_operation_journal::contention_tests::journal_mutation_revocation_retains_admission_until_worker_drains
    remote::machine_operation_journal::contention_tests::journal_read_deadline_retains_admission_until_worker_drains
    remote::machine_operation_journal::contention_tests::journal_read_revocation_retains_admission_until_worker_drains
    remote::machine_operation_journal::contention_tests::journal_writer_does_not_stall_mutation_reconciliation
    remote::machine_operation_journal::contention_tests::journal_writer_does_not_stall_session_http_executor
    remote::machine_operation_journal::contention_tests::journal_writer_preserves_real_machine_socket_attachment
    remote::machine_operation_journal::contention_tests::reopened_pending_operation_remains_outcome_unknown_after_refresh
    remote::machine_operation_journal::contention_tests::spawn::journal_final_spawn_deadline
    remote::machine_operation_journal::contention_tests::spawn::journal_final_spawn_revocation
    remote::relay_server::tests::a_control_signature_minted_for_another_relay_is_refused
    remote::relay_server::tests::coordinator_pairs_through_relay_to_real_gateway
    remote::relay_server::tests::test_key_store_corruption_and_write_failure_fail_closed
    remote::relay_server::tests::test_machine_ownership_survives_restart_and_private_enrollment
    remote::relay_server::tests::test_relay_key_store_merges_concurrent_enrollments_and_rejects_corrupt_records
    remote::server::machine_input_cancellation_tests::input_is_cancelled_when_full_queue_precedes_close
    remote::server::machine_input_cancellation_tests::input_is_cancelled_when_generation_is_replaced
    remote::server::machine_input_cancellation_tests::input_is_cancelled_when_grant_is_revoked
    remote::server::machine_input_cancellation_tests::input_is_cancelled_when_socket_disconnects
    remote::server::machine_input_cancellation_tests::sibling_pty_is_responsive_when_first_input_is_saturated
    remote::server::preference_http_tests::ac09_preferences_redact_paths_when_authenticated
    remote::server::tests::a03_identity_runs_offthread_and_revocation_fences_response
    remote::server::tests::r3_http_boundary_contract
    remote::state::tests::enabled_gateway_persists_config_and_restores_on_reopen
    remote::state::tests::persisted_enabled_config_file_loads_enabled_mode_with_unbound_initial_state
    remote::state::tests::test_relay_mode_configuration
    remote::tests::machine_auth::a03_owner_machine_purpose_survives_persistence_and_exchange
    remote::tests::scoped_remote_inventory_lists_registered_projects_without_desktop
    remote::tests::security::resize::v06_view_resize_denied_grid_control_allowed
    remote::tests::security::resize::v06_view_resize_denied_raw_control_allowed
    remote::tests::security::sockets::a10_pending_machine_input_is_dropped_on_disconnect_and_revoke
    remote::tests::security::sockets::a10_real_socket_reservation_transfers_http_close_authority
    remote::tests::security::static_symlinks_cannot_escape_dist
    remote::tests::ssh::registered_ssh_project_can_be_selected_without_local_registration
    remote::tests::ssh::registered_ssh_project_is_listed_without_a_focused_terminal
    remote::tests::test_active_desktop_terminal_contract_and_safe_selection_bridge
    remote::tests::test_connected_terminal_websocket_closed_when_active_selection_changes
    remote::tests::test_daemon_owned_remote_chain_end_to_end
    remote::tests::test_daemon_pairing_and_revocation_authority
    remote::tests::test_daemon_remote_worktree_selection_then_grid_terminal_control
    remote::tests::test_derive_session_metadata_matches_workspace
    remote::tests::test_gui_remote_forwarding_and_no_gui_gateway_ownership
    remote::tests::test_occupied_port_enable_does_not_persist_enabled_intent
    remote::tests::test_remote_gateway_legacy_peer_attach_write_output_exit_and_listing
    remote::tests::test_remote_listener_persistence_and_startup_restoration_lifecycle
    remote::tests::test_remote_select_workspace_with_tab_selector_and_primary_worktree
    remote::tests::test_repeated_workspace_state_reads_do_not_rerun_git_discovery_and_refresh_on_change
    remote::tests::test_resolve_dist_dir_isolated_runtime_debug_fallback
    remote::tests::test_resolve_dist_dir_packaged_macos_bundle_layout
    remote::tests::test_resolve_dist_dir_packaged_windows_or_linux_bundle_layout
    remote::tests::test_successful_enable_restores_and_disable_remains_off
    remote::tests::test_workspace_snapshot_refreshes_external_git_worktree_changes_after_interval
    remote::tests::test_workspace_snapshot_started_before_revision_change_is_not_marked_current
    remote::tests::test_workspace_state_agent_activity_and_worktree_attention_rollup
    remote::workspace_api::child_tests::request_drop_interrupts_active_worktree_git
    remote::workspace_api::worktrees::authority_tests::followthrough_delete_publication_blocks_spawn
    remote::workspace_api::worktrees::authority_tests::followthrough_owner_crash_while_git_active
    remote::workspace_api::worktrees::authority_tests::followthrough_prune_partial_replays_after_restart
    remote::workspace_api::worktrees::authority_tests::followthrough_write_failures_non_head_and_prunable_preview
    remote::workspace_api::worktrees::authority_tests::interrupted_git_transaction_restart_never_repeats
    remote::workspace_api::worktrees::authority_tests::local_worktree_errors_survive_owner_wire_and_native_adapter
    remote::workspace_api::worktrees::authority_tests::owner_http_gate_and_eight_admissions
    remote::workspace_api::worktrees::publication_tests::cancelled_publication_preserves_unknown_after_git
    remote::workspace_api_tests::a07_http_request_failure_joins_fixture
    remote::workspace_api_tests::a07_journal_restart_and_device_scope
    remote::workspace_api_tests::a07_project_http_registration
    remote::workspace_api_tests::r12_list_gate_and_admission
    remote::workspace_api_tests::r12_real_kill_windows
    remote::workspace_api_tests::r12_revocation_fences
    remote::workspace_api_tests::r12_router_auth_admission
    remote::workspace_api_tests::r12_router_incomplete_body
    remote::workspace_api_tests::r12_unreadable_root
    remote::workspace_api_tests::r1_topology_after_gate_http

test result: FAILED. 183 passed; 100 failed; 0 ignored; 0 measured; 743 filtered out; finished in 3.80s

error: test failed, to rerun pass `--lib`

EXIT=101

COMMAND: cargo test --locked --manifest-path src-tauri/Cargo.toml --no-default-features --test machine_catalog_persistence --test machine_worktrees --test machine_sessions --test machine_terminal_stream --test machine_events -- --test-threads=1
   Compiling ferryx v2026.908.1 (/Users/indo/code/project/orca-lite-wt/herdr-resume-01a097f8/src-tauri)
warning: unused import: `Manager`
  --> src/ipc/notifications.rs:21:24
   |
21 | use tauri::{AppHandle, Manager, Runtime, State};
   |                        ^^^^^^^
   |
   = note: `#[warn(unused_imports)]` (part of `#[warn(unused)]`) on by default

warning: unnecessary `unsafe` block
  --> src/macos_file_drop.rs:79:28
   |
79 |             let location = unsafe { info.draggingLocation() };
   |                            ^^^^^^ unnecessary `unsafe` block
   |
   = note: `#[warn(unused_unsafe)]` (part of `#[warn(unused)]`) on by default

warning: unnecessary `unsafe` block
  --> src/macos_file_drop.rs:80:25
   |
80 |             let point = unsafe { self.convertPoint_fromView(location, None) };
   |                         ^^^^^^ unnecessary `unsafe` block

warning: unnecessary `unsafe` block
   --> src/macos_file_drop.rs:102:46
    |
102 |     let pasteboard: Retained<NSPasteboard> = unsafe { info.draggingPasteboard() };
    |                                              ^^^^^^ unnecessary `unsafe` block

warning: unnecessary `unsafe` block
   --> src/macos_file_drop.rs:105:25
    |
105 |     if let Some(list) = unsafe { pasteboard.propertyListForType(&legacy) } {
    |                         ^^^^^^ unnecessary `unsafe` block

warning: unnecessary `unsafe` block
   --> src/macos_file_drop.rs:122:25
    |
122 |     if let Some(text) = unsafe { pasteboard.stringForType(file_url_type) } {
    |                         ^^^^^^ unnecessary `unsafe` block

warning: unnecessary `unsafe` block
   --> src/macos_file_drop.rs:123:28
    |
123 |         if let Some(url) = unsafe { NSURL::URLWithString(&text) } {
    |                            ^^^^^^ unnecessary `unsafe` block

warning: unnecessary `unsafe` block
   --> src/macos_file_drop.rs:124:33
    |
124 |             if let Some(path) = unsafe { url.path() } {
    |                                 ^^^^^^ unnecessary `unsafe` block

warning: unnecessary `unsafe` block
   --> src/macos_file_drop.rs:169:5
    |
169 |     unsafe { view.registerForDraggedTypes(&types) };
    |     ^^^^^^ unnecessary `unsafe` block

warning: unused variable: `scroll_daemon_client`
   --> src/lib.rs:918:9
    |
918 |     let scroll_daemon_client = Arc::clone(&daemon_client);
    |         ^^^^^^^^^^^^^^^^^^^^ help: if this is intentional, prefix it with an underscore: `_scroll_daemon_client`
    |
    = note: `#[warn(unused_variables)]` (part of `#[warn(unused)]`) on by default

warning: method `machine_sessions` is never used
   --> src/daemon/session_service.rs:366:19
    |
227 | impl DaemonSessionService {
    | ------------------------- method in this implementation
...
366 |     pub(crate) fn machine_sessions(&self, epoch: crate::scoped_contracts::Epoch) -> Result<crate::remote::machine_protocol::Sessions, Str...
    |                   ^^^^^^^^^^^^^^^^
    |
    = note: `#[warn(dead_code)]` (part of `#[warn(unused)]`) on by default

warning: field `app` is never read
  --> src/ipc/notifications.rs:28:5
   |
27 | pub struct TauriNotificationBackend<R: Runtime> {
   |            ------------------------ field in this struct
28 |     app: AppHandle<R>,
   |     ^^^

warning: constant `GHOSTTY_TERMINAL_SCREEN_PRIMARY` is never used
  --> src/native_terminal/sys/constants.rs:56:11
   |
56 | pub const GHOSTTY_TERMINAL_SCREEN_PRIMARY: c_int = 0;
   |           ^^^^^^^^^^^^^^^^^^^^^^^^^^^^^^^

warning: methods `synchronized_output_deadline`, `expire_synchronized_output`, and `finish_synchronized_output` are never used
   --> src/native_terminal/terminal.rs:169:19
    |
133 | impl NativeTerminal {
    | ------------------- methods in this implementation
...
169 |     pub(crate) fn synchronized_output_deadline(&self) -> Option<tokio::time::Instant> {
    |                   ^^^^^^^^^^^^^^^^^^^^^^^^^^^^
...
173 |     pub(crate) fn expire_synchronized_output(
    |                   ^^^^^^^^^^^^^^^^^^^^^^^^^^
...
184 |     pub(crate) fn finish_synchronized_output(&mut self) -> Result<(), NativeTerminalError> {
    |                   ^^^^^^^^^^^^^^^^^^^^^^^^^^

warning: method `wait_and_reap` is never used
   --> src/terminal/session.rs:364:19
    |
 73 | impl PtySession {
    | --------------- method in this implementation
...
364 |     pub(crate) fn wait_and_reap(&self) -> Result<Option<i32>, PtyError> {
    |                   ^^^^^^^^^^^^^

warning: function `with_local_worktree_budget` is never used
   --> src/worktree/git.rs:115:15
    |
115 | pub(crate) fn with_local_worktree_budget<T>(work: impl FnOnce() -> T) -> T {
    |               ^^^^^^^^^^^^^^^^^^^^^^^^^^

warning: struct `WriterLeaseGuard` is never constructed
  --> src/worktree/manager.rs:86:19
   |
86 | pub(crate) struct WriterLeaseGuard {
   |                   ^^^^^^^^^^^^^^^^

warning: associated items `new`, `canonical_path`, and `owner_id` are never used
   --> src/worktree/manager.rs:93:8
    |
 92 | impl WriterLeaseGuard {
    | --------------------- associated items in this implementation
 93 |     fn new(registry: WriterLeaseRegistry, canonical_path: PathBuf, owner_id: String) -> Self {
    |        ^^^
...
101 |     pub(crate) fn canonical_path(&self) -> &Path {
    |                   ^^^^^^^^^^^^^^
...
105 |     pub(crate) fn owner_id(&self) -> &str {
    |                   ^^^^^^^^

warning: method `acquire_writer_lease` is never used
   --> src/worktree/manager.rs:338:19
    |
134 | impl WorktreeManager {
    | -------------------- method in this implementation
...
338 |     pub(crate) fn acquire_writer_lease(
    |                   ^^^^^^^^^^^^^^^^^^^^

error: couldn't create a temp dir: No such file or directory (os error 2) at path "/Users/indo/code/project/orca-lite-wt/herdr-resume-01a097f8/src-tauri/a23-uxhjso6h/tmp/rustcRpeEVT"

warning: `ferryx` (lib) generated 19 warnings
error: could not compile `ferryx` (lib) due to 1 previous error; 19 warnings emitted

EXIT=101

COMMAND: src-tauri/target/debug/ferryx-cli --help
Ferryx CLI is running in headless mode.
Usage: ferryx-cli <pair|remote|browser|--daemon>

EXIT=1

COMMAND: src-tauri/target/debug/ferryx-relay --help
ferryx-relay: unrecognized argument: --help

EXIT=2

A23 owned runtime root removed; absent=true

FINAL REQUIRED GATES (original build environment restored)

COMMAND: cargo test --locked --manifest-path src-tauri/Cargo.toml --no-default-features --lib paired_host:: -- --test-threads=1
warning: unnecessary `unsafe` block
  --> src/macos_file_drop.rs:79:28
   |
79 |             let location = unsafe { info.draggingLocation() };
   |                            ^^^^^^ unnecessary `unsafe` block
   |
   = note: `#[warn(unused_unsafe)]` (part of `#[warn(unused)]`) on by default

warning: unnecessary `unsafe` block
  --> src/macos_file_drop.rs:80:25
   |
80 |             let point = unsafe { self.convertPoint_fromView(location, None) };
   |                         ^^^^^^ unnecessary `unsafe` block

warning: unnecessary `unsafe` block
   --> src/macos_file_drop.rs:102:46
    |
102 |     let pasteboard: Retained<NSPasteboard> = unsafe { info.draggingPasteboard() };
    |                                              ^^^^^^ unnecessary `unsafe` block

warning: unnecessary `unsafe` block
   --> src/macos_file_drop.rs:105:25
    |
105 |     if let Some(list) = unsafe { pasteboard.propertyListForType(&legacy) } {
    |                         ^^^^^^ unnecessary `unsafe` block

warning: unnecessary `unsafe` block
   --> src/macos_file_drop.rs:122:25
    |
122 |     if let Some(text) = unsafe { pasteboard.stringForType(file_url_type) } {
    |                         ^^^^^^ unnecessary `unsafe` block

warning: unnecessary `unsafe` block
   --> src/macos_file_drop.rs:123:28
    |
123 |         if let Some(url) = unsafe { NSURL::URLWithString(&text) } {
    |                            ^^^^^^ unnecessary `unsafe` block

warning: unnecessary `unsafe` block
   --> src/macos_file_drop.rs:124:33
    |
124 |             if let Some(path) = unsafe { url.path() } {
    |                                 ^^^^^^ unnecessary `unsafe` block

warning: unnecessary `unsafe` block
   --> src/macos_file_drop.rs:169:5
    |
169 |     unsafe { view.registerForDraggedTypes(&types) };
    |     ^^^^^^ unnecessary `unsafe` block

warning: unused variable: `token`
    --> src/remote/auth.rs:1399:14
     |
1399 |         let (token, device) = auth
     |              ^^^^^ help: if this is intentional, prefix it with an underscore: `_token`
     |
     = note: `#[warn(unused_variables)]` (part of `#[warn(unused)]`) on by default

warning: unused variable: `scroll_daemon_client`
   --> src/lib.rs:918:9
    |
918 |     let scroll_daemon_client = Arc::clone(&daemon_client);
    |         ^^^^^^^^^^^^^^^^^^^^ help: if this is intentional, prefix it with an underscore: `_scroll_daemon_client`

warning: method `machine_sessions` is never used
   --> src/daemon/session_service.rs:366:19
    |
227 | impl DaemonSessionService {
    | ------------------------- method in this implementation
...
366 |     pub(crate) fn machine_sessions(&self, epoch: crate::scoped_contracts::Epoch) -> Result<crate::remote::machine_protocol::Sessions, Str...
    |                   ^^^^^^^^^^^^^^^^
    |
    = note: `#[warn(dead_code)]` (part of `#[warn(unused)]`) on by default

warning: field `app` is never read
  --> src/ipc/notifications.rs:28:5
   |
27 | pub struct TauriNotificationBackend<R: Runtime> {
   |            ------------------------ field in this struct
28 |     app: AppHandle<R>,
   |     ^^^

warning: constant `GHOSTTY_TERMINAL_SCREEN_PRIMARY` is never used
  --> src/native_terminal/sys/constants.rs:56:11
   |
56 | pub const GHOSTTY_TERMINAL_SCREEN_PRIMARY: c_int = 0;
   |           ^^^^^^^^^^^^^^^^^^^^^^^^^^^^^^^

warning: function `no_auth_query` is never used
    --> src/remote/server.rs:3135:12
     |
3135 |         fn no_auth_query() -> AuthQuery {
     |            ^^^^^^^^^^^^^

warning: struct `WriterLeaseGuard` is never constructed
  --> src/worktree/manager.rs:86:19
   |
86 | pub(crate) struct WriterLeaseGuard {
   |                   ^^^^^^^^^^^^^^^^

warning: associated items `new`, `canonical_path`, and `owner_id` are never used
   --> src/worktree/manager.rs:93:8
    |
 92 | impl WriterLeaseGuard {
    | --------------------- associated items in this implementation
 93 |     fn new(registry: WriterLeaseRegistry, canonical_path: PathBuf, owner_id: String) -> Self {
    |        ^^^
...
101 |     pub(crate) fn canonical_path(&self) -> &Path {
    |                   ^^^^^^^^^^^^^^
...
105 |     pub(crate) fn owner_id(&self) -> &str {
    |                   ^^^^^^^^

warning: method `acquire_writer_lease` is never used
   --> src/worktree/manager.rs:338:19
    |
134 | impl WorktreeManager {
    | -------------------- method in this implementation
...
338 |     pub(crate) fn acquire_writer_lease(
    |                   ^^^^^^^^^^^^^^^^^^^^

warning: `ferryx` (lib test) generated 17 warnings (run `cargo fix --lib -p ferryx --tests` to apply 2 suggestions)
    Finished `test` profile [unoptimized + debuginfo] target(s) in 0.59s
     Running unittests src/lib.rs (src-tauri/target/debug/deps/ferryx_lib-8ab521b134f63f3f)

running 31 tests
test paired_host::client::tests::ambiguous_journal_never_repeats_mutation ... ok
test paired_host::client::tests::capability_absence_fails_closed ... ok
test paired_host::client::tests::generation_cancels_blocked_http_without_release ... ok
test paired_host::client::tests::operation_requires_machine_workspace_capability ... ok
test paired_host::client::tests::pending_mutation_response_retains_request_and_ambiguity ... ok
test paired_host::client::tests::predecessor_epoch_and_additive_capabilities_are_preserved ... ok
test paired_host::client::tests::real_http_non_json_redirect_and_body_limit ... ok
test paired_host::client::tests::real_machine_catalog_replay_checks_digest_and_preserves_metadata ... ok
test paired_host::client::tests::response_provenance_is_fenced_over_http ... ok
test paired_host::client::tests::wrong_authenticated_machine_cannot_be_adopted ... ok
test paired_host::inventory_tests::actual_write_failure_keeps_disk_and_legacy_authority_and_fences_leases ... ok
test paired_host::inventory_tests::corrupt_unknown_newer_and_external_replacement_never_overwrite ... ok
test paired_host::inventory_tests::fixture_loopback_store_roundtrips_but_production_fails_closed ... ok
test paired_host::inventory_tests::migration_requires_host_proof_and_verified_copy_and_preserves_source ... ok
test paired_host::inventory_tests::mirror_and_unknown_do_not_become_machine_authority ... ok
test paired_host::inventory_tests::origin_normalization_is_identity_stable ... ok
test paired_host::inventory_tests::public_http_and_userinfo_fail_closed ... ok
test paired_host::inventory_tests::re_pair_forget_and_revoke_cancel_only_captured_host_across_restart ... ok
test paired_host::inventory_tests::real_private_persistence_restart_and_secret_exclusion ... ok
test paired_host::inventory_tests::test_loopback_is_explicit_and_not_a_production_origin ... ok
test paired_host::native_ambiguity_tests::mutation_native_transport_failure_retains_identity ... ok
test paired_host::native_ambiguity_tests::native_35s_deadline_retains_mutation_reconciliation ... ok
test paired_host::native_ambiguity_tests::read_only_native_transport_failure_is_not_ambiguous ... ok
test paired_host::projects::tests::metadata_and_unavailable_identity_are_lossless ... ok
test paired_host::proxy_tests::a23_dropping_connected_proxy_releases_socket_and_hub ... ok
test paired_host::proxy_tests::native_actor_delivers_controls_and_output_without_local_pty ... ok
test paired_host::proxy_tests::native_registry_routes_paired_ids_without_local_fallback ... ok
test paired_host::proxy_tests::paired_socket_decodes_output_and_fences_input_without_local_pty ... ok
test paired_host::service::native_transport_tests::paused_authenticated_response_cannot_adopt_after_repair_or_forget ... ok
test paired_host::service::native_transport_tests::redirect_never_forwards_credential_and_failed_migration_preserves_source ... ok
test paired_host::service::native_transport_tests::secret_debug_and_production_origin_policy ... ok

test result: ok. 31 passed; 0 failed; 0 ignored; 0 measured; 995 filtered out; finished in 0.85s


EXIT=0

COMMAND: cargo test --locked --manifest-path src-tauri/Cargo.toml --no-default-features --test paired_daemon_native_proxy -- --test-threads=1
   Compiling ferryx v2026.908.1 (/Users/indo/code/project/orca-lite-wt/herdr-resume-01a097f8/src-tauri)
warning: unused import: `Manager`
  --> src/ipc/notifications.rs:21:24
   |
21 | use tauri::{AppHandle, Manager, Runtime, State};
   |                        ^^^^^^^
   |
   = note: `#[warn(unused_imports)]` (part of `#[warn(unused)]`) on by default

warning: unnecessary `unsafe` block
  --> src/macos_file_drop.rs:79:28
   |
79 |             let location = unsafe { info.draggingLocation() };
   |                            ^^^^^^ unnecessary `unsafe` block
   |
   = note: `#[warn(unused_unsafe)]` (part of `#[warn(unused)]`) on by default

warning: unnecessary `unsafe` block
  --> src/macos_file_drop.rs:80:25
   |
80 |             let point = unsafe { self.convertPoint_fromView(location, None) };
   |                         ^^^^^^ unnecessary `unsafe` block

warning: unnecessary `unsafe` block
   --> src/macos_file_drop.rs:102:46
    |
102 |     let pasteboard: Retained<NSPasteboard> = unsafe { info.draggingPasteboard() };
    |                                              ^^^^^^ unnecessary `unsafe` block

warning: unnecessary `unsafe` block
   --> src/macos_file_drop.rs:105:25
    |
105 |     if let Some(list) = unsafe { pasteboard.propertyListForType(&legacy) } {
    |                         ^^^^^^ unnecessary `unsafe` block

warning: unnecessary `unsafe` block
   --> src/macos_file_drop.rs:122:25
    |
122 |     if let Some(text) = unsafe { pasteboard.stringForType(file_url_type) } {
    |                         ^^^^^^ unnecessary `unsafe` block

warning: unnecessary `unsafe` block
   --> src/macos_file_drop.rs:123:28
    |
123 |         if let Some(url) = unsafe { NSURL::URLWithString(&text) } {
    |                            ^^^^^^ unnecessary `unsafe` block

warning: unnecessary `unsafe` block
   --> src/macos_file_drop.rs:124:33
    |
124 |             if let Some(path) = unsafe { url.path() } {
    |                                 ^^^^^^ unnecessary `unsafe` block

warning: unnecessary `unsafe` block
   --> src/macos_file_drop.rs:169:5
    |
169 |     unsafe { view.registerForDraggedTypes(&types) };
    |     ^^^^^^ unnecessary `unsafe` block

warning: unused variable: `scroll_daemon_client`
   --> src/lib.rs:918:9
    |
918 |     let scroll_daemon_client = Arc::clone(&daemon_client);
    |         ^^^^^^^^^^^^^^^^^^^^ help: if this is intentional, prefix it with an underscore: `_scroll_daemon_client`
    |
    = note: `#[warn(unused_variables)]` (part of `#[warn(unused)]`) on by default

warning: method `machine_sessions` is never used
   --> src/daemon/session_service.rs:366:19
    |
227 | impl DaemonSessionService {
    | ------------------------- method in this implementation
...
366 |     pub(crate) fn machine_sessions(&self, epoch: crate::scoped_contracts::Epoch) -> Result<crate::remote::machine_protocol::Sessions, Str...
    |                   ^^^^^^^^^^^^^^^^
    |
    = note: `#[warn(dead_code)]` (part of `#[warn(unused)]`) on by default

warning: field `app` is never read
  --> src/ipc/notifications.rs:28:5
   |
27 | pub struct TauriNotificationBackend<R: Runtime> {
   |            ------------------------ field in this struct
28 |     app: AppHandle<R>,
   |     ^^^

warning: constant `GHOSTTY_TERMINAL_SCREEN_PRIMARY` is never used
  --> src/native_terminal/sys/constants.rs:56:11
   |
56 | pub const GHOSTTY_TERMINAL_SCREEN_PRIMARY: c_int = 0;
   |           ^^^^^^^^^^^^^^^^^^^^^^^^^^^^^^^

warning: methods `synchronized_output_deadline`, `expire_synchronized_output`, and `finish_synchronized_output` are never used
   --> src/native_terminal/terminal.rs:169:19
    |
133 | impl NativeTerminal {
    | ------------------- methods in this implementation
...
169 |     pub(crate) fn synchronized_output_deadline(&self) -> Option<tokio::time::Instant> {
    |                   ^^^^^^^^^^^^^^^^^^^^^^^^^^^^
...
173 |     pub(crate) fn expire_synchronized_output(
    |                   ^^^^^^^^^^^^^^^^^^^^^^^^^^
...
184 |     pub(crate) fn finish_synchronized_output(&mut self) -> Result<(), NativeTerminalError> {
    |                   ^^^^^^^^^^^^^^^^^^^^^^^^^^

warning: method `wait_and_reap` is never used
   --> src/terminal/session.rs:364:19
    |
 73 | impl PtySession {
    | --------------- method in this implementation
...
364 |     pub(crate) fn wait_and_reap(&self) -> Result<Option<i32>, PtyError> {
    |                   ^^^^^^^^^^^^^

warning: function `with_local_worktree_budget` is never used
   --> src/worktree/git.rs:115:15
    |
115 | pub(crate) fn with_local_worktree_budget<T>(work: impl FnOnce() -> T) -> T {
    |               ^^^^^^^^^^^^^^^^^^^^^^^^^^

warning: struct `WriterLeaseGuard` is never constructed
  --> src/worktree/manager.rs:86:19
   |
86 | pub(crate) struct WriterLeaseGuard {
   |                   ^^^^^^^^^^^^^^^^

warning: associated items `new`, `canonical_path`, and `owner_id` are never used
   --> src/worktree/manager.rs:93:8
    |
 92 | impl WriterLeaseGuard {
    | --------------------- associated items in this implementation
 93 |     fn new(registry: WriterLeaseRegistry, canonical_path: PathBuf, owner_id: String) -> Self {
    |        ^^^
...
101 |     pub(crate) fn canonical_path(&self) -> &Path {
    |                   ^^^^^^^^^^^^^^
...
105 |     pub(crate) fn owner_id(&self) -> &str {
    |                   ^^^^^^^^

warning: method `acquire_writer_lease` is never used
   --> src/worktree/manager.rs:338:19
    |
134 | impl WorktreeManager {
    | -------------------- method in this implementation
...
338 |     pub(crate) fn acquire_writer_lease(
    |                   ^^^^^^^^^^^^^^^^^^^^

warning: `ferryx` (lib) generated 19 warnings (run `cargo fix --lib -p ferryx` to apply 2 suggestions)
    Finished `test` profile [unoptimized + debuginfo] target(s) in 10.06s
     Running tests/paired_daemon_native_proxy.rs (src-tauri/target/debug/deps/paired_daemon_native_proxy-6d1988d3b7e3c5f4)

running 2 tests
test a23_slow_consumer_is_bounded_and_drop_removes_host_qualified_entries ... ok
test a23_wire_limit_rejects_oversized_frames ... ok

test result: ok. 2 passed; 0 failed; 0 ignored; 0 measured; 0 filtered out; finished in 0.01s


EXIT=0

COMMAND: cargo check --locked --manifest-path src-tauri/Cargo.toml --no-default-features --lib
   Compiling ferryx v2026.908.1 (/Users/indo/code/project/orca-lite-wt/herdr-resume-01a097f8/src-tauri)
warning: unused import: `Manager`
  --> src/ipc/notifications.rs:21:24
   |
21 | use tauri::{AppHandle, Manager, Runtime, State};
   |                        ^^^^^^^
   |
   = note: `#[warn(unused_imports)]` (part of `#[warn(unused)]`) on by default

warning: unnecessary `unsafe` block
  --> src/macos_file_drop.rs:79:28
   |
79 |             let location = unsafe { info.draggingLocation() };
   |                            ^^^^^^ unnecessary `unsafe` block
   |
   = note: `#[warn(unused_unsafe)]` (part of `#[warn(unused)]`) on by default

warning: unnecessary `unsafe` block
  --> src/macos_file_drop.rs:80:25
   |
80 |             let point = unsafe { self.convertPoint_fromView(location, None) };
   |                         ^^^^^^ unnecessary `unsafe` block

warning: unnecessary `unsafe` block
   --> src/macos_file_drop.rs:102:46
    |
102 |     let pasteboard: Retained<NSPasteboard> = unsafe { info.draggingPasteboard() };
    |                                              ^^^^^^ unnecessary `unsafe` block

warning: unnecessary `unsafe` block
   --> src/macos_file_drop.rs:105:25
    |
105 |     if let Some(list) = unsafe { pasteboard.propertyListForType(&legacy) } {
    |                         ^^^^^^ unnecessary `unsafe` block

warning: unnecessary `unsafe` block
   --> src/macos_file_drop.rs:122:25
    |
122 |     if let Some(text) = unsafe { pasteboard.stringForType(file_url_type) } {
    |                         ^^^^^^ unnecessary `unsafe` block

warning: unnecessary `unsafe` block
   --> src/macos_file_drop.rs:123:28
    |
123 |         if let Some(url) = unsafe { NSURL::URLWithString(&text) } {
    |                            ^^^^^^ unnecessary `unsafe` block

warning: unnecessary `unsafe` block
   --> src/macos_file_drop.rs:124:33
    |
124 |             if let Some(path) = unsafe { url.path() } {
    |                                 ^^^^^^ unnecessary `unsafe` block

warning: unnecessary `unsafe` block
   --> src/macos_file_drop.rs:169:5
    |
169 |     unsafe { view.registerForDraggedTypes(&types) };
    |     ^^^^^^ unnecessary `unsafe` block

warning: unused variable: `scroll_daemon_client`
   --> src/lib.rs:918:9
    |
918 |     let scroll_daemon_client = Arc::clone(&daemon_client);
    |         ^^^^^^^^^^^^^^^^^^^^ help: if this is intentional, prefix it with an underscore: `_scroll_daemon_client`
    |
    = note: `#[warn(unused_variables)]` (part of `#[warn(unused)]`) on by default

warning: method `machine_sessions` is never used
   --> src/daemon/session_service.rs:366:19
    |
227 | impl DaemonSessionService {
    | ------------------------- method in this implementation
...
366 |     pub(crate) fn machine_sessions(&self, epoch: crate::scoped_contracts::Epoch) -> Result<crate::remote::machine_protocol::Sessions, Str...
    |                   ^^^^^^^^^^^^^^^^
    |
    = note: `#[warn(dead_code)]` (part of `#[warn(unused)]`) on by default

warning: field `app` is never read
  --> src/ipc/notifications.rs:28:5
   |
27 | pub struct TauriNotificationBackend<R: Runtime> {
   |            ------------------------ field in this struct
28 |     app: AppHandle<R>,
   |     ^^^

warning: constant `GHOSTTY_TERMINAL_SCREEN_PRIMARY` is never used
  --> src/native_terminal/sys/constants.rs:56:11
   |
56 | pub const GHOSTTY_TERMINAL_SCREEN_PRIMARY: c_int = 0;
   |           ^^^^^^^^^^^^^^^^^^^^^^^^^^^^^^^

warning: methods `synchronized_output_deadline`, `expire_synchronized_output`, and `finish_synchronized_output` are never used
   --> src/native_terminal/terminal.rs:169:19
    |
133 | impl NativeTerminal {
    | ------------------- methods in this implementation
...
169 |     pub(crate) fn synchronized_output_deadline(&self) -> Option<tokio::time::Instant> {
    |                   ^^^^^^^^^^^^^^^^^^^^^^^^^^^^
...
173 |     pub(crate) fn expire_synchronized_output(
    |                   ^^^^^^^^^^^^^^^^^^^^^^^^^^
...
184 |     pub(crate) fn finish_synchronized_output(&mut self) -> Result<(), NativeTerminalError> {
    |                   ^^^^^^^^^^^^^^^^^^^^^^^^^^

warning: method `wait_and_reap` is never used
   --> src/terminal/session.rs:364:19
    |
 73 | impl PtySession {
    | --------------- method in this implementation
...
364 |     pub(crate) fn wait_and_reap(&self) -> Result<Option<i32>, PtyError> {
    |                   ^^^^^^^^^^^^^

warning: function `with_local_worktree_budget` is never used
   --> src/worktree/git.rs:115:15
    |
115 | pub(crate) fn with_local_worktree_budget<T>(work: impl FnOnce() -> T) -> T {
    |               ^^^^^^^^^^^^^^^^^^^^^^^^^^

warning: struct `WriterLeaseGuard` is never constructed
  --> src/worktree/manager.rs:86:19
   |
86 | pub(crate) struct WriterLeaseGuard {
   |                   ^^^^^^^^^^^^^^^^

warning: associated items `new`, `canonical_path`, and `owner_id` are never used
   --> src/worktree/manager.rs:93:8
    |
 92 | impl WriterLeaseGuard {
    | --------------------- associated items in this implementation
 93 |     fn new(registry: WriterLeaseRegistry, canonical_path: PathBuf, owner_id: String) -> Self {
    |        ^^^
...
101 |     pub(crate) fn canonical_path(&self) -> &Path {
    |                   ^^^^^^^^^^^^^^
...
105 |     pub(crate) fn owner_id(&self) -> &str {
    |                   ^^^^^^^^

warning: method `acquire_writer_lease` is never used
   --> src/worktree/manager.rs:338:19
    |
134 | impl WorktreeManager {
    | -------------------- method in this implementation
...
338 |     pub(crate) fn acquire_writer_lease(
    |                   ^^^^^^^^^^^^^^^^^^^^

warning: `ferryx` (lib) generated 19 warnings (run `cargo fix --lib -p ferryx` to apply 2 suggestions)
    Finished `dev` profile [unoptimized + debuginfo] target(s) in 4.35s

EXIT=0

COMMAND: cargo check --locked --manifest-path src-tauri/Cargo.toml --no-default-features --bin ferryx-cli --bin ferryx-relay
    Checking ferryx v2026.908.1 (/Users/indo/code/project/orca-lite-wt/herdr-resume-01a097f8/src-tauri)
warning: unused import: `Manager`
  --> src/ipc/notifications.rs:21:24
   |
21 | use tauri::{AppHandle, Manager, Runtime, State};
   |                        ^^^^^^^
   |
   = note: `#[warn(unused_imports)]` (part of `#[warn(unused)]`) on by default

warning: unnecessary `unsafe` block
  --> src/macos_file_drop.rs:79:28
   |
79 |             let location = unsafe { info.draggingLocation() };
   |                            ^^^^^^ unnecessary `unsafe` block
   |
   = note: `#[warn(unused_unsafe)]` (part of `#[warn(unused)]`) on by default

warning: unnecessary `unsafe` block
  --> src/macos_file_drop.rs:80:25
   |
80 |             let point = unsafe { self.convertPoint_fromView(location, None) };
   |                         ^^^^^^ unnecessary `unsafe` block

warning: unnecessary `unsafe` block
   --> src/macos_file_drop.rs:102:46
    |
102 |     let pasteboard: Retained<NSPasteboard> = unsafe { info.draggingPasteboard() };
    |                                              ^^^^^^ unnecessary `unsafe` block

warning: unnecessary `unsafe` block
   --> src/macos_file_drop.rs:105:25
    |
105 |     if let Some(list) = unsafe { pasteboard.propertyListForType(&legacy) } {
    |                         ^^^^^^ unnecessary `unsafe` block

warning: unnecessary `unsafe` block
   --> src/macos_file_drop.rs:122:25
    |
122 |     if let Some(text) = unsafe { pasteboard.stringForType(file_url_type) } {
    |                         ^^^^^^ unnecessary `unsafe` block

warning: unnecessary `unsafe` block
   --> src/macos_file_drop.rs:123:28
    |
123 |         if let Some(url) = unsafe { NSURL::URLWithString(&text) } {
    |                            ^^^^^^ unnecessary `unsafe` block

warning: unnecessary `unsafe` block
   --> src/macos_file_drop.rs:124:33
    |
124 |             if let Some(path) = unsafe { url.path() } {
    |                                 ^^^^^^ unnecessary `unsafe` block

warning: unnecessary `unsafe` block
   --> src/macos_file_drop.rs:169:5
    |
169 |     unsafe { view.registerForDraggedTypes(&types) };
    |     ^^^^^^ unnecessary `unsafe` block

warning: unused variable: `scroll_daemon_client`
   --> src/lib.rs:918:9
    |
918 |     let scroll_daemon_client = Arc::clone(&daemon_client);
    |         ^^^^^^^^^^^^^^^^^^^^ help: if this is intentional, prefix it with an underscore: `_scroll_daemon_client`
    |
    = note: `#[warn(unused_variables)]` (part of `#[warn(unused)]`) on by default

warning: method `machine_sessions` is never used
   --> src/daemon/session_service.rs:366:19
    |
227 | impl DaemonSessionService {
    | ------------------------- method in this implementation
...
366 |     pub(crate) fn machine_sessions(&self, epoch: crate::scoped_contracts::Epoch) -> Result<crate::remote::machine_protocol::Sessions, Str...
    |                   ^^^^^^^^^^^^^^^^
    |
    = note: `#[warn(dead_code)]` (part of `#[warn(unused)]`) on by default

warning: field `app` is never read
  --> src/ipc/notifications.rs:28:5
   |
27 | pub struct TauriNotificationBackend<R: Runtime> {
   |            ------------------------ field in this struct
28 |     app: AppHandle<R>,
   |     ^^^

warning: constant `GHOSTTY_TERMINAL_SCREEN_PRIMARY` is never used
  --> src/native_terminal/sys/constants.rs:56:11
   |
56 | pub const GHOSTTY_TERMINAL_SCREEN_PRIMARY: c_int = 0;
   |           ^^^^^^^^^^^^^^^^^^^^^^^^^^^^^^^

warning: methods `synchronized_output_deadline`, `expire_synchronized_output`, and `finish_synchronized_output` are never used
   --> src/native_terminal/terminal.rs:169:19
    |
133 | impl NativeTerminal {
    | ------------------- methods in this implementation
...
169 |     pub(crate) fn synchronized_output_deadline(&self) -> Option<tokio::time::Instant> {
    |                   ^^^^^^^^^^^^^^^^^^^^^^^^^^^^
...
173 |     pub(crate) fn expire_synchronized_output(
    |                   ^^^^^^^^^^^^^^^^^^^^^^^^^^
...
184 |     pub(crate) fn finish_synchronized_output(&mut self) -> Result<(), NativeTerminalError> {
    |                   ^^^^^^^^^^^^^^^^^^^^^^^^^^

warning: method `wait_and_reap` is never used
   --> src/terminal/session.rs:364:19
    |
 73 | impl PtySession {
    | --------------- method in this implementation
...
364 |     pub(crate) fn wait_and_reap(&self) -> Result<Option<i32>, PtyError> {
    |                   ^^^^^^^^^^^^^

warning: function `with_local_worktree_budget` is never used
   --> src/worktree/git.rs:115:15
    |
115 | pub(crate) fn with_local_worktree_budget<T>(work: impl FnOnce() -> T) -> T {
    |               ^^^^^^^^^^^^^^^^^^^^^^^^^^

warning: struct `WriterLeaseGuard` is never constructed
  --> src/worktree/manager.rs:86:19
   |
86 | pub(crate) struct WriterLeaseGuard {
   |                   ^^^^^^^^^^^^^^^^

warning: associated items `new`, `canonical_path`, and `owner_id` are never used
   --> src/worktree/manager.rs:93:8
    |
 92 | impl WriterLeaseGuard {
    | --------------------- associated items in this implementation
 93 |     fn new(registry: WriterLeaseRegistry, canonical_path: PathBuf, owner_id: String) -> Self {
    |        ^^^
...
101 |     pub(crate) fn canonical_path(&self) -> &Path {
    |                   ^^^^^^^^^^^^^^
...
105 |     pub(crate) fn owner_id(&self) -> &str {
    |                   ^^^^^^^^

warning: method `acquire_writer_lease` is never used
   --> src/worktree/manager.rs:338:19
    |
134 | impl WorktreeManager {
    | -------------------- method in this implementation
...
338 |     pub(crate) fn acquire_writer_lease(
    |                   ^^^^^^^^^^^^^^^^^^^^

warning: `ferryx` (lib) generated 19 warnings (run `cargo fix --lib -p ferryx` to apply 2 suggestions)
    Finished `dev` profile [unoptimized + debuginfo] target(s) in 2.37s

EXIT=0

COMMAND: bun run --cwd ui build
$ tsc && vite build
vite v6.4.3 building for production...
transforming...
✓ 1890 modules transformed.
rendering chunks...
computing gzip size...
dist/index.html                                        3.08 kB │ gzip:   1.10 kB
dist/assets/crush-DHElXcRZ.png                         5.46 kB
dist/assets/droid-BhrKLgQ8.svg                         6.30 kB │ gzip:   2.88 kB
dist/assets/antigravity-DgAQAdn3.svg                   7.63 kB │ gzip:   1.72 kB
dist/assets/gjc-CmlXGg4z.png                          22.73 kB
dist/assets/geist-variable-CrgPqtmy.woff2             69.44 kB
dist/assets/ferryx-icon-OXRkkUvz.png                 805.82 kB
dist/assets/index-CTJQafPq.css                        78.24 kB │ gzip:  14.21 kB
dist/assets/server-BL18W7d0.js                         0.51 kB │ gzip:   0.32 kB
dist/assets/card-DPaC7yy0.js                           2.08 kB │ gzip:   0.87 kB
dist/assets/remoteHostStore-CaRR-DcW.js                4.37 kB │ gzip:   1.63 kB
dist/assets/pairedHostInventory-DSTN0wVe.js            4.59 kB │ gzip:   1.90 kB
dist/assets/PermissionsOnboardingDialog-GNMVnuI5.js    6.25 kB │ gzip:   1.85 kB
dist/assets/browser-CID0poRf.js                       25.78 kB │ gzip:  10.13 kB
dist/assets/RemoteApp-CxCt7FPd.js                     61.10 kB │ gzip:  18.05 kB
dist/assets/sonner-BRj50RTG.js                        93.62 kB │ gzip:  31.08 kB
dist/assets/index-lcQKGpi0.js                        187.71 kB │ gzip:  60.15 kB
dist/assets/SettingsDialog-CrcJ38ns.js               199.47 kB │ gzip:  59.56 kB
dist/assets/App-C1yKwKAc.js                          510.41 kB │ gzip: 148.69 kB

(!) Some chunks are larger than 500 kB after minification. Consider:
- Using dynamic import() to code-split the application
- Use build.rollupOptions.output.manualChunks to improve chunking: https://rollupjs.org/configuration-options/#output-manualchunks
- Adjust chunk size limit for this warning via build.chunkSizeWarningLimit.
✓ built in 2.23s

EXIT=0
