$ cargo test --locked --manifest-path src-tauri/Cargo.toml --no-default-features --lib -- --test-threads=1
   Compiling ferryx v2026.908.1 (/Users/indo/code/project/orca-lite-wt/herdr-resume-01a097f8/src-tauri)
warning: unused doc comment
   --> src/remote/workspace_api.rs:245:1
    |
245 | / /// Synchronous domain callers may themselves be inside either Tokio runtime
246 | | /// flavor. Never nest block_on or depend on that runtime making progress: drive
247 | | /// the child supervisor on a scoped worker with its own IO/time driver instead.
248 | | /// Async transports must still put the enclosing transaction in run_blocking.
    | |_-----------------------------------------------------------------------------^
    |   |
    |   rustdoc does not generate documentation for macro invocations
    |
    = help: to document an item produced by a macro, the macro must produce the documentation as part of its expansion
    = note: `#[warn(unused_doc_comments)]` (part of `#[warn(unused)]`) on by default

warning: unnecessary `unsafe` block
  --> src/macos_file_drop.rs:79:28
   |
79 |             let location = unsafe { info.draggingLocation() };
   |                            ^^^^^^ unnecessary `unsafe` block
   |
   = note: `#[warn(unused_unsafe)]` (part of `#[warn(unused)]`) on by default

warning: unnecessary `unsafe` block
  --> src/macos_file_drop.rs:80:25
   |
80 |             let point = unsafe { self.convertPoint_fromView(location, None) };
   |                         ^^^^^^ unnecessary `unsafe` block

warning: unnecessary `unsafe` block
   --> src/macos_file_drop.rs:102:46
    |
102 |     let pasteboard: Retained<NSPasteboard> = unsafe { info.draggingPasteboard() };
    |                                              ^^^^^^ unnecessary `unsafe` block

warning: unnecessary `unsafe` block
   --> src/macos_file_drop.rs:105:25
    |
105 |     if let Some(list) = unsafe { pasteboard.propertyListForType(&legacy) } {
    |                         ^^^^^^ unnecessary `unsafe` block

warning: unnecessary `unsafe` block
   --> src/macos_file_drop.rs:122:25
    |
122 |     if let Some(text) = unsafe { pasteboard.stringForType(file_url_type) } {
    |                         ^^^^^^ unnecessary `unsafe` block

warning: unnecessary `unsafe` block
   --> src/macos_file_drop.rs:123:28
    |
123 |         if let Some(url) = unsafe { NSURL::URLWithString(&text) } {
    |                            ^^^^^^ unnecessary `unsafe` block

warning: unnecessary `unsafe` block
   --> src/macos_file_drop.rs:124:33
    |
124 |             if let Some(path) = unsafe { url.path() } {
    |                                 ^^^^^^ unnecessary `unsafe` block

warning: unnecessary `unsafe` block
   --> src/macos_file_drop.rs:169:5
    |
169 |     unsafe { view.registerForDraggedTypes(&types) };
    |     ^^^^^^ unnecessary `unsafe` block

warning: unused variable: `token`
    --> src/remote/auth.rs:1399:14
     |
1399 |         let (token, device) = auth
     |              ^^^^^ help: if this is intentional, prefix it with an underscore: `_token`
     |
     = note: `#[warn(unused_variables)]` (part of `#[warn(unused)]`) on by default

warning: unused variable: `scroll_daemon_client`
   --> src/lib.rs:918:9
    |
918 |     let scroll_daemon_client = Arc::clone(&daemon_client);
    |         ^^^^^^^^^^^^^^^^^^^^ help: if this is intentional, prefix it with an underscore: `_scroll_daemon_client`

warning: method `machine_sessions` is never used
   --> src/daemon/session_service.rs:366:19
    |
227 | impl DaemonSessionService {
    | ------------------------- method in this implementation
...
366 |     pub(crate) fn machine_sessions(&self, epoch: crate::scoped_contracts::Epoch) -> Result<crate::remote::machine_protocol::Sessions, Str...
    |                   ^^^^^^^^^^^^^^^^
    |
    = note: `#[warn(dead_code)]` (part of `#[warn(unused)]`) on by default

warning: field `app` is never read
  --> src/ipc/notifications.rs:28:5
   |
27 | pub struct TauriNotificationBackend<R: Runtime> {
   |            ------------------------ field in this struct
28 |     app: AppHandle<R>,
   |     ^^^

warning: constant `GHOSTTY_TERMINAL_SCREEN_PRIMARY` is never used
  --> src/native_terminal/sys/constants.rs:56:11
   |
56 | pub const GHOSTTY_TERMINAL_SCREEN_PRIMARY: c_int = 0;
   |           ^^^^^^^^^^^^^^^^^^^^^^^^^^^^^^^

warning: function `no_auth_query` is never used
    --> src/remote/server.rs:3135:12
     |
3135 |         fn no_auth_query() -> AuthQuery {
     |            ^^^^^^^^^^^^^

warning: struct `WriterLeaseGuard` is never constructed
  --> src/worktree/manager.rs:86:19
   |
86 | pub(crate) struct WriterLeaseGuard {
   |                   ^^^^^^^^^^^^^^^^

warning: associated items `new`, `canonical_path`, and `owner_id` are never used
   --> src/worktree/manager.rs:93:8
    |
 92 | impl WriterLeaseGuard {
    | --------------------- associated items in this implementation
 93 |     fn new(registry: WriterLeaseRegistry, canonical_path: PathBuf, owner_id: String) -> Self {
    |        ^^^
...
101 |     pub(crate) fn canonical_path(&self) -> &Path {
    |                   ^^^^^^^^^^^^^^
...
105 |     pub(crate) fn owner_id(&self) -> &str {
    |                   ^^^^^^^^

warning: method `acquire_writer_lease` is never used
   --> src/worktree/manager.rs:338:19
    |
134 | impl WorktreeManager {
    | -------------------- method in this implementation
...
338 |     pub(crate) fn acquire_writer_lease(
    |                   ^^^^^^^^^^^^^^^^^^^^

warning: `ferryx` (lib test) generated 18 warnings (run `cargo fix --lib -p ferryx --tests` to apply 2 suggestions)
    Finished `test` profile [unoptimized] target(s) in 33.05s
     Running unittests src/lib.rs (src-tauri/target/debug/deps/ferryx_lib-fede6191c14a3d71)

running 1035 tests
test agent_detect::independent_probe::probe_bare_shell_prompt_empty_title_returns_none ... ok
test agent_detect::independent_probe::probe_build_log_with_waiting_does_not_return_blocked ... ok
test agent_detect::independent_probe::probe_dev_server_stop_hint_does_not_fabricate_working ... ok
test agent_detect::independent_probe::probe_git_log_mentioning_prompt_words_does_not_fabricate_blocked ... ok
test agent_detect::independent_probe::probe_git_log_with_quoted_prompt_words_returns_none ... ok
test agent_detect::independent_probe::probe_measured_bare_titles_alone_do_not_fabricate_state ... ok
test agent_detect::independent_probe::probe_omo_real_permission_choices_reach_blocked ... ok
test agent_detect::independent_probe::probe_ordinary_shell_output_does_not_fabricate_working ... ok
test agent_detect::independent_probe::probe_permission_screen_reaches_blocked ... ok
test agent_detect::independent_probe::probe_plain_ls_la_output_returns_none ... ok
test agent_detect::independent_probe::probe_working_screen_reaches_working_for_agents_with_no_status_title ... ok
test agent_detect::independent_probe::probe_working_then_unclassifiable_screen_holds_working ... ok
test agent_detect::tests::test_every_shipped_manifest_loads_and_validates ... ok
test agent_detect::tests::test_nested_any_all_composition ... ok
test agent_detect::tests::test_no_match_holds_previous_state ... ok
test agent_detect::tests::test_not_veto_suppresses_match ... ok
test agent_detect::tests::test_per_agent_realistic_screens ... ok
test agent_detect::tests::test_priority_ordering_higher_priority_wins ... ok
test agent_detect::tests::test_region_scoping_bottom_lines ... ok
test agent_detect::tests::test_skip_state_update_holds_previous_state ... ok
test browser::find::tests::find_script_counts_with_the_same_engine_that_highlights ... ok
test browser::find::tests::find_script_json_encodes_query_and_direction ... ok
test browser::find::tests::find_script_restores_selection_and_scroll_before_searching ... ok
test browser::find::tests::parses_tauri_find_callback_payload ... ok
test browser::guest::tests::bridge_script_captures_nonce_carrying_builtins_at_document_start ... ok
test browser::guest::tests::guest_bridge_covers_popup_download_shortcuts_and_url_drop ... ok
test browser::guest::tests::guest_control_urls_require_matching_nonce ... ok
test browser::guest::tests::parses_bridge_actions_and_ignores_normal_navigation ... ok
test browser::tests::engine_history_flags_win_over_the_shadow_vector ... ok
test browser::tests::history_stack_truncates_forward_entries_after_new_navigation ... ok
test browser::tests::named_profile_ids_round_trip_as_strings ... ok
test browser::tests::restored_browser_id_and_zoom_are_preserved_by_manager ... ok
test browser::tests::test_browser_automation_target_rejects_stale_generation ... ok
test browser::tests::test_browser_automation_target_requires_current_snapshot_reference ... ok
test browser::tests::test_browser_manager_get_bounds_and_visibility ... ok
test browser::tests::test_browser_manager_lifecycle ... ok
test browser::tests::test_cmd_browser_navigate_returns_webview_not_found_when_webview_missing ... ok
test browser::tests::test_cmd_browser_set_bounds_returns_webview_not_found_when_webview_missing ... ok
test browser::tests::test_cmd_browser_set_visible_returns_webview_not_found_when_webview_missing ... ok
test browser::tests::test_default_desktop_user_agent ... ok
test browser::tests::test_history_navigation_marks_loading_without_overwriting_url ... ok
test browser::tests::test_imported_cookie_converts_to_tauri_cookie ... ok
test browser::tests::test_page_load_url_change_invalidates_automation_targets ... ok
test browser::tests::test_register_session_falls_back_to_generated_id_for_unsafe_browser_ids ... ok
test browser::tests::test_validate_url ... ok
test browser::tests::test_validate_url_rejects_embedded_credentials_and_overlong_urls ... ok
test browser::tests::test_webview_not_found_ipc_error_mapping ... ok
test cli::tests::browser_click_cli_preserves_generation_and_reference ... ok
test cli::tests::browser_fill_cli_preserves_generation_reference_and_value ... ok
test cli::tests::browser_keypress_cli_preserves_generation_and_key ... ok
test cli::tests::browser_list_cli_parses_without_browser_id ... ok
test cli::tests::browser_snapshot_cli_requires_browser_id ... ok
test cli::tests::test_parse_launch_mode_default_is_gui ... ok
test cli::tests::test_parse_launch_mode_detects_daemon_flag ... ok
test cli::tests::test_parse_launch_mode_ignores_other_flags ... ok
test clipboard_image::tests::an_empty_pasteboard_payload_never_becomes_a_clipboard_image ... ok
test clipboard_image::tests::bottom_up_24bpp_dib_is_flipped_and_converted_to_rgba ... ok
test clipboard_image::tests::real_alpha_channel_survives ... ok
test clipboard_image::tests::top_down_dib_keeps_row_order ... ok
test clipboard_image::tests::unsupported_and_truncated_bitmaps_are_rejected ... ok
test clipboard_image::tests::zeroed_alpha_channel_is_treated_as_opaque ... ok
test daemon::agent_extension::tests::bundled_extension_derives_provider_session_from_session_manager ... ok
test daemon::agent_extension::tests::bundled_extension_publishes_a_rotated_provider_session ... ok
test daemon::agent_extension::tests::bundled_extension_reports_only_known_states ... ok
test daemon::agent_extension::tests::install_skips_absent_directory ... ok
test daemon::agent_extension::tests::install_writes_then_becomes_idempotent ... ok
test daemon::agent_state::tests::canonical_report_wins_over_stale_and_duplicate_legacy_reports ... ok
test daemon::agent_state::tests::lag_recovery_reads_retained_current_state ... ok
test daemon::agent_state::tests::lag_resynchronization_discards_queued_states_older_than_snapshot ... ok
test daemon::agent_state::tests::legacy_working_blocked_idle_edges_are_not_coalesced ... ok
test daemon::agent_state::tests::local_working_blocked_idle_edges_are_not_coalesced ... ok
test daemon::agent_state::tests::predecessor_backlog_is_a_quiet_baseline_not_a_new_completion ... ok
test daemon::agent_state::tests::predecessor_snapshot_does_not_overwrite_newer_predecessor_transition ... ok
test daemon::agent_state::tests::removing_session_clears_retained_snapshot ... ok
test daemon::client::paired_host_compatibility_tests::old_daemon_unknown_capability_never_receives_upgrade_or_secret ... ok
test daemon::client::tests::ssh_reconnect_safety_desktop_missing_generation_never_uses_legacy_write ... ok
test daemon::client::tests::ssh_reconnect_safety_desktop_remote_control_is_not_queued ... ok
test daemon::client::tests::test_attach_arbitrary_error_not_session_not_found ... ok
test daemon::client::tests::test_attach_malformed_overlapping_not_found_message_does_not_panic ... ok
test daemon::client::tests::test_attach_session_not_found_exact_match ... ok
test daemon::client::tests::test_attach_session_not_found_wrong_id ... ok
test daemon::client::tests::test_client_dedicated_attach_stream_does_not_monopolize_control_connection ... ok
test daemon::client::tests::test_client_handshake_read_times_out ... ok
test daemon::client::tests::test_client_reconnects_transparently_when_socket_dropped ... ok
test daemon::client::tests::test_client_rejects_symlinked_socket_before_connecting ... ok
test daemon::client::tests::test_client_rejects_wrong_uid_runtime_dir_before_connecting ... ok
test daemon::client::tests::test_client_reuses_persistent_connection_without_rehandshaking ... ok
test daemon::client::tests::test_client_spawn_describe_attach_write_cycle ... ok
test daemon::client::tests::test_client_workspace_registration_and_remote_apis ... ok
test daemon::client::tests::test_daemon_readiness_requires_exact_stdout_token_without_polling ... ok
test daemon::client::tests::test_mutating_request_is_not_retried_after_ambiguous_delivery ... ok
test daemon::client::tests::test_protocol_mismatch_uses_stable_typed_code_and_versions ... ok
test daemon::client::tests::test_remote_set_active_selection_is_retry_safe ... ok
test daemon::client::tests::test_retry_safe_read_is_retried_after_ambiguous_delivery ... ok
test daemon::client::tests::test_should_request_upgrade_all_branches ... ok
test daemon::client::tests::worktree_mutations_are_never_blindly_resent ... ok
test daemon::handover::tests::cancelled_gateway_retains_close_operation_until_it_drains ... ok
test daemon::handover::tests::handover_commit_does_not_unlink_the_replacement_listener ... ok
test daemon::handover::tests::handover_commit_persists_legacy_route_before_releasing_ownership ... ok
test daemon::handover::tests::handover_commit_preserves_ownership_when_route_persistence_fails ... ok
test daemon::launchd::tests::test_generate_plist_contains_required_fields ... ok
test daemon::launchd::tests::test_uninstall_surfaces_launchctl_failure ... ok
test daemon::manifest::tests::handover_manifest_update_excludes_other_file_handles ... ok
test daemon::manifest::tests::handover_manifest_update_preserves_unreadable_route_data ... ok
test daemon::manifest::tests::test_handover_manifest_save_load_prune ... ok
test daemon::protocol::tests::agent_state_report_treats_malformed_provider_session_as_absent ... ok
test daemon::protocol::tests::agent_state_snapshot_flag_is_backward_compatible ... ok
test daemon::protocol::tests::agent_state_snapshot_flag_survives_wire_roundtrip ... ok
test daemon::protocol::tests::agent_state_stream_serializes_authoritative_provider_session ... ok
test daemon::protocol::tests::test_daemon_request_write_and_response_attach_base64 ... ok
test daemon::protocol::tests::test_daemon_stream_message_compact_base64_encoding ... ok
test daemon::protocol::tests::test_daemon_stream_message_gap_roundtrip ... ok
test daemon::protocol::tests::test_daemon_stream_message_lagged_with_replay_gap_roundtrip ... ok
test daemon::protocol::tests::test_describe_session_and_spawn_v2_serde ... ok
test daemon::protocol::tests::test_handover_protocol_serde_roundtrip ... ok
test daemon::protocol::tests::test_protocol_mismatch_response_is_typed ... ok
test daemon::protocol::tests::test_protocol_v3_handshake_and_list_sessions_epoch ... ok
test daemon::protocol::tests::test_register_workspace_and_remote_commands_serde ... ok
test daemon::protocol::tests::test_spawn_shell_field_roundtrip_and_backward_compatibility ... ok
test daemon::protocol::tests::test_spawn_with_agent_resume_startup_roundtrip ... ok
test daemon::protocol::tests::test_upgrade_binary_protocol_serde_roundtrip ... ok
test daemon::server::a03_owner_cli_fixture::a03_private_owner_cli_surface ... 
running 1 test
A03 UDS protocol=3 exact_owner_pid=46591 capabilities=machinePairingV1,pairedHostInventoryV1 legacy_ping=pong
A03 CLI pid=46594 exited=0 reaped=true
A03 AUTHORITY Access: mirror; controls only exposed desktop sessions.
A03 CLI pid=46595 exited=0 reaped=true
A13 REPEAT issuance=1 owner_cli=0 exchange=200 scope=Machine permission=Control stale_pin_refused=true
A03 CLI pid=46596 exited=0 reaped=true
A13 REPEAT issuance=2 owner_cli=0 exchange=200 scope=Machine permission=Control stale_pin_refused=true
A03 DIRECTORY scope=Mirror status=403 native_projection_verified=false sentinel_unchanged=true sessions_status=403
A03 UDS protocol=3 exact_owner_pid=46591 capabilities=machinePairingV1,pairedHostInventoryV1 legacy_ping=pong
A03 CAPABILITIES {"accessScope":"mirror","apiVersion":1,"capabilities":[],"daemonEpoch":"1789286788517","limits":{"directoryEntries":1000,"terminalSessions":64},"machineId":"995c208b-d45d-4aac-9769-9a53a5c8fe62","permission":"control","platform":"macos"}
A03 SURFACE scope=Mirror permission=Control relay_exchange=200 capabilities=200 anonymous=401 revoked=401 machine_capabilities=[]
A03 UDS protocol=3 exact_owner_pid=46591 capabilities=machinePairingV1,pairedHostInventoryV1 legacy_ping=pong
A03 CLI pid=46598 exited=0 reaped=true
A03 AUTHORITY Access: machine; permits browsing and executing programs as the daemon OS user.
A03 CLI pid=46605 exited=0 reaped=true
A13 REPEAT issuance=1 owner_cli=0 exchange=200 scope=Machine permission=Control stale_pin_refused=true
A03 CLI pid=46606 exited=0 reaped=true
A13 REPEAT issuance=2 owner_cli=0 exchange=200 scope=Machine permission=Control stale_pin_refused=true
A03 DIRECTORY scope=Machine status=200 native_projection_verified=true sentinel_unchanged=true sessions_status=400
A03 UDS protocol=3 exact_owner_pid=46591 capabilities=machinePairingV1,pairedHostInventoryV1 legacy_ping=pong
A03 CAPABILITIES {"accessScope":"machine","apiVersion":1,"capabilities":["directoryBrowseV1","terminalCreateV1"],"daemonEpoch":"1789286788847","limits":{"directoryEntries":1000,"terminalSessions":64},"machineId":"995c208b-d45d-4aac-9769-9a53a5c8fe62","permission":"control","platform":"macos"}
A03 SURFACE scope=Machine permission=Control relay_exchange=200 capabilities=200 anonymous=401 revoked=401 machine_capabilities=["directoryBrowseV1","terminalCreateV1"]
A03 CLEANUP fixture_pid=46591 runtimes_stopped=true sockets_removed=true
test daemon::server::a03_owner_cli_fixture::a03_private_owner_cli_surface ... ok

test result: ok. 1 passed; 0 failed; 0 ignored; 0 measured; 1034 filtered out; finished in 0.58s

ok
test daemon::server::a04_shared_services_tests::a04_cleanup_failure_paths ... 
running 1 test
A04 AUTHORITY session=0x10a61e200 workspace=0x10a6206d0 backend=Pointer { addr: 0x10a61e200, metadata: DynMetadata(0x106ef3d80) }
A04 CLEANUP listener=IPC joined=true
A04 CLEANUP listeners_joined=true socket_removed=true closed=0 injection=IpcSetup errors=[]
test daemon::server::a04_shared_services_tests::a04_shared_authority_runtime ... ok

test result: ok. 1 passed; 0 failed; 0 ignored; 0 measured; 1034 filtered out; finished in 0.00s


running 1 test
A04 AUTHORITY session=0x10bc04ba0 workspace=0x10bc051a0 backend=Pointer { addr: 0x10bc04ba0, metadata: DynMetadata(0x10863bd80) }
A04 CLEANUP listener=IPC joined=true
A04 CLEANUP listener=HTTP joined=true
A04 CLEANUP listeners_joined=true socket_removed=true closed=0 injection=HttpSetup errors=[]
test daemon::server::a04_shared_services_tests::a04_shared_authority_runtime ... ok

test result: ok. 1 passed; 0 failed; 0 ignored; 0 measured; 1034 filtered out; finished in 0.00s


running 1 test
A04 AUTHORITY session=0x10a58c710 workspace=0x10a58dbb0 backend=Pointer { addr: 0x10a58c710, metadata: DynMetadata(0x106f0bd80) }
A04 OWNED owner_pid=46615 session=5c5485cf-aed2-49ca-96fd-b3125df71a65 pty_pid=46634 root=/private/tmp/a04-MksL5q
A04 CLEANUP listener=IPC joined=true
A04 CLEANUP listener=HTTP joined=true
A04 CLEANUP session=5c5485cf-aed2-49ca-96fd-b3125df71a65 pty_pid=Some(46634) reaped=true
A04 CLEANUP listeners_joined=true socket_removed=true closed=1 injection=Scenario errors=[]
test daemon::server::a04_shared_services_tests::a04_shared_authority_runtime ... ok

test result: ok. 1 passed; 0 failed; 0 ignored; 0 measured; 1034 filtered out; finished in 0.45s


running 1 test
A04 AUTHORITY session=0x109c30910 workspace=0x109c31e60 backend=Pointer { addr: 0x109c30910, metadata: DynMetadata(0x10661bd80) }
A04 OWNED owner_pid=46635 session=b09fb7be-63b7-43d7-9ec6-bff50b172ae6 pty_pid=46651 root=/private/tmp/a04-tcOWOd
A04 OWNED owner_pid=46635 session=29c4055a-3b42-480d-80cc-9e70ffaea40c pty_pid=Some(46652) root=/private/tmp/a04-tcOWOd
A04 LIVE owner_pid=46635 pty_pid=46651 ipc=/private/tmp/a04-tcOWOd/fixture.sock http=127.0.0.1:53156 metadata={"session":{"cols":80,"cwd":"/private/tmp/a04-tcOWOd/project","endSequence":null,"rows":24,"running":true,"sessionId":"b09fb7be-63b7-43d7-9ec6-bff50b172ae6","startSequence":null,"workspaceId":"a04","worktree":null},"type":"describeSessionOk"} process_cwd=Some("/private/tmp/a04-tcOWOd/project")
A04 HTTP status=200 sessions=[{"running":true,"sessionId":"29c4055a-3b42-480d-80cc-9e70ffaea40c","title":null,"workspaceId":"a04","worktreeLabel":"project"},{"running":true,"sessionId":"b09fb7be-63b7-43d7-9ec6-bff50b172ae6","title":null,"workspaceId":"a04","worktreeLabel":"project"}] registry_ipc=1 registry_http=1
A04 CLEANUP listener=IPC joined=true
A04 CLEANUP listener=HTTP joined=true
A04 CLEANUP session=29c4055a-3b42-480d-80cc-9e70ffaea40c pty_pid=Some(46652) reaped=true
A04 CLEANUP session=b09fb7be-63b7-43d7-9ec6-bff50b172ae6 pty_pid=Some(46651) reaped=true
A04 CLEANUP listeners_joined=true socket_removed=true closed=2 injection=Cleanup errors=["close 29c4055a-3b42-480d-80cc-9e70ffaea40c: General error: injected close failure"]
test daemon::server::a04_shared_services_tests::a04_shared_authority_runtime ... ok

test result: ok. 1 passed; 0 failed; 0 ignored; 0 measured; 1034 filtered out; finished in 2.38s


running 1 test
A04 AUTHORITY session=0x1083f0930 workspace=0x1083f20e0 backend=Pointer { addr: 0x1083f0930, metadata: DynMetadata(0x104ef3d80) }
A04 OWNED owner_pid=46734 session=8bfc34c3-9a90-4f50-ab7c-64168b03fe7d pty_pid=46754 root=/private/tmp/a04-kTLKpF
A04 CLEANUP listener=IPC joined=true
A04 CLEANUP listener=HTTP joined=true
A04 CLEANUP session=8bfc34c3-9a90-4f50-ab7c-64168b03fe7d pty_pid=Some(46754) reaped=true
A04 CLEANUP listeners_joined=true socket_removed=true closed=1 injection=Cancel errors=[]
test daemon::server::a04_shared_services_tests::a04_shared_authority_runtime ... ok

test result: ok. 1 passed; 0 failed; 0 ignored; 0 measured; 1034 filtered out; finished in 0.17s


running 1 test
A04 AUTHORITY session=0x10a06c990 workspace=0x10a06de60 backend=Pointer { addr: 0x10a06c990, metadata: DynMetadata(0x10698fd80) }
A04 OWNED owner_pid=46755 session=b7d2c755-0e4f-47c7-ac5d-4c4c65bd6335 pty_pid=46770 root=/private/tmp/a04-Z4rkW0
A04 CLEANUP listener=IPC joined=true
A04 CLEANUP listener=HTTP joined=true
A04 CLEANUP session=b7d2c755-0e4f-47c7-ac5d-4c4c65bd6335 pty_pid=Some(46770) reaped=true
A04 CLEANUP listeners_joined=true socket_removed=true closed=1 injection=Deadline errors=[]
test daemon::server::a04_shared_services_tests::a04_shared_authority_runtime ... ok

test result: ok. 1 passed; 0 failed; 0 ignored; 0 measured; 1034 filtered out; finished in 0.18s

ok
test daemon::server::a04_shared_services_tests::a04_legacy_constructors_have_no_machine_authority ... ok
test daemon::server::a04_shared_services_tests::a04_services_have_no_strong_owner_cycle ... ok
test daemon::server::a04_shared_services_tests::a04_shared_authority_runtime ... 
running 1 test
A04 AUTHORITY session=0x10a9de6a0 workspace=0x10a9e0aa0 backend=Pointer { addr: 0x10a9de6a0, metadata: DynMetadata(0x107473d80) }
A04 OWNED owner_pid=46771 session=3490f5f3-e2ed-4173-9052-211961011bc4 pty_pid=46790 root=/private/tmp/a04-QnSnIs
A04 LIVE owner_pid=46771 pty_pid=46790 ipc=/private/tmp/a04-QnSnIs/fixture.sock http=127.0.0.1:53233 metadata={"session":{"cols":80,"cwd":"/private/tmp/a04-QnSnIs/project","endSequence":null,"rows":24,"running":true,"sessionId":"3490f5f3-e2ed-4173-9052-211961011bc4","startSequence":null,"workspaceId":"a04","worktree":null},"type":"describeSessionOk"} process_cwd=Some("/private/tmp/a04-QnSnIs/project")
A04 HTTP status=200 sessions=[{"running":true,"sessionId":"3490f5f3-e2ed-4173-9052-211961011bc4","title":null,"workspaceId":"a04","worktreeLabel":"project"}] registry_ipc=1 registry_http=1
A04 CLEANUP listener=IPC joined=true
A04 CLEANUP listener=HTTP joined=true
A04 CLEANUP session=3490f5f3-e2ed-4173-9052-211961011bc4 pty_pid=Some(46790) reaped=true
A04 CLEANUP listeners_joined=true socket_removed=true closed=1 injection=None errors=[]
test daemon::server::a04_shared_services_tests::a04_shared_authority_runtime ... ok

test result: ok. 1 passed; 0 failed; 0 ignored; 0 measured; 1034 filtered out; finished in 1.22s

ok
test daemon::server::a05_compatibility_tests::catalog_constructor_child ... ok
test daemon::server::a05_compatibility_tests::catalog_constructor_isolation ... 
running 1 test
CONSTRUCTOR cleanup first=/tmp/blockon-st_01a099c9-h9waivts/tmp/.tmpwfMbgM/.tmprxUlQ7 second=/tmp/blockon-st_01a099c9-h9waivts/tmp/.tmpwfMbgM/.tmp2pAlHp absent=true sentinel_unchanged=true
test daemon::server::a05_compatibility_tests::catalog_constructor_child ... ok

test result: ok. 1 passed; 0 failed; 0 ignored; 0 measured; 1034 filtered out; finished in 0.13s

ok
test daemon::server::a05_compatibility_tests::catalog_ssh_unregister_compatibility ... ok
test daemon::server::machine_gateway::tests::idle_connection_expires_when_peer_sends_no_request ... ok
test daemon::server::paired_host_native_tests::native_daemon_relay_inventory_roundtrip ... ok
test daemon::server::paired_host_operation_tests::native_operations_force_relay_equal_paths_restart ... ok
test daemon::server::paired_host_process_tests::paired_host_process_child ... ok
test daemon::server::paired_host_process_tests::paired_host_separate_process_restart ... ok
test daemon::server::remote_ssh_tests::direct_ssh_real_transport_registration_and_pty ... ok
test daemon::server::session_path_tests::session_path_dev_uses_isolated_path_without_override ... ok
test daemon::server::session_path_tests::session_path_override_wins_for_dev ... ok
test daemon::server::session_path_tests::session_path_override_wins_for_release ... ok
test daemon::server::session_path_tests::session_path_release_preserves_existing_path_without_override ... ok
test daemon::server::ssh_survival_tests::ssh_daemon_restart_restores_identity_without_local_pty ... ok
test daemon::server::ssh_survival_tests::ssh_reconnect_safety_gap_precedes_recovered_output ... ok
test daemon::server::ssh_survival_tests::ssh_reconnect_safety_proxy_preserves_gap_marker ... ok
test daemon::server::ssh_survival_tests::ssh_reconnect_safety_retry_is_additive_protocol ... ok
test daemon::server::tests::agent_state_report_reaches_only_its_own_session_stream ... ok
test daemon::server::tests::agent_state_reports_are_parsed_and_filtered ... ok
test daemon::server::tests::attach_resynchronizes_agent_state_reported_before_subscription ... ok
test daemon::server::tests::resolve_upgrade_target_exe_only_resolves_paths_that_exist ... ok
test daemon::server::tests::test_agent_resume_competing_claim_conflicts_and_releases ... ok
test daemon::server::tests::test_agent_resume_failed_spawn_does_not_leak_claim ... ok
test daemon::server::tests::test_agent_resume_idempotency_fingerprint_includes_full_startup_payload ... ok
test daemon::server::tests::test_agent_resume_identical_request_is_one_spawn ... ok
test daemon::server::tests::test_agent_resume_production_spawn_path_fences_duplicates_and_conflicts ... ok
test daemon::server::tests::test_binary_identity_helper_pure_and_injection ... ok
test daemon::server::tests::test_clear_cloexec_and_fd_inheritance_across_exec ... ok
test daemon::server::tests::test_daemon_exclusive_lock_semantics_rejects_duplicates_and_releases_on_drop ... ok
test daemon::server::tests::test_daemon_remote_gateway_lifecycle_and_commands ... ok
test daemon::server::tests::test_handle_upgrade_binary_idempotent_when_not_needed ... ok
test daemon::server::tests::test_normalize_process_cwd_windows_verbatim_paths ... ok
test daemon::server::tests::test_omo_resume_cwd_cannot_escape_workspace ... ok
test daemon::server::tests::test_persistent_daemon_lock_creates_only_dedicated_secure_directory ... ok
test daemon::server::tests::test_persistent_daemon_lock_survives_legacy_tmp_lock_replacement ... ok
test daemon::server::tests::test_persistent_lock_filename_is_profile_aware ... ok
test daemon::server::tests::test_pump_stream_compact_framing_and_exit ... ok
test daemon::server::tests::test_remote_select_request_reaches_a_subscribed_desktop_client ... ok
test daemon::server::tests::test_runtime_dir_and_socket_symlink_protection ... ok
test daemon::server::tests::test_runtime_node_modes_are_enforced ... ok
test daemon::server::tests::test_runtime_paths_are_profile_aware ... FAILED
test daemon::server::tests::test_server_attach_with_after_sequence_and_snapshot ... ok
test daemon::server::tests::test_server_describe_nonexistent_session ... ok
test daemon::server::tests::test_server_epoch_in_handshake_and_list ... ok
test daemon::server::tests::test_server_handshake_version_mismatch ... ok
test daemon::server::tests::test_server_register_workspace_and_spawn_isolation ... ok
test daemon::server::tests::test_server_spawn_cwd_validation ... ok
test daemon::server::tests::test_server_spawn_idempotency_cache ... ok
test daemon::server::tests::test_server_unregister_workspace_is_idempotent_and_revokes_registration ... ok
test daemon::server::tests::test_stream_lagged_replay_gap_full_recovery ... ok
test daemon::server::tests::test_subscribe_remote_events_streams_desktop_directed_events ... ok
test daemon::session_service::machine_tests::crash::actual_owner_crash_reconciles_without_respawn ... 
running 1 test

running 1 test

running 1 test
ok
test daemon::session_service::machine_tests::crash::child ... ok
test daemon::session_service::machine_tests::dropped_http_reply_replays_original_process_and_controller_fences_close ... ok
test daemon::session_service::machine_tests::interrupted_spawn_never_repeats_preallocated_intent ... ok
test daemon::session_service::machine_tests::machine_mutation_slots_are_shared_and_bounded ... ok
test daemon::session_service::machine_tests::provider_resume_child ... ok
test daemon::session_service::machine_tests::provider_resume_uses_only_remote_validated_identity ... 
running 1 test
A09 provider: remote executable fixture consumed --session/existing-provider-id; transcript CWD verified; cross-device claim conflict; typed key rejected; no generated provider ID
test daemon::session_service::machine_tests::provider_resume_child ... ok

test result: ok. 1 passed; 0 failed; 0 ignored; 0 measured; 1034 filtered out; finished in 0.66s

ok
test daemon::session_service::machine_tests::queued_revocation_rechecks_before_journal_or_pty ... ok
test daemon::session_service::machine_tests::sixty_four_live_machine_sessions_are_the_admission_limit ... ok
test daemon::workspace_service::catalog_tests::post_rename_sync_failure_fences_publication ... ok
test daemon::workspace_service::catalog_tests::unrelated_workspace_registration_progresses_while_workspace_fenced ... ok
test daemon::workspace_service::workspace_watcher::tests::parent_watch_promoted_to_project_observes_nested_file ... ok
test dag::journal_tests::test_list_run_summaries_from_testdata_dir ... ok
test dag::journal_tests::test_parse_events_jsonl_stream ... ok
test dag::journal_tests::test_parse_run_checkpoint_081e_real_fixture ... ok
test dag::journal_tests::test_parse_run_checkpoint_f107_real_fixture ... ok
test dag::journal_tests::test_state_tolerance_fallback_variant ... ok
test dag::journal_tests::test_waves_unknown_node_id_fails_with_typed_error ... ok
test dag::watcher::tests::dag_live_tail ... ignored
test dag::watcher::tests::test_dag_watcher_detects_checkpoint_changes ... ok
test dag::watcher::tests::test_dag_watcher_reports_journal_created_after_start ... ok
test ipc::agents::tests::args_match_agent_recognizes_supported_commands ... ok
test ipc::agents::tests::cursor_agent_alias_extracts_cursor_chat_session_id ... ok
test ipc::agents::tests::descendant_agent_pid_finds_omo_beneath_shell_chain ... ok
test ipc::agents::tests::opencode_session_id_validation ... ok
test ipc::agents::tests::opencode_session_list_json_parser_matches_cwd ... ok
test ipc::agents::tests::parse_ps_entries_preserves_long_args ... ok
test ipc::agents::tests::session_discovery_extracts_gjc_short_hex_ids ... ok
test ipc::agents::tests::session_discovery_extracts_pi_session_path ... ok
test ipc::agents::tests::session_discovery_extracts_supported_paths_only ... ok
test ipc::agents::tests::session_id_from_env_output_reads_pi_session_file ... ok
test ipc::agents::tests::test_agent_detection_serde_camel_case ... ok
test ipc::agents::tests::test_agents_detect_does_not_spawn_which ... ok
test ipc::agents::tests::test_agents_detect_existing_and_nonexistent_binaries ... ok
test ipc::agents::tests::test_agents_detect_rejects_path_shaped_names ... ok
test ipc::agents::tests::test_antigravity_last_conversations_parser ... ok
test ipc::agents::tests::test_encode_pi_safe_path ... ok
test ipc::agents::tests::uuid_from_session_path_extracts_timestamped_omo_session_id ... ok
test ipc::blocking_contract_tests::blocking_ipc_helper_runs_operation_off_async_caller_thread ... ok
test ipc::browser::automation_tests::click_requires_snapshot_selector ... ok
test ipc::browser::automation_tests::fill_script_encodes_untrusted_values_as_json_strings ... ok
test ipc::browser::automation_tests::keypress_script_encodes_modifiers_and_events ... ok
test ipc::browser::automation_tests::keypress_script_rejects_invalid_inputs ... ok
test ipc::browser::automation_tests::macos_keypress_spec_preserves_navigation_editing_and_modifiers ... ok
test ipc::browser::automation_tests::parse_keypress_valid_combinations ... ok
test ipc::browser::tests::keep_or_discard_fresh_webview_covers_both_branches ... ok
test ipc::browser::tests::test_cmd_open_file_path_rejects_nonexistent_file ... ok
test ipc::browser::tests::test_cmd_open_file_path_resolves_relative_with_cwd ... ok
test ipc::browser_cli::tests::browser_cli_server_starts_without_tokio_reactor ... ok
test ipc::browser_cli::tests::test_browser_cli_error_code_matches_ipc_wire_format ... ok
test ipc::browser_cli::tests::test_browser_cli_list_request_serialization ... ok
test ipc::browser_cli::tests::test_browser_cli_list_response_serialization ... ok
test ipc::browser_cli::tests::test_browser_cli_list_round_trip_unix_stream ... ok
test ipc::browser_cli::tests::test_browser_cli_oversized_request_gets_too_large_error ... ok
test ipc::browser_cli::tests::test_browser_cli_send_over_stream_round_trip ... ok
test ipc::browser_cli::tests::test_read_and_write_port_file_round_trip ... ok
test ipc::browser_cli::tests::test_read_limited_line_rejects_oversized_request_line ... ok
test ipc::browser_cli::tests::test_read_port_from_file_malformed_returns_unavailable ... ok
test ipc::browser_cli::tests::test_read_port_from_file_missing_returns_unavailable ... ok
test ipc::browser_cli::tests::test_write_port_file_replaces_existing_file ... ok
test ipc::cli_install::tests::test_cli_install_error_mapping_to_ipc_error ... ok
test ipc::cli_install::tests::test_cli_launcher_status_dto_camel_case_contract ... ok
test ipc::cli_install::tests::test_install_creates_parent_directory_and_symlink ... ok
test ipc::cli_install::tests::test_install_refreshes_existing_symlink ... ok
test ipc::cli_install::tests::test_install_rejects_directory_collision ... ok
test ipc::cli_install::tests::test_install_rejects_regular_file_collision ... ok
test ipc::cli_install::tests::test_install_rejects_symlinked_grandparent_directory ... ok
test ipc::cli_install::tests::test_install_rejects_symlinked_parent_directory ... ok
test ipc::cli_install::tests::test_resolve_launcher_status_non_unix_preserves_active_exe ... ok
test ipc::cli_install::tests::test_resolve_launcher_status_non_unix_without_home_returns_unsupported ... ok
test ipc::cli_install::tests::test_resolve_launcher_status_unix_requires_home ... ok
test ipc::cli_install::tests::test_resolve_launcher_status_unix_with_home ... ok
test ipc::cli_install::tests::test_status_detection_various_scenarios ... ok
test ipc::dag::tests::dag_run_snapshot_forwards_checkpoint_session_ids ... ok
test ipc::dag::tests::test_dag_list_and_get_runs_success ... ok
test ipc::dag::tests::test_dag_list_runs_empty_for_missing_dir ... ok
test ipc::dag::tests::test_dag_watch_project_canonical_key_and_dedup ... ok
test ipc::debug::tests::debug_builds_always_trace ... ok
test ipc::debug::tests::release_builds_ignore_any_other_flag_value ... ok
test ipc::debug::tests::release_builds_stay_silent_by_default ... ok
test ipc::debug::tests::release_builds_trace_when_opted_in ... ok
test ipc::diagnostics::tests::appends_structured_lines ... ok
test ipc::diagnostics::tests::skips_append_past_size_cap ... ok
test ipc::native_menu::tests::entries_deserialize_separator_and_submenu ... ok
test ipc::native_menu::tests::item_spec_deserializes_with_defaults ... ok
test ipc::native_menu::tests::resolve_agent_icons_and_decode_custom_icon ... ok
test ipc::native_menu::tests::resolve_native_icon_maps_only_supported_names ... ok
test ipc::native_terminal_disabled::tests::disabled_native_terminal_commands_return_typed_unsupported_error ... ok
test ipc::notifications::tests::dispatch_command_payload_matches_the_frontend_contract ... ok
test ipc::notifications::tests::dispatch_result_round_trips_across_the_ipc_boundary ... ok
test ipc::notifications::tests::open_system_settings_command_returns_a_structured_result ... ok
test ipc::notifications::tests::permission_request_result_round_trips_across_the_ipc_boundary ... ok
test ipc::notifications::tests::permission_status_round_trips_across_the_ipc_boundary ... ok
test ipc::notifications::tests::picked_audio_result_round_trips_including_cancellation ... ok
test ipc::notifications::tests::picker_filters_only_offer_decodable_formats ... ok
test ipc::notifications::tests::play_sound_command_rejects_unsupported_formats ... ok
test ipc::notifications::tests::play_sound_command_reports_missing_file_without_erroring ... ok
test ipc::notifications::tests::play_sound_command_tolerates_omitted_optional_arguments ... ok
test ipc::notifications::tests::probe_result_round_trips_across_the_ipc_boundary ... ok
test ipc::notifications::tests::set_badge_count_command_clears_badge_at_zero ... ok
test ipc::notifications::tests::set_badge_count_command_returns_structured_result ... ok
test ipc::notifications::tests::set_badge_count_result_round_trips_across_ipc_boundary ... ok
test ipc::notifications::tests::take_activations_drains_queued_targets_exactly_once ... ok
test ipc::notifications::tests::take_activations_on_empty_queue_returns_empty ... ok
test ipc::project::git_identity_tests::linked_worktree_registration_keeps_execution_root_and_exposes_common_git_directory ... ok
test ipc::project::git_identity_tests::registration_prefers_upstream_identity_over_fork_origin ... ok
test ipc::project::git_identity_tests::registration_skips_filesystem_remotes_and_selects_named_hosted_remote ... ok
test ipc::project_remote::tests::all_local_git_boundaries_reject_remote_namespace_even_without_loaded_metadata ... ok
test ipc::project_remote::tests::local_registration_never_canonicalizes_a_remote_id_into_a_local_project ... ok
test ipc::project_remote::tests::remote_registration_wire_request_rejects_extra_execution_fields ... ok
test ipc::project_remote::tests::remote_startup_cannot_use_local_shell_resolver ... ok
test ipc::ssh::tests::changed_config_alias_replaces_endpoint_without_duplicate_id ... ok
test ipc::ssh::tests::default_store_is_empty ... ok
test ipc::ssh::tests::expand_tilde_path_resolves_home_and_subpaths ... ok
test ipc::ssh::tests::explicit_config_file_is_read_and_parsed_from_its_own_path ... ok
test ipc::ssh::tests::explicit_import_restores_a_previously_deleted_config_host ... ok
test ipc::ssh::tests::missing_config_file_reports_absence_instead_of_failing ... ok
test ipc::ssh::tests::repeated_import_preserves_existing_hosts_without_duplicates ... ok
test ipc::ssh::tests::resilient_store_keeps_latest_duplicate_host_id ... ok
test ipc::ssh::tests::resilient_store_skips_malformed_host_and_retains_valid ... ok
test ipc::ssh::tests::store_round_trips_through_json ... ok
test ipc::ssh::tests::system_config_result_parses_sample_content ... ok
test ipc::tests::agent_resume_startup_cwd_jail_enforcement ... ok
test ipc::tests::agent_resume_startup_validation_failure_before_pty_spawn ... ok
test ipc::tests::cmd_path_reveal_rejects_nonexistent_path_with_invalid_path_code ... ok
test ipc::tests::cmd_project_unregister_removes_registry_entry ... ok
test ipc::tests::cmd_project_unregister_serializes_camel_case_request ... ok
test ipc::tests::remote_status_after_reopen_persists_config_mode_until_started ... ok
test ipc::tests::remote_terminal_spawn_forwards_worktree_and_cwd_to_daemon ... ok
test ipc::tests::remote_terminal_spawn_rejects_explicit_startup ... ok
test ipc::tests::tauri_mock_terminal_attach_returns_base64_history_and_decimal_sequences ... ok
test ipc::tests::tauri_mock_terminal_events_use_registered_workspace ... ok
test ipc::tests::tauri_mock_worktree_commands_use_identity_contract ... FAILED
test ipc::tests::terminal_cwd_cache_and_resolution_contract ... ok
test ipc::tests::terminal_global_events_preserve_raw_bytes_and_lifecycle ... ok
test ipc::tests::terminal_output_batching_coalesces_rapid_bursts ... ok
test ipc::tests::terminal_process_cwd_resolves_accurately ... ok
test ipc::tests::test_project_registration_then_daemon_spawn ... ok
test ipc::tests::test_spawn_terminal_request_serde_camelcase_roundtrip ... ok
test native_terminal::cell_extractor::tests::test_extract_cell_snapshot_blink_roundtrip ... ok
test native_terminal::cell_extractor::tests::test_extract_cell_snapshot_faint_roundtrip ... ok
test native_terminal::cell_extractor::tests::test_extract_cell_snapshot_invisible_roundtrip ... ok
test native_terminal::cell_extractor::tests::test_extract_cell_snapshot_overline_roundtrip ... ok
test native_terminal::cell_extractor::tests::test_extract_cell_snapshot_strikethrough_roundtrip ... ok
test native_terminal::key::tests::key_event_deserialize_from_json ... ok
test native_terminal::key::tests::key_modifiers_deserialize_from_camel_case_json ... ok
test native_terminal::mouse::tests::mouse_event_deserializes_from_camel_case_wire_json ... ok
test native_terminal::selection::tests::mouse_gesture_without_authoritative_renderer_size_is_rejected ... ok
test native_terminal::terminal::tests::native_terminal_alternate_screen_detection ... ok
test native_terminal::terminal::tests::native_terminal_double_click_drag_extends_selection_by_word ... ok
test native_terminal::terminal::tests::native_terminal_double_click_selects_word_and_triple_click_selects_line ... ok
test native_terminal::terminal::tests::native_terminal_ffi_probe_bel_reports_counter_observation ... ok
test native_terminal::terminal::tests::native_terminal_ffi_probe_osc_2_reports_title_change_and_value ... ok
test native_terminal::terminal::tests::native_terminal_pointer_drag_installs_a_text_selection ... ok
test native_terminal::terminal::tests::off_viewport_cursor_suppresses_visibility ... ok
test native_terminal::terminal::tests::synchronized_output_survives_resize_until_redraw_completes ... ok
test native_terminal::terminal::tests::synchronized_output_uses_vt_mode_and_a_bounded_deadline ... ok
test native_terminal::terminal::tests::test_apply_theme_preferences_on_terminal ... ok
test native_terminal::terminal::tests::test_full_palette_defaults_cube_grays_and_overrides ... ok
test native_terminal::terminal::tests::test_line_text_at_preserves_leading_whitespace_for_indented_lines ... ok
test native_terminal::terminal::tests::test_line_text_at_reads_unwrapped_line_without_modifying_selection ... ok
test native_terminal::terminal::tests::test_selection_with_scrollback ... ok
test notification::activation::tests::drain_returns_pushed_targets_in_order_then_empties ... ok
test notification::activation::tests::overlapping_pushes_and_drains_lose_nothing ... ok
test notification::activation::tests::push_fires_the_wake_sink_once_per_push ... ok
test notification::activation::tests::push_without_a_wake_sink_still_enqueues ... ok
test notification::activation::tests::route_default_action_with_valid_target_enqueues ... ok
test notification::activation::tests::route_dismiss_action_never_enqueues ... ok
test notification::activation::tests::route_drops_missing_and_malformed_target ... ok
test notification::activation::tests::route_enqueues_target_before_firing_wake ... ok
test notification::activation::tests::startup_queued_activation_survives_until_first_drain ... ok
test notification::audio::tests::corrupt_audio_reports_decode_failure_not_a_crash ... ok
test notification::audio::tests::missing_file_reports_not_found_without_panicking ... ok
test notification::audio::tests::negative_and_oversized_volumes_clamp_into_range ... ok
test notification::audio::tests::picked_file_exposes_only_path_and_display_name ... ok
test notification::audio::tests::rapid_automatic_sounds_are_deduped_but_force_still_plays ... ok
test notification::audio::tests::sound_outside_the_dedupe_window_plays_again ... ok
test notification::audio::tests::unsupported_extension_is_rejected_before_decoding ... ok
test notification::audio::tests::zero_volume_short_circuits_before_touching_the_audio_device ... ok
test notification::badge::tests::format_badge_label_when_count_is_positive_returns_decimal_string ... ok
test notification::badge::tests::format_badge_label_when_count_is_zero_returns_none ... ok
test notification::badge::tests::set_badge_count_result_cleared_omits_none_badge_label ... ok
test notification::badge::tests::set_badge_count_result_constructors ... ok
test notification::badge::tests::set_badge_count_result_deserializes_from_json ... ok
test notification::badge::tests::set_badge_count_result_serializes_with_camel_case ... ok
test notification::badge::tests::set_badge_count_result_unsupported_serializes_cleanly ... ok
test notification::macos_delegate::tests::classify_action_matches_the_system_default_identifier ... ok
test notification::macos_delegate::tests::default_action_with_valid_target_reads_user_info_and_enqueues ... ok
test notification::macos_delegate::tests::default_action_without_a_target_key_does_not_route ... ok
test notification::macos_delegate::tests::dismiss_action_never_routes_even_with_a_valid_target ... ok
test notification::macos_submission::tests::decode_target_rejects_malformed_payloads ... ok
test notification::macos_submission::tests::native_content_encodes_target_into_user_info_and_round_trips ... ok
test notification::macos_submission::tests::native_content_uses_only_the_selected_sound ... ok
test notification::macos_submission::tests::native_content_without_target_omits_the_user_info_key ... ok
test notification::macos_submission::tests::submission_does_not_report_success_without_a_callback ... ok
test notification::macos_submission::tests::submission_propagates_native_rejection ... ok
test notification::macos_submission::tests::submission_waits_for_the_registered_completion ... ok
test notification::model::target_tests::dispatch_request_parses_camel_case_target ... ok
test notification::model::target_tests::dispatch_request_target_defaults_to_none ... ok
test notification::model::target_tests::format_notification_carries_target_through ... ok
test notification::model::target_tests::format_notification_test_source_has_no_target ... ok
test notification::model::target_tests::notification_target_uses_camel_case_frontend_ids ... ok
test notification::service::tests::authorized_status_submits_exactly_one_notification ... ok
test notification::service::tests::backend_failure_is_reported_as_a_structured_reason ... ok
test notification::service::tests::denied_macos_status_blocks_before_submitting ... ok
test notification::service::tests::dispatched_content_is_sanitized_before_reaching_the_backend ... ok
test notification::service::tests::explicit_permission_request_reaches_the_provider_once ... ok
test notification::service::tests::non_authoritative_denied_does_not_block ... ok
test notification::service::tests::non_authoritative_unknown_status_still_dispatches ... ok
test notification::service::tests::not_determined_returns_permission_required_without_implicit_prompt ... ok
test notification::service::tests::permission_status_passes_through_the_provider_value ... ok
test notification::service::tests::preflight_decisions_cover_every_authorization_state ... ok
test notification::service::tests::probe_failure_reports_failed_not_submitted ... ok
test notification::service::tests::probe_reports_blocked_without_sending_a_test ... ok
test notification::service::tests::probe_reports_permission_required_without_prompting ... ok
test notification::service::tests::probe_with_test_submits_exactly_one_test_notification ... ok
test notification::service::tests::probe_without_test_reports_ready_and_sends_nothing ... ok
test notification::service::tests::provisional_authorization_is_allowed_to_dispatch ... ok
test notification::service::tests::unsupported_platform_rejects_dispatch ... ok
test notification::tests::agent_completion_falls_back_to_workspace_label ... ok
test notification::tests::agent_completion_falls_back_when_labels_are_missing ... ok
test notification::tests::agent_completion_uses_agent_name_and_worktree_label ... ok
test notification::tests::current_platform_is_detected ... ok
test notification::tests::dispatch_reasons_serialize_as_kebab_case ... ok
test notification::tests::dispatch_request_deserializes_from_camel_case_payload ... ok
test notification::tests::dispatch_request_deserializes_from_kebab_case_payload ... ok
test notification::tests::dispatch_request_tolerates_a_minimal_payload ... ok
test notification::tests::display_name_uses_the_file_name ... ok
test notification::tests::formatted_content_is_sanitized_against_injected_control_characters ... ok
test notification::tests::formatted_content_never_exceeds_length_bounds ... ok
test notification::tests::macos_authorization_request_includes_badge_alert_and_sound ... ok
test notification::tests::macos_submits_through_user_notifications_not_the_legacy_bridge ... ok
test notification::tests::nan_volume_is_silent_rather_than_undefined ... ok
test notification::tests::notification_fallback_does_not_claim_permission ... ok
test notification::tests::notification_source_uses_camel_case_wire_values ... ok
test notification::tests::notification_wire_preserves_sound_and_attention_reason ... ok
test notification::tests::only_authoritative_denied_status_counts_as_blocked ... ok
test notification::tests::only_authoritative_not_determined_requires_a_permission_request ... ok
test notification::tests::open_system_settings_result_serializes_for_the_frontend ... ok
test notification::tests::out_of_range_volume_is_clamped ... ok
test notification::tests::permission_request_dto_serializes_with_nested_status ... ok
test notification::tests::permission_status_dto_matches_the_documented_wire_shape ... ok
test notification::tests::permission_status_dto_round_trips_badges_enabled ... ok
test notification::tests::picked_audio_file_serializes_path_and_display_name ... ok
test notification::tests::play_sound_result_serializes_kebab_case_reasons ... ok
test notification::tests::probe_result_serializes_outcome_and_submission_flag ... ok
test notification::tests::rejected_dispatch_result_carries_its_reason ... ok
test notification::tests::sanitize_collapses_newlines_and_pathological_whitespace ... ok
test notification::tests::sanitize_of_only_control_characters_is_empty ... ok
test notification::tests::sanitize_preserves_ordinary_unicode_text ... ok
test notification::tests::sanitize_removes_unicode_line_separators_and_bom ... ok
test notification::tests::sanitize_strips_control_characters_and_escape_sequences ... ok
test notification::tests::successful_dispatch_result_omits_the_reason_field ... ok
test notification::tests::supported_extensions_are_recognized_case_insensitively ... ok
test notification::tests::terminal_bell_joins_location_and_terminal_title ... ok
test notification::tests::terminal_bell_without_any_label_still_has_a_body ... ok
test notification::tests::test_notification_has_fixed_content ... ok
test notification::tests::truncate_appends_ellipsis_and_respects_the_limit ... ok
test notification::tests::truncate_leaves_short_text_untouched ... ok
test notification::tests::truncate_splits_on_character_boundaries_not_bytes ... ok
test notification::tests::unsupported_and_extensionless_paths_are_rejected ... ok
test notification::tests::unsupported_status_reports_no_capabilities ... ok
test notification::tests::validate_accepts_a_file_at_the_size_bound_and_returns_a_canonical_path ... ok
test notification::tests::validate_rejects_a_directory_masquerading_as_audio ... ok
test notification::tests::validate_rejects_a_missing_file ... ok
test notification::tests::validate_rejects_files_over_the_size_bound ... ok
test notification::tests::validate_rejects_unsupported_format_before_touching_the_filesystem ... ok
test notification::tests::validate_resolves_indirect_paths_to_a_canonical_location ... ok
test notification::tests::volume_percentage_maps_to_linear_gain ... ok
test notification::tests::whitespace_only_labels_are_treated_as_absent ... ok
test paired_host::client::tests::ambiguous_journal_never_repeats_mutation ... ok
test paired_host::client::tests::capability_absence_fails_closed ... ok
test paired_host::client::tests::gatefix_create_only_peer_receives_zero_socket_requests ... ok
test paired_host::client::tests::gatefix_journal_error_uses_the_same_safe_projection ... ok
test paired_host::client::tests::gatefix_remote_error_never_projects_bearer_text ... ok
test paired_host::client::tests::generation_cancels_blocked_http_without_release ... ok
test paired_host::client::tests::operation_requires_machine_workspace_capability ... ok
test paired_host::client::tests::pending_mutation_response_retains_request_and_ambiguity ... ok
test paired_host::client::tests::predecessor_epoch_and_additive_capabilities_are_preserved ... ok
test paired_host::client::tests::real_http_non_json_redirect_and_body_limit ... ok
test paired_host::client::tests::real_machine_catalog_replay_checks_digest_and_preserves_metadata ... ok
test paired_host::client::tests::response_provenance_is_fenced_over_http ... ok
test paired_host::client::tests::wrong_authenticated_machine_cannot_be_adopted ... ok
test paired_host::inventory_tests::actual_write_failure_keeps_disk_and_legacy_authority_and_fences_leases ... ok
test paired_host::inventory_tests::corrupt_unknown_newer_and_external_replacement_never_overwrite ... ok
test paired_host::inventory_tests::fixture_loopback_store_roundtrips_but_production_fails_closed ... ok
test paired_host::inventory_tests::migration_requires_host_proof_and_verified_copy_and_preserves_source ... ok
test paired_host::inventory_tests::mirror_and_unknown_do_not_become_machine_authority ... ok
test paired_host::inventory_tests::origin_normalization_is_identity_stable ... ok
test paired_host::inventory_tests::public_http_and_userinfo_fail_closed ... ok
test paired_host::inventory_tests::re_pair_forget_and_revoke_cancel_only_captured_host_across_restart ... ok
test paired_host::inventory_tests::real_private_persistence_restart_and_secret_exclusion ... ok
test paired_host::inventory_tests::test_loopback_is_explicit_and_not_a_production_origin ... ok
test paired_host::native_ambiguity_tests::mutation_native_transport_failure_retains_identity ... ok
test paired_host::native_ambiguity_tests::native_35s_deadline_retains_mutation_reconciliation ... ok
test paired_host::native_ambiguity_tests::read_only_native_transport_failure_is_not_ambiguous ... ok
test paired_host::projects::tests::metadata_and_unavailable_identity_are_lossless ... ok
test paired_host::proxy_tests::a23_dropping_connected_proxy_releases_socket_and_hub ... ok
test paired_host::proxy_tests::native_actor_delivers_controls_and_output_without_local_pty ... ok
test paired_host::proxy_tests::native_registry_routes_paired_ids_without_local_fallback ... ok
test paired_host::proxy_tests::paired_socket_decodes_output_and_fences_input_without_local_pty ... ok
test paired_host::proxy_tests::spontaneous_eof_reaps_native_owner ... ok
test paired_host::proxy_tests::spontaneous_remote_exit_reaps_native_owner ... ok
test paired_host::service::native_transport_tests::paused_authenticated_response_cannot_adopt_after_repair_or_forget ... ok
test paired_host::service::native_transport_tests::redirect_never_forwards_credential_and_failed_migration_preserves_source ... ok
test paired_host::service::native_transport_tests::secret_debug_and_production_origin_policy ... ok
test permissions::notification_item_tests::authoritative_authorized_is_granted ... ok
test permissions::notification_item_tests::authoritative_denied_is_denied ... ok
test permissions::notification_item_tests::authoritative_not_determined_can_request ... ok
test permissions::notification_item_tests::authoritative_provisional_is_granted ... ok
test permissions::notification_item_tests::non_authoritative_linux_is_unknown_no_settings ... ok
test permissions::notification_item_tests::non_authoritative_windows_is_unknown_with_settings ... ok
test remote::auth::persistence_tests::a_completed_write_leaves_a_fully_readable_store ... ok
test remote::auth::persistence_tests::canonical_auth_path_follows_the_canonical_remote_dir ... ok
test remote::auth::persistence_tests::concurrent_writers_never_observe_a_torn_store ... ok
test remote::auth::persistence_tests::legacy_revoked_tombstones_are_pruned_when_the_store_is_loaded ... ok
test remote::auth::persistence_tests::revoked_devices_are_deleted_outright_and_never_reappear ... ok
test remote::auth::persistence_tests::the_store_is_written_owner_only_or_reports_an_error ... ok
test remote::auth::persistence_tests::validate_token_throttles_disk_persistence ... ok
test remote::auth::security_tests::concurrent_guesses_spend_exactly_five_failure_slots ... ok
test remote::auth::security_tests::expired_pin_is_consumed_and_never_issues_a_token ... ok
test remote::auth::security_tests::late_generated_pin_survives_failure_window_rollover ... ok
test remote::auth::security_tests::new_window_discards_expired_codes_and_restores_pairing ... ok
test remote::auth::security_tests::revocation_is_latched_and_registration_after_validation_cannot_miss_it ... ok
test remote::auth::security_tests::successful_pairing_does_not_reset_the_global_failure_budget ... ok
test remote::auth::security_tests::valid_pairing_is_single_use_under_concurrent_exchange ... ok
test remote::auth::tests::relay_capability_is_single_use_persisted_and_cancellable ... ok
test remote::auth::tests::test_auth_credential_separation ... ok
test remote::auth::tests::test_auth_store_resolves_under_the_same_dir_as_the_identity ... ok
test remote::auth::tests::test_cli_pair_approve ... ok
test remote::auth::tests::test_cli_pair_cross_process_persistence ... ok
test remote::auth::tests::test_device_idle_expiry ... ok
test remote::auth::tests::test_device_name_length_capped_and_list_devices_filters_idle ... ok
test remote::auth::tests::test_identity_dir_matches_the_shared_remote_state_dir ... ok
test remote::auth::tests::test_machine_identity_persistence ... ok
test remote::auth::tests::test_machine_identity_sign_and_verify ... ok
test remote::auth::tests::test_pairing_exchange_with_blank_name_stores_fallback ... ok
test remote::auth::tests::test_repairing_view_pin_preserves_view_permission_on_replacement ... ok
test remote::auth::tests::test_repairing_with_same_installation_id_replaces_and_invalidates_old_token ... ok
test remote::auth::tests::test_store_without_installation_id_backward_compat ... ok
test remote::design_mode::tests::test_design_mode_snapshot_staging ... ok
test remote::discovery::tailscale::tests::test_parse_status_json_invalid_input_errors ... ok
test remote::discovery::tailscale::tests::test_parse_status_json_skips_peers_without_ipv4 ... ok
test remote::discovery::tailscale::tests::test_tailscale_peer_discovery ... ok
test remote::filesystem_tests::a06_budget_inspected_children_exact_cutoff ... ok
test remote::filesystem_tests::a06_budget_per_device_burst_and_refill ... ok
test remote::filesystem_tests::a06_cancelled_worker_cannot_publish ... ok
test remote::filesystem_tests::a06_directory_http_home ... ok
test remote::filesystem_tests::a06_http_send_failure_still_tears_down ... ok
test remote::filesystem_tests::a06_native_bounds_and_query_contract ... ok
test remote::filesystem_tests::a06_service_less_typed_503_without_probe ... ok
test remote::filesystem_tests::r6_auth_routed_deadline_admission ... ok
test remote::filesystem_tests::r6_auth_routed_failure_cleanup ... ok
test remote::filesystem_tests::r6_auth_routed_revocation ... ok
test remote::filesystem_tests::r6_empty_deadline_and_independent_bytes ... ok
test remote::filesystem_tests::r6_http_disconnect_retains_worker_slot ... ok
test remote::filesystem_tests::r6_service_less_injected_failure ... ok
test remote::machine_events::machine_event_cancellation_tests::machine_event_cancellation_read_budget_expires_when_catalog_refresh_is_blocked ... ok
test remote::machine_events::machine_event_cancellation_tests::machine_event_cancellation_releases_socket_when_catalog_refresh_is_blocked ... ok
test remote::machine_events::machine_event_snapshot_race_tests::machine_event_snapshot_recovers_when_commit_overlaps_inventory ... ok
test remote::machine_operation_journal::contention_tests::journal_mutation_deadline_retains_admission_until_worker_drains ... ok
test remote::machine_operation_journal::contention_tests::journal_mutation_revocation_retains_admission_until_worker_drains ... ok
test remote::machine_operation_journal::contention_tests::journal_read_deadline_retains_admission_until_worker_drains ... ok
test remote::machine_operation_journal::contention_tests::journal_read_revocation_retains_admission_until_worker_drains ... ok
test remote::machine_operation_journal::contention_tests::journal_writer_does_not_stall_mutation_reconciliation ... ok
test remote::machine_operation_journal::contention_tests::journal_writer_does_not_stall_session_http_executor ... ok
test remote::machine_operation_journal::contention_tests::journal_writer_preserves_real_machine_socket_attachment ... ok
test remote::machine_operation_journal::contention_tests::reopened_pending_operation_remains_outcome_unknown_after_refresh ... ok
test remote::machine_operation_journal::contention_tests::spawn::journal_final_spawn_deadline ... ok
test remote::machine_operation_journal::contention_tests::spawn::journal_final_spawn_revocation ... ok
test remote::machine_protocol::tests::expanded_shared_parity_fixtures ... ok
test remote::machine_protocol::tests::identity_is_host_qualified_and_preserves_large_epoch ... ok
test remote::machine_protocol::tests::known_answer_full_hashes_match_shared_fixtures ... ok
test remote::machine_protocol::tests::legacy_valid_ssh_targets_roundtrip_without_normalization ... ok
test remote::machine_protocol::tests::lifecycle_and_descriptor_fixtures_roundtrip ... ok
test remote::machine_protocol::tests::malformed_epochs_and_oversized_json_are_rejected ... ok
test remote::machine_protocol::tests::missing_metadata_and_unknown_targets_never_become_local ... ok
test remote::machine_protocol::tests::shared_fixtures_roundtrip_through_public_decoder ... ok
test remote::machine_protocol::tests::shared_invalid_fixtures_are_rejected ... ok
test remote::mirror::tests::cjk_line_skips_wide_spacer_tails ... ok
test remote::mirror::tests::clear_and_home_places_cursor_at_origin ... ok
test remote::mirror::tests::feed_segments_replays_at_recorded_geometry_then_resizes ... ok
test remote::mirror::tests::flat_history_replay_corrupts_relative_to_segmented_replay ... ok
test remote::mirror::tests::plain_ascii_line_produces_one_run ... ok
test remote::mirror::tests::resize_returns_full_frame_with_new_dimensions ... ok
test remote::mirror::tests::scroll_negative_reveals_older_content_and_positive_returns_toward_newest ... ok
test remote::mirror::tests::second_feed_only_emits_changed_line ... ok
test remote::mirror::tests::sgr_bold_red_maps_attrs_and_foreground ... ok
test remote::protocol::tests::control_handshake_wire_roundtrips ... ok
test remote::protocol::tests::malformed_wire_values_are_rejected ... ok
test remote::protocol::tests::omitted_optional_fields_deserialize ... ok
test remote::protocol::tests::pairing_state_transition_matrix ... ok
test remote::protocol::tests::pairing_state_wire_roundtrips ... ok
test remote::protocol::tests::pairing_wire_roundtrips ... ok
test remote::protocol::tests::proxy_wire_roundtrips ... ok
test remote::protocol::tests::test_client_control_message_scroll_serde_roundtrip ... ok
test remote::push::tests::test_web_push_payload_dispatch ... ok
test remote::relay_client::tests::control_and_data_urls_are_built_from_relay_url ... ok
test remote::relay_client::tests::proxies_frames_between_data_channel_and_local_gateway ... ok
test remote::relay_client::tests::test_pairing_coordinator_lifecycle_and_ack ... ok
test remote::relay_client::tests::test_pairing_coordinator_pin_can_be_redeemed_directly ... ok
test remote::relay_client::tests::test_pairing_coordinator_regenerates_and_ignores_old_expiry ... ok
test remote::relay_client::tests::test_pairing_coordinator_rejects_wrong_ack_generation ... ok
test remote::relay_client::tests::test_pairing_coordinator_timeout_or_rejection ... ok
test remote::relay_client::tests::test_relay_client_ed25519_auth_rejection ... ok
test remote::relay_client::tests::test_relay_client_ed25519_auth_success ... ok
test remote::relay_client::tests::to_ws_base_rewrites_https_and_trims_trailing_slash ... ok
test remote::relay_client::tests::with_gateway_preserves_address_and_credentials ... ok
test remote::relay_server::tests::a11_expired_ticket_wire_boundary ... ok
test remote::relay_server::tests::a_control_signature_minted_for_another_relay_is_refused ... ok
test remote::relay_server::tests::accepts_target_when_session_is_colon_scoped ... ok
test remote::relay_server::tests::coordinator_pairs_through_relay_to_real_gateway ... ok
test remote::relay_server::tests::machine_query_admission ... ok
test remote::relay_server::tests::protects_origin_when_gateway_sends_sensitive_headers ... ok
test remote::relay_server::tests::r4_preference_route_not_intercepted_by_websocket ... ok
test remote::relay_server::tests::r4_strict_utf8_query ... ok
test remote::relay_server::tests::r4_sustained_admission_and_cancel_cleanup ... ok
test remote::relay_server::tests::rejects_registration_when_capability_format_is_invalid ... ok
test remote::relay_server::tests::routes_session_when_path_is_colon_scoped ... ok
test remote::relay_server::tests::test_control_challenge_domain_separation ... ok
test remote::relay_server::tests::test_http_response_framing ... ok
test remote::relay_server::tests::test_key_store_corruption_and_write_failure_fail_closed ... ok
test remote::relay_server::tests::test_machine_ownership_survives_restart_and_private_enrollment ... ok
test remote::relay_server::tests::test_relay_admission_rate_limiting ... ok
test remote::relay_server::tests::test_relay_browser_ws_terminal_bridge_success ... ok
test remote::relay_server::tests::test_relay_dispatch_rejects_a_replaced_control_channel ... ok
test remote::relay_server::tests::test_relay_ed25519_control_handshake_success ... ok
test remote::relay_server::tests::test_relay_ed25519_control_handshake_wrong_sig_rejected ... ok
test remote::relay_server::tests::test_relay_ed25519_stale_timestamp_rejected ... ok
test remote::relay_server::tests::test_relay_generation_safe_cleanup_and_limits ... ok
test remote::relay_server::tests::test_relay_key_store_merges_concurrent_enrollments_and_rejects_corrupt_records ... ok
test remote::relay_server::tests::test_relay_machine_hijack_with_different_key_fails ... ok
test remote::relay_server::tests::test_relay_multi_machine_concurrent_registration ... ok
test remote::relay_server::tests::test_relay_pair_exchange_lockout_after_failures ... ok
test remote::relay_server::tests::test_relay_pair_exchange_success ... ok
test remote::relay_server::tests::test_relay_pair_exchange_unknown_pin_returns_404 ... ok
test remote::relay_server::tests::test_relay_pairing_claim_requires_the_live_control_identity ... ok
test remote::relay_server::tests::test_relay_pairing_claim_uses_relay_generation_not_client_attempt_counter ... ok
test remote::relay_server::tests::test_relay_register_pairing_caps_lease_lifetime ... ok
test remote::relay_server::tests::test_relay_register_pairing_is_idempotent_for_identical_retries ... ok
test remote::relay_server::tests::test_relay_reverse_tunnel_multiplex ... ok
test remote::relay_server::tests::test_relay_socket_ticket_expired_rejected ... ok
test remote::relay_server::tests::test_relay_socket_ticket_issuance_and_single_use ... ok
test remote::relay_server::tests::test_relay_stream_half_is_bound_to_the_allocating_control_generation ... ok
test remote::relay_server::tests::test_relay_unissued_session_rejected ... ok
test remote::relay_server::tests::test_security_concurrent_two_daemon_isolation ... ok
test remote::relay_server::tests::test_security_expired_pin_claim_rejected ... ok
test remote::relay_server::tests::test_security_fleet_pin_brute_force_lockout ... ok
test remote::relay_server::tests::test_security_machine_id_hijack_rejection ... ok
test remote::relay_server::tests::test_security_role_swap_prevention ... ok
test remote::relay_server::tests::test_socket_ticket_cache_keeps_two_valid_tokens_for_one_machine ... ok
test remote::relay_server::tests::test_socket_ticket_cold_cache_rejects_never_issued_bearer ... ok
test remote::relay_server::tests::test_socket_ticket_expired_cache_rechecks_gateway_and_rejects_revoked_bearer ... ok
test remote::relay_server::tests::test_socket_ticket_gateway_confirmed_bearer_is_granted_and_cached ... ok
test remote::server::attention_inventory_tests::remote_attention_inventory_keeps_other_projects_and_unseen_done ... ok
test remote::server::machine_input_cancellation_tests::input_is_cancelled_when_full_queue_precedes_close ... ok
test remote::server::machine_input_cancellation_tests::input_is_cancelled_when_generation_is_replaced ... ok
test remote::server::machine_input_cancellation_tests::input_is_cancelled_when_grant_is_revoked ... ok
test remote::server::machine_input_cancellation_tests::input_is_cancelled_when_socket_disconnects ... ok
test remote::server::machine_input_cancellation_tests::sibling_pty_is_responsive_when_first_input_is_saturated ... ok
test remote::server::machine_output_writer::tests::blocked_tcp_write_expires_when_ten_seconds_elapse ... ok
test remote::server::machine_output_writer::tests::blocked_tcp_write_is_cancelled_when_output_overflows ... ok
test remote::server::machine_output_writer::tests::serialized_controls_and_frames_are_rejected_when_wire_allowance_is_exceeded ... ok
test remote::server::preference_http_tests::ac09_preferences_redact_paths_when_authenticated ... ok
test remote::server::preference_http_tests::ac09_private_http_child ... ok
test remote::server::tests::a03_absent_machine_service_is_private_and_unavailable ... ok
test remote::server::tests::a03_forged_exchange_fields_cannot_upgrade_mirror_authority ... ok
test remote::server::tests::a03_identity_runs_offthread_and_revocation_fences_response ... ok
test remote::server::tests::a03_machine_auth_errors_are_private_json ... ok
test remote::server::tests::r3_http_boundary_contract ... ok
test remote::server::tests::relay_startup_connects_without_machine_token ... ok
test remote::server::tests::test_get_active_running_sessions_independent_of_desktop ... ok
test remote::server::tests::test_listener_bind_loopback ... ok
test remote::server::tests::test_push_auth ... ok
test remote::state::tests::credentials_are_never_placed_in_a_shared_scratch_directory ... ok
test remote::state::tests::daemon_default_state_is_off_and_uses_supplied_terminal_service ... ok
test remote::state::tests::enabled_gateway_persists_config_and_restores_on_reopen ... ok
test remote::state::tests::explicit_data_dir_override_wins_over_platform_home ... ok
test remote::state::tests::persisted_enabled_config_file_loads_enabled_mode_with_unbound_initial_state ... ok
test remote::state::tests::relay_pairing_coordinator_registers_the_pin_with_the_relay ... ok
test remote::state::tests::relay_pairing_preserves_the_requested_permission ... ok
test remote::state::tests::stopping_a_relay_clears_only_its_own_published_coordinator ... ok
test remote::state::tests::test_interface_resolver_address_selection ... ok
test remote::state::tests::test_interface_resolver_multihoming ... ok
test remote::state::tests::test_interface_resolver_portable ... ok
test remote::state::tests::test_relay_mode_configuration ... ok
test remote::state::tests::unix_resolves_under_home_and_ignores_windows_variables ... ok
test remote::tests::machine_auth::a03_capabilities_require_authentication ... ok
test remote::tests::machine_auth::a03_cli_requires_explicit_machine_purpose ... ok
test remote::tests::machine_auth::a03_legacy_control_denies_directory_browsing ... ok
test remote::tests::machine_auth::a03_legacy_control_denies_machine_creation ... ok
test remote::tests::machine_auth::a03_machine_view_capability_cannot_issue_a_device ... ok
test remote::tests::machine_auth::a03_machine_view_pin_cannot_issue_a_device ... ok
test remote::tests::machine_auth::a03_mirror_view_issuance_preserves_view ... ok
test remote::tests::machine_auth::a03_old_persisted_grants_remain_mirror ... ok
test remote::tests::machine_auth::a03_owner_coordinator_rejects_machine_view_without_publication ... ok
test remote::tests::machine_auth::a03_owner_machine_purpose_survives_persistence_and_exchange ... ok
test remote::tests::machine_auth::a03_rejected_generation_cannot_redeem_machine_authority ... ok
test remote::tests::machine_auth::a03_router_auth_error_is_typed_and_no_store ... ok
test remote::tests::machine_auth::a03_router_scope_error_satisfies_a02_contract ... ok
test remote::tests::scoped_remote_inventory_lists_registered_projects_without_desktop ... ok
test remote::tests::security::pairing_budget_is_global_atomic_and_rotation_cannot_reset_it ... ok
test remote::tests::security::resize::v06_view_resize_denied_grid_control_allowed ... ok
test remote::tests::security::resize::v06_view_resize_denied_raw_control_allowed ... ok
test remote::tests::security::revoke_self_and_control_management_keep_status_contract ... ok
test remote::tests::security::sockets::a10_controller_generation_disconnect_and_exact_reservation_boundary ... ok
test remote::tests::security::sockets::a10_pending_machine_input_is_dropped_on_disconnect_and_revoke ... ok
test remote::tests::security::sockets::a10_real_socket_reservation_transfers_http_close_authority ... ok
test remote::tests::security::sockets::a_permanent_device_token_in_the_query_string_is_rejected ... ok
test remote::tests::security::sockets::gateway_issues_single_use_socket_tickets_and_rejects_a_replayed_one ... ok
test remote::tests::security::sockets::gateway_refuses_to_mint_a_socket_ticket_without_a_valid_bearer ... ok
test remote::tests::security::sockets::gateway_socket_ticket_is_bound_to_its_requested_target ... ok
test remote::tests::security::sockets::revoke_before_event_upgrade_is_not_lost ... ok
test remote::tests::security::sockets::revoke_before_raw_upgrade_is_not_lost ... ok
test remote::tests::security::sockets::revoke_cancels_pending_raw_input ... ok
test remote::tests::security::sockets::revoke_closes_all_event_sockets_only_for_that_device ... ok
test remote::tests::security::sockets::revoke_closes_all_raw_sockets_only_for_that_device ... ok
test remote::tests::security::sockets::revoke_during_raw_attachment_prevents_upgrade ... ok
test remote::tests::security::sockets::ssh_reconnect_safety_web_raw_gap_order ... ok
test remote::tests::security::sockets::ssh_reconnect_safety_web_raw_status_input_probe ... ok
test remote::tests::security::static_portable_paths_and_assets ... ok
test remote::tests::security::static_raw_traversal_is_rejected ... ok
test remote::tests::security::static_symlinks_cannot_escape_dist ... ok
test remote::tests::security::view_cannot_revoke_another_device ... ok
test remote::tests::ssh::registered_ssh_project_can_be_selected_without_local_registration ... ok
test remote::tests::ssh::registered_ssh_project_is_listed_without_a_focused_terminal ... ok
test remote::tests::ssh::ssh_session_retains_its_workspace_in_remote_routing ... ok
test remote::tests::test_active_desktop_terminal_contract_and_safe_selection_bridge ... ok
test remote::tests::test_active_selection_change_is_broadcast_to_authenticated_event_clients ... ok
test remote::tests::test_active_selection_is_visible_to_a_receiver_that_subscribes_afterwards ... ok
test remote::tests::test_auth_manager_pairing_and_revocation ... ok
test remote::tests::test_authenticated_event_clients_receive_selection_changes_after_the_snapshot ... ok
test remote::tests::test_authenticated_event_clients_receive_the_current_active_selection_on_connect ... ok
test remote::tests::test_concurrent_cold_snapshot_requests_coalesce_to_one_git_discovery ... ok
test remote::tests::test_connected_terminal_websocket_closed_when_active_selection_changes ... ok
test remote::tests::test_daemon_owned_remote_chain_end_to_end ... ok
test remote::tests::test_daemon_pairing_and_revocation_authority ... ok
test remote::tests::test_daemon_remote_worktree_selection_then_grid_terminal_control ... ok
test remote::tests::test_derive_session_metadata_matches_workspace ... ok
test remote::tests::test_desktop_ipc_active_selection_lifecycle ... ok
test remote::tests::test_grid_render_attach_sends_full_frame_with_session_dimensions ... ok
test remote::tests::test_grid_render_initial_frame_uses_requested_viewport_dimensions ... ok
test remote::tests::test_grid_render_live_pty_output_emits_grid_frame_after_attach ... ok
test remote::tests::test_grid_render_resize_returns_full_frame_with_requested_geometry ... ok
test remote::tests::test_gui_remote_forwarding_and_no_gui_gateway_ownership ... ok
test remote::tests::test_legacy_terminal_socket_emits_binary_snapshot_without_grid_text_frames ... ok
test remote::tests::test_occupied_port_enable_does_not_persist_enabled_intent ... ok
test remote::tests::test_remote_active_selection_safe_tab_descriptors_and_no_path_leakage ... ok
test remote::tests::test_remote_gateway_legacy_peer_attach_write_output_exit_and_listing ... ok
test remote::tests::test_remote_listener_persistence_and_startup_restoration_lifecycle ... ok
test remote::tests::test_remote_select_workspace_with_tab_selector_and_primary_worktree ... ok
test remote::tests::test_remote_server_health_and_lifecycle ... ok
test remote::tests::test_remote_server_rejects_off_mode_without_binding ... ok
test remote::tests::test_remote_server_serves_spa_index_html ... ok
test remote::tests::test_remote_terminal_forced_lag_replays_with_explicit_gap_and_sequence_metadata ... ok
test remote::tests::test_remote_terminal_tab_info_serializes_and_deserializes_session_id ... ok
test remote::tests::test_repeated_workspace_state_reads_do_not_rerun_git_discovery_and_refresh_on_change ... ok
test remote::tests::test_resolve_dist_dir_isolated_runtime_debug_fallback ... ok
test remote::tests::test_resolve_dist_dir_packaged_macos_bundle_layout ... ok
test remote::tests::test_resolve_dist_dir_packaged_windows_or_linux_bundle_layout ... ok
test remote::tests::test_successful_enable_restores_and_disable_remains_off ... ok
test remote::tests::test_terminal_preferences_requires_a_valid_unrevoked_remote_token ... ok
test remote::tests::test_workspace_snapshot_refreshes_external_git_worktree_changes_after_interval ... ok
test remote::tests::test_workspace_snapshot_started_before_revision_change_is_not_marked_current ... ok
test remote::tests::test_workspace_state_agent_activity_and_worktree_attention_rollup ... ok
test remote::workspace_api::child_tests::async_child_cancellation_and_revocation_reap_active_process ... ok
test remote::workspace_api::child_tests::child_from_current_thread_runtime ... ok
test remote::workspace_api::child_tests::child_from_multi_thread_runtime_and_blocking_worker ... ok
test remote::workspace_api::child_tests::child_without_runtime ... ok
test remote::workspace_api::child_tests::r12_child_output_and_deadline ... ok
test remote::workspace_api::child_tests::request_drop_interrupts_active_worktree_git ... ok
test remote::workspace_api::worktrees::authority_tests::followthrough_delete_publication_blocks_spawn ... ok
test remote::workspace_api::worktrees::authority_tests::followthrough_owner_crash_while_git_active ... ok
test remote::workspace_api::worktrees::authority_tests::followthrough_prune_partial_replays_after_restart ... ok
test remote::workspace_api::worktrees::authority_tests::followthrough_write_failures_non_head_and_prunable_preview ... ok
test remote::workspace_api::worktrees::authority_tests::interrupted_git_transaction_restart_never_repeats ... ok
test remote::workspace_api::worktrees::authority_tests::interrupted_worktree_owner_child ... ok
test remote::workspace_api::worktrees::authority_tests::local_worktree_error_wire_roundtrip ... ok
test remote::workspace_api::worktrees::authority_tests::local_worktree_errors_survive_owner_wire_and_native_adapter ... ok
test remote::workspace_api::worktrees::authority_tests::owner_http_gate_and_eight_admissions ... ok
test remote::workspace_api::worktrees::authority_tests::typed_owner_repair_private_uds_and_native_adapter ... ok
test remote::workspace_api::worktrees::publication_tests::cancelled_publication_preserves_unknown_after_git ... ok
test remote::workspace_api::worktrees::wire_proof_tests::non_head_and_partial_prune_wires ... 
running 1 test
A08_WIRE_HANDSHAKE owner_pid=54131 exact=true socket=/tmp/a08-wire-pAaCoq/runtime/daemon.sock http=127.0.0.1:55351
A08_WIRE_HTTP_REQUEST method=POST endpoint=http://127.0.0.1:55351/api/v1/workspace/worktrees body={"baseRef":"HEAD~1","requestId":"d4b21982-0b0c-4537-8b79-93eee3de4fc6","workspaceId":"wire-proof","worktree":{"slug":"non-head","wsId":"wire-proof"}}
A08_WIRE_HTTP_RESPONSE status=201 body={"bare":false,"branch":"refs/heads/orca/wire-proof/non-head","detached":false,"head":"f0b21ca60dd13e0df2aab3ce62805b3e8a355abb","identity":{"slug":"non-head","wsId":"wire-proof"},"locked":null,"managed":true,"path":"/private/tmp/a08-wire-pAaCoq/repo/.orca-worktrees/wire-proof/non-head","prunable":null,"workspaceId":"wire-proof"}
A08_WIRE_NON_HEAD first_http=201 base=f0b21ca60dd13e0df2aab3ce62805b3e8a355abb original_head=1d8d15f781d012a8eb2599cfa91b73f60b971491 actual_checkout_equal=true
A08_WIRE_UDS_REQUEST {"baseRef":null,"type":"createWorktree","workspaceId":"wire-proof","worktree":{"slug":"local-prune","wsId":"wire-proof"}}
A08_WIRE_UDS_RESPONSE {"type":"createWorktreeOk","worktree":{"bare":false,"branch":"refs/heads/orca/wire-proof/local-prune","detached":false,"head":"1d8d15f781d012a8eb2599cfa91b73f60b971491","locked":null,"path":"/private/tmp/a08-wire-pAaCoq/repo/.orca-worktrees/wire-proof/local-prune","prunable":null}}
A08_WIRE_UDS_REQUEST {"deleteBranch":true,"destructive":false,"type":"deleteWorktree","workspaceId":"wire-proof","worktree":{"slug":"local-prune","wsId":"wire-proof"}}
A08_WIRE_UDS_RESPONSE {"error":{"code":"WORKTREE_REMOVED_PRUNE_FAILED","details":{"branchDeleted":false,"cause":{"code":"GIT_ERROR","details":{"command":"git worktree prune","exitCode":128,"stderr":"fatal: Expected git repo version <= 1, found 999"},"message":"Git command failed (git worktree prune): fatal: Expected git repo version <= 1, found 999 (exit code: Some(128))"},"path":"/private/tmp/a08-wire-pAaCoq/repo/.orca-worktrees/wire-proof/local-prune","pruned":false,"worktreeRemoved":true},"message":"Worktree '/private/tmp/a08-wire-pAaCoq/repo/.orca-worktrees/wire-proof/local-prune' was removed but prune failed: Git command failed (git worktree prune): fatal: Expected git repo version <= 1, found 999 (exit code: Some(128))"},"type":"worktreeError"}
A08_WIRE_PRUNE legacy=false removed=true branch_preserved=true config_restored=true publication_received=true
A08_WIRE_UDS_REQUEST {"baseRef":null,"type":"createWorktree","workspaceId":"wire-proof","worktree":{"slug":"legacy-prune","wsId":"wire-proof"}}
A08_WIRE_UDS_RESPONSE {"type":"createWorktreeOk","worktree":{"bare":false,"branch":"refs/heads/orca/wire-proof/legacy-prune","detached":false,"head":"1d8d15f781d012a8eb2599cfa91b73f60b971491","locked":null,"path":"/private/tmp/a08-wire-pAaCoq/repo/.orca-worktrees/wire-proof/legacy-prune","prunable":null}}
A08_WIRE_HTTP_REQUEST method=DELETE endpoint=http://127.0.0.1:55351/api/v1/workspace/worktrees body={"deleteBranch":true,"workspaceId":"wire-proof","worktree":{"slug":"legacy-prune","wsId":"wire-proof"}}
A08_WIRE_HTTP_RESPONSE status=409 body={"error":{"code":"WORKTREE_REMOVED_PRUNE_FAILED","details":{"branchDeleted":false,"pruned":false,"worktreeRemoved":true},"message":"WORKTREE_REMOVED_PRUNE_FAILED","requestId":"d0a178f4-3d1a-4a4b-b545-999554100222","retryable":false}}
A08_WIRE_PRUNE legacy=true removed=true branch_preserved=true config_restored=true publication_received=true
A08_WIRE_LISTENERS joined=true clients_joined=true tcp_refused=true uds_refused=true socket_removed=true failed=false
A08_WIRE_OWNER pid=54131 runtime_joined=true git_children=ECHILD failed=false
test remote::workspace_api::worktrees::wire_proof_tests::private_wire_owner ... ok

test result: ok. 1 passed; 0 failed; 0 ignored; 0 measured; 1034 filtered out; finished in 1.08s

ok
test remote::workspace_api::worktrees::wire_proof_tests::private_wire_owner ... ok
test remote::workspace_api_tests::a07_http_request_failure_joins_fixture ... ok
test remote::workspace_api_tests::a07_journal_restart_and_device_scope ... ok
test remote::workspace_api_tests::a07_project_http_registration ... ok
test remote::workspace_api_tests::r12_crash_owner ... ok
test remote::workspace_api_tests::r12_list_gate_and_admission ... ok
test remote::workspace_api_tests::r12_real_kill_windows ... ok
test remote::workspace_api_tests::r12_revocation_fences ... ok
test remote::workspace_api_tests::r12_router_auth_admission ... ok
test remote::workspace_api_tests::r12_router_incomplete_body ... ok
test remote::workspace_api_tests::r12_unreadable_root ... ok
test remote::workspace_api_tests::r1_topology_after_gate_http ... ok
test rollout_tests::a24_rollback_waits_for_drain_and_preserves_unrelated_owner ... ok
test scoped_contracts::tests::epoch_rejects_noncanonical_or_out_of_range_wire_values ... ok
test scoped_contracts::tests::paired_daemon_target_decodes_without_local_fallback ... ok
test scoped_contracts::tests::producer_boundaries_roundtrip ... ok
test scoped_contracts::tests::result_rejects_mismatched_discriminants ... ok
test scoped_contracts::tests::shared_envelopes_roundtrip ... ok
test scoped_contracts::tests::target_roundtrip_preserves_full_u64_epoch_as_string ... ok
test session::tests::test_corrupted_session_recovery ... ok
test session::tests::test_session_save_load_clear_cycle ... ok
test ssh::bridge::tests::ssh_bridge_cursor_canonical_decimal_u64_parsing ... ok
test ssh::bridge::tests::ssh_bridge_frame_framing_roundtrip_and_size_bounds ... ok
test ssh::bridge::tests::ssh_bridge_handshake_independently_validates_configured_host_and_target_identity ... ok
test ssh::bridge::tests::ssh_bridge_handshake_verifies_host_and_epoch ... ok
test ssh::bridge::tests::ssh_bridge_independent_read_does_not_block_control ... ok
test ssh::bridge::tests::ssh_bridge_lifecycle_poison_on_timeout_cancel_and_eof_reaping ... ok
test ssh::bridge::tests::ssh_bridge_live_loopback_openssh_connection ... ok
test ssh::bridge::tests::ssh_bridge_remote_pid_does_not_expose_signal_target ... ok
test ssh::bridge::tests::ssh_bridge_single_attempt_write_does_not_queue ... ok
test ssh::bridge::tests::ssh_bridge_spawn_retry_requires_matching_client_request_id ... ok
test ssh::bridge::tests::ssh_bridge_target_expired_fails_explicitly_never_spawns ... ok
test ssh::bridge::tests::ssh_bridge_target_mismatch_on_describe_or_read_is_rejected ... ok
test ssh::bridge::tests::ssh_reconnect_safety_setup_error_preserves_structured_fields ... ok
test ssh::browse::tests::bounds_large_listings_and_distinguishes_unreadable_directories ... ok
test ssh::browse::tests::decodes_windows_drive_roots_and_flags_unsupported_names ... ok
test ssh::browse::tests::empty_directory_succeeds_but_missing_directory_fails ... ok
test ssh::browse::tests::lists_real_directories_without_files_and_preserves_literal_names ... ok
test ssh::browse::tests::rejects_malformed_frames_and_reports_truncation ... ok
test ssh::browse::tests::rejects_missing_and_disabled_hosts_before_any_connection ... ok
test ssh::browse::tests::resolves_home_using_remote_platform_not_local_os ... ok
test ssh::browse::tests::skips_non_utf8_entry_names_but_rejects_invalid_metadata ... ok
test ssh::config::tests::red_import_caps_at_100 ... ok
test ssh::config::tests::red_import_dedupes_against_tombstones_and_caps ... ok
test ssh::config::tests::red_malformed_lines_are_skipped ... ok
test ssh::config::tests::red_parse_extracts_named_aliases_only ... ok
test ssh::direct::tests::automated_commands_disable_tty_even_when_ssh_config_requests_one ... ok
test ssh::direct::tests::deadline_terminates_and_reaps_probe ... ok
test ssh::direct::tests::failed_probe_distinguishes_non_utf8_and_empty_stderr ... ok
test ssh::direct::tests::failed_probe_reports_exit_and_caps_output ... ok
test ssh::direct::tests::install_remote_extension_script_creates_and_populates_extension ... ok
test ssh::direct::tests::malformed_probe_output_cannot_become_a_local_project ... ok
test ssh::direct::tests::remote_shell_probe_canonicalizes_quoted_directory_and_reports_plain_or_git ... ok
test ssh::direct::tests::shell_plan_with_session_forwards_agent_state_socket_and_exports_env ... ok
test ssh::direct::tests::ssh_bridge_plan_options_disable_tty_and_enforce_strict_host_keys ... ok
test ssh::direct::tests::ssh_bridge_plan_windows_uses_raw_child_stdio_forwarding ... ok
test ssh::direct::tests::ssh_reconnect_safety_plan_does_not_update_host_keys ... ok
test ssh::direct::tests::startup_plan_honors_saved_options_and_quotes_remote_root ... ok
test ssh::direct::tests::unsafe_connection_tokens_and_paths_are_rejected ... ok
test ssh::direct::tests::upload_temp_command_rejects_names_that_could_escape_the_scratch_directory ... ok
test ssh::direct::tests::upload_temp_command_writes_stdin_to_a_private_file_and_prints_its_path ... ok
test ssh::exec::tests::probe_honors_saved_connection_options ... ok
test ssh::exec::tests::red_interactive_argv_flags ... ok
test ssh::exec::tests::red_probe_argv_shape ... ok
test ssh::helper_assets::tests::manifest_serialization_and_lookup ... ok
test ssh::helper_assets::tests::resolve_helper_asset_rejects_byte_length_mismatch ... ok
test ssh::helper_assets::tests::resolve_helper_asset_rejects_checksum_mismatch ... ok
test ssh::helper_assets::tests::resolve_helper_asset_rejects_directory_traversal_filename ... ok
test ssh::helper_assets::tests::resolve_helper_asset_rejects_incompatible_schema_or_protocol ... ok
test ssh::helper_assets::tests::resolve_helper_asset_verifies_checksum_and_structure ... ok
test ssh::helper_assets::tests::resolve_target_normalizes_linux_aarch64 ... ok
test ssh::helper_assets::tests::resolve_target_normalizes_linux_x86_64 ... ok
test ssh::helper_assets::tests::resolve_target_normalizes_windows_x64 ... ok
test ssh::helper_assets::tests::resolve_target_rejects_ambiguous_posix_and_unsupported_os ... ok
test ssh::helper_assets::tests::resolve_target_rejects_unsupported_architectures ... ok
test ssh::helper_runtime::helper::helper_core_tests::ssh_process_survival_binary_safe_base64_io ... ok
test ssh::helper_runtime::helper::helper_core_tests::ssh_process_survival_canonical_decimal_cursor ... ok
test ssh::helper_runtime::helper::helper_core_tests::ssh_process_survival_concurrent_spawn_atomic_reservation ... ok
test ssh::helper_runtime::helper::helper_core_tests::ssh_process_survival_default_platform_login_shell ... ok
test ssh::helper_runtime::helper::helper_core_tests::ssh_process_survival_env_retains_session_id_without_fabrication ... ok
test ssh::helper_runtime::helper::helper_core_tests::ssh_process_survival_frame_bounded_below_1mib ... ok
test ssh::helper_runtime::helper::helper_core_tests::ssh_process_survival_project_root_decoupled ... ok
test ssh::helper_runtime::helper::helper_core_tests::ssh_process_survival_respects_cols_rows ... ok
test ssh::helper_runtime::helper::helper_core_tests::ssh_process_survival_retains_pid_and_memory_state ... ok
test ssh::helper_runtime::helper::helper_core_tests::ssh_process_survival_ring_gap_detection ... ok
test ssh::helper_runtime::helper::helper_core_tests::ssh_process_survival_spawn_dedupe_and_conflict ... ok
test ssh::helper_runtime::helper::helper_core_tests::ssh_reconnect_safety_auth_and_target_validation ... ok
test ssh::helper_runtime::helper::helper_core_tests::ssh_reconnect_safety_rejects_shutdown_op ... ok
test ssh::helper_runtime::helper::helper_core_tests::ssh_reconnect_safety_target_describe_and_list_metadata ... ok
test ssh::helper_runtime::process::helper_service_tests::ssh_process_survival_bridge_allows_describe_without_stopping_runtime ... ok
test ssh::helper_runtime::process::helper_service_tests::ssh_process_survival_stale_endpoint_replaced_only_after_lock_release ... ok
test ssh::helper_runtime::process::helper_service_tests::ssh_reconnect_safety_live_runtime_cannot_be_replaced ... ok
test ssh::helper_runtime::process::helper_service_tests::ssh_reconnect_safety_rejects_symlink_root_and_endpoint ... ok
test ssh::helper_setup::tests::ssh_helper_setup_default_location_posix ... ok
test ssh::helper_setup::tests::ssh_helper_setup_default_location_rejects_invalid_home ... ok
test ssh::helper_setup::tests::ssh_helper_setup_default_location_windows ... ok
test ssh::helper_setup::tests::ssh_helper_setup_ensure_started_exit_code_126_maps_to_unsupported_permissions ... ok
test ssh::helper_setup::tests::ssh_helper_setup_ensure_started_exit_code_127_maps_to_missing_helper ... ok
test ssh::helper_setup::tests::ssh_helper_setup_ensure_started_rejects_invalid_paths ... ok
test ssh::helper_setup::tests::ssh_helper_setup_ensure_started_windows_exit_1_with_sentinel_maps_to_missing_helper ... ok
test ssh::helper_setup::tests::ssh_helper_setup_ensure_started_windows_exit_1_with_sentinel_maps_to_unsupported_permissions ... ok
test ssh::helper_setup::tests::ssh_helper_setup_host_id_collision_resistance ... ok
test ssh::helper_setup::tests::ssh_helper_setup_install_rejects_empty_local_binary ... ok
test ssh::helper_setup::tests::ssh_helper_setup_install_rejects_missing_local_binary ... ok
test ssh::helper_setup::tests::ssh_helper_setup_location_serde_round_trip ... ok
test ssh::helper_setup::tests::ssh_helper_setup_map_error_preserves_exit_255_transport_even_with_marker ... ok
test ssh::helper_setup::tests::ssh_helper_setup_map_error_rejects_contradictory_markers ... ok
test ssh::helper_setup::tests::ssh_helper_setup_map_error_retains_diagnostic_cause ... ok
test ssh::helper_setup::tests::ssh_helper_setup_process_start_rejects_symlink_root_without_writing_log ... ok
test ssh::helper_setup::tests::ssh_helper_setup_readiness_parser_rejects_malformed_json ... ok
test ssh::helper_setup::tests::ssh_helper_setup_readiness_parser_rejects_missing_ready_event ... ok
test ssh::helper_setup::tests::ssh_helper_setup_readiness_parser_valid_ready ... ok
test ssh::operations::installer_tests::failed_copy_stops_installation_and_removes_staging_files ... ok
test ssh::operations::installer_tests::successful_install_updates_all_present_agent_directories ... ok
test ssh::projects::tests::connection_failure_does_not_register_or_fall_back_to_existing_local_directory ... ok
test ssh::projects::tests::corrupted_metadata_and_identity_collision_fail_closed_without_overwrite ... ok
test ssh::projects::tests::disabled_host_registration_leaves_no_project_or_temporary_files ... ok
test ssh::projects::tests::failed_atomic_save_cleans_temporary_file ... ok
test ssh::projects::tests::identity_is_host_qualified_idempotent_and_cannot_collide_with_local_registry ... ok
test ssh::projects::tests::lead_regression_identity_uses_fixed_u64_little_endian_byte_length ... ok
test ssh::projects::tests::lead_regression_local_and_remote_same_path_can_reveal_locally ... ok
test ssh::projects::tests::lead_regression_remote_root_does_not_block_legacy_local_reveal ... ok
test ssh::projects::tests::persisted_resolve_and_enabled_host_succeeds_with_legacy_keys_mixed_keys_and_unrelated_malformed_entry ... ok
test ssh::projects::tests::stored_routing_survives_reload_and_refuses_disabled_or_deleted_host ... ok
test ssh::projects::tests::unregister_revokes_stored_routing_and_reveal_is_explicitly_unsupported ... ok
test ssh::runtime::tests::fatal_transport_error_exit_code_255_is_identified ... ok
test ssh::runtime::tests::frames_accept_banners_but_reject_truncation_and_wrong_requests ... ok
test ssh::runtime::tests::non_fatal_timeout_has_no_exit_code_and_does_not_match_255 ... ok
test ssh::runtime::tests::paths_are_interpreted_by_the_remote_platform ... ok
test ssh::state_bridge::tests::state_reports_require_both_session_and_token ... ok
test ssh::tests::key_includes_user_and_default_port ... ok
test ssh::tests::serde_aliases_path_and_jump_host ... ok
test ssh::tests::serde_camel_case_round_trip ... ok
test ssh::tests::serde_identity_file_empty_whitespace_normalizes_to_agent_auth ... ok
test ssh::tests::serde_mixed_canonical_and_legacy_keys_prefers_canonical_without_duplicate_field_error ... ok
test ssh::tests::serde_preserves_id_byte_for_byte_and_requires_nonempty_id ... ok
test ssh::tests::serde_resilient_canonical_host_with_non_string_legacy_fields ... ok
test ssh::tests::serde_resilient_missing_label_falls_back_to_hostname_or_id ... ok
test ssh::tests::serde_resilient_omaki_payload_with_name_host_user ... ok
test ssh::tests::target_with_and_without_user ... ok
test ssh::worktree::tests::red_create_remote_option_injection_async_guard ... ok
test ssh::worktree::tests::red_create_remote_rejects_base_ref_option_injection ... ok
test ssh::worktree::tests::red_create_script_quoting_and_sanitized_branch ... ok
test ssh::worktree::tests::red_derive_ws_segment_malformed_rejected ... ok
test ssh::worktree::tests::red_list_script_marker_framed_both_platforms ... ok
test ssh::worktree::tests::red_malformed_porcelain_tolerated ... ok
test ssh::worktree::tests::red_parse_porcelain_entries ... ok
test ssh::worktree::tests::red_path_inside_root_guard ... ok
test ssh::worktree::tests::red_porcelain_parsing_of_created_output ... ok
test ssh::worktree::tests::red_posix_script_builders_executable_behavior ... hint: Using 'master' as the name for the initial branch. This default branch name
hint: is subject to change. To configure the initial branch name to use in all
hint: of your new repositories, which will suppress this warning, call:
hint:
hint: 	git config --global init.defaultBranch <name>
hint:
hint: Names commonly chosen instead of 'master' are 'main', 'trunk' and
hint: 'development'. The just-created branch can be renamed via this command:
hint:
hint: 	git branch -m <name>
hint:
hint: Disable this message with "git config set advice.defaultBranchName false"
Initialized empty Git repository in /private/tmp/blockon-st_01a099c9-h9waivts/tmp/.tmpcI73Sd/.git/
[master (root-commit) 2846090] init
ok
test ssh::worktree::tests::test_resolve_remote_spawn_root ... ok
test terminal::output_hub::tests::ssh_process_survival_gap_precedes_recovered_bytes_and_invalidates_history ... ok
test terminal::output_hub::tests::test_bounded_buffer_overflow ... ok
test terminal::output_hub::tests::test_bounded_history_sequence_range_and_eviction ... ok
test terminal::output_hub::tests::test_monotonic_u64_sequences_per_session ... ok
test terminal::output_hub::tests::test_output_hub_bracketed_paste_retention_on_eviction ... ok
test terminal::output_hub::tests::test_output_hub_initial_size_and_eviction_segmented_snapshot ... ok
test terminal::output_hub::tests::test_output_hub_replay_and_broadcast ... ok
test terminal::output_hub::tests::test_output_hub_resize_ledger_and_segmented_snapshot ... ok
test terminal::output_hub::tests::test_output_hub_resize_with_no_output_after_produces_trailing_segment ... ok
test terminal::output_hub::tests::test_replay_after_last_emitted_sequence_is_bounded_unless_evicted ... ok
test terminal::output_hub::tests::test_replay_after_sequence_partial_and_up_to_date ... ok
test terminal::output_hub::tests::test_replay_gap_detection_on_eviction ... ok
test terminal::output_hub::tests::test_subscriber_first_attachment_ordering_prevents_lost_chunks ... ok
test terminal::preferences::tests::test_apply_terminal_preference_overrides_shell ... ok
test terminal::preferences::tests::test_empty_font_family_resets_list ... ok
test terminal::preferences::tests::test_find_ghostty_binary_on_path_and_theme_candidates ... ok
test terminal::preferences::tests::test_palette_hex_and_256_colors ... ok
test terminal::preferences::tests::test_scrollback_parsing_and_overrides ... ok
test terminal::pty::tests::close_after_interrupt_still_succeeds_via_escalation_and_reap ... ok
test terminal::pty::tests::close_escalates_term_ignoring_process_group_and_reaps_bounded_without_touching_sibling ... ok
test terminal::pty::tests::utf8_locale_override_injected_when_environment_selects_no_locale ... ok
test terminal::pty::tests::utf8_locale_override_respects_explicit_locale_variables ... ok
test terminal::pty::tests::utf8_locale_override_treats_empty_locale_variables_as_unset ... ok
test terminal::remote_runtime_tests::ssh_daemon_restart_descriptor_only_and_drop_does_not_stop ... ok
test terminal::remote_runtime_tests::ssh_daemon_restart_rejects_duplicate_target_controller ... ok
test terminal::remote_runtime_tests::ssh_process_survival_same_target_replay_and_close ... ok
test terminal::remote_runtime_tests::ssh_reconnect_safety_authentication_on_redial_stops_retries ... ok
test terminal::remote_runtime_tests::ssh_reconnect_safety_control_failure_interrupts_pending_read ... ok
test terminal::remote_runtime_tests::ssh_reconnect_safety_erased_ipc_errors_are_not_classified_by_prose ... ok
test terminal::remote_runtime_tests::ssh_reconnect_safety_failure_classification ... ok
test terminal::remote_runtime_tests::ssh_reconnect_safety_retry_cap_and_terminal_failure ... ok
test terminal::remote_runtime_tests::ssh_reconnect_safety_setup_classifies_structured_transport_and_authentication ... ok
test terminal::resume_cwd::tests::non_omo_startups_keep_their_existing_directory_contract ... ok
test terminal::resume_cwd::tests::rejects_conflicting_project_directories_for_same_id ... ok
test terminal::resume_cwd::tests::rejects_fifo_transcripts ... ok
test terminal::resume_cwd::tests::rejects_missing_legacy_session_instead_of_using_pane_root ... ok
test terminal::resume_cwd::tests::rejects_relative_project_directory ... ok
test terminal::resume_cwd::tests::rejects_transcript_belonging_to_another_session ... ok
test terminal::resume_cwd::tests::repairs_legacy_id_only_state_from_exact_session_header ... ok
test terminal::resume_cwd::tests::resolved_resume_directory_is_used_by_a_real_process ... ok
test terminal::resume_cwd::tests::restores_nested_project_from_reported_transcript ... ok
test terminal::shell::tests::test_agent_resume_validates_bounded_absolute_transcript_paths ... ok
test terminal::shell::tests::test_agent_resume_validation_rejects_control_characters ... ok
test terminal::shell::tests::test_agent_resume_validation_rejects_empty_or_too_long ... ok
test terminal::shell::tests::test_agent_resume_validation_rejects_latest ... ok
test terminal::shell::tests::test_agent_resume_validation_rejects_leading_dash ... ok
test terminal::shell::tests::test_agent_resume_validation_rejects_missing_transcript_for_pi_and_prime ... ok
test terminal::shell::tests::test_agent_resume_validation_rejects_unsupported_agent ... ok
test terminal::shell::tests::test_agent_resume_validation_rejects_wrong_key ... ok
test terminal::shell::tests::test_custom_path_passthrough ... ok
test terminal::shell::tests::test_custom_shell_keeps_no_login_flag ... ok
test terminal::shell::tests::test_empty_and_whitespace_preference_treated_as_default ... ok
test terminal::shell::tests::test_linux_default ... ok
test terminal::shell::tests::test_macos_default_with_shell_env ... ok
test terminal::shell::tests::test_macos_default_without_shell_env ... ok
test terminal::shell::tests::test_qa_happy_claude_resume_creates_command_builder_without_executing ... ok
test terminal::shell::tests::test_resolve_agent_resume_all_supported_mappings ... ok
test terminal::shell::tests::test_resolve_agent_resume_omo_never_uses_session_id_flag ... ok
test terminal::shell::tests::test_resolve_startup_command_omo_resolves_executable_path ... ok
test terminal::shell::tests::test_resolve_startup_command_pure_fallback_to_shell ... ok
test terminal::shell::tests::test_windows_default_pwsh_absent ... ok
test terminal::shell::tests::test_windows_default_pwsh_present ... ok
test terminal::shell::tests::test_windows_explicit_choices ... ok
test terminal::tests::close_session_is_idempotent ... ok
test terminal::tests::dropped_output_receiver_still_cleans_reader_and_session ... ok
test terminal::tests::explicit_close_kills_reaps_and_removes_session ... ok
test terminal::tests::fast_spawn_close_race_is_safe ... ok
test terminal::tests::interrupt_signal_targets_foreground_pty_process_group ... ok
test terminal::tests::natural_child_exit_auto_removes_session_and_records_exit_code ... ok
test terminal::tests::resize_is_observed_by_the_child_shell ... ok
test terminal::tests::spawned_pty_advertises_a_real_terminal_type ... ok
test terminal::tests::spawned_pty_advertises_truecolor_support ... ok
test terminal::tests::terminal_service_natural_exit_closes_daemon_owned_output_stream ... ok
test terminal::tests::test_kill ... ok
test terminal::tests::test_lifecycle_poll_interval_is_relaxed_and_event_driven ... ok
test terminal::tests::test_multiple_concurrent_sessions ... ok
test terminal::tests::test_resize ... ok
test terminal::tests::test_session_lifecycle_and_errors ... ok
test terminal::tests::test_spawn_startup_command_omo ... ok
test terminal::tests::test_spawn_write_echo_and_read ... ok
test terminal::tests::test_terminal_service_sequence_safe_attach_and_replay ... ok
test tests::app_remote_state_persists_pairing_but_starts_off ... FAILED
test tests::cmd_digit_is_claimed_for_worktree_selection ... ok
test tests::ctrl_digit_matches_top_row_digits ... ok
test tests::korean_cmd_v_multiple_keydowns_emit_only_once_until_keyup ... ok
test tests::macos_cmd_v_uses_physical_keycode_under_korean_input ... ok
test tests::modifier_events_never_read_key_characters ... ok
test tests::tab_navigation_and_split_predicates_work ... ok
test tests::test_macos_cmd_c_shortcut_predicate_boundaries ... ok
test tests::test_macos_cmd_w_shortcut_predicate_boundaries ... ok
test util::tests::test_configure_no_window_passthrough ... ok
test worktree::git::local_budget_tests::a08_git_exceptional_cleanup_waits_before_error ... ok
test worktree::git::local_budget_tests::a08_git_legacy_path_fidelity ... ok
test worktree::git::local_budget_tests::a08_git_native_byte_fidelity ... ok
test worktree::git::local_budget_tests::a08_git_real_legacy_worktree_path ... ok
test worktree::git::local_budget_tests::bounded_git_rejects_large_output_and_expired_or_revoked_admission ... ok
test worktree::git::local_budget_tests::git_hook_descendant_containment ... ok
test worktree::git::local_budget_tests::local_budget_runs_existing_manager_create_delete ... ok
test worktree::git::local_budget_tests::local_mutation_budget_is_scoped_and_preserves_remote_deadline ... ok
test worktree::git::local_budget_tests::running_git_revocation_and_deadline_kill_and_reap ... ok
test worktree::git::tests::git_path_argument_normalization_strips_windows_verbatim_prefixes ... ok
test worktree::manager::host_scoped_session_id_tests::test_host_scoped_worktree_session_id ... ok
test worktree::registry::tests::register_replaces_bogus_root_entry ... ok
test worktree::registry::tests::register_unique_root_disambiguates_conflicting_ids ... ok
test worktree::registry::tests::register_unique_root_replaces_bogus_root_entry ... ok
test worktree::registry::tests::unregister_is_idempotent_on_the_same_id ... ok
test worktree::registry::tests::unregister_rejects_unsafe_workspace_id ... ok
test worktree::registry::tests::unregister_removes_registered_workspace_and_bumps_revision ... ok
test worktree::registry::tests::unregister_unknown_workspace_returns_false_without_revision_change ... ok
test worktree::tests::branch_namespace_formatting_and_validation ... ok
test worktree::tests::create_find_and_list_worktree ... ok
test worktree::tests::dirty_worktree_survives_force_remove_but_yields_to_explicit_destructive_delete ... ok
test worktree::tests::existing_target_and_missing_status_are_rejected ... ok
test worktree::tests::git_merge_base_is_ancestor_and_branch_merge_detection ... ok
test worktree::tests::multiple_worktrees_remain_isolated ... ok
test worktree::tests::parse_status_porcelain_v1_and_v2 ... ok
test worktree::tests::parse_worktree_list_porcelain ... ok
test worktree::tests::plain_folder_without_git_registers_and_guards_worktrees ... ok
test worktree::tests::registry_resolves_only_registered_workspace_identity ... ok
test worktree::tests::resolve_worktree_by_path_and_identity ... ok
test worktree::tests::safe_branch_delete_removes_merged_branch ... ok
test worktree::tests::safe_delete_clean_worktree ... ok
test worktree::tests::worktree_manager_rejects_filesystem_root ... ok
test worktree::tests::worktree_manager_resolves_nested_git_directory_to_canonical_root ... ok

failures:

---- daemon::server::tests::test_runtime_paths_are_profile_aware stdout ----

thread 'daemon::server::tests::test_runtime_paths_are_profile_aware' (3149919) panicked at src/daemon/server.rs:3285:9:
assertion `left == right` failed
  left: "/tmp/blockon-st_01a099c9-h9waivts/runtime"
 right: "/tmp/rorca-501-dev"
note: run with `RUST_BACKTRACE=1` environment variable to display a backtrace

---- ipc::tests::tauri_mock_worktree_commands_use_identity_contract stdout ----

thread 'ipc::tests::tauri_mock_worktree_commands_use_identity_contract' (3154694) panicked at /Users/indo/.cargo/registry/src/index.crates.io-1949cf8c6b5b557f/tauri-2.11.5/src/lib.rs:734:7:
state() called before manage() for alloc::sync::Arc<ferryx_lib::daemon::client::DaemonClient>

---- tests::app_remote_state_persists_pairing_but_starts_off stdout ----

thread 'tests::app_remote_state_persists_pairing_but_starts_off' (3181025) panicked at src/lib.rs:1824:9:
assertion `left == right` failed
  left: Relay
 right: Off


failures:
    daemon::server::tests::test_runtime_paths_are_profile_aware
    ipc::tests::tauri_mock_worktree_commands_use_identity_contract
    tests::app_remote_state_persists_pairing_but_starts_off

test result: FAILED. 1031 passed; 3 failed; 1 ignored; 0 measured; 0 filtered out; finished in 262.25s

error: test failed, to rerun pass `--lib`

EXIT=101
