$ vitest run --maxWorkers=1

[1m[46m RUN [49m[22m [36mv3.2.7 [39m[90mC:/Users/sook/ferryx-pane-completion/source-21dea3c0/ui[39m

[90mstderr[2m | src/components/NativeTerminalPane.test.tsx[2m > [22m[2mNativeTerminalPane bounded wheel normalization[2m > [22m[2mnormalizes 'zero' through mounted onWheel
[22m[39mNative terminal IPC command failed {
  command: [32m'cmd_native_terminal_attach'[39m,
  error: TypeError: Cannot read properties of undefined (reading 'transformCallback')
      at transformCallback [90m(file:///C:/Users/sook/ferryx-pane-completion/source-21dea3c0/ui/[39mnode_modules/[4m@tauri-apps/api[24m/core.js:72:39[90m)[39m
      at listen [90m(file:///C:/Users/sook/ferryx-pane-completion/source-21dea3c0/ui/[39mnode_modules/[4m@tauri-apps/api[24m/event.js:79:18[90m)[39m
      at Object.ensureStreamListenerRef.current [90m(C:\Users\sook\ferryx-pane-completion\source-21dea3c0\ui\[39msrc\components\NativeTerminalPane.tsx:2862:28[90m)[39m
      at Object.operation [90m(C:\Users\sook\ferryx-pane-completion\source-21dea3c0\ui\[39msrc\components\NativeTerminalPane.tsx:1204:37[90m)[39m
}

[90mstderr[2m | src/components/NativeTerminalPane.test.tsx[2m > [22m[2mNativeTerminalPane bounded wheel normalization[2m > [22m[2mnormalizes 'zero' through mounted onWheel
[22m[39mNative terminal IPC command failed {
  command: [32m'cmd_native_terminal_attach'[39m,
  error: TypeError: Cannot read properties of undefined (reading 'transformCallback')
      at transformCallback [90m(file:///C:/Users/sook/ferryx-pane-completion/source-21dea3c0/ui/[39mnode_modules/[4m@tauri-apps/api[24m/core.js:72:39[90m)[39m
      at listen [90m(file:///C:/Users/sook/ferryx-pane-completion/source-21dea3c0/ui/[39mnode_modules/[4m@tauri-apps/api[24m/event.js:79:18[90m)[39m
      at Object.ensureStreamListenerRef.current [90m(C:\Users\sook\ferryx-pane-completion\source-21dea3c0\ui\[39msrc\components\NativeTerminalPane.tsx:2862:28[90m)[39m
      at Object.operation [90m(C:\Users\sook\ferryx-pane-completion\source-21dea3c0\ui\[39msrc\components\NativeTerminalPane.tsx:1204:37[90m)[39m
}

[90mstderr[2m | src/components/NativeTerminalPane.test.tsx[2m > [22m[2mNativeTerminalPane bounded wheel normalization[2m > [22m[2mnormalizes 'zero' through mounted onWheel
[22m[39mNative terminal IPC command failed {
  command: [32m'cmd_native_terminal_attach'[39m,
  error: TypeError: Cannot read properties of undefined (reading 'transformCallback')
      at transformCallback [90m(file:///C:/Users/sook/ferryx-pane-completion/source-21dea3c0/ui/[39mnode_modules/[4m@tauri-apps/api[24m/core.js:72:39[90m)[39m
      at listen [90m(file:///C:/Users/sook/ferryx-pane-completion/source-21dea3c0/ui/[39mnode_modules/[4m@tauri-apps/api[24m/event.js:79:18[90m)[39m
      at Object.ensureStreamListenerRef.current [90m(C:\Users\sook\ferryx-pane-completion\source-21dea3c0\ui\[39msrc\components\NativeTerminalPane.tsx:2862:28[90m)[39m
      at Object.operation [90m(C:\Users\sook\ferryx-pane-completion\source-21dea3c0\ui\[39msrc\components\NativeTerminalPane.tsx:1204:37[90m)[39m
}

[90mstderr[2m | src/components/NativeTerminalPane.test.tsx[2m > [22m[2mNativeTerminalPane bounded wheel normalization[2m > [22m[2mnormalizes 'zero' through mounted onWheel
[22m[39mNative terminal IPC command failed {
  command: [32m'cmd_native_terminal_attach'[39m,
  error: TypeError: Cannot read properties of undefined (reading 'transformCallback')
      at transformCallback [90m(file:///C:/Users/sook/ferryx-pane-completion/source-21dea3c0/ui/[39mnode_modules/[4m@tauri-apps/api[24m/core.js:72:39[90m)[39m
      at listen [90m(file:///C:/Users/sook/ferryx-pane-completion/source-21dea3c0/ui/[39mnode_modules/[4m@tauri-apps/api[24m/event.js:79:18[90m)[39m
      at Object.ensureStreamListenerRef.current [90m(C:\Users\sook\ferryx-pane-completion\source-21dea3c0\ui\[39msrc\components\NativeTerminalPane.tsx:2862:28[90m)[39m
      at Object.operation [90m(C:\Users\sook\ferryx-pane-completion\source-21dea3c0\ui\[39msrc\components\NativeTerminalPane.tsx:1204:37[90m)[39m
}

[90mstderr[2m | src/components/NativeTerminalPane.test.tsx[2m > [22m[2mNativeTerminalPane bounded wheel normalization[2m > [22m[2mnormalizes 'zero' through mounted onWheel
[22m[39mNative terminal IPC command failed {
  command: [32m'cmd_native_terminal_attach'[39m,
  error: TypeError: Cannot read properties of undefined (reading 'transformCallback')
      at transformCallback [90m(file:///C:/Users/sook/ferryx-pane-completion/source-21dea3c0/ui/[39mnode_modules/[4m@tauri-apps/api[24m/core.js:72:39[90m)[39m
      at listen [90m(file:///C:/Users/sook/ferryx-pane-completion/source-21dea3c0/ui/[39mnode_modules/[4m@tauri-apps/api[24m/event.js:79:18[90m)[39m
      at Object.ensureStreamListenerRef.current [90m(C:\Users\sook\ferryx-pane-completion\source-21dea3c0\ui\[39msrc\components\NativeTerminalPane.tsx:2862:28[90m)[39m
      at Object.operation [90m(C:\Users\sook\ferryx-pane-completion\source-21dea3c0\ui\[39msrc\components\NativeTerminalPane.tsx:1204:37[90m)[39m
}

 [31m❯[39m src/components/NativeTerminalPane.test.tsx [2m([22m[2m197 tests[22m[2m | [22m[31m186 failed[39m[2m)[22m[33m 112580[2mms[22m[39m
[31m   [31m×[31m NativeTerminalPane IPC failure reporting and visible error state[2m > [22msuppresses the attach error banner across fast retries, surfaces it once the failure persists, and clears it on retry[39m[32m 58[2mms[22m[39m
[31m     → [2mexpect([22m[31melement[31m[2m).not.toBeInTheDocument()[22m

[31mexpected document not to contain element, found <button
  class="pointer-events-auto cursor-pointer absolute bottom-3 right-3 z-50 max-w-error rounded-md border border-destructive/30 bg-popover px-2 py-1 text-[11px] text-destructive shadow-sm hover:bg-accent transition-colors"
  role="alert"
  title="Click to retry connecting terminal"
  type="button"
>
  Terminal output recovery unavailable. Click to reconnect.
</button> instead[31m[39m
[31m   [31m×[31m NativeTerminalPane IPC failure reporting and visible error state[2m > [22mallows clicking the attach error banner to retry connection immediately[39m[32m 12[2mms[22m[39m
[31m     → [2mexpect([22m[31melement[31m[2m).not.toBeInTheDocument()[22m

[31mexpected document not to contain element, found <button
  class="pointer-events-auto cursor-pointer absolute bottom-3 right-3 z-50 max-w-error rounded-md border border-destructive/30 bg-popover px-2 py-1 text-[11px] text-destructive shadow-sm hover:bg-accent transition-colors"
  role="alert"
  title="Click to retry connecting terminal"
  type="button"
>
  Terminal output recovery unavailable. Click to reconnect.
</button> instead[31m[39m
   [32m✓[39m NativeTerminalPane IPC failure reporting and visible error state[2m > [22mdoes not attempt attach or show error banner when session lifecycle is exited[32m 2[2mms[22m[39m
[31m   [31m×[31m NativeTerminalPane IPC failure reporting and visible error state[2m > [22mre-attempts attach when same backendSessionId receives a new daemonEpoch[39m[32m 4[2mms[22m[39m
[31m     → expected +0 to be 1 // Object.is equality[39m
[31m   [31m×[31m NativeTerminalPane IPC failure reporting and visible error state[2m > [22mdisplays an accessible error banner when bounds IPC fails and does not show detach errors on unmount[39m[32m 19[2mms[22m[39m
[31m     → [2mexpect([22m[31melement[31m[2m).toHaveTextContent()[22m

Expected element to have text content:
[32m  Failed to update native terminal bounds[31m
Received:
[31m  Terminal output recovery unavailable. Click to reconnect.[31m[39m
   [32m✓[39m NativeTerminalPane IPC failure reporting and visible error state[2m > [22mkeeps the terminal uncovered when a bounds failure is shown[32m 6[2mms[22m[39m
[31m   [31m×[31m NativeTerminalPane IPC failure reporting and visible error state[2m > [22mstays silent when a bounds update loses the race with its own detach[39m[33m 1018[2mms[22m[39m
[31m     → expected "spy" to be called with arguments: [ …(2) ][90m

Received: 

[1m  1st spy call:

[22m[2m  [[22m
[32m-   "cmd_native_terminal_set_bounds",[90m
[32m-   Anything,[90m
[31m+   "cmd_native_terminal_set_focus",[90m
[31m+   {[90m
[31m+     "focused": false,[90m
[31m+     "sessionId": "term-session-1",[90m
[31m+   },[90m
[2m  ][22m
[31m[90m

Number of calls: [1m1[22m
[31m

Ignored nodes: comments, script, style
[36m<html>[31m
  [36m<head />[31m
  [36m<body>[31m
    [36m<div>[31m
      [36m<div[31m
        [33mclass[31m=[32m"terminal-host relative h-full w-full min-h-0 min-w-0 bg-transparent"[31m
        [33mdata-native-terminal-input-enabled[31m=[32m"true"[31m
        [33mdata-native-terminal-presented[31m=[32m"false"[31m
        [33mdata-native-terminal-visible[31m=[32m"true"[31m
        [33mdata-testid[31m=[32m"native-terminal-pane"[31m
      [36m>[31m
        [36m<div[31m
          [33mclass[31m=[32m"absolute inset-0"[31m
          [33mdata-testid[31m=[32m"native-terminal-viewport"[31m
        [36m>[31m
          [36m<textarea[31m
            [33maria-label[31m=[32m"Native terminal input"[31m
            [33mclass[31m=[32m"pointer-events-none absolute left-0 top-0 h-px w-px resize-none border-0 bg-transparent p-0 opacity-0"[31m
            [33mdata-testid[31m=[32m"native-terminal-focus-sink"[31m
          [36m/>[31m
        [36m</div>[31m
        [36m<div[31m
          [33mclass[31m=[32m"absolute inset-y-0 right-0 w-3 transition-opacity duration-150 opacity-0 pointer-events-none"[31m
          [33mdata-testid[31m=[32m"native-terminal-scrollbar-track"[31m
        [36m/>[31m
        [36m<button[31m
          [33mclass[31m=[32m"pointer-events-auto cursor-pointer absolute bottom-3 right-3 z-50 max-w-error rounded-md border border-destructive/30 bg-popover px-2 py-1 text-[11px] text-destructive shadow-sm hover:bg-accent transition-colors"[31m
          [33mrole[31m=[32m"alert"[31m
          [33mtitle[31m=[32m"Click to retry connecting terminal"[31m
          [33mtype[31m=[32m"button"[31m
        [36m>[31m
          [0mFailed to attach native terminal[0m
        [36m</button>[31m
      [36m</div>[31m
    [36m</div>[31m
  [36m</body>[31m
[36m</html>[31m[39m
[31m   [31m×[31m NativeTerminalPane bounded wheel normalization[2m > [22mnormalizes 'zero' through mounted onWheel[39m[33m 5008[2mms[22m[39m
[31m     → Test timed out in 5000ms.
If this is a long-running test, pass a timeout value as the last argument or configure it globally with "testTimeout".[39m
[31m   [31m×[31m NativeTerminalPane bounded wheel normalization[2m > [22mnormalizes 'horizontal-only' through mounted onWheel[39m[33m 5011[2mms[22m[39m
[31m     → Test timed out in 5000ms.
If this is a long-running test, pass a timeout value as the last argument or configure it globally with "testTimeout".[39m
[31m   [31m×[31m NativeTerminalPane bounded wheel normalization[2m > [22mnormalizes 'line notches' through mounted onWheel[39m[33m 5012[2mms[22m[39m
[31m     → Test timed out in 5000ms.
If this is a long-running test, pass a timeout value as the last argument or configure it globally with "testTimeout".[39m
[31m   [31m×[31m NativeTerminalPane bounded wheel normalization[2m > [22mnormalizes 'visible pages' through mounted onWheel[39m[33m 5016[2mms[22m[39m
[31m     → Test timed out in 5000ms.
If this is a long-running test, pass a timeout value as the last argument or configure it globally with "testTimeout".[39m
[31m   [31m×[31m NativeTerminalPane bounded wheel normalization[2m > [22mnormalizes 'fractional pixels' through mounted onWheel[39m[33m 5016[2mms[22m[39m
[31m     → Test timed out in 5000ms.
If this is a long-running test, pass a timeout value as the last argument or configure it globally with "testTimeout".[39m
[31m   [31m×[31m NativeTerminalPane bounded wheel normalization[2m > [22mnormalizes 'negative fractional pixels' through mounted onWheel[39m[33m 5013[2mms[22m[39m
[31m     → Test timed out in 5000ms.
If this is a long-running test, pass a timeout value as the last argument or configure it globally with "testTimeout".[39m
[31m   [31m×[31m NativeTerminalPane bounded wheel normalization[2m > [22mnormalizes 'direction cancellation' through mounted onWheel[39m[33m 5013[2mms[22m[39m
[31m     → Test timed out in 5000ms.
If this is a long-running test, pass a timeout value as the last argument or configure it globally with "testTimeout".[39m
[31m   [31m×[31m NativeTerminalPane bounded wheel normalization[2m > [22mnormalizes 'pixel i16 saturation' through mounted onWheel[39m[33m 5013[2mms[22m[39m
[31m     → Test timed out in 5000ms.
If this is a long-running test, pass a timeout value as the last argument or configure it globally with "testTimeout".[39m
[31m   [31m×[31m NativeTerminalPane bounded wheel normalization[2m > [22mnormalizes 'line i16 saturation' through mounted onWheel[39m[33m 5013[2mms[22m[39m
[31m     → Test timed out in 5000ms.
If this is a long-running test, pass a timeout value as the last argument or configure it globally with "testTimeout".[39m
[31m   [31m×[31m NativeTerminalPane bounded wheel normalization[2m > [22mnormalizes 'page i16 saturation' through mounted onWheel[39m[33m 5007[2mms[22m[39m
[31m     → Test timed out in 5000ms.
If this is a long-running test, pass a timeout value as the last argument or configure it globally with "testTimeout".[39m
[31m   [31m×[31m NativeTerminalPane bounded wheel normalization[2m > [22mforwards pane-local wheel position and all modifier states[39m[33m 5011[2mms[22m[39m
[31m     → Test timed out in 5000ms.
If this is a long-running test, pass a timeout value as the last argument or configure it globally with "testTimeout".[39m
[31m   [31m×[31m NativeTerminalPane bounded wheel normalization[2m > [22muses updated visible rows and ignores sibling scrollbar metrics[39m[33m 5004[2mms[22m[39m
[31m     → Test timed out in 5000ms.
If this is a long-running test, pass a timeout value as the last argument or configure it globally with "testTimeout".[39m
[31m   [31m×[31m NativeTerminalPane bounded wheel normalization[2m > [22mdiscards fractional movement across a session transition[39m[33m 5014[2mms[22m[39m
[31m     → Test timed out in 5000ms.
If this is a long-running test, pass a timeout value as the last argument or configure it globally with "testTimeout".[39m
[31m   [31m×[31m NativeTerminalPane bounded wheel normalization[2m > [22mdiscards fractional movement across a generation transition[39m[33m 5017[2mms[22m[39m
[31m     → Test timed out in 5000ms.
If this is a long-running test, pass a timeout value as the last argument or configure it globally with "testTimeout".[39m
[31m   [31m×[31m NativeTerminalPane bounded wheel normalization[2m > [22mdiscards fractional movement across a daemon epoch transition[39m[33m 5002[2mms[22m[39m
[31m     → Test timed out in 5000ms.
If this is a long-running test, pass a timeout value as the last argument or configure it globally with "testTimeout".[39m
[31m   [31m×[31m NativeTerminalPane bounded wheel normalization[2m > [22mdiscards fractional movement across a hidden transition[39m[33m 5004[2mms[22m[39m
[31m     → Test timed out in 5000ms.
If this is a long-running test, pass a timeout value as the last argument or configure it globally with "testTimeout".[39m
[31m   [31m×[31m NativeTerminalPane bounded wheel normalization[2m > [22mdoes not send wheel IPC outside Tauri[39m[32m 2[2mms[22m[39m
[31m     → Unable to find an element by: [data-testid="native-terminal-pane"]

Ignored nodes: comments, script, style
[36m<body>[31m
  [36m<div />[31m
[36m</body>[31m[39m
   [32m✓[39m snapBoundsToDevicePixels[2m > [22mleaves an already pixel-aligned rect untouched[32m 0[2mms[22m[39m
   [32m✓[39m snapBoundsToDevicePixels[2m > [22mtreats a half CSS pixel as aligned at 2x because it is a whole device pixel[32m 0[2mms[22m[39m
   [32m✓[39m snapBoundsToDevicePixels[2m > [22mclamps negative origin coordinates to 0 to prevent compositor layout errors[32m 0[2mms[22m[39m
   [32m✓[39m snapBoundsToDevicePixels[2m > [22msnaps the fractional origin a later split pane inherits[32m 1[2mms[22m[39m
   [32m✓[39m snapBoundsToDevicePixels[2m > [22mpreserves the 1px divider gap between adjacent panes[32m 0[2mms[22m[39m
   [32m✓[39m snapBoundsToDevicePixels[2m > [22mreturns the rect unchanged when the scale factor is not usable[32m 0[2mms[22m[39m
[31m   [31m×[31m NativeTerminalPane geometry reporting contract[2m > [22mmeasures viewport DOM geometry and passes bounds and scaleFactor in cmd_native_terminal_attach on mount[39m[32m 1[2mms[22m[39m
[31m     → expected "spy" to be called with arguments: [ 'cmd_native_terminal_attach', …(1) ][90m

Number of calls: [1m0[22m
[31m[39m
[31m   [31m×[31m NativeTerminalPane geometry reporting contract[2m > [22msnaps a fractional split-pane rect to whole device pixels before attaching[39m[32m 1[2mms[22m[39m
[31m     → expected "spy" to be called with arguments: [ 'cmd_native_terminal_attach', …(1) ][90m

Number of calls: [1m0[22m
[31m[39m
[31m   [31m×[31m NativeTerminalPane geometry reporting contract[2m > [22momits geometry in cmd_native_terminal_attach when viewport has zero-area dimensions on mount[39m[32m 1[2mms[22m[39m
[31m     → expected "spy" to be called with arguments: [ 'cmd_native_terminal_attach', …(1) ][90m

Number of calls: [1m0[22m
[31m[39m
[31m   [31m×[31m NativeTerminalPane geometry reporting contract[2m > [22mobserves DOM rectangle, explicitly attaches session, and reports initial bounds on mount in Tauri mode[39m[32m 1[2mms[22m[39m
[31m     → expected "spy" to be called with arguments: [ 'cmd_native_terminal_attach', …(1) ][90m

Number of calls: [1m0[22m
[31m[39m
[31m   [31m×[31m NativeTerminalPane geometry reporting contract[2m > [22muses the entire pane height beneath the handle and bottom overlays[39m[33m 5007[2mms[22m[39m
[31m     → Test timed out in 5000ms.
If this is a long-running test, pass a timeout value as the last argument or configure it globally with "testTimeout".[39m
[31m   [31m×[31m NativeTerminalPane geometry reporting contract[2m > [22mreports changed bounds payload once when geometry changes[39m[33m 1005[2mms[22m[39m
[31m     → expected 0 to be greater than 0

Ignored nodes: comments, script, style
[36m<html>[31m
  [36m<head />[31m
  [36m<body>[31m
    [36m<div />[31m
  [36m</body>[31m
[36m</html>[31m[39m
[31m   [31m×[31m NativeTerminalPane geometry reporting contract[2m > [22mdoes not retry a resize frame deferred by synchronized output[39m[32m 2[2mms[22m[39m
[31m     → expected undefined to be defined[39m
[31m   [31m×[31m NativeTerminalPane geometry reporting contract[2m > [22mcoalesces rapid height increases until the prior native resize completes[39m[33m 1017[2mms[22m[39m
[31m     → expected [] to have a length of 1 but got +0

Ignored nodes: comments, script, style
[36m<html>[31m
  [36m<head />[31m
  [36m<body>[31m
    [36m<div />[31m
  [36m</body>[31m
[36m</html>[31m[39m
[31m   [31m×[31m NativeTerminalPane geometry reporting contract[2m > [22mrefreshes the thumb metrics after a height resize changes visible rows[39m[33m 1015[2mms[22m[39m
[31m     → Unable to find an element by: [data-testid="native-terminal-scrollbar-thumb"]

Ignored nodes: comments, script, style
[36m<body>[31m
  [36m<div />[31m
[36m</body>[31m

Ignored nodes: comments, script, style
[36m<html>[31m
  [36m<head />[31m
  [36m<body>[31m
    [36m<div />[31m
  [36m</body>[31m
[36m</html>[31m[39m
[31m   [31m×[31m NativeTerminalPane geometry reporting contract[2m > [22mskips the rejected zero-area measurement and reports the first real one[39m[33m 1005[2mms[22m[39m
[31m     → expected 0 to be greater than 0

Ignored nodes: comments, script, style
[36m<html>[31m
  [36m<head />[31m
  [36m<body>[31m
    [36m<div />[31m
  [36m</body>[31m
[36m</html>[31m[39m
[31m   [31m×[31m NativeTerminalPane geometry reporting contract[2m > [22mretries an identical measurement after a rejected bounds request[39m[33m 1007[2mms[22m[39m
[31m     → expected [] to have a length of 1 but got +0

Ignored nodes: comments, script, style
[36m<html>[31m
  [36m<head />[31m
  [36m<body>[31m
    [36m<div />[31m
  [36m</body>[31m
[36m</html>[31m[39m
[31m   [31m×[31m NativeTerminalPane geometry reporting contract[2m > [22mdisconnects ResizeObserver and invokes detach on unmount[39m[33m 1009[2mms[22m[39m
[31m     → expected 0 to be greater than 0

Ignored nodes: comments, script, style
[36m<html>[31m
  [36m<head />[31m
  [36m<body>[31m
    [36m<div />[31m
  [36m</body>[31m
[36m</html>[31m[39m
[31m   [31m×[31m NativeTerminalPane geometry reporting contract[2m > [22mpresents the replacement terminal before detaching the outgoing terminal[39m[33m 1007[2mms[22m[39m
[31m     → expected "spy" to be called with arguments: [ …(2) ][90m

Number of calls: [1m0[22m
[31m

Ignored nodes: comments, script, style
[36m<html>[31m
  [36m<head />[31m
  [36m<body>[31m
    [36m<div />[31m
  [36m</body>[31m
[36m</html>[31m[39m
[31m   [31m×[31m NativeTerminalPane geometry reporting contract[2m > [22mkeeps the outgoing terminal until the last rapid replacement is presented[39m[33m 1005[2mms[22m[39m
[31m     → expected "spy" to be called with arguments: [ …(2) ][90m

Number of calls: [1m0[22m
[31m

Ignored nodes: comments, script, style
[36m<html>[31m
  [36m<head />[31m
  [36m<body>[31m
    [36m<div />[31m
  [36m</body>[31m
[36m</html>[31m[39m
   [32m✓[39m NativeTerminalPane geometry reporting contract[2m > [22mdoes not report Tauri geometry bounds in remote/web non-Tauri mode[32m 1[2mms[22m[39m
[31m   [31m×[31m NativeTerminalPane geometry reporting contract[2m > [22mconverts physical native cursor cells to a high-DPI IME anchor[39m[32m 1[2mms[22m[39m
[31m     → Unable to find an element by: [data-testid="native-terminal-focus-sink"]

Ignored nodes: comments, script, style
[36m<body>[31m
  [36m<div />[31m
[36m</body>[31m[39m
[31m   [31m×[31m NativeTerminalPane focus, keyboard, and IME prototype contract[2m > [22mfocuses the hidden input sink and notifies native focus after successful attach[39m[32m 1[2mms[22m[39m
[31m     → Unable to find an element by: [data-testid="native-terminal-focus-sink"]

Ignored nodes: comments, script, style
[36m<body>[31m
  [36m<div />[31m
[36m</body>[31m[39m
[31m   [31m×[31m NativeTerminalPane focus, keyboard, and IME prototype contract[2m > [22mpositions the IME input sink at the native cursor receipt[39m[32m 1[2mms[22m[39m
[31m     → Unable to find an element by: [data-testid="native-terminal-focus-sink"]

Ignored nodes: comments, script, style
[36m<body>[31m
  [36m<div />[31m
[36m</body>[31m[39m
[31m   [31m×[31m NativeTerminalPane focus, keyboard, and IME prototype contract[2m > [22mmoves the IME anchor from an out-of-band input receipt, and ignores receipts for other sessions[39m[32m 1[2mms[22m[39m
[31m     → Unable to find an element by: [data-testid="native-terminal-focus-sink"]

Ignored nodes: comments, script, style
[36m<body>[31m
  [36m<div />[31m
[36m</body>[31m[39m
[31m   [31m×[31m NativeTerminalPane focus, keyboard, and IME prototype contract[2m > [22mforwards a primary pointer press for native selection without cancelling the gesture[39m[32m 1[2mms[22m[39m
[31m     → Unable to find an element by: [data-testid="native-terminal-focus-sink"]

Ignored nodes: comments, script, style
[36m<body>[31m
  [36m<div />[31m
[36m</body>[31m[39m
[31m   [31m×[31m NativeTerminalPane focus, keyboard, and IME prototype contract[2m > [22mforwards drag motion and release for native selection without cancelling pointer events[39m[32m 1[2mms[22m[39m
[31m     → Unable to find an element by: [data-testid="native-terminal-focus-sink"]

Ignored nodes: comments, script, style
[36m<body>[31m
  [36m<div />[31m
[36m</body>[31m[39m
[31m   [31m×[31m NativeTerminalPane focus, keyboard, and IME prototype contract[2m > [22msends typed native focus and blur intent through IPC[39m[32m 1[2mms[22m[39m
[31m     → Unable to find an element by: [data-testid="native-terminal-focus-sink"]

Ignored nodes: comments, script, style
[36m<body>[31m
  [36m<div />[31m
[36m</body>[31m[39m
[31m   [31m×[31m NativeTerminalPane focus, keyboard, and IME prototype contract[2m > [22mreports rejected native input IPC commands[39m[32m 1[2mms[22m[39m
[31m     → Unable to find an element by: [data-testid="native-terminal-focus-sink"]

Ignored nodes: comments, script, style
[36m<body>[31m
  [36m<div />[31m
[36m</body>[31m[39m
[31m   [31m×[31m NativeTerminalPane focus, keyboard, and IME prototype contract[2m > [22mself-heals detached session on send_input error by re-attaching and retrying input once[39m[32m 1[2mms[22m[39m
[31m     → Unable to find an element by: [data-testid="native-terminal-focus-sink"]

Ignored nodes: comments, script, style
[36m<body>[31m
  [36m<div />[31m
[36m</body>[31m[39m
[31m   [31m×[31m NativeTerminalPane focus, keyboard, and IME prototype contract[2m > [22mdoes not loop infinitely when input retry repeatedly fails[39m[32m 1[2mms[22m[39m
[31m     → Unable to find an element by: [data-testid="native-terminal-focus-sink"]

Ignored nodes: comments, script, style
[36m<body>[31m
  [36m<div />[31m
[36m</body>[31m[39m
[31m   [31m×[31m NativeTerminalPane focus, keyboard, and IME prototype contract[2m > [22mtells the user when input was dropped by queue overflow instead of failing silently[39m[32m 1[2mms[22m[39m
[31m     → Unable to find an element by: [data-testid="native-terminal-focus-sink"]

Ignored nodes: comments, script, style
[36m<body>[31m
  [36m<div />[31m
[36m</body>[31m[39m
[31m   [31m×[31m NativeTerminalPane focus, keyboard, and IME prototype contract[2m > [22mencodes and forwards non-printable control keys on keydown without duplicating printable input[39m[32m 1[2mms[22m[39m
[31m     → Unable to find an element by: [data-testid="native-terminal-focus-sink"]

Ignored nodes: comments, script, style
[36m<body>[31m
  [36m<div />[31m
[36m</body>[31m[39m
[31m   [31m×[31m NativeTerminalPane focus, keyboard, and IME prototype contract[2m > [22mforwards macOS word-navigation and word-deletion chords instead of letting the focus sink edit itself[39m[32m 1[2mms[22m[39m
[31m     → Unable to find an element by: [data-testid="native-terminal-focus-sink"]

Ignored nodes: comments, script, style
[36m<body>[31m
  [36m<div />[31m
[36m</body>[31m[39m
[31m   [31m×[31m NativeTerminalPane focus, keyboard, and IME prototype contract[2m > [22mrecovers the physical key when macOS translates an Option chord into a glyph[39m[32m 1[2mms[22m[39m
[31m     → Unable to find an element by: [data-testid="native-terminal-focus-sink"]

Ignored nodes: comments, script, style
[36m<body>[31m
  [36m<div />[31m
[36m</body>[31m[39m
[31m   [31m×[31m NativeTerminalPane focus, keyboard, and IME prototype contract[2m > [22mforwards modified character keys through the typed key IPC payload[39m[32m 1[2mms[22m[39m
[31m     → Unable to find an element by: [data-testid="native-terminal-focus-sink"]

Ignored nodes: comments, script, style
[36m<body>[31m
  [36m<div />[31m
[36m</body>[31m[39m
[31m   [31m×[31m NativeTerminalPane focus, keyboard, and IME prototype contract[2m > [22msends DOM text paste as one bracketed paste IPC payload[39m[32m 1[2mms[22m[39m
[31m     → Unable to find an element by: [data-testid="native-terminal-focus-sink"]

Ignored nodes: comments, script, style
[36m<body>[31m
  [36m<div />[31m
[36m</body>[31m[39m
[31m   [31m×[31m NativeTerminalPane focus, keyboard, and IME prototype contract[2m > [22msends multiline DOM text paste as a single payload to cmd_native_terminal_paste[39m[32m 1[2mms[22m[39m
[31m     → Unable to find an element by: [data-testid="native-terminal-focus-sink"]

Ignored nodes: comments, script, style
[36m<body>[31m
  [36m<div />[31m
[36m</body>[31m[39m
[31m   [31m×[31m NativeTerminalPane focus, keyboard, and IME prototype contract[2m > [22mclaims macOS Cmd+V ('Latin v') on focused textarea and routes native text clipboard content without DOM paste[39m[32m 1[2mms[22m[39m
[31m     → Unable to find an element by: [data-testid="native-terminal-focus-sink"]

Ignored nodes: comments, script, style
[36m<body>[31m
  [36m<div />[31m
[36m</body>[31m[39m
[31m   [31m×[31m NativeTerminalPane focus, keyboard, and IME prototype contract[2m > [22mclaims macOS Cmd+V ('Korean character ㅍ') on focused textarea and routes native text clipboard content without DOM paste[39m[32m 1[2mms[22m[39m
[31m     → Unable to find an element by: [data-testid="native-terminal-focus-sink"]

Ignored nodes: comments, script, style
[36m<body>[31m
  [36m<div />[31m
[36m</body>[31m[39m
[31m   [31m×[31m NativeTerminalPane focus, keyboard, and IME prototype contract[2m > [22mclaims macOS Cmd+V ('IME Process key') on focused textarea and routes native text clipboard content without DOM paste[39m[32m 1[2mms[22m[39m
[31m     → Unable to find an element by: [data-testid="native-terminal-focus-sink"]

Ignored nodes: comments, script, style
[36m<body>[31m
  [36m<div />[31m
[36m</body>[31m[39m
[31m   [31m×[31m NativeTerminalPane focus, keyboard, and IME prototype contract[2m > [22mclaims macOS Cmd+V on focused textarea and saves clipboard image locally, pasting the local path[39m[32m 1[2mms[22m[39m
[31m     → Unable to find an element by: [data-testid="native-terminal-focus-sink"]

Ignored nodes: comments, script, style
[36m<body>[31m
  [36m<div />[31m
[36m</body>[31m[39m
[31m   [31m×[31m NativeTerminalPane focus, keyboard, and IME prototype contract[2m > [22msends a clipboard image to the SSH host owning a remote pane and 'pastes the uploaded remote path'[39m[32m 1[2mms[22m[39m
[31m     → Unable to find an element by: [data-testid="native-terminal-focus-sink"]

Ignored nodes: comments, script, style
[36m<body>[31m
  [36m<div />[31m
[36m</body>[31m[39m
[31m   [31m×[31m NativeTerminalPane focus, keyboard, and IME prototype contract[2m > [22msends a clipboard image to the SSH host owning a remote pane and 'degrades to the agent\'s paste chord …'[39m[32m 1[2mms[22m[39m
[31m     → Unable to find an element by: [data-testid="native-terminal-focus-sink"]

Ignored nodes: comments, script, style
[36m<body>[31m
  [36m<div />[31m
[36m</body>[31m[39m
[31m   [31m×[31m NativeTerminalPane focus, keyboard, and IME prototype contract[2m > [22msaves a local pane clipboard image and never uploads it over SSH or daemon[39m[32m 1[2mms[22m[39m
[31m     → Unable to find an element by: [data-testid="native-terminal-focus-sink"]

Ignored nodes: comments, script, style
[36m<body>[31m
  [36m<div />[31m
[36m</body>[31m[39m
[31m   [31m×[31m NativeTerminalPane focus, keyboard, and IME prototype contract[2m > [22mclaims Ctrl+V with Korean layout key ㅍ on focused textarea and routes native text clipboard content[39m[32m 1[2mms[22m[39m
[31m     → Unable to find an element by: [data-testid="native-terminal-focus-sink"]

Ignored nodes: comments, script, style
[36m<body>[31m
  [36m<div />[31m
[36m</body>[31m[39m
[31m   [31m×[31m NativeTerminalPane focus, keyboard, and IME prototype contract[2m > [22mclaims Ctrl+V with Latin v on focused textarea and routes native text clipboard content[39m[32m 1[2mms[22m[39m
[31m     → Unable to find an element by: [data-testid="native-terminal-focus-sink"]

Ignored nodes: comments, script, style
[36m<body>[31m
  [36m<div />[31m
[36m</body>[31m[39m
[31m   [31m×[31m NativeTerminalPane focus, keyboard, and IME prototype contract[2m > [22mclaims Ctrl+Shift+V on focused textarea and routes native text clipboard content[39m[32m 1[2mms[22m[39m
[31m     → Unable to find an element by: [data-testid="native-terminal-focus-sink"]

Ignored nodes: comments, script, style
[36m<body>[31m
  [36m<div />[31m
[36m</body>[31m[39m
[31m   [31m×[31m NativeTerminalPane focus, keyboard, and IME prototype contract[2m > [22mclaims Shift+Insert on focused textarea and routes native text clipboard content[39m[32m 1[2mms[22m[39m
[31m     → Unable to find an element by: [data-testid="native-terminal-focus-sink"]

Ignored nodes: comments, script, style
[36m<body>[31m
  [36m<div />[31m
[36m</body>[31m[39m
[31m   [31m×[31m NativeTerminalPane focus, keyboard, and IME prototype contract[2m > [22mclaims Ctrl+V on focused textarea and saves clipboard image locally, pasting the local path[39m[32m 1[2mms[22m[39m
[31m     → Unable to find an element by: [data-testid="native-terminal-focus-sink"]

Ignored nodes: comments, script, style
[36m<body>[31m
  [36m<div />[31m
[36m</body>[31m[39m
[31m   [31m×[31m NativeTerminalPane focus, keyboard, and IME prototype contract[2m > [22mroutes AppKit-consumed macOS Cmd+V to the last-focused split terminal exactly once[39m[32m 1[2mms[22m[39m
[31m     → Unable to find an element by: [data-testid="native-terminal-focus-sink"]

Ignored nodes: comments, script, style
[36m<body>[31m
  [36m<div />[31m
[36m</body>[31m[39m
[31m   [31m×[31m NativeTerminalPane focus, keyboard, and IME prototype contract[2m > [22mleaves AppKit-consumed Cmd+V to an external editable instead of a terminal[39m[32m 1[2mms[22m[39m
[31m     → Unable to find an element by: [data-testid="external-native-paste-input"]

Ignored nodes: comments, script, style
[36m<body>[31m
  [36m<div />[31m
[36m</body>[31m[39m
[31m   [31m×[31m NativeTerminalPane focus, keyboard, and IME prototype contract[2m > [22mclaims macOS Cmd+V on focused textarea and sends no terminal input when clipboard is empty[39m[32m 1[2mms[22m[39m
[31m     → Unable to find an element by: [data-testid="native-terminal-focus-sink"]

Ignored nodes: comments, script, style
[36m<body>[31m
  [36m<div />[31m
[36m</body>[31m[39m
[31m   [31m×[31m NativeTerminalPane focus, keyboard, and IME prototype contract[2m > [22mrecognizes macOS Korean layout Cmd+V ('Korean character ㅍ') through neutral document capture fallback, claims focus, and routes native paste without DOM paste[39m[32m 1[2mms[22m[39m
[31m     → Unable to find an element by: [data-testid="native-terminal-focus-sink"]

Ignored nodes: comments, script, style
[36m<body>[31m
  [36m<div />[31m
[36m</body>[31m[39m
[31m   [31m×[31m NativeTerminalPane focus, keyboard, and IME prototype contract[2m > [22mrecognizes macOS Korean layout Cmd+V ('IME Process key') through neutral document capture fallback, claims focus, and routes native paste without DOM paste[39m[32m 1[2mms[22m[39m
[31m     → Unable to find an element by: [data-testid="native-terminal-focus-sink"]

Ignored nodes: comments, script, style
[36m<body>[31m
  [36m<div />[31m
[36m</body>[31m[39m
[31m   [31m×[31m NativeTerminalPane focus, keyboard, and IME prototype contract[2m > [22msuppresses a subsequent DOM paste event exactly once after macOS Cmd+V keydown fallback[39m[32m 1[2mms[22m[39m
[31m     → Unable to find an element by: [data-testid="native-terminal-focus-sink"]

Ignored nodes: comments, script, style
[36m<body>[31m
  [36m<div />[31m
[36m</body>[31m[39m
[31m   [31m×[31m NativeTerminalPane focus, keyboard, and IME prototype contract[2m > [22mkeeps duplicate-paste suppression through async clipboard inspection until KeyV keyup[39m[32m 1[2mms[22m[39m
[31m     → Unable to find an element by: [data-testid="native-terminal-focus-sink"]

Ignored nodes: comments, script, style
[36m<body>[31m
  [36m<div />[31m
[36m</body>[31m[39m
[31m   [31m×[31m NativeTerminalPane focus, keyboard, and IME prototype contract[2m > [22mclears native paste suppression when the window loses focus before KeyV keyup[39m[32m 1[2mms[22m[39m
[31m     → Unable to find an element by: [data-testid="native-terminal-focus-sink"]

Ignored nodes: comments, script, style
[36m<body>[31m
  [36m<div />[31m
[36m</body>[31m[39m
[31m   [31m×[31m NativeTerminalPane focus, keyboard, and IME prototype contract[2m > [22mroutes neutral BODY Cmd+V native clipboard fallback only to the last-focused split terminal[39m[32m 2[2mms[22m[39m
[31m     → Unable to find an element by: [data-testid="native-terminal-focus-sink"]

Ignored nodes: comments, script, style
[36m<body>[31m
  [36m<div />[31m
[36m</body>[31m[39m
[31m   [31m×[31m NativeTerminalPane focus, keyboard, and IME prototype contract[2m > [22mdoes not claim macOS Cmd+V when an external editable input is focused[39m[32m 1[2mms[22m[39m
[31m     → Unable to find an element by: [data-testid="external-search-input"]

Ignored nodes: comments, script, style
[36m<body>[31m
  [36m<div />[31m
[36m</body>[31m[39m
[31m   [31m×[31m NativeTerminalPane focus, keyboard, and IME prototype contract[2m > [22mclaims native fallback on non-macOS platforms for Ctrl+V[39m[32m 1[2mms[22m[39m
[31m     → Unable to find an element by: [data-testid="native-terminal-focus-sink"]

Ignored nodes: comments, script, style
[36m<body>[31m
  [36m<div />[31m
[36m</body>[31m[39m
[31m   [31m×[31m NativeTerminalPane focus, keyboard, and IME prototype contract[2m > [22mignores standalone Meta key before Korean Cmd+V (ㅍ) across capture fallback and textarea[39m[32m 1[2mms[22m[39m
[31m     → Unable to find an element by: [data-testid="native-terminal-focus-sink"]

Ignored nodes: comments, script, style
[36m<body>[31m
  [36m<div />[31m
[36m</body>[31m[39m
[31m   [31m×[31m NativeTerminalPane focus, keyboard, and IME prototype contract[2m > [22mforwards a DOM image paste through the agent's Ctrl+V shortcut[39m[32m 1[2mms[22m[39m
[31m     → Unable to find an element by: [data-testid="native-terminal-focus-sink"]

Ignored nodes: comments, script, style
[36m<body>[31m
  [36m<div />[31m
[36m</body>[31m[39m
[31m   [31m×[31m NativeTerminalPane focus, keyboard, and IME prototype contract[2m > [22mforwards a fixture PNG paste at the DOM paste seam through the agent's Ctrl+V shortcut[39m[32m 1[2mms[22m[39m
[31m     → Unable to find an element by: [data-testid="native-terminal-focus-sink"]

Ignored nodes: comments, script, style
[36m<body>[31m
  [36m<div />[31m
[36m</body>[31m[39m
[31m   [31m×[31m NativeTerminalPane focus, keyboard, and IME prototype contract[2m > [22mroutes an image-only paste targeting the terminal pane when the focus sink is not active exclusively through Ctrl+V exactly once[39m[32m 1[2mms[22m[39m
[31m     → Unable to find an element by: [data-testid="native-terminal-pane"]

Ignored nodes: comments, script, style
[36m<body>[31m
  [36m<div />[31m
[36m</body>[31m[39m
[31m   [31m×[31m NativeTerminalPane focus, keyboard, and IME prototype contract[2m > [22mDOM paste with an image on an ssh pane invokes cmd_ssh_paste_clipboard_image and sends no 0x16[39m[32m 1[2mms[22m[39m
[31m     → Unable to find an element by: [data-testid="native-terminal-focus-sink"]

Ignored nodes: comments, script, style
[36m<body>[31m
  [36m<div />[31m
[36m</body>[31m[39m
[31m   [31m×[31m NativeTerminalPane focus, keyboard, and IME prototype contract[2m > [22mDOM paste with an image on a daemon pane invokes cmd_daemon_paste_clipboard_image and sends no 0x16[39m[32m 1[2mms[22m[39m
[31m     → Unable to find an element by: [data-testid="native-terminal-focus-sink"]

Ignored nodes: comments, script, style
[36m<body>[31m
  [36m<div />[31m
[36m</body>[31m[39m
[31m   [31m×[31m NativeTerminalPane focus, keyboard, and IME prototype contract[2m > [22mDOM paste with an image on a local pane invokes cmd_local_paste_clipboard_image and sends no 0x16[39m[32m 1[2mms[22m[39m
[31m     → Unable to find an element by: [data-testid="native-terminal-focus-sink"]

Ignored nodes: comments, script, style
[36m<body>[31m
  [36m<div />[31m
[36m</body>[31m[39m
[31m   [31m×[31m NativeTerminalPane focus, keyboard, and IME prototype contract[2m > [22mdegrades to the agent's paste chord with no error toast when the remote host cannot read a clipboard image[39m[32m 2[2mms[22m[39m
[31m     → Unable to find an element by: [data-testid="native-terminal-focus-sink"]

Ignored nodes: comments, script, style
[36m<body>[31m
  [36m<div />[31m
[36m</body>[31m[39m
[31m   [31m×[31m NativeTerminalPane focus, keyboard, and IME prototype contract[2m > [22mdegrades to the agent's paste chord with no error toast when this platform cannot read a clipboard image[39m[32m 1[2mms[22m[39m
[31m     → Unable to find an element by: [data-testid="native-terminal-focus-sink"]

Ignored nodes: comments, script, style
[36m<body>[31m
  [36m<div />[31m
[36m</body>[31m[39m
[31m   [31m×[31m NativeTerminalPane focus, keyboard, and IME prototype contract[2m > [22msends the pane's backend session ID (not the frontend ID) and pastes 'a POSIX path on a manually typed SSH …'[39m[32m 0[2mms[22m[39m
[31m     → Unable to find an element by: [data-testid="native-terminal-focus-sink"]

Ignored nodes: comments, script, style
[36m<body>[31m
  [36m<div />[31m
[36m</body>[31m[39m
[31m   [31m×[31m NativeTerminalPane focus, keyboard, and IME prototype contract[2m > [22msends the pane's backend session ID (not the frontend ID) and pastes 'a Windows path on a manually typed SS…'[39m[32m 1[2mms[22m[39m
[31m     → Unable to find an element by: [data-testid="native-terminal-focus-sink"]

Ignored nodes: comments, script, style
[36m<body>[31m
  [36m<div />[31m
[36m</body>[31m[39m
[31m   [31m×[31m NativeTerminalPane focus, keyboard, and IME prototype contract[2m > [22mdoes not paste any path when the session-aware upload fails[39m[32m 1[2mms[22m[39m
[31m     → Unable to find an element by: [data-testid="native-terminal-focus-sink"]

Ignored nodes: comments, script, style
[36m<body>[31m
  [36m<div />[31m
[36m</body>[31m[39m
[31m   [31m×[31m NativeTerminalPane focus, keyboard, and IME prototype contract[2m > [22ma clipboard upload resolving after transition='none' pastes only into the pane that requested it[39m[32m 1[2mms[22m[39m
[31m     → Unable to find an element by: [data-testid="native-terminal-focus-sink"]

Ignored nodes: comments, script, style
[36m<body>[31m
  [36m<div />[31m
[36m</body>[31m[39m
[31m   [31m×[31m NativeTerminalPane focus, keyboard, and IME prototype contract[2m > [22ma clipboard upload resolving after transition='rebind' pastes only into the pane that requested it[39m[32m 1[2mms[22m[39m
[31m     → Unable to find an element by: [data-testid="native-terminal-focus-sink"]

Ignored nodes: comments, script, style
[36m<body>[31m
  [36m<div />[31m
[36m</body>[31m[39m
[31m   [31m×[31m NativeTerminalPane focus, keyboard, and IME prototype contract[2m > [22ma clipboard upload resolving after transition='unmount' pastes only into the pane that requested it[39m[32m 1[2mms[22m[39m
[31m     → Unable to find an element by: [data-testid="native-terminal-focus-sink"]

Ignored nodes: comments, script, style
[36m<body>[31m
  [36m<div />[31m
[36m</body>[31m[39m
[31m   [31m×[31m NativeTerminalPane focus, keyboard, and IME prototype contract[2m > [22mroutes a text paste targeting the terminal pane when the focus sink is not active to cmd_native_terminal_paste[39m[32m 1[2mms[22m[39m
[31m     → Unable to find an element by: [data-testid="native-terminal-pane"]

Ignored nodes: comments, script, style
[36m<body>[31m
  [36m<div />[31m
[36m</body>[31m[39m
[31m   [31m×[31m NativeTerminalPane focus, keyboard, and IME prototype contract[2m > [22mroutes a body-target image paste only to the last-focused split terminal[39m[32m 1[2mms[22m[39m
[31m     → Unable to find an element by: [data-testid="native-terminal-focus-sink"]

Ignored nodes: comments, script, style
[36m<body>[31m
  [36m<div />[31m
[36m</body>[31m[39m
[31m   [31m×[31m NativeTerminalPane focus, keyboard, and IME prototype contract[2m > [22mroutes neutral BODY keyboard input only to the last-focused split terminal[39m[32m 1[2mms[22m[39m
[31m     → Unable to find an element by: [data-testid="native-terminal-focus-sink"]

Ignored nodes: comments, script, style
[36m<body>[31m
  [36m<div />[31m
[36m</body>[31m[39m
[31m   [31m×[31m NativeTerminalPane focus, keyboard, and IME prototype contract[2m > [22mgives a pane-target paste precedence over a previously focused sibling[39m[32m 1[2mms[22m[39m
[31m     → Unable to find an element by: [data-testid="native-terminal-focus-sink"]

Ignored nodes: comments, script, style
[36m<body>[31m
  [36m<div />[31m
[36m</body>[31m[39m
[31m   [31m×[31m NativeTerminalPane focus, keyboard, and IME prototype contract[2m > [22mlets the sole remaining pane claim BODY paste after the previous owner unmounts[39m[32m 1[2mms[22m[39m
[31m     → Unable to find an element by: [data-testid="native-terminal-focus-sink"]

Ignored nodes: comments, script, style
[36m<body>[31m
  [36m<div />[31m
[36m</body>[31m[39m
[31m   [31m×[31m NativeTerminalPane focus, keyboard, and IME prototype contract[2m > [22muses half-open native drop bounds so a split divider belongs to only the right pane[39m[32m 1[2mms[22m[39m
[31m     → Unable to find an element by: [data-testid="native-terminal-pane"]

Ignored nodes: comments, script, style
[36m<body>[31m
  [36m<div />[31m
[36m</body>[31m[39m
[31m   [31m×[31m NativeTerminalPane focus, keyboard, and IME prototype contract[2m > [22msubscribes to Tauri onDragDropEvent, atomically pasting dropped files inside bounds and ignoring drops outside bounds[39m[33m 1030[2mms[22m[39m
[31m     → expected "spy" to be called at least once

Ignored nodes: comments, script, style
[36m<html>[31m
  [36m<head />[31m
  [36m<body>[31m
    [36m<div />[31m
  [36m</body>[31m
[36m</html>[31m[39m
[31m   [31m×[31m NativeTerminalPane focus, keyboard, and IME prototype contract[2m > [22mhandles Cmd+click to resolve line text and open URLs[39m[32m 2[2mms[22m[39m
[31m     → Unable to find an element by: [data-testid="native-terminal-pane"]

Ignored nodes: comments, script, style
[36m<body>[31m
  [36m<div />[31m
[36m</body>[31m[39m
[31m   [31m×[31m NativeTerminalPane focus, keyboard, and IME prototype contract[2m > [22mhandles Cmd+click to resolve line text and open file paths with line/column[39m[32m 1[2mms[22m[39m
[31m     → Unable to find an element by: [data-testid="native-terminal-pane"]

Ignored nodes: comments, script, style
[36m<body>[31m
  [36m<div />[31m
[36m</body>[31m[39m
[31m   [31m×[31m NativeTerminalPane focus, keyboard, and IME prototype contract[2m > [22mhandles Cmd+click without Shift by opening a file tab instead of the preview modal[39m[32m 1[2mms[22m[39m
[31m     → Unable to find an element by: [data-testid="native-terminal-pane"]

Ignored nodes: comments, script, style
[36m<body>[31m
  [36m<div />[31m
[36m</body>[31m[39m
[31m   [31m×[31m NativeTerminalPane focus, keyboard, and IME prototype contract[2m > [22mshows a link underline only while hovering a token with the modifier[39m[32m 1[2mms[22m[39m
[31m     → Unable to find an element by: [data-testid="native-terminal-pane"]

Ignored nodes: comments, script, style
[36m<body>[31m
  [36m<div />[31m
[36m</body>[31m[39m
[31m   [31m×[31m NativeTerminalPane focus, keyboard, and IME prototype contract[2m > [22mhandles Cmd+click on indented lines without coordinate drift[39m[32m 1[2mms[22m[39m
[31m     → Unable to find an element by: [data-testid="native-terminal-pane"]

Ignored nodes: comments, script, style
[36m<body>[31m
  [36m<div />[31m
[36m</body>[31m[39m
[31m   [31m×[31m NativeTerminalPane focus, keyboard, and IME prototype contract[2m > [22mhandles onWheel scrolling by issuing native scroll IPC command[39m[32m 1[2mms[22m[39m
[31m     → Unable to find an element by: [data-testid="native-terminal-pane"]

Ignored nodes: comments, script, style
[36m<body>[31m
  [36m<div />[31m
[36m</body>[31m[39m
[31m   [31m×[31m NativeTerminalPane focus, keyboard, and IME prototype contract[2m > [22mshows, repositions, and drags the native scrollback thumb[39m[33m 1005[2mms[22m[39m
[31m     → Unable to find role="scrollbar" and name "Terminal scrollback"

Ignored nodes: comments, script, style
[36m<body>[31m
  [36m<div />[31m
[36m</body>[31m

Ignored nodes: comments, script, style
[36m<html>[31m
  [36m<head />[31m
  [36m<body>[31m
    [36m<div />[31m
  [36m</body>[31m
[36m</html>[31m[39m
[31m   [31m×[31m NativeTerminalPane focus, keyboard, and IME prototype contract[2m > [22mhides native scrollbar track by default, reveals on wheel, and fades out after hide timer[39m[33m 2279[2mms[22m[39m
[31m     → Unable to find an element by: [data-testid="native-terminal-scrollbar-track"]

Ignored nodes: comments, script, style
[36m<body>[31m
  [36m<div />[31m
[36m</body>[31m

Ignored nodes: comments, script, style
[36m<html>[31m
  [36m<head />[31m
  [36m<body>[31m
    [36m<div />[31m
  [36m</body>[31m
[36m</html>[31m[39m
[31m   [31m×[31m NativeTerminalPane focus, keyboard, and IME prototype contract[2m > [22mreveals the native scrollbar on pointer down on the container[39m[33m 1565[2mms[22m[39m
[31m     → Unable to find an element by: [data-testid="native-terminal-scrollbar-track"]

Ignored nodes: comments, script, style
[36m<body>[31m
  [36m<div />[31m
[36m</body>[31m

Ignored nodes: comments, script, style
[36m<html>[31m
  [36m<head />[31m
  [36m<body>[31m
    [36m<div />[31m
  [36m</body>[31m
[36m</html>[31m[39m
[31m   [31m×[31m NativeTerminalPane focus, keyboard, and IME prototype contract[2m > [22mdoes not hide native scrollbar while dragging the thumb[39m[33m 1559[2mms[22m[39m
[31m     → Unable to find an element by: [data-testid="native-terminal-scrollbar-track"]

Ignored nodes: comments, script, style
[36m<body>[31m
  [36m<div />[31m
[36m</body>[31m

Ignored nodes: comments, script, style
[36m<html>[31m
  [36m<head />[31m
  [36m<body>[31m
    [36m<div />[31m
  [36m</body>[31m
[36m</html>[31m[39m
[31m   [31m×[31m NativeTerminalPane focus, keyboard, and IME prototype contract[2m > [22mkeeps native scrollbar visible while hovered on track[39m[33m 1563[2mms[22m[39m
[31m     → Unable to find an element by: [data-testid="native-terminal-scrollbar-track"]

Ignored nodes: comments, script, style
[36m<body>[31m
  [36m<div />[31m
[36m</body>[31m

Ignored nodes: comments, script, style
[36m<html>[31m
  [36m<head />[31m
  [36m<body>[31m
    [36m<div />[31m
  [36m</body>[31m
[36m</html>[31m[39m
[31m   [31m×[31m NativeTerminalPane focus, keyboard, and IME prototype contract[2m > [22mcopies native selection to navigator.clipboard on platform copy shortcut[39m[32m 1[2mms[22m[39m
[31m     → Unable to find an element by: [data-testid="native-terminal-focus-sink"]

Ignored nodes: comments, script, style
[36m<body>[31m
  [36m<div />[31m
[36m</body>[31m[39m
[31m   [31m×[31m NativeTerminalPane focus, keyboard, and IME prototype contract[2m > [22mcopies native selection on macOS Korean layout Cmd+C (ㅊ and Process)[39m[32m 1[2mms[22m[39m
[31m     → Unable to find an element by: [data-testid="native-terminal-focus-sink"]

Ignored nodes: comments, script, style
[36m<body>[31m
  [36m<div />[31m
[36m</body>[31m[39m
[31m   [31m×[31m NativeTerminalPane focus, keyboard, and IME prototype contract[2m > [22mcopy-or-interrupt event with empty selection does not send input to PTY[39m[32m 1[2mms[22m[39m
[31m     → expected "spy" to be called with arguments: [ …(2) ][90m

Number of calls: [1m0[22m
[31m[39m
[31m   [31m×[31m NativeTerminalPane focus, keyboard, and IME prototype contract[2m > [22mcopy-or-interrupt event with selection copies[39m[32m 1[2mms[22m[39m
[31m     → expected "spy" to be called with arguments: [ …(2) ][90m

Number of calls: [1m0[22m
[31m[39m
[31m   [31m×[31m NativeTerminalPane focus, keyboard, and IME prototype contract[2m > [22mdelivers copy request on first native copy event without depending on browser clipboard user activation on macOS[39m[32m 1[2mms[22m[39m
[31m     → expected "spy" to be called with arguments: [ …(2) ][90m

Number of calls: [1m0[22m
[31m[39m
[31m   [31m×[31m NativeTerminalPane focus, keyboard, and IME prototype contract[2m > [22msurfaces browser clipboard write rejection on non-macOS platforms[39m[32m 2[2mms[22m[39m
[31m     → expected "spy" to be called with arguments: [ …(2) ][90m

Number of calls: [1m0[22m
[31m[39m
[31m   [31m×[31m NativeTerminalPane focus, keyboard, and IME prototype contract[2m > [22mdoes not send standalone modifier and lock keys through IPC[39m[32m 0[2mms[22m[39m
[31m     → Unable to find an element by: [data-testid="native-terminal-focus-sink"]

Ignored nodes: comments, script, style
[36m<body>[31m
  [36m<div />[31m
[36m</body>[31m[39m
[31m   [31m×[31m NativeTerminalPane focus, keyboard, and IME prototype contract[2m > [22mrenders composition updates as native terminal preedit[39m[32m 0[2mms[22m[39m
[31m     → Unable to find an element by: [data-testid="native-terminal-focus-sink"]

Ignored nodes: comments, script, style
[36m<body>[31m
  [36m<div />[31m
[36m</body>[31m[39m
[31m   [31m×[31m NativeTerminalPane focus, keyboard, and IME prototype contract[2m > [22mclears native preedit before committing composition text[39m[32m 0[2mms[22m[39m
[31m     → Unable to find an element by: [data-testid="native-terminal-focus-sink"]

Ignored nodes: comments, script, style
[36m<body>[31m
  [36m<div />[31m
[36m</body>[31m[39m
[31m   [31m×[31m NativeTerminalPane focus, keyboard, and IME prototype contract[2m > [22mclears a cancelled composition when focus leaves the input sink[39m[32m 1[2mms[22m[39m
[31m     → Unable to find an element by: [data-testid="native-terminal-focus-sink"]

Ignored nodes: comments, script, style
[36m<body>[31m
  [36m<div />[31m
[36m</body>[31m[39m
[31m   [31m×[31m NativeTerminalPane focus, keyboard, and IME prototype contract[2m > [22mforwards ordinary non-composed printable text on input event and clears the sink[39m[32m 1[2mms[22m[39m
[31m     → Unable to find an element by: [data-testid="native-terminal-focus-sink"]

Ignored nodes: comments, script, style
[36m<body>[31m
  [36m<div />[31m
[36m</body>[31m[39m
[31m   [31m×[31m NativeTerminalPane focus, keyboard, and IME prototype contract[2m > [22mforwards printable character keydown directly and prevents default without firing input event[39m[32m 0[2mms[22m[39m
[31m     → Unable to find an element by: [data-testid="native-terminal-focus-sink"]

Ignored nodes: comments, script, style
[36m<body>[31m
  [36m<div />[31m
[36m</body>[31m[39m
[31m   [31m×[31m NativeTerminalPane focus, keyboard, and IME prototype contract[2m > [22mleaves IME-owned keydowns on the focused sink to the IME and commits the composition text once[39m[32m 0[2mms[22m[39m
[31m     → Unable to find an element by: [data-testid="native-terminal-focus-sink"]

Ignored nodes: comments, script, style
[36m<body>[31m
  [36m<div />[31m
[36m</body>[31m[39m
[31m   [31m×[31m NativeTerminalPane focus, keyboard, and IME prototype contract[2m > [22mleaves a legacy keyCode 229 keydown on the focused sink to the IME[39m[32m 0[2mms[22m[39m
[31m     → Unable to find an element by: [data-testid="native-terminal-focus-sink"]

Ignored nodes: comments, script, style
[36m<body>[31m
  [36m<div />[31m
[36m</body>[31m[39m
[31m   [31m×[31m NativeTerminalPane focus, keyboard, and IME prototype contract[2m > [22mleaves IME-owned keydowns in the document fallback to the IME[39m[32m 0[2mms[22m[39m
[31m     → Unable to find an element by: [data-testid="native-terminal-focus-sink"]

Ignored nodes: comments, script, style
[36m<body>[31m
  [36m<div />[31m
[36m</body>[31m[39m
[31m   [31m×[31m NativeTerminalPane focus, keyboard, and IME prototype contract[2m > [22mfocuses the owning sink on a composition-starting IME keydown in the document fallback[39m[32m 0[2mms[22m[39m
[31m     → Unable to find an element by: [data-testid="native-terminal-focus-sink"]

Ignored nodes: comments, script, style
[36m<body>[31m
  [36m<div />[31m
[36m</body>[31m[39m
[31m   [31m×[31m NativeTerminalPane focus, keyboard, and IME prototype contract[2m > [22mtreats an AltGr text key with only the AltGraph modifier set as text input[39m[32m 0[2mms[22m[39m
[31m     → Unable to find an element by: [data-testid="native-terminal-focus-sink"]

Ignored nodes: comments, script, style
[36m<body>[31m
  [36m<div />[31m
[36m</body>[31m[39m
[31m   [31m×[31m NativeTerminalPane focus, keyboard, and IME prototype contract[2m > [22mtreats an AltGr chord on the focused sink as text input, not a Ctrl+Alt shortcut[39m[32m 0[2mms[22m[39m
[31m     → Unable to find an element by: [data-testid="native-terminal-focus-sink"]

Ignored nodes: comments, script, style
[36m<body>[31m
  [36m<div />[31m
[36m</body>[31m[39m
[31m   [31m×[31m NativeTerminalPane focus, keyboard, and IME prototype contract[2m > [22mtreats an AltGr chord in the document fallback as text input and focuses the sink[39m[32m 1[2mms[22m[39m
[31m     → Unable to find an element by: [data-testid="native-terminal-focus-sink"]

Ignored nodes: comments, script, style
[36m<body>[31m
  [36m<div />[31m
[36m</body>[31m[39m
[31m   [31m×[31m NativeTerminalPane focus, keyboard, and IME prototype contract[2m > [22mstill forwards a genuine Ctrl+Alt chord when AltGraph is not active[39m[32m 0[2mms[22m[39m
[31m     → Unable to find an element by: [data-testid="native-terminal-focus-sink"]

Ignored nodes: comments, script, style
[36m<body>[31m
  [36m<div />[31m
[36m</body>[31m[39m
[31m   [31m×[31m NativeTerminalPane focus, keyboard, and IME prototype contract[2m > [22mincludes terminal-host class name on container to allow global shortcut handlers to target terminal[39m[32m 0[2mms[22m[39m
[31m     → Unable to find an element by: [data-testid="native-terminal-pane"]

Ignored nodes: comments, script, style
[36m<body>[31m
  [36m<div />[31m
[36m</body>[31m[39m
[31m   [31m×[31m NativeTerminalPane focus, keyboard, and IME prototype contract[2m > [22mdoes not forward keyboard events when default has already been prevented by global shortcuts[39m[32m 0[2mms[22m[39m
[31m     → Unable to find an element by: [data-testid="native-terminal-focus-sink"]

Ignored nodes: comments, script, style
[36m<body>[31m
  [36m<div />[31m
[36m</body>[31m[39m
[31m   [31m×[31m NativeTerminalPane focus, keyboard, and IME prototype contract[2m > [22mdoes not forward split-pane shortcut key when default has been prevented[39m[32m 0[2mms[22m[39m
[31m     → Unable to find an element by: [data-testid="native-terminal-focus-sink"]

Ignored nodes: comments, script, style
[36m<body>[31m
  [36m<div />[31m
[36m</body>[31m[39m
[31m   [31m×[31m NativeTerminalPane focus, keyboard, and IME prototype contract[2m > [22mintegrates with useShortcuts: New Tab and Split shortcuts trigger app handlers without leaking to native input[39m[32m 1[2mms[22m[39m
[31m     → Unable to find an element by: [data-testid="native-terminal-focus-sink"]

Ignored nodes: comments, script, style
[36m<body>[31m
  [36m<div />[31m
[36m</body>[31m[39m
[31m   [31m×[31m active prop and pane focus event dispatch[2m > [22mfocuses the input sink and sends focus when active becomes true[39m[32m 0[2mms[22m[39m
[31m     → Unable to find an element by: [data-testid="native-terminal-focus-sink"]

Ignored nodes: comments, script, style
[36m<body>[31m
  [36m<div />[31m
[36m</body>[31m[39m
[31m   [31m×[31m active prop and pane focus event dispatch[2m > [22msends focus false when active transitions to false[39m[32m 2[2mms[22m[39m
[31m     → expected "spy" to be called with arguments: [ …(2) ][90m

Number of calls: [1m0[22m
[31m[39m
[31m   [31m×[31m active prop and pane focus event dispatch[2m > [22mclaims window keydown and forwards input to the active pane when document.activeElement is document.body[39m[33m 1003[2mms[22m[39m
[31m     → expected "spy" to be called with arguments: [ …(2) ][90m

Number of calls: [1m0[22m
[31m

Ignored nodes: comments, script, style
[36m<html>[31m
  [36m<head />[31m
  [36m<body>[31m
    [36m<div />[31m
  [36m</body>[31m
[36m</html>[31m[39m
   [32m✓[39m active prop and pane focus event dispatch[2m > [22mdoes not claim fallback keydown when active is false even if hovered[32m 1[2mms[22m[39m
[31m   [31m×[31m NativeTerminalPane daemon and session identity mapping[2m > [22mroutes attach, bounds, focus, input, and detach to backendSessionId when id and backendSessionId intentionally differ[39m[32m 1[2mms[22m[39m
[31m     → expected "spy" to be called with arguments: [ 'cmd_native_terminal_attach', …(1) ][90m

Number of calls: [1m0[22m
[31m[39m
[31m   [31m×[31m NativeTerminalPane daemon and session identity mapping[2m > [22mpreserves fallback behavior when callers only supply sessionId without session object[39m[32m 1[2mms[22m[39m
[31m     → expected "spy" to be called with arguments: [ 'cmd_native_terminal_attach', …(1) ][90m

Number of calls: [1m0[22m
[31m[39m
[31m   [31m×[31m NativeTerminalPane daemon and session identity mapping[2m > [22mmakes no attach, focus, or input IPC calls when session has null backendSessionId, then attaches once upon receiving backendSessionId[39m[32m 1[2mms[22m[39m
[31m     → Unable to find an element by: [data-testid="native-terminal-focus-sink"]

Ignored nodes: comments, script, style
[36m<body>[31m
  [36m<div />[31m
[36m</body>[31m[39m
[31m   [31m×[31m NativeTerminalPane daemon and session identity mapping[2m > [22mfocuses and routes input only to the pane receiving a reconnect binding[39m[32m 1[2mms[22m[39m
[31m     → Unable to find an element by: [data-testid="native-terminal-focus-sink"]

Ignored nodes: comments, script, style
[36m<body>[31m
  [36m<div />[31m
[36m</body>[31m[39m
   [32m✓[39m NativeTerminalPane daemon and session identity mapping[2m > [22mresets daemon replay before a reconnect result is bound[32m 1[2mms[22m[39m
[31m   [31m×[31m NativeTerminalPane daemon and session identity mapping[2m > [22mdoes not detach a replacement owner when the rebound pane reparents in the same turn[39m[33m 1013[2mms[22m[39m
[31m     → expected "spy" to be called with arguments: [ 'cmd_native_terminal_attach', …(1) ][90m

Number of calls: [1m0[22m
[31m

Ignored nodes: comments, script, style
[36m<html>[31m
  [36m<head />[31m
  [36m<body>[31m
    [36m<div />[31m
  [36m</body>[31m
[36m</html>[31m[39m
[31m   [31m×[31m NativeTerminalPane daemon and session identity mapping[2m > [22mretries mount attach on rejection with exponential backoff and attaches on eventual success[39m[32m 2[2mms[22m[39m
[31m     → expected +0 to be 1 // Object.is equality[39m
[31m   [31m×[31m NativeTerminalPane daemon and session identity mapping[2m > [22mredirects printable keydown fallback when activeElement is document.body[39m[33m 1003[2mms[22m[39m
[31m     → expected "spy" to be called with arguments: [ …(2) ][90m

Number of calls: [1m0[22m
[31m

Ignored nodes: comments, script, style
[36m<html>[31m
  [36m<head />[31m
  [36m<body>[31m
    [36m<div />[31m
  [36m</body>[31m
[36m</html>[31m[39m
[31m   [31m×[31m NativeTerminalPane daemon and session identity mapping[2m > [22mdoes not let an inactive last-focused pane steal body keydowns[39m[33m 1010[2mms[22m[39m
[31m     → expected 0 to be greater than 0

Ignored nodes: comments, script, style
[36m<html>[31m
  [36m<head />[31m
  [36m<body>[31m
    [36m<div />[31m
  [36m</body>[31m
[36m</html>[31m[39m
[31m   [31m×[31m NativeTerminalPane daemon and session identity mapping[2m > [22mforwards Enter through the keydown fallback when activeElement is document.body[39m[33m 1015[2mms[22m[39m
[31m     → expected false to be true // Object.is equality

Ignored nodes: comments, script, style
[36m<html>[31m
  [36m<head />[31m
  [36m<body>[31m
    [36m<div />[31m
  [36m</body>[31m
[36m</html>[31m[39m
[31m   [31m×[31m NativeTerminalPane daemon and session identity mapping[2m > [22mforwards Ctrl+C through the keydown fallback when activeElement is document.body[39m[33m 1011[2mms[22m[39m
[31m     → expected false to be true // Object.is equality

Ignored nodes: comments, script, style
[36m<html>[31m
  [36m<head />[31m
  [36m<body>[31m
    [36m<div />[31m
  [36m</body>[31m
[36m</html>[31m[39m
[31m   [31m×[31m NativeTerminalPane daemon and session identity mapping[2m > [22mdelivers a fallback Enter to exactly one pane when two split panes are mounted[39m[33m 1011[2mms[22m[39m
[31m     → expected 0 to be greater than 0

Ignored nodes: comments, script, style
[36m<html>[31m
  [36m<head />[31m
  [36m<body>[31m
    [36m<div />[31m
  [36m</body>[31m
[36m</html>[31m[39m
[31m   [31m×[31m NativeTerminalPane daemon and session identity mapping[2m > [22mroutes a keystroke to the swapped-in session after a workspace switch, never the outgoing one[39m[33m 1010[2mms[22m[39m
[31m     → expected false to be true // Object.is equality

Ignored nodes: comments, script, style
[36m<html>[31m
  [36m<head />[31m
  [36m<body>[31m
    [36m<div />[31m
  [36m</body>[31m
[36m</html>[31m[39m
[31m   [31m×[31m NativeTerminalPane daemon and session identity mapping[2m > [22mpreserves native mouse-up focus after WebKit mouse-down handling moves focus to BODY[39m[32m 1[2mms[22m[39m
[31m     → Unable to find an element by: [data-testid="native-terminal-focus-sink"]

Ignored nodes: comments, script, style
[36m<body>[31m
  [36m<div />[31m
[36m</body>[31m[39m
[31m   [31m×[31m NativeTerminalPane daemon and session identity mapping[2m > [22mlets immediate Hangul input start composition after a native pane switch[39m[32m 1[2mms[22m[39m
[31m     → Unable to find an element by: [data-testid="native-terminal-focus-sink"]

Ignored nodes: comments, script, style
[36m<body>[31m
  [36m<div />[31m
[36m</body>[31m[39m
[31m   [31m×[31m NativeTerminalPane daemon and session identity mapping[2m > [22mforwards plain Ctrl+C with no activity prop as key 'c' with ctrl true[39m[32m 1[2mms[22m[39m
[31m     → Unable to find an element by: [data-testid="native-terminal-focus-sink"]

Ignored nodes: comments, script, style
[36m<body>[31m
  [36m<div />[31m
[36m</body>[31m[39m
[31m   [31m×[31m NativeTerminalPane daemon and session identity mapping[2m > [22mforwards Ctrl+C unchanged when agent state is waiting[39m[32m 1[2mms[22m[39m
[31m     → Unable to find an element by: [data-testid="native-terminal-focus-sink"]

Ignored nodes: comments, script, style
[36m<body>[31m
  [36m<div />[31m
[36m</body>[31m[39m
[31m   [31m×[31m NativeTerminalPane daemon and session identity mapping[2m > [22mforwards Ctrl+C unchanged when agent state is working[39m[32m 1[2mms[22m[39m
[31m     → Unable to find an element by: [data-testid="native-terminal-focus-sink"]

Ignored nodes: comments, script, style
[36m<body>[31m
  [36m<div />[31m
[36m</body>[31m[39m
[31m   [31m×[31m NativeTerminalPane daemon and session identity mapping[2m > [22mforwards Ctrl+C unchanged when agent state is done[39m[32m 1[2mms[22m[39m
[31m     → Unable to find an element by: [data-testid="native-terminal-focus-sink"]

Ignored nodes: comments, script, style
[36m<body>[31m
  [36m<div />[31m
[36m</body>[31m[39m
[31m   [31m×[31m NativeTerminalPane daemon and session identity mapping[2m > [22mforwards two quick Ctrl+C presses without scheduling an extra interrupt when agent is waiting[39m[32m 1[2mms[22m[39m
[31m     → Unable to find an element by: [data-testid="native-terminal-focus-sink"]

Ignored nodes: comments, script, style
[36m<body>[31m
  [36m<div />[31m
[36m</body>[31m[39m
[31m   [31m×[31m NativeTerminalPane daemon and session identity mapping[2m > [22mforwards two spaced Ctrl+C presses unchanged when agent is waiting[39m[32m 1[2mms[22m[39m
[31m     → Unable to find an element by: [data-testid="native-terminal-focus-sink"]

Ignored nodes: comments, script, style
[36m<body>[31m
  [36m<div />[31m
[36m</body>[31m[39m
[31m   [31m×[31m NativeTerminalPane daemon and session identity mapping[2m > [22msends key 'c' twice immediately with no delayed third send for quick plain Ctrl+C in a plain shell[39m[32m 1[2mms[22m[39m
[31m     → Unable to find an element by: [data-testid="native-terminal-focus-sink"]

Ignored nodes: comments, script, style
[36m<body>[31m
  [36m<div />[31m
[36m</body>[31m[39m
[31m   [31m×[31m NativeTerminalPane daemon and session identity mapping[2m > [22msends key 'c' twice immediately with no delayed third send for quick Ctrl+C when agent is working[39m[32m 1[2mms[22m[39m
[31m     → Unable to find an element by: [data-testid="native-terminal-focus-sink"]

Ignored nodes: comments, script, style
[36m<body>[31m
  [36m<div />[31m
[36m</body>[31m[39m
[31m   [31m×[31m NativeTerminalPane daemon and session identity mapping[2m > [22mforwards fallback document.body Ctrl+C presses without synthetic interrupts when agent is waiting[39m[32m 2[2mms[22m[39m
[31m     → expected [] to deeply equal [ 'c', 'c' ][39m
[31m   [31m×[31m NativeTerminalPane daemon and session identity mapping[2m > [22mkeeps interrupt key 'c' on plain Ctrl+C when activity indicates agent is working[39m[32m 1[2mms[22m[39m
[31m     → Unable to find an element by: [data-testid="native-terminal-focus-sink"]

Ignored nodes: comments, script, style
[36m<body>[31m
  [36m<div />[31m
[36m</body>[31m[39m
[31m   [31m×[31m NativeTerminalPane daemon and session identity mapping[2m > [22mnormalizes Korean layout Ctrl+C (key ㅊ and code KeyC) to key 'c' instead of 'ㅊ'[39m[32m 1[2mms[22m[39m
[31m     → Unable to find an element by: [data-testid="native-terminal-focus-sink"]

Ignored nodes: comments, script, style
[36m<body>[31m
  [36m<div />[31m
[36m</body>[31m[39m
[31m   [31m×[31m NativeTerminalPane daemon and session identity mapping[2m > [22mnormalizes Korean layout Ctrl+L (key ㅣ and code KeyL) to key 'l' instead of 'ㅣ'[39m[32m 1[2mms[22m[39m
[31m     → Unable to find an element by: [data-testid="native-terminal-focus-sink"]

Ignored nodes: comments, script, style
[36m<body>[31m
  [36m<div />[31m
[36m</body>[31m[39m
[31m   [31m×[31m NativeTerminalPane daemon and session identity mapping[2m > [22mforwards Ctrl+C unchanged when session has agentType and no activity prop[39m[32m 1[2mms[22m[39m
[31m     → Unable to find an element by: [data-testid="native-terminal-focus-sink"]

Ignored nodes: comments, script, style
[36m<body>[31m
  [36m<div />[31m
[36m</body>[31m[39m
[31m   [31m×[31m NativeTerminalPane daemon and session identity mapping[2m > [22mkeeps interrupt key 'c' on plain Ctrl+C when session has agentType and activity indicates agent is working[39m[32m 1[2mms[22m[39m
[31m     → Unable to find an element by: [data-testid="native-terminal-focus-sink"]

Ignored nodes: comments, script, style
[36m<body>[31m
  [36m<div />[31m
[36m</body>[31m[39m
[31m   [31m×[31m NativeTerminalPane daemon and session identity mapping[2m > [22mdoes not send input or write clipboard on Cmd+C with empty selection when activity indicates agent is waiting[39m[32m 1[2mms[22m[39m
[31m     → Unable to find an element by: [data-testid="native-terminal-focus-sink"]

Ignored nodes: comments, script, style
[36m<body>[31m
  [36m<div />[31m
[36m</body>[31m[39m
[31m   [31m×[31m NativeTerminalPane daemon and session identity mapping[2m > [22mcopies selection to clipboard on Cmd+C with non-empty selection without sending input when agent is waiting[39m[32m 1[2mms[22m[39m
[31m     → Unable to find an element by: [data-testid="native-terminal-focus-sink"]

Ignored nodes: comments, script, style
[36m<body>[31m
  [36m<div />[31m
[36m</body>[31m[39m
[31m   [31m×[31m NativeTerminalPane daemon and session identity mapping[2m > [22mcopies selection to clipboard on Ctrl+Shift+C without sending input[39m[32m 1[2mms[22m[39m
[31m     → Unable to find an element by: [data-testid="native-terminal-focus-sink"]

Ignored nodes: comments, script, style
[36m<body>[31m
  [36m<div />[31m
[36m</body>[31m[39m
[31m   [31m×[31m NativeTerminalPane daemon and session identity mapping[2m > [22msyncs attention frame state to backend when needsAttention changes or component unmounts[39m[33m 1013[2mms[22m[39m
[31m     → expected "spy" to be called with arguments: [ 'term-session-attention', true ][90m

Number of calls: [1m0[22m
[31m

Ignored nodes: comments, script, style
[36m<html>[31m
  [36m<head />[31m
  [36m<body>[31m
    [36m<div />[31m
  [36m</body>[31m
[36m</html>[31m[39m
[31m   [31m×[31m NativeTerminalPane daemon and session identity mapping[2m > [22mswallows the keydown that terminates an IME composition[39m[32m 1[2mms[22m[39m
[31m     → Unable to find an element by: [data-testid="native-terminal-focus-sink"]

Ignored nodes: comments, script, style
[36m<body>[31m
  [36m<div />[31m
[36m</body>[31m[39m
[31m   [31m×[31m NativeTerminalPane daemon and session identity mapping[2m > [22mstill sends standalone spaces after a committed composition[39m[32m 1[2mms[22m[39m
[31m     → Unable to find an element by: [data-testid="native-terminal-focus-sink"]

Ignored nodes: comments, script, style
[36m<body>[31m
  [36m<div />[31m
[36m</body>[31m[39m
[31m   [31m×[31m NativeTerminalPane daemon and session identity mapping[2m > [22mdisarms the tail suppression when a different key arrives[39m[32m 1[2mms[22m[39m
[31m     → Unable to find an element by: [data-testid="native-terminal-focus-sink"]

Ignored nodes: comments, script, style
[36m<body>[31m
  [36m<div />[31m
[36m</body>[31m[39m
[31m   [31m×[31m NativeTerminalPane daemon and session identity mapping[2m > [22msends plain space without any composition[39m[32m 0[2mms[22m[39m
[31m     → Unable to find an element by: [data-testid="native-terminal-focus-sink"]

Ignored nodes: comments, script, style
[36m<body>[31m
  [36m<div />[31m
[36m</body>[31m[39m
[31m   [31m×[31m NativeTerminalPane daemon and session identity mapping[2m > [22mdoes not swallow the first jamo of a new composition after a jamo-tailed commit[39m[32m 0[2mms[22m[39m
[31m     → Unable to find an element by: [data-testid="native-terminal-focus-sink"]

Ignored nodes: comments, script, style
[36m<body>[31m
  [36m<div />[31m
[36m</body>[31m[39m
[31m   [31m×[31m NativeTerminalPane daemon and session identity mapping[2m > [22mdoes not trigger performAttach when send_input fails with Busy and inputWritten:false[39m[32m 0[2mms[22m[39m
[31m     → Unable to find an element by: [data-testid="native-terminal-focus-sink"]

Ignored nodes: comments, script, style
[36m<body>[31m
  [36m<div />[31m
[36m</body>[31m[39m
[31m   [31m×[31m NativeTerminalPane daemon and session identity mapping[2m > [22mdelivers preedit update enqueued while input send is in flight strictly after input in NativeTerminalPane[39m[32m 0[2mms[22m[39m
[31m     → Unable to find an element by: [data-testid="native-terminal-focus-sink"]

Ignored nodes: comments, script, style
[36m<body>[31m
  [36m<div />[31m
[36m</body>[31m[39m
[31m   [31m×[31m NativeTerminalPane daemon and session identity mapping[2m > [22mcoalesces consecutive preedit updates into one delivered call while input is in flight in NativeTerminalPane[39m[32m 0[2mms[22m[39m
[31m     → Unable to find an element by: [data-testid="native-terminal-focus-sink"]

Ignored nodes: comments, script, style
[36m<body>[31m
  [36m<div />[31m
[36m</body>[31m[39m
[31m   [31m×[31m NativeTerminalPane daemon and session identity mapping[2m > [22mincrements each drop reason counter exactly once for its scenario in NativeTerminalPane[39m[32m 1[2mms[22m[39m
[31m     → Unable to find an element by: [data-testid="native-terminal-focus-sink"]

Ignored nodes: comments, script, style
[36m<body>[31m
  [36m<div />[31m
[36m</body>[31m[39m
[31m   [31m×[31m terminal link UX (U1-U3)[2m > [22mopens file preview on Cmd+click for OSC 8 file hyperlink[39m[32m 0[2mms[22m[39m
[31m     → Unable to find an element by: [data-testid="native-terminal-pane"]

Ignored nodes: comments, script, style
[36m<body>[31m
  [36m<div />[31m
[36m</body>[31m[39m
[31m   [31m×[31m terminal link UX (U1-U3)[2m > [22mignores OSC 8 hyperlinks with a foreign host and does not open file or resolve[39m[32m 0[2mms[22m[39m
[31m     → Unable to find an element by: [data-testid="native-terminal-pane"]

Ignored nodes: comments, script, style
[36m<body>[31m
  [36m<div />[31m
  [36m<div />[31m
[36m</body>[31m[39m
[31m   [31m×[31m terminal link UX (U1-U3)[2m > [22mfetches remote file in ssh workspace on Cmd+click without showing failure toast[39m[32m 0[2mms[22m[39m
[31m     → Unable to find an element by: [data-testid="native-terminal-pane"]

Ignored nodes: comments, script, style
[36m<body>[31m
  [36m<div />[31m
  [36m<div />[31m
  [36m<div />[31m
[36m</body>[31m[39m
[31m   [31m×[31m terminal link UX (U1-U3)[2m > [22mdispatches terminal link actions on plain click unless mouse tracking is enabled[39m[32m 1[2mms[22m[39m
[31m     → Unable to find an element by: [data-testid="native-terminal-pane"]

Ignored nodes: comments, script, style
[36m<body>[31m
  [36m<div />[31m
  [36m<div />[31m
  [36m<div />[31m
  [36m<div />[31m
[36m</body>[31m[39m
[31m   [31m×[31m terminal link UX (U1-U3)[2m > [22mshows hover hint when resolve exists:true and hides underline when exists:false[39m[32m 0[2mms[22m[39m
[31m     → Unable to find an element by: [data-testid="native-terminal-pane"]

Ignored nodes: comments, script, style
[36m<body>[31m
  [36m<div />[31m
  [36m<div />[31m
  [36m<div />[31m
  [36m<div />[31m
  [36m<div />[31m
[36m</body>[31m[39m
[31m   [31m×[31m terminal link UX (U1-U3)[2m > [22msession interaction event dispatch[2m > [22mdispatches ferryx:session-interacted on user input[39m[32m 5[2mms[22m[39m
[31m     → Unable to find an element by: [data-testid="native-terminal-focus-sink"]

Ignored nodes: comments, script, style
[36m<body>[31m
  [36m<div />[31m
  [36m<div />[31m
  [36m<div />[31m
  [36m<div />[31m
  [36m<div />[31m
  [36m<div />[31m
[36m</body>[31m[39m
[31m   [31m×[31m terminal link UX (U1-U3)[2m > [22msession interaction event dispatch[2m > [22mdispatches ferryx:session-interacted on paste[39m[32m 0[2mms[22m[39m
[31m     → Unable to find an element by: [data-testid="native-terminal-focus-sink"]

Ignored nodes: comments, script, style
[36m<body>[31m
  [36m<div />[31m
[36m</body>[31m[39m
[31m   [31m×[31m terminal link UX (U1-U3)[2m > [22msession interaction event dispatch[2m > [22mdispatches ferryx:session-interacted on pointer down[39m[32m 0[2mms[22m[39m
[31m     → Unable to find an element by: [data-testid="native-terminal-pane"]

Ignored nodes: comments, script, style
[36m<body>[31m
  [36m<div />[31m
[36m</body>[31m[39m
[31m   [31m×[31m terminal link UX (U1-U3)[2m > [22msession interaction event dispatch[2m > [22mdispatches ferryx:session-interacted on native terminal focus[39m[32m 1[2mms[22m[39m
[31m     → expected [] to include 'frontend-focus-session'[39m
[90mstderr[2m | src/App.test.tsx[2m > [22m[2mApp project workspace flow[2m > [22m[2mshows a retryable error when a stored project fails to register at startup
[22m[39mLocal workspace registration skipped: heal-fail-a Error: repo path is gone
    at [90mC:\Users\sook\ferryx-pane-completion\source-21dea3c0\ui\[39msrc\App.test.tsx:669:50
    at [90mfile:///C:/Users/sook/ferryx-pane-completion/source-21dea3c0/ui/[39mnode_modules/[4m@vitest/runner[24m/dist/chunk-hooks.js:155:11
    at [90mfile:///C:/Users/sook/ferryx-pane-completion/source-21dea3c0/ui/[39mnode_modules/[4m@vitest/runner[24m/dist/chunk-hooks.js:752:26
    at [90mfile:///C:/Users/sook/ferryx-pane-completion/source-21dea3c0/ui/[39mnode_modules/[4m@vitest/runner[24m/dist/chunk-hooks.js:1897:20
    at new Promise (<anonymous>)
    at runWithTimeout [90m(file:///C:/Users/sook/ferryx-pane-completion/source-21dea3c0/ui/[39mnode_modules/[4m@vitest/runner[24m/dist/chunk-hooks.js:1863:10[90m)[39m
    at runTest [90m(file:///C:/Users/sook/ferryx-pane-completion/source-21dea3c0/ui/[39mnode_modules/[4m@vitest/runner[24m/dist/chunk-hooks.js:1574:12[90m)[39m
[90m    at processTicksAndRejections (node:internal/process/task_queues:104:5)[39m
    at runSuite [90m(file:///C:/Users/sook/ferryx-pane-completion/source-21dea3c0/ui/[39mnode_modules/[4m@vitest/runner[24m/dist/chunk-hooks.js:1729:8[90m)[39m
    at runSuite [90m(file:///C:/Users/sook/ferryx-pane-completion/source-21dea3c0/ui/[39mnode_modules/[4m@vitest/runner[24m/dist/chunk-hooks.js:1729:8[90m)[39m

[90mstderr[2m | src/App.test.tsx[2m > [22m[2mApp project workspace flow[2m > [22m[2mWave 3a Onboarding and Welcome[2m > [22m[2mauto-opens WelcomeWizard for a macOS status with missing permissions and zero projects
[22m[39mError: Uncaught [Error: [vitest] No "enrollThisMachine" export is defined on the "./lib/tauri" mock. Did you forget to return it from "vi.mock"?
If you need to partially mock a module, you can use "importOriginal" helper inside:
]
    at reportException (C:\Users\sook\ferryx-pane-completion\source-21dea3c0\ui\node_modules\jsdom\lib\jsdom\living\helpers\runtime-script-errors.js:66:24)
    at innerInvokeEventListeners (C:\Users\sook\ferryx-pane-completion\source-21dea3c0\ui\node_modules\jsdom\lib\jsdom\living\events\EventTarget-impl.js:353:9)
    at invokeEventListeners (C:\Users\sook\ferryx-pane-completion\source-21dea3c0\ui\node_modules\jsdom\lib\jsdom\living\events\EventTarget-impl.js:286:3)
    at HTMLUnknownElementImpl._dispatch (C:\Users\sook\ferryx-pane-completion\source-21dea3c0\ui\node_modules\jsdom\lib\jsdom\living\events\EventTarget-impl.js:233:9)
    at HTMLUnknownElementImpl.dispatchEvent (C:\Users\sook\ferryx-pane-completion\source-21dea3c0\ui\node_modules\jsdom\lib\jsdom\living\events\EventTarget-impl.js:104:17)
    at HTMLUnknownElement.dispatchEvent (C:\Users\sook\ferryx-pane-completion\source-21dea3c0\ui\node_modules\jsdom\lib\jsdom\living\generated\EventTarget.js:241:34)
    at HTMLUnknownElement.EventTarget.dispatchEvent (C:\Users\sook\ferryx-pane-completion\source-21dea3c0\ui\src\test\setup.ts:119:26)
    at Object.invokeGuardedCallbackDev (C:\Users\sook\ferryx-pane-completion\source-21dea3c0\ui\node_modules\react-dom\cjs\react-dom.development.js:4213:16)
    at invokeGuardedCallback (C:\Users\sook\ferryx-pane-completion\source-21dea3c0\ui\node_modules\react-dom\cjs\react-dom.development.js:4277:31)
    at beginWork$1 (C:\Users\sook\ferryx-pane-completion\source-21dea3c0\ui\node_modules\react-dom\cjs\react-dom.development.js:27490:7) Error: [vitest] No "enrollThisMachine" export is defined on the "./lib/tauri" mock. Did you forget to return it from "vi.mock"?
If you need to partially mock a module, you can use "importOriginal" helper inside:

    at VitestMocker.createError [90m(file:///C:/Users/sook/ferryx-pane-completion/source-21dea3c0/ui/[39mnode_modules/[4mvitest[24m/dist/chunks/execute.B7h3T_Hc.js:284:17[90m)[39m
    at Object.get [90m(file:///C:/Users/sook/ferryx-pane-completion/source-21dea3c0/ui/[39mnode_modules/[4mvitest[24m/dist/chunks/execute.B7h3T_Hc.js:330:16[90m)[39m
    at [90mC:\Users\sook\ferryx-pane-completion\source-21dea3c0\ui\[39msrc\components\onboarding\AccountStep.tsx:28:11
[90m    at processTicksAndRejections (node:internal/process/task_queues:104:5)[39m
    at VitestExecutor.runModule [90m(file:///C:/Users/sook/ferryx-pane-completion/source-21dea3c0/ui/[39mnode_modules/[4mvite-node[24m/dist/client.mjs:397:4[90m)[39m
    at VitestExecutor.directRequest [90m(file:///C:/Users/sook/ferryx-pane-completion/source-21dea3c0/ui/[39mnode_modules/[4mvite-node[24m/dist/client.mjs:375:3[90m)[39m
    at VitestExecutor.cachedRequest [90m(file:///C:/Users/sook/ferryx-pane-completion/source-21dea3c0/ui/[39mnode_modules/[4mvite-node[24m/dist/client.mjs:189:11[90m)[39m
    at VitestExecutor.dependencyRequest [90m(file:///C:/Users/sook/ferryx-pane-completion/source-21dea3c0/ui/[39mnode_modules/[4mvite-node[24m/dist/client.mjs:239:10[90m)[39m
    at [90mC:\Users\sook\ferryx-pane-completion\source-21dea3c0\ui\[39msrc\components\onboarding\WelcomeWizard.tsx:10:1
    at VitestExecutor.runModule [90m(file:///C:/Users/sook/ferryx-pane-completion/source-21dea3c0/ui/[39mnode_modules/[4mvite-node[24m/dist/client.mjs:397:4[90m)[39m {
  codeFrame: [32m'vi\x1B[33m.\x1B[39m\x1B[34mmock\x1B[39m(\x1B[35mimport\x1B[39m(\x1B[32m"./lib/tauri"\x1B[39m)\x1B[33m,\x1B[39m \x1B[35masync\x1B[39m (importOriginal) \x1B[33m=>\x1B[39m {\n'[39m +
    [32m'  \x1B[35mconst\x1B[39m actual \x1B[33m=\x1B[39m \x1B[35mawait\x1B[39m \x1B[34mimportOriginal\x1B[39m()\n'[39m +
    [32m'  \x1B[35mreturn\x1B[39m {\n'[39m +
    [32m'    \x1B[33m...\x1B[39mactual\x1B[33m,\x1B[39m\n'[39m +
    [32m'    \x1B[90m// your mocked methods\x1B[39m\n'[39m +
    [32m'  }\n'[39m +
    [32m'})'[39m
}

[90mstderr[2m | src/App.test.tsx[2m > [22m[2mApp project workspace flow[2m > [22m[2mWave 3a Onboarding and Welcome[2m > [22m[2mauto-opens WelcomeWizard for a macOS status with missing permissions and zero projects
[22m[39mError: Uncaught [Error: [vitest] No "enrollThisMachine" export is defined on the "./lib/tauri" mock. Did you forget to return it from "vi.mock"?
If you need to partially mock a module, you can use "importOriginal" helper inside:
]
    at reportException (C:\Users\sook\ferryx-pane-completion\source-21dea3c0\ui\node_modules\jsdom\lib\jsdom\living\helpers\runtime-script-errors.js:66:24)
    at innerInvokeEventListeners (C:\Users\sook\ferryx-pane-completion\source-21dea3c0\ui\node_modules\jsdom\lib\jsdom\living\events\EventTarget-impl.js:353:9)
    at invokeEventListeners (C:\Users\sook\ferryx-pane-completion\source-21dea3c0\ui\node_modules\jsdom\lib\jsdom\living\events\EventTarget-impl.js:286:3)
    at HTMLUnknownElementImpl._dispatch (C:\Users\sook\ferryx-pane-completion\source-21dea3c0\ui\node_modules\jsdom\lib\jsdom\living\events\EventTarget-impl.js:233:9)
    at HTMLUnknownElementImpl.dispatchEvent (C:\Users\sook\ferryx-pane-completion\source-21dea3c0\ui\node_modules\jsdom\lib\jsdom\living\events\EventTarget-impl.js:104:17)
    at HTMLUnknownElement.dispatchEvent (C:\Users\sook\ferryx-pane-completion\source-21dea3c0\ui\node_modules\jsdom\lib\jsdom\living\generated\EventTarget.js:241:34)
    at HTMLUnknownElement.EventTarget.dispatchEvent (C:\Users\sook\ferryx-pane-completion\source-21dea3c0\ui\src\test\setup.ts:119:26)
    at Object.invokeGuardedCallbackDev (C:\Users\sook\ferryx-pane-completion\source-21dea3c0\ui\node_modules\react-dom\cjs\react-dom.development.js:4213:16)
    at invokeGuardedCallback (C:\Users\sook\ferryx-pane-completion\source-21dea3c0\ui\node_modules\react-dom\cjs\react-dom.development.js:4277:31)
    at beginWork$1 (C:\Users\sook\ferryx-pane-completion\source-21dea3c0\ui\node_modules\react-dom\cjs\react-dom.development.js:27490:7) Error: [vitest] No "enrollThisMachine" export is defined on the "./lib/tauri" mock. Did you forget to return it from "vi.mock"?
If you need to partially mock a module, you can use "importOriginal" helper inside:

    at VitestMocker.createError [90m(file:///C:/Users/sook/ferryx-pane-completion/source-21dea3c0/ui/[39mnode_modules/[4mvitest[24m/dist/chunks/execute.B7h3T_Hc.js:284:17[90m)[39m
    at Object.get [90m(file:///C:/Users/sook/ferryx-pane-completion/source-21dea3c0/ui/[39mnode_modules/[4mvitest[24m/dist/chunks/execute.B7h3T_Hc.js:330:16[90m)[39m
    at [90mC:\Users\sook\ferryx-pane-completion\source-21dea3c0\ui\[39msrc\components\onboarding\AccountStep.tsx:28:11
[90m    at processTicksAndRejections (node:internal/process/task_queues:104:5)[39m
    at VitestExecutor.runModule [90m(file:///C:/Users/sook/ferryx-pane-completion/source-21dea3c0/ui/[39mnode_modules/[4mvite-node[24m/dist/client.mjs:397:4[90m)[39m
    at VitestExecutor.directRequest [90m(file:///C:/Users/sook/ferryx-pane-completion/source-21dea3c0/ui/[39mnode_modules/[4mvite-node[24m/dist/client.mjs:375:3[90m)[39m
    at VitestExecutor.cachedRequest [90m(file:///C:/Users/sook/ferryx-pane-completion/source-21dea3c0/ui/[39mnode_modules/[4mvite-node[24m/dist/client.mjs:189:11[90m)[39m
    at VitestExecutor.dependencyRequest [90m(file:///C:/Users/sook/ferryx-pane-completion/source-21dea3c0/ui/[39mnode_modules/[4mvite-node[24m/dist/client.mjs:239:10[90m)[39m
    at [90mC:\Users\sook\ferryx-pane-completion\source-21dea3c0\ui\[39msrc\components\onboarding\WelcomeWizard.tsx:10:1
    at VitestExecutor.runModule [90m(file:///C:/Users/sook/ferryx-pane-completion/source-21dea3c0/ui/[39mnode_modules/[4mvite-node[24m/dist/client.mjs:397:4[90m)[39m {
  codeFrame: [32m'vi\x1B[33m.\x1B[39m\x1B[34mmock\x1B[39m(\x1B[35mimport\x1B[39m(\x1B[32m"./lib/tauri"\x1B[39m)\x1B[33m,\x1B[39m \x1B[35masync\x1B[39m (importOriginal) \x1B[33m=>\x1B[39m {\n'[39m +
    [32m'  \x1B[35mconst\x1B[39m actual \x1B[33m=\x1B[39m \x1B[35mawait\x1B[39m \x1B[34mimportOriginal\x1B[39m()\n'[39m +
    [32m'  \x1B[35mreturn\x1B[39m {\n'[39m +
    [32m'    \x1B[33m...\x1B[39mactual\x1B[33m,\x1B[39m\n'[39m +
    [32m'    \x1B[90m// your mocked methods\x1B[39m\n'[39m +
    [32m'  }\n'[39m +
    [32m'})'[39m
}
The above error occurred in one of your React components:

    at Lazy
    at Suspense
    at div
    at WorkspaceApp (C:\Users\sook\ferryx-pane-completion\source-21dea3c0\ui\src\App.tsx:547:3)
    at App (C:\Users\sook\ferryx-pane-completion\source-21dea3c0\ui\src\App.tsx:329:56)

Consider adding an error boundary to your tree to customize error handling behavior.
Visit https://reactjs.org/link/error-boundaries to learn more about error boundaries.

 [31m❯[39m src/App.test.tsx [2m([22m[2m154 tests[22m[2m | [22m[31m1 failed[39m[2m)[22m[33m 12758[2mms[22m[39m
   [32m✓[39m App project workspace flow[2m > [22mawaits the local registration heal before publishing the bootstrap in both boot branches[32m 3[2mms[22m[39m
   [32m✓[39m App project workspace flow[2m > [22mdedupes repeated local registration heals and skips placeholder projects[32m 2[2mms[22m[39m
   [32m✓[39m App project workspace flow[2m > [22mshows a retryable error when a stored project fails to register at startup[32m 6[2mms[22m[39m
   [32m✓[39m App project workspace flow[2m > [22mP05 focused browser shortcut targeting on Windows[2m > [22mroutes mounted receivers for nested content[32m 139[2mms[22m[39m
   [32m✓[39m App project workspace flow[2m > [22mP05 focused browser shortcut targeting on Windows[2m > [22mroutes mounted receivers for flat content[32m 28[2mms[22m[39m
   [32m✓[39m App project workspace flow[2m > [22mP05 focused browser shortcut targeting on Windows[2m > [22mroutes mounted receivers for top-level content[32m 35[2mms[22m[39m
   [32m✓[39m App project workspace flow[2m > [22mP05 focused browser shortcut targeting on Windows[2m > [22mroutes mounted receivers for terminal content[32m 17[2mms[22m[39m
   [32m✓[39m App project workspace flow[2m > [22mP05 focused browser shortcut targeting on Windows[2m > [22mroutes mounted receivers for missing-content content[32m 16[2mms[22m[39m
   [32m✓[39m App project workspace flow[2m > [22mP05 optional-kind focused close wiring on Windows[2m > [22mCtrl+W[2m > [22mtargets only the focused pane: tagged=true pinned=true split=true[32m 5[2mms[22m[39m
   [32m✓[39m App project workspace flow[2m > [22mP05 optional-kind focused close wiring on Windows[2m > [22mCtrl+W[2m > [22mtargets only the focused pane: tagged=true pinned=true split=false[32m 4[2mms[22m[39m
   [32m✓[39m App project workspace flow[2m > [22mP05 optional-kind focused close wiring on Windows[2m > [22mCtrl+W[2m > [22mtargets only the focused pane: tagged=true pinned=false split=true[32m 3[2mms[22m[39m
   [32m✓[39m App project workspace flow[2m > [22mP05 optional-kind focused close wiring on Windows[2m > [22mCtrl+W[2m > [22mtargets only the focused pane: tagged=true pinned=false split=false[32m 3[2mms[22m[39m
   [32m✓[39m App project workspace flow[2m > [22mP05 optional-kind focused close wiring on Windows[2m > [22mCtrl+W[2m > [22mtargets only the focused pane: tagged=false pinned=true split=true[32m 3[2mms[22m[39m
   [32m✓[39m App project workspace flow[2m > [22mP05 optional-kind focused close wiring on Windows[2m > [22mCtrl+W[2m > [22mtargets only the focused pane: tagged=false pinned=true split=false[32m 3[2mms[22m[39m
   [32m✓[39m App project workspace flow[2m > [22mP05 optional-kind focused close wiring on Windows[2m > [22mCtrl+W[2m > [22mtargets only the focused pane: tagged=false pinned=false split=true[32m 3[2mms[22m[39m
   [32m✓[39m App project workspace flow[2m > [22mP05 optional-kind focused close wiring on Windows[2m > [22mCtrl+W[2m > [22mtargets only the focused pane: tagged=false pinned=false split=false[32m 3[2mms[22m[39m
   [32m✓[39m App project workspace flow[2m > [22mP05 optional-kind focused close wiring on Windows[2m > [22mCtrl+W[2m > [22mcloses focused working agent pane in a split without confirmation[32m 3[2mms[22m[39m
   [32m✓[39m App project workspace flow[2m > [22mP05 optional-kind focused close wiring on Windows[2m > [22mCtrl+W[2m > [22mcloses focused waiting agent pane in a split without confirmation[32m 4[2mms[22m[39m
   [32m✓[39m App project workspace flow[2m > [22mP05 optional-kind focused close wiring on Windows[2m > [22mCtrl+W[2m > [22mdoes not ask for confirmation for an untagged pane's busy sibling[32m 5[2mms[22m[39m
   [32m✓[39m App project workspace flow[2m > [22mP05 optional-kind focused close wiring on Windows[2m > [22mCtrl+W[2m > [22mpreserves browser whole-tab guard with pinned=false even with a layout[32m 6[2mms[22m[39m
   [32m✓[39m App project workspace flow[2m > [22mP05 optional-kind focused close wiring on Windows[2m > [22mCtrl+W[2m > [22mpreserves browser whole-tab guard with pinned=true even with a layout[32m 3[2mms[22m[39m
   [32m✓[39m App project workspace flow[2m > [22mP05 optional-kind focused close wiring on Windows[2m > [22mCtrl+W[2m > [22mignores a nonexistent active tab even with a leftover layout[32m 3[2mms[22m[39m
   [32m✓[39m App project workspace flow[2m > [22mP05 optional-kind focused close wiring on Windows[2m > [22mnative menu[2m > [22mtargets only the focused pane: tagged=true pinned=true split=true[32m 3[2mms[22m[39m
   [32m✓[39m App project workspace flow[2m > [22mP05 optional-kind focused close wiring on Windows[2m > [22mnative menu[2m > [22mtargets only the focused pane: tagged=true pinned=true split=false[32m 3[2mms[22m[39m
   [32m✓[39m App project workspace flow[2m > [22mP05 optional-kind focused close wiring on Windows[2m > [22mnative menu[2m > [22mtargets only the focused pane: tagged=true pinned=false split=true[32m 3[2mms[22m[39m
   [32m✓[39m App project workspace flow[2m > [22mP05 optional-kind focused close wiring on Windows[2m > [22mnative menu[2m > [22mtargets only the focused pane: tagged=true pinned=false split=false[32m 3[2mms[22m[39m
   [32m✓[39m App project workspace flow[2m > [22mP05 optional-kind focused close wiring on Windows[2m > [22mnative menu[2m > [22mtargets only the focused pane: tagged=false pinned=true split=true[32m 3[2mms[22m[39m
   [32m✓[39m App project workspace flow[2m > [22mP05 optional-kind focused close wiring on Windows[2m > [22mnative menu[2m > [22mtargets only the focused pane: tagged=false pinned=true split=false[32m 3[2mms[22m[39m
   [32m✓[39m App project workspace flow[2m > [22mP05 optional-kind focused close wiring on Windows[2m > [22mnative menu[2m > [22mtargets only the focused pane: tagged=false pinned=false split=true[32m 3[2mms[22m[39m
   [32m✓[39m App project workspace flow[2m > [22mP05 optional-kind focused close wiring on Windows[2m > [22mnative menu[2m > [22mtargets only the focused pane: tagged=false pinned=false split=false[32m 3[2mms[22m[39m
   [32m✓[39m App project workspace flow[2m > [22mP05 optional-kind focused close wiring on Windows[2m > [22mnative menu[2m > [22mcloses focused working agent pane in a split without confirmation[32m 2[2mms[22m[39m
   [32m✓[39m App project workspace flow[2m > [22mP05 optional-kind focused close wiring on Windows[2m > [22mnative menu[2m > [22mcloses focused waiting agent pane in a split without confirmation[32m 3[2mms[22m[39m
   [32m✓[39m App project workspace flow[2m > [22mP05 optional-kind focused close wiring on Windows[2m > [22mnative menu[2m > [22mdoes not ask for confirmation for an untagged pane's busy sibling[32m 2[2mms[22m[39m
   [32m✓[39m App project workspace flow[2m > [22mP05 optional-kind focused close wiring on Windows[2m > [22mnative menu[2m > [22mpreserves browser whole-tab guard with pinned=false even with a layout[32m 2[2mms[22m[39m
   [32m✓[39m App project workspace flow[2m > [22mP05 optional-kind focused close wiring on Windows[2m > [22mnative menu[2m > [22mpreserves browser whole-tab guard with pinned=true even with a layout[32m 2[2mms[22m[39m
   [32m✓[39m App project workspace flow[2m > [22mP05 optional-kind focused close wiring on Windows[2m > [22mnative menu[2m > [22mignores a nonexistent active tab even with a leftover layout[32m 3[2mms[22m[39m
   [32m✓[39m App project workspace flow[2m > [22mpasses live tabless workspace state to the sidebar[32m 3[2mms[22m[39m
   [32m✓[39m App project workspace flow[2m > [22mdoes not select tabless workspace rows through Cmd+digit[32m 3[2mms[22m[39m
   [32m✓[39m App project workspace flow[2m > [22mskips tabless background worktrees when indexing Cmd+N targets[32m 7[2mms[22m[39m
   [32m✓[39m App project workspace flow[2m > [22mreturns reconnect failure to the pane instead of discarding its promise[32m 6[2mms[22m[39m
   [32m✓[39m App project workspace flow[2m > [22mroutes the native Cmd+T menu accelerator through the normal new-terminal callback[32m 18[2mms[22m[39m
   [32m✓[39m App project workspace flow[2m > [22mroutes the native Cmd+W menu accelerator to close the active tab[32m 4[2mms[22m[39m
   [32m✓[39m App project workspace flow[2m > [22mroutes web Cmd+W on a leaf-root terminal tab to its pane when focus is unset[32m 4[2mms[22m[39m
   [32m✓[39m App project workspace flow[2m > [22mconfirms closing a single-pane tab with a working agent as a tab close[32m 36[2mms[22m[39m
   [32m✓[39m App project workspace flow[2m > [22mconfirms closing a single-pane tab with a waiting agent as a tab close[32m 24[2mms[22m[39m
   [32m✓[39m App project workspace flow[2m > [22mcloses a single pane in a split view with a working agent without confirmation[32m 10[2mms[22m[39m
   [32m✓[39m App project workspace flow[2m > [22mcloses a single pane in a split view with a waiting agent without confirmation[32m 12[2mms[22m[39m
   [32m✓[39m App project workspace flow[2m > [22mconfirms tab close for a working agent even with confirmCloseTab disabled[32m 32[2mms[22m[39m
   [32m✓[39m App project workspace flow[2m > [22mconfirms tab close for a waiting agent even with confirmCloseTab disabled[32m 27[2mms[22m[39m
   [32m✓[39m App project workspace flow[2m > [22mcloses an idle focused pane through native Cmd+W without confirming for a busy sibling[32m 13[2mms[22m[39m
   [32m✓[39m App project workspace flow[2m > [22mroutes the native Cmd+W menu accelerator to close the focused pane in a split terminal tab[32m 10[2mms[22m[39m
   [32m✓[39m App project workspace flow[2m > [22mroutes the web Cmd+W shortcut to close the focused pane in a split terminal tab[32m 3[2mms[22m[39m
   [32m✓[39m App project workspace flow[2m > [22mroutes the native Cmd+W menu accelerator to close an active browser tab[32m 28[2mms[22m[39m
   [32m✓[39m App project workspace flow[2m > [22mroutes http links to a built-in browser tab through the app-registered opener[32m 4[2mms[22m[39m
   [32m✓[39m App project workspace flow[2m > [22mshows tab close confirmation when confirmCloseTab is enabled, cancelling on reject and closing on confirm[32m 74[2mms[22m[39m
   [32m✓[39m App project workspace flow[2m > [22muses the canonical folder-derived project on an empty native startup[32m 15[2mms[22m[39m
   [32m✓[39m App project workspace flow[2m > [22mfalls back to stored projects and initializes bootstrap when getInitialProject rejects[32m 7[2mms[22m[39m
   [32m✓[39m App project workspace flow[2m > [22mstarts update polling on native mount and stops it on unmount[32m 4[2mms[22m[39m
   [32m✓[39m App project workspace flow[2m > [22mrenders genuine empty state and does not create phantom default workspace when getInitialProject rejects without stored projects[32m 10[2mms[22m[39m
   [32m✓[39m App project workspace flow[2m > [22mchecks for a signed update when the native app starts[32m 4[2mms[22m[39m
   [32m✓[39m App project workspace flow[2m > [22mrestores projects lost from WebView storage using the native session catalog[32m 19[2mms[22m[39m
   [32m✓[39m App project workspace flow[2m > [22mrestores multi-project native session catalog when single persisted project differs from startup[32m 22[2mms[22m[39m
   [32m✓[39m App project workspace flow[2m > [22mdoes not restore historical projects into an existing multi-project catalog[32m 12[2mms[22m[39m
   [32m✓[39m App project workspace flow[2m > [22mkeeps the native shell initializing until persisted workspace tabs are preloaded[32m 92[2mms[22m[39m
   [32m✓[39m App project workspace flow[2m > [22mmigrates the legacy default placeholder to the canonical native project[32m 5[2mms[22m[39m
   [32m✓[39m App project workspace flow[2m > [22mremoves a project via RemoveProjectDialog and switches active project when removing the active one[32m 67[2mms[22m[39m
   [32m✓[39m App project workspace flow[2m > [22mshows a genuine empty state and does not re-register the default project after removing the last project[32m 66[2mms[22m[39m
   [32m✓[39m App project workspace flow[2m > [22mscopes WorktreeDeleteDialog workspaceId to the owning project of the deleted worktree[32m 16[2mms[22m[39m
   [32m✓[39m App project workspace flow[2m > [22mmigrates legacy rorca/orca storage keys to ferryx namespace on startup (F10)[32m 7[2mms[22m[39m
   [32m✓[39m App project workspace flow[2m > [22mheals a legacy project entry (no gitRoot) into a git-backed project on startup[32m 14[2mms[22m[39m
   [32m✓[39m App project workspace flow[2m > [22mre-registers the active persisted project before refreshing its worktrees[32m 10[2mms[22m[39m
   [32m✓[39m App project workspace flow[2m > [22mopens a registered project's real branch-dropdown worktree flow[32m 58[2mms[22m[39m
   [32m✓[39m App project workspace flow[2m > [22mopens worktree creation for the clicked non-active project[32m 22[2mms[22m[39m
   [32m✓[39m App project workspace flow[2m > [22mswitches to the non-active project before opening its created worktree[32m 60[2mms[22m[39m
   [32m✓[39m App project workspace flow[2m > [22mswitches the active project when selecting a project row in the nested tree[32m 47[2mms[22m[39m
   [32m✓[39m App project workspace flow[2m > [22mshows the original project's worktrees again after switching away and clicking back[32m 40[2mms[22m[39m
   [32m✓[39m App project workspace flow[2m > [22madopts the canonical workspaceId the backend returns for an already-registered root[32m 12[2mms[22m[39m
   [32m✓[39m App project workspace flow[2m > [22mretries registration on window focus after a transient failure instead of gating forever[32m 26[2mms[22m[39m
   [32m✓[39m App project workspace flow[2m > [22mpersists the outgoing project's session when switching away[32m 92[2mms[22m[39m
   [32m✓[39m App project workspace flow[2m > [22mdiscards a parked worktree selection that belongs to a project no longer active[32m 40[2mms[22m[39m
   [32m✓[39m App project workspace flow[2m > [22msurfaces a genuine same-id different-root registration conflict instead of silently listing[32m 5[2mms[22m[39m
   [32m✓[39m App project workspace flow[2m > [22mswitches project instead of activating when the worktree belongs to another project[32m 32[2mms[22m[39m
   [32m✓[39m App project workspace flow[2m > [22mswitches project for a branch-less worktree nested under another project's root[32m 15[2mms[22m[39m
   [32m✓[39m App project workspace flow[2m > [22mactivates a worktree directly when it belongs to the active project[32m 13[2mms[22m[39m
   [32m✓[39m App project workspace flow[2m > [22mwalks visible worktrees top to bottom across expanded projects with Cmd+1..[32m 18[2mms[22m[39m
   [32m✓[39m App project workspace flow[2m > [22mskips a collapsed project's rows when counting Cmd+N positions[32m 15[2mms[22m[39m
   [32m✓[39m App project workspace flow[2m > [22mselects a worktree when macOS forwards Cmd+N through the native key monitor[32m 16[2mms[22m[39m
   [32m✓[39m App project workspace flow[2m > [22mtargets the synthesized root row of a visible non-Git project via native Cmd+digit[32m 32[2mms[22m[39m
   [32m✓[39m App project workspace flow[2m > [22mtargets inactive cached rows before extra owned rows matching Sidebar top-to-bottom order via native Cmd+digit[32m 31[2mms[22m[39m
   [32m✓[39m App project workspace flow[2m > [22mkeeps out-of-range Cmd+N presses a no-op[32m 6[2mms[22m[39m
   [32m✓[39m App project workspace flow[2m > [22mnavigates workspaces with Cmd+1..4 and terminal tabs with Ctrl+1..4 ignoring out-of-range keys[32m 6[2mms[22m[39m
   [32m✓[39m App project workspace flow[2m > [22mtoggles sidebar visibility with Cmd+B and persists state across mounts[32m 27[2mms[22m[39m
   [32m✓[39m App project workspace flow[2m > [22mkeeps restored missing sessions in standby under the default Lazy policy[32m 71[2mms[22m[39m
   [32m✓[39m App project workspace flow[2m > [22mwaits until registration and worktree refresh complete before restoring Lazy standby sessions[32m 15[2mms[22m[39m
   [32m✓[39m App project workspace flow[2m > [22mrestores persisted terminal sessions only once when restored state changes effect dependencies[32m 78[2mms[22m[39m
   [32m✓[39m App project workspace flow[2m > [22mpreserves live backend sessions when restoring during dev/HMR[32m 77[2mms[22m[39m
   [32m✓[39m App project workspace flow[2m > [22mreconciles live and missing sessions across split panes without auto-respawning dead sessions[32m 76[2mms[22m[39m
   [32m✓[39m App project workspace flow[2m > [22mreconciles daemonEpoch and lastOutputSequence on startup, marking epoch mismatch as exited[32m 77[2mms[22m[39m
   [32m✓[39m App project workspace flow[2m > [22mtoggles the settings dialog with Cmd+,[32m 15[2mms[22m[39m
   [32m✓[39m App project workspace flow[2m > [22mactivates in-terminal search on active pane with Cmd+F[32m 9[2mms[22m[39m
   [32m✓[39m App project workspace flow[2m > [22mmoves pane focus next and previous with Cmd+] and Cmd+[[32m 8[2mms[22m[39m
   [33m[2m✓[22m[39m App project workspace flow[2m > [22mdetects agents on mount and launches agent via spawnTerminal and writeTerminal [33m 663[2mms[22m[39m
   [32m✓[39m App project workspace flow[2m > [22msurfaces the stored defaultAgentId first with a Default label in the New Tab agent list[32m 43[2mms[22m[39m
   [32m✓[39m App project workspace flow[2m > [22mopens a browser tab at the configured homepage from the new-tab menu[32m 33[2mms[22m[39m
   [32m✓[39m App project workspace flow[2m > [22mopens a blank browser tab from the new-tab menu when no homepage is set[32m 28[2mms[22m[39m
   [32m✓[39m App project workspace flow[2m > [22mpreserves every registered workspace when saving session instead of clobbering inactive workspaces[32m 16[2mms[22m[39m
   [32m✓[39m App project workspace flow[2m > [22mconditionally mounts SettingsDialog and CommandPalette only when open[32m 8[2mms[22m[39m
   [32m✓[39m App project workspace flow[2m > [22mlazy-loads SettingsDialog via React.lazy with Suspense[32m 2[2mms[22m[39m
   [32m✓[39m App project workspace flow[2m > [22mdoes not list state in registerWindowCloseGuard effect dependencies[32m 2[2mms[22m[39m
   [32m✓[39m App project workspace flow[2m > [22mdoes not starve debounced session persistence when transient title/activity ticks arrive faster than debounce interval[32m 29[2mms[22m[39m
   [32m✓[39m App project workspace flow[2m > [22mdoes not pass inline arrow functions for onOpenSettings or onCloseSearch[32m 2[2mms[22m[39m
   [32m✓[39m App project workspace flow[2m > [22mpreserves layout ownership and marks dead sessions exited across active and parked layouts without auto-respawning[32m 68[2mms[22m[39m
   [32m✓[39m App project workspace flow[2m > [22msuccessfully completes session restore under React StrictMode double-mount without skipping[32m 71[2mms[22m[39m
   [32m✓[39m App project workspace flow[2m > [22mskips native disk session restore when store was hydrated from HMR handoff and no HMR state exists[32m 7[2mms[22m[39m
   [32m✓[39m App project workspace flow[2m > [22mreconciles missing HMR sessions without automatically spawning replacements[32m 77[2mms[22m[39m
   [32m✓[39m App project workspace flow[2m > [22mFerryx desktop focused-terminal publisher and remote selection listener[2m > [22mderives focused terminal payload through focused group -> active tab -> active leaf -> session -> backendSessionId[32m 2[2mms[22m[39m
   [32m✓[39m App project workspace flow[2m > [22mFerryx desktop focused-terminal publisher and remote selection listener[2m > [22mpublishes terminal tabs from every worktree with safe labels[32m 1[2mms[22m[39m
   [32m✓[39m App project workspace flow[2m > [22mFerryx desktop focused-terminal publisher and remote selection listener[2m > [22mpublishes the primary worktree with no managed slug[32m 0[2mms[22m[39m
   [32m✓[39m App project workspace flow[2m > [22mFerryx desktop focused-terminal publisher and remote selection listener[2m > [22mactivates the exact pane when a remote selection names a leaf-addressed entry[32m 12[2mms[22m[39m
   [32m✓[39m App project workspace flow[2m > [22mFerryx desktop focused-terminal publisher and remote selection listener[2m > [22mexposes every split pane of a tab as its own remote entry addressed by leaf[32m 2[2mms[22m[39m
   [32m✓[39m App project workspace flow[2m > [22mFerryx desktop focused-terminal publisher and remote selection listener[2m > [22mkeeps a single-pane tab addressed by its plain tab id[32m 1[2mms[22m[39m
   [32m✓[39m App project workspace flow[2m > [22mFerryx desktop focused-terminal publisher and remote selection listener[2m > [22mderives per-tab activityState and agentType when present in activityBySessionId[32m 1[2mms[22m[39m
   [32m✓[39m App project workspace flow[2m > [22mFerryx desktop focused-terminal publisher and remote selection listener[2m > [22mkeeps publishing the terminal inventory with an empty focus when a browser tab is active[32m 1[2mms[22m[39m
   [32m✓[39m App project workspace flow[2m > [22mFerryx desktop focused-terminal publisher and remote selection listener[2m > [22mreturns null only when the desktop has no terminal tab at all[32m 1[2mms[22m[39m
   [32m✓[39m App project workspace flow[2m > [22mFerryx desktop focused-terminal publisher and remote selection listener[2m > [22mdoes not republish unchanged terminal inventory on unrelated workspace renders[32m 5[2mms[22m[39m
   [32m✓[39m App project workspace flow[2m > [22mFerryx desktop focused-terminal publisher and remote selection listener[2m > [22mpublishes focused terminal to native IPC on mount and layout changes[32m 6[2mms[22m[39m
   [32m✓[39m App project workspace flow[2m > [22mFerryx desktop focused-terminal publisher and remote selection listener[2m > [22mpublishes per-tab agent activity state and agent type to native IPC[32m 7[2mms[22m[39m
   [32m✓[39m App project workspace flow[2m > [22mFerryx desktop focused-terminal publisher and remote selection listener[2m > [22mpublishes real backendSessionId after session backend is bound or rebound[32m 8[2mms[22m[39m
   [32m✓[39m App project workspace flow[2m > [22mFerryx desktop focused-terminal publisher and remote selection listener[2m > [22mroutes publishFocusedTerminal rejection to reportRuntimeError[32m 63[2mms[22m[39m
   [32m✓[39m App project workspace flow[2m > [22mFerryx desktop focused-terminal publisher and remote selection listener[2m > [22mcreates a new remote terminal through openTab instead of reusing an existing worktree tab[32m 7[2mms[22m[39m
   [32m✓[39m App project workspace flow[2m > [22mFerryx desktop focused-terminal publisher and remote selection listener[2m > [22mhandles native remote_selection_requested and activates requested worktree context[32m 23[2mms[22m[39m
   [32m✓[39m App project workspace flow[2m > [22mFerryx desktop focused-terminal publisher and remote selection listener[2m > [22mhandles same-worktree tab selection request and activates exact tab[32m 15[2mms[22m[39m
   [32m✓[39m App project workspace flow[2m > [22mFerryx desktop focused-terminal publisher and remote selection listener[2m > [22mhandles primary worktree selection within current project when on secondary worktree[32m 15[2mms[22m[39m
   [32m✓[39m App project workspace flow[2m > [22mFerryx desktop focused-terminal publisher and remote selection listener[2m > [22mhandles cross-worktree selection with tabId activating tab after worktree switch[32m 77[2mms[22m[39m
   [32m✓[39m App project workspace flow[2m > [22mFerryx desktop focused-terminal publisher and remote selection listener[2m > [22mhandles cross-project remote selection by switching project and then activating worktree[32m 16[2mms[22m[39m
   [32m✓[39m App project workspace flow[2m > [22mFerryx desktop focused-terminal publisher and remote selection listener[2m > [22mdrops a queued remote slug when the user switches to a third project first[32m 16[2mms[22m[39m
   [32m✓[39m App project workspace flow[2m > [22mFerryx desktop focused-terminal publisher and remote selection listener[2m > [22mactivates the exact pane after a queued cross-project selection names a leaf entry[32m 77[2mms[22m[39m
   [32m✓[39m App project workspace flow[2m > [22mbadge count synchronization[2m > [22msynchronizes badge count from unique true unreadTabIds in workspace state[32m 6[2mms[22m[39m
   [32m✓[39m App project workspace flow[2m > [22mbadge count synchronization[2m > [22mroutes native badge synchronization errors to reportRuntimeError[32m 72[2mms[22m[39m
   [33m[2m✓[22m[39m App project workspace flow[2m > [22mAutomatic agent session resume on workspace restore[2m > [22mauto-resumes exited agent sessions in staggered order, while plain shell sessions and unsupported agents are not auto-resumed [33m 987[2mms[22m[39m
   [32m✓[39m App project workspace flow[2m > [22mAutomatic agent session resume on workspace restore[2m > [22mdoes not crash and degrades silently when auto-resume spawn fails[32m 92[2mms[22m[39m
   [32m✓[39m App project workspace flow[2m > [22mT2 onBrowserSessionCreated skipped adoption notifications[2m > [22m(1) when a remote host is active, calls toast.warning exactly once and adoptBrowserSession zero times[32m 14[2mms[22m[39m
   [32m✓[39m App project workspace flow[2m > [22mT2 onBrowserSessionCreated skipped adoption notifications[2m > [22m(2) when no remote host is active and adoptBrowserSession returns null, calls the second toast warning exactly once[32m 5[2mms[22m[39m
   [32m✓[39m App project workspace flow[2m > [22mT2 onBrowserSessionCreated skipped adoption notifications[2m > [22m(3) when no remote host is active and adoptBrowserSession returns a tab id, no toast warning fires[32m 12[2mms[22m[39m
   [32m✓[39m App project workspace flow[2m > [22mT2 clause (a) adoption reporting reaches the CLI[2m > [22mreports adopted=false with remote-host-active when a remote host owns the window[32m 16[2mms[22m[39m
   [32m✓[39m App project workspace flow[2m > [22mT2 clause (a) adoption reporting reaches the CLI[2m > [22mreports adopted=false with adopt-failed when the session could not be adopted[32m 14[2mms[22m[39m
   [32m✓[39m App project workspace flow[2m > [22mT2 clause (a) adoption reporting reaches the CLI[2m > [22mreports adopted=true when the tab was shown[32m 15[2mms[22m[39m
   [32m✓[39m App project workspace flow[2m > [22mT9 browser_tab_switch activates the owning layout tab[2m > [22mactivates the tab owning the browserId, not the tab at the CLI index[32m 5[2mms[22m[39m
   [32m✓[39m App project workspace flow[2m > [22mT9 browser_tab_switch activates the owning layout tab[2m > [22mactivates the terminal tab that hosts the browser in a pane[32m 6[2mms[22m[39m
   [32m✓[39m App project workspace flow[2m > [22mT9 browser_tab_switch activates the owning layout tab[2m > [22mwarns instead of staying silent when no tab owns the browserId[32m 6[2mms[22m[39m
[31m   [31m×[31m App project workspace flow[2m > [22mWave 3a Onboarding and Welcome[2m > [22mauto-opens WelcomeWizard for a macOS status with missing permissions and zero projects[39m[33m 8009[2mms[22m[39m
[31m     → Unable to find role="dialog" and name "Welcome to Ferryx"

Ignored nodes: comments, script, style
[36m<body>[31m
  [36m<div />[31m
[36m</body>[31m

Ignored nodes: comments, script, style
[36m<body>[31m
  [36m<div />[31m
[36m</body>[31m[39m
   [32m✓[39m App project workspace flow[2m > [22mWave 3a Onboarding and Welcome[2m > [22mdoes not auto-open WelcomeWizard for platform web[32m 9[2mms[22m[39m
   [32m✓[39m App project workspace flow[2m > [22mWave 3a Onboarding and Welcome[2m > [22mrenders GettingStartedChecklist with 'No projects' and 'Add Project' button when projects list is empty[32m 13[2mms[22m[39m
   [32m✓[39m App project workspace flow[2m > [22mWave 3a Onboarding and Welcome[2m > [22mrenders DaemonConnectionBanner on local project registration failure with DAEMON_UNAVAILABLE[32m 10[2mms[22m[39m
 [32m✓[39m src/remote/RemoteUI.test.tsx [2m([22m[2m52 tests[22m[2m)[22m[33m 1580[2mms[22m[39m
 [32m✓[39m src/state/workspaceStore.test.tsx [2m([22m[2m63 tests[22m[2m)[22m[32m 134[2mms[22m[39m
 [32m✓[39m src/remote/RemoteBrowser.test.tsx [2m([22m[2m41 tests[22m[2m)[22m[33m 1312[2mms[22m[39m
 [32m✓[39m src/lib/sessionPersistence.test.ts [2m([22m[2m44 tests[22m[2m)[22m[32m 28[2mms[22m[39m
[90mstderr[2m | src/App.notifications.test.tsx[2m > [22m[2mApp notification coordinator wiring[2m > [22m[2mnotification center recording and seen bridge[2m > [22m[2mhandles newer occurrence while a cross-project target is mounting
[22m[39mWarning: Cannot update a component (`WorkspaceApp`) while rendering a different component (`WorkspaceApp`). To locate the bad setState() call inside `WorkspaceApp`, follow the stack trace as described in https://reactjs.org/link/setstate-in-render
    at WorkspaceApp (C:\Users\sook\ferryx-pane-completion\source-21dea3c0\ui\src\App.tsx:547:3)
    at App (C:\Users\sook\ferryx-pane-completion\source-21dea3c0\ui\src\App.tsx:329:56)

 [32m✓[39m src/App.notifications.test.tsx [2m([22m[2m50 tests[22m[2m)[22m[33m 696[2mms[22m[39m
 [32m✓[39m src/remote/RemoteTerminal.contract.test.tsx [2m([22m[2m69 tests[22m[2m)[22m[33m 622[2mms[22m[39m
 [32m✓[39m src/components/dag/DagGraphView.viewport.test.tsx [2m([22m[2m54 tests[22m[2m)[22m[33m 1906[2mms[22m[39m
   [33m[2m✓[22m[39m DagGraphView Camera and Viewport Interaction[2m > [22mContract 8-9 & S3: Camera Controls & Fit[2m > [22mcurrent measured viewport drives button minimum and aria state without stale memo (B3 regression) [33m 516[2mms[22m[39m
   [33m[2m✓[22m[39m DagGraphView Camera and Viewport Interaction[2m > [22mContract 5 & 7 & S5: Touch & Pinch Transitions[2m > [22moutward pinch at newly raised minimum obeys direction-preserving recovery without jumping (B2 regression) [33m 302[2mms[22m[39m
 [32m✓[39m src/components/ProjectDialogs.test.tsx [2m([22m[2m44 tests[22m[2m)[22m[33m 496[2mms[22m[39m
[90mstdout[2m | src/components/NativeTerminalPane.lifecycle.test.tsx[2m > [22m[2mNativeTerminalPane compositor ownership lifecycle[2m > [22m[2mreattaches the same backend when its output stream ends without user input
[22m[39m[ferryx:switch] {
  runId: [32m'2d35f100-b825-4aa3-adc5-820254f2b769'[39m,
  sequence: [33m1[39m,
  event: [32m'terminal.surface.presentation.stale'[39m,
  wallTimeMs: [33m1791095749467[39m,
  details: {
    localSessionId: [90mundefined[39m,
    backendSessionId: [32m'stream-ended'[39m,
    paneIdentity: [32m'frontend-stream-ended'[39m,
    bindingKey: [32m'stream-ended::0:'[39m,
    attemptGeneration: [33m0[39m,
    currentPaneIdentity: [32m'frontend-stream-ended'[39m,
    currentBackendSessionId: [32m'stream-ended'[39m,
    currentBindingKey: [32m'stream-ended::0:'[39m
  }
}
[ferryx:switch] {
  runId: [32m'2d35f100-b825-4aa3-adc5-820254f2b769'[39m,
  sequence: [33m2[39m,
  event: [32m'terminal.surface.presented'[39m,
  wallTimeMs: [33m1791095749468[39m,
  details: {
    localSessionId: [90mundefined[39m,
    backendSessionId: [32m'stream-ended'[39m,
    cursorCol: [33m2[39m,
    cursorRow: [33m3[39m,
    cellWidthPx: [33m10[39m,
    cellHeightPx: [33m20[39m
  }
}

[90mstdout[2m | src/components/NativeTerminalPane.lifecycle.test.tsx[2m > [22m[2mNativeTerminalPane compositor ownership lifecycle[2m > [22m[2mheld positive bounds cannot present a newer attempt or incarnation
[22m[39m[ferryx:switch] {
  runId: [32m'2d35f100-b825-4aa3-adc5-820254f2b769'[39m,
  sequence: [33m3[39m,
  event: [32m'terminal.surface.presentation.stale'[39m,
  wallTimeMs: [33m1791095749476[39m,
  details: {
    localSessionId: [90mundefined[39m,
    backendSessionId: [32m'held-receipt'[39m,
    paneIdentity: [32m'frontend-held-receipt'[39m,
    bindingKey: [32m'held-receipt:7:0:'[39m,
    attemptGeneration: [33m1[39m,
    currentPaneIdentity: [32m'frontend-held-receipt'[39m,
    currentBackendSessionId: [32m'held-receipt'[39m,
    currentBindingKey: [32m'held-receipt:7:0:'[39m
  }
}
[ferryx:switch] {
  runId: [32m'2d35f100-b825-4aa3-adc5-820254f2b769'[39m,
  sequence: [33m4[39m,
  event: [32m'terminal.surface.presented'[39m,
  wallTimeMs: [33m1791095749476[39m,
  details: {
    localSessionId: [90mundefined[39m,
    backendSessionId: [32m'held-receipt'[39m,
    cursorCol: [33m2[39m,
    cursorRow: [33m3[39m,
    cellWidthPx: [33m10[39m,
    cellHeightPx: [33m20[39m
  }
}

[90mstdout[2m | src/components/NativeTerminalPane.lifecycle.test.tsx[2m > [22m[2mNativeTerminalPane compositor ownership lifecycle[2m > [22m[2mheld positive bounds cannot present a newer attempt or incarnation
[22m[39m[ferryx:switch] {
  runId: [32m'2d35f100-b825-4aa3-adc5-820254f2b769'[39m,
  sequence: [33m5[39m,
  event: [32m'terminal.surface.presented'[39m,
  wallTimeMs: [33m1791095749477[39m,
  details: {
    localSessionId: [90mundefined[39m,
    backendSessionId: [32m'held-receipt'[39m,
    cursorCol: [33m2[39m,
    cursorRow: [33m3[39m,
    cellWidthPx: [33m10[39m,
    cellHeightPx: [33m20[39m
  }
}

[90mstdout[2m | src/components/NativeTerminalPane.lifecycle.test.tsx[2m > [22m[2mNativeTerminalPane compositor ownership lifecycle[2m > [22m[2mrecovers a stream that ends while its recovery attachment is pending
[22m[39m[ferryx:switch] {
  runId: [32m'2d35f100-b825-4aa3-adc5-820254f2b769'[39m,
  sequence: [33m6[39m,
  event: [32m'terminal.surface.presentation.stale'[39m,
  wallTimeMs: [33m1791095749480[39m,
  details: {
    localSessionId: [90mundefined[39m,
    backendSessionId: [32m'overlapping-stream-end'[39m,
    paneIdentity: [32m'frontend-overlapping-stream-end'[39m,
    bindingKey: [32m'overlapping-stream-end::0:'[39m,
    attemptGeneration: [33m0[39m,
    currentPaneIdentity: [32m'frontend-overlapping-stream-end'[39m,
    currentBackendSessionId: [32m'overlapping-stream-end'[39m,
    currentBindingKey: [32m'overlapping-stream-end::0:'[39m
  }
}
[ferryx:switch] {
  runId: [32m'2d35f100-b825-4aa3-adc5-820254f2b769'[39m,
  sequence: [33m7[39m,
  event: [32m'terminal.surface.presented'[39m,
  wallTimeMs: [33m1791095749480[39m,
  details: {
    localSessionId: [90mundefined[39m,
    backendSessionId: [32m'overlapping-stream-end'[39m,
    cursorCol: [33m2[39m,
    cursorRow: [33m3[39m,
    cellWidthPx: [33m10[39m,
    cellHeightPx: [33m20[39m
  }
}

[90mstdout[2m | src/components/NativeTerminalPane.lifecycle.test.tsx[2m > [22m[2mNativeTerminalPane compositor ownership lifecycle[2m > [22m[2mbounds repeated stream recovery and permits an explicit retry
[22m[39m[ferryx:switch] {
  runId: [32m'2d35f100-b825-4aa3-adc5-820254f2b769'[39m,
  sequence: [33m8[39m,
  event: [32m'terminal.surface.presentation.stale'[39m,
  wallTimeMs: [33m1791095749483[39m,
  details: {
    localSessionId: [90mundefined[39m,
    backendSessionId: [32m'bounded-stream'[39m,
    paneIdentity: [32m'frontend-bounded-stream'[39m,
    bindingKey: [32m'bounded-stream::0:'[39m,
    attemptGeneration: [33m0[39m,
    currentPaneIdentity: [32m'frontend-bounded-stream'[39m,
    currentBackendSessionId: [32m'bounded-stream'[39m,
    currentBindingKey: [32m'bounded-stream::0:'[39m
  }
}
[ferryx:switch] {
  runId: [32m'2d35f100-b825-4aa3-adc5-820254f2b769'[39m,
  sequence: [33m9[39m,
  event: [32m'terminal.surface.presented'[39m,
  wallTimeMs: [33m1791095749483[39m,
  details: {
    localSessionId: [90mundefined[39m,
    backendSessionId: [32m'bounded-stream'[39m,
    cursorCol: [33m2[39m,
    cursorRow: [33m3[39m,
    cellWidthPx: [33m10[39m,
    cellHeightPx: [33m20[39m
  }
}

[90mstdout[2m | src/components/NativeTerminalPane.lifecycle.test.tsx[2m > [22m[2mNativeTerminalPane compositor ownership lifecycle[2m > [22m[2mbounds repeated stream recovery and permits an explicit retry
[22m[39m[ferryx:switch] {
  runId: [32m'2d35f100-b825-4aa3-adc5-820254f2b769'[39m,
  sequence: [33m10[39m,
  event: [32m'terminal.surface.presentation.stale'[39m,
  wallTimeMs: [33m1791095749511[39m,
  details: {
    localSessionId: [90mundefined[39m,
    backendSessionId: [32m'bounded-stream'[39m,
    paneIdentity: [32m'frontend-bounded-stream'[39m,
    bindingKey: [32m'bounded-stream::0:'[39m,
    attemptGeneration: [33m6[39m,
    currentPaneIdentity: [32m'frontend-bounded-stream'[39m,
    currentBackendSessionId: [32m'bounded-stream'[39m,
    currentBindingKey: [32m'bounded-stream::0:'[39m
  }
}
[ferryx:switch] {
  runId: [32m'2d35f100-b825-4aa3-adc5-820254f2b769'[39m,
  sequence: [33m11[39m,
  event: [32m'terminal.surface.presented'[39m,
  wallTimeMs: [33m1791095749511[39m,
  details: {
    localSessionId: [90mundefined[39m,
    backendSessionId: [32m'bounded-stream'[39m,
    cursorCol: [33m2[39m,
    cursorRow: [33m3[39m,
    cellWidthPx: [33m10[39m,
    cellHeightPx: [33m20[39m
  }
}

[90mstderr[2m | src/components/NativeTerminalPane.lifecycle.test.tsx[2m > [22m[2mNativeTerminalPane compositor ownership lifecycle[2m > [22m[2mdoes not attach without an output recovery listener when registration fails
[22m[39mNative terminal IPC command failed {
  command: [32m'cmd_native_terminal_attach'[39m,
  error: Error: listener unavailable
      at [90mC:\Users\sook\ferryx-pane-completion\source-21dea3c0\ui\[39msrc\components\NativeTerminalPane.lifecycle.test.tsx:322:59
      at mockCall [90m(file:///C:/Users/sook/ferryx-pane-completion/source-21dea3c0/ui/[39mnode_modules/[4m@vitest/spy[24m/dist/index.js:96:15[90m)[39m
      at spy [90m(file:///C:/Users/sook/ferryx-pane-completion/source-21dea3c0/ui/[39mnode_modules/[4mtinyspy[24m/dist/index.js:47:80[90m)[39m
      at listen [90m(C:\Users\sook\ferryx-pane-completion\source-21dea3c0\ui\[39msrc\components\NativeTerminalPane.lifecycle.test.tsx:53:44[90m)[39m
      at Object.ensureStreamListenerRef.current [90m(C:\Users\sook\ferryx-pane-completion\source-21dea3c0\ui\[39msrc\components\NativeTerminalPane.tsx:2862:28[90m)[39m
      at Object.operation [90m(C:\Users\sook\ferryx-pane-completion\source-21dea3c0\ui\[39msrc\components\NativeTerminalPane.tsx:1204:37[90m)[39m
      at [90mC:\Users\sook\ferryx-pane-completion\source-21dea3c0\ui\[39msrc\lib\nativeTerminalLifecycle.ts:269:19
      at startLifecycleOperation [90m(C:\Users\sook\ferryx-pane-completion\source-21dea3c0\ui\[39msrc\lib\nativeTerminalLifecycle.ts:184:30[90m)[39m
      at enqueueNativeTerminalLifecycle [90m(C:\Users\sook\ferryx-pane-completion\source-21dea3c0\ui\[39msrc\lib\nativeTerminalLifecycle.ts:501:12[90m)[39m
      at attachNativeTerminalLifecycle [90m(C:\Users\sook\ferryx-pane-completion\source-21dea3c0\ui\[39msrc\lib\nativeTerminalLifecycle.ts:267:22[90m)[39m
}

[90mstdout[2m | src/components/NativeTerminalPane.lifecycle.test.tsx[2m > [22m[2mNativeTerminalPane compositor ownership lifecycle[2m > [22m[2mdoes not attach without an output recovery listener when registration fails
[22m[39m[ferryx:switch] {
  runId: [32m'2d35f100-b825-4aa3-adc5-820254f2b769'[39m,
  sequence: [33m12[39m,
  event: [32m'terminal.surface.presentation.stale'[39m,
  wallTimeMs: [33m1791095749524[39m,
  details: {
    localSessionId: [90mundefined[39m,
    backendSessionId: [32m'listener-failure'[39m,
    paneIdentity: [32m'frontend-listener-failure'[39m,
    bindingKey: [32m'listener-failure::0:'[39m,
    attemptGeneration: [33m1[39m,
    currentPaneIdentity: [32m'frontend-listener-failure'[39m,
    currentBackendSessionId: [32m'listener-failure'[39m,
    currentBindingKey: [32m'listener-failure::0:'[39m
  }
}
[ferryx:switch] {
  runId: [32m'2d35f100-b825-4aa3-adc5-820254f2b769'[39m,
  sequence: [33m13[39m,
  event: [32m'terminal.surface.presented'[39m,
  wallTimeMs: [33m1791095749524[39m,
  details: {
    localSessionId: [90mundefined[39m,
    backendSessionId: [32m'listener-failure'[39m,
    cursorCol: [33m2[39m,
    cursorRow: [33m3[39m,
    cellWidthPx: [33m10[39m,
    cellHeightPx: [33m20[39m
  }
}

[90mstderr[2m | src/components/NativeTerminalPane.lifecycle.test.tsx[2m > [22m[2mNativeTerminalPane compositor ownership lifecycle[2m > [22m[2mretries failed bounds with a fresh attachment and waits for presentation
[22m[39mNative terminal IPC command failed {
  command: [32m'cmd_native_terminal_set_bounds'[39m,
  error: { code: [32m'INTERNAL_ERROR'[39m, message: [32m'native surface unavailable'[39m }
}

[90mstdout[2m | src/components/NativeTerminalPane.lifecycle.test.tsx[2m > [22m[2mNativeTerminalPane compositor ownership lifecycle[2m > [22m[2mretries failed bounds with a fresh attachment and waits for presentation
[22m[39m[ferryx:switch] {
  runId: [32m'2d35f100-b825-4aa3-adc5-820254f2b769'[39m,
  sequence: [33m14[39m,
  event: [32m'terminal.surface.presentation.stale'[39m,
  wallTimeMs: [33m1791095749534[39m,
  details: {
    localSessionId: [90mundefined[39m,
    backendSessionId: [32m'bounds-retry'[39m,
    paneIdentity: [32m'frontend-bounds-retry'[39m,
    bindingKey: [32m'bounds-retry::0:'[39m,
    attemptGeneration: [33m1[39m,
    currentPaneIdentity: [32m'frontend-bounds-retry'[39m,
    currentBackendSessionId: [32m'bounds-retry'[39m,
    currentBindingKey: [32m'bounds-retry::0:'[39m
  }
}
[ferryx:switch] {
  runId: [32m'2d35f100-b825-4aa3-adc5-820254f2b769'[39m,
  sequence: [33m15[39m,
  event: [32m'terminal.surface.presented'[39m,
  wallTimeMs: [33m1791095749534[39m,
  details: {
    localSessionId: [90mundefined[39m,
    backendSessionId: [32m'bounds-retry'[39m,
    cursorCol: [33m2[39m,
    cursorRow: [33m3[39m,
    cellWidthPx: [33m10[39m,
    cellHeightPx: [33m20[39m
  }
}

[90mstderr[2m | src/components/NativeTerminalPane.lifecycle.test.tsx[2m > [22m[2mNativeTerminalPane compositor ownership lifecycle[2m > [22m[2mpreserves the structured cause of a bounds failure in the visible error
[22m[39mNative terminal IPC command failed {
  command: [32m'cmd_native_terminal_set_bounds'[39m,
  error: {
    code: [32m'INVALID_ARGUMENT'[39m,
    message: [32m'Native terminal viewport is outside the configured surface'[39m
  }
}

[90mstdout[2m | src/components/NativeTerminalPane.lifecycle.test.tsx[2m > [22m[2mNativeTerminalPane compositor ownership lifecycle[2m > [22m[2muses effective native scale for IME anchor at fractional webview density
[22m[39m[ferryx:switch] {
  runId: [32m'2d35f100-b825-4aa3-adc5-820254f2b769'[39m,
  sequence: [33m16[39m,
  event: [32m'terminal.surface.presentation.stale'[39m,
  wallTimeMs: [33m1791095749541[39m,
  details: {
    localSessionId: [90mundefined[39m,
    backendSessionId: [32m'ime-scale'[39m,
    paneIdentity: [32m'frontend-ime-scale'[39m,
    bindingKey: [32m'ime-scale::0:'[39m,
    attemptGeneration: [33m0[39m,
    currentPaneIdentity: [32m'frontend-ime-scale'[39m,
    currentBackendSessionId: [32m'ime-scale'[39m,
    currentBindingKey: [32m'ime-scale::0:'[39m
  }
}
[ferryx:switch] {
  runId: [32m'2d35f100-b825-4aa3-adc5-820254f2b769'[39m,
  sequence: [33m17[39m,
  event: [32m'terminal.surface.presented'[39m,
  wallTimeMs: [33m1791095749541[39m,
  details: {
    localSessionId: [90mundefined[39m,
    backendSessionId: [32m'ime-scale'[39m,
    cursorCol: [33m2[39m,
    cursorRow: [33m3[39m,
    cellWidthPx: [33m16[39m,
    cellHeightPx: [33m32[39m
  }
}

[90mstdout[2m | src/components/NativeTerminalPane.lifecycle.test.tsx[2m > [22m[2mNativeTerminalPane compositor ownership lifecycle[2m > [22m[2mkeeps ordinary equal-scale IME anchors
[22m[39m[ferryx:switch] {
  runId: [32m'2d35f100-b825-4aa3-adc5-820254f2b769'[39m,
  sequence: [33m18[39m,
  event: [32m'terminal.surface.presentation.stale'[39m,
  wallTimeMs: [33m1791095749546[39m,
  details: {
    localSessionId: [90mundefined[39m,
    backendSessionId: [32m'ime-scale'[39m,
    paneIdentity: [32m'frontend-ime-scale'[39m,
    bindingKey: [32m'ime-scale::0:'[39m,
    attemptGeneration: [33m0[39m,
    currentPaneIdentity: [32m'frontend-ime-scale'[39m,
    currentBackendSessionId: [32m'ime-scale'[39m,
    currentBindingKey: [32m'ime-scale::0:'[39m
  }
}
[ferryx:switch] {
  runId: [32m'2d35f100-b825-4aa3-adc5-820254f2b769'[39m,
  sequence: [33m19[39m,
  event: [32m'terminal.surface.presented'[39m,
  wallTimeMs: [33m1791095749546[39m,
  details: {
    localSessionId: [90mundefined[39m,
    backendSessionId: [32m'ime-scale'[39m,
    cursorCol: [33m2[39m,
    cursorRow: [33m3[39m,
    cellWidthPx: [33m16[39m,
    cellHeightPx: [33m32[39m
  }
}

[90mstdout[2m | src/components/NativeTerminalPane.lifecycle.test.tsx[2m > [22m[2mNativeTerminalPane compositor ownership lifecycle[2m > [22m[2mfalls back to raw density for legacy IME receipts
[22m[39m[ferryx:switch] {
  runId: [32m'2d35f100-b825-4aa3-adc5-820254f2b769'[39m,
  sequence: [33m20[39m,
  event: [32m'terminal.surface.presentation.stale'[39m,
  wallTimeMs: [33m1791095749549[39m,
  details: {
    localSessionId: [90mundefined[39m,
    backendSessionId: [32m'ime-scale'[39m,
    paneIdentity: [32m'frontend-ime-scale'[39m,
    bindingKey: [32m'ime-scale::0:'[39m,
    attemptGeneration: [33m0[39m,
    currentPaneIdentity: [32m'frontend-ime-scale'[39m,
    currentBackendSessionId: [32m'ime-scale'[39m,
    currentBindingKey: [32m'ime-scale::0:'[39m
  }
}
[ferryx:switch] {
  runId: [32m'2d35f100-b825-4aa3-adc5-820254f2b769'[39m,
  sequence: [33m21[39m,
  event: [32m'terminal.surface.presented'[39m,
  wallTimeMs: [33m1791095749549[39m,
  details: {
    localSessionId: [90mundefined[39m,
    backendSessionId: [32m'ime-scale'[39m,
    cursorCol: [33m2[39m,
    cursorRow: [33m3[39m,
    cellWidthPx: [33m16[39m,
    cellHeightPx: [33m32[39m
  }
}

[90mstdout[2m | src/components/NativeTerminalPane.lifecycle.test.tsx[2m > [22m[2mNativeTerminalPane compositor ownership lifecycle[2m > [22m[2mfalls back to raw density when native geometry is absent
[22m[39m[ferryx:switch] {
  runId: [32m'2d35f100-b825-4aa3-adc5-820254f2b769'[39m,
  sequence: [33m22[39m,
  event: [32m'terminal.surface.presentation.stale'[39m,
  wallTimeMs: [33m1791095749555[39m,
  details: {
    localSessionId: [90mundefined[39m,
    backendSessionId: [32m'ime-scale'[39m,
    paneIdentity: [32m'frontend-ime-scale'[39m,
    bindingKey: [32m'ime-scale::0:'[39m,
    attemptGeneration: [33m0[39m,
    currentPaneIdentity: [32m'frontend-ime-scale'[39m,
    currentBackendSessionId: [32m'ime-scale'[39m,
    currentBindingKey: [32m'ime-scale::0:'[39m
  }
}
[ferryx:switch] {
  runId: [32m'2d35f100-b825-4aa3-adc5-820254f2b769'[39m,
  sequence: [33m23[39m,
  event: [32m'terminal.surface.presented'[39m,
  wallTimeMs: [33m1791095749555[39m,
  details: {
    localSessionId: [90mundefined[39m,
    backendSessionId: [32m'ime-scale'[39m,
    cursorCol: [33m2[39m,
    cursorRow: [33m3[39m,
    cellWidthPx: [33m16[39m,
    cellHeightPx: [33m32[39m
  }
}

[90mstdout[2m | src/components/NativeTerminalPane.lifecycle.test.tsx[2m > [22m[2mNativeTerminalPane compositor ownership lifecycle[2m > [22m[2mdoes not reclaim the outgoing surface when input fails after tab replacement
[22m[39m[ferryx:switch] {
  runId: [32m'2d35f100-b825-4aa3-adc5-820254f2b769'[39m,
  sequence: [33m24[39m,
  event: [32m'terminal.surface.presentation.stale'[39m,
  wallTimeMs: [33m1791095749558[39m,
  details: {
    localSessionId: [90mundefined[39m,
    backendSessionId: [32m'owner-a'[39m,
    paneIdentity: [32m'frontend-owner-a'[39m,
    bindingKey: [32m'owner-a::0:'[39m,
    attemptGeneration: [33m0[39m,
    currentPaneIdentity: [32m'frontend-owner-a'[39m,
    currentBackendSessionId: [32m'owner-a'[39m,
    currentBindingKey: [32m'owner-a::0:'[39m
  }
}
[ferryx:switch] {
  runId: [32m'2d35f100-b825-4aa3-adc5-820254f2b769'[39m,
  sequence: [33m25[39m,
  event: [32m'terminal.surface.presented'[39m,
  wallTimeMs: [33m1791095749558[39m,
  details: {
    localSessionId: [90mundefined[39m,
    backendSessionId: [32m'owner-a'[39m,
    cursorCol: [33m2[39m,
    cursorRow: [33m3[39m,
    cellWidthPx: [33m10[39m,
    cellHeightPx: [33m20[39m
  }
}

[90mstdout[2m | src/components/NativeTerminalPane.lifecycle.test.tsx[2m > [22m[2mNativeTerminalPane compositor ownership lifecycle[2m > [22m[2mdoes not reclaim the outgoing surface when input fails after tab replacement
[22m[39m[ferryx:switch] {
  runId: [32m'2d35f100-b825-4aa3-adc5-820254f2b769'[39m,
  sequence: [33m26[39m,
  event: [32m'terminal.surface.input.accepted'[39m,
  wallTimeMs: [33m1791095749560[39m,
  details: {
    operationId: [32m'req-493154ab-owner-a-1'[39m,
    backendSessionId: [32m'owner-a'[39m,
    paneIdentity: [1mnull[22m,
    bindingKey: [1mnull[22m,
    attemptGeneration: [1mnull[22m,
    daemonEpoch: [1mnull[22m,
    incarnation: [1mnull[22m,
    payloadBytes: [33m1[39m,
    queuedAt: [33m1791095749560[39m
  }
}
[ferryx:switch] {
  runId: [32m'2d35f100-b825-4aa3-adc5-820254f2b769'[39m,
  sequence: [33m27[39m,
  event: [32m'terminal.surface.input.dispatch'[39m,
  wallTimeMs: [33m1791095749560[39m,
  details: {
    operationId: [32m'req-493154ab-owner-a-1'[39m,
    backendSessionId: [32m'owner-a'[39m,
    paneIdentity: [1mnull[22m,
    bindingKey: [1mnull[22m,
    attemptGeneration: [1mnull[22m,
    daemonEpoch: [1mnull[22m,
    incarnation: [1mnull[22m,
    dispatchedAt: [33m1791095749560[39m
  }
}

[90mstdout[2m | src/components/NativeTerminalPane.lifecycle.test.tsx[2m > [22m[2mNativeTerminalPane compositor ownership lifecycle[2m > [22m[2mdoes not reclaim the outgoing surface when input fails after tab replacement
[22m[39m[ferryx:switch] {
  runId: [32m'2d35f100-b825-4aa3-adc5-820254f2b769'[39m,
  sequence: [33m28[39m,
  event: [32m'terminal.surface.presentation.stale'[39m,
  wallTimeMs: [33m1791095749561[39m,
  details: {
    localSessionId: [90mundefined[39m,
    backendSessionId: [32m'owner-b'[39m,
    paneIdentity: [32m'frontend-owner-b'[39m,
    bindingKey: [32m'owner-b::0:'[39m,
    attemptGeneration: [33m0[39m,
    currentPaneIdentity: [32m'frontend-owner-b'[39m,
    currentBackendSessionId: [32m'owner-b'[39m,
    currentBindingKey: [32m'owner-b::0:'[39m
  }
}
[ferryx:switch] {
  runId: [32m'2d35f100-b825-4aa3-adc5-820254f2b769'[39m,
  sequence: [33m29[39m,
  event: [32m'terminal.surface.presented'[39m,
  wallTimeMs: [33m1791095749561[39m,
  details: {
    localSessionId: [90mundefined[39m,
    backendSessionId: [32m'owner-b'[39m,
    cursorCol: [33m2[39m,
    cursorRow: [33m3[39m,
    cellWidthPx: [33m10[39m,
    cellHeightPx: [33m20[39m
  }
}

[90mstdout[2m | src/components/NativeTerminalPane.lifecycle.test.tsx[2m > [22m[2mNativeTerminalPane compositor ownership lifecycle[2m > [22m[2mdoes not recover input when its owner becomes hidden
[22m[39m[ferryx:switch] {
  runId: [32m'2d35f100-b825-4aa3-adc5-820254f2b769'[39m,
  sequence: [33m30[39m,
  event: [32m'terminal.surface.presentation.stale'[39m,
  wallTimeMs: [33m1791095749563[39m,
  details: {
    localSessionId: [90mundefined[39m,
    backendSessionId: [32m'owner-a'[39m,
    paneIdentity: [32m'frontend-owner-a'[39m,
    bindingKey: [32m'owner-a::0:'[39m,
    attemptGeneration: [33m0[39m,
    currentPaneIdentity: [32m'frontend-owner-a'[39m,
    currentBackendSessionId: [32m'owner-a'[39m,
    currentBindingKey: [32m'owner-a::0:'[39m
  }
}
[ferryx:switch] {
  runId: [32m'2d35f100-b825-4aa3-adc5-820254f2b769'[39m,
  sequence: [33m31[39m,
  event: [32m'terminal.surface.presented'[39m,
  wallTimeMs: [33m1791095749563[39m,
  details: {
    localSessionId: [90mundefined[39m,
    backendSessionId: [32m'owner-a'[39m,
    cursorCol: [33m2[39m,
    cursorRow: [33m3[39m,
    cellWidthPx: [33m10[39m,
    cellHeightPx: [33m20[39m
  }
}

[90mstdout[2m | src/components/NativeTerminalPane.lifecycle.test.tsx[2m > [22m[2mNativeTerminalPane compositor ownership lifecycle[2m > [22m[2mdoes not recover input when its owner becomes hidden
[22m[39m[ferryx:switch] {
  runId: [32m'2d35f100-b825-4aa3-adc5-820254f2b769'[39m,
  sequence: [33m32[39m,
  event: [32m'terminal.surface.input.accepted'[39m,
  wallTimeMs: [33m1791095749564[39m,
  details: {
    operationId: [32m'req-493154ab-owner-a-2'[39m,
    backendSessionId: [32m'owner-a'[39m,
    paneIdentity: [1mnull[22m,
    bindingKey: [1mnull[22m,
    attemptGeneration: [1mnull[22m,
    daemonEpoch: [1mnull[22m,
    incarnation: [1mnull[22m,
    payloadBytes: [33m1[39m,
    queuedAt: [33m1791095749564[39m
  }
}
[ferryx:switch] {
  runId: [32m'2d35f100-b825-4aa3-adc5-820254f2b769'[39m,
  sequence: [33m33[39m,
  event: [32m'terminal.surface.input.dispatch'[39m,
  wallTimeMs: [33m1791095749564[39m,
  details: {
    operationId: [32m'req-493154ab-owner-a-2'[39m,
    backendSessionId: [32m'owner-a'[39m,
    paneIdentity: [1mnull[22m,
    bindingKey: [1mnull[22m,
    attemptGeneration: [1mnull[22m,
    daemonEpoch: [1mnull[22m,
    incarnation: [1mnull[22m,
    dispatchedAt: [33m1791095749564[39m
  }
}

[90mstdout[2m | src/components/NativeTerminalPane.lifecycle.test.tsx[2m > [22m[2mNativeTerminalPane compositor ownership lifecycle[2m > [22m[2mdoes not retry input after its owner leaves during recovery
[22m[39m[ferryx:switch] {
  runId: [32m'2d35f100-b825-4aa3-adc5-820254f2b769'[39m,
  sequence: [33m34[39m,
  event: [32m'terminal.surface.presentation.stale'[39m,
  wallTimeMs: [33m1791095749566[39m,
  details: {
    localSessionId: [90mundefined[39m,
    backendSessionId: [32m'owner-a'[39m,
    paneIdentity: [32m'frontend-owner-a'[39m,
    bindingKey: [32m'owner-a::0:'[39m,
    attemptGeneration: [33m0[39m,
    currentPaneIdentity: [32m'frontend-owner-a'[39m,
    currentBackendSessionId: [32m'owner-a'[39m,
    currentBindingKey: [32m'owner-a::0:'[39m
  }
}
[ferryx:switch] {
  runId: [32m'2d35f100-b825-4aa3-adc5-820254f2b769'[39m,
  sequence: [33m35[39m,
  event: [32m'terminal.surface.presented'[39m,
  wallTimeMs: [33m1791095749566[39m,
  details: {
    localSessionId: [90mundefined[39m,
    backendSessionId: [32m'owner-a'[39m,
    cursorCol: [33m2[39m,
    cursorRow: [33m3[39m,
    cellWidthPx: [33m10[39m,
    cellHeightPx: [33m20[39m
  }
}

[90mstdout[2m | src/components/NativeTerminalPane.lifecycle.test.tsx[2m > [22m[2mNativeTerminalPane compositor ownership lifecycle[2m > [22m[2mdoes not retry input after its owner leaves during recovery
[22m[39m[ferryx:switch] {
  runId: [32m'2d35f100-b825-4aa3-adc5-820254f2b769'[39m,
  sequence: [33m36[39m,
  event: [32m'terminal.surface.input.accepted'[39m,
  wallTimeMs: [33m1791095749567[39m,
  details: {
    operationId: [32m'req-493154ab-owner-a-3'[39m,
    backendSessionId: [32m'owner-a'[39m,
    paneIdentity: [1mnull[22m,
    bindingKey: [1mnull[22m,
    attemptGeneration: [1mnull[22m,
    daemonEpoch: [1mnull[22m,
    incarnation: [1mnull[22m,
    payloadBytes: [33m1[39m,
    queuedAt: [33m1791095749567[39m
  }
}
[ferryx:switch] {
  runId: [32m'2d35f100-b825-4aa3-adc5-820254f2b769'[39m,
  sequence: [33m37[39m,
  event: [32m'terminal.surface.input.dispatch'[39m,
  wallTimeMs: [33m1791095749567[39m,
  details: {
    operationId: [32m'req-493154ab-owner-a-3'[39m,
    backendSessionId: [32m'owner-a'[39m,
    paneIdentity: [1mnull[22m,
    bindingKey: [1mnull[22m,
    attemptGeneration: [1mnull[22m,
    daemonEpoch: [1mnull[22m,
    incarnation: [1mnull[22m,
    dispatchedAt: [33m1791095749567[39m
  }
}

[90mstdout[2m | src/components/NativeTerminalPane.lifecycle.test.tsx[2m > [22m[2mNativeTerminalPane compositor ownership lifecycle[2m > [22m[2mdoes not retry input after its owner leaves during recovery
[22m[39m[ferryx:switch] {
  runId: [32m'2d35f100-b825-4aa3-adc5-820254f2b769'[39m,
  sequence: [33m38[39m,
  event: [32m'terminal.surface.input.error.recovering'[39m,
  wallTimeMs: [33m1791095749567[39m,
  details: { backendSessionId: [32m'owner-a'[39m, error: [32m'[object Object]'[39m }
}

[90mstdout[2m | src/components/NativeTerminalPane.lifecycle.test.tsx[2m > [22m[2mNativeTerminalPane compositor ownership lifecycle[2m > [22m[2mdoes not retry input after its owner leaves during recovery
[22m[39m[ferryx:switch] {
  runId: [32m'2d35f100-b825-4aa3-adc5-820254f2b769'[39m,
  sequence: [33m39[39m,
  event: [32m'terminal.surface.presentation.stale'[39m,
  wallTimeMs: [33m1791095749568[39m,
  details: {
    localSessionId: [90mundefined[39m,
    backendSessionId: [32m'owner-b'[39m,
    paneIdentity: [32m'frontend-owner-b'[39m,
    bindingKey: [32m'owner-b::0:'[39m,
    attemptGeneration: [33m0[39m,
    currentPaneIdentity: [32m'frontend-owner-b'[39m,
    currentBackendSessionId: [32m'owner-b'[39m,
    currentBindingKey: [32m'owner-b::0:'[39m
  }
}
[ferryx:switch] {
  runId: [32m'2d35f100-b825-4aa3-adc5-820254f2b769'[39m,
  sequence: [33m40[39m,
  event: [32m'terminal.surface.presented'[39m,
  wallTimeMs: [33m1791095749568[39m,
  details: {
    localSessionId: [90mundefined[39m,
    backendSessionId: [32m'owner-b'[39m,
    cursorCol: [33m2[39m,
    cursorRow: [33m3[39m,
    cellWidthPx: [33m10[39m,
    cellHeightPx: [33m20[39m
  }
}

[90mstdout[2m | src/components/NativeTerminalPane.lifecycle.test.tsx[2m > [22m[2mNativeTerminalPane compositor ownership lifecycle[2m > [22m[2mguards queued recovery attachment while preserving a returning owner (returns=false)
[22m[39m[ferryx:switch] {
  runId: [32m'2d35f100-b825-4aa3-adc5-820254f2b769'[39m,
  sequence: [33m41[39m,
  event: [32m'terminal.surface.input.accepted'[39m,
  wallTimeMs: [33m1791095749570[39m,
  details: {
    operationId: [32m'req-493154ab-owner-a-4'[39m,
    backendSessionId: [32m'owner-a'[39m,
    paneIdentity: [1mnull[22m,
    bindingKey: [1mnull[22m,
    attemptGeneration: [1mnull[22m,
    daemonEpoch: [1mnull[22m,
    incarnation: [1mnull[22m,
    payloadBytes: [33m1[39m,
    queuedAt: [33m1791095749570[39m
  }
}
[ferryx:switch] {
  runId: [32m'2d35f100-b825-4aa3-adc5-820254f2b769'[39m,
  sequence: [33m42[39m,
  event: [32m'terminal.surface.input.dispatch'[39m,
  wallTimeMs: [33m1791095749570[39m,
  details: {
    operationId: [32m'req-493154ab-owner-a-4'[39m,
    backendSessionId: [32m'owner-a'[39m,
    paneIdentity: [1mnull[22m,
    bindingKey: [1mnull[22m,
    attemptGeneration: [1mnull[22m,
    daemonEpoch: [1mnull[22m,
    incarnation: [1mnull[22m,
    dispatchedAt: [33m1791095749570[39m
  }
}

[90mstdout[2m | src/components/NativeTerminalPane.lifecycle.test.tsx[2m > [22m[2mNativeTerminalPane compositor ownership lifecycle[2m > [22m[2mguards queued recovery attachment while preserving a returning owner (returns=false)
[22m[39m[ferryx:switch] {
  runId: [32m'2d35f100-b825-4aa3-adc5-820254f2b769'[39m,
  sequence: [33m43[39m,
  event: [32m'terminal.surface.input.error.recovering'[39m,
  wallTimeMs: [33m1791095749570[39m,
  details: { backendSessionId: [32m'owner-a'[39m, error: [32m'[object Object]'[39m }
}

[90mstdout[2m | src/components/NativeTerminalPane.lifecycle.test.tsx[2m > [22m[2mNativeTerminalPane compositor ownership lifecycle[2m > [22m[2mguards queued recovery attachment while preserving a returning owner (returns=true)
[22m[39m[ferryx:switch] {
  runId: [32m'2d35f100-b825-4aa3-adc5-820254f2b769'[39m,
  sequence: [33m44[39m,
  event: [32m'terminal.surface.input.accepted'[39m,
  wallTimeMs: [33m1791095749571[39m,
  details: {
    operationId: [32m'req-493154ab-owner-a-5'[39m,
    backendSessionId: [32m'owner-a'[39m,
    paneIdentity: [1mnull[22m,
    bindingKey: [1mnull[22m,
    attemptGeneration: [1mnull[22m,
    daemonEpoch: [1mnull[22m,
    incarnation: [1mnull[22m,
    payloadBytes: [33m1[39m,
    queuedAt: [33m1791095749571[39m
  }
}
[ferryx:switch] {
  runId: [32m'2d35f100-b825-4aa3-adc5-820254f2b769'[39m,
  sequence: [33m45[39m,
  event: [32m'terminal.surface.input.dispatch'[39m,
  wallTimeMs: [33m1791095749571[39m,
  details: {
    operationId: [32m'req-493154ab-owner-a-5'[39m,
    backendSessionId: [32m'owner-a'[39m,
    paneIdentity: [1mnull[22m,
    bindingKey: [1mnull[22m,
    attemptGeneration: [1mnull[22m,
    daemonEpoch: [1mnull[22m,
    incarnation: [1mnull[22m,
    dispatchedAt: [33m1791095749571[39m
  }
}

[90mstdout[2m | src/components/NativeTerminalPane.lifecycle.test.tsx[2m > [22m[2mNativeTerminalPane compositor ownership lifecycle[2m > [22m[2mguards queued recovery attachment while preserving a returning owner (returns=true)
[22m[39m[ferryx:switch] {
  runId: [32m'2d35f100-b825-4aa3-adc5-820254f2b769'[39m,
  sequence: [33m46[39m,
  event: [32m'terminal.surface.input.error.recovering'[39m,
  wallTimeMs: [33m1791095749571[39m,
  details: { backendSessionId: [32m'owner-a'[39m, error: [32m'[object Object]'[39m }
}

[90mstdout[2m | src/components/NativeTerminalPane.lifecycle.test.tsx[2m > [22m[2mNativeTerminalPane compositor ownership lifecycle[2m > [22m[2mguards queued recovery attachment while preserving a returning owner (returns=true)
[22m[39m[ferryx:switch] {
  runId: [32m'2d35f100-b825-4aa3-adc5-820254f2b769'[39m,
  sequence: [33m47[39m,
  event: [32m'terminal.surface.presentation.stale'[39m,
  wallTimeMs: [33m1791095749573[39m,
  details: {
    localSessionId: [90mundefined[39m,
    backendSessionId: [32m'owner-a'[39m,
    paneIdentity: [32m'frontend-owner-a'[39m,
    bindingKey: [32m'owner-a::0:'[39m,
    attemptGeneration: [33m0[39m,
    currentPaneIdentity: [32m'frontend-owner-a'[39m,
    currentBackendSessionId: [32m'owner-a'[39m,
    currentBindingKey: [32m'owner-a::0:'[39m
  }
}
[ferryx:switch] {
  runId: [32m'2d35f100-b825-4aa3-adc5-820254f2b769'[39m,
  sequence: [33m48[39m,
  event: [32m'terminal.surface.presented'[39m,
  wallTimeMs: [33m1791095749573[39m,
  details: {
    localSessionId: [90mundefined[39m,
    backendSessionId: [32m'owner-a'[39m,
    cursorCol: [33m2[39m,
    cursorRow: [33m3[39m,
    cellWidthPx: [33m10[39m,
    cellHeightPx: [33m20[39m
  }
}

[90mstdout[2m | src/components/NativeTerminalPane.lifecycle.test.tsx[2m > [22m[2mNativeTerminalPane compositor ownership lifecycle[2m > [22m[2mdoes not publish a stale input receipt after replacement
[22m[39m[ferryx:switch] {
  runId: [32m'2d35f100-b825-4aa3-adc5-820254f2b769'[39m,
  sequence: [33m49[39m,
  event: [32m'terminal.surface.presentation.stale'[39m,
  wallTimeMs: [33m1791095749575[39m,
  details: {
    localSessionId: [90mundefined[39m,
    backendSessionId: [32m'owner-a'[39m,
    paneIdentity: [32m'frontend-owner-a'[39m,
    bindingKey: [32m'owner-a::0:'[39m,
    attemptGeneration: [33m0[39m,
    currentPaneIdentity: [32m'frontend-owner-a'[39m,
    currentBackendSessionId: [32m'owner-a'[39m,
    currentBindingKey: [32m'owner-a::0:'[39m
  }
}
[ferryx:switch] {
  runId: [32m'2d35f100-b825-4aa3-adc5-820254f2b769'[39m,
  sequence: [33m50[39m,
  event: [32m'terminal.surface.presented'[39m,
  wallTimeMs: [33m1791095749575[39m,
  details: {
    localSessionId: [90mundefined[39m,
    backendSessionId: [32m'owner-a'[39m,
    cursorCol: [33m2[39m,
    cursorRow: [33m3[39m,
    cellWidthPx: [33m10[39m,
    cellHeightPx: [33m20[39m
  }
}

[90mstdout[2m | src/components/NativeTerminalPane.lifecycle.test.tsx[2m > [22m[2mNativeTerminalPane compositor ownership lifecycle[2m > [22m[2mdoes not publish a stale input receipt after replacement
[22m[39m[ferryx:switch] {
  runId: [32m'2d35f100-b825-4aa3-adc5-820254f2b769'[39m,
  sequence: [33m51[39m,
  event: [32m'terminal.surface.input.accepted'[39m,
  wallTimeMs: [33m1791095749576[39m,
  details: {
    operationId: [32m'req-493154ab-owner-a-6'[39m,
    backendSessionId: [32m'owner-a'[39m,
    paneIdentity: [1mnull[22m,
    bindingKey: [1mnull[22m,
    attemptGeneration: [1mnull[22m,
    daemonEpoch: [1mnull[22m,
    incarnation: [1mnull[22m,
    payloadBytes: [33m1[39m,
    queuedAt: [33m1791095749576[39m
  }
}
[ferryx:switch] {
  runId: [32m'2d35f100-b825-4aa3-adc5-820254f2b769'[39m,
  sequence: [33m52[39m,
  event: [32m'terminal.surface.input.dispatch'[39m,
  wallTimeMs: [33m1791095749576[39m,
  details: {
    operationId: [32m'req-493154ab-owner-a-6'[39m,
    backendSessionId: [32m'owner-a'[39m,
    paneIdentity: [1mnull[22m,
    bindingKey: [1mnull[22m,
    attemptGeneration: [1mnull[22m,
    daemonEpoch: [1mnull[22m,
    incarnation: [1mnull[22m,
    dispatchedAt: [33m1791095749576[39m
  }
}

[90mstdout[2m | src/components/NativeTerminalPane.lifecycle.test.tsx[2m > [22m[2mNativeTerminalPane compositor ownership lifecycle[2m > [22m[2mdoes not publish a stale input receipt after replacement
[22m[39m[ferryx:switch] {
  runId: [32m'2d35f100-b825-4aa3-adc5-820254f2b769'[39m,
  sequence: [33m53[39m,
  event: [32m'terminal.surface.presentation.stale'[39m,
  wallTimeMs: [33m1791095749577[39m,
  details: {
    localSessionId: [90mundefined[39m,
    backendSessionId: [32m'owner-b'[39m,
    paneIdentity: [32m'frontend-owner-b'[39m,
    bindingKey: [32m'owner-b::0:'[39m,
    attemptGeneration: [33m0[39m,
    currentPaneIdentity: [32m'frontend-owner-b'[39m,
    currentBackendSessionId: [32m'owner-b'[39m,
    currentBindingKey: [32m'owner-b::0:'[39m
  }
}
[ferryx:switch] {
  runId: [32m'2d35f100-b825-4aa3-adc5-820254f2b769'[39m,
  sequence: [33m54[39m,
  event: [32m'terminal.surface.presented'[39m,
  wallTimeMs: [33m1791095749577[39m,
  details: {
    localSessionId: [90mundefined[39m,
    backendSessionId: [32m'owner-b'[39m,
    cursorCol: [33m2[39m,
    cursorRow: [33m3[39m,
    cellWidthPx: [33m10[39m,
    cellHeightPx: [33m20[39m
  }
}

[90mstdout[2m | src/components/NativeTerminalPane.lifecycle.test.tsx[2m > [22m[2mNativeTerminalPane compositor ownership lifecycle[2m > [22m[2mdoes not publish a stale recovery error after replacement
[22m[39m[ferryx:switch] {
  runId: [32m'2d35f100-b825-4aa3-adc5-820254f2b769'[39m,
  sequence: [33m55[39m,
  event: [32m'terminal.surface.presentation.stale'[39m,
  wallTimeMs: [33m1791095749578[39m,
  details: {
    localSessionId: [90mundefined[39m,
    backendSessionId: [32m'owner-a'[39m,
    paneIdentity: [32m'frontend-owner-a'[39m,
    bindingKey: [32m'owner-a::0:'[39m,
    attemptGeneration: [33m0[39m,
    currentPaneIdentity: [32m'frontend-owner-a'[39m,
    currentBackendSessionId: [32m'owner-a'[39m,
    currentBindingKey: [32m'owner-a::0:'[39m
  }
}
[ferryx:switch] {
  runId: [32m'2d35f100-b825-4aa3-adc5-820254f2b769'[39m,
  sequence: [33m56[39m,
  event: [32m'terminal.surface.presented'[39m,
  wallTimeMs: [33m1791095749578[39m,
  details: {
    localSessionId: [90mundefined[39m,
    backendSessionId: [32m'owner-a'[39m,
    cursorCol: [33m2[39m,
    cursorRow: [33m3[39m,
    cellWidthPx: [33m10[39m,
    cellHeightPx: [33m20[39m
  }
}

[90mstdout[2m | src/components/NativeTerminalPane.lifecycle.test.tsx[2m > [22m[2mNativeTerminalPane compositor ownership lifecycle[2m > [22m[2mdoes not publish a stale recovery error after replacement
[22m[39m[ferryx:switch] {
  runId: [32m'2d35f100-b825-4aa3-adc5-820254f2b769'[39m,
  sequence: [33m57[39m,
  event: [32m'terminal.surface.input.accepted'[39m,
  wallTimeMs: [33m1791095749579[39m,
  details: {
    operationId: [32m'req-493154ab-owner-a-7'[39m,
    backendSessionId: [32m'owner-a'[39m,
    paneIdentity: [1mnull[22m,
    bindingKey: [1mnull[22m,
    attemptGeneration: [1mnull[22m,
    daemonEpoch: [1mnull[22m,
    incarnation: [1mnull[22m,
    payloadBytes: [33m1[39m,
    queuedAt: [33m1791095749579[39m
  }
}
[ferryx:switch] {
  runId: [32m'2d35f100-b825-4aa3-adc5-820254f2b769'[39m,
  sequence: [33m58[39m,
  event: [32m'terminal.surface.input.dispatch'[39m,
  wallTimeMs: [33m1791095749579[39m,
  details: {
    operationId: [32m'req-493154ab-owner-a-7'[39m,
    backendSessionId: [32m'owner-a'[39m,
    paneIdentity: [1mnull[22m,
    bindingKey: [1mnull[22m,
    attemptGeneration: [1mnull[22m,
    daemonEpoch: [1mnull[22m,
    incarnation: [1mnull[22m,
    dispatchedAt: [33m1791095749579[39m
  }
}

[90mstdout[2m | src/components/NativeTerminalPane.lifecycle.test.tsx[2m > [22m[2mNativeTerminalPane compositor ownership lifecycle[2m > [22m[2mdoes not publish a stale recovery error after replacement
[22m[39m[ferryx:switch] {
  runId: [32m'2d35f100-b825-4aa3-adc5-820254f2b769'[39m,
  sequence: [33m59[39m,
  event: [32m'terminal.surface.input.error.recovering'[39m,
  wallTimeMs: [33m1791095749579[39m,
  details: { backendSessionId: [32m'owner-a'[39m, error: [32m'[object Object]'[39m }
}

[90mstdout[2m | src/components/NativeTerminalPane.lifecycle.test.tsx[2m > [22m[2mNativeTerminalPane compositor ownership lifecycle[2m > [22m[2mdoes not publish a stale recovery error after replacement
[22m[39m[ferryx:switch] {
  runId: [32m'2d35f100-b825-4aa3-adc5-820254f2b769'[39m,
  sequence: [33m60[39m,
  event: [32m'terminal.surface.presentation.stale'[39m,
  wallTimeMs: [33m1791095749580[39m,
  details: {
    localSessionId: [90mundefined[39m,
    backendSessionId: [32m'owner-b'[39m,
    paneIdentity: [32m'frontend-owner-b'[39m,
    bindingKey: [32m'owner-b::0:'[39m,
    attemptGeneration: [33m0[39m,
    currentPaneIdentity: [32m'frontend-owner-b'[39m,
    currentBackendSessionId: [32m'owner-b'[39m,
    currentBindingKey: [32m'owner-b::0:'[39m
  }
}
[ferryx:switch] {
  runId: [32m'2d35f100-b825-4aa3-adc5-820254f2b769'[39m,
  sequence: [33m61[39m,
  event: [32m'terminal.surface.presented'[39m,
  wallTimeMs: [33m1791095749580[39m,
  details: {
    localSessionId: [90mundefined[39m,
    backendSessionId: [32m'owner-b'[39m,
    cursorCol: [33m2[39m,
    cursorRow: [33m3[39m,
    cellWidthPx: [33m10[39m,
    cellHeightPx: [33m20[39m
  }
}

[90mstdout[2m | src/components/NativeTerminalPane.lifecycle.test.tsx[2m > [22m[2mNativeTerminalPane compositor ownership lifecycle[2m > [22m[2mdoes not publish a stale retry receipt after replacement
[22m[39m[ferryx:switch] {
  runId: [32m'2d35f100-b825-4aa3-adc5-820254f2b769'[39m,
  sequence: [33m62[39m,
  event: [32m'terminal.surface.presentation.stale'[39m,
  wallTimeMs: [33m1791095749581[39m,
  details: {
    localSessionId: [90mundefined[39m,
    backendSessionId: [32m'owner-a'[39m,
    paneIdentity: [32m'frontend-owner-a'[39m,
    bindingKey: [32m'owner-a::0:'[39m,
    attemptGeneration: [33m0[39m,
    currentPaneIdentity: [32m'frontend-owner-a'[39m,
    currentBackendSessionId: [32m'owner-a'[39m,
    currentBindingKey: [32m'owner-a::0:'[39m
  }
}
[ferryx:switch] {
  runId: [32m'2d35f100-b825-4aa3-adc5-820254f2b769'[39m,
  sequence: [33m63[39m,
  event: [32m'terminal.surface.presented'[39m,
  wallTimeMs: [33m1791095749581[39m,
  details: {
    localSessionId: [90mundefined[39m,
    backendSessionId: [32m'owner-a'[39m,
    cursorCol: [33m2[39m,
    cursorRow: [33m3[39m,
    cellWidthPx: [33m10[39m,
    cellHeightPx: [33m20[39m
  }
}

[90mstdout[2m | src/components/NativeTerminalPane.lifecycle.test.tsx[2m > [22m[2mNativeTerminalPane compositor ownership lifecycle[2m > [22m[2mdoes not publish a stale retry receipt after replacement
[22m[39m[ferryx:switch] {
  runId: [32m'2d35f100-b825-4aa3-adc5-820254f2b769'[39m,
  sequence: [33m64[39m,
  event: [32m'terminal.surface.input.accepted'[39m,
  wallTimeMs: [33m1791095749582[39m,
  details: {
    operationId: [32m'req-493154ab-owner-a-8'[39m,
    backendSessionId: [32m'owner-a'[39m,
    paneIdentity: [1mnull[22m,
    bindingKey: [1mnull[22m,
    attemptGeneration: [1mnull[22m,
    daemonEpoch: [1mnull[22m,
    incarnation: [1mnull[22m,
    payloadBytes: [33m1[39m,
    queuedAt: [33m1791095749582[39m
  }
}
[ferryx:switch] {
  runId: [32m'2d35f100-b825-4aa3-adc5-820254f2b769'[39m,
  sequence: [33m65[39m,
  event: [32m'terminal.surface.input.dispatch'[39m,
  wallTimeMs: [33m1791095749582[39m,
  details: {
    operationId: [32m'req-493154ab-owner-a-8'[39m,
    backendSessionId: [32m'owner-a'[39m,
    paneIdentity: [1mnull[22m,
    bindingKey: [1mnull[22m,
    attemptGeneration: [1mnull[22m,
    daemonEpoch: [1mnull[22m,
    incarnation: [1mnull[22m,
    dispatchedAt: [33m1791095749582[39m
  }
}

[90mstdout[2m | src/components/NativeTerminalPane.lifecycle.test.tsx[2m > [22m[2mNativeTerminalPane compositor ownership lifecycle[2m > [22m[2mdoes not publish a stale retry receipt after replacement
[22m[39m[ferryx:switch] {
  runId: [32m'2d35f100-b825-4aa3-adc5-820254f2b769'[39m,
  sequence: [33m66[39m,
  event: [32m'terminal.surface.input.error.recovering'[39m,
  wallTimeMs: [33m1791095749582[39m,
  details: { backendSessionId: [32m'owner-a'[39m, error: [32m'[object Object]'[39m }
}

[90mstdout[2m | src/components/NativeTerminalPane.lifecycle.test.tsx[2m > [22m[2mNativeTerminalPane compositor ownership lifecycle[2m > [22m[2mdoes not publish a stale retry receipt after replacement
[22m[39m[ferryx:switch] {
  runId: [32m'2d35f100-b825-4aa3-adc5-820254f2b769'[39m,
  sequence: [33m67[39m,
  event: [32m'terminal.surface.input.accepted'[39m,
  wallTimeMs: [33m1791095749582[39m,
  details: {
    operationId: [32m'req-493154ab-owner-a-9'[39m,
    backendSessionId: [32m'owner-a'[39m,
    paneIdentity: [1mnull[22m,
    bindingKey: [1mnull[22m,
    attemptGeneration: [1mnull[22m,
    daemonEpoch: [1mnull[22m,
    incarnation: [1mnull[22m,
    payloadBytes: [33m1[39m,
    queuedAt: [33m1791095749582[39m
  }
}
[ferryx:switch] {
  runId: [32m'2d35f100-b825-4aa3-adc5-820254f2b769'[39m,
  sequence: [33m68[39m,
  event: [32m'terminal.surface.input.dispatch'[39m,
  wallTimeMs: [33m1791095749582[39m,
  details: {
    operationId: [32m'req-493154ab-owner-a-9'[39m,
    backendSessionId: [32m'owner-a'[39m,
    paneIdentity: [1mnull[22m,
    bindingKey: [1mnull[22m,
    attemptGeneration: [1mnull[22m,
    daemonEpoch: [1mnull[22m,
    incarnation: [1mnull[22m,
    dispatchedAt: [33m1791095749582[39m
  }
}

[90mstdout[2m | src/components/NativeTerminalPane.lifecycle.test.tsx[2m > [22m[2mNativeTerminalPane compositor ownership lifecycle[2m > [22m[2mdoes not publish a stale retry receipt after replacement
[22m[39m[ferryx:switch] {
  runId: [32m'2d35f100-b825-4aa3-adc5-820254f2b769'[39m,
  sequence: [33m69[39m,
  event: [32m'terminal.surface.presentation.stale'[39m,
  wallTimeMs: [33m1791095749583[39m,
  details: {
    localSessionId: [90mundefined[39m,
    backendSessionId: [32m'owner-b'[39m,
    paneIdentity: [32m'frontend-owner-b'[39m,
    bindingKey: [32m'owner-b::0:'[39m,
    attemptGeneration: [33m0[39m,
    currentPaneIdentity: [32m'frontend-owner-b'[39m,
    currentBackendSessionId: [32m'owner-b'[39m,
    currentBindingKey: [32m'owner-b::0:'[39m
  }
}
[ferryx:switch] {
  runId: [32m'2d35f100-b825-4aa3-adc5-820254f2b769'[39m,
  sequence: [33m70[39m,
  event: [32m'terminal.surface.presented'[39m,
  wallTimeMs: [33m1791095749583[39m,
  details: {
    localSessionId: [90mundefined[39m,
    backendSessionId: [32m'owner-b'[39m,
    cursorCol: [33m2[39m,
    cursorRow: [33m3[39m,
    cellWidthPx: [33m10[39m,
    cellHeightPx: [33m20[39m
  }
}

[90mstdout[2m | src/components/NativeTerminalPane.lifecycle.test.tsx[2m > [22m[2mNativeTerminalPane compositor ownership lifecycle[2m > [22m[2mdoes not publish a stale retry error after replacement
[22m[39m[ferryx:switch] {
  runId: [32m'2d35f100-b825-4aa3-adc5-820254f2b769'[39m,
  sequence: [33m71[39m,
  event: [32m'terminal.surface.presentation.stale'[39m,
  wallTimeMs: [33m1791095749584[39m,
  details: {
    localSessionId: [90mundefined[39m,
    backendSessionId: [32m'owner-a'[39m,
    paneIdentity: [32m'frontend-owner-a'[39m,
    bindingKey: [32m'owner-a::0:'[39m,
    attemptGeneration: [33m0[39m,
    currentPaneIdentity: [32m'frontend-owner-a'[39m,
    currentBackendSessionId: [32m'owner-a'[39m,
    currentBindingKey: [32m'owner-a::0:'[39m
  }
}
[ferryx:switch] {
  runId: [32m'2d35f100-b825-4aa3-adc5-820254f2b769'[39m,
  sequence: [33m72[39m,
  event: [32m'terminal.surface.presented'[39m,
  wallTimeMs: [33m1791095749584[39m,
  details: {
    localSessionId: [90mundefined[39m,
    backendSessionId: [32m'owner-a'[39m,
    cursorCol: [33m2[39m,
    cursorRow: [33m3[39m,
    cellWidthPx: [33m10[39m,
    cellHeightPx: [33m20[39m
  }
}

[90mstdout[2m | src/components/NativeTerminalPane.lifecycle.test.tsx[2m > [22m[2mNativeTerminalPane compositor ownership lifecycle[2m > [22m[2mdoes not publish a stale retry error after replacement
[22m[39m[ferryx:switch] {
  runId: [32m'2d35f100-b825-4aa3-adc5-820254f2b769'[39m,
  sequence: [33m73[39m,
  event: [32m'terminal.surface.input.accepted'[39m,
  wallTimeMs: [33m1791095749585[39m,
  details: {
    operationId: [32m'req-493154ab-owner-a-10'[39m,
    backendSessionId: [32m'owner-a'[39m,
    paneIdentity: [1mnull[22m,
    bindingKey: [1mnull[22m,
    attemptGeneration: [1mnull[22m,
    daemonEpoch: [1mnull[22m,
    incarnation: [1mnull[22m,
    payloadBytes: [33m1[39m,
    queuedAt: [33m1791095749585[39m
  }
}
[ferryx:switch] {
  runId: [32m'2d35f100-b825-4aa3-adc5-820254f2b769'[39m,
  sequence: [33m74[39m,
  event: [32m'terminal.surface.input.dispatch'[39m,
  wallTimeMs: [33m1791095749585[39m,
  details: {
    operationId: [32m'req-493154ab-owner-a-10'[39m,
    backendSessionId: [32m'owner-a'[39m,
    paneIdentity: [1mnull[22m,
    bindingKey: [1mnull[22m,
    attemptGeneration: [1mnull[22m,
    daemonEpoch: [1mnull[22m,
    incarnation: [1mnull[22m,
    dispatchedAt: [33m1791095749585[39m
  }
}

[90mstdout[2m | src/components/NativeTerminalPane.lifecycle.test.tsx[2m > [22m[2mNativeTerminalPane compositor ownership lifecycle[2m > [22m[2mdoes not publish a stale retry error after replacement
[22m[39m[ferryx:switch] {
  runId: [32m'2d35f100-b825-4aa3-adc5-820254f2b769'[39m,
  sequence: [33m75[39m,
  event: [32m'terminal.surface.input.error.recovering'[39m,
  wallTimeMs: [33m1791095749585[39m,
  details: { backendSessionId: [32m'owner-a'[39m, error: [32m'[object Object]'[39m }
}

[90mstdout[2m | src/components/NativeTerminalPane.lifecycle.test.tsx[2m > [22m[2mNativeTerminalPane compositor ownership lifecycle[2m > [22m[2mdoes not publish a stale retry error after replacement
[22m[39m[ferryx:switch] {
  runId: [32m'2d35f100-b825-4aa3-adc5-820254f2b769'[39m,
  sequence: [33m76[39m,
  event: [32m'terminal.surface.input.accepted'[39m,
  wallTimeMs: [33m1791095749585[39m,
  details: {
    operationId: [32m'req-493154ab-owner-a-11'[39m,
    backendSessionId: [32m'owner-a'[39m,
    paneIdentity: [1mnull[22m,
    bindingKey: [1mnull[22m,
    attemptGeneration: [1mnull[22m,
    daemonEpoch: [1mnull[22m,
    incarnation: [1mnull[22m,
    payloadBytes: [33m1[39m,
    queuedAt: [33m1791095749585[39m
  }
}
[ferryx:switch] {
  runId: [32m'2d35f100-b825-4aa3-adc5-820254f2b769'[39m,
  sequence: [33m77[39m,
  event: [32m'terminal.surface.input.dispatch'[39m,
  wallTimeMs: [33m1791095749585[39m,
  details: {
    operationId: [32m'req-493154ab-owner-a-11'[39m,
    backendSessionId: [32m'owner-a'[39m,
    paneIdentity: [1mnull[22m,
    bindingKey: [1mnull[22m,
    attemptGeneration: [1mnull[22m,
    daemonEpoch: [1mnull[22m,
    incarnation: [1mnull[22m,
    dispatchedAt: [33m1791095749585[39m
  }
}

[90mstdout[2m | src/components/NativeTerminalPane.lifecycle.test.tsx[2m > [22m[2mNativeTerminalPane compositor ownership lifecycle[2m > [22m[2mdoes not publish a stale retry error after replacement
[22m[39m[ferryx:switch] {
  runId: [32m'2d35f100-b825-4aa3-adc5-820254f2b769'[39m,
  sequence: [33m78[39m,
  event: [32m'terminal.surface.presentation.stale'[39m,
  wallTimeMs: [33m1791095749586[39m,
  details: {
    localSessionId: [90mundefined[39m,
    backendSessionId: [32m'owner-b'[39m,
    paneIdentity: [32m'frontend-owner-b'[39m,
    bindingKey: [32m'owner-b::0:'[39m,
    attemptGeneration: [33m0[39m,
    currentPaneIdentity: [32m'frontend-owner-b'[39m,
    currentBackendSessionId: [32m'owner-b'[39m,
    currentBindingKey: [32m'owner-b::0:'[39m
  }
}
[ferryx:switch] {
  runId: [32m'2d35f100-b825-4aa3-adc5-820254f2b769'[39m,
  sequence: [33m79[39m,
  event: [32m'terminal.surface.presented'[39m,
  wallTimeMs: [33m1791095749586[39m,
  details: {
    localSessionId: [90mundefined[39m,
    backendSessionId: [32m'owner-b'[39m,
    cursorCol: [33m2[39m,
    cursorRow: [33m3[39m,
    cellWidthPx: [33m10[39m,
    cellHeightPx: [33m20[39m
  }
}

[90mstdout[2m | src/components/NativeTerminalPane.lifecycle.test.tsx[2m > [22m[2mNativeTerminalPane compositor ownership lifecycle[2m > [22m[2mshares one recovery for concurrent inputs from a live owner
[22m[39m[ferryx:switch] {
  runId: [32m'2d35f100-b825-4aa3-adc5-820254f2b769'[39m,
  sequence: [33m80[39m,
  event: [32m'terminal.surface.presentation.stale'[39m,
  wallTimeMs: [33m1791095749587[39m,
  details: {
    localSessionId: [90mundefined[39m,
    backendSessionId: [32m'owner-a'[39m,
    paneIdentity: [32m'frontend-owner-a'[39m,
    bindingKey: [32m'owner-a::0:'[39m,
    attemptGeneration: [33m0[39m,
    currentPaneIdentity: [32m'frontend-owner-a'[39m,
    currentBackendSessionId: [32m'owner-a'[39m,
    currentBindingKey: [32m'owner-a::0:'[39m
  }
}
[ferryx:switch] {
  runId: [32m'2d35f100-b825-4aa3-adc5-820254f2b769'[39m,
  sequence: [33m81[39m,
  event: [32m'terminal.surface.presented'[39m,
  wallTimeMs: [33m1791095749587[39m,
  details: {
    localSessionId: [90mundefined[39m,
    backendSessionId: [32m'owner-a'[39m,
    cursorCol: [33m2[39m,
    cursorRow: [33m3[39m,
    cellWidthPx: [33m10[39m,
    cellHeightPx: [33m20[39m
  }
}

[90mstdout[2m | src/components/NativeTerminalPane.lifecycle.test.tsx[2m > [22m[2mNativeTerminalPane compositor ownership lifecycle[2m > [22m[2mshares one recovery for concurrent inputs from a live owner
[22m[39m[ferryx:switch] {
  runId: [32m'2d35f100-b825-4aa3-adc5-820254f2b769'[39m,
  sequence: [33m82[39m,
  event: [32m'terminal.surface.input.accepted'[39m,
  wallTimeMs: [33m1791095749588[39m,
  details: {
    operationId: [32m'req-493154ab-owner-a-12'[39m,
    backendSessionId: [32m'owner-a'[39m,
    paneIdentity: [1mnull[22m,
    bindingKey: [1mnull[22m,
    attemptGeneration: [1mnull[22m,
    daemonEpoch: [1mnull[22m,
    incarnation: [1mnull[22m,
    payloadBytes: [33m1[39m,
    queuedAt: [33m1791095749588[39m
  }
}
[ferryx:switch] {
  runId: [32m'2d35f100-b825-4aa3-adc5-820254f2b769'[39m,
  sequence: [33m83[39m,
  event: [32m'terminal.surface.input.dispatch'[39m,
  wallTimeMs: [33m1791095749588[39m,
  details: {
    operationId: [32m'req-493154ab-owner-a-12'[39m,
    backendSessionId: [32m'owner-a'[39m,
    paneIdentity: [1mnull[22m,
    bindingKey: [1mnull[22m,
    attemptGeneration: [1mnull[22m,
    daemonEpoch: [1mnull[22m,
    incarnation: [1mnull[22m,
    dispatchedAt: [33m1791095749588[39m
  }
}

[90mstdout[2m | src/components/NativeTerminalPane.lifecycle.test.tsx[2m > [22m[2mNativeTerminalPane compositor ownership lifecycle[2m > [22m[2mshares one recovery for concurrent inputs from a live owner
[22m[39m[ferryx:switch] {
  runId: [32m'2d35f100-b825-4aa3-adc5-820254f2b769'[39m,
  sequence: [33m84[39m,
  event: [32m'terminal.surface.input.accepted'[39m,
  wallTimeMs: [33m1791095749588[39m,
  details: {
    operationId: [32m'req-493154ab-owner-a-13'[39m,
    backendSessionId: [32m'owner-a'[39m,
    paneIdentity: [1mnull[22m,
    bindingKey: [1mnull[22m,
    attemptGeneration: [1mnull[22m,
    daemonEpoch: [1mnull[22m,
    incarnation: [1mnull[22m,
    payloadBytes: [33m1[39m,
    queuedAt: [33m1791095749588[39m
  }
}

[90mstdout[2m | src/components/NativeTerminalPane.lifecycle.test.tsx[2m > [22m[2mNativeTerminalPane compositor ownership lifecycle[2m > [22m[2mshares one recovery for concurrent inputs from a live owner
[22m[39m[ferryx:switch] {
  runId: [32m'2d35f100-b825-4aa3-adc5-820254f2b769'[39m,
  sequence: [33m85[39m,
  event: [32m'terminal.surface.input.dispatch'[39m,
  wallTimeMs: [33m1791095749588[39m,
  details: {
    operationId: [32m'req-493154ab-owner-a-13'[39m,
    backendSessionId: [32m'owner-a'[39m,
    paneIdentity: [1mnull[22m,
    bindingKey: [1mnull[22m,
    attemptGeneration: [1mnull[22m,
    daemonEpoch: [1mnull[22m,
    incarnation: [1mnull[22m,
    dispatchedAt: [33m1791095749588[39m
  }
}
[ferryx:switch] {
  runId: [32m'2d35f100-b825-4aa3-adc5-820254f2b769'[39m,
  sequence: [33m86[39m,
  event: [32m'terminal.surface.input.error.recovering'[39m,
  wallTimeMs: [33m1791095749588[39m,
  details: { backendSessionId: [32m'owner-a'[39m, error: [32m'[object Object]'[39m }
}

[90mstdout[2m | src/components/NativeTerminalPane.lifecycle.test.tsx[2m > [22m[2mNativeTerminalPane compositor ownership lifecycle[2m > [22m[2mshares one recovery for concurrent inputs from a live owner
[22m[39m[ferryx:switch] {
  runId: [32m'2d35f100-b825-4aa3-adc5-820254f2b769'[39m,
  sequence: [33m87[39m,
  event: [32m'terminal.surface.input.error.recovering'[39m,
  wallTimeMs: [33m1791095749589[39m,
  details: { backendSessionId: [32m'owner-a'[39m, error: [32m'[object Object]'[39m }
}

[90mstdout[2m | src/components/NativeTerminalPane.lifecycle.test.tsx[2m > [22m[2mNativeTerminalPane compositor ownership lifecycle[2m > [22m[2mshares one recovery for concurrent inputs from a live owner
[22m[39m[ferryx:switch] {
  runId: [32m'2d35f100-b825-4aa3-adc5-820254f2b769'[39m,
  sequence: [33m88[39m,
  event: [32m'terminal.surface.input.accepted'[39m,
  wallTimeMs: [33m1791095749589[39m,
  details: {
    operationId: [32m'req-493154ab-owner-a-14'[39m,
    backendSessionId: [32m'owner-a'[39m,
    paneIdentity: [1mnull[22m,
    bindingKey: [1mnull[22m,
    attemptGeneration: [1mnull[22m,
    daemonEpoch: [1mnull[22m,
    incarnation: [1mnull[22m,
    payloadBytes: [33m1[39m,
    queuedAt: [33m1791095749589[39m
  }
}
[ferryx:switch] {
  runId: [32m'2d35f100-b825-4aa3-adc5-820254f2b769'[39m,
  sequence: [33m89[39m,
  event: [32m'terminal.surface.input.dispatch'[39m,
  wallTimeMs: [33m1791095749589[39m,
  details: {
    operationId: [32m'req-493154ab-owner-a-14'[39m,
    backendSessionId: [32m'owner-a'[39m,
    paneIdentity: [1mnull[22m,
    bindingKey: [1mnull[22m,
    attemptGeneration: [1mnull[22m,
    daemonEpoch: [1mnull[22m,
    incarnation: [1mnull[22m,
    dispatchedAt: [33m1791095749589[39m
  }
}
[ferryx:switch] {
  runId: [32m'2d35f100-b825-4aa3-adc5-820254f2b769'[39m,
  sequence: [33m90[39m,
  event: [32m'terminal.surface.input.accepted'[39m,
  wallTimeMs: [33m1791095749589[39m,
  details: {
    operationId: [32m'req-493154ab-owner-a-15'[39m,
    backendSessionId: [32m'owner-a'[39m,
    paneIdentity: [1mnull[22m,
    bindingKey: [1mnull[22m,
    attemptGeneration: [1mnull[22m,
    daemonEpoch: [1mnull[22m,
    incarnation: [1mnull[22m,
    payloadBytes: [33m1[39m,
    queuedAt: [33m1791095749589[39m
  }
}

[90mstdout[2m | src/components/NativeTerminalPane.lifecycle.test.tsx[2m > [22m[2mNativeTerminalPane compositor ownership lifecycle[2m > [22m[2mshares one recovery for concurrent inputs from a live owner
[22m[39m[ferryx:switch] {
  runId: [32m'2d35f100-b825-4aa3-adc5-820254f2b769'[39m,
  sequence: [33m91[39m,
  event: [32m'terminal.surface.input.dispatch'[39m,
  wallTimeMs: [33m1791095749589[39m,
  details: {
    operationId: [32m'req-493154ab-owner-a-15'[39m,
    backendSessionId: [32m'owner-a'[39m,
    paneIdentity: [1mnull[22m,
    bindingKey: [1mnull[22m,
    attemptGeneration: [1mnull[22m,
    daemonEpoch: [1mnull[22m,
    incarnation: [1mnull[22m,
    dispatchedAt: [33m1791095749589[39m
  }
}
[ferryx:switch] {
  runId: [32m'2d35f100-b825-4aa3-adc5-820254f2b769'[39m,
  sequence: [33m92[39m,
  event: [32m'terminal.surface.input.sent'[39m,
  wallTimeMs: [33m1791095749589[39m,
  details: { backendSessionId: [32m'owner-a'[39m, hasKeyEvent: [33mfalse[39m, textLength: [33m1[39m }
}

[90mstdout[2m | src/components/NativeTerminalPane.lifecycle.test.tsx[2m > [22m[2mNativeTerminalPane compositor ownership lifecycle[2m > [22m[2mshares one recovery for concurrent inputs from a live owner
[22m[39m[ferryx:switch] {
  runId: [32m'2d35f100-b825-4aa3-adc5-820254f2b769'[39m,
  sequence: [33m93[39m,
  event: [32m'terminal.surface.input.sent'[39m,
  wallTimeMs: [33m1791095749589[39m,
  details: { backendSessionId: [32m'owner-a'[39m, hasKeyEvent: [33mfalse[39m, textLength: [33m1[39m }
}

[90mstdout[2m | src/components/NativeTerminalPane.lifecycle.test.tsx[2m > [22m[2mNativeTerminalPane compositor ownership lifecycle[2m > [22m[2mdoes not replay Ctrl+C when delivery is ambiguous: {}
[22m[39m[ferryx:switch] {
  runId: [32m'2d35f100-b825-4aa3-adc5-820254f2b769'[39m,
  sequence: [33m94[39m,
  event: [32m'terminal.surface.presentation.stale'[39m,
  wallTimeMs: [33m1791095749591[39m,
  details: {
    localSessionId: [90mundefined[39m,
    backendSessionId: [32m'accepted-input'[39m,
    paneIdentity: [32m'frontend-accepted-input'[39m,
    bindingKey: [32m'accepted-input::0:'[39m,
    attemptGeneration: [33m0[39m,
    currentPaneIdentity: [32m'frontend-accepted-input'[39m,
    currentBackendSessionId: [32m'accepted-input'[39m,
    currentBindingKey: [32m'accepted-input::0:'[39m
  }
}
[ferryx:switch] {
  runId: [32m'2d35f100-b825-4aa3-adc5-820254f2b769'[39m,
  sequence: [33m95[39m,
  event: [32m'terminal.surface.presented'[39m,
  wallTimeMs: [33m1791095749591[39m,
  details: {
    localSessionId: [90mundefined[39m,
    backendSessionId: [32m'accepted-input'[39m,
    cursorCol: [33m2[39m,
    cursorRow: [33m3[39m,
    cellWidthPx: [33m10[39m,
    cellHeightPx: [33m20[39m
  }
}

[90mstdout[2m | src/components/NativeTerminalPane.lifecycle.test.tsx[2m > [22m[2mNativeTerminalPane compositor ownership lifecycle[2m > [22m[2mdoes not replay Ctrl+C when delivery is ambiguous: {}
[22m[39m[ferryx:switch] {
  runId: [32m'2d35f100-b825-4aa3-adc5-820254f2b769'[39m,
  sequence: [33m96[39m,
  event: [32m'terminal.surface.input.accepted'[39m,
  wallTimeMs: [33m1791095749595[39m,
  details: {
    operationId: [32m'req-493154ab-accepted-input-16'[39m,
    backendSessionId: [32m'accepted-input'[39m,
    paneIdentity: [1mnull[22m,
    bindingKey: [1mnull[22m,
    attemptGeneration: [1mnull[22m,
    daemonEpoch: [1mnull[22m,
    incarnation: [1mnull[22m,
    payloadBytes: [33m32[39m,
    queuedAt: [33m1791095749595[39m
  }
}
[ferryx:switch] {
  runId: [32m'2d35f100-b825-4aa3-adc5-820254f2b769'[39m,
  sequence: [33m97[39m,
  event: [32m'terminal.surface.input.dispatch'[39m,
  wallTimeMs: [33m1791095749595[39m,
  details: {
    operationId: [32m'req-493154ab-accepted-input-16'[39m,
    backendSessionId: [32m'accepted-input'[39m,
    paneIdentity: [1mnull[22m,
    bindingKey: [1mnull[22m,
    attemptGeneration: [1mnull[22m,
    daemonEpoch: [1mnull[22m,
    incarnation: [1mnull[22m,
    dispatchedAt: [33m1791095749595[39m
  }
}

[90mstderr[2m | src/components/NativeTerminalPane.lifecycle.test.tsx[2m > [22m[2mNativeTerminalPane compositor ownership lifecycle[2m > [22m[2mdoes not replay Ctrl+C when delivery is ambiguous: {}
[22m[39mNative terminal IPC command failed {
  command: [32m'cmd_native_terminal_send_input'[39m,
  error: Error: Input receipt failed after delivery
      at [90mC:\Users\sook\ferryx-pane-completion\source-21dea3c0\ui\[39msrc\components\NativeTerminalPane.lifecycle.test.tsx:616:5
      at [90mfile:///C:/Users/sook/ferryx-pane-completion/source-21dea3c0/ui/[39mnode_modules/[4m@vitest/runner[24m/dist/chunk-hooks.js:734:40
      at runWithSuite [90m(file:///C:/Users/sook/ferryx-pane-completion/source-21dea3c0/ui/[39mnode_modules/[4m@vitest/runner[24m/dist/chunk-hooks.js:1849:8[90m)[39m
      at Object.collect [90m(file:///C:/Users/sook/ferryx-pane-completion/source-21dea3c0/ui/[39mnode_modules/[4m@vitest/runner[24m/dist/chunk-hooks.js:734:10[90m)[39m
      at Object.collect [90m(file:///C:/Users/sook/ferryx-pane-completion/source-21dea3c0/ui/[39mnode_modules/[4m@vitest/runner[24m/dist/chunk-hooks.js:738:54[90m)[39m
  [90m    at processTicksAndRejections (node:internal/process/task_queues:104:5)[39m
      at collectTests [90m(file:///C:/Users/sook/ferryx-pane-completion/source-21dea3c0/ui/[39mnode_modules/[4m@vitest/runner[24m/dist/chunk-hooks.js:1179:25[90m)[39m
      at startTests [90m(file:///C:/Users/sook/ferryx-pane-completion/source-21dea3c0/ui/[39mnode_modules/[4m@vitest/runner[24m/dist/chunk-hooks.js:1817:17[90m)[39m
      at [90mfile:///C:/Users/sook/ferryx-pane-completion/source-21dea3c0/ui/[39mnode_modules/[4mvitest[24m/dist/chunks/runBaseTests.9Ij9_de-.js:117:26
      at withEnv [90m(file:///C:/Users/sook/ferryx-pane-completion/source-21dea3c0/ui/[39mnode_modules/[4mvitest[24m/dist/chunks/runBaseTests.9Ij9_de-.js:84:3[90m)[39m
}

[90mstdout[2m | src/components/NativeTerminalPane.lifecycle.test.tsx[2m > [22m[2mNativeTerminalPane compositor ownership lifecycle[2m > [22m[2mdoes not replay Ctrl+C when delivery is ambiguous: {}
[22m[39m[ferryx:switch] {
  runId: [32m'2d35f100-b825-4aa3-adc5-820254f2b769'[39m,
  sequence: [33m98[39m,
  event: [32m'terminal.surface.input.failed'[39m,
  wallTimeMs: [33m1791095749595[39m,
  details: {
    backendSessionId: [32m'accepted-input'[39m,
    error: [32m'Error: Input receipt failed after delivery'[39m
  }
}

[90mstdout[2m | src/components/NativeTerminalPane.lifecycle.test.tsx[2m > [22m[2mNativeTerminalPane compositor ownership lifecycle[2m > [22m[2mdoes not replay Ctrl+C when delivery is ambiguous: {"code":"INTERNAL_ERROR","message":"Receipt unavailable"}
[22m[39m[ferryx:switch] {
  runId: [32m'2d35f100-b825-4aa3-adc5-820254f2b769'[39m,
  sequence: [33m99[39m,
  event: [32m'terminal.surface.presentation.stale'[39m,
  wallTimeMs: [33m1791095749601[39m,
  details: {
    localSessionId: [90mundefined[39m,
    backendSessionId: [32m'accepted-input'[39m,
    paneIdentity: [32m'frontend-accepted-input'[39m,
    bindingKey: [32m'accepted-input::0:'[39m,
    attemptGeneration: [33m0[39m,
    currentPaneIdentity: [32m'frontend-accepted-input'[39m,
    currentBackendSessionId: [32m'accepted-input'[39m,
    currentBindingKey: [32m'accepted-input::0:'[39m
  }
}
[ferryx:switch] {
  runId: [32m'2d35f100-b825-4aa3-adc5-820254f2b769'[39m,
  sequence: [33m100[39m,
  event: [32m'terminal.surface.presented'[39m,
  wallTimeMs: [33m1791095749601[39m,
  details: {
    localSessionId: [90mundefined[39m,
    backendSessionId: [32m'accepted-input'[39m,
    cursorCol: [33m2[39m,
    cursorRow: [33m3[39m,
    cellWidthPx: [33m10[39m,
    cellHeightPx: [33m20[39m
  }
}

[90mstdout[2m | src/components/NativeTerminalPane.lifecycle.test.tsx[2m > [22m[2mNativeTerminalPane compositor ownership lifecycle[2m > [22m[2mdoes not replay Ctrl+C when delivery is ambiguous: {"code":"INTERNAL_ERROR","message":"Receipt unavailable"}
[22m[39m[ferryx:switch] {
  runId: [32m'2d35f100-b825-4aa3-adc5-820254f2b769'[39m,
  sequence: [33m101[39m,
  event: [32m'terminal.surface.input.accepted'[39m,
  wallTimeMs: [33m1791095749602[39m,
  details: {
    operationId: [32m'req-493154ab-accepted-input-17'[39m,
    backendSessionId: [32m'accepted-input'[39m,
    paneIdentity: [1mnull[22m,
    bindingKey: [1mnull[22m,
    attemptGeneration: [1mnull[22m,
    daemonEpoch: [1mnull[22m,
    incarnation: [1mnull[22m,
    payloadBytes: [33m32[39m,
    queuedAt: [33m1791095749602[39m
  }
}
[ferryx:switch] {
  runId: [32m'2d35f100-b825-4aa3-adc5-820254f2b769'[39m,
  sequence: [33m102[39m,
  event: [32m'terminal.surface.input.dispatch'[39m,
  wallTimeMs: [33m1791095749602[39m,
  details: {
    operationId: [32m'req-493154ab-accepted-input-17'[39m,
    backendSessionId: [32m'accepted-input'[39m,
    paneIdentity: [1mnull[22m,
    bindingKey: [1mnull[22m,
    attemptGeneration: [1mnull[22m,
    daemonEpoch: [1mnull[22m,
    incarnation: [1mnull[22m,
    dispatchedAt: [33m1791095749602[39m
  }
}

[90mstderr[2m | src/components/NativeTerminalPane.lifecycle.test.tsx[2m > [22m[2mNativeTerminalPane compositor ownership lifecycle[2m > [22m[2mdoes not replay Ctrl+C when delivery is ambiguous: {"code":"INTERNAL_ERROR","message":"Receipt unavailable"}
[22m[39mNative terminal IPC command failed {
  command: [32m'cmd_native_terminal_send_input'[39m,
  error: { code: [32m'INTERNAL_ERROR'[39m, message: [32m'Receipt unavailable'[39m }
}

[90mstdout[2m | src/components/NativeTerminalPane.lifecycle.test.tsx[2m > [22m[2mNativeTerminalPane compositor ownership lifecycle[2m > [22m[2mdoes not replay Ctrl+C when delivery is ambiguous: {"code":"INTERNAL_ERROR","message":"Receipt unavailable"}
[22m[39m[ferryx:switch] {
  runId: [32m'2d35f100-b825-4aa3-adc5-820254f2b769'[39m,
  sequence: [33m103[39m,
  event: [32m'terminal.surface.input.failed'[39m,
  wallTimeMs: [33m1791095749602[39m,
  details: { backendSessionId: [32m'accepted-input'[39m, error: [32m'[object Object]'[39m }
}

[90mstdout[2m | src/components/NativeTerminalPane.lifecycle.test.tsx[2m > [22m[2mNativeTerminalPane compositor ownership lifecycle[2m > [22m[2mdoes not replay Ctrl+C when delivery is ambiguous: {"code":"PTY_IO_ERROR","message":"Write acknowledgement unavailable","details":{"inputWritten":true}}
[22m[39m[ferryx:switch] {
  runId: [32m'2d35f100-b825-4aa3-adc5-820254f2b769'[39m,
  sequence: [33m104[39m,
  event: [32m'terminal.surface.presentation.stale'[39m,
  wallTimeMs: [33m1791095749605[39m,
  details: {
    localSessionId: [90mundefined[39m,
    backendSessionId: [32m'accepted-input'[39m,
    paneIdentity: [32m'frontend-accepted-input'[39m,
    bindingKey: [32m'accepted-input::0:'[39m,
    attemptGeneration: [33m0[39m,
    currentPaneIdentity: [32m'frontend-accepted-input'[39m,
    currentBackendSessionId: [32m'accepted-input'[39m,
    currentBindingKey: [32m'accepted-input::0:'[39m
  }
}
[ferryx:switch] {
  runId: [32m'2d35f100-b825-4aa3-adc5-820254f2b769'[39m,
  sequence: [33m105[39m,
  event: [32m'terminal.surface.presented'[39m,
  wallTimeMs: [33m1791095749605[39m,
  details: {
    localSessionId: [90mundefined[39m,
    backendSessionId: [32m'accepted-input'[39m,
    cursorCol: [33m2[39m,
    cursorRow: [33m3[39m,
    cellWidthPx: [33m10[39m,
    cellHeightPx: [33m20[39m
  }
}

[90mstdout[2m | src/components/NativeTerminalPane.lifecycle.test.tsx[2m > [22m[2mNativeTerminalPane compositor ownership lifecycle[2m > [22m[2mdoes not replay Ctrl+C when delivery is ambiguous: {"code":"PTY_IO_ERROR","message":"Write acknowledgement unavailable","details":{"inputWritten":true}}
[22m[39m[ferryx:switch] {
  runId: [32m'2d35f100-b825-4aa3-adc5-820254f2b769'[39m,
  sequence: [33m106[39m,
  event: [32m'terminal.surface.input.accepted'[39m,
  wallTimeMs: [33m1791095749606[39m,
  details: {
    operationId: [32m'req-493154ab-accepted-input-18'[39m,
    backendSessionId: [32m'accepted-input'[39m,
    paneIdentity: [1mnull[22m,
    bindingKey: [1mnull[22m,
    attemptGeneration: [1mnull[22m,
    daemonEpoch: [1mnull[22m,
    incarnation: [1mnull[22m,
    payloadBytes: [33m32[39m,
    queuedAt: [33m1791095749606[39m
  }
}
[ferryx:switch] {
  runId: [32m'2d35f100-b825-4aa3-adc5-820254f2b769'[39m,
  sequence: [33m107[39m,
  event: [32m'terminal.surface.input.dispatch'[39m,
  wallTimeMs: [33m1791095749606[39m,
  details: {
    operationId: [32m'req-493154ab-accepted-input-18'[39m,
    backendSessionId: [32m'accepted-input'[39m,
    paneIdentity: [1mnull[22m,
    bindingKey: [1mnull[22m,
    attemptGeneration: [1mnull[22m,
    daemonEpoch: [1mnull[22m,
    incarnation: [1mnull[22m,
    dispatchedAt: [33m1791095749606[39m
  }
}

[90mstdout[2m | src/components/NativeTerminalPane.lifecycle.test.tsx[2m > [22m[2mNativeTerminalPane compositor ownership lifecycle[2m > [22m[2mretains the outgoing pane until a dropped frame is retried and presented
[22m[39m[ferryx:switch] {
  runId: [32m'2d35f100-b825-4aa3-adc5-820254f2b769'[39m,
  sequence: [33m108[39m,
  event: [32m'terminal.surface.presentation.stale'[39m,
  wallTimeMs: [33m1791095749608[39m,
  details: {
    localSessionId: [90mundefined[39m,
    backendSessionId: [32m'frame-outgoing'[39m,
    paneIdentity: [32m'frontend-frame-outgoing'[39m,
    bindingKey: [32m'frame-outgoing::0:'[39m,
    attemptGeneration: [33m0[39m,
    currentPaneIdentity: [32m'frontend-frame-outgoing'[39m,
    currentBackendSessionId: [32m'frame-outgoing'[39m,
    currentBindingKey: [32m'frame-outgoing::0:'[39m
  }
}
[ferryx:switch] {
  runId: [32m'2d35f100-b825-4aa3-adc5-820254f2b769'[39m,
  sequence: [33m109[39m,
  event: [32m'terminal.surface.presented'[39m,
  wallTimeMs: [33m1791095749608[39m,
  details: {
    localSessionId: [90mundefined[39m,
    backendSessionId: [32m'frame-outgoing'[39m,
    cursorCol: [33m0[39m,
    cursorRow: [33m0[39m,
    cellWidthPx: [33m10[39m,
    cellHeightPx: [33m20[39m
  }
}

[90mstdout[2m | src/components/NativeTerminalPane.lifecycle.test.tsx[2m > [22m[2mNativeTerminalPane compositor ownership lifecycle[2m > [22m[2mretains the outgoing pane until a dropped frame is retried and presented
[22m[39m[ferryx:switch] {
  runId: [32m'2d35f100-b825-4aa3-adc5-820254f2b769'[39m,
  sequence: [33m110[39m,
  event: [32m'terminal.surface.presentation.stale'[39m,
  wallTimeMs: [33m1791095749609[39m,
  details: {
    localSessionId: [90mundefined[39m,
    backendSessionId: [32m'frame-incoming'[39m,
    paneIdentity: [32m'frontend-frame-incoming'[39m,
    bindingKey: [32m'frame-incoming::0:'[39m,
    attemptGeneration: [33m0[39m,
    currentPaneIdentity: [32m'frontend-frame-incoming'[39m,
    currentBackendSessionId: [32m'frame-incoming'[39m,
    currentBindingKey: [32m'frame-incoming::0:'[39m
  }
}
[ferryx:switch] {
  runId: [32m'2d35f100-b825-4aa3-adc5-820254f2b769'[39m,
  sequence: [33m111[39m,
  event: [32m'terminal.surface.presented'[39m,
  wallTimeMs: [33m1791095749609[39m,
  details: {
    localSessionId: [90mundefined[39m,
    backendSessionId: [32m'frame-incoming'[39m,
    cursorCol: [33m0[39m,
    cursorRow: [33m0[39m,
    cellWidthPx: [33m10[39m,
    cellHeightPx: [33m20[39m
  }
}

 [32m✓[39m src/components/NativeTerminalPane.lifecycle.test.tsx [2m([22m[2m36 tests[22m[2m)[22m[33m 1503[2mms[22m[39m
 [32m✓[39m src/components/settings/RemoteSection.test.tsx [2m([22m[2m27 tests[22m[2m)[22m[33m 789[2mms[22m[39m
 [32m✓[39m src/components/TerminalSplitView.test.tsx [2m([22m[2m34 tests[22m[2m)[22m[33m 326[2mms[22m[39m
 [32m✓[39m src/components/settings/SshSection.test.tsx [2m([22m[2m31 tests[22m[2m)[22m[33m 626[2mms[22m[39m
 [32m✓[39m src/remote/browserProtocol.test.ts [2m([22m[2m59 tests[22m[2m)[22m[32m 19[2mms[22m[39m
 [32m✓[39m src/remote/RemoteBrowser.mobile.test.tsx [2m([22m[2m13 tests[22m[2m)[22m[33m 697[2mms[22m[39m
 [32m✓[39m src/remote/accountSession.test.ts [2m([22m[2m27 tests[22m[2m)[22m[32m 20[2mms[22m[39m
 [32m✓[39m src/components/Sidebar.test.tsx [2m([22m[2m39 tests[22m[2m)[22m[33m 674[2mms[22m[39m
[90mstderr[2m | src/remote/RemoteAppWorktreeRestore.test.tsx[2m > [22m[2mRemoteApp Account Worktree Follow-ups: Sign-out and Worktree Reload Restore[2m > [22m[2mItem A: explicit Sign out in the host drawer calls logoutAccountSession and clears storage even if network fetch rejects
[22m[39mAccount session logout request failed NetworkError when attempting to fetch resource.

 [32m✓[39m src/remote/RemoteAppWorktreeRestore.test.tsx [2m([22m[2m15 tests[22m[2m)[22m[33m 517[2mms[22m[39m
[90mstderr[2m | src/remote/RemoteApp.accountSession.test.tsx[2m > [22m[2mRemoteApp - Account Session Phone Flow[2m > [22m[2mrenders top context selector with empty initial body after login, then opens terminal pane on selecting worktree
[22m[39mCannot connect terminal: daemonEpoch is missing for session term-sess-77

[90mstderr[2m | src/remote/RemoteApp.accountSession.test.tsx[2m > [22m[2mRemoteApp - Account Session Phone Flow[2m > [22m[2mdoes not prematurely mount old terminal when chosen target is wsB while host state remains wsA
[22m[39mCannot connect terminal: daemonEpoch is missing for session sess-new-wsB

[90mstderr[2m | src/remote/RemoteApp.accountSession.test.tsx[2m > [22m[2mRemoteApp - Account Session Phone Flow[2m > [22m[2mdoes not prematurely mount old terminal when chosen target is wsB while host state remains wsA
[22m[39mCannot connect terminal: daemonEpoch is missing for session sess-new-wsB

[90mstderr[2m | src/remote/RemoteApp.accountSession.test.tsx[2m > [22m[2mRemoteApp - Account Session Phone Flow[2m > [22m[2mconfirms the selection when the desktop event lands while the post-select state read is in flight
[22m[39mCannot connect terminal: daemonEpoch is missing for session sess-new-wsB

 [32m✓[39m src/remote/RemoteApp.accountSession.test.tsx [2m([22m[2m5 tests[22m[2m)[22m[32m 282[2mms[22m[39m
[90mstderr[2m | src/state/workspaceRestore.test.tsx[2m > [22m[2mworkspaceRestore coordinator[2m > [22m[2mpreloads mixed local and paired layouts while the local daemon is unavailable
[22m[39mRemote restore deferred daemon reconciliation: Error: offline
    at [90mC:\Users\sook\ferryx-pane-completion\source-21dea3c0\ui\[39msrc\state\workspaceRestore.test.tsx:92:101
    at Module.preloadWorkspaceSnapshots [90m(C:\Users\sook\ferryx-pane-completion\source-21dea3c0\ui\[39msrc\state\workspaceRestore.ts:174:32[90m)[39m
[90m    at processTicksAndRejections (node:internal/process/task_queues:104:5)[39m
    at [90mC:\Users\sook\ferryx-pane-completion\source-21dea3c0\ui\[39msrc\state\workspaceRestore.test.tsx:92:5
    at [90mfile:///C:/Users/sook/ferryx-pane-completion/source-21dea3c0/ui/[39mnode_modules/[4m@vitest/runner[24m/dist/chunk-hooks.js:752:20

 [32m✓[39m src/state/workspaceRestore.test.tsx [2m([22m[2m20 tests[22m[2m)[22m[32m 39[2mms[22m[39m
 [31m❯[39m src/components/SettingsDialog.test.tsx [2m([22m[2m28 tests[22m[2m | [22m[31m1 failed[39m[2m)[22m[33m 2065[2mms[22m[39m
   [32m✓[39m SettingsDialog[2m > [22mis a full-view original-Orca-style nav/detail surface[32m 148[2mms[22m[39m
   [32m✓[39m SettingsDialog[2m > [22mpersists confirm before closing a tab checkbox in General settings[32m 43[2mms[22m[39m
   [32m✓[39m SettingsDialog[2m > [22mmoves the Ferryx CLI launcher card into the General section[32m 102[2mms[22m[39m
   [32m✓[39m SettingsDialog[2m > [22mhides the POSIX CLI instructions when the launcher is unsupported on this platform[32m 21[2mms[22m[39m
   [32m✓[39m SettingsDialog[2m > [22mkeeps the POSIX CLI instructions when the launcher is supported[32m 15[2mms[22m[39m
   [32m✓[39m SettingsDialog[2m > [22mpersists the show-sidebar-on-startup toggle[32m 35[2mms[22m[39m
[31m   [31m×[31m SettingsDialog[2m > [22mfetches Ghostty preferences and shows the effective terminal value/source[39m[32m 44[2mms[22m[39m
[31m     → Unable to find a label with the text of: macOS Option as Alt

Ignored nodes: comments, script, style
[36m<body>[31m
  [36m<div>[31m
    [36m<div[31m
      [33maria-label[31m=[32m"Settings"[31m
      [33maria-modal[31m=[32m"false"[31m
      [33mclass[31m=[32m"fixed inset-0 z-50 flex overflow-hidden bg-background text-foreground"[31m
      [33mrole[31m=[32m"dialog"[31m
    [36m>[31m
      [36m<aside[31m
        [33mclass[31m=[32m"flex w-[280px] shrink-0 flex-col border-r border-border bg-background"[31m
        [33mdata-testid[31m=[32m"settings-nav"[31m
      [36m>[31m
        [36m<div[31m
          [33mclass[31m=[32m"h-titlebar shrink-0"[31m
          [33mdata-tauri-drag-region[31m=[32m"true"[31m
        [36m/>[31m
        [36m<div[31m
          [33mclass[31m=[32m"px-3 pb-3 pt-2"[31m
        [36m>[31m
          [36m<button[31m
            [33mclass[31m=[32m"no-drag mb-5 flex h-8 w-full items-center gap-2 rounded-md px-2 text-left text-[13px] text-muted-foreground transition-colors hover:bg-accent hover:text-foreground"[31m
            [33mtype[31m=[32m"button"[31m
          [36m>[31m
            [36m<svg[31m
              [33mclass[31m=[32m"lucide lucide-arrow-left size-3.5"[31m
              [33mfill[31m=[32m"none"[31m
              [33mheight[31m=[32m"24"[31m
              [33mstroke[31m=[32m"currentColor"[31m
              [33mstroke-linecap[31m=[32m"round"[31m
              [33mstroke-linejoin[31m=[32m"round"[31m
              [33mstroke-width[31m=[32m"2"[31m
              [33mviewBox[31m=[32m"0 0 24 24"[31m
              [33mwidth[31m=[32m"24"[31m
              [33mxmlns[31m=[32m"http://www.w3.org/2000/svg"[31m
            [36m>[31m
              [36m<path[31m
                [33md[31m=[32m"m12 19-7-7 7-7"[31m
              [36m/>[31m
              [36m<path[31m
                [33md[31m=[32m"M19 12H5"[31m
              [36m/>[31m
            [36m</svg>[31m
            [0mBack to app[0m
          [36m</button>[31m
          [36m<div[31m
            [33mclass[31m=[32m"mb-2 px-2 text-[10px] font-semibold uppercase tracking-[0.08em] text-muted-foreground/55"[31m
          [36m>[31m
            [0mSettings[0m
          [36m</div>[31m
          [36m<nav[31m
            [33maria-label[31m=[32m"Settings sections"[31m
            [33mclass[31m=[32m"space-y-0.5"[31m
          [36m>[31m
            [36m<button[31m
              [33mclass[31m=[32m"no-drag flex h-8 w-full items-center gap-2 rounded-md px-2 text-left text-[13px] transition-colors text-muted-foreground hover:bg-accent/60 hover:text-foreground"[31m
              [33mtype[31m=[32m"button"[31m
            [36m>[31m
              [36m<span[31m
                [33mclass[31m=[32m"[&>svg]:size-3.5"[31m
              [36m>[31m
                [36m<svg[31m
                  [33mclass[31m=[32m"lucide lucide-settings2"[31m
                  [33mfill[31m=[32m"none"[31m
                  [33mheight[31m=[32m"24"[31m
                  [33mstroke[31m=[32m"currentColor"[31m
                  [33mstroke-linecap[31m=[32m"round"[31m
                  [33mstroke-linejoin[31m=[32m"round"[31m
                  [33mstroke-width[31m=[32m"2"[31m
                  [33mviewBox[31m=[32m"0 0 24 24"[31m
                  [33mwidth[31m=[32m"24"[31m
                  [33mxmlns[31m=[32m"http://www.w3.org/2000/svg"[31m
                [36m>[31m
                  [36m<path[31m
                    [33md[31m=[32m"M20 7h-9"[31m
                  [36m/>[31m
                  [36m<path[31m
                    [33md[31m=[32m"M14 17H5"[31m
                  [36m/>[31m
                  [36m<circle[31m
                    [33mcx[31m=[32m"17"[31m
                    [33mcy[31m=[32m"17"[31m
                    [33mr[31m=[32m"3"[31m
                  [36m/>[31m
                  [36m<circle[31m
                    [33mcx[31m=[32m"7"[31m
                    [33mcy[31m=[32m"7"[31m
                    [33mr[31m=[32m"3"[31m
                  [36m/>[31m
                [36m</svg>[31m
              [36m</span>[31m
              [0mGeneral[0m
            [36m</button>[31m
            [36m<button[31m
              [33mclass[31m=[32m"no-drag flex h-8 w-full items-center gap-2 rounded-md px-2 text-left text-[13px] transition-colors text-muted-foreground hover:bg-accent/60 hover:text-foreground"[31m
              [33mtype[31m=[32m"button"[31m
            [36m>[31m
              [36m<span[31m
                [33mclass[31m=[32m"[&>svg]:size-3.5"[31m
              [36m>[31m
                [36m<svg[31m
                  [33mclass[31m=[32m"lucide lucide-palette"[31m
                  [33mfill[31m=[32m"none"[31m
                  [33mheight[31m=[32m"24"[31m
                  [33mstroke[31m=[32m"currentColor"[31m
                  [33mstroke-linecap[31m=[32m"round"[31m
                  [33mstroke-linejoin[31m=[32m"round"[31m
                  [33mstroke-width[31m=[32m"2"[31m
                  [33mviewBox[31m=[32m"0 0 24 24"[31m
                  [33mwidth[31m=[32m"24"[31m
                  [33mxmlns[31m=[32m"http://www.w3.org/2000/svg"[31m
                [36m>[31m
                  [36m<circle[31m
                    [33mcx[31m=[32m"13.5"[31m
                    [33mcy[31m=[32m"6.5"[31m
                    [33mfill[31m=[32m"currentColor"[31m
                    [33mr[31m=[32m".5"[31m
                  [36m/>[31m
                  [36m<circle[31m
                    [33mcx[31m=[32m"17.5"[31m
                    [33mcy[31m=[32m"10.5"[31m
                    [33mfill[31m=[32m"currentColor"[31m
                    [33mr[31m=[32m".5"[31m
                  [36m/>[31m
                  [36m<circle[31m
                    [33mcx[31m=[32m"8.5"[31m
                    [33mcy[31m=[32m"7.5"[31m
                    [33mfill[31m=[32m"currentColor"[31m
                    [33mr[31m=[32m".5"[31m
                  [36m/>[31m
                  [36m<circle[31m
                    [33mcx[31m=[32m"6.5"[31m
                    [33mcy[31m=[32m"12.5"[31m
                    [33mfill[31m=[32m"currentColor"[31m
                    [33mr[31m=[32m".5"[31m
                  [36m/>[31m
                  [36m<path[31m
                    [33md[31m=[32m"M12 2C6.5 2 2 6.5 2 12s4.5 10 10 10c.926 0 1.648-.746 1.648-1.688 0-.437-.18-.835-.437-1.125-.29-.289-.438-.652-.438-1.125a1.64 1.64 0 0 1 1.668-1.668h1.996c3.051 0 5.555-2.503 5.555-5.554C21.965 6.012 17.461 2 12 2z"[31m
                  [36m/>[31m
                [36m</svg>[31m
              [36m</span>[31m
              [0mAppearance[0m
            [36m</button>[31m
            [36m<button[31m
              [33maria-current[31m=[32m"page"[31m
              [33mclass[31m=[32m"no-drag flex h-8 w-full items-center...[39m
   [32m✓[39m SettingsDialog[2m > [22mpersists explicit local terminal overrides above Ghostty[32m 40[2mms[22m[39m
   [32m✓[39m SettingsDialog[2m > [22mlabels a font-size-only override as a local override and clears it with Use imported[32m 59[2mms[22m[39m
   [32m✓[39m SettingsDialog[2m > [22mshows the registered shortcuts in the dedicated Keyboard Shortcuts section[32m 107[2mms[22m[39m
   [32m✓[39m SettingsDialog[2m > [22mnavigates to Notifications section and displays toggles, permission status, volume slider, and test button[32m 63[2mms[22m[39m
   [32m✓[39m SettingsDialog[2m > [22mtoggles Enable Notifications and updates state and localStorage[32m 48[2mms[22m[39m
   [32m✓[39m SettingsDialog[2m > [22mtriggers probeNotificationDelivery when clicking Send Test Notification[32m 64[2mms[22m[39m
   [32m✓[39m SettingsDialog[2m > [22mpicks custom sound and triggers pickNotificationAudio[32m 104[2mms[22m[39m
   [32m✓[39m SettingsDialog[2m > [22mkeeps General free of the duplicate appearance summary[32m 15[2mms[22m[39m
   [32m✓[39m SettingsDialog[2m > [22mnavigates to Appearance section, renders controls, and persists changes to localStorage[32m 183[2mms[22m[39m
   [32m✓[39m SettingsDialog[2m > [22mnavigates to Browser section, changes search engine and zoom, and persists to localStorage[32m 238[2mms[22m[39m
   [32m✓[39m SettingsDialog[2m > [22mnavigates to Remote Access section, renders paired devices, and revokes device on confirmation[32m 103[2mms[22m[39m
   [32m✓[39m SettingsDialog[2m > [22mnavigates to Browser section and applies zoom to active browsers using setBrowserZoom[32m 102[2mms[22m[39m
   [32m✓[39m SettingsDialog[2m > [22mnavigates to Agents section, displays detected agents, configures default agent and overrides[32m 183[2mms[22m[39m
   [32m✓[39m SettingsDialog[2m > [22mpersists Appearance through the appearanceSettings API across remount[32m 154[2mms[22m[39m
   [32m✓[39m SettingsDialog[2m > [22mstates that authorized browser profiles reconnect while Remote remains enabled and only require re-pairing when storage cleared, revoked, or profile changed[32m 46[2mms[22m[39m
   [32m✓[39m SettingsDialog[2m > [22mdescribes Default Agent as first in the New Tab list with a Default label, not auto-launch[32m 86[2mms[22m[39m
   [32m✓[39m SettingsDialog[2m > [22mdoes not expose Quick Commands navigation or section[32m 24[2mms[22m[39m
   [32m✓[39m SettingsDialog[2m > [22mdoes not offer a Workspace section, which the sidebar already owns[32m 20[2mms[22m[39m
   [32m✓[39m SettingsDialog[2m > [22mrenders a non-empty General overview that does not duplicate Appearance controls[32m 14[2mms[22m[39m
   [32m✓[39m SettingsDialog[2m > [22mF-settings-03: deferred hooks when closed[2m > [22mdoes not invoke useTerminalSettings or register listeners when open=false[32m 1[2mms[22m[39m
   [32m✓[39m SettingsDialog[2m > [22mF-settings-03: deferred hooks when closed[2m > [22msource structure gates useTerminalSettings behind open check via inner component[32m 1[2mms[22m[39m
 [32m✓[39m src/remote/attachTunnel.test.ts [2m([22m[2m13 tests[22m[2m)[22m[32m 258[2mms[22m[39m
 [32m✓[39m src/lib/notificationCoordinator.test.ts [2m([22m[2m51 tests[22m[2m)[22m[32m 20[2mms[22m[39m
 [32m✓[39m src/lib/shortcuts.test.tsx [2m([22m[2m84 tests[22m[2m)[22m[32m 199[2mms[22m[39m
 [32m✓[39m src/lib/tauri.test.ts [2m([22m[2m41 tests[22m[2m)[22m[32m 18[2mms[22m[39m
 [32m✓[39m src/components/dag/DagPaneBadge.test.tsx [2m([22m[2m32 tests[22m[2m)[22m[32m 119[2mms[22m[39m
 [32m✓[39m src/remote/remoteAppChatFrames.test.tsx [2m([22m[2m13 tests[22m[2m)[22m[33m 842[2mms[22m[39m
   [33m[2m✓[22m[39m remoteAppChatFrames[2m > [22mrenders the conversation from the agent-history API, one bubble per turn [33m 312[2mms[22m[39m
 [32m✓[39m src/lib/onboarding.test.ts [2m([22m[2m52 tests[22m[2m)[22m[32m 8[2mms[22m[39m
 [32m✓[39m src/App.remote.test.tsx [2m([22m[2m20 tests[22m[2m)[22m[33m 879[2mms[22m[39m
 [32m✓[39m src/remote/agentConversation.test.ts [2m([22m[2m30 tests[22m[2m)[22m[32m 11[2mms[22m[39m
 [32m✓[39m src/components/WorktreeList.test.tsx [2m([22m[2m26 tests[22m[2m)[22m[32m 118[2mms[22m[39m
 [32m✓[39m src/state/workspaceNativeActivity.test.tsx [2m([22m[2m14 tests[22m[2m)[22m[32m 121[2mms[22m[39m
 [32m✓[39m src/lib/pairedHostInventory.test.ts [2m([22m[2m34 tests[22m[2m)[22m[32m 22[2mms[22m[39m
 [32m✓[39m src/lib/nativeTerminalAttachPolicy.test.ts [2m([22m[2m51 tests[22m[2m)[22m[32m 6[2mms[22m[39m
 [32m✓[39m src/state/workspaceActivity.test.tsx [2m([22m[2m16 tests[22m[2m)[22m[32m 26[2mms[22m[39m
 [32m✓[39m src/remote/RemoteAttention.test.tsx [2m([22m[2m16 tests[22m[2m)[22m[33m 508[2mms[22m[39m
 [32m✓[39m src/components/TabBar.test.tsx [2m([22m[2m23 tests[22m[2m)[22m[32m 151[2mms[22m[39m
 [32m✓[39m src/state/layout.test.ts [2m([22m[2m27 tests[22m[2m)[22m[32m 11[2mms[22m[39m
 [32m✓[39m src/state/workspaceStore.sshSpawnOwnership.test.tsx [2m([22m[2m7 tests[22m[2m)[22m[32m 26[2mms[22m[39m
 [32m✓[39m src/lib/agentSessionDiscovery.test.ts [2m([22m[2m35 tests[22m[2m)[22m[32m 9[2mms[22m[39m
 [32m✓[39m src/lib/agentResume.test.ts [2m([22m[2m38 tests[22m[2m)[22m[32m 8[2mms[22m[39m
 [32m✓[39m src/components/TerminalPane.test.tsx [2m([22m[2m27 tests[22m[2m)[22m[32m 155[2mms[22m[39m
[90mstdout[2m | src/lib/nativeTerminalInputQueue.test.ts[2m > [22m[2mNativeTerminalInputQueueManager[2m > [22m[2mexecutes tasks strictly in FIFO order per session without concurrent overlap
[22m[39m[ferryx:switch] {
  runId: [32m'8b4e8a87-110f-4d14-ab55-d1b0e79c16da'[39m,
  sequence: [33m1[39m,
  event: [32m'terminal.surface.input.accepted'[39m,
  wallTimeMs: [33m1791095797577[39m,
  details: {
    operationId: [32m'req-b1697594-session-1-1'[39m,
    backendSessionId: [32m'session-1'[39m,
    paneIdentity: [1mnull[22m,
    bindingKey: [1mnull[22m,
    attemptGeneration: [33m1[39m,
    daemonEpoch: [1mnull[22m,
    incarnation: [1mnull[22m,
    payloadBytes: [33m10[39m,
    queuedAt: [33m1791095797577[39m
  }
}
[ferryx:switch] {
  runId: [32m'8b4e8a87-110f-4d14-ab55-d1b0e79c16da'[39m,
  sequence: [33m2[39m,
  event: [32m'terminal.surface.input.dispatch'[39m,
  wallTimeMs: [33m1791095797578[39m,
  details: {
    operationId: [32m'req-b1697594-session-1-1'[39m,
    backendSessionId: [32m'session-1'[39m,
    paneIdentity: [1mnull[22m,
    bindingKey: [1mnull[22m,
    attemptGeneration: [33m1[39m,
    daemonEpoch: [1mnull[22m,
    incarnation: [1mnull[22m,
    dispatchedAt: [33m1791095797578[39m
  }
}
[ferryx:switch] {
  runId: [32m'8b4e8a87-110f-4d14-ab55-d1b0e79c16da'[39m,
  sequence: [33m3[39m,
  event: [32m'terminal.surface.input.accepted'[39m,
  wallTimeMs: [33m1791095797578[39m,
  details: {
    operationId: [32m'req-b1697594-session-1-2'[39m,
    backendSessionId: [32m'session-1'[39m,
    paneIdentity: [1mnull[22m,
    bindingKey: [1mnull[22m,
    attemptGeneration: [33m1[39m,
    daemonEpoch: [1mnull[22m,
    incarnation: [1mnull[22m,
    payloadBytes: [33m10[39m,
    queuedAt: [33m1791095797578[39m
  }
}
[ferryx:switch] {
  runId: [32m'8b4e8a87-110f-4d14-ab55-d1b0e79c16da'[39m,
  sequence: [33m4[39m,
  event: [32m'terminal.surface.input.accepted'[39m,
  wallTimeMs: [33m1791095797578[39m,
  details: {
    operationId: [32m'req-b1697594-session-1-3'[39m,
    backendSessionId: [32m'session-1'[39m,
    paneIdentity: [1mnull[22m,
    bindingKey: [1mnull[22m,
    attemptGeneration: [33m1[39m,
    daemonEpoch: [1mnull[22m,
    incarnation: [1mnull[22m,
    payloadBytes: [33m10[39m,
    queuedAt: [33m1791095797578[39m
  }
}

[90mstdout[2m | src/lib/nativeTerminalInputQueue.test.ts[2m > [22m[2mNativeTerminalInputQueueManager[2m > [22m[2mexecutes tasks strictly in FIFO order per session without concurrent overlap
[22m[39m[ferryx:switch] {
  runId: [32m'8b4e8a87-110f-4d14-ab55-d1b0e79c16da'[39m,
  sequence: [33m5[39m,
  event: [32m'terminal.surface.input.dispatch'[39m,
  wallTimeMs: [33m1791095797578[39m,
  details: {
    operationId: [32m'req-b1697594-session-1-2'[39m,
    backendSessionId: [32m'session-1'[39m,
    paneIdentity: [1mnull[22m,
    bindingKey: [1mnull[22m,
    attemptGeneration: [33m1[39m,
    daemonEpoch: [1mnull[22m,
    incarnation: [1mnull[22m,
    dispatchedAt: [33m1791095797578[39m
  }
}

[90mstdout[2m | src/lib/nativeTerminalInputQueue.test.ts[2m > [22m[2mNativeTerminalInputQueueManager[2m > [22m[2mexecutes tasks strictly in FIFO order per session without concurrent overlap
[22m[39m[ferryx:switch] {
  runId: [32m'8b4e8a87-110f-4d14-ab55-d1b0e79c16da'[39m,
  sequence: [33m6[39m,
  event: [32m'terminal.surface.input.dispatch'[39m,
  wallTimeMs: [33m1791095797579[39m,
  details: {
    operationId: [32m'req-b1697594-session-1-3'[39m,
    backendSessionId: [32m'session-1'[39m,
    paneIdentity: [1mnull[22m,
    bindingKey: [1mnull[22m,
    attemptGeneration: [33m1[39m,
    daemonEpoch: [1mnull[22m,
    incarnation: [1mnull[22m,
    dispatchedAt: [33m1791095797579[39m
  }
}

[90mstdout[2m | src/lib/nativeTerminalInputQueue.test.ts[2m > [22m[2mNativeTerminalInputQueueManager[2m > [22m[2misolates queues across different sessions without head-of-line blocking
[22m[39m[ferryx:switch] {
  runId: [32m'8b4e8a87-110f-4d14-ab55-d1b0e79c16da'[39m,
  sequence: [33m7[39m,
  event: [32m'terminal.surface.input.accepted'[39m,
  wallTimeMs: [33m1791095797580[39m,
  details: {
    operationId: [32m'req-b1697594-session-1-1'[39m,
    backendSessionId: [32m'session-1'[39m,
    paneIdentity: [1mnull[22m,
    bindingKey: [1mnull[22m,
    attemptGeneration: [33m1[39m,
    daemonEpoch: [1mnull[22m,
    incarnation: [1mnull[22m,
    payloadBytes: [33m10[39m,
    queuedAt: [33m1791095797580[39m
  }
}
[ferryx:switch] {
  runId: [32m'8b4e8a87-110f-4d14-ab55-d1b0e79c16da'[39m,
  sequence: [33m8[39m,
  event: [32m'terminal.surface.input.dispatch'[39m,
  wallTimeMs: [33m1791095797580[39m,
  details: {
    operationId: [32m'req-b1697594-session-1-1'[39m,
    backendSessionId: [32m'session-1'[39m,
    paneIdentity: [1mnull[22m,
    bindingKey: [1mnull[22m,
    attemptGeneration: [33m1[39m,
    daemonEpoch: [1mnull[22m,
    incarnation: [1mnull[22m,
    dispatchedAt: [33m1791095797580[39m
  }
}
[ferryx:switch] {
  runId: [32m'8b4e8a87-110f-4d14-ab55-d1b0e79c16da'[39m,
  sequence: [33m9[39m,
  event: [32m'terminal.surface.input.accepted'[39m,
  wallTimeMs: [33m1791095797580[39m,
  details: {
    operationId: [32m'req-b1697594-session-2-2'[39m,
    backendSessionId: [32m'session-2'[39m,
    paneIdentity: [1mnull[22m,
    bindingKey: [1mnull[22m,
    attemptGeneration: [33m1[39m,
    daemonEpoch: [1mnull[22m,
    incarnation: [1mnull[22m,
    payloadBytes: [33m10[39m,
    queuedAt: [33m1791095797580[39m
  }
}
[ferryx:switch] {
  runId: [32m'8b4e8a87-110f-4d14-ab55-d1b0e79c16da'[39m,
  sequence: [33m10[39m,
  event: [32m'terminal.surface.input.dispatch'[39m,
  wallTimeMs: [33m1791095797580[39m,
  details: {
    operationId: [32m'req-b1697594-session-2-2'[39m,
    backendSessionId: [32m'session-2'[39m,
    paneIdentity: [1mnull[22m,
    bindingKey: [1mnull[22m,
    attemptGeneration: [33m1[39m,
    daemonEpoch: [1mnull[22m,
    incarnation: [1mnull[22m,
    dispatchedAt: [33m1791095797580[39m
  }
}

[90mstdout[2m | src/lib/nativeTerminalInputQueue.test.ts[2m > [22m[2mNativeTerminalInputQueueManager[2m > [22m[2menforces byte-bounded queue limit and explicitly rejects with overflow error
[22m[39m[ferryx:switch] {
  runId: [32m'8b4e8a87-110f-4d14-ab55-d1b0e79c16da'[39m,
  sequence: [33m11[39m,
  event: [32m'terminal.surface.input.accepted'[39m,
  wallTimeMs: [33m1791095797580[39m,
  details: {
    operationId: [32m'req-b1697594-session-1-1'[39m,
    backendSessionId: [32m'session-1'[39m,
    paneIdentity: [1mnull[22m,
    bindingKey: [1mnull[22m,
    attemptGeneration: [33m1[39m,
    daemonEpoch: [1mnull[22m,
    incarnation: [1mnull[22m,
    payloadBytes: [33m600[39m,
    queuedAt: [33m1791095797580[39m
  }
}
[ferryx:switch] {
  runId: [32m'8b4e8a87-110f-4d14-ab55-d1b0e79c16da'[39m,
  sequence: [33m12[39m,
  event: [32m'terminal.surface.input.dispatch'[39m,
  wallTimeMs: [33m1791095797580[39m,
  details: {
    operationId: [32m'req-b1697594-session-1-1'[39m,
    backendSessionId: [32m'session-1'[39m,
    paneIdentity: [1mnull[22m,
    bindingKey: [1mnull[22m,
    attemptGeneration: [33m1[39m,
    daemonEpoch: [1mnull[22m,
    incarnation: [1mnull[22m,
    dispatchedAt: [33m1791095797580[39m
  }
}
[ferryx:switch] {
  runId: [32m'8b4e8a87-110f-4d14-ab55-d1b0e79c16da'[39m,
  sequence: [33m13[39m,
  event: [32m'terminal.surface.input.accepted'[39m,
  wallTimeMs: [33m1791095797580[39m,
  details: {
    operationId: [32m'req-b1697594-session-1-2'[39m,
    backendSessionId: [32m'session-1'[39m,
    paneIdentity: [1mnull[22m,
    bindingKey: [1mnull[22m,
    attemptGeneration: [33m1[39m,
    daemonEpoch: [1mnull[22m,
    incarnation: [1mnull[22m,
    payloadBytes: [33m400[39m,
    queuedAt: [33m1791095797580[39m
  }
}

[90mstdout[2m | src/lib/nativeTerminalInputQueue.test.ts[2m > [22m[2mNativeTerminalInputQueueManager[2m > [22m[2menforces byte-bounded queue limit and explicitly rejects with overflow error
[22m[39m[ferryx:switch] {
  runId: [32m'8b4e8a87-110f-4d14-ab55-d1b0e79c16da'[39m,
  sequence: [33m14[39m,
  event: [32m'terminal.surface.input.dispatch'[39m,
  wallTimeMs: [33m1791095797581[39m,
  details: {
    operationId: [32m'req-b1697594-session-1-2'[39m,
    backendSessionId: [32m'session-1'[39m,
    paneIdentity: [1mnull[22m,
    bindingKey: [1mnull[22m,
    attemptGeneration: [33m1[39m,
    daemonEpoch: [1mnull[22m,
    incarnation: [1mnull[22m,
    dispatchedAt: [33m1791095797581[39m
  }
}

[90mstdout[2m | src/lib/nativeTerminalInputQueue.test.ts[2m > [22m[2mNativeTerminalInputQueueManager[2m > [22m[2menforces byte-bounded queue limit and explicitly rejects with overflow error
[22m[39m[ferryx:switch] {
  runId: [32m'8b4e8a87-110f-4d14-ab55-d1b0e79c16da'[39m,
  sequence: [33m15[39m,
  event: [32m'terminal.surface.input.accepted'[39m,
  wallTimeMs: [33m1791095797581[39m,
  details: {
    operationId: [32m'req-b1697594-session-1-3'[39m,
    backendSessionId: [32m'session-1'[39m,
    paneIdentity: [1mnull[22m,
    bindingKey: [1mnull[22m,
    attemptGeneration: [33m1[39m,
    daemonEpoch: [1mnull[22m,
    incarnation: [1mnull[22m,
    payloadBytes: [33m200[39m,
    queuedAt: [33m1791095797581[39m
  }
}
[ferryx:switch] {
  runId: [32m'8b4e8a87-110f-4d14-ab55-d1b0e79c16da'[39m,
  sequence: [33m16[39m,
  event: [32m'terminal.surface.input.dispatch'[39m,
  wallTimeMs: [33m1791095797581[39m,
  details: {
    operationId: [32m'req-b1697594-session-1-3'[39m,
    backendSessionId: [32m'session-1'[39m,
    paneIdentity: [1mnull[22m,
    bindingKey: [1mnull[22m,
    attemptGeneration: [33m1[39m,
    daemonEpoch: [1mnull[22m,
    incarnation: [1mnull[22m,
    dispatchedAt: [33m1791095797581[39m
  }
}

[90mstdout[2m | src/lib/nativeTerminalInputQueue.test.ts[2m > [22m[2mNativeTerminalInputQueueManager[2m > [22m[2menforces entry-bounded queue limit and rejects when entries exceed maxQueueEntries
[22m[39m[ferryx:switch] {
  runId: [32m'8b4e8a87-110f-4d14-ab55-d1b0e79c16da'[39m,
  sequence: [33m17[39m,
  event: [32m'terminal.surface.input.accepted'[39m,
  wallTimeMs: [33m1791095797581[39m,
  details: {
    operationId: [32m'req-b1697594-session-1-1'[39m,
    backendSessionId: [32m'session-1'[39m,
    paneIdentity: [1mnull[22m,
    bindingKey: [1mnull[22m,
    attemptGeneration: [33m1[39m,
    daemonEpoch: [1mnull[22m,
    incarnation: [1mnull[22m,
    payloadBytes: [33m10[39m,
    queuedAt: [33m1791095797581[39m
  }
}
[ferryx:switch] {
  runId: [32m'8b4e8a87-110f-4d14-ab55-d1b0e79c16da'[39m,
  sequence: [33m18[39m,
  event: [32m'terminal.surface.input.dispatch'[39m,
  wallTimeMs: [33m1791095797581[39m,
  details: {
    operationId: [32m'req-b1697594-session-1-1'[39m,
    backendSessionId: [32m'session-1'[39m,
    paneIdentity: [1mnull[22m,
    bindingKey: [1mnull[22m,
    attemptGeneration: [33m1[39m,
    daemonEpoch: [1mnull[22m,
    incarnation: [1mnull[22m,
    dispatchedAt: [33m1791095797581[39m
  }
}
[ferryx:switch] {
  runId: [32m'8b4e8a87-110f-4d14-ab55-d1b0e79c16da'[39m,
  sequence: [33m19[39m,
  event: [32m'terminal.surface.input.accepted'[39m,
  wallTimeMs: [33m1791095797581[39m,
  details: {
    operationId: [32m'req-b1697594-session-1-2'[39m,
    backendSessionId: [32m'session-1'[39m,
    paneIdentity: [1mnull[22m,
    bindingKey: [1mnull[22m,
    attemptGeneration: [33m1[39m,
    daemonEpoch: [1mnull[22m,
    incarnation: [1mnull[22m,
    payloadBytes: [33m10[39m,
    queuedAt: [33m1791095797581[39m
  }
}
[ferryx:switch] {
  runId: [32m'8b4e8a87-110f-4d14-ab55-d1b0e79c16da'[39m,
  sequence: [33m20[39m,
  event: [32m'terminal.surface.input.accepted'[39m,
  wallTimeMs: [33m1791095797581[39m,
  details: {
    operationId: [32m'req-b1697594-session-1-3'[39m,
    backendSessionId: [32m'session-1'[39m,
    paneIdentity: [1mnull[22m,
    bindingKey: [1mnull[22m,
    attemptGeneration: [33m1[39m,
    daemonEpoch: [1mnull[22m,
    incarnation: [1mnull[22m,
    payloadBytes: [33m10[39m,
    queuedAt: [33m1791095797581[39m
  }
}
[ferryx:switch] {
  runId: [32m'8b4e8a87-110f-4d14-ab55-d1b0e79c16da'[39m,
  sequence: [33m21[39m,
  event: [32m'terminal.surface.input.accepted'[39m,
  wallTimeMs: [33m1791095797581[39m,
  details: {
    operationId: [32m'req-b1697594-session-1-4'[39m,
    backendSessionId: [32m'session-1'[39m,
    paneIdentity: [1mnull[22m,
    bindingKey: [1mnull[22m,
    attemptGeneration: [33m1[39m,
    daemonEpoch: [1mnull[22m,
    incarnation: [1mnull[22m,
    payloadBytes: [33m10[39m,
    queuedAt: [33m1791095797581[39m
  }
}

[90mstdout[2m | src/lib/nativeTerminalInputQueue.test.ts[2m > [22m[2mNativeTerminalInputQueueManager[2m > [22m[2menforces entry-bounded queue limit and rejects when entries exceed maxQueueEntries
[22m[39m[ferryx:switch] {
  runId: [32m'8b4e8a87-110f-4d14-ab55-d1b0e79c16da'[39m,
  sequence: [33m22[39m,
  event: [32m'terminal.surface.input.dispatch'[39m,
  wallTimeMs: [33m1791095797582[39m,
  details: {
    operationId: [32m'req-b1697594-session-1-2'[39m,
    backendSessionId: [32m'session-1'[39m,
    paneIdentity: [1mnull[22m,
    bindingKey: [1mnull[22m,
    attemptGeneration: [33m1[39m,
    daemonEpoch: [1mnull[22m,
    incarnation: [1mnull[22m,
    dispatchedAt: [33m1791095797582[39m
  }
}

[90mstdout[2m | src/lib/nativeTerminalInputQueue.test.ts[2m > [22m[2mNativeTerminalInputQueueManager[2m > [22m[2menforces entry-bounded queue limit and rejects when entries exceed maxQueueEntries
[22m[39m[ferryx:switch] {
  runId: [32m'8b4e8a87-110f-4d14-ab55-d1b0e79c16da'[39m,
  sequence: [33m23[39m,
  event: [32m'terminal.surface.input.dispatch'[39m,
  wallTimeMs: [33m1791095797582[39m,
  details: {
    operationId: [32m'req-b1697594-session-1-3'[39m,
    backendSessionId: [32m'session-1'[39m,
    paneIdentity: [1mnull[22m,
    bindingKey: [1mnull[22m,
    attemptGeneration: [33m1[39m,
    daemonEpoch: [1mnull[22m,
    incarnation: [1mnull[22m,
    dispatchedAt: [33m1791095797582[39m
  }
}

[90mstdout[2m | src/lib/nativeTerminalInputQueue.test.ts[2m > [22m[2mNativeTerminalInputQueueManager[2m > [22m[2menforces entry-bounded queue limit and rejects when entries exceed maxQueueEntries
[22m[39m[ferryx:switch] {
  runId: [32m'8b4e8a87-110f-4d14-ab55-d1b0e79c16da'[39m,
  sequence: [33m24[39m,
  event: [32m'terminal.surface.input.dispatch'[39m,
  wallTimeMs: [33m1791095797582[39m,
  details: {
    operationId: [32m'req-b1697594-session-1-4'[39m,
    backendSessionId: [32m'session-1'[39m,
    paneIdentity: [1mnull[22m,
    bindingKey: [1mnull[22m,
    attemptGeneration: [33m1[39m,
    daemonEpoch: [1mnull[22m,
    incarnation: [1mnull[22m,
    dispatchedAt: [33m1791095797582[39m
  }
}

[90mstdout[2m | src/lib/nativeTerminalInputQueue.test.ts[2m > [22m[2mNativeTerminalInputQueueManager[2m > [22m[2mpreserves original structured error object unchanged without stringifying
[22m[39m[ferryx:switch] {
  runId: [32m'8b4e8a87-110f-4d14-ab55-d1b0e79c16da'[39m,
  sequence: [33m25[39m,
  event: [32m'terminal.surface.input.accepted'[39m,
  wallTimeMs: [33m1791095797582[39m,
  details: {
    operationId: [32m'req-b1697594-session-1-1'[39m,
    backendSessionId: [32m'session-1'[39m,
    paneIdentity: [1mnull[22m,
    bindingKey: [1mnull[22m,
    attemptGeneration: [33m1[39m,
    daemonEpoch: [1mnull[22m,
    incarnation: [1mnull[22m,
    payloadBytes: [33m10[39m,
    queuedAt: [33m1791095797582[39m
  }
}
[ferryx:switch] {
  runId: [32m'8b4e8a87-110f-4d14-ab55-d1b0e79c16da'[39m,
  sequence: [33m26[39m,
  event: [32m'terminal.surface.input.dispatch'[39m,
  wallTimeMs: [33m1791095797582[39m,
  details: {
    operationId: [32m'req-b1697594-session-1-1'[39m,
    backendSessionId: [32m'session-1'[39m,
    paneIdentity: [1mnull[22m,
    bindingKey: [1mnull[22m,
    attemptGeneration: [33m1[39m,
    daemonEpoch: [1mnull[22m,
    incarnation: [1mnull[22m,
    dispatchedAt: [33m1791095797582[39m
  }
}

[90mstdout[2m | src/lib/nativeTerminalInputQueue.test.ts[2m > [22m[2mNativeTerminalInputQueueManager[2m > [22m[2mexplicitly rejects queued old-generation operations when generation advances
[22m[39m[ferryx:switch] {
  runId: [32m'8b4e8a87-110f-4d14-ab55-d1b0e79c16da'[39m,
  sequence: [33m27[39m,
  event: [32m'terminal.surface.input.accepted'[39m,
  wallTimeMs: [33m1791095797583[39m,
  details: {
    operationId: [32m'req-b1697594-session-1-1'[39m,
    backendSessionId: [32m'session-1'[39m,
    paneIdentity: [1mnull[22m,
    bindingKey: [1mnull[22m,
    attemptGeneration: [33m1[39m,
    daemonEpoch: [1mnull[22m,
    incarnation: [1mnull[22m,
    payloadBytes: [33m10[39m,
    queuedAt: [33m1791095797583[39m
  }
}
[ferryx:switch] {
  runId: [32m'8b4e8a87-110f-4d14-ab55-d1b0e79c16da'[39m,
  sequence: [33m28[39m,
  event: [32m'terminal.surface.input.dispatch'[39m,
  wallTimeMs: [33m1791095797583[39m,
  details: {
    operationId: [32m'req-b1697594-session-1-1'[39m,
    backendSessionId: [32m'session-1'[39m,
    paneIdentity: [1mnull[22m,
    bindingKey: [1mnull[22m,
    attemptGeneration: [33m1[39m,
    daemonEpoch: [1mnull[22m,
    incarnation: [1mnull[22m,
    dispatchedAt: [33m1791095797583[39m
  }
}
[ferryx:switch] {
  runId: [32m'8b4e8a87-110f-4d14-ab55-d1b0e79c16da'[39m,
  sequence: [33m29[39m,
  event: [32m'terminal.surface.input.accepted'[39m,
  wallTimeMs: [33m1791095797583[39m,
  details: {
    operationId: [32m'req-b1697594-session-1-2'[39m,
    backendSessionId: [32m'session-1'[39m,
    paneIdentity: [1mnull[22m,
    bindingKey: [1mnull[22m,
    attemptGeneration: [33m1[39m,
    daemonEpoch: [1mnull[22m,
    incarnation: [1mnull[22m,
    payloadBytes: [33m10[39m,
    queuedAt: [33m1791095797583[39m
  }
}

[90mstdout[2m | src/lib/nativeTerminalInputQueue.test.ts[2m > [22m[2mNativeTerminalInputQueueManager[2m > [22m[2mclearing a session cancels pending admissions without corrupting in-flight completion accounting
[22m[39m[ferryx:switch] {
  runId: [32m'8b4e8a87-110f-4d14-ab55-d1b0e79c16da'[39m,
  sequence: [33m30[39m,
  event: [32m'terminal.surface.input.accepted'[39m,
  wallTimeMs: [33m1791095797583[39m,
  details: {
    operationId: [32m'req-b1697594-session-1-1'[39m,
    backendSessionId: [32m'session-1'[39m,
    paneIdentity: [1mnull[22m,
    bindingKey: [1mnull[22m,
    attemptGeneration: [33m1[39m,
    daemonEpoch: [1mnull[22m,
    incarnation: [1mnull[22m,
    payloadBytes: [33m10[39m,
    queuedAt: [33m1791095797583[39m
  }
}
[ferryx:switch] {
  runId: [32m'8b4e8a87-110f-4d14-ab55-d1b0e79c16da'[39m,
  sequence: [33m31[39m,
  event: [32m'terminal.surface.input.dispatch'[39m,
  wallTimeMs: [33m1791095797583[39m,
  details: {
    operationId: [32m'req-b1697594-session-1-1'[39m,
    backendSessionId: [32m'session-1'[39m,
    paneIdentity: [1mnull[22m,
    bindingKey: [1mnull[22m,
    attemptGeneration: [33m1[39m,
    daemonEpoch: [1mnull[22m,
    incarnation: [1mnull[22m,
    dispatchedAt: [33m1791095797583[39m
  }
}
[ferryx:switch] {
  runId: [32m'8b4e8a87-110f-4d14-ab55-d1b0e79c16da'[39m,
  sequence: [33m32[39m,
  event: [32m'terminal.surface.input.accepted'[39m,
  wallTimeMs: [33m1791095797583[39m,
  details: {
    operationId: [32m'req-b1697594-session-1-2'[39m,
    backendSessionId: [32m'session-1'[39m,
    paneIdentity: [1mnull[22m,
    bindingKey: [1mnull[22m,
    attemptGeneration: [33m1[39m,
    daemonEpoch: [1mnull[22m,
    incarnation: [1mnull[22m,
    payloadBytes: [33m20[39m,
    queuedAt: [33m1791095797583[39m
  }
}

[90mstdout[2m | src/lib/nativeTerminalInputQueue.test.ts[2m > [22m[2mNativeTerminalInputQueueManager[2m > [22m[2mdelivers a preedit update enqueued while input send is in flight strictly after that input
[22m[39m[ferryx:switch] {
  runId: [32m'8b4e8a87-110f-4d14-ab55-d1b0e79c16da'[39m,
  sequence: [33m33[39m,
  event: [32m'terminal.surface.input.accepted'[39m,
  wallTimeMs: [33m1791095797584[39m,
  details: {
    operationId: [32m'req-b1697594-session-1-1'[39m,
    backendSessionId: [32m'session-1'[39m,
    paneIdentity: [1mnull[22m,
    bindingKey: [1mnull[22m,
    attemptGeneration: [33m1[39m,
    daemonEpoch: [1mnull[22m,
    incarnation: [1mnull[22m,
    payloadBytes: [33m10[39m,
    queuedAt: [33m1791095797584[39m
  }
}
[ferryx:switch] {
  runId: [32m'8b4e8a87-110f-4d14-ab55-d1b0e79c16da'[39m,
  sequence: [33m34[39m,
  event: [32m'terminal.surface.input.dispatch'[39m,
  wallTimeMs: [33m1791095797584[39m,
  details: {
    operationId: [32m'req-b1697594-session-1-1'[39m,
    backendSessionId: [32m'session-1'[39m,
    paneIdentity: [1mnull[22m,
    bindingKey: [1mnull[22m,
    attemptGeneration: [33m1[39m,
    daemonEpoch: [1mnull[22m,
    incarnation: [1mnull[22m,
    dispatchedAt: [33m1791095797584[39m
  }
}
[ferryx:switch] {
  runId: [32m'8b4e8a87-110f-4d14-ab55-d1b0e79c16da'[39m,
  sequence: [33m35[39m,
  event: [32m'terminal.surface.input.accepted'[39m,
  wallTimeMs: [33m1791095797584[39m,
  details: {
    operationId: [32m'req-preedit-b1697594-session-1-2'[39m,
    backendSessionId: [32m'session-1'[39m,
    paneIdentity: [1mnull[22m,
    bindingKey: [1mnull[22m,
    attemptGeneration: [33m1[39m,
    daemonEpoch: [1mnull[22m,
    incarnation: [1mnull[22m,
    payloadBytes: [33m10[39m,
    queuedAt: [33m1791095797584[39m
  }
}

[90mstdout[2m | src/lib/nativeTerminalInputQueue.test.ts[2m > [22m[2mNativeTerminalInputQueueManager[2m > [22m[2mdelivers a preedit update enqueued while input send is in flight strictly after that input
[22m[39m[ferryx:switch] {
  runId: [32m'8b4e8a87-110f-4d14-ab55-d1b0e79c16da'[39m,
  sequence: [33m36[39m,
  event: [32m'terminal.surface.input.dispatch'[39m,
  wallTimeMs: [33m1791095797584[39m,
  details: {
    operationId: [32m'req-preedit-b1697594-session-1-2'[39m,
    backendSessionId: [32m'session-1'[39m,
    paneIdentity: [1mnull[22m,
    bindingKey: [1mnull[22m,
    attemptGeneration: [33m1[39m,
    daemonEpoch: [1mnull[22m,
    incarnation: [1mnull[22m,
    dispatchedAt: [33m1791095797584[39m
  }
}

[90mstdout[2m | src/lib/nativeTerminalInputQueue.test.ts[2m > [22m[2mNativeTerminalInputQueueManager[2m > [22m[2mcoalesces consecutive preedit updates into one delivered call
[22m[39m[ferryx:switch] {
  runId: [32m'8b4e8a87-110f-4d14-ab55-d1b0e79c16da'[39m,
  sequence: [33m37[39m,
  event: [32m'terminal.surface.input.accepted'[39m,
  wallTimeMs: [33m1791095797585[39m,
  details: {
    operationId: [32m'req-b1697594-session-1-1'[39m,
    backendSessionId: [32m'session-1'[39m,
    paneIdentity: [1mnull[22m,
    bindingKey: [1mnull[22m,
    attemptGeneration: [33m1[39m,
    daemonEpoch: [1mnull[22m,
    incarnation: [1mnull[22m,
    payloadBytes: [33m10[39m,
    queuedAt: [33m1791095797585[39m
  }
}
[ferryx:switch] {
  runId: [32m'8b4e8a87-110f-4d14-ab55-d1b0e79c16da'[39m,
  sequence: [33m38[39m,
  event: [32m'terminal.surface.input.dispatch'[39m,
  wallTimeMs: [33m1791095797585[39m,
  details: {
    operationId: [32m'req-b1697594-session-1-1'[39m,
    backendSessionId: [32m'session-1'[39m,
    paneIdentity: [1mnull[22m,
    bindingKey: [1mnull[22m,
    attemptGeneration: [33m1[39m,
    daemonEpoch: [1mnull[22m,
    incarnation: [1mnull[22m,
    dispatchedAt: [33m1791095797585[39m
  }
}
[ferryx:switch] {
  runId: [32m'8b4e8a87-110f-4d14-ab55-d1b0e79c16da'[39m,
  sequence: [33m39[39m,
  event: [32m'terminal.surface.input.accepted'[39m,
  wallTimeMs: [33m1791095797585[39m,
  details: {
    operationId: [32m'req-preedit-b1697594-session-1-2'[39m,
    backendSessionId: [32m'session-1'[39m,
    paneIdentity: [1mnull[22m,
    bindingKey: [1mnull[22m,
    attemptGeneration: [33m1[39m,
    daemonEpoch: [1mnull[22m,
    incarnation: [1mnull[22m,
    payloadBytes: [33m10[39m,
    queuedAt: [33m1791095797585[39m
  }
}
[ferryx:switch] {
  runId: [32m'8b4e8a87-110f-4d14-ab55-d1b0e79c16da'[39m,
  sequence: [33m40[39m,
  event: [32m'terminal.surface.input.accepted'[39m,
  wallTimeMs: [33m1791095797585[39m,
  details: {
    operationId: [32m'req-preedit-b1697594-session-1-3'[39m,
    backendSessionId: [32m'session-1'[39m,
    paneIdentity: [1mnull[22m,
    bindingKey: [1mnull[22m,
    attemptGeneration: [33m1[39m,
    daemonEpoch: [1mnull[22m,
    incarnation: [1mnull[22m,
    payloadBytes: [33m10[39m,
    queuedAt: [33m1791095797585[39m
  }
}
[ferryx:switch] {
  runId: [32m'8b4e8a87-110f-4d14-ab55-d1b0e79c16da'[39m,
  sequence: [33m41[39m,
  event: [32m'terminal.surface.input.accepted'[39m,
  wallTimeMs: [33m1791095797585[39m,
  details: {
    operationId: [32m'req-preedit-b1697594-session-1-4'[39m,
    backendSessionId: [32m'session-1'[39m,
    paneIdentity: [1mnull[22m,
    bindingKey: [1mnull[22m,
    attemptGeneration: [33m1[39m,
    daemonEpoch: [1mnull[22m,
    incarnation: [1mnull[22m,
    payloadBytes: [33m10[39m,
    queuedAt: [33m1791095797585[39m
  }
}

[90mstdout[2m | src/lib/nativeTerminalInputQueue.test.ts[2m > [22m[2mNativeTerminalInputQueueManager[2m > [22m[2mcoalesces consecutive preedit updates into one delivered call
[22m[39m[ferryx:switch] {
  runId: [32m'8b4e8a87-110f-4d14-ab55-d1b0e79c16da'[39m,
  sequence: [33m42[39m,
  event: [32m'terminal.surface.input.dispatch'[39m,
  wallTimeMs: [33m1791095797585[39m,
  details: {
    operationId: [32m'req-preedit-b1697594-session-1-4'[39m,
    backendSessionId: [32m'session-1'[39m,
    paneIdentity: [1mnull[22m,
    bindingKey: [1mnull[22m,
    attemptGeneration: [33m1[39m,
    daemonEpoch: [1mnull[22m,
    incarnation: [1mnull[22m,
    dispatchedAt: [33m1791095797585[39m
  }
}

[90mstdout[2m | src/lib/nativeTerminalInputQueue.test.ts[2m > [22m[2mNativeTerminalInputQueueManager[2m > [22m[2mdoes not dispatch a committed input until the unresolved preedit settles
[22m[39m[ferryx:switch] {
  runId: [32m'8b4e8a87-110f-4d14-ab55-d1b0e79c16da'[39m,
  sequence: [33m43[39m,
  event: [32m'terminal.surface.input.accepted'[39m,
  wallTimeMs: [33m1791095797586[39m,
  details: {
    operationId: [32m'req-preedit-b1697594-session-1-1'[39m,
    backendSessionId: [32m'session-1'[39m,
    paneIdentity: [1mnull[22m,
    bindingKey: [1mnull[22m,
    attemptGeneration: [33m1[39m,
    daemonEpoch: [1mnull[22m,
    incarnation: [1mnull[22m,
    payloadBytes: [33m10[39m,
    queuedAt: [33m1791095797586[39m
  }
}
[ferryx:switch] {
  runId: [32m'8b4e8a87-110f-4d14-ab55-d1b0e79c16da'[39m,
  sequence: [33m44[39m,
  event: [32m'terminal.surface.input.dispatch'[39m,
  wallTimeMs: [33m1791095797586[39m,
  details: {
    operationId: [32m'req-preedit-b1697594-session-1-1'[39m,
    backendSessionId: [32m'session-1'[39m,
    paneIdentity: [1mnull[22m,
    bindingKey: [1mnull[22m,
    attemptGeneration: [33m1[39m,
    daemonEpoch: [1mnull[22m,
    incarnation: [1mnull[22m,
    dispatchedAt: [33m1791095797586[39m
  }
}
[ferryx:switch] {
  runId: [32m'8b4e8a87-110f-4d14-ab55-d1b0e79c16da'[39m,
  sequence: [33m45[39m,
  event: [32m'terminal.surface.input.accepted'[39m,
  wallTimeMs: [33m1791095797586[39m,
  details: {
    operationId: [32m'req-b1697594-session-1-2'[39m,
    backendSessionId: [32m'session-1'[39m,
    paneIdentity: [1mnull[22m,
    bindingKey: [1mnull[22m,
    attemptGeneration: [33m1[39m,
    daemonEpoch: [1mnull[22m,
    incarnation: [1mnull[22m,
    payloadBytes: [33m10[39m,
    queuedAt: [33m1791095797586[39m
  }
}

[90mstdout[2m | src/lib/nativeTerminalInputQueue.test.ts[2m > [22m[2mNativeTerminalInputQueueManager[2m > [22m[2mdoes not dispatch a committed input until the unresolved preedit settles
[22m[39m[ferryx:switch] {
  runId: [32m'8b4e8a87-110f-4d14-ab55-d1b0e79c16da'[39m,
  sequence: [33m46[39m,
  event: [32m'terminal.surface.input.dispatch'[39m,
  wallTimeMs: [33m1791095797586[39m,
  details: {
    operationId: [32m'req-b1697594-session-1-2'[39m,
    backendSessionId: [32m'session-1'[39m,
    paneIdentity: [1mnull[22m,
    bindingKey: [1mnull[22m,
    attemptGeneration: [33m1[39m,
    daemonEpoch: [1mnull[22m,
    incarnation: [1mnull[22m,
    dispatchedAt: [33m1791095797586[39m
  }
}

[90mstdout[2m | src/lib/nativeTerminalInputQueue.test.ts[2m > [22m[2mNativeTerminalInputQueueManager[2m > [22m[2mexplicitly settles displaced preedit and records drop when replacement preedit exceeds queue capacity
[22m[39m[ferryx:switch] {
  runId: [32m'8b4e8a87-110f-4d14-ab55-d1b0e79c16da'[39m,
  sequence: [33m47[39m,
  event: [32m'terminal.surface.input.accepted'[39m,
  wallTimeMs: [33m1791095797586[39m,
  details: {
    operationId: [32m'req-b1697594-session-1-1'[39m,
    backendSessionId: [32m'session-1'[39m,
    paneIdentity: [1mnull[22m,
    bindingKey: [1mnull[22m,
    attemptGeneration: [33m1[39m,
    daemonEpoch: [1mnull[22m,
    incarnation: [1mnull[22m,
    payloadBytes: [33m10[39m,
    queuedAt: [33m1791095797586[39m
  }
}
[ferryx:switch] {
  runId: [32m'8b4e8a87-110f-4d14-ab55-d1b0e79c16da'[39m,
  sequence: [33m48[39m,
  event: [32m'terminal.surface.input.dispatch'[39m,
  wallTimeMs: [33m1791095797586[39m,
  details: {
    operationId: [32m'req-b1697594-session-1-1'[39m,
    backendSessionId: [32m'session-1'[39m,
    paneIdentity: [1mnull[22m,
    bindingKey: [1mnull[22m,
    attemptGeneration: [33m1[39m,
    daemonEpoch: [1mnull[22m,
    incarnation: [1mnull[22m,
    dispatchedAt: [33m1791095797586[39m
  }
}
[ferryx:switch] {
  runId: [32m'8b4e8a87-110f-4d14-ab55-d1b0e79c16da'[39m,
  sequence: [33m49[39m,
  event: [32m'terminal.surface.input.accepted'[39m,
  wallTimeMs: [33m1791095797586[39m,
  details: {
    operationId: [32m'req-preedit-b1697594-session-1-2'[39m,
    backendSessionId: [32m'session-1'[39m,
    paneIdentity: [1mnull[22m,
    bindingKey: [1mnull[22m,
    attemptGeneration: [33m1[39m,
    daemonEpoch: [1mnull[22m,
    incarnation: [1mnull[22m,
    payloadBytes: [33m10[39m,
    queuedAt: [33m1791095797586[39m
  }
}

[90mstdout[2m | src/lib/nativeTerminalInputQueue.test.ts[2m > [22m[2mNativeTerminalInputQueueManager[2m > [22m[2mmaintains isolated per-lane in-flight request ID and running age when input and preedit overlap
[22m[39m[ferryx:switch] {
  runId: [32m'8b4e8a87-110f-4d14-ab55-d1b0e79c16da'[39m,
  sequence: [33m50[39m,
  event: [32m'terminal.surface.input.accepted'[39m,
  wallTimeMs: [33m1791095797587[39m,
  details: {
    operationId: [32m'req-b1697594-session-concurrent-1'[39m,
    backendSessionId: [32m'session-concurrent'[39m,
    paneIdentity: [1mnull[22m,
    bindingKey: [1mnull[22m,
    attemptGeneration: [33m1[39m,
    daemonEpoch: [1mnull[22m,
    incarnation: [1mnull[22m,
    payloadBytes: [33m10[39m,
    queuedAt: [33m1791095797587[39m
  }
}
[ferryx:switch] {
  runId: [32m'8b4e8a87-110f-4d14-ab55-d1b0e79c16da'[39m,
  sequence: [33m51[39m,
  event: [32m'terminal.surface.input.dispatch'[39m,
  wallTimeMs: [33m1791095797587[39m,
  details: {
    operationId: [32m'req-b1697594-session-concurrent-1'[39m,
    backendSessionId: [32m'session-concurrent'[39m,
    paneIdentity: [1mnull[22m,
    bindingKey: [1mnull[22m,
    attemptGeneration: [33m1[39m,
    daemonEpoch: [1mnull[22m,
    incarnation: [1mnull[22m,
    dispatchedAt: [33m1791095797587[39m
  }
}
[ferryx:switch] {
  runId: [32m'8b4e8a87-110f-4d14-ab55-d1b0e79c16da'[39m,
  sequence: [33m52[39m,
  event: [32m'terminal.surface.input.accepted'[39m,
  wallTimeMs: [33m1791095797588[39m,
  details: {
    operationId: [32m'req-preedit-b1697594-session-concurrent-2'[39m,
    backendSessionId: [32m'session-concurrent'[39m,
    paneIdentity: [1mnull[22m,
    bindingKey: [1mnull[22m,
    attemptGeneration: [33m1[39m,
    daemonEpoch: [1mnull[22m,
    incarnation: [1mnull[22m,
    payloadBytes: [33m10[39m,
    queuedAt: [33m1791095797637[39m
  }
}

[90mstdout[2m | src/lib/nativeTerminalInputQueue.test.ts[2m > [22m[2mNativeTerminalInputQueueManager[2m > [22m[2mmaintains isolated per-lane in-flight request ID and running age when input and preedit overlap
[22m[39m[ferryx:switch] {
  runId: [32m'8b4e8a87-110f-4d14-ab55-d1b0e79c16da'[39m,
  sequence: [33m53[39m,
  event: [32m'terminal.surface.input.dispatch'[39m,
  wallTimeMs: [33m1791095797588[39m,
  details: {
    operationId: [32m'req-preedit-b1697594-session-concurrent-2'[39m,
    backendSessionId: [32m'session-concurrent'[39m,
    paneIdentity: [1mnull[22m,
    bindingKey: [1mnull[22m,
    attemptGeneration: [33m1[39m,
    daemonEpoch: [1mnull[22m,
    incarnation: [1mnull[22m,
    dispatchedAt: [33m1791095797662[39m
  }
}

[90mstdout[2m | src/lib/nativeTerminalInputQueue.test.ts[2m > [22m[2mNativeTerminalInputQueueManager[2m > [22m[2mpropagates custom requestId and operationName through enqueue and reports custom ID during in-flight execution
[22m[39m[ferryx:switch] {
  runId: [32m'8b4e8a87-110f-4d14-ab55-d1b0e79c16da'[39m,
  sequence: [33m54[39m,
  event: [32m'terminal.surface.input.accepted'[39m,
  wallTimeMs: [33m1791095797588[39m,
  details: {
    operationId: [32m'custom-req-mouse-down-1'[39m,
    backendSessionId: [32m'session-custom'[39m,
    paneIdentity: [1mnull[22m,
    bindingKey: [1mnull[22m,
    attemptGeneration: [33m1[39m,
    daemonEpoch: [1mnull[22m,
    incarnation: [1mnull[22m,
    payloadBytes: [33m64[39m,
    queuedAt: [33m1791095797588[39m
  }
}
[ferryx:switch] {
  runId: [32m'8b4e8a87-110f-4d14-ab55-d1b0e79c16da'[39m,
  sequence: [33m55[39m,
  event: [32m'terminal.surface.input.dispatch'[39m,
  wallTimeMs: [33m1791095797589[39m,
  details: {
    operationId: [32m'custom-req-mouse-down-1'[39m,
    backendSessionId: [32m'session-custom'[39m,
    paneIdentity: [1mnull[22m,
    bindingKey: [1mnull[22m,
    attemptGeneration: [33m1[39m,
    daemonEpoch: [1mnull[22m,
    incarnation: [1mnull[22m,
    dispatchedAt: [33m1791095797589[39m
  }
}

[90mstdout[2m | src/lib/nativeTerminalInputQueue.test.ts[2m > [22m[2mNativeTerminalInputQueueManager[2m > [22m[2mresets in-flight request ID and running age to null when in-flight operation rejects and proceeds to next queued operation
[22m[39m[ferryx:switch] {
  runId: [32m'8b4e8a87-110f-4d14-ab55-d1b0e79c16da'[39m,
  sequence: [33m56[39m,
  event: [32m'terminal.surface.input.accepted'[39m,
  wallTimeMs: [33m1791095797589[39m,
  details: {
    operationId: [32m'req-b1697594-session-fail-1'[39m,
    backendSessionId: [32m'session-fail'[39m,
    paneIdentity: [1mnull[22m,
    bindingKey: [1mnull[22m,
    attemptGeneration: [33m1[39m,
    daemonEpoch: [1mnull[22m,
    incarnation: [1mnull[22m,
    payloadBytes: [33m10[39m,
    queuedAt: [33m1791095797589[39m
  }
}
[ferryx:switch] {
  runId: [32m'8b4e8a87-110f-4d14-ab55-d1b0e79c16da'[39m,
  sequence: [33m57[39m,
  event: [32m'terminal.surface.input.dispatch'[39m,
  wallTimeMs: [33m1791095797589[39m,
  details: {
    operationId: [32m'req-b1697594-session-fail-1'[39m,
    backendSessionId: [32m'session-fail'[39m,
    paneIdentity: [1mnull[22m,
    bindingKey: [1mnull[22m,
    attemptGeneration: [33m1[39m,
    daemonEpoch: [1mnull[22m,
    incarnation: [1mnull[22m,
    dispatchedAt: [33m1791095797589[39m
  }
}
[ferryx:switch] {
  runId: [32m'8b4e8a87-110f-4d14-ab55-d1b0e79c16da'[39m,
  sequence: [33m58[39m,
  event: [32m'terminal.surface.input.accepted'[39m,
  wallTimeMs: [33m1791095797589[39m,
  details: {
    operationId: [32m'req-b1697594-session-fail-2'[39m,
    backendSessionId: [32m'session-fail'[39m,
    paneIdentity: [1mnull[22m,
    bindingKey: [1mnull[22m,
    attemptGeneration: [33m1[39m,
    daemonEpoch: [1mnull[22m,
    incarnation: [1mnull[22m,
    payloadBytes: [33m10[39m,
    queuedAt: [33m1791095797589[39m
  }
}

[90mstdout[2m | src/lib/nativeTerminalInputQueue.test.ts[2m > [22m[2mNativeTerminalInputQueueManager[2m > [22m[2mresets in-flight request ID and running age to null when in-flight operation rejects and proceeds to next queued operation
[22m[39m[ferryx:switch] {
  runId: [32m'8b4e8a87-110f-4d14-ab55-d1b0e79c16da'[39m,
  sequence: [33m59[39m,
  event: [32m'terminal.surface.input.dispatch'[39m,
  wallTimeMs: [33m1791095797589[39m,
  details: {
    operationId: [32m'req-b1697594-session-fail-2'[39m,
    backendSessionId: [32m'session-fail'[39m,
    paneIdentity: [1mnull[22m,
    bindingKey: [1mnull[22m,
    attemptGeneration: [33m1[39m,
    daemonEpoch: [1mnull[22m,
    incarnation: [1mnull[22m,
    dispatchedAt: [33m1791095797589[39m
  }
}

[90mstdout[2m | src/lib/nativeTerminalInputQueue.test.ts[2m > [22m[2mNativeTerminalInputQueueManager[2m > [22m[2mpreserves independent in-flight tracking across distinct sessions during concurrent progress and adversarial stale generation rejection
[22m[39m[ferryx:switch] {
  runId: [32m'8b4e8a87-110f-4d14-ab55-d1b0e79c16da'[39m,
  sequence: [33m60[39m,
  event: [32m'terminal.surface.input.accepted'[39m,
  wallTimeMs: [33m1791095797590[39m,
  details: {
    operationId: [32m'req-b1697594-session-A-1'[39m,
    backendSessionId: [32m'session-A'[39m,
    paneIdentity: [1mnull[22m,
    bindingKey: [1mnull[22m,
    attemptGeneration: [33m1[39m,
    daemonEpoch: [1mnull[22m,
    incarnation: [1mnull[22m,
    payloadBytes: [33m10[39m,
    queuedAt: [33m1791095797589[39m
  }
}
[ferryx:switch] {
  runId: [32m'8b4e8a87-110f-4d14-ab55-d1b0e79c16da'[39m,
  sequence: [33m61[39m,
  event: [32m'terminal.surface.input.dispatch'[39m,
  wallTimeMs: [33m1791095797590[39m,
  details: {
    operationId: [32m'req-b1697594-session-A-1'[39m,
    backendSessionId: [32m'session-A'[39m,
    paneIdentity: [1mnull[22m,
    bindingKey: [1mnull[22m,
    attemptGeneration: [33m1[39m,
    daemonEpoch: [1mnull[22m,
    incarnation: [1mnull[22m,
    dispatchedAt: [33m1791095797589[39m
  }
}
[ferryx:switch] {
  runId: [32m'8b4e8a87-110f-4d14-ab55-d1b0e79c16da'[39m,
  sequence: [33m62[39m,
  event: [32m'terminal.surface.input.accepted'[39m,
  wallTimeMs: [33m1791095797590[39m,
  details: {
    operationId: [32m'req-b1697594-session-A-2'[39m,
    backendSessionId: [32m'session-A'[39m,
    paneIdentity: [1mnull[22m,
    bindingKey: [1mnull[22m,
    attemptGeneration: [33m1[39m,
    daemonEpoch: [1mnull[22m,
    incarnation: [1mnull[22m,
    payloadBytes: [33m10[39m,
    queuedAt: [33m1791095797589[39m
  }
}
[ferryx:switch] {
  runId: [32m'8b4e8a87-110f-4d14-ab55-d1b0e79c16da'[39m,
  sequence: [33m63[39m,
  event: [32m'terminal.surface.input.accepted'[39m,
  wallTimeMs: [33m1791095797590[39m,
  details: {
    operationId: [32m'req-b1697594-session-B-3'[39m,
    backendSessionId: [32m'session-B'[39m,
    paneIdentity: [1mnull[22m,
    bindingKey: [1mnull[22m,
    attemptGeneration: [33m1[39m,
    daemonEpoch: [1mnull[22m,
    incarnation: [1mnull[22m,
    payloadBytes: [33m10[39m,
    queuedAt: [33m1791095797589[39m
  }
}
[ferryx:switch] {
  runId: [32m'8b4e8a87-110f-4d14-ab55-d1b0e79c16da'[39m,
  sequence: [33m64[39m,
  event: [32m'terminal.surface.input.dispatch'[39m,
  wallTimeMs: [33m1791095797590[39m,
  details: {
    operationId: [32m'req-b1697594-session-B-3'[39m,
    backendSessionId: [32m'session-B'[39m,
    paneIdentity: [1mnull[22m,
    bindingKey: [1mnull[22m,
    attemptGeneration: [33m1[39m,
    daemonEpoch: [1mnull[22m,
    incarnation: [1mnull[22m,
    dispatchedAt: [33m1791095797589[39m
  }
}

[90mstdout[2m | src/lib/nativeTerminalInputQueue.test.ts[2m > [22m[2mNativeTerminalInputQueueManager[2m > [22m[2mdistinguishes in-flight execution age from waiting queued head age
[22m[39m[ferryx:switch] {
  runId: [32m'8b4e8a87-110f-4d14-ab55-d1b0e79c16da'[39m,
  sequence: [33m65[39m,
  event: [32m'terminal.surface.input.accepted'[39m,
  wallTimeMs: [33m1791095797590[39m,
  details: {
    operationId: [32m'req-b1697594-sess-queue-age-1'[39m,
    backendSessionId: [32m'sess-queue-age'[39m,
    paneIdentity: [1mnull[22m,
    bindingKey: [1mnull[22m,
    attemptGeneration: [33m1[39m,
    daemonEpoch: [1mnull[22m,
    incarnation: [1mnull[22m,
    payloadBytes: [33m10[39m,
    queuedAt: [33m1791095797590[39m
  }
}
[ferryx:switch] {
  runId: [32m'8b4e8a87-110f-4d14-ab55-d1b0e79c16da'[39m,
  sequence: [33m66[39m,
  event: [32m'terminal.surface.input.dispatch'[39m,
  wallTimeMs: [33m1791095797590[39m,
  details: {
    operationId: [32m'req-b1697594-sess-queue-age-1'[39m,
    backendSessionId: [32m'sess-queue-age'[39m,
    paneIdentity: [1mnull[22m,
    bindingKey: [1mnull[22m,
    attemptGeneration: [33m1[39m,
    daemonEpoch: [1mnull[22m,
    incarnation: [1mnull[22m,
    dispatchedAt: [33m1791095797590[39m
  }
}
[ferryx:switch] {
  runId: [32m'8b4e8a87-110f-4d14-ab55-d1b0e79c16da'[39m,
  sequence: [33m67[39m,
  event: [32m'terminal.surface.input.accepted'[39m,
  wallTimeMs: [33m1791095797590[39m,
  details: {
    operationId: [32m'req-b1697594-sess-queue-age-2'[39m,
    backendSessionId: [32m'sess-queue-age'[39m,
    paneIdentity: [32m'pane-1'[39m,
    bindingKey: [32m'bk-1'[39m,
    attemptGeneration: [33m1[39m,
    daemonEpoch: [1mnull[22m,
    incarnation: [1mnull[22m,
    payloadBytes: [33m10[39m,
    queuedAt: [33m1791095797610[39m
  }
}

[90mstdout[2m | src/lib/nativeTerminalInputQueue.test.ts[2m > [22m[2mNativeTerminalInputQueueManager[2m > [22m[2mdistinguishes in-flight execution age from waiting queued head age
[22m[39m[ferryx:switch] {
  runId: [32m'8b4e8a87-110f-4d14-ab55-d1b0e79c16da'[39m,
  sequence: [33m68[39m,
  event: [32m'terminal.surface.input.dispatch'[39m,
  wallTimeMs: [33m1791095797591[39m,
  details: {
    operationId: [32m'req-b1697594-sess-queue-age-2'[39m,
    backendSessionId: [32m'sess-queue-age'[39m,
    paneIdentity: [32m'pane-1'[39m,
    bindingKey: [32m'bk-1'[39m,
    attemptGeneration: [33m1[39m,
    daemonEpoch: [1mnull[22m,
    incarnation: [1mnull[22m,
    dispatchedAt: [33m1791095797660[39m
  }
}

 [32m✓[39m src/lib/nativeTerminalInputQueue.test.ts [2m([22m[2m17 tests[22m[2m)[22m[32m 15[2mms[22m[39m
[90mstderr[2m | src/lib/useDagWatchLifecycle.test.tsx[2m > [22m[2mretries a rejected subscription without requiring a project change
[22m[39mDAG subscription failed ssh:workspace:/remote:repo Error: daemon restarting
    at [90mC:\Users\sook\ferryx-pane-completion\source-21dea3c0\ui\[39msrc\lib\useDagWatchLifecycle.test.tsx:113:28
    at [90mfile:///C:/Users/sook/ferryx-pane-completion/source-21dea3c0/ui/[39mnode_modules/[4m@vitest/runner[24m/dist/chunk-hooks.js:155:11
    at [90mfile:///C:/Users/sook/ferryx-pane-completion/source-21dea3c0/ui/[39mnode_modules/[4m@vitest/runner[24m/dist/chunk-hooks.js:752:26
    at [90mfile:///C:/Users/sook/ferryx-pane-completion/source-21dea3c0/ui/[39mnode_modules/[4m@vitest/runner[24m/dist/chunk-hooks.js:1897:20
    at new Promise (<anonymous>)
    at runWithTimeout [90m(file:///C:/Users/sook/ferryx-pane-completion/source-21dea3c0/ui/[39mnode_modules/[4m@vitest/runner[24m/dist/chunk-hooks.js:1863:10[90m)[39m
    at runTest [90m(file:///C:/Users/sook/ferryx-pane-completion/source-21dea3c0/ui/[39mnode_modules/[4m@vitest/runner[24m/dist/chunk-hooks.js:1574:12[90m)[39m
    at runSuite [90m(file:///C:/Users/sook/ferryx-pane-completion/source-21dea3c0/ui/[39mnode_modules/[4m@vitest/runner[24m/dist/chunk-hooks.js:1729:8[90m)[39m
    at runFiles [90m(file:///C:/Users/sook/ferryx-pane-completion/source-21dea3c0/ui/[39mnode_modules/[4m@vitest/runner[24m/dist/chunk-hooks.js:1787:3[90m)[39m
    at startTests [90m(file:///C:/Users/sook/ferryx-pane-completion/source-21dea3c0/ui/[39mnode_modules/[4m@vitest/runner[24m/dist/chunk-hooks.js:1820:3[90m)[39m

[90mstderr[2m | src/lib/useDagWatchLifecycle.test.tsx[2m > [22m[2mretries listener registration before opening subscriptions
[22m[39mDAG listener registration failed Error: event service restarting
    at [90mC:\Users\sook\ferryx-pane-completion\source-21dea3c0\ui\[39msrc\lib\useDagWatchLifecycle.test.tsx:125:28
    at [90mfile:///C:/Users/sook/ferryx-pane-completion/source-21dea3c0/ui/[39mnode_modules/[4m@vitest/runner[24m/dist/chunk-hooks.js:155:11
    at [90mfile:///C:/Users/sook/ferryx-pane-completion/source-21dea3c0/ui/[39mnode_modules/[4m@vitest/runner[24m/dist/chunk-hooks.js:752:26
    at [90mfile:///C:/Users/sook/ferryx-pane-completion/source-21dea3c0/ui/[39mnode_modules/[4m@vitest/runner[24m/dist/chunk-hooks.js:1897:20
    at new Promise (<anonymous>)
    at runWithTimeout [90m(file:///C:/Users/sook/ferryx-pane-completion/source-21dea3c0/ui/[39mnode_modules/[4m@vitest/runner[24m/dist/chunk-hooks.js:1863:10[90m)[39m
    at runTest [90m(file:///C:/Users/sook/ferryx-pane-completion/source-21dea3c0/ui/[39mnode_modules/[4m@vitest/runner[24m/dist/chunk-hooks.js:1574:12[90m)[39m
    at runSuite [90m(file:///C:/Users/sook/ferryx-pane-completion/source-21dea3c0/ui/[39mnode_modules/[4m@vitest/runner[24m/dist/chunk-hooks.js:1729:8[90m)[39m
    at runFiles [90m(file:///C:/Users/sook/ferryx-pane-completion/source-21dea3c0/ui/[39mnode_modules/[4m@vitest/runner[24m/dist/chunk-hooks.js:1787:3[90m)[39m
    at startTests [90m(file:///C:/Users/sook/ferryx-pane-completion/source-21dea3c0/ui/[39mnode_modules/[4m@vitest/runner[24m/dist/chunk-hooks.js:1820:3[90m)[39m

[90mstderr[2m | src/lib/useDagWatchLifecycle.test.tsx[2m > [22m[2mcancels a scheduled retry when the hook unmounts
[22m[39mDAG subscription failed ssh:workspace:/remote:repo Error: offline
    at [90mC:\Users\sook\ferryx-pane-completion\source-21dea3c0\ui\[39msrc\lib\useDagWatchLifecycle.test.tsx:139:58
    at [90mfile:///C:/Users/sook/ferryx-pane-completion/source-21dea3c0/ui/[39mnode_modules/[4m@vitest/runner[24m/dist/chunk-hooks.js:155:11
    at [90mfile:///C:/Users/sook/ferryx-pane-completion/source-21dea3c0/ui/[39mnode_modules/[4m@vitest/runner[24m/dist/chunk-hooks.js:752:26
    at [90mfile:///C:/Users/sook/ferryx-pane-completion/source-21dea3c0/ui/[39mnode_modules/[4m@vitest/runner[24m/dist/chunk-hooks.js:1897:20
    at new Promise (<anonymous>)
    at runWithTimeout [90m(file:///C:/Users/sook/ferryx-pane-completion/source-21dea3c0/ui/[39mnode_modules/[4m@vitest/runner[24m/dist/chunk-hooks.js:1863:10[90m)[39m
    at runTest [90m(file:///C:/Users/sook/ferryx-pane-completion/source-21dea3c0/ui/[39mnode_modules/[4m@vitest/runner[24m/dist/chunk-hooks.js:1574:12[90m)[39m
    at runSuite [90m(file:///C:/Users/sook/ferryx-pane-completion/source-21dea3c0/ui/[39mnode_modules/[4m@vitest/runner[24m/dist/chunk-hooks.js:1729:8[90m)[39m
    at runFiles [90m(file:///C:/Users/sook/ferryx-pane-completion/source-21dea3c0/ui/[39mnode_modules/[4m@vitest/runner[24m/dist/chunk-hooks.js:1787:3[90m)[39m
    at startTests [90m(file:///C:/Users/sook/ferryx-pane-completion/source-21dea3c0/ui/[39mnode_modules/[4m@vitest/runner[24m/dist/chunk-hooks.js:1820:3[90m)[39m

 [32m✓[39m src/lib/useDagWatchLifecycle.test.tsx [2m([22m[2m17 tests[22m[2m)[22m[32m 36[2mms[22m[39m
 [32m✓[39m src/App.pairedDaemon.test.tsx [2m([22m[2m8 tests[22m[2m)[22m[32m 280[2mms[22m[39m
 [32m✓[39m src/state/workspaceStore.browserLifecycle.test.tsx [2m([22m[2m8 tests[22m[2m)[22m[32m 31[2mms[22m[39m
 [32m✓[39m src/state/screenActivity.test.ts [2m([22m[2m18 tests[22m[2m)[22m[32m 10[2mms[22m[39m
 [32m✓[39m src/remote/RemoteTerminal.mobile.test.tsx [2m([22m[2m20 tests[22m[2m)[22m[32m 228[2mms[22m[39m
 [32m✓[39m src/App.remoteHostShortcuts.test.tsx [2m([22m[2m4 tests[22m[2m)[22m[33m 437[2mms[22m[39m
 [32m✓[39m src/remote/chat/MobileChatMessage.test.tsx [2m([22m[2m27 tests[22m[2m)[22m[32m 234[2mms[22m[39m
 [32m✓[39m src/lib/filePreview.test.ts [2m([22m[2m16 tests[22m[2m)[22m[32m 14[2mms[22m[39m
 [32m✓[39m src/lib/agentReconnect.integration.test.ts [2m([22m[2m7 tests[22m[2m)[22m[32m 32[2mms[22m[39m
 [32m✓[39m src/components/WorktreeDeleteDialog.test.tsx [2m([22m[2m14 tests[22m[2m)[22m[32m 215[2mms[22m[39m
 [32m✓[39m src/lib/linkRouting.test.ts [2m([22m[2m33 tests[22m[2m)[22m[32m 18[2mms[22m[39m
 [32m✓[39m src/lib/agentResumeAffordance.test.ts [2m([22m[2m21 tests[22m[2m)[22m[32m 8[2mms[22m[39m
[90mstderr[2m | src/lib/sessionLifecycle.test.ts[2m > [22m[2msessionLifecycle[2m > [22m[2midle sweep[2m > [22m[2mvetoes suspension when the output ground truth cannot be verified
[22m[39mFailed to read daemon suspension state: Error: ipc down
    at [90mC:\Users\sook\ferryx-pane-completion\source-21dea3c0\ui\[39msrc\lib\sessionLifecycle.test.ts:356:50
    at mockCall [90m(file:///C:/Users/sook/ferryx-pane-completion/source-21dea3c0/ui/[39mnode_modules/[4m@vitest/spy[24m/dist/index.js:96:15[90m)[39m
    at describeTerminal [90m(file:///C:/Users/sook/ferryx-pane-completion/source-21dea3c0/ui/[39mnode_modules/[4mtinyspy[24m/dist/index.js:47:80[90m)[39m
    at [90mC:\Users\sook\ferryx-pane-completion\source-21dea3c0\ui\[39msrc\lib\sessionLifecycle.ts:191:17

 [32m✓[39m src/lib/sessionLifecycle.test.ts [2m([22m[2m20 tests[22m[2m)[22m[32m 145[2mms[22m[39m
 [32m✓[39m src/components/notification/NotificationCenterPopover.test.tsx [2m([22m[2m16 tests[22m[2m)[22m[33m 528[2mms[22m[39m
 [32m✓[39m src/remote/RemoteBrowser.reconnect.test.tsx [2m([22m[2m8 tests[22m[2m)[22m[33m 427[2mms[22m[39m
 [32m✓[39m src/components/FilePreviewText.test.tsx [2m([22m[2m20 tests[22m[2m)[22m[32m 266[2mms[22m[39m
 [32m✓[39m src/remote/AccountLoginPage.test.tsx [2m([22m[2m10 tests[22m[2m)[22m[32m 112[2mms[22m[39m
[90mstdout[2m | src/components/NativeTerminalPane.presentation.test.tsx[2m > [22m[2mnative terminal presentation retention[2m > [22m[2mdoes not steal dialog focus when an earlier attachment finishes
[22m[39m[ferryx:switch] {
  runId: [32m'b0338dc5-268f-47ef-8831-f81d462d2835'[39m,
  sequence: [33m1[39m,
  event: [32m'terminal.surface.presented'[39m,
  wallTimeMs: [33m1791095824379[39m,
  details: {
    localSessionId: [90mundefined[39m,
    backendSessionId: [32m'backend-a'[39m,
    cursorCol: [33m0[39m,
    cursorRow: [33m0[39m,
    cellWidthPx: [33m8[39m,
    cellHeightPx: [33m16[39m
  }
}

[90mstdout[2m | src/components/NativeTerminalPane.presentation.test.tsx[2m > [22m[2mnative terminal presentation retention[2m > [22m[2mkeeps a presented macOS surface under a dialog without accepting terminal keys
[22m[39m[ferryx:switch] {
  runId: [32m'b0338dc5-268f-47ef-8831-f81d462d2835'[39m,
  sequence: [33m2[39m,
  event: [32m'terminal.surface.presented'[39m,
  wallTimeMs: [33m1791095824386[39m,
  details: {
    localSessionId: [90mundefined[39m,
    backendSessionId: [32m'backend-a'[39m,
    cursorCol: [33m0[39m,
    cursorRow: [33m0[39m,
    cellWidthPx: [33m8[39m,
    cellHeightPx: [33m16[39m
  }
}

[90mstdout[2m | src/components/NativeTerminalPane.presentation.test.tsx[2m > [22m[2mnative terminal presentation retention[2m > [22m[2mdoes not recover an in-flight input after a dialog takes ownership
[22m[39m[ferryx:switch] {
  runId: [32m'b0338dc5-268f-47ef-8831-f81d462d2835'[39m,
  sequence: [33m3[39m,
  event: [32m'terminal.surface.presented'[39m,
  wallTimeMs: [33m1791095824392[39m,
  details: {
    localSessionId: [90mundefined[39m,
    backendSessionId: [32m'backend-a'[39m,
    cursorCol: [33m0[39m,
    cursorRow: [33m0[39m,
    cellWidthPx: [33m8[39m,
    cellHeightPx: [33m16[39m
  }
}

[90mstdout[2m | src/components/NativeTerminalPane.presentation.test.tsx[2m > [22m[2mnative terminal presentation retention[2m > [22m[2mdoes not recover an in-flight input after a dialog takes ownership
[22m[39m[ferryx:switch] {
  runId: [32m'b0338dc5-268f-47ef-8831-f81d462d2835'[39m,
  sequence: [33m4[39m,
  event: [32m'terminal.surface.input.accepted'[39m,
  wallTimeMs: [33m1791095824395[39m,
  details: {
    operationId: [32m'req-292f9b91-backend-a-1'[39m,
    backendSessionId: [32m'backend-a'[39m,
    paneIdentity: [1mnull[22m,
    bindingKey: [1mnull[22m,
    attemptGeneration: [1mnull[22m,
    daemonEpoch: [1mnull[22m,
    incarnation: [1mnull[22m,
    payloadBytes: [33m1[39m,
    queuedAt: [33m1791095824395[39m
  }
}
[ferryx:switch] {
  runId: [32m'b0338dc5-268f-47ef-8831-f81d462d2835'[39m,
  sequence: [33m5[39m,
  event: [32m'terminal.surface.input.dispatch'[39m,
  wallTimeMs: [33m1791095824395[39m,
  details: {
    operationId: [32m'req-292f9b91-backend-a-1'[39m,
    backendSessionId: [32m'backend-a'[39m,
    paneIdentity: [1mnull[22m,
    bindingKey: [1mnull[22m,
    attemptGeneration: [1mnull[22m,
    daemonEpoch: [1mnull[22m,
    incarnation: [1mnull[22m,
    dispatchedAt: [33m1791095824395[39m
  }
}

[90mstdout[2m | src/components/NativeTerminalPane.presentation.test.tsx[2m > [22m[2mnative terminal presentation retention[2m > [22m[2mretains a shown final frame on exit, blocks input, and releases it on unmount ({})
[22m[39m[ferryx:switch] {
  runId: [32m'b0338dc5-268f-47ef-8831-f81d462d2835'[39m,
  sequence: [33m6[39m,
  event: [32m'terminal.surface.presented'[39m,
  wallTimeMs: [33m1791095824398[39m,
  details: {
    localSessionId: [90mundefined[39m,
    backendSessionId: [32m'backend-a'[39m,
    cursorCol: [33m0[39m,
    cursorRow: [33m0[39m,
    cellWidthPx: [33m8[39m,
    cellHeightPx: [33m16[39m
  }
}

[90mstdout[2m | src/components/NativeTerminalPane.presentation.test.tsx[2m > [22m[2mnative terminal presentation retention[2m > [22m[2mretains a shown final frame on exit, blocks input, and releases it on unmount ({"daemonEpoch":"epoch-a","remoteGeneration":7,"remoteConnectionState":"connected"})
[22m[39m[ferryx:switch] {
  runId: [32m'b0338dc5-268f-47ef-8831-f81d462d2835'[39m,
  sequence: [33m7[39m,
  event: [32m'terminal.surface.presented'[39m,
  wallTimeMs: [33m1791095824402[39m,
  details: {
    localSessionId: [90mundefined[39m,
    backendSessionId: [32m'backend-a'[39m,
    cursorCol: [33m0[39m,
    cursorRow: [33m0[39m,
    cellWidthPx: [33m8[39m,
    cellHeightPx: [33m16[39m
  }
}

[90mstdout[2m | src/components/NativeTerminalPane.presentation.test.tsx[2m > [22m[2mnative terminal presentation retention[2m > [22m[2mrebinds the same backend ID and fences the previous attach completion ({"daemonEpoch":"epoch-b","remoteGeneration":1})
[22m[39m[ferryx:switch] {
  runId: [32m'b0338dc5-268f-47ef-8831-f81d462d2835'[39m,
  sequence: [33m8[39m,
  event: [32m'terminal.surface.presented'[39m,
  wallTimeMs: [33m1791095824406[39m,
  details: {
    localSessionId: [90mundefined[39m,
    backendSessionId: [32m'backend-a'[39m,
    cursorCol: [33m0[39m,
    cursorRow: [33m0[39m,
    cellWidthPx: [33m8[39m,
    cellHeightPx: [33m16[39m
  }
}

[90mstdout[2m | src/components/NativeTerminalPane.presentation.test.tsx[2m > [22m[2mnative terminal presentation retention[2m > [22m[2mrebinds the same backend ID and fences the previous attach completion ({"daemonEpoch":"epoch-a","remoteGeneration":2})
[22m[39m[ferryx:switch] {
  runId: [32m'b0338dc5-268f-47ef-8831-f81d462d2835'[39m,
  sequence: [33m9[39m,
  event: [32m'terminal.surface.presented'[39m,
  wallTimeMs: [33m1791095824409[39m,
  details: {
    localSessionId: [90mundefined[39m,
    backendSessionId: [32m'backend-a'[39m,
    cursorCol: [33m0[39m,
    cursorRow: [33m0[39m,
    cellWidthPx: [33m8[39m,
    cellHeightPx: [33m16[39m
  }
}

[90mstdout[2m | src/components/NativeTerminalPane.presentation.test.tsx[2m > [22m[2mnative terminal presentation retention[2m > [22m[2mfences pending input recovery across a same-ID binding change ({"daemonEpoch":"epoch-b","remoteGeneration":1})
[22m[39m[ferryx:switch] {
  runId: [32m'b0338dc5-268f-47ef-8831-f81d462d2835'[39m,
  sequence: [33m10[39m,
  event: [32m'terminal.surface.presented'[39m,
  wallTimeMs: [33m1791095824411[39m,
  details: {
    localSessionId: [90mundefined[39m,
    backendSessionId: [32m'backend-a'[39m,
    cursorCol: [33m0[39m,
    cursorRow: [33m0[39m,
    cellWidthPx: [33m8[39m,
    cellHeightPx: [33m16[39m
  }
}

[90mstdout[2m | src/components/NativeTerminalPane.presentation.test.tsx[2m > [22m[2mnative terminal presentation retention[2m > [22m[2mfences pending input recovery across a same-ID binding change ({"daemonEpoch":"epoch-b","remoteGeneration":1})
[22m[39m[ferryx:switch] {
  runId: [32m'b0338dc5-268f-47ef-8831-f81d462d2835'[39m,
  sequence: [33m11[39m,
  event: [32m'terminal.surface.input.accepted'[39m,
  wallTimeMs: [33m1791095824412[39m,
  details: {
    operationId: [32m'req-292f9b91-backend-a-2'[39m,
    backendSessionId: [32m'backend-a'[39m,
    paneIdentity: [1mnull[22m,
    bindingKey: [1mnull[22m,
    attemptGeneration: [1mnull[22m,
    daemonEpoch: [1mnull[22m,
    incarnation: [1mnull[22m,
    payloadBytes: [33m1[39m,
    queuedAt: [33m1791095824412[39m
  }
}
[ferryx:switch] {
  runId: [32m'b0338dc5-268f-47ef-8831-f81d462d2835'[39m,
  sequence: [33m12[39m,
  event: [32m'terminal.surface.input.dispatch'[39m,
  wallTimeMs: [33m1791095824412[39m,
  details: {
    operationId: [32m'req-292f9b91-backend-a-2'[39m,
    backendSessionId: [32m'backend-a'[39m,
    paneIdentity: [1mnull[22m,
    bindingKey: [1mnull[22m,
    attemptGeneration: [1mnull[22m,
    daemonEpoch: [1mnull[22m,
    incarnation: [1mnull[22m,
    dispatchedAt: [33m1791095824412[39m
  }
}

[90mstdout[2m | src/components/NativeTerminalPane.presentation.test.tsx[2m > [22m[2mnative terminal presentation retention[2m > [22m[2mfences pending input recovery across a same-ID binding change ({"daemonEpoch":"epoch-b","remoteGeneration":1})
[22m[39m[ferryx:switch] {
  runId: [32m'b0338dc5-268f-47ef-8831-f81d462d2835'[39m,
  sequence: [33m13[39m,
  event: [32m'terminal.surface.presented'[39m,
  wallTimeMs: [33m1791095824413[39m,
  details: {
    localSessionId: [90mundefined[39m,
    backendSessionId: [32m'backend-a'[39m,
    cursorCol: [33m0[39m,
    cursorRow: [33m0[39m,
    cellWidthPx: [33m8[39m,
    cellHeightPx: [33m16[39m
  }
}

[90mstdout[2m | src/components/NativeTerminalPane.presentation.test.tsx[2m > [22m[2mnative terminal presentation retention[2m > [22m[2mfences pending input recovery across a same-ID binding change ({"daemonEpoch":"epoch-a","remoteGeneration":2})
[22m[39m[ferryx:switch] {
  runId: [32m'b0338dc5-268f-47ef-8831-f81d462d2835'[39m,
  sequence: [33m14[39m,
  event: [32m'terminal.surface.presented'[39m,
  wallTimeMs: [33m1791095824416[39m,
  details: {
    localSessionId: [90mundefined[39m,
    backendSessionId: [32m'backend-a'[39m,
    cursorCol: [33m0[39m,
    cursorRow: [33m0[39m,
    cellWidthPx: [33m8[39m,
    cellHeightPx: [33m16[39m
  }
}

[90mstdout[2m | src/components/NativeTerminalPane.presentation.test.tsx[2m > [22m[2mnative terminal presentation retention[2m > [22m[2mfences pending input recovery across a same-ID binding change ({"daemonEpoch":"epoch-a","remoteGeneration":2})
[22m[39m[ferryx:switch] {
  runId: [32m'b0338dc5-268f-47ef-8831-f81d462d2835'[39m,
  sequence: [33m15[39m,
  event: [32m'terminal.surface.input.accepted'[39m,
  wallTimeMs: [33m1791095824417[39m,
  details: {
    operationId: [32m'req-292f9b91-backend-a-3'[39m,
    backendSessionId: [32m'backend-a'[39m,
    paneIdentity: [1mnull[22m,
    bindingKey: [1mnull[22m,
    attemptGeneration: [1mnull[22m,
    daemonEpoch: [1mnull[22m,
    incarnation: [1mnull[22m,
    payloadBytes: [33m1[39m,
    queuedAt: [33m1791095824417[39m
  }
}
[ferryx:switch] {
  runId: [32m'b0338dc5-268f-47ef-8831-f81d462d2835'[39m,
  sequence: [33m16[39m,
  event: [32m'terminal.surface.input.dispatch'[39m,
  wallTimeMs: [33m1791095824417[39m,
  details: {
    operationId: [32m'req-292f9b91-backend-a-3'[39m,
    backendSessionId: [32m'backend-a'[39m,
    paneIdentity: [1mnull[22m,
    bindingKey: [1mnull[22m,
    attemptGeneration: [1mnull[22m,
    daemonEpoch: [1mnull[22m,
    incarnation: [1mnull[22m,
    dispatchedAt: [33m1791095824417[39m
  }
}

[90mstdout[2m | src/components/NativeTerminalPane.presentation.test.tsx[2m > [22m[2mnative terminal presentation retention[2m > [22m[2mfences pending input recovery across a same-ID binding change ({"daemonEpoch":"epoch-a","remoteGeneration":2})
[22m[39m[ferryx:switch] {
  runId: [32m'b0338dc5-268f-47ef-8831-f81d462d2835'[39m,
  sequence: [33m17[39m,
  event: [32m'terminal.surface.presented'[39m,
  wallTimeMs: [33m1791095824417[39m,
  details: {
    localSessionId: [90mundefined[39m,
    backendSessionId: [32m'backend-a'[39m,
    cursorCol: [33m0[39m,
    cursorRow: [33m0[39m,
    cellWidthPx: [33m8[39m,
    cellHeightPx: [33m16[39m
  }
}

[90mstdout[2m | src/components/NativeTerminalPane.presentation.test.tsx[2m > [22m[2mnative terminal presentation retention[2m > [22m[2myields an exited native surface outside macOS so the disconnect overlay is not occluded
[22m[39m[ferryx:switch] {
  runId: [32m'b0338dc5-268f-47ef-8831-f81d462d2835'[39m,
  sequence: [33m18[39m,
  event: [32m'terminal.surface.presented'[39m,
  wallTimeMs: [33m1791095824421[39m,
  details: {
    localSessionId: [90mundefined[39m,
    backendSessionId: [32m'backend-a'[39m,
    cursorCol: [33m0[39m,
    cursorRow: [33m0[39m,
    cellWidthPx: [33m8[39m,
    cellHeightPx: [33m16[39m
  }
}

[90mstdout[2m | src/components/NativeTerminalPane.presentation.test.tsx[2m > [22m[2mnative terminal presentation retention[2m > [22m[2mnever reattaches a dead PTY when retained-frame geometry recovery is requested
[22m[39m[ferryx:switch] {
  runId: [32m'b0338dc5-268f-47ef-8831-f81d462d2835'[39m,
  sequence: [33m19[39m,
  event: [32m'terminal.surface.presented'[39m,
  wallTimeMs: [33m1791095824423[39m,
  details: {
    localSessionId: [90mundefined[39m,
    backendSessionId: [32m'backend-a'[39m,
    cursorCol: [33m0[39m,
    cursorRow: [33m0[39m,
    cellWidthPx: [33m8[39m,
    cellHeightPx: [33m16[39m
  }
}

[90mstdout[2m | src/components/NativeTerminalPane.presentation.test.tsx[2m > [22m[2mnative terminal presentation retention[2m > [22m[2mholds the final frame until a reconnected replacement is presented
[22m[39m[ferryx:switch] {
  runId: [32m'b0338dc5-268f-47ef-8831-f81d462d2835'[39m,
  sequence: [33m20[39m,
  event: [32m'terminal.surface.presented'[39m,
  wallTimeMs: [33m1791095824456[39m,
  details: {
    localSessionId: [90mundefined[39m,
    backendSessionId: [32m'backend-a'[39m,
    cursorCol: [33m0[39m,
    cursorRow: [33m0[39m,
    cellWidthPx: [33m8[39m,
    cellHeightPx: [33m16[39m
  }
}

[90mstdout[2m | src/components/NativeTerminalPane.presentation.test.tsx[2m > [22m[2mnative terminal presentation retention[2m > [22m[2mholds the final frame until a reconnected replacement is presented
[22m[39m[ferryx:switch] {
  runId: [32m'b0338dc5-268f-47ef-8831-f81d462d2835'[39m,
  sequence: [33m21[39m,
  event: [32m'terminal.surface.presented'[39m,
  wallTimeMs: [33m1791095824457[39m,
  details: {
    localSessionId: [90mundefined[39m,
    backendSessionId: [32m'backend-b'[39m,
    cursorCol: [33m0[39m,
    cursorRow: [33m0[39m,
    cellWidthPx: [33m8[39m,
    cellHeightPx: [33m16[39m
  }
}

 [32m✓[39m src/components/NativeTerminalPane.presentation.test.tsx [2m([22m[2m14 tests[22m[2m)[22m[32m 102[2mms[22m[39m
 [32m✓[39m src/state/inactiveProjectWorktrees.test.tsx [2m([22m[2m13 tests[22m[2m)[22m[32m 23[2mms[22m[39m
 [32m✓[39m src/lib/browserTauri.test.ts [2m([22m[2m26 tests[22m[2m)[22m[32m 11[2mms[22m[39m
 [32m✓[39m src/components/AgentHistoryDialog.test.tsx [2m([22m[2m8 tests[22m[2m)[22m[33m 349[2mms[22m[39m
 [32m✓[39m src/components/Sidebar.remote.test.tsx [2m([22m[2m12 tests[22m[2m)[22m[32m 212[2mms[22m[39m
[90mstderr[2m | src/components/FilePreviewDialog.test.tsx[2m > [22m[2mFilePreviewDialog[2m > [22m[2mrenders an audio payload with a read-only audio element, not the video renderer
[22m[39mError: Not implemented: HTMLMediaElement.prototype.pause
    at module.exports (C:\Users\sook\ferryx-pane-completion\source-21dea3c0\ui\node_modules\jsdom\lib\jsdom\browser\not-implemented.js:9:17)
    at HTMLAudioElementImpl.pause (C:\Users\sook\ferryx-pane-completion\source-21dea3c0\ui\node_modules\jsdom\lib\jsdom\living\nodes\HTMLMediaElement-impl.js:121:5)
    at HTMLAudioElement.pause (C:\Users\sook\ferryx-pane-completion\source-21dea3c0\ui\node_modules\jsdom\lib\jsdom\living\generated\HTMLMediaElement.js:160:34)
    at C:\Users\sook\ferryx-pane-completion\source-21dea3c0\ui\src\components\FilePreviewAudio.tsx:17:13
    at safelyCallDestroy (C:\Users\sook\ferryx-pane-completion\source-21dea3c0\ui\node_modules\react-dom\cjs\react-dom.development.js:22971:5)
    at commitHookEffectListUnmount (C:\Users\sook\ferryx-pane-completion\source-21dea3c0\ui\node_modules\react-dom\cjs\react-dom.development.js:23139:11)
    at commitPassiveUnmountInsideDeletedTreeOnFiber (C:\Users\sook\ferryx-pane-completion\source-21dea3c0\ui\node_modules\react-dom\cjs\react-dom.development.js:25140:11)
    at commitPassiveUnmountEffectsInsideOfDeletedTree_begin (C:\Users\sook\ferryx-pane-completion\source-21dea3c0\ui\node_modules\react-dom\cjs\react-dom.development.js:25087:5)
    at commitPassiveUnmountEffects_begin (C:\Users\sook\ferryx-pane-completion\source-21dea3c0\ui\node_modules\react-dom\cjs\react-dom.development.js:24995:11)
    at commitPassiveUnmountEffects (C:\Users\sook\ferryx-pane-completion\source-21dea3c0\ui\node_modules\react-dom\cjs\react-dom.development.js:24980:3) [90mundefined[39m
Error: Not implemented: HTMLMediaElement.prototype.load
    at module.exports (C:\Users\sook\ferryx-pane-completion\source-21dea3c0\ui\node_modules\jsdom\lib\jsdom\browser\not-implemented.js:9:17)
    at HTMLAudioElementImpl.load (C:\Users\sook\ferryx-pane-completion\source-21dea3c0\ui\node_modules\jsdom\lib\jsdom\living\nodes\HTMLMediaElement-impl.js:112:5)
    at HTMLAudioElement.load (C:\Users\sook\ferryx-pane-completion\source-21dea3c0\ui\node_modules\jsdom\lib\jsdom\living\generated\HTMLMediaElement.js:109:34)
    at C:\Users\sook\ferryx-pane-completion\source-21dea3c0\ui\src\components\FilePreviewAudio.tsx:19:13
    at safelyCallDestroy (C:\Users\sook\ferryx-pane-completion\source-21dea3c0\ui\node_modules\react-dom\cjs\react-dom.development.js:22971:5)
    at commitHookEffectListUnmount (C:\Users\sook\ferryx-pane-completion\source-21dea3c0\ui\node_modules\react-dom\cjs\react-dom.development.js:23139:11)
    at commitPassiveUnmountInsideDeletedTreeOnFiber (C:\Users\sook\ferryx-pane-completion\source-21dea3c0\ui\node_modules\react-dom\cjs\react-dom.development.js:25140:11)
    at commitPassiveUnmountEffectsInsideOfDeletedTree_begin (C:\Users\sook\ferryx-pane-completion\source-21dea3c0\ui\node_modules\react-dom\cjs\react-dom.development.js:25087:5)
    at commitPassiveUnmountEffects_begin (C:\Users\sook\ferryx-pane-completion\source-21dea3c0\ui\node_modules\react-dom\cjs\react-dom.development.js:24995:11)
    at commitPassiveUnmountEffects (C:\Users\sook\ferryx-pane-completion\source-21dea3c0\ui\node_modules\react-dom\cjs\react-dom.development.js:24980:3) [90mundefined[39m

 [32m✓[39m src/components/FilePreviewDialog.test.tsx [2m([22m[2m15 tests[22m[2m)[22m[32m 178[2mms[22m[39m
 [32m✓[39m src/components/TerminalSplitView.paneToTabRow.runtime.test.tsx [2m([22m[2m7 tests[22m[2m)[22m[32m 69[2mms[22m[39m
 [32m✓[39m src/lib/localSplitLifecycle.test.ts [2m([22m[2m19 tests[22m[2m)[22m[32m 17[2mms[22m[39m
 [32m✓[39m src/lib/notificationCenter/notificationCenter.test.ts [2m([22m[2m37 tests[22m[2m)[22m[32m 29[2mms[22m[39m
 [32m✓[39m src/components/WorktreeDiskDialog.test.tsx [2m([22m[2m8 tests[22m[2m)[22m[32m 176[2mms[22m[39m
 [32m✓[39m src/state/workspaceRuntime.test.tsx [2m([22m[2m11 tests[22m[2m)[22m[33m 844[2mms[22m[39m
 [32m✓[39m src/components/FilePreviewImage.test.tsx [2m([22m[2m17 tests[22m[2m)[22m[32m 229[2mms[22m[39m
 [31m❯[39m src/components/TerminalSearchOverlay.test.tsx [2m([22m[2m11 tests[22m[2m | [22m[31m1 failed[39m[2m)[22m[32m 178[2mms[22m[39m
   [32m✓[39m TerminalSearchOverlay native session search[2m > [22mrenders search input, navigation buttons, and close button[32m 55[2mms[22m[39m
   [32m✓[39m TerminalSearchOverlay native session search[2m > [22mtriggers native search on query input and parses camelCase Rust DTO object[32m 15[2mms[22m[39m
   [32m✓[39m TerminalSearchOverlay native session search[2m > [22mtriggers native search on query input and displays match counter[32m 15[2mms[22m[39m
   [32m✓[39m TerminalSearchOverlay native session search[2m > [22mhandles zero matches DTO object cleanly with 0/0[32m 10[2mms[22m[39m
   [32m✓[39m TerminalSearchOverlay native session search[2m > [22mhandles invoke rejection gracefully by showing 0/0[32m 22[2mms[22m[39m
   [32m✓[39m TerminalSearchOverlay native session search[2m > [22mparses snake_case DTO matches gracefully[32m 15[2mms[22m[39m
   [32m✓[39m TerminalSearchOverlay native session search[2m > [22mnavigates matches with Enter, Shift+Enter, and arrow buttons[32m 23[2mms[22m[39m
   [32m✓[39m TerminalSearchOverlay native session search[2m > [22mignores an out-of-order stale search result and keeps the newest query's counts[32m 6[2mms[22m[39m
   [32m✓[39m TerminalSearchOverlay native session search[2m > [22mdoes not let a stale rejection overwrite a newer successful result[32m 4[2mms[22m[39m
[31m   [31m×[31m TerminalSearchOverlay native session search[2m > [22mresets stale counts and re-searches the new session on sessionId change[39m[32m 8[2mms[22m[39m
[31m     → expected [ …(3) ] to have a length of 2 but got 3[39m
   [32m✓[39m TerminalSearchOverlay native session search[2m > [22mcloses on Escape and close button, triggering onFocusTerminal[32m 4[2mms[22m[39m
 [32m✓[39m src/components/settings/PermissionsSection.test.tsx [2m([22m[2m11 tests[22m[2m)[22m[32m 170[2mms[22m[39m
 [32m✓[39m src/remote/RemoteTerminalGestures.test.tsx [2m([22m[2m10 tests[22m[2m)[22m[32m 109[2mms[22m[39m
 [32m✓[39m src/state/projectSwitchBack.test.tsx [2m([22m[2m7 tests[22m[2m)[22m[32m 298[2mms[22m[39m
 [32m✓[39m src/components/onboarding/WelcomeWizard.test.tsx [2m([22m[2m18 tests[22m[2m)[22m[32m 133[2mms[22m[39m
 [32m✓[39m src/lib/nativeTerminalVisibility.test.tsx [2m([22m[2m19 tests[22m[2m)[22m[32m 83[2mms[22m[39m
 [32m✓[39m src/state/workspaceStore.hmrRetention.test.tsx [2m([22m[2m2 tests[22m[2m)[22m[32m 17[2mms[22m[39m
 [32m✓[39m src/lib/pairedDaemonProject.test.ts [2m([22m[2m22 tests[22m[2m)[22m[32m 21[2mms[22m[39m
 [32m✓[39m src/components/settings/RemoteAccessSection.test.tsx [2m([22m[2m16 tests[22m[2m)[22m[32m 286[2mms[22m[39m
 [32m✓[39m src/components/TerminalFileLinkActions.test.tsx [2m([22m[2m15 tests[22m[2m)[22m[33m 471[2mms[22m[39m
 [32m✓[39m src/lib/sshHosts.test.tsx [2m([22m[2m16 tests[22m[2m)[22m[32m 28[2mms[22m[39m
 [32m✓[39m src/state/activityRenderChain.test.tsx [2m([22m[2m3 tests[22m[2m)[22m[32m 104[2mms[22m[39m
 [32m✓[39m src/remote/accountSessionRetention.test.tsx [2m([22m[2m6 tests[22m[2m)[22m[32m 21[2mms[22m[39m
 [31m❯[39m src/lib/updater.test.ts [2m([22m[2m23 tests[22m[2m | [22m[31m1 failed[39m[2m)[22m[32m 40[2mms[22m[39m
   [32m✓[39m updater status machine[2m > [22moffers plugin updates when the channel is installer[32m 4[2mms[22m[39m
   [32m✓[39m updater status machine[2m > [22moffers plugin updates when the channel is native[32m 1[2mms[22m[39m
   [32m✓[39m updater status machine[2m > [22mstarts idle[32m 1[2mms[22m[39m
   [32m✓[39m updater status machine[2m > [22mmoves through checking to available when an update exists[32m 2[2mms[22m[39m
   [32m✓[39m updater status machine[2m > [22mreturns to idle when the endpoint reports no update[32m 1[2mms[22m[39m
   [32m✓[39m updater status machine[2m > [22msurfaces a check failure as an error state instead of throwing[32m 2[2mms[22m[39m
[31m   [31m×[31m updater status machine[2m > [22mreports monotonic download progress and relaunches after installation[39m[32m 5[2mms[22m[39m
[31m     → expected "spy" to be called 1 times, but got 0 times[39m
   [32m✓[39m updater status machine[2m > [22msurfaces a download failure as an error state[32m 1[2mms[22m[39m
   [32m✓[39m updater status machine[2m > [22mrefuses to download before an update has been found[32m 1[2mms[22m[39m
   [32m✓[39m updater status machine[2m > [22mstops notifying an unsubscribed listener[32m 1[2mms[22m[39m
   [32m✓[39m updater status machine[2m > [22mrelaunches through the process plugin[32m 1[2mms[22m[39m
   [32m✓[39m updater status machine[2m > [22mflushes workspace persistence guards before restarting for an installed update[32m 1[2mms[22m[39m
   [32m✓[39m updater status machine[2m > [22mreads the running app version[32m 1[2mms[22m[39m
   [32m✓[39m updater status machine[2m > [22mskips the update check when the install is Store-managed[32m 1[2mms[22m[39m
   [32m✓[39m updater status machine[2m > [22mcaches the Store-managed probe across checks[32m 1[2mms[22m[39m
   [32m✓[39m updater status machine[2m > [22mtreats a failed Store-managed probe as updater-owned[32m 1[2mms[22m[39m
   [32m✓[39m periodic update polling[2m > [22mchecks immediately, then once per interval until stopped[32m 3[2mms[22m[39m
   [32m✓[39m periodic update polling[2m > [22mkeeps re-checking while an update is offered so a newer release replaces it[32m 2[2mms[22m[39m
   [32m✓[39m periodic update polling[2m > [22mdoes not re-check once an update is staged for install[32m 1[2mms[22m[39m
   [32m✓[39m periodic update polling[2m > [22mnever polls outside the desktop shell[32m 1[2mms[22m[39m
   [32m✓[39m non-Tauri runtime[2m > [22mnever touches the updater plugin outside the desktop shell[32m 1[2mms[22m[39m
   [32m✓[39m non-Tauri runtime[2m > [22mreports an unknown version instead of calling into Tauri[32m 1[2mms[22m[39m
   [32m✓[39m window close guards[2m > [22mkeeps running every registered guard[32m 3[2mms[22m[39m
 [32m✓[39m src/state/paneTree.test.ts [2m([22m[2m48 tests[22m[2m)[22m[32m 7[2mms[22m[39m
 [32m✓[39m src/components/settings/NotificationsSection.test.tsx [2m([22m[2m18 tests[22m[2m)[22m[33m 411[2mms[22m[39m
 [32m✓[39m src/components/BrowserToolbar.test.tsx [2m([22m[2m18 tests[22m[2m)[22m[32m 223[2mms[22m[39m
 [31m❯[39m src/lib/terminalTransport/terminalTransport.test.ts [2m([22m[2m11 tests[22m[2m | [22m[31m1 failed[39m[2m)[22m[32m 12[2mms[22m[39m
   [32m✓[39m TerminalTransport abstractions[2m > [22mTauriTerminalTransport instantiates and conforms to contract[32m 1[2mms[22m[39m
[31m   [31m×[31m TerminalTransport abstractions[2m > [22mTauriTerminalTransport listSessions queries tauri listTerminalSessions[39m[32m 6[2mms[22m[39m
[31m     → expected [ …(2) ] to deeply equal [ …(2) ][39m
   [32m✓[39m TerminalTransport abstractions[2m > [22mTauriTerminalTransport attach invokes attachTerminal and decodes base64 history[32m 1[2mms[22m[39m
   [32m✓[39m TerminalTransport abstractions[2m > [22mTauriTerminalTransport attach handles empty history properly[32m 0[2mms[22m[39m
   [32m✓[39m TerminalTransport abstractions[2m > [22mTauriTerminalTransport delegates write, resize, signal, and close to tauri IPC[32m 1[2mms[22m[39m
   [32m✓[39m TerminalTransport abstractions[2m > [22mTauriTerminalTransport onOutput forwards raw byte chunks from the shared event bus[32m 1[2mms[22m[39m
   [32m✓[39m TerminalTransport abstractions[2m > [22mTauriTerminalTransport onLifecycle forwards lifecycle events[32m 0[2mms[22m[39m
   [32m✓[39m TerminalTransport abstractions[2m > [22mWebSocketTerminalTransport formats WS URL and handles events[32m 0[2mms[22m[39m
   [32m✓[39m TerminalTransport abstractions[2m > [22mWebSocketTerminalTransport outbound buffering[2m > [22mWebSocketTerminalTransport delivers writes issued while CONNECTING in exact order on open[32m 1[2mms[22m[39m
   [32m✓[39m TerminalTransport abstractions[2m > [22mWebSocketTerminalTransport outbound buffering[2m > [22mWebSocketTerminalTransport increments drop counter when byte bound is exceeded without unbounded buffer growth[32m 0[2mms[22m[39m
   [32m✓[39m TerminalTransport abstractions[2m > [22mWebSocketTerminalTransport outbound buffering[2m > [22mWebSocketTerminalTransport close clears the pending buffer for that session[32m 0[2mms[22m[39m
 [32m✓[39m src/components/onboarding/PermissionsStep.test.tsx [2m([22m[2m13 tests[22m[2m)[22m[32m 148[2mms[22m[39m
 [32m✓[39m src/lib/terminalSettings.test.tsx [2m([22m[2m15 tests[22m[2m)[22m[32m 91[2mms[22m[39m
 [32m✓[39m src/lib/agentTitle.test.ts [2m([22m[2m22 tests[22m[2m)[22m[32m 7[2mms[22m[39m
 [32m✓[39m src/state/inactiveProjectWorktrees.paired.test.tsx [2m([22m[2m4 tests[22m[2m)[22m[32m 21[2mms[22m[39m
 [32m✓[39m src/lib/agentAutoResume.test.ts [2m([22m[2m13 tests[22m[2m)[22m[32m 19[2mms[22m[39m
 [32m✓[39m src/lib/directPathUpgrade.test.ts [2m([22m[2m42 tests[22m[2m)[22m[32m 17[2mms[22m[39m
 [32m✓[39m src/lib/nativeTerminalLifecycle.test.ts [2m([22m[2m12 tests[22m[2m)[22m[32m 6[2mms[22m[39m
 [32m✓[39m src/state/agentLifecycleTruth.test.ts [2m([22m[2m21 tests[22m[2m)[22m[32m 7[2mms[22m[39m
 [32m✓[39m src/state/workspaceStore.filePreviewTab.test.tsx [2m([22m[2m6 tests[22m[2m)[22m[32m 84[2mms[22m[39m
 [32m✓[39m src/features/ferryx/attention/attentionModel.test.ts [2m([22m[2m19 tests[22m[2m)[22m[32m 11[2mms[22m[39m
 [32m✓[39m src/components/onboarding/AgentsCliStep.test.tsx [2m([22m[2m15 tests[22m[2m)[22m[32m 132[2mms[22m[39m
 [32m✓[39m src/lib/linkRouting.fileRouting.test.ts [2m([22m[2m12 tests[22m[2m)[22m[32m 7[2mms[22m[39m
 [32m✓[39m src/lib/tabTitle.test.ts [2m([22m[2m25 tests[22m[2m)[22m[32m 8[2mms[22m[39m
 [32m✓[39m src/lib/terminalEvents.bus.test.ts [2m([22m[2m9 tests[22m[2m)[22m[32m 23[2mms[22m[39m
 [32m✓[39m src/components/TerminalSplitView.paneDrop.runtime.test.tsx [2m([22m[2m4 tests[22m[2m)[22m[32m 48[2mms[22m[39m
 [32m✓[39m src/remote/RemoteRouting.test.tsx [2m([22m[2m6 tests[22m[2m)[22m[32m 90[2mms[22m[39m
[90mstderr[2m | src/components/NativeTerminalPane.remoteDrop.test.tsx[2m > [22m[2mNativeTerminalPane remote file drop integration[2m > [22m[2muploads dropped files to remote host and pastes remote paths on ssh session
[22m[39mNative terminal IPC command failed {
  command: [32m'cmd_native_terminal_attach'[39m,
  error: {
    code: [32m'SPAWN_ATTEMPT_TIMEOUT'[39m,
    message: [32m'Shell startup was not confirmed. Retry to reconcile the same shell.'[39m,
    details: { stage: [32m'missingDurablePersistence'[39m, delivery: [32m'ambiguous'[39m }
  }
}

[90mstdout[2m | src/components/NativeTerminalPane.remoteDrop.test.tsx[2m > [22m[2mNativeTerminalPane remote file drop integration[2m > [22m[2muploads dropped files to remote host and pastes remote paths on ssh session
[22m[39m[ferryx:switch] {
  runId: [32m'a815c2bf-a1a1-4f94-9ce5-c3f04581caa7'[39m,
  sequence: [33m1[39m,
  event: [32m'terminal.surface.input.accepted'[39m,
  wallTimeMs: [33m1791095882130[39m,
  details: {
    operationId: [32m'req-b6330d66-term-drop-ssh-1'[39m,
    backendSessionId: [32m'term-drop-ssh'[39m,
    paneIdentity: [1mnull[22m,
    bindingKey: [1mnull[22m,
    attemptGeneration: [1mnull[22m,
    daemonEpoch: [1mnull[22m,
    incarnation: [1mnull[22m,
    payloadBytes: [33m67[39m,
    queuedAt: [33m1791095882130[39m
  }
}
[ferryx:switch] {
  runId: [32m'a815c2bf-a1a1-4f94-9ce5-c3f04581caa7'[39m,
  sequence: [33m2[39m,
  event: [32m'terminal.surface.input.dispatch'[39m,
  wallTimeMs: [33m1791095882130[39m,
  details: {
    operationId: [32m'req-b6330d66-term-drop-ssh-1'[39m,
    backendSessionId: [32m'term-drop-ssh'[39m,
    paneIdentity: [1mnull[22m,
    bindingKey: [1mnull[22m,
    attemptGeneration: [1mnull[22m,
    daemonEpoch: [1mnull[22m,
    incarnation: [1mnull[22m,
    dispatchedAt: [33m1791095882130[39m
  }
}

[90mstderr[2m | src/components/NativeTerminalPane.remoteDrop.test.tsx[2m > [22m[2mNativeTerminalPane remote file drop integration[2m > [22m[2mquotes Windows paths correctly with double quotes when path contains spaces
[22m[39mNative terminal IPC command failed {
  command: [32m'cmd_native_terminal_attach'[39m,
  error: {
    code: [32m'SPAWN_ATTEMPT_TIMEOUT'[39m,
    message: [32m'Shell startup was not confirmed. Retry to reconcile the same shell.'[39m,
    details: { stage: [32m'missingDurablePersistence'[39m, delivery: [32m'ambiguous'[39m }
  }
}

[90mstdout[2m | src/components/NativeTerminalPane.remoteDrop.test.tsx[2m > [22m[2mNativeTerminalPane remote file drop integration[2m > [22m[2mquotes Windows paths correctly with double quotes when path contains spaces
[22m[39m[ferryx:switch] {
  runId: [32m'a815c2bf-a1a1-4f94-9ce5-c3f04581caa7'[39m,
  sequence: [33m3[39m,
  event: [32m'terminal.surface.input.accepted'[39m,
  wallTimeMs: [33m1791095882158[39m,
  details: {
    operationId: [32m'req-b6330d66-term-drop-win-2'[39m,
    backendSessionId: [32m'term-drop-win'[39m,
    paneIdentity: [1mnull[22m,
    bindingKey: [1mnull[22m,
    attemptGeneration: [1mnull[22m,
    daemonEpoch: [1mnull[22m,
    incarnation: [1mnull[22m,
    payloadBytes: [33m40[39m,
    queuedAt: [33m1791095882158[39m
  }
}
[ferryx:switch] {
  runId: [32m'a815c2bf-a1a1-4f94-9ce5-c3f04581caa7'[39m,
  sequence: [33m4[39m,
  event: [32m'terminal.surface.input.dispatch'[39m,
  wallTimeMs: [33m1791095882158[39m,
  details: {
    operationId: [32m'req-b6330d66-term-drop-win-2'[39m,
    backendSessionId: [32m'term-drop-win'[39m,
    paneIdentity: [1mnull[22m,
    bindingKey: [1mnull[22m,
    attemptGeneration: [1mnull[22m,
    daemonEpoch: [1mnull[22m,
    incarnation: [1mnull[22m,
    dispatchedAt: [33m1791095882158[39m
  }
}

[90mstderr[2m | src/components/NativeTerminalPane.remoteDrop.test.tsx[2m > [22m[2mNativeTerminalPane remote file drop integration[2m > [22m[2mhandles upload failure by showing toast error without pasting
[22m[39mNative terminal IPC command failed {
  command: [32m'cmd_native_terminal_attach'[39m,
  error: {
    code: [32m'SPAWN_ATTEMPT_TIMEOUT'[39m,
    message: [32m'Shell startup was not confirmed. Retry to reconcile the same shell.'[39m,
    details: { stage: [32m'missingDurablePersistence'[39m, delivery: [32m'ambiguous'[39m }
  }
}

[90mstderr[2m | src/components/NativeTerminalPane.remoteDrop.test.tsx[2m > [22m[2mNativeTerminalPane remote file drop integration[2m > [22m[2mcancels an in-flight upload through the progress toast and stays silent on UPLOAD_CANCELLED
[22m[39mNative terminal IPC command failed {
  command: [32m'cmd_native_terminal_attach'[39m,
  error: {
    code: [32m'SPAWN_ATTEMPT_TIMEOUT'[39m,
    message: [32m'Shell startup was not confirmed. Retry to reconcile the same shell.'[39m,
    details: { stage: [32m'missingDurablePersistence'[39m, delivery: [32m'ambiguous'[39m }
  }
}

 [32m✓[39m src/components/NativeTerminalPane.remoteDrop.test.tsx [2m([22m[2m4 tests[22m[2m)[22m[32m 266[2mms[22m[39m
[90mstderr[2m | src/remote/accountSessionFollowups.test.ts[2m > [22m[2mAccount Follow-ups: Sign-out, Auth Classification, and Last Target Persistence[2m > [22m[2mItem A: Server-side sign-out (logoutAccountSession)[2m > [22m[2mnever throws when the server responds with 500 or 401 (best-effort)
[22m[39mAccount session logout returned HTTP 500

[90mstderr[2m | src/remote/accountSessionFollowups.test.ts[2m > [22m[2mAccount Follow-ups: Sign-out, Auth Classification, and Last Target Persistence[2m > [22m[2mItem A: Server-side sign-out (logoutAccountSession)[2m > [22m[2mnever throws when network fetch rejects (best-effort)
[22m[39mAccount session logout request failed Network offline

 [32m✓[39m src/remote/accountSessionFollowups.test.ts [2m([22m[2m14 tests[22m[2m)[22m[32m 16[2mms[22m[39m
 [32m✓[39m src/lib/nativeMenu.test.ts [2m([22m[2m12 tests[22m[2m)[22m[32m 50[2mms[22m[39m
 [32m✓[39m src/components/dag/dagViewUtils.test.ts [2m([22m[2m20 tests[22m[2m)[22m[32m 7[2mms[22m[39m
 [32m✓[39m src/components/TerminalSplitView.mixedPaneLeaf.runtime.test.tsx [2m([22m[2m2 tests[22m[2m)[22m[32m 180[2mms[22m[39m
 [32m✓[39m src/remote/chat/MobileChatComposer.test.tsx [2m([22m[2m11 tests[22m[2m)[22m[32m 151[2mms[22m[39m
 [32m✓[39m src/state/workspaceStore.tabDrop.test.tsx [2m([22m[2m4 tests[22m[2m)[22m[32m 32[2mms[22m[39m
 [32m✓[39m src/state/paneGeometry.test.ts [2m([22m[2m16 tests[22m[2m)[22m[32m 6[2mms[22m[39m
 [32m✓[39m src/remote/chat/MobileChatWorkspace.test.tsx [2m([22m[2m14 tests[22m[2m)[22m[32m 172[2mms[22m[39m
 [32m✓[39m src/state/workspaceStore.browserPaneDrop.runtime.test.tsx [2m([22m[2m2 tests[22m[2m)[22m[32m 29[2mms[22m[39m
 [32m✓[39m src/components/dag/DagGraphView.test.tsx [2m([22m[2m15 tests[22m[2m)[22m[32m 252[2mms[22m[39m
 [32m✓[39m src/lib/sshRecovery.test.ts [2m([22m[2m14 tests[22m[2m)[22m[32m 9[2mms[22m[39m
 [32m✓[39m src/lib/browserWorktreeRestore.test.ts [2m([22m[2m6 tests[22m[2m)[22m[32m 12[2mms[22m[39m
 [32m✓[39m src/lib/notificationCenter/activityRecording.test.ts [2m([22m[2m10 tests[22m[2m)[22m[32m 13[2mms[22m[39m
 [32m✓[39m src/components/TerminalSplitView.dragFeedbackVisibility.test.tsx [2m([22m[2m5 tests[22m[2m)[22m[32m 136[2mms[22m[39m
 [32m✓[39m src/remote/AccountMachinesPage.test.tsx [2m([22m[2m4 tests[22m[2m)[22m[32m 26[2mms[22m[39m
 [32m✓[39m src/state/workspaceStore.paneDrop.runtime.test.tsx [2m([22m[2m3 tests[22m[2m)[22m[32m 26[2mms[22m[39m
 [32m✓[39m src/components/settings/TerminalSection.test.tsx [2m([22m[2m14 tests[22m[2m)[22m[32m 158[2mms[22m[39m
 [32m✓[39m src/remote/attachFraming.test.ts [2m([22m[2m6 tests[22m[2m)[22m[32m 20[2mms[22m[39m
 [32m✓[39m src/lib/fileTabPaths.test.ts [2m([22m[2m13 tests[22m[2m)[22m[32m 6[2mms[22m[39m
 [32m✓[39m src/lib/agentsSettings.test.ts [2m([22m[2m13 tests[22m[2m)[22m[32m 6[2mms[22m[39m
 [32m✓[39m src/state/workspaceStore.browserPaneLeafMove.runtime.test.tsx [2m([22m[2m2 tests[22m[2m)[22m[32m 15[2mms[22m[39m
 [32m✓[39m src/components/TerminalPane.sshReconnect.test.tsx [2m([22m[2m8 tests[22m[2m)[22m[32m 77[2mms[22m[39m
 [32m✓[39m src/lib/terminalLinkTarget.test.ts [2m([22m[2m19 tests[22m[2m)[22m[32m 10[2mms[22m[39m
 [32m✓[39m src/lib/agentConflictAdoption.test.ts [2m([22m[2m9 tests[22m[2m)[22m[32m 6[2mms[22m[39m
 [32m✓[39m src/remote/zeroConfigSecurityProbe.test.tsx [2m([22m[2m7 tests[22m[2m)[22m[32m 156[2mms[22m[39m
 [32m✓[39m src/components/RemoteDirectoryPicker.test.tsx [2m([22m[2m13 tests[22m[2m)[22m[32m 175[2mms[22m[39m
 [32m✓[39m src/remote/MobileHostDrawer.test.tsx [2m([22m[2m12 tests[22m[2m)[22m[32m 62[2mms[22m[39m
 [32m✓[39m src/state/workspaceStore.browserAdoption.test.tsx [2m([22m[2m5 tests[22m[2m)[22m[32m 18[2mms[22m[39m
 [32m✓[39m src/components/FilePreviewVideo.test.tsx [2m([22m[2m9 tests[22m[2m)[22m[32m 73[2mms[22m[39m
 [32m✓[39m src/lib/projectGrouping.test.ts [2m([22m[2m19 tests[22m[2m)[22m[32m 7[2mms[22m[39m
 [32m✓[39m src/lib/browserHistory.test.ts [2m([22m[2m18 tests[22m[2m)[22m[32m 8[2mms[22m[39m
 [32m✓[39m src/components/TabBar.fileTab.test.tsx [2m([22m[2m7 tests[22m[2m)[22m[32m 70[2mms[22m[39m
 [32m✓[39m src/lib/dagTypes.test.ts [2m([22m[2m9 tests[22m[2m)[22m[32m 5[2mms[22m[39m
 [32m✓[39m src/lib/agentReconnect.test.ts [2m([22m[2m9 tests[22m[2m)[22m[32m 125[2mms[22m[39m
 [32m✓[39m src/components/TerminalSplitView.shell.test.tsx [2m([22m[2m4 tests[22m[2m)[22m[32m 151[2mms[22m[39m
 [32m✓[39m src/remote/RemotePreferences.contract.test.tsx [2m([22m[2m3 tests[22m[2m)[22m[32m 149[2mms[22m[39m
 [32m✓[39m src/components/FilePreviewPane.openWith.test.tsx [2m([22m[2m6 tests[22m[2m)[22m[32m 123[2mms[22m[39m
 [32m✓[39m src/lib/terminalThroughput.regression.test.ts [2m([22m[2m4 tests[22m[2m)[22m[32m 118[2mms[22m[39m
 [32m✓[39m src/components/Sidebar.dnd.test.tsx [2m([22m[2m7 tests[22m[2m)[22m[32m 234[2mms[22m[39m
 [32m✓[39m src/components/dag/DagNodeInspector.test.tsx [2m([22m[2m13 tests[22m[2m)[22m[32m 233[2mms[22m[39m
 [32m✓[39m src/components/TerminalSplitView.paneHandleDrop.runtime.test.tsx [2m([22m[2m3 tests[22m[2m)[22m[32m 52[2mms[22m[39m
 [32m✓[39m src/components/settings/AgentsSection.test.tsx [2m([22m[2m12 tests[22m[2m)[22m[33m 662[2mms[22m[39m
 [32m✓[39m src/state/remoteHostStore.test.ts [2m([22m[2m13 tests[22m[2m)[22m[32m 18[2mms[22m[39m
 [32m✓[39m src/remote/remoteTerminalFrames.test.ts [2m([22m[2m34 tests[22m[2m)[22m[32m 9[2mms[22m[39m
 [32m✓[39m src/state/daemonRestartBatchRecovery.test.tsx [2m([22m[2m3 tests[22m[2m)[22m[32m 26[2mms[22m[39m
 [32m✓[39m src/lib/remoteProject.test.ts [2m([22m[2m12 tests[22m[2m)[22m[32m 5[2mms[22m[39m
 [32m✓[39m src/components/ShortcutHints.test.tsx [2m([22m[2m18 tests[22m[2m)[22m[32m 189[2mms[22m[39m
[90mstderr[2m | src/components/NativeTerminalPane.exitAttach.test.tsx[2m > [22m[2mNativeTerminalPane abnormal exit attach handling[2m > [22m[2mpreserves visible error badge for genuine operational errors like IO_ERROR or GPU surface failure
[22m[39mNative terminal IPC command failed {
  command: [32m'cmd_native_terminal_attach'[39m,
  error: { code: [32m'IO_ERROR'[39m, message: [32m'Connection refused to daemon socket'[39m }
}

[90mstderr[2m | src/components/NativeTerminalPane.exitAttach.test.tsx[2m > [22m[2mNativeTerminalPane abnormal exit attach handling[2m > [22m[2mpreserves visible error badge for genuine operational errors like IO_ERROR or GPU surface failure
[22m[39mNative terminal IPC command failed {
  command: [32m'cmd_native_terminal_attach'[39m,
  error: { code: [32m'IO_ERROR'[39m, message: [32m'Connection refused to daemon socket'[39m }
}

[90mstderr[2m | src/components/NativeTerminalPane.exitAttach.test.tsx[2m > [22m[2mNativeTerminalPane abnormal exit attach handling[2m > [22m[2mpreserves visible error badge for genuine operational errors like IO_ERROR or GPU surface failure
[22m[39mNative terminal IPC command failed {
  command: [32m'cmd_native_terminal_attach'[39m,
  error: { code: [32m'IO_ERROR'[39m, message: [32m'Connection refused to daemon socket'[39m }
}

 [32m✓[39m src/components/NativeTerminalPane.exitAttach.test.tsx [2m([22m[2m4 tests[22m[2m)[22m[32m 60[2mms[22m[39m
 [32m✓[39m src/lib/updateToast.test.ts [2m([22m[2m11 tests[22m[2m)[22m[32m 6[2mms[22m[39m
 [32m✓[39m src/lib/terminalOutput.test.ts [2m([22m[2m11 tests[22m[2m)[22m[32m 5[2mms[22m[39m
 [32m✓[39m src/state/browserSessionHydration.test.ts [2m([22m[2m6 tests[22m[2m)[22m[32m 7[2mms[22m[39m
 [32m✓[39m src/lib/notificationActivation.test.ts [2m([22m[2m7 tests[22m[2m)[22m[32m 5[2mms[22m[39m
 [32m✓[39m src/components/ProjectDialogs.pairedDaemon.test.tsx [2m([22m[2m10 tests[22m[2m)[22m[32m 226[2mms[22m[39m
 [32m✓[39m src/components/notification/AttentionAskPanel.test.tsx [2m([22m[2m11 tests[22m[2m)[22m[32m 116[2mms[22m[39m
 [32m✓[39m src/lib/previewMarkdown.test.ts [2m([22m[2m16 tests[22m[2m)[22m[32m 6[2mms[22m[39m
 [32m✓[39m src/components/SettingsDialog.update.test.tsx [2m([22m[2m5 tests[22m[2m)[22m[33m 1474[2mms[22m[39m
   [33m[2m✓[22m[39m Settings > General software update control[2m > [22mshows running version, renders exactly two update buttons, and checks for updates on demand [33m 1209[2mms[22m[39m
 [32m✓[39m src/components/settings/BrowserSection.test.tsx [2m([22m[2m9 tests[22m[2m)[22m[33m 754[2mms[22m[39m
[90mstdout[2m | src/lib/paneLiveness.test.ts[2m > [22m[2mclassifyPaneLiveness[2m > [22m[2mobservePaneLiveness tracks real in-flight execution barrier
[22m[39m[ferryx:switch] {
  runId: [32m'c4fe34f0-b82b-41a8-8c39-0618a81fc21e'[39m,
  sequence: [33m1[39m,
  event: [32m'terminal.surface.input.accepted'[39m,
  wallTimeMs: [33m1791095965539[39m,
  details: {
    operationId: [32m'req-c65d9419-session-real-barrier-1'[39m,
    backendSessionId: [32m'session-real-barrier'[39m,
    paneIdentity: [1mnull[22m,
    bindingKey: [1mnull[22m,
    attemptGeneration: [1mnull[22m,
    daemonEpoch: [1mnull[22m,
    incarnation: [1mnull[22m,
    payloadBytes: [33m10[39m,
    queuedAt: [33m1791095965539[39m
  }
}
[ferryx:switch] {
  runId: [32m'c4fe34f0-b82b-41a8-8c39-0618a81fc21e'[39m,
  sequence: [33m2[39m,
  event: [32m'terminal.surface.input.dispatch'[39m,
  wallTimeMs: [33m1791095965539[39m,
  details: {
    operationId: [32m'req-c65d9419-session-real-barrier-1'[39m,
    backendSessionId: [32m'session-real-barrier'[39m,
    paneIdentity: [1mnull[22m,
    bindingKey: [1mnull[22m,
    attemptGeneration: [1mnull[22m,
    daemonEpoch: [1mnull[22m,
    incarnation: [1mnull[22m,
    dispatchedAt: [33m1791095965539[39m
  }
}

[90mstdout[2m | src/lib/paneLiveness.test.ts[2m > [22m[2mclassifyPaneLiveness[2m > [22m[2mprioritizes held execution over queue backlog and asserts explicit ages with controlled clock
[22m[39m[ferryx:switch] {
  runId: [32m'c4fe34f0-b82b-41a8-8c39-0618a81fc21e'[39m,
  sequence: [33m3[39m,
  event: [32m'terminal.surface.input.accepted'[39m,
  wallTimeMs: [33m1791095965541[39m,
  details: {
    operationId: [32m'req-c65d9419-sess-precedence-2'[39m,
    backendSessionId: [32m'sess-precedence'[39m,
    paneIdentity: [1mnull[22m,
    bindingKey: [1mnull[22m,
    attemptGeneration: [1mnull[22m,
    daemonEpoch: [1mnull[22m,
    incarnation: [1mnull[22m,
    payloadBytes: [33m10[39m,
    queuedAt: [33m1791095965540[39m
  }
}
[ferryx:switch] {
  runId: [32m'c4fe34f0-b82b-41a8-8c39-0618a81fc21e'[39m,
  sequence: [33m4[39m,
  event: [32m'terminal.surface.input.dispatch'[39m,
  wallTimeMs: [33m1791095965541[39m,
  details: {
    operationId: [32m'req-c65d9419-sess-precedence-2'[39m,
    backendSessionId: [32m'sess-precedence'[39m,
    paneIdentity: [1mnull[22m,
    bindingKey: [1mnull[22m,
    attemptGeneration: [1mnull[22m,
    daemonEpoch: [1mnull[22m,
    incarnation: [1mnull[22m,
    dispatchedAt: [33m1791095965540[39m
  }
}
[ferryx:switch] {
  runId: [32m'c4fe34f0-b82b-41a8-8c39-0618a81fc21e'[39m,
  sequence: [33m5[39m,
  event: [32m'terminal.surface.input.accepted'[39m,
  wallTimeMs: [33m1791095965541[39m,
  details: {
    operationId: [32m'req-c65d9419-sess-precedence-3'[39m,
    backendSessionId: [32m'sess-precedence'[39m,
    paneIdentity: [1mnull[22m,
    bindingKey: [1mnull[22m,
    attemptGeneration: [1mnull[22m,
    daemonEpoch: [1mnull[22m,
    incarnation: [1mnull[22m,
    payloadBytes: [33m10[39m,
    queuedAt: [33m1791095965550[39m
  }
}

[90mstdout[2m | src/lib/paneLiveness.test.ts[2m > [22m[2mclassifyPaneLiveness[2m > [22m[2mprioritizes held execution over queue backlog and asserts explicit ages with controlled clock
[22m[39m[ferryx:switch] {
  runId: [32m'c4fe34f0-b82b-41a8-8c39-0618a81fc21e'[39m,
  sequence: [33m6[39m,
  event: [32m'terminal.surface.input.dispatch'[39m,
  wallTimeMs: [33m1791095965541[39m,
  details: {
    operationId: [32m'req-c65d9419-sess-precedence-3'[39m,
    backendSessionId: [32m'sess-precedence'[39m,
    paneIdentity: [1mnull[22m,
    bindingKey: [1mnull[22m,
    attemptGeneration: [1mnull[22m,
    daemonEpoch: [1mnull[22m,
    incarnation: [1mnull[22m,
    dispatchedAt: [33m1791095965850[39m
  }
}

 [32m✓[39m src/lib/paneLiveness.test.ts [2m([22m[2m13 tests[22m[2m)[22m[32m 6[2mms[22m[39m
 [32m✓[39m src/components/WorktreeDiskDialog.lifecycle.test.tsx [2m([22m[2m12 tests[22m[2m)[22m[32m 294[2mms[22m[39m
 [32m✓[39m src/lib/nativeWindowFocus.test.ts [2m([22m[2m10 tests[22m[2m)[22m[32m 31[2mms[22m[39m
 [32m✓[39m src/components/tab-dnd/SplitEdgeDropZone.test.tsx [2m([22m[2m12 tests[22m[2m)[22m[32m 28[2mms[22m[39m
 [32m✓[39m src/components/TerminalSplitView.browserDragVisibility.runtime.test.tsx [2m([22m[2m2 tests[22m[2m)[22m[33m 400[2mms[22m[39m
 [32m✓[39m src/lib/settingsRuntime.test.ts [2m([22m[2m10 tests[22m[2m)[22m[32m 29[2mms[22m[39m
 [32m✓[39m src/components/TerminalSplitView.paneFocus.test.tsx [2m([22m[2m6 tests[22m[2m)[22m[32m 174[2mms[22m[39m
 [32m✓[39m src/lib/whatsNew.test.ts [2m([22m[2m15 tests[22m[2m)[22m[32m 5[2mms[22m[39m
 [32m✓[39m src/components/BrowserPane.parity.test.tsx [2m([22m[2m5 tests[22m[2m)[22m[32m 165[2mms[22m[39m
 [32m✓[39m src/state/pairedProjectWorktrees.test.ts [2m([22m[2m7 tests[22m[2m)[22m[33m 1837[2mms[22m[39m
   [33m[2m✓[22m[39m listPairedProjectWorktrees transport retry[2m > [22mretries PAIRED_HOST_INVALID_RESPONSE and lists rows once the tunnel recovers [33m 911[2mms[22m[39m
   [33m[2m✓[22m[39m listPairedProjectWorktrees transport retry[2m > [22mcaps retry attempts at 2 resubmits [33m 920[2mms[22m[39m
 [32m✓[39m src/lib/projectIdentity.test.ts [2m([22m[2m7 tests[22m[2m)[22m[32m 7[2mms[22m[39m
 [32m✓[39m src/lib/fileOpenTargets.test.ts [2m([22m[2m13 tests[22m[2m)[22m[32m 5[2mms[22m[39m
 [32m✓[39m src/state/sshActivity.integration.test.tsx [2m([22m[2m4 tests[22m[2m)[22m[32m 143[2mms[22m[39m
 [32m✓[39m src/components/Sidebar.sortableIdentity.test.tsx [2m([22m[2m3 tests[22m[2m)[22m[32m 168[2mms[22m[39m
 [32m✓[39m src/features/ferryx/control/attentionRows.test.ts [2m([22m[2m12 tests[22m[2m)[22m[32m 7[2mms[22m[39m
 [32m✓[39m src/components/FilePreviewText.readingControls.test.tsx [2m([22m[2m5 tests[22m[2m)[22m[32m 68[2mms[22m[39m
 [32m✓[39m src/components/BrowserPane.displayError.test.tsx [2m([22m[2m5 tests[22m[2m)[22m[32m 142[2mms[22m[39m
 [32m✓[39m src/state/tabDisplay.test.ts [2m([22m[2m9 tests[22m[2m)[22m[32m 8[2mms[22m[39m
 [32m✓[39m src/components/settings/PairedMachinesSection.test.tsx [2m([22m[2m7 tests[22m[2m)[22m[32m 177[2mms[22m[39m
 [32m✓[39m src/components/tab-dnd/SortableTab.fileExtras.test.tsx [2m([22m[2m7 tests[22m[2m)[22m[32m 82[2mms[22m[39m
 [32m✓[39m src/components/onboarding/CliStep.test.tsx [2m([22m[2m8 tests[22m[2m)[22m[32m 157[2mms[22m[39m
 [32m✓[39m src/lib/pathExistenceCache.test.ts [2m([22m[2m7 tests[22m[2m)[22m[32m 5[2mms[22m[39m
 [32m✓[39m src/components/TerminalPane.exitAttach.integration.test.tsx [2m([22m[2m1 test[22m[2m)[22m[32m 111[2mms[22m[39m
 [32m✓[39m src/components/TabBar.browserTab.runtime.test.tsx [2m([22m[2m2 tests[22m[2m)[22m[32m 114[2mms[22m[39m
 [32m✓[39m src/components/BrowserPane.test.tsx [2m([22m[2m6 tests[22m[2m)[22m[32m 78[2mms[22m[39m
 [32m✓[39m src/components/TerminalSplitView.dragOver.runtime.test.tsx [2m([22m[2m1 test[22m[2m)[22m[32m 30[2mms[22m[39m
 [32m✓[39m src/components/settings/AccountSignIn.test.tsx [2m([22m[2m3 tests[22m[2m)[22m[32m 72[2mms[22m[39m
 [32m✓[39m src/components/SettingsDialog.cli.test.tsx [2m([22m[2m6 tests[22m[2m)[22m[33m 1214[2mms[22m[39m
   [33m[2m✓[22m[39m Settings > General Ferryx CLI launcher[2m > [22mshows the launcher location and opt-in install control when missing [33m 1034[2mms[22m[39m
 [32m✓[39m src/components/NativeTerminalPane.focusOwnership.test.tsx [2m([22m[2m4 tests[22m[2m)[22m[32m 82[2mms[22m[39m
 [32m✓[39m src/state/activityStatePersistence.test.ts [2m([22m[2m5 tests[22m[2m)[22m[32m 6[2mms[22m[39m
 [32m✓[39m src/remote/RemoteApp.accountAttach.test.tsx [2m([22m[2m3 tests[22m[2m)[22m[32m 179[2mms[22m[39m
 [32m✓[39m src/components/BrowserDownloadsShelf.test.tsx [2m([22m[2m6 tests[22m[2m)[22m[32m 84[2mms[22m[39m
 [32m✓[39m src/components/BrowserPane.findRace.test.tsx [2m([22m[2m3 tests[22m[2m)[22m[32m 47[2mms[22m[39m
 [32m✓[39m src/remote/deviceIdentity.test.tsx [2m([22m[2m9 tests[22m[2m)[22m[32m 59[2mms[22m[39m
 [32m✓[39m src/components/tab-dnd/SortableTab.agentIcon.test.tsx [2m([22m[2m6 tests[22m[2m)[22m[32m 55[2mms[22m[39m
 [32m✓[39m src/lib/storageKeys.test.ts [2m([22m[2m6 tests[22m[2m)[22m[32m 4[2mms[22m[39m
 [32m✓[39m src/lib/ipynbParse.test.ts [2m([22m[2m10 tests[22m[2m)[22m[32m 4[2mms[22m[39m
 [32m✓[39m src/state/workspaceStore.ensureDedup.test.tsx [2m([22m[2m3 tests[22m[2m)[22m[32m 21[2mms[22m[39m
 [32m✓[39m src/state/workspaceRestoreDuplicateTab.test.tsx [2m([22m[2m1 test[22m[2m)[22m[32m 17[2mms[22m[39m
 [32m✓[39m src/features/ferryx/attention/AttentionInbox.test.tsx [2m([22m[2m8 tests[22m[2m)[22m[32m 91[2mms[22m[39m
 [32m✓[39m src/state/dagStore.test.ts [2m([22m[2m6 tests[22m[2m)[22m[32m 4[2mms[22m[39m
 [32m✓[39m src/remote/noisePrimitives.test.ts [2m([22m[2m4 tests[22m[2m)[22m[32m 8[2mms[22m[39m
 [32m✓[39m src/lib/browserRestoreSettings.test.ts [2m([22m[2m4 tests[22m[2m)[22m[32m 7[2mms[22m[39m
 [32m✓[39m src/components/BrowserPane.masking.test.tsx [2m([22m[2m5 tests[22m[2m)[22m[32m 75[2mms[22m[39m
 [32m✓[39m src/remote/resolveAccountOriginRetention.test.ts [2m([22m[2m11 tests[22m[2m)[22m[32m 7[2mms[22m[39m
 [32m✓[39m src/components/SettingsDialog.escape.test.tsx [2m([22m[2m5 tests[22m[2m)[22m[32m 277[2mms[22m[39m
 [32m✓[39m src/state/workspaceStore.sshReattach.test.ts [2m([22m[2m3 tests[22m[2m)[22m[32m 3[2mms[22m[39m
 [32m✓[39m src/components/Sidebar.activity.test.tsx [2m([22m[2m4 tests[22m[2m)[22m[32m 138[2mms[22m[39m
 [32m✓[39m src/state/workspaceStore.terminalExit.test.ts [2m([22m[2m5 tests[22m[2m)[22m[32m 4[2mms[22m[39m
 [32m✓[39m src/components/FilePreviewPane.chrome.test.tsx [2m([22m[2m4 tests[22m[2m)[22m[32m 43[2mms[22m[39m
 [32m✓[39m src/state/worktreeActivityAcrossSwitch.test.ts [2m([22m[2m4 tests[22m[2m)[22m[32m 5[2mms[22m[39m
 [32m✓[39m src/components/settings/RemoteSectionSignOut.test.tsx [2m([22m[2m3 tests[22m[2m)[22m[32m 154[2mms[22m[39m
 [32m✓[39m src/lib/windowsStoreMigration.test.ts [2m([22m[2m8 tests[22m[2m)[22m[32m 14[2mms[22m[39m
 [32m✓[39m src/state/layout.paneHandleDrop.runtime.test.ts [2m([22m[2m2 tests[22m[2m)[22m[32m 5[2mms[22m[39m
 [32m✓[39m src/remote/deviceIdentity.opera.test.ts [2m([22m[2m8 tests[22m[2m)[22m[32m 100[2mms[22m[39m
 [32m✓[39m src/components/SettingsDialog.ssh.test.tsx [2m([22m[2m2 tests[22m[2m)[22m[32m 178[2mms[22m[39m
 [32m✓[39m src/components/FilePreviewNotebook.test.tsx [2m([22m[2m7 tests[22m[2m)[22m[32m 67[2mms[22m[39m
 [32m✓[39m src/lib/localSplitContract.test.ts [2m([22m[2m6 tests[22m[2m)[22m[32m 3[2mms[22m[39m
 [32m✓[39m src/components/settings/AddMachineModal.test.tsx [2m([22m[2m10 tests[22m[2m)[22m[32m 81[2mms[22m[39m
 [32m✓[39m src/lib/previewHighlight.test.ts [2m([22m[2m5 tests[22m[2m)[22m[33m 352[2mms[22m[39m
   [33m[2m✓[22m[39m previewHighlight highlightLines[2m > [22mreturns null when text length or line count exceeds limits [33m 331[2mms[22m[39m
 [32m✓[39m src/lib/browserSettings.test.ts [2m([22m[2m8 tests[22m[2m)[22m[32m 8[2mms[22m[39m
 [32m✓[39m src/lib/filePreviewReadingSettings.test.ts [2m([22m[2m5 tests[22m[2m)[22m[32m 3[2mms[22m[39m
 [32m✓[39m src/lib/pairedWorktreeActions.test.ts [2m([22m[2m4 tests[22m[2m)[22m[32m 7[2mms[22m[39m
 [32m✓[39m src/components/BrowserToolbar.devtools.test.tsx [2m([22m[2m5 tests[22m[2m)[22m[32m 155[2mms[22m[39m
 [32m✓[39m src/components/TerminalSplitView.browserPaneDrop.runtime.test.tsx [2m([22m[2m1 test[22m[2m)[22m[32m 42[2mms[22m[39m
 [32m✓[39m src/components/notification/NotificationCenterButton.test.tsx [2m([22m[2m7 tests[22m[2m)[22m[32m 92[2mms[22m[39m
 [32m✓[39m src/lib/generalSettings.test.ts [2m([22m[2m8 tests[22m[2m)[22m[32m 4[2mms[22m[39m
 [32m✓[39m src/components/notification/AttentionCountUnification.test.tsx [2m([22m[2m2 tests[22m[2m)[22m[32m 45[2mms[22m[39m
 [32m✓[39m src/components/TerminalSplitView.modalFocus.test.tsx [2m([22m[2m5 tests[22m[2m)[22m[32m 163[2mms[22m[39m
 [32m✓[39m src/components/BrowserDesignFeedbackPopover.test.tsx [2m([22m[2m5 tests[22m[2m)[22m[32m 69[2mms[22m[39m
 [32m✓[39m src/lib/hardWrappedPath.test.ts [2m([22m[2m10 tests[22m[2m)[22m[32m 3[2mms[22m[39m
[90mstdout[2m | src/lib/terminalThroughputMetrics.test.ts[2m > [22m[2msnapshot[2m > [22m[2mretains only the most recent samples once capacity is exceeded
[22m[39m[terminal-output] receive->drained { count: [33m4096[39m, p50Ms: [33m2049[39m, p95Ms: [33m3892[39m, maxMs: [33m4096[39m }

 [32m✓[39m src/lib/terminalThroughputMetrics.test.ts [2m([22m[2m14 tests[22m[2m)[22m[32m 7[2mms[22m[39m
 [32m✓[39m src/state/startupPaneAttention.integration.test.tsx [2m([22m[2m1 test[22m[2m)[22m[32m 39[2mms[22m[39m
 [32m✓[39m src/lib/sshRegistrationHeal.test.ts [2m([22m[2m5 tests[22m[2m)[22m[32m 5[2mms[22m[39m
 [32m✓[39m src/lib/browserPopup.test.ts [2m([22m[2m5 tests[22m[2m)[22m[32m 5[2mms[22m[39m
 [32m✓[39m src/components/TabBar.lifecycle.test.tsx [2m([22m[2m2 tests[22m[2m)[22m[32m 32[2mms[22m[39m
 [32m✓[39m src/state/workspaceStore.browserNavigation.test.tsx [2m([22m[2m4 tests[22m[2m)[22m[32m 27[2mms[22m[39m
 [32m✓[39m src/components/FilePreviewCsv.test.tsx [2m([22m[2m5 tests[22m[2m)[22m[33m 675[2mms[22m[39m
   [33m[2m✓[22m[39m FilePreviewCsv[2m > [22mdisplays truncation footer when body row count exceeds 5000 [33m 637[2mms[22m[39m
 [32m✓[39m src/lib/notificationPermissionHint.test.ts [2m([22m[2m7 tests[22m[2m)[22m[32m 4[2mms[22m[39m
 [32m✓[39m src/lib/pairedDaemonContracts.test.ts [2m([22m[2m78 tests[22m[2m)[22m[32m 19[2mms[22m[39m
 [32m✓[39m src/components/dag/DagNodeCard.test.tsx [2m([22m[2m7 tests[22m[2m)[22m[32m 30[2mms[22m[39m
 [32m✓[39m src/state/inactiveProjectWorktrees.remote.test.tsx [2m([22m[2m3 tests[22m[2m)[22m[32m 15[2mms[22m[39m
 [32m✓[39m src/state/parkedLifecycleRouting.test.tsx [2m([22m[2m1 test[22m[2m)[22m[32m 19[2mms[22m[39m
 [32m✓[39m src/lib/worktreeOwnership.test.ts [2m([22m[2m9 tests[22m[2m)[22m[32m 4[2mms[22m[39m
 [32m✓[39m src/components/dag/DagPaneBadge.ownership.test.tsx [2m([22m[2m10 tests[22m[2m)[22m[32m 83[2mms[22m[39m
 [32m✓[39m src/lib/shellReplacement.test.ts [2m([22m[2m5 tests[22m[2m)[22m[32m 6[2mms[22m[39m
 [32m✓[39m src/components/TerminalSplitView.pointerDrag.test.tsx [2m([22m[2m5 tests[22m[2m)[22m[32m 4[2mms[22m[39m
 [32m✓[39m src/lib/shortcutDiagnostics.test.tsx [2m([22m[2m4 tests[22m[2m)[22m[32m 26[2mms[22m[39m
 [32m✓[39m src/lib/agentIcon.test.tsx [2m([22m[2m10 tests[22m[2m)[22m[32m 6[2mms[22m[39m
 [32m✓[39m src/lib/sessionEpochRestore.test.ts [2m([22m[2m4 tests[22m[2m)[22m[32m 9[2mms[22m[39m
 [32m✓[39m src/lib/closedTabStack.test.ts [2m([22m[2m5 tests[22m[2m)[22m[32m 4[2mms[22m[39m
 [32m✓[39m src/lib/activity.test.ts [2m([22m[2m5 tests[22m[2m)[22m[32m 4[2mms[22m[39m
 [32m✓[39m src/components/TerminalLinkActions.remember.test.tsx [2m([22m[2m5 tests[22m[2m)[22m[32m 178[2mms[22m[39m
 [32m✓[39m src/components/BrowserPane.privateHistory.test.tsx [2m([22m[2m2 tests[22m[2m)[22m[32m 42[2mms[22m[39m
 [32m✓[39m src/lib/terminalLinkHints.test.ts [2m([22m[2m12 tests[22m[2m)[22m[32m 3[2mms[22m[39m
 [32m✓[39m src/remote/RemoteApp.threadsEntry.test.tsx [2m([22m[2m3 tests[22m[2m)[22m[33m 323[2mms[22m[39m
 [32m✓[39m src/components/ui/sonner.test.tsx [2m([22m[2m7 tests[22m[2m)[22m[33m 335[2mms[22m[39m
 [32m✓[39m src/lib/clipboard.test.ts [2m([22m[2m5 tests[22m[2m)[22m[32m 10[2mms[22m[39m
 [32m✓[39m src/components/settings/GeneralSection.test.tsx [2m([22m[2m3 tests[22m[2m)[22m[32m 81[2mms[22m[39m
 [32m✓[39m src/components/Sidebar.sshActivity.test.tsx [2m([22m[2m4 tests[22m[2m)[22m[32m 57[2mms[22m[39m
 [32m✓[39m src/appearanceThemeContract.test.ts [2m([22m[2m7 tests[22m[2m)[22m[32m 39[2mms[22m[39m
 [32m✓[39m src/components/tab-dnd/redundantSplitDrop.test.ts [2m([22m[2m5 tests[22m[2m)[22m[32m 4[2mms[22m[39m
 [32m✓[39m src/lib/switchDebug.test.ts [2m([22m[2m9 tests[22m[2m)[22m[32m 4[2mms[22m[39m
 [32m✓[39m src/features/ferryx/design/session.test.ts [2m([22m[2m3 tests[22m[2m)[22m[32m 3[2mms[22m[39m
 [32m✓[39m src/remote/terminalGridProtocol.test.ts [2m([22m[2m7 tests[22m[2m)[22m[32m 5[2mms[22m[39m
 [32m✓[39m src/lib/filePreviewTypes.test.ts [2m([22m[2m11 tests[22m[2m)[22m[32m 4[2mms[22m[39m
 [32m✓[39m src/lib/pairedActionBoundaries.test.tsx [2m([22m[2m6 tests[22m[2m)[22m[32m 18[2mms[22m[39m
 [32m✓[39m src/lib/remoteClient.test.ts [2m([22m[2m5 tests[22m[2m)[22m[32m 4[2mms[22m[39m
 [32m✓[39m src/lib/branchFilter.test.ts [2m([22m[2m20 tests[22m[2m)[22m[32m 4[2mms[22m[39m
 [32m✓[39m src/components/Sidebar.paired.test.tsx [2m([22m[2m2 tests[22m[2m)[22m[32m 116[2mms[22m[39m
 [32m✓[39m src/components/onboarding/GettingStartedChecklist.test.tsx [2m([22m[2m8 tests[22m[2m)[22m[32m 78[2mms[22m[39m
 [32m✓[39m src/features/ferryx/control/desktopInventory.test.ts [2m([22m[2m6 tests[22m[2m)[22m[32m 4[2mms[22m[39m
 [32m✓[39m src/components/TerminalLinkActions.test.tsx [2m([22m[2m4 tests[22m[2m)[22m[32m 33[2mms[22m[39m
[90mstderr[2m | src/components/TerminalSplitView.paneHandleReach.test.tsx[2m > [22m[2mpane handle reachability over a native terminal[2m > [22m[2moverlays the handle only inside the narrow hotspot without shrinking the terminal
[22m[39mNative terminal IPC command failed {
  command: [32m'cmd_native_terminal_attach'[39m,
  error: {
    code: [32m'SPAWN_ATTEMPT_TIMEOUT'[39m,
    message: [32m'Shell startup was not confirmed. Retry to reconcile the same shell.'[39m,
    details: { stage: [32m'missingDurablePersistence'[39m, delivery: [32m'ambiguous'[39m }
  }
}

 [31m❯[39m src/components/TerminalSplitView.paneHandleReach.test.tsx [2m([22m[2m1 test[22m[2m | [22m[31m1 failed[39m[2m)[22m[32m 48[2mms[22m[39m
[31m   [31m×[31m pane handle reachability over a native terminal[2m > [22moverlays the handle only inside the narrow hotspot without shrinking the terminal[39m[32m 48[2mms[22m[39m
[31m     → [2mexpect([22m[31melement[31m[2m).toHaveClass([22m[32m[32m"h-3"[32m[31m[2m)[22m

Expected the element to have class:
[32m  h-3[31m
Received:
[31m  absolute inset-x-0 top-0 z-30 flex h-5 items-center justify-between overflow-visible border-b border-border/30 bg-background/85 px-2 text-[11px] text-muted-foreground transition-opacity duration-150 select-none cursor-grab touch-none active:cursor-grabbing pointer-events-none opacity-0[31m[39m
 [32m✓[39m src/lib/uuid.test.ts [2m([22m[2m7 tests[22m[2m)[22m[32m 5[2mms[22m[39m
 [32m✓[39m src/components/BrowserToolbar.omnibox.test.tsx [2m([22m[2m2 tests[22m[2m)[22m[32m 74[2mms[22m[39m
 [32m✓[39m src/components/FilePreviewPane.viewers.test.tsx [2m([22m[2m3 tests[22m[2m)[22m[32m 30[2mms[22m[39m
[90mstderr[2m | src/remote/RemoteBrowserControls.test.tsx[2m > [22m[2mRemoteBrowserControls eval refusal[2m > [22m[2mrefuses on the structured PERMISSION_DENIED code
[22m[39mWarning: You provided a `checked` prop to a form field without an `onChange` handler. This will render a read-only field. If the field should be mutable use `defaultChecked`. Otherwise, set either `onChange` or `readOnly`.
    at input
    at label
    at div
    at div
    at RemoteBrowserControls (C:\Users\sook\ferryx-pane-completion\source-21dea3c0\ui\src\remote\RemoteBrowserControls.tsx:36:3)

[90mstderr[2m | src/remote/RemoteBrowserControls.test.tsx[2m > [22m[2mRemoteBrowserControls eval refusal[2m > [22m[2mdoes not refuse on message text alone
[22m[39mWarning: You provided a `checked` prop to a form field without an `onChange` handler. This will render a read-only field. If the field should be mutable use `defaultChecked`. Otherwise, set either `onChange` or `readOnly`.
    at input
    at label
    at div
    at div
    at RemoteBrowserControls (C:\Users\sook\ferryx-pane-completion\source-21dea3c0\ui\src\remote\RemoteBrowserControls.tsx:36:3)

[90mstderr[2m | src/remote/RemoteBrowserControls.test.tsx[2m > [22m[2mRemoteBrowserControls refusals it decides locally[2m > [22m[2mrefuses an oversized eval script before dispatch
[22m[39mWarning: You provided a `checked` prop to a form field without an `onChange` handler. This will render a read-only field. If the field should be mutable use `defaultChecked`. Otherwise, set either `onChange` or `readOnly`.
    at input
    at label
    at div
    at div
    at RemoteBrowserControls (C:\Users\sook\ferryx-pane-completion\source-21dea3c0\ui\src\remote\RemoteBrowserControls.tsx:36:3)

 [32m✓[39m src/remote/RemoteBrowserControls.test.tsx [2m([22m[2m3 tests[22m[2m)[22m[32m 52[2mms[22m[39m
 [32m✓[39m src/lib/dagWatchRoots.test.ts [2m([22m[2m7 tests[22m[2m)[22m[32m 5[2mms[22m[39m
 [32m✓[39m src/state/attentionAcknowledgment.test.ts [2m([22m[2m4 tests[22m[2m)[22m[32m 6[2mms[22m[39m
 [32m✓[39m src/remote/noiseInterop.test.ts [2m([22m[2m1 test[22m[2m)[22m[32m 8[2mms[22m[39m
 [32m✓[39m src/components/TerminalPane.slowTunnel.test.tsx [2m([22m[2m1 test[22m[2m)[22m[32m 18[2mms[22m[39m
 [31m❯[39m src/lib/pairedDaemonRollout.test.ts [2m([22m[2m5 tests[22m[2m | [22m[31m1 failed[39m[2m)[22m[32m 13[2mms[22m[39m
   [32m✓[39m new local accepts an older epoch with fewer capabilities but never dispatches unsupported operations[32m 4[2mms[22m[39m
   [32m✓[39m failed renegotiation revokes prior admission: {"apiVersion":0,"daemonEpoch":"1","capabilities":[]}[32m 1[2mms[22m[39m
[31m   [31m×[31m failed renegotiation revokes prior admission: {"capabilities":["directoryBrowseV1","futureV9"]}[39m[32m 6[2mms[22m[39m
[31m     → promise resolved "{ apiVersion: 1, …(7) }" instead of rejecting[39m
   [32m✓[39m failed renegotiation revokes prior admission: {"accessScope":"mirror"}[32m 1[2mms[22m[39m
   [32m✓[39m failed renegotiation revokes prior admission: {"machineId":"other-machine"}[32m 1[2mms[22m[39m
 [32m✓[39m src/components/WorkspaceHeader.test.tsx [2m([22m[2m4 tests[22m[2m)[22m[32m 61[2mms[22m[39m
 [32m✓[39m src/lib/markdownToc.test.ts [2m([22m[2m5 tests[22m[2m)[22m[32m 3[2mms[22m[39m
 [32m✓[39m src/state/workspaceStore.cwdGuard.test.ts [2m([22m[2m3 tests[22m[2m)[22m[32m 5[2mms[22m[39m
 [32m✓[39m src/remote/RemoteReconnect.test.tsx [2m([22m[2m1 test[22m[2m)[22m[32m 88[2mms[22m[39m
 [32m✓[39m src/components/DaemonConnectionBanner.test.tsx [2m([22m[2m3 tests[22m[2m)[22m[32m 80[2mms[22m[39m
 [32m✓[39m src/lib/scopedContracts.test.ts [2m([22m[2m2 tests[22m[2m)[22m[32m 2[2mms[22m[39m
 [32m✓[39m src/lib/dagRemoteBadge.integration.test.tsx [2m([22m[2m2 tests[22m[2m)[22m[32m 66[2mms[22m[39m
 [32m✓[39m src/components/onboarding/IntroAndProjectSteps.test.tsx [2m([22m[2m6 tests[22m[2m)[22m[32m 109[2mms[22m[39m
 [32m✓[39m src/lib/cliOpenFile.test.ts [2m([22m[2m7 tests[22m[2m)[22m[32m 3[2mms[22m[39m
 [32m✓[39m src/state/paneTree.redundantSplit.test.ts [2m([22m[2m6 tests[22m[2m)[22m[32m 2[2mms[22m[39m
 [32m✓[39m src/remote/RemoteSsh.test.tsx [2m([22m[2m2 tests[22m[2m)[22m[32m 92[2mms[22m[39m
 [32m✓[39m src/lib/csvParse.test.ts [2m([22m[2m11 tests[22m[2m)[22m[32m 3[2mms[22m[39m
 [32m✓[39m src/components/TerminalSplitView.tabDropFallback.test.tsx [2m([22m[2m1 test[22m[2m)[22m[32m 45[2mms[22m[39m
 [32m✓[39m src/components/onboarding/AccountStep.test.tsx [2m([22m[2m4 tests[22m[2m)[22m[32m 102[2mms[22m[39m
 [32m✓[39m src/components/Sidebar.projectIdentity.test.tsx [2m([22m[2m2 tests[22m[2m)[22m[32m 96[2mms[22m[39m
 [32m✓[39m src/state/sidebarWorkspaceState.test.ts [2m([22m[2m8 tests[22m[2m)[22m[32m 5[2mms[22m[39m
 [32m✓[39m src/lib/fileTabIcon.test.ts [2m([22m[2m11 tests[22m[2m)[22m[32m 3[2mms[22m[39m
 [32m✓[39m src/test/pointerCapture.test.ts [2m([22m[2m5 tests[22m[2m)[22m[32m 6[2mms[22m[39m
 [32m✓[39m src/lib/notificationSettings.test.ts [2m([22m[2m5 tests[22m[2m)[22m[32m 10[2mms[22m[39m
 [32m✓[39m src/lib/pushSubscription.test.ts [2m([22m[2m2 tests[22m[2m)[22m[32m 4[2mms[22m[39m
 [32m✓[39m src/workspaceThemeContract.test.ts [2m([22m[2m6 tests[22m[2m)[22m[32m 8[2mms[22m[39m
 [32m✓[39m src/components/settings/TerminalSection.interaction.test.tsx [2m([22m[2m3 tests[22m[2m)[22m[32m 55[2mms[22m[39m
[90mstderr[2m | src/components/TerminalPane.nativeAlways.test.tsx[2m > [22m[2mTerminalPane always routes to the native terminal surface[2m > [22m[2mmounts the native pane for an active pane
[22m[39mNative terminal IPC command failed {
  command: [32m'cmd_native_terminal_attach'[39m,
  error: {
    code: [32m'SPAWN_ATTEMPT_TIMEOUT'[39m,
    message: [32m'Shell startup was not confirmed. Retry to reconcile the same shell.'[39m,
    details: { stage: [32m'missingDurablePersistence'[39m, delivery: [32m'ambiguous'[39m }
  }
}

[90mstderr[2m | src/components/TerminalPane.nativeAlways.test.tsx[2m > [22m[2mTerminalPane always routes to the native terminal surface[2m > [22m[2mmounts the native pane for an inactive split leaf
[22m[39mNative terminal IPC command failed {
  command: [32m'cmd_native_terminal_attach'[39m,
  error: {
    code: [32m'SPAWN_ATTEMPT_TIMEOUT'[39m,
    message: [32m'Shell startup was not confirmed. Retry to reconcile the same shell.'[39m,
    details: { stage: [32m'missingDurablePersistence'[39m, delivery: [32m'ambiguous'[39m }
  }
}

[90mstderr[2m | src/components/TerminalPane.nativeAlways.test.tsx[2m > [22m[2mTerminalPane always routes to the native terminal surface[2m > [22m[2mpreserves the native pane across activity changes
[22m[39mNative terminal IPC command failed {
  command: [32m'cmd_native_terminal_attach'[39m,
  error: {
    code: [32m'SPAWN_ATTEMPT_TIMEOUT'[39m,
    message: [32m'Shell startup was not confirmed. Retry to reconcile the same shell.'[39m,
    details: { stage: [32m'missingDurablePersistence'[39m, delivery: [32m'ambiguous'[39m }
  }
}

[90mstderr[2m | src/components/TerminalPane.nativeAlways.test.tsx[2m > [22m[2mTerminalPane always routes to the native terminal surface[2m > [22m[2mkeeps two simultaneous split-leaf panes on the native surface at once
[22m[39mNative terminal IPC command failed {
  command: [32m'cmd_native_terminal_attach'[39m,
  error: {
    code: [32m'SPAWN_ATTEMPT_TIMEOUT'[39m,
    message: [32m'Shell startup was not confirmed. Retry to reconcile the same shell.'[39m,
    details: { stage: [32m'missingDurablePersistence'[39m, delivery: [32m'ambiguous'[39m }
  }
}
Native terminal IPC command failed {
  command: [32m'cmd_native_terminal_attach'[39m,
  error: {
    code: [32m'SPAWN_ATTEMPT_TIMEOUT'[39m,
    message: [32m'Shell startup was not confirmed. Retry to reconcile the same shell.'[39m,
    details: { stage: [32m'missingDurablePersistence'[39m, delivery: [32m'ambiguous'[39m }
  }
}

 [32m✓[39m src/components/TerminalPane.nativeAlways.test.tsx [2m([22m[2m4 tests[22m[2m)[22m[32m 36[2mms[22m[39m
 [32m✓[39m src/components/BrowserPane.findError.test.tsx [2m([22m[2m1 test[22m[2m)[22m[32m 37[2mms[22m[39m
 [32m✓[39m src/state/projectWorkspaceScope.test.tsx [2m([22m[2m2 tests[22m[2m)[22m[32m 91[2mms[22m[39m
 [32m✓[39m src/state/dagRunOwnership.test.ts [2m([22m[2m5 tests[22m[2m)[22m[32m 2[2mms[22m[39m
 [32m✓[39m src/lib/sshAgentState.test.ts [2m([22m[2m1 test[22m[2m)[22m[32m 19[2mms[22m[39m
 [32m✓[39m src/remote/hangulComposition.test.ts [2m([22m[2m30 tests[22m[2m)[22m[32m 4[2mms[22m[39m
 [32m✓[39m src/lib/fileTabLabels.test.ts [2m([22m[2m9 tests[22m[2m)[22m[32m 4[2mms[22m[39m
 [32m✓[39m src/features/ferryx/design/overlay.test.ts [2m([22m[2m6 tests[22m[2m)[22m[32m 32[2mms[22m[39m
 [32m✓[39m src/manifest.test.ts [2m([22m[2m3 tests[22m[2m)[22m[32m 4[2mms[22m[39m
 [32m✓[39m src/components/CommandPalette.test.tsx [2m([22m[2m2 tests[22m[2m)[22m[32m 78[2mms[22m[39m
 [32m✓[39m src/lib/filePreviewTabRegistry.test.ts [2m([22m[2m3 tests[22m[2m)[22m[32m 5[2mms[22m[39m
 [32m✓[39m src/lib/paneDebugInfo.test.ts [2m([22m[2m3 tests[22m[2m)[22m[32m 3[2mms[22m[39m
 [32m✓[39m src/features/ferryx/push/client.test.ts [2m([22m[2m4 tests[22m[2m)[22m[32m 5[2mms[22m[39m
 [32m✓[39m src/remote/remoteTransport.test.ts [2m([22m[2m1 test[22m[2m)[22m[32m 3[2mms[22m[39m
 [32m✓[39m src/lib/sessionPersistence.customLabel.test.ts [2m([22m[2m2 tests[22m[2m)[22m[32m 5[2mms[22m[39m
 [32m✓[39m src/state/remoteHostStore.native.test.ts [2m([22m[2m4 tests[22m[2m)[22m[32m 3[2mms[22m[39m
 [32m✓[39m src/lib/markdownDocLink.test.ts [2m([22m[2m4 tests[22m[2m)[22m[32m 2[2mms[22m[39m
 [32m✓[39m src/components/onboarding/WhatsNewDialog.test.tsx [2m([22m[2m4 tests[22m[2m)[22m[32m 80[2mms[22m[39m
 [32m✓[39m src/components/onboarding/FeaturesStep.test.tsx [2m([22m[2m3 tests[22m[2m)[22m[32m 51[2mms[22m[39m
 [32m✓[39m src/lib/agentManifestBranding.test.ts [2m([22m[2m3 tests[22m[2m)[22m[32m 5[2mms[22m[39m
 [32m✓[39m src/lib/contextMenuGuard.test.ts [2m([22m[2m6 tests[22m[2m)[22m[32m 7[2mms[22m[39m
 [32m✓[39m src/test/setup.selectors.test.ts [2m([22m[2m3 tests[22m[2m)[22m[32m 7[2mms[22m[39m
 [32m✓[39m src/components/settings/BrowserSection.silentFailures.test.tsx [2m([22m[2m1 test[22m[2m)[22m[32m 163[2mms[22m[39m
 [32m✓[39m src/lib/notificationSoundWire.test.ts [2m([22m[2m5 tests[22m[2m)[22m[32m 3[2mms[22m[39m
 [32m✓[39m src/features/ferryx/chat/ManagedChat.test.tsx [2m([22m[2m1 test[22m[2m)[22m[32m 37[2mms[22m[39m
 [32m✓[39m src/remote/attentionInventory.test.ts [2m([22m[2m2 tests[22m[2m)[22m[32m 3[2mms[22m[39m
 [32m✓[39m src/components/settings/BrowserSection.failures.test.tsx [2m([22m[2m2 tests[22m[2m)[22m[33m 346[2mms[22m[39m
 [32m✓[39m src/lib/terminalEvents.test.ts [2m([22m[2m4 tests[22m[2m)[22m[32m 2[2mms[22m[39m
 [32m✓[39m src/components/FilePreviewPane.test.tsx [2m([22m[2m1 test[22m[2m)[22m[32m 16[2mms[22m[39m
 [32m✓[39m src/test/pairedDaemonFixtures.test.ts [2m([22m[2m4 tests[22m[2m)[22m[32m 3[2mms[22m[39m
 [32m✓[39m src/components/WorktreeDeleteDialog.owner.test.tsx [2m([22m[2m3 tests[22m[2m)[22m[32m 61[2mms[22m[39m
 [32m✓[39m src/components/FilePreviewPane.restore.test.tsx [2m([22m[2m1 test[22m[2m)[22m[32m 24[2mms[22m[39m
 [32m✓[39m src/nativeTerminalPresentationBacking.test.ts [2m([22m[2m1 test[22m[2m)[22m[32m 31[2mms[22m[39m
 [32m✓[39m src/components/notification/NotificationCenterPopover.placement.test.ts [2m([22m[2m4 tests[22m[2m)[22m[32m 2[2mms[22m[39m
 [32m✓[39m src/components/EmptyWorkspaceView.test.tsx [2m([22m[2m3 tests[22m[2m)[22m[32m 72[2mms[22m[39m
 [32m✓[39m src/components/settings/designTokens.test.ts [2m([22m[2m3 tests[22m[2m)[22m[32m 9[2mms[22m[39m
 [32m✓[39m src/components/settings/pairedDaemonGate.test.ts [2m([22m[2m2 tests[22m[2m)[22m[32m 2[2mms[22m[39m
 [32m✓[39m src/features/ferryx/control/control.test.tsx [2m([22m[2m2 tests[22m[2m)[22m[32m 2[2mms[22m[39m
 [32m✓[39m src/features/ferryx/design/DesignFeedback.test.tsx [2m([22m[2m1 test[22m[2m)[22m[32m 60[2mms[22m[39m
 [32m✓[39m src/index-html.test.ts [2m([22m[2m3 tests[22m[2m)[22m[32m 4[2mms[22m[39m
 [32m✓[39m src/lib/types.test.ts [2m([22m[2m3 tests[22m[2m)[22m[32m 3[2mms[22m[39m
 [32m✓[39m src/components/SettingsDialog.escapeUsable.test.tsx [2m([22m[2m2 tests[22m[2m)[22m[32m 195[2mms[22m[39m
 [32m✓[39m src/linuxTauriWindowConfig.test.ts [2m([22m[2m1 test[22m[2m)[22m[32m 3[2mms[22m[39m
 [32m✓[39m src/devRuntimeContract.test.ts [2m([22m[2m2 tests[22m[2m)[22m[32m 3[2mms[22m[39m
 [32m✓[39m src/features/ferryx/control/client.test.ts [2m([22m[2m2 tests[22m[2m)[22m[32m 5[2mms[22m[39m
 [32m✓[39m src/features/ferryx/ssh/model.test.ts [2m([22m[2m3 tests[22m[2m)[22m[32m 3[2mms[22m[39m
 [32m✓[39m src/App.pairedProjectContracts.test.ts [2m([22m[2m2 tests[22m[2m)[22m[32m 2[2mms[22m[39m
 [32m✓[39m src/features/ferryx/ssh/components.test.tsx [2m([22m[2m2 tests[22m[2m)[22m[32m 67[2mms[22m[39m
 [32m✓[39m src/lib/sshHosts.identity.test.ts [2m([22m[2m1 test[22m[2m)[22m[32m 2[2mms[22m[39m
 [32m✓[39m src/components/TabBar.appearance.test.tsx [2m([22m[2m1 test[22m[2m)[22m[32m 27[2mms[22m[39m
 [32m✓[39m src/lib/fileLinkRegression.test.ts [2m([22m[2m5 tests[22m[2m)[22m[32m 9[2mms[22m[39m
 [32m✓[39m src/lib/withTimeout.test.ts [2m([22m[2m4 tests[22m[2m)[22m[32m 20[2mms[22m[39m
 [32m✓[39m src/lib/pairedDaemonParity.test.ts [2m([22m[2m2143 tests[22m[2m)[22m[32m 172[2mms[22m[39m
 [32m✓[39m src/lib/ipcErrors.test.ts [2m([22m[2m2 tests[22m[2m)[22m[32m 2[2mms[22m[39m
 [32m✓[39m src/lib/terminalCwd.test.ts [2m([22m[2m2 tests[22m[2m)[22m[32m 2[2mms[22m[39m
 [32m✓[39m src/features/ferryx/control/selection.test.tsx [2m([22m[2m1 test[22m[2m)[22m[32m 93[2mms[22m[39m
 [32m✓[39m src/features/ferryx/chat/drafts.test.ts [2m([22m[2m1 test[22m[2m)[22m[32m 3[2mms[22m[39m
 [32m✓[39m src/nativeTerminalPlatformTransparency.test.ts [2m([22m[2m1 test[22m[2m)[22m[32m 2[2mms[22m[39m
 [32m✓[39m src/agentTabLogoContrast.test.ts [2m([22m[2m1 test[22m[2m)[22m[32m 2[2mms[22m[39m
 [32m✓[39m src/assets/ferryx-icon.test.ts [2m([22m[2m1 test[22m[2m)[22m[32m 1[2mms[22m[39m
 [31m❯[39m src/lib/agentStateExtension.test.ts [2m([22m[2m5 tests[22m[2m | [22m[33m5 skipped[39m[2m)[22m[33m 10007[2mms[22m[39m
   [2m[90m↓[39m[22m ferryx-agent-state extension[2m > [22msubscribes to the events senpi actually emits
   [2m[90m↓[39m[22m ferryx-agent-state extension[2m > [22ma waiting question publishes blocked with its text, and answering publishes working
   [2m[90m↓[39m[22m ferryx-agent-state extension[2m > [22ma question the agent keeps working through never publishes blocked
   [2m[90m↓[39m[22m ferryx-agent-state extension[2m > [22ma host dialog with no question event still blocks and carries its label
   [2m[90m↓[39m[22m ferryx-agent-state extension[2m > [22msettling the turn clears the blocked detail
fatal: Needed a single revision
 [32m✓[39m src/test/viteHmrConfig.test.ts [2m([22m[2m1 test[22m[2m)[22m[32m 176[2mms[22m[39m

[31m⎯⎯⎯⎯⎯⎯[39m[1m[41m Failed Suites 1 [49m[22m[31m⎯⎯⎯⎯⎯⎯⎯[39m

[41m[1m FAIL [22m[49m src/lib/agentStateExtension.test.ts[2m > [22mferryx-agent-state extension
[31m[1mError[22m: Hook timed out in 10000ms.
If this is a long-running hook, pass a timeout value as the last argument or configure it globally with "hookTimeout".[39m
[36m [2m❯[22m src/lib/agentStateExtension.test.ts:[2m73:3[22m[39m
    [90m 71| [39m
    [90m 72| [39m[34mdescribe[39m([32m"ferryx-agent-state extension"[39m[33m,[39m () [33m=>[39m {
    [90m 73| [39m  [34mbeforeAll[39m([35masync[39m () [33m=>[39m {
    [90m   | [39m  [31m^[39m
    [90m 74| [39m    [35mtry[39m {
    [90m 75| [39m      [34mrmSync[39m([33mSOCKET_PATH[39m)[33m;[39m

[31m[2m⎯⎯⎯⎯⎯⎯⎯⎯⎯⎯⎯⎯⎯⎯⎯⎯⎯⎯⎯⎯⎯⎯[1/194]⎯[22m[39m


[31m⎯⎯⎯⎯⎯⎯[39m[1m[41m Failed Tests 193 [49m[22m[31m⎯⎯⎯⎯⎯⎯[39m

[41m[1m FAIL [22m[49m src/App.test.tsx[2m > [22mApp project workspace flow[2m > [22mWave 3a Onboarding and Welcome[2m > [22mauto-opens WelcomeWizard for a macOS status with missing permissions and zero projects
[31m[1mTestingLibraryElementError[22m: Unable to find role="dialog" and name "Welcome to Ferryx"

Ignored nodes: comments, script, style
[36m<body>[31m
  [36m<div />[31m
[36m</body>[31m

Ignored nodes: comments, script, style
[36m<body>[31m
  [36m<div />[31m
[36m</body>[31m[39m
[90m [2m❯[22m waitForWrapper node_modules/@testing-library/dom/dist/wait-for.js:[2m163:27[22m[39m
[90m [2m❯[22m node_modules/@testing-library/dom/dist/query-helpers.js:[2m86:33[22m[39m
[36m [2m❯[22m src/App.test.tsx:[2m4900:24[22m[39m
    [90m4898| [39m        // WelcomeWizard chunk is lazy-loaded, so wait for the dialog …
    [90m4899| [39m        expect(
    [90m4900| [39m          await screen.findByRole("dialog", { name: "Welcome to Ferryx…
    [90m   | [39m                       [31m^[39m
    [90m4901| [39m        ).toBeInTheDocument();
    [90m4902| [39m      } finally {

[31m[2m⎯⎯⎯⎯⎯⎯⎯⎯⎯⎯⎯⎯⎯⎯⎯⎯⎯⎯⎯⎯⎯⎯[2/194]⎯[22m[39m

[41m[1m FAIL [22m[49m src/components/NativeTerminalPane.test.tsx[2m > [22mNativeTerminalPane IPC failure reporting and visible error state[2m > [22msuppresses the attach error banner across fast retries, surfaces it once the failure persists, and clears it on retry
[31m[1mError[22m: [2mexpect([22m[31melement[31m[2m).not.toBeInTheDocument()[22m

[31mexpected document not to contain element, found <button
  class="pointer-events-auto cursor-pointer absolute bottom-3 right-3 z-50 max-w-error rounded-md border border-destructive/30 bg-popover px-2 py-1 text-[11px] text-destructive shadow-sm hover:bg-accent transition-colors"
  role="alert"
  title="Click to retry connecting terminal"
  type="button"
>
  Terminal output recovery unavailable. Click to reconnect.
</button> instead[31m[39m
[36m [2m❯[22m src/components/NativeTerminalPane.test.tsx:[2m345:40[22m[39m
    [90m343| [39m        error: expect.any(Error),
    [90m344| [39m      });
    [90m345| [39m      expect(queryByRole("alert")).not.toBeInTheDocument();
    [90m   | [39m                                       [31m^[39m
    [90m346| [39m
    [90m347| [39m      // Backoff 1 (250ms) -> attempt 2 fails: still inside the fast-r…

[31m[2m⎯⎯⎯⎯⎯⎯⎯⎯⎯⎯⎯⎯⎯⎯⎯⎯⎯⎯⎯⎯⎯⎯[3/194]⎯[22m[39m

[41m[1m FAIL [22m[49m src/components/NativeTerminalPane.test.tsx[2m > [22mNativeTerminalPane IPC failure reporting and visible error state[2m > [22mallows clicking the attach error banner to retry connection immediately
[31m[1mError[22m: [2mexpect([22m[31melement[31m[2m).not.toBeInTheDocument()[22m

[31mexpected document not to contain element, found <button
  class="pointer-events-auto cursor-pointer absolute bottom-3 right-3 z-50 max-w-error rounded-md border border-destructive/30 bg-popover px-2 py-1 text-[11px] text-destructive shadow-sm hover:bg-accent transition-colors"
  role="alert"
  title="Click to retry connecting terminal"
  type="button"
>
  Terminal output recovery unavailable. Click to reconnect.
</button> instead[31m[39m
[36m [2m❯[22m src/components/NativeTerminalPane.test.tsx:[2m421:40[22m[39m
    [90m419| [39m      });
    [90m420| [39m
    [90m421| [39m      expect(queryByRole("alert")).not.toBeInTheDocument();
    [90m   | [39m                                       [31m^[39m
    [90m422| [39m      expect(attempts).toBeGreaterThanOrEqual(4);
    [90m423| [39m    } finally {

[31m[2m⎯⎯⎯⎯⎯⎯⎯⎯⎯⎯⎯⎯⎯⎯⎯⎯⎯⎯⎯⎯⎯⎯[4/194]⎯[22m[39m

[41m[1m FAIL [22m[49m src/components/NativeTerminalPane.test.tsx[2m > [22mNativeTerminalPane IPC failure reporting and visible error state[2m > [22mre-attempts attach when same backendSessionId receives a new daemonEpoch
[31m[1mAssertionError[22m: expected +0 to be 1 // Object.is equality[39m

[32m- Expected[39m
[31m+ Received[39m

[32m- 1[39m
[31m+ 0[39m

[36m [2m❯[22m src/components/NativeTerminalPane.test.tsx:[2m483:30[22m[39m
    [90m481| [39m        await Promise.resolve();
    [90m482| [39m      });
    [90m483| [39m      expect(attachAttempts).toBe(1);
    [90m   | [39m                             [31m^[39m
    [90m484| [39m
    [90m485| [39m      // Now same session and same backendSessionId receives a new dae…

[31m[2m⎯⎯⎯⎯⎯⎯⎯⎯⎯⎯⎯⎯⎯⎯⎯⎯⎯⎯⎯⎯⎯⎯[5/194]⎯[22m[39m

[41m[1m FAIL [22m[49m src/components/NativeTerminalPane.test.tsx[2m > [22mNativeTerminalPane IPC failure reporting and visible error state[2m > [22mdisplays an accessible error banner when bounds IPC fails and does not show detach errors on unmount
[31m[1mError[22m: [2mexpect([22m[31melement[31m[2m).toHaveTextContent()[22m

Expected element to have text content:
[32m  Failed to update native terminal bounds[31m
Received:
[31m  Terminal output recovery unavailable. Click to reconnect.[31m[39m
[36m [2m❯[22m src/components/NativeTerminalPane.test.tsx:[2m526:19[22m[39m
    [90m524| [39m    const alert = await findByRole("alert");
    [90m525| [39m    expect(alert).toBeInTheDocument();
    [90m526| [39m    expect(alert).toHaveTextContent("Failed to update native terminal …
    [90m   | [39m                  [31m^[39m
    [90m527| [39m    expect(alert).not.toHaveTextContent("/Users/secret/path/bounds");
    [90m528| [39m

[31m[2m⎯⎯⎯⎯⎯⎯⎯⎯⎯⎯⎯⎯⎯⎯⎯⎯⎯⎯⎯⎯⎯⎯[6/194]⎯[22m[39m

[41m[1m FAIL [22m[49m src/components/NativeTerminalPane.test.tsx[2m > [22mNativeTerminalPane IPC failure reporting and visible error state[2m > [22mstays silent when a bounds update loses the race with its own detach
[31m[1mAssertionError[22m: expected "spy" to be called with arguments: [ …(2) ][90m

Received: 

[1m  1st spy call:

[22m[2m  [[22m
[32m-   "cmd_native_terminal_set_bounds",[90m
[32m-   Anything,[90m
[31m+   "cmd_native_terminal_set_focus",[90m
[31m+   {[90m
[31m+     "focused": false,[90m
[31m+     "sessionId": "term-session-1",[90m
[31m+   },[90m
[2m  ][22m
[31m[90m

Number of calls: [1m1[22m
[31m

Ignored nodes: comments, script, style
[36m<html>[31m
  [36m<head />[31m
  [36m<body>[31m
    [36m<div>[31m
      [36m<div[31m
        [33mclass[31m=[32m"terminal-host relative h-full w-full min-h-0 min-w-0 bg-transparent"[31m
        [33mdata-native-terminal-input-enabled[31m=[32m"true"[31m
        [33mdata-native-terminal-presented[31m=[32m"false"[31m
        [33mdata-native-terminal-visible[31m=[32m"true"[31m
        [33mdata-testid[31m=[32m"native-terminal-pane"[31m
      [36m>[31m
        [36m<div[31m
          [33mclass[31m=[32m"absolute inset-0"[31m
          [33mdata-testid[31m=[32m"native-terminal-viewport"[31m
        [36m>[31m
          [36m<textarea[31m
            [33maria-label[31m=[32m"Native terminal input"[31m
            [33mclass[31m=[32m"pointer-events-none absolute left-0 top-0 h-px w-px resize-none border-0 bg-transparent p-0 opacity-0"[31m
            [33mdata-testid[31m=[32m"native-terminal-focus-sink"[31m
          [36m/>[31m
        [36m</div>[31m
        [36m<div[31m
          [33mclass[31m=[32m"absolute inset-y-0 right-0 w-3 transition-opacity duration-150 opacity-0 pointer-events-none"[31m
          [33mdata-testid[31m=[32m"native-terminal-scrollbar-track"[31m
        [36m/>[31m
        [36m<button[31m
          [33mclass[31m=[32m"pointer-events-auto cursor-pointer absolute bottom-3 right-3 z-50 max-w-error rounded-md border border-destructive/30 bg-popover px-2 py-1 text-[11px] text-destructive shadow-sm hover:bg-accent transition-colors"[31m
          [33mrole[31m=[32m"alert"[31m
          [33mtitle[31m=[32m"Click to retry connecting terminal"[31m
          [33mtype[31m=[32m"button"[31m
        [36m>[31m
          [0mFailed to attach native terminal[0m
        [36m</button>[31m
      [36m</div>[31m
    [36m</div>[31m
  [36m</body>[31m
[36m</html>[31m[39m
[36m [2m❯[22m src/components/NativeTerminalPane.test.tsx:[2m586:37[22m[39m
    [90m584| [39m
    [90m585| [39m    await waitFor(() => {
    [90m586| [39m      expect(tauriCoreMocks.invoke).toHaveBeenCalledWith(
    [90m   | [39m                                    [31m^[39m
    [90m587| [39m        "cmd_native_terminal_set_bounds",
    [90m588| [39m        expect.anything(),
[90m [2m❯[22m runWithExpensiveErrorDiagnosticsDisabled node_modules/@testing-library/dom/dist/config.js:[2m47:12[22m[39m
[90m [2m❯[22m checkCallback node_modules/@testing-library/dom/dist/wait-for.js:[2m124:77[22m[39m
[90m [2m❯[22m Timeout.checkRealTimersCallback node_modules/@testing-library/dom/dist/wait-for.js:[2m118:16[22m[39m

[31m[2m⎯⎯⎯⎯⎯⎯⎯⎯⎯⎯⎯⎯⎯⎯⎯⎯⎯⎯⎯⎯⎯⎯[7/194]⎯[22m[39m

[41m[1m FAIL [22m[49m src/components/NativeTerminalPane.test.tsx[2m > [22mNativeTerminalPane bounded wheel normalization[2m > [22mnormalizes 'zero' through mounted onWheel
[41m[1m FAIL [22m[49m src/components/NativeTerminalPane.test.tsx[2m > [22mNativeTerminalPane bounded wheel normalization[2m > [22mnormalizes 'horizontal-only' through mounted onWheel
[41m[1m FAIL [22m[49m src/components/NativeTerminalPane.test.tsx[2m > [22mNativeTerminalPane bounded wheel normalization[2m > [22mnormalizes 'line notches' through mounted onWheel
[41m[1m FAIL [22m[49m src/components/NativeTerminalPane.test.tsx[2m > [22mNativeTerminalPane bounded wheel normalization[2m > [22mnormalizes 'visible pages' through mounted onWheel
[41m[1m FAIL [22m[49m src/components/NativeTerminalPane.test.tsx[2m > [22mNativeTerminalPane bounded wheel normalization[2m > [22mnormalizes 'fractional pixels' through mounted onWheel
[41m[1m FAIL [22m[49m src/components/NativeTerminalPane.test.tsx[2m > [22mNativeTerminalPane bounded wheel normalization[2m > [22mnormalizes 'negative fractional pixels' through mounted onWheel
[41m[1m FAIL [22m[49m src/components/NativeTerminalPane.test.tsx[2m > [22mNativeTerminalPane bounded wheel normalization[2m > [22mnormalizes 'direction cancellation' through mounted onWheel
[41m[1m FAIL [22m[49m src/components/NativeTerminalPane.test.tsx[2m > [22mNativeTerminalPane bounded wheel normalization[2m > [22mnormalizes 'pixel i16 saturation' through mounted onWheel
[41m[1m FAIL [22m[49m src/components/NativeTerminalPane.test.tsx[2m > [22mNativeTerminalPane bounded wheel normalization[2m > [22mnormalizes 'line i16 saturation' through mounted onWheel
[41m[1m FAIL [22m[49m src/components/NativeTerminalPane.test.tsx[2m > [22mNativeTerminalPane bounded wheel normalization[2m > [22mnormalizes 'page i16 saturation' through mounted onWheel
[31m[1mError[22m: Test timed out in 5000ms.
If this is a long-running test, pass a timeout value as the last argument or configure it globally with "testTimeout".[39m
[36m [2m❯[22m src/components/NativeTerminalPane.test.tsx:[2m665:4[22m[39m
    [90m663| [39m    { name: "line i16 saturation", mode: 1, deltas: [1e9, -1e9], expec…
    [90m664| [39m    { name: "page i16 saturation", mode: 2, deltas: [1e9, -1e9], expec…
    [90m665| [39m  ])("normalizes $name through mounted onWheel", async ({ mode, deltas…
    [90m   | [39m   [31m^[39m
    [90m666| [39m    const view = await mountWheelPane();
    [90m667| [39m    await act(async () => {

[31m[2m⎯⎯⎯⎯⎯⎯⎯⎯⎯⎯⎯⎯⎯⎯⎯⎯⎯⎯⎯⎯⎯⎯[8/194]⎯[22m[39m

[41m[1m FAIL [22m[49m src/components/NativeTerminalPane.test.tsx[2m > [22mNativeTerminalPane bounded wheel normalization[2m > [22mforwards pane-local wheel position and all modifier states
[31m[1mError[22m: Test timed out in 5000ms.
If this is a long-running test, pass a timeout value as the last argument or configure it globally with "testTimeout".[39m
[36m [2m❯[22m src/components/NativeTerminalPane.test.tsx:[2m678:3[22m[39m
    [90m676| [39m  });
    [90m677| [39m
    [90m678| [39m  it("forwards pane-local wheel position and all modifier states", asy…
    [90m   | [39m  [31m^[39m
    [90m679| [39m    const view = await mountWheelPane();
    [90m680| [39m    vi.spyOn(view.getByTestId("native-terminal-viewport"), "getBoundin…

[31m[2m⎯⎯⎯⎯⎯⎯⎯⎯⎯⎯⎯⎯⎯⎯⎯⎯⎯⎯⎯⎯⎯⎯[9/194]⎯[22m[39m

[41m[1m FAIL [22m[49m src/components/NativeTerminalPane.test.tsx[2m > [22mNativeTerminalPane bounded wheel normalization[2m > [22muses updated visible rows and ignores sibling scrollbar metrics
[31m[1mError[22m: Test timed out in 5000ms.
If this is a long-running test, pass a timeout value as the last argument or configure it globally with "testTimeout".[39m
[36m [2m❯[22m src/components/NativeTerminalPane.test.tsx:[2m703:3[22m[39m
    [90m701| [39m  });
    [90m702| [39m
    [90m703| [39m  it("uses updated visible rows and ignores sibling scrollbar metrics"…
    [90m   | [39m  [31m^[39m
    [90m704| [39m    const view = await mountWheelPane();
    [90m705| [39m    act(() => {

[31m[2m⎯⎯⎯⎯⎯⎯⎯⎯⎯⎯⎯⎯⎯⎯⎯⎯⎯⎯⎯⎯⎯[10/194]⎯[22m[39m

[41m[1m FAIL [22m[49m src/components/NativeTerminalPane.test.tsx[2m > [22mNativeTerminalPane bounded wheel normalization[2m > [22mdiscards fractional movement across a session transition
[41m[1m FAIL [22m[49m src/components/NativeTerminalPane.test.tsx[2m > [22mNativeTerminalPane bounded wheel normalization[2m > [22mdiscards fractional movement across a generation transition
[41m[1m FAIL [22m[49m src/components/NativeTerminalPane.test.tsx[2m > [22mNativeTerminalPane bounded wheel normalization[2m > [22mdiscards fractional movement across a daemon epoch transition
[41m[1m FAIL [22m[49m src/components/NativeTerminalPane.test.tsx[2m > [22mNativeTerminalPane bounded wheel normalization[2m > [22mdiscards fractional movement across a hidden transition
[31m[1mError[22m: Test timed out in 5000ms.
If this is a long-running test, pass a timeout value as the last argument or configure it globally with "testTimeout".[39m
[36m [2m❯[22m src/components/NativeTerminalPane.test.tsx:[2m717:62[22m[39m
    [90m715| [39m  });
    [90m716| [39m
    [90m717| [39m  it.each(["session", "generation", "daemon epoch", "hidden"])("discar…
    [90m   | [39m                                                             [31m^[39m
    [90m718| [39m    const session = { ...createSession("wheel-pane", "wheel-backend"),…
    [90m719| [39m    const view = await mountWheelPane(session);

[31m[2m⎯⎯⎯⎯⎯⎯⎯⎯⎯⎯⎯⎯⎯⎯⎯⎯⎯⎯⎯⎯⎯[11/194]⎯[22m[39m

[41m[1m FAIL [22m[49m src/components/NativeTerminalPane.test.tsx[2m > [22mNativeTerminalPane bounded wheel normalization[2m > [22mdoes not send wheel IPC outside Tauri
[31m[1mTestingLibraryElementError[22m: Unable to find an element by: [data-testid="native-terminal-pane"]

Ignored nodes: comments, script, style
[36m<body>[31m
  [36m<div />[31m
[36m</body>[31m[39m
[90m [2m❯[22m Object.getElementError node_modules/@testing-library/dom/dist/config.js:[2m37:19[22m[39m
[90m [2m❯[22m node_modules/@testing-library/dom/dist/query-helpers.js:[2m76:38[22m[39m
[90m [2m❯[22m node_modules/@testing-library/dom/dist/query-helpers.js:[2m52:17[22m[39m
[90m [2m❯[22m node_modules/@testing-library/dom/dist/query-helpers.js:[2m95:19[22m[39m
[36m [2m❯[22m src/components/NativeTerminalPane.test.tsx:[2m750:50[22m[39m
    [90m748| [39m    tauriCoreMocks.isTauri.mockReturnValue(false);
    [90m749| [39m    const view = render(<NativeTerminalPane session={createSession("we…
    [90m750| [39m    await act(async () => { fireEvent.wheel(view.getByTestId("native-t…
    [90m   | [39m                                                 [31m^[39m
    [90m751| [39m    expect(scrollCalls()).toEqual([]);
    [90m752| [39m    expect(nativeTerminalEventMocks.onNativeTerminalScrollbar).not.toH…
[90m [2m❯[22m node_modules/@testing-library/react/dist/act-compat.js:[2m47:24[22m[39m
[90m [2m❯[22m act node_modules/react/cjs/react.development.js:[2m2512:16[22m[39m
[90m [2m❯[22m Proxy.<anonymous> node_modules/@testing-library/react/dist/act-compat.js:[2m46:25[22m[39m
[90m [2m❯[22m src/components/NativeTerminalPane.test.tsx:[2m750:11[22m[39m

[31m[2m⎯⎯⎯⎯⎯⎯⎯⎯⎯⎯⎯⎯⎯⎯⎯⎯⎯⎯⎯⎯⎯[12/194]⎯[22m[39m

[41m[1m FAIL [22m[49m src/components/NativeTerminalPane.test.tsx[2m > [22mNativeTerminalPane geometry reporting contract[2m > [22mmeasures viewport DOM geometry and passes bounds and scaleFactor in cmd_native_terminal_attach on mount
[31m[1mAssertionError[22m: expected "spy" to be called with arguments: [ 'cmd_native_terminal_attach', …(1) ][90m

Number of calls: [1m0[22m
[31m[39m
[36m [2m❯[22m src/components/NativeTerminalPane.test.tsx:[2m858:35[22m[39m
    [90m856| [39m    render(<NativeTerminalPane sessionId="term-session-presize" sessio…
    [90m857| [39m
    [90m858| [39m    expect(tauriCoreMocks.invoke).toHaveBeenCalledWith("cmd_native_ter…
    [90m   | [39m                                  [31m^[39m
    [90m859| [39m      sessionId: "term-session-presize",
    [90m860| [39m      bounds: {

[31m[2m⎯⎯⎯⎯⎯⎯⎯⎯⎯⎯⎯⎯⎯⎯⎯⎯⎯⎯⎯⎯⎯[13/194]⎯[22m[39m

[41m[1m FAIL [22m[49m src/components/NativeTerminalPane.test.tsx[2m > [22mNativeTerminalPane geometry reporting contract[2m > [22msnaps a fractional split-pane rect to whole device pixels before attaching
[31m[1mAssertionError[22m: expected "spy" to be called with arguments: [ 'cmd_native_terminal_attach', …(1) ][90m

Number of calls: [1m0[22m
[31m[39m
[36m [2m❯[22m src/components/NativeTerminalPane.test.tsx:[2m889:35[22m[39m
    [90m887| [39m    render(<NativeTerminalPane sessionId="term-session-fractional" ses…
    [90m888| [39m
    [90m889| [39m    expect(tauriCoreMocks.invoke).toHaveBeenCalledWith("cmd_native_ter…
    [90m   | [39m                                  [31m^[39m
    [90m890| [39m      sessionId: "term-session-fractional",
    [90m891| [39m      bounds: { x: 1937, y: 45, width: 951, height: 900 },

[31m[2m⎯⎯⎯⎯⎯⎯⎯⎯⎯⎯⎯⎯⎯⎯⎯⎯⎯⎯⎯⎯⎯[14/194]⎯[22m[39m

[41m[1m FAIL [22m[49m src/components/NativeTerminalPane.test.tsx[2m > [22mNativeTerminalPane geometry reporting contract[2m > [22momits geometry in cmd_native_terminal_attach when viewport has zero-area dimensions on mount
[31m[1mAssertionError[22m: expected "spy" to be called with arguments: [ 'cmd_native_terminal_attach', …(1) ][90m

Number of calls: [1m0[22m
[31m[39m
[36m [2m❯[22m src/components/NativeTerminalPane.test.tsx:[2m914:35[22m[39m
    [90m912| [39m    render(<NativeTerminalPane sessionId="term-session-zero" session={…
    [90m913| [39m
    [90m914| [39m    expect(tauriCoreMocks.invoke).toHaveBeenCalledWith("cmd_native_ter…
    [90m   | [39m                                  [31m^[39m
    [90m915| [39m      sessionId: "term-session-zero",
    [90m916| [39m    });

[31m[2m⎯⎯⎯⎯⎯⎯⎯⎯⎯⎯⎯⎯⎯⎯⎯⎯⎯⎯⎯⎯⎯[15/194]⎯[22m[39m

[41m[1m FAIL [22m[49m src/components/NativeTerminalPane.test.tsx[2m > [22mNativeTerminalPane geometry reporting contract[2m > [22mobserves DOM rectangle, explicitly attaches session, and reports initial bounds on mount in Tauri mode
[31m[1mAssertionError[22m: expected "spy" to be called with arguments: [ 'cmd_native_terminal_attach', …(1) ][90m

Number of calls: [1m0[22m
[31m[39m
[36m [2m❯[22m src/components/NativeTerminalPane.test.tsx:[2m924:35[22m[39m
    [90m922| [39m    render(<NativeTerminalPane sessionId="term-session-1" session={ses…
    [90m923| [39m
    [90m924| [39m    expect(tauriCoreMocks.invoke).toHaveBeenCalledWith("cmd_native_ter…
    [90m   | [39m                                  [31m^[39m
    [90m925| [39m      sessionId: "term-session-1",
    [90m926| [39m      bounds: {

[31m[2m⎯⎯⎯⎯⎯⎯⎯⎯⎯⎯⎯⎯⎯⎯⎯⎯⎯⎯⎯⎯⎯[16/194]⎯[22m[39m

[41m[1m FAIL [22m[49m src/components/NativeTerminalPane.test.tsx[2m > [22mNativeTerminalPane geometry reporting contract[2m > [22muses the entire pane height beneath the handle and bottom overlays
[31m[1mError[22m: Test timed out in 5000ms.
If this is a long-running test, pass a timeout value as the last argument or configure it globally with "testTimeout".[39m
[36m [2m❯[22m src/components/NativeTerminalPane.test.tsx:[2m956:3[22m[39m
    [90m954| [39m  });
    [90m955| [39m
    [90m956| [39m  it("uses the entire pane height beneath the handle and bottom overla…
    [90m   | [39m  [31m^[39m
    [90m957| [39m    // Given: the browser measures the full pane slot.
    [90m958| [39m    const session = createSession("term-session-1");

[31m[2m⎯⎯⎯⎯⎯⎯⎯⎯⎯⎯⎯⎯⎯⎯⎯⎯⎯⎯⎯⎯⎯[17/194]⎯[22m[39m

[41m[1m FAIL [22m[49m src/components/NativeTerminalPane.test.tsx[2m > [22mNativeTerminalPane geometry reporting contract[2m > [22mreports changed bounds payload once when geometry changes
[31m[1mAssertionError[22m: expected 0 to be greater than 0

Ignored nodes: comments, script, style
[36m<html>[31m
  [36m<head />[31m
  [36m<body>[31m
    [36m<div />[31m
  [36m</body>[31m
[36m</html>[31m[39m
[36m [2m❯[22m src/components/NativeTerminalPane.test.tsx:[2m988:36[22m[39m
    [90m986| [39m
    [90m987| [39m    await waitFor(() => {
    [90m988| [39m      expect(resizeRecords.length).toBeGreaterThan(0);
    [90m   | [39m                                   [31m^[39m
    [90m989| [39m    });
    [90m990| [39m
[90m [2m❯[22m runWithExpensiveErrorDiagnosticsDisabled node_modules/@testing-library/dom/dist/config.js:[2m47:12[22m[39m
[90m [2m❯[22m checkCallback node_modules/@testing-library/dom/dist/wait-for.js:[2m124:77[22m[39m
[90m [2m❯[22m Timeout.checkRealTimersCallback node_modules/@testing-library/dom/dist/wait-for.js:[2m118:16[22m[39m

[31m[2m⎯⎯⎯⎯⎯⎯⎯⎯⎯⎯⎯⎯⎯⎯⎯⎯⎯⎯⎯⎯⎯[18/194]⎯[22m[39m

[41m[1m FAIL [22m[49m src/components/NativeTerminalPane.test.tsx[2m > [22mNativeTerminalPane geometry reporting contract[2m > [22mdoes not retry a resize frame deferred by synchronized output
[31m[1mAssertionError[22m: expected undefined to be defined[39m
[36m [2m❯[22m src/components/NativeTerminalPane.test.tsx:[2m1057:20[22m[39m
    [90m1055| [39m    HTMLElement.prototype.getBoundingClientRect = () => new DOMRect(10…
    [90m1056| [39m    const record = resizeRecords[0];
    [90m1057| [39m    expect(record).toBeDefined();
    [90m   | [39m                   [31m^[39m
    [90m1058| [39m
    [90m1059| [39m    await act(async () => {

[31m[2m⎯⎯⎯⎯⎯⎯⎯⎯⎯⎯⎯⎯⎯⎯⎯⎯⎯⎯⎯⎯⎯[19/194]⎯[22m[39m

[41m[1m FAIL [22m[49m src/components/NativeTerminalPane.test.tsx[2m > [22mNativeTerminalPane geometry reporting contract[2m > [22mcoalesces rapid height increases until the prior native resize completes
[31m[1mAssertionError[22m: expected [] to have a length of 1 but got +0

Ignored nodes: comments, script, style
[36m<html>[31m
  [36m<head />[31m
  [36m<body>[31m
    [36m<div />[31m
  [36m</body>[31m
[36m</html>[31m[39m

[32m- Expected[39m
[31m+ Received[39m

[32m- 1[39m
[31m+ 0[39m

[36m [2m❯[22m src/components/NativeTerminalPane.test.tsx:[2m1096:29[22m[39m
    [90m1094| [39m
    [90m1095| [39m    await waitFor(() => {
    [90m1096| [39m      expect(boundsCalls()).toHaveLength(1);
    [90m   | [39m                            [31m^[39m
    [90m1097| [39m    });
    [90m1098| [39m
[90m [2m❯[22m runWithExpensiveErrorDiagnosticsDisabled node_modules/@testing-library/dom/dist/config.js:[2m47:12[22m[39m
[90m [2m❯[22m checkCallback node_modules/@testing-library/dom/dist/wait-for.js:[2m124:77[22m[39m
[90m [2m❯[22m Timeout.checkRealTimersCallback node_modules/@testing-library/dom/dist/wait-for.js:[2m118:16[22m[39m

[31m[2m⎯⎯⎯⎯⎯⎯⎯⎯⎯⎯⎯⎯⎯⎯⎯⎯⎯⎯⎯⎯⎯[20/194]⎯[22m[39m

[41m[1m FAIL [22m[49m src/components/NativeTerminalPane.test.tsx[2m > [22mNativeTerminalPane geometry reporting contract[2m > [22mrefreshes the thumb metrics after a height resize changes visible rows
[31m[1mTestingLibraryElementError[22m: Unable to find an element by: [data-testid="native-terminal-scrollbar-thumb"]

Ignored nodes: comments, script, style
[36m<body>[31m
  [36m<div />[31m
[36m</body>[31m

Ignored nodes: comments, script, style
[36m<html>[31m
  [36m<head />[31m
  [36m<body>[31m
    [36m<div />[31m
  [36m</body>[31m
[36m</html>[31m[39m
[90m [2m❯[22m Proxy.waitForWrapper node_modules/@testing-library/dom/dist/wait-for.js:[2m163:27[22m[39m
[36m [2m❯[22m src/components/NativeTerminalPane.test.tsx:[2m1171:25[22m[39m
    [90m1169| [39m      <NativeTerminalPane sessionId={session.id} session={session} />,
    [90m1170| [39m    );
    [90m1171| [39m    const thumb = await waitFor(() => getByTestId("native-terminal-scr…
    [90m   | [39m                        [31m^[39m
    [90m1172| [39m    expect(thumb).toHaveStyle({ height: "10%" });
    [90m1173| [39m

[31m[2m⎯⎯⎯⎯⎯⎯⎯⎯⎯⎯⎯⎯⎯⎯⎯⎯⎯⎯⎯⎯⎯[21/194]⎯[22m[39m

[41m[1m FAIL [22m[49m src/components/NativeTerminalPane.test.tsx[2m > [22mNativeTerminalPane geometry reporting contract[2m > [22mskips the rejected zero-area measurement and reports the first real one
[31m[1mAssertionError[22m: expected 0 to be greater than 0

Ignored nodes: comments, script, style
[36m<html>[31m
  [36m<head />[31m
  [36m<body>[31m
    [36m<div />[31m
  [36m</body>[31m
[36m</html>[31m[39m
[36m [2m❯[22m src/components/NativeTerminalPane.test.tsx:[2m1240:36[22m[39m
    [90m1238| [39m
    [90m1239| [39m    await waitFor(() => {
    [90m1240| [39m      expect(resizeRecords.length).toBeGreaterThan(0);
    [90m   | [39m                                   [31m^[39m
    [90m1241| [39m    });
    [90m1242| [39m    expect(boundsCalls()).toHaveLength(0);
[90m [2m❯[22m runWithExpensiveErrorDiagnosticsDisabled node_modules/@testing-library/dom/dist/config.js:[2m47:12[22m[39m
[90m [2m❯[22m checkCallback node_modules/@testing-library/dom/dist/wait-for.js:[2m124:77[22m[39m
[90m [2m❯[22m Timeout.checkRealTimersCallback node_modules/@testing-library/dom/dist/wait-for.js:[2m118:16[22m[39m

[31m[2m⎯⎯⎯⎯⎯⎯⎯⎯⎯⎯⎯⎯⎯⎯⎯⎯⎯⎯⎯⎯⎯[22/194]⎯[22m[39m

[41m[1m FAIL [22m[49m src/components/NativeTerminalPane.test.tsx[2m > [22mNativeTerminalPane geometry reporting contract[2m > [22mretries an identical measurement after a rejected bounds request
[31m[1mAssertionError[22m: expected [] to have a length of 1 but got +0

Ignored nodes: comments, script, style
[36m<html>[31m
  [36m<head />[31m
  [36m<body>[31m
    [36m<div />[31m
  [36m</body>[31m
[36m</html>[31m[39m

[32m- Expected[39m
[31m+ Received[39m

[32m- 1[39m
[31m+ 0[39m

[36m [2m❯[22m src/components/NativeTerminalPane.test.tsx:[2m1305:29[22m[39m
    [90m1303| [39m      );
    [90m1304| [39m    await waitFor(() => {
    [90m1305| [39m      expect(boundsCalls()).toHaveLength(1);
    [90m   | [39m                            [31m^[39m
    [90m1306| [39m    });
    [90m1307| [39m
[90m [2m❯[22m runWithExpensiveErrorDiagnosticsDisabled node_modules/@testing-library/dom/dist/config.js:[2m47:12[22m[39m
[90m [2m❯[22m checkCallback node_modules/@testing-library/dom/dist/wait-for.js:[2m124:77[22m[39m
[90m [2m❯[22m Timeout.checkRealTimersCallback node_modules/@testing-library/dom/dist/wait-for.js:[2m118:16[22m[39m

[31m[2m⎯⎯⎯⎯⎯⎯⎯⎯⎯⎯⎯⎯⎯⎯⎯⎯⎯⎯⎯⎯⎯[23/194]⎯[22m[39m

[41m[1m FAIL [22m[49m src/components/NativeTerminalPane.test.tsx[2m > [22mNativeTerminalPane geometry reporting contract[2m > [22mdisconnects ResizeObserver and invokes detach on unmount
[31m[1mAssertionError[22m: expected 0 to be greater than 0

Ignored nodes: comments, script, style
[36m<html>[31m
  [36m<head />[31m
  [36m<body>[31m
    [36m<div />[31m
  [36m</body>[31m
[36m</html>[31m[39m
[36m [2m❯[22m src/components/NativeTerminalPane.test.tsx:[2m1338:36[22m[39m
    [90m1336| [39m
    [90m1337| [39m    await waitFor(() => {
    [90m1338| [39m      expect(resizeRecords.length).toBeGreaterThan(0);
    [90m   | [39m                                   [31m^[39m
    [90m1339| [39m    });
    [90m1340| [39m    const primaryRecord = resizeRecords[0];
[90m [2m❯[22m runWithExpensiveErrorDiagnosticsDisabled node_modules/@testing-library/dom/dist/config.js:[2m47:12[22m[39m
[90m [2m❯[22m checkCallback node_modules/@testing-library/dom/dist/wait-for.js:[2m124:77[22m[39m
[90m [2m❯[22m Timeout.checkRealTimersCallback node_modules/@testing-library/dom/dist/wait-for.js:[2m118:16[22m[39m

[31m[2m⎯⎯⎯⎯⎯⎯⎯⎯⎯⎯⎯⎯⎯⎯⎯⎯⎯⎯⎯⎯⎯[24/194]⎯[22m[39m

[41m[1m FAIL [22m[49m src/components/NativeTerminalPane.test.tsx[2m > [22mNativeTerminalPane geometry reporting contract[2m > [22mpresents the replacement terminal before detaching the outgoing terminal
[31m[1mAssertionError[22m: expected "spy" to be called with arguments: [ …(2) ][90m

Number of calls: [1m0[22m
[31m

Ignored nodes: comments, script, style
[36m<html>[31m
  [36m<head />[31m
  [36m<body>[31m
    [36m<div />[31m
  [36m</body>[31m
[36m</html>[31m[39m
[36m [2m❯[22m src/components/NativeTerminalPane.test.tsx:[2m1360:37[22m[39m
    [90m1358| [39m
    [90m1359| [39m    await waitFor(() => {
    [90m1360| [39m      expect(tauriCoreMocks.invoke).toHaveBeenCalledWith(
    [90m   | [39m                                    [31m^[39m
    [90m1361| [39m        "cmd_native_terminal_set_bounds",
    [90m1362| [39m        expect.objectContaining({ sessionId: firstSession.backendSessi…
[90m [2m❯[22m runWithExpensiveErrorDiagnosticsDisabled node_modules/@testing-library/dom/dist/config.js:[2m47:12[22m[39m
[90m [2m❯[22m checkCallback node_modules/@testing-library/dom/dist/wait-for.js:[2m124:77[22m[39m
[90m [2m❯[22m Timeout.checkRealTimersCallback node_modules/@testing-library/dom/dist/wait-for.js:[2m118:16[22m[39m

[31m[2m⎯⎯⎯⎯⎯⎯⎯⎯⎯⎯⎯⎯⎯⎯⎯⎯⎯⎯⎯⎯⎯[25/194]⎯[22m[39m

[41m[1m FAIL [22m[49m src/components/NativeTerminalPane.test.tsx[2m > [22mNativeTerminalPane geometry reporting contract[2m > [22mkeeps the outgoing terminal until the last rapid replacement is presented
[31m[1mAssertionError[22m: expected "spy" to be called with arguments: [ …(2) ][90m

Number of calls: [1m0[22m
[31m

Ignored nodes: comments, script, style
[36m<html>[31m
  [36m<head />[31m
  [36m<body>[31m
    [36m<div />[31m
  [36m</body>[31m
[36m</html>[31m[39m
[36m [2m❯[22m src/components/NativeTerminalPane.test.tsx:[2m1407:37[22m[39m
    [90m1405| [39m    );
    [90m1406| [39m    await waitFor(() => {
    [90m1407| [39m      expect(tauriCoreMocks.invoke).toHaveBeenCalledWith(
    [90m   | [39m                                    [31m^[39m
    [90m1408| [39m        "cmd_native_terminal_set_bounds",
    [90m1409| [39m        expect.objectContaining({ sessionId: firstSession.backendSessi…
[90m [2m❯[22m runWithExpensiveErrorDiagnosticsDisabled node_modules/@testing-library/dom/dist/config.js:[2m47:12[22m[39m
[90m [2m❯[22m checkCallback node_modules/@testing-library/dom/dist/wait-for.js:[2m124:77[22m[39m
[90m [2m❯[22m Timeout.checkRealTimersCallback node_modules/@testing-library/dom/dist/wait-for.js:[2m118:16[22m[39m

[31m[2m⎯⎯⎯⎯⎯⎯⎯⎯⎯⎯⎯⎯⎯⎯⎯⎯⎯⎯⎯⎯⎯[26/194]⎯[22m[39m

[41m[1m FAIL [22m[49m src/components/NativeTerminalPane.test.tsx[2m > [22mNativeTerminalPane geometry reporting contract[2m > [22mconverts physical native cursor cells to a high-DPI IME anchor
[31m[1mTestingLibraryElementError[22m: Unable to find an element by: [data-testid="native-terminal-focus-sink"]

Ignored nodes: comments, script, style
[36m<body>[31m
  [36m<div />[31m
[36m</body>[31m[39m
[90m [2m❯[22m Object.getElementError node_modules/@testing-library/dom/dist/config.js:[2m37:19[22m[39m
[90m [2m❯[22m node_modules/@testing-library/dom/dist/query-helpers.js:[2m76:38[22m[39m
[90m [2m❯[22m node_modules/@testing-library/dom/dist/query-helpers.js:[2m52:17[22m[39m
[90m [2m❯[22m node_modules/@testing-library/dom/dist/query-helpers.js:[2m95:19[22m[39m
[36m [2m❯[22m src/components/NativeTerminalPane.test.tsx:[2m1468:22[22m[39m
    [90m1466| [39m    const session = createSession("term-session-1");
    [90m1467| [39m    const { getByTestId } = render(<NativeTerminalPane sessionId="term…
    [90m1468| [39m    const textarea = getByTestId("native-terminal-focus-sink") as HTML…
    [90m   | [39m                     [31m^[39m
    [90m1469| [39m
    [90m1470| [39m    await waitFor(() => {

[31m[2m⎯⎯⎯⎯⎯⎯⎯⎯⎯⎯⎯⎯⎯⎯⎯⎯⎯⎯⎯⎯⎯[27/194]⎯[22m[39m

[41m[1m FAIL [22m[49m src/components/NativeTerminalPane.test.tsx[2m > [22mNativeTerminalPane focus, keyboard, and IME prototype contract[2m > [22mfocuses the hidden input sink and notifies native focus after successful attach
[31m[1mTestingLibraryElementError[22m: Unable to find an element by: [data-testid="native-terminal-focus-sink"]

Ignored nodes: comments, script, style
[36m<body>[31m
  [36m<div />[31m
[36m</body>[31m[39m
[90m [2m❯[22m Object.getElementError node_modules/@testing-library/dom/dist/config.js:[2m37:19[22m[39m
[90m [2m❯[22m node_modules/@testing-library/dom/dist/query-helpers.js:[2m76:38[22m[39m
[90m [2m❯[22m node_modules/@testing-library/dom/dist/query-helpers.js:[2m52:17[22m[39m
[90m [2m❯[22m node_modules/@testing-library/dom/dist/query-helpers.js:[2m95:19[22m[39m
[36m [2m❯[22m src/components/NativeTerminalPane.test.tsx:[2m1511:22[22m[39m
    [90m1509| [39m      <NativeTerminalPane sessionId="term-session-1" session={session}…
    [90m1510| [39m    );
    [90m1511| [39m    const textarea = getByTestId("native-terminal-focus-sink") as HTML…
    [90m   | [39m                     [31m^[39m
    [90m1512| [39m
    [90m1513| [39m    await waitFor(() => {

[31m[2m⎯⎯⎯⎯⎯⎯⎯⎯⎯⎯⎯⎯⎯⎯⎯⎯⎯⎯⎯⎯⎯[28/194]⎯[22m[39m

[41m[1m FAIL [22m[49m src/components/NativeTerminalPane.test.tsx[2m > [22mNativeTerminalPane focus, keyboard, and IME prototype contract[2m > [22mpositions the IME input sink at the native cursor receipt
[31m[1mTestingLibraryElementError[22m: Unable to find an element by: [data-testid="native-terminal-focus-sink"]

Ignored nodes: comments, script, style
[36m<body>[31m
  [36m<div />[31m
[36m</body>[31m[39m
[90m [2m❯[22m Object.getElementError node_modules/@testing-library/dom/dist/config.js:[2m37:19[22m[39m
[90m [2m❯[22m node_modules/@testing-library/dom/dist/query-helpers.js:[2m76:38[22m[39m
[90m [2m❯[22m node_modules/@testing-library/dom/dist/query-helpers.js:[2m52:17[22m[39m
[90m [2m❯[22m node_modules/@testing-library/dom/dist/query-helpers.js:[2m95:19[22m[39m
[36m [2m❯[22m src/components/NativeTerminalPane.test.tsx:[2m1535:22[22m[39m
    [90m1533| [39m    const session = createSession("term-session-1");
    [90m1534| [39m    const { getByTestId } = render(<NativeTerminalPane sessionId="term…
    [90m1535| [39m    const textarea = getByTestId("native-terminal-focus-sink") as HTML…
    [90m   | [39m                     [31m^[39m
    [90m1536| [39m
    [90m1537| [39m    await waitFor(() => {

[31m[2m⎯⎯⎯⎯⎯⎯⎯⎯⎯⎯⎯⎯⎯⎯⎯⎯⎯⎯⎯⎯⎯[29/194]⎯[22m[39m

[41m[1m FAIL [22m[49m src/components/NativeTerminalPane.test.tsx[2m > [22mNativeTerminalPane focus, keyboard, and IME prototype contract[2m > [22mmoves the IME anchor from an out-of-band input receipt, and ignores receipts for other sessions
[31m[1mTestingLibraryElementError[22m: Unable to find an element by: [data-testid="native-terminal-focus-sink"]

Ignored nodes: comments, script, style
[36m<body>[31m
  [36m<div />[31m
[36m</body>[31m[39m
[90m [2m❯[22m Object.getElementError node_modules/@testing-library/dom/dist/config.js:[2m37:19[22m[39m
[90m [2m❯[22m node_modules/@testing-library/dom/dist/query-helpers.js:[2m76:38[22m[39m
[90m [2m❯[22m node_modules/@testing-library/dom/dist/query-helpers.js:[2m52:17[22m[39m
[90m [2m❯[22m node_modules/@testing-library/dom/dist/query-helpers.js:[2m95:19[22m[39m
[36m [2m❯[22m src/components/NativeTerminalPane.test.tsx:[2m1563:22[22m[39m
    [90m1561| [39m      <NativeTerminalPane sessionId="term-session-1" session={session}…
    [90m1562| [39m    );
    [90m1563| [39m    const textarea = getByTestId("native-terminal-focus-sink") as HTML…
    [90m   | [39m                     [31m^[39m
    [90m1564| [39m
    [90m1565| [39m    await waitFor(() => {

[31m[2m⎯⎯⎯⎯⎯⎯⎯⎯⎯⎯⎯⎯⎯⎯⎯⎯⎯⎯⎯⎯⎯[30/194]⎯[22m[39m

[41m[1m FAIL [22m[49m src/components/NativeTerminalPane.test.tsx[2m > [22mNativeTerminalPane focus, keyboard, and IME prototype contract[2m > [22mforwards a primary pointer press for native selection without cancelling the gesture
[31m[1mTestingLibraryElementError[22m: Unable to find an element by: [data-testid="native-terminal-focus-sink"]

Ignored nodes: comments, script, style
[36m<body>[31m
  [36m<div />[31m
[36m</body>[31m[39m
[90m [2m❯[22m Object.getElementError node_modules/@testing-library/dom/dist/config.js:[2m37:19[22m[39m
[90m [2m❯[22m node_modules/@testing-library/dom/dist/query-helpers.js:[2m76:38[22m[39m
[90m [2m❯[22m node_modules/@testing-library/dom/dist/query-helpers.js:[2m52:17[22m[39m
[90m [2m❯[22m node_modules/@testing-library/dom/dist/query-helpers.js:[2m95:19[22m[39m
[36m [2m❯[22m src/components/NativeTerminalPane.test.tsx:[2m1615:22[22m[39m
    [90m1613| [39m    const { getByTestId } = render(<NativeTerminalPane sessionId="term…
    [90m1614| [39m
    [90m1615| [39m    const textarea = getByTestId("native-terminal-focus-sink") as HTML…
    [90m   | [39m                     [31m^[39m
    [90m1616| [39m    expect(textarea).toBeInTheDocument();
    [90m1617| [39m    expect(textarea.tagName).toBe("TEXTAREA");

[31m[2m⎯⎯⎯⎯⎯⎯⎯⎯⎯⎯⎯⎯⎯⎯⎯⎯⎯⎯⎯⎯⎯[31/194]⎯[22m[39m

[41m[1m FAIL [22m[49m src/components/NativeTerminalPane.test.tsx[2m > [22mNativeTerminalPane focus, keyboard, and IME prototype contract[2m > [22mforwards drag motion and release for native selection without cancelling pointer events
[31m[1mTestingLibraryElementError[22m: Unable to find an element by: [data-testid="native-terminal-focus-sink"]

Ignored nodes: comments, script, style
[36m<body>[31m
  [36m<div />[31m
[36m</body>[31m[39m
[90m [2m❯[22m Object.getElementError node_modules/@testing-library/dom/dist/config.js:[2m37:19[22m[39m
[90m [2m❯[22m node_modules/@testing-library/dom/dist/query-helpers.js:[2m76:38[22m[39m
[90m [2m❯[22m node_modules/@testing-library/dom/dist/query-helpers.js:[2m52:17[22m[39m
[90m [2m❯[22m node_modules/@testing-library/dom/dist/query-helpers.js:[2m95:19[22m[39m
[36m [2m❯[22m src/components/NativeTerminalPane.test.tsx:[2m1674:22[22m[39m
    [90m1672| [39m    const session = createSession("term-session-1");
    [90m1673| [39m    const { getByTestId } = render(<NativeTerminalPane sessionId="term…
    [90m1674| [39m    const textarea = getByTestId("native-terminal-focus-sink") as HTML…
    [90m   | [39m                     [31m^[39m
    [90m1675| [39m    await waitFor(() => {
    [90m1676| [39m      expect(textarea.style.width).toBe("10px");

[31m[2m⎯⎯⎯⎯⎯⎯⎯⎯⎯⎯⎯⎯⎯⎯⎯⎯⎯⎯⎯⎯⎯[32/194]⎯[22m[39m

[41m[1m FAIL [22m[49m src/components/NativeTerminalPane.test.tsx[2m > [22mNativeTerminalPane focus, keyboard, and IME prototype contract[2m > [22msends typed native focus and blur intent through IPC
[31m[1mTestingLibraryElementError[22m: Unable to find an element by: [data-testid="native-terminal-focus-sink"]

Ignored nodes: comments, script, style
[36m<body>[31m
  [36m<div />[31m
[36m</body>[31m[39m
[90m [2m❯[22m Object.getElementError node_modules/@testing-library/dom/dist/config.js:[2m37:19[22m[39m
[90m [2m❯[22m node_modules/@testing-library/dom/dist/query-helpers.js:[2m76:38[22m[39m
[90m [2m❯[22m node_modules/@testing-library/dom/dist/query-helpers.js:[2m52:17[22m[39m
[90m [2m❯[22m node_modules/@testing-library/dom/dist/query-helpers.js:[2m95:19[22m[39m
[36m [2m❯[22m src/components/NativeTerminalPane.test.tsx:[2m1770:22[22m[39m
    [90m1768| [39m    const { getByTestId } = render(<NativeTerminalPane sessionId="term…
    [90m1769| [39m
    [90m1770| [39m    const textarea = getByTestId("native-terminal-focus-sink");
    [90m   | [39m                     [31m^[39m
    [90m1771| [39m
    [90m1772| [39m    act(() => {

[31m[2m⎯⎯⎯⎯⎯⎯⎯⎯⎯⎯⎯⎯⎯⎯⎯⎯⎯⎯⎯⎯⎯[33/194]⎯[22m[39m

[41m[1m FAIL [22m[49m src/components/NativeTerminalPane.test.tsx[2m > [22mNativeTerminalPane focus, keyboard, and IME prototype contract[2m > [22mreports rejected native input IPC commands
[31m[1mTestingLibraryElementError[22m: Unable to find an element by: [data-testid="native-terminal-focus-sink"]

Ignored nodes: comments, script, style
[36m<body>[31m
  [36m<div />[31m
[36m</body>[31m[39m
[90m [2m❯[22m Object.getElementError node_modules/@testing-library/dom/dist/config.js:[2m37:19[22m[39m
[90m [2m❯[22m node_modules/@testing-library/dom/dist/query-helpers.js:[2m76:38[22m[39m
[90m [2m❯[22m node_modules/@testing-library/dom/dist/query-helpers.js:[2m52:17[22m[39m
[90m [2m❯[22m node_modules/@testing-library/dom/dist/query-helpers.js:[2m95:19[22m[39m
[36m [2m❯[22m src/components/NativeTerminalPane.test.tsx:[2m1796:22[22m[39m
    [90m1794| [39m    const consoleErrorSpy = vi.spyOn(console, "error").mockImplementat…
    [90m1795| [39m    const { getByTestId } = render(<NativeTerminalPane sessionId="term…
    [90m1796| [39m    const textarea = getByTestId("native-terminal-focus-sink") as HTML…
    [90m   | [39m                     [31m^[39m
    [90m1797| [39m    tauriCoreMocks.invoke.mockClear();
    [90m1798| [39m    tauriCoreMocks.invoke.mockRejectedValue(error);

[31m[2m⎯⎯⎯⎯⎯⎯⎯⎯⎯⎯⎯⎯⎯⎯⎯⎯⎯⎯⎯⎯⎯[34/194]⎯[22m[39m

[41m[1m FAIL [22m[49m src/components/NativeTerminalPane.test.tsx[2m > [22mNativeTerminalPane focus, keyboard, and IME prototype contract[2m > [22mself-heals detached session on send_input error by re-attaching and retrying input once
[31m[1mTestingLibraryElementError[22m: Unable to find an element by: [data-testid="native-terminal-focus-sink"]

Ignored nodes: comments, script, style
[36m<body>[31m
  [36m<div />[31m
[36m</body>[31m[39m
[90m [2m❯[22m Object.getElementError node_modules/@testing-library/dom/dist/config.js:[2m37:19[22m[39m
[90m [2m❯[22m node_modules/@testing-library/dom/dist/query-helpers.js:[2m76:38[22m[39m
[90m [2m❯[22m node_modules/@testing-library/dom/dist/query-helpers.js:[2m52:17[22m[39m
[90m [2m❯[22m node_modules/@testing-library/dom/dist/query-helpers.js:[2m95:19[22m[39m
[36m [2m❯[22m src/components/NativeTerminalPane.test.tsx:[2m1820:22[22m[39m
    [90m1818| [39m    const session = createSession("term-session-self-heal");
    [90m1819| [39m    const { getByTestId } = render(<NativeTerminalPane sessionId="term…
    [90m1820| [39m    const textarea = getByTestId("native-terminal-focus-sink");
    [90m   | [39m                     [31m^[39m
    [90m1821| [39m    await act(async () => {});
    [90m1822| [39m

[31m[2m⎯⎯⎯⎯⎯⎯⎯⎯⎯⎯⎯⎯⎯⎯⎯⎯⎯⎯⎯⎯⎯[35/194]⎯[22m[39m

[41m[1m FAIL [22m[49m src/components/NativeTerminalPane.test.tsx[2m > [22mNativeTerminalPane focus, keyboard, and IME prototype contract[2m > [22mdoes not loop infinitely when input retry repeatedly fails
[31m[1mTestingLibraryElementError[22m: Unable to find an element by: [data-testid="native-terminal-focus-sink"]

Ignored nodes: comments, script, style
[36m<body>[31m
  [36m<div />[31m
[36m</body>[31m[39m
[90m [2m❯[22m Object.getElementError node_modules/@testing-library/dom/dist/config.js:[2m37:19[22m[39m
[90m [2m❯[22m node_modules/@testing-library/dom/dist/query-helpers.js:[2m76:38[22m[39m
[90m [2m❯[22m node_modules/@testing-library/dom/dist/query-helpers.js:[2m52:17[22m[39m
[90m [2m❯[22m node_modules/@testing-library/dom/dist/query-helpers.js:[2m95:19[22m[39m
[36m [2m❯[22m src/components/NativeTerminalPane.test.tsx:[2m1856:22[22m[39m
    [90m1854| [39m      <NativeTerminalPane sessionId="term-session-retry-fail" session=…
    [90m1855| [39m    );
    [90m1856| [39m    const textarea = getByTestId("native-terminal-focus-sink");
    [90m   | [39m                     [31m^[39m
    [90m1857| [39m    await act(async () => {});
    [90m1858| [39m

[31m[2m⎯⎯⎯⎯⎯⎯⎯⎯⎯⎯⎯⎯⎯⎯⎯⎯⎯⎯⎯⎯⎯[36/194]⎯[22m[39m

[41m[1m FAIL [22m[49m src/components/NativeTerminalPane.test.tsx[2m > [22mNativeTerminalPane focus, keyboard, and IME prototype contract[2m > [22mtells the user when input was dropped by queue overflow instead of failing silently
[31m[1mTestingLibraryElementError[22m: Unable to find an element by: [data-testid="native-terminal-focus-sink"]

Ignored nodes: comments, script, style
[36m<body>[31m
  [36m<div />[31m
[36m</body>[31m[39m
[90m [2m❯[22m Object.getElementError node_modules/@testing-library/dom/dist/config.js:[2m37:19[22m[39m
[90m [2m❯[22m node_modules/@testing-library/dom/dist/query-helpers.js:[2m76:38[22m[39m
[90m [2m❯[22m node_modules/@testing-library/dom/dist/query-helpers.js:[2m52:17[22m[39m
[90m [2m❯[22m node_modules/@testing-library/dom/dist/query-helpers.js:[2m95:19[22m[39m
[36m [2m❯[22m src/components/NativeTerminalPane.test.tsx:[2m1895:22[22m[39m
    [90m1893| [39m      <NativeTerminalPane sessionId="term-session-overflow" session={s…
    [90m1894| [39m    );
    [90m1895| [39m    const textarea = getByTestId("native-terminal-focus-sink");
    [90m   | [39m                     [31m^[39m
    [90m1896| [39m    await act(async () => {});
    [90m1897| [39m

[31m[2m⎯⎯⎯⎯⎯⎯⎯⎯⎯⎯⎯⎯⎯⎯⎯⎯⎯⎯⎯⎯⎯[37/194]⎯[22m[39m

[41m[1m FAIL [22m[49m src/components/NativeTerminalPane.test.tsx[2m > [22mNativeTerminalPane focus, keyboard, and IME prototype contract[2m > [22mencodes and forwards non-printable control keys on keydown without duplicating printable input
[31m[1mTestingLibraryElementError[22m: Unable to find an element by: [data-testid="native-terminal-focus-sink"]

Ignored nodes: comments, script, style
[36m<body>[31m
  [36m<div />[31m
[36m</body>[31m[39m
[90m [2m❯[22m Object.getElementError node_modules/@testing-library/dom/dist/config.js:[2m37:19[22m[39m
[90m [2m❯[22m node_modules/@testing-library/dom/dist/query-helpers.js:[2m76:38[22m[39m
[90m [2m❯[22m node_modules/@testing-library/dom/dist/query-helpers.js:[2m52:17[22m[39m
[90m [2m❯[22m node_modules/@testing-library/dom/dist/query-helpers.js:[2m95:19[22m[39m
[36m [2m❯[22m src/components/NativeTerminalPane.test.tsx:[2m1917:22[22m[39m
    [90m1915| [39m    const { getByTestId } = render(<NativeTerminalPane sessionId="term…
    [90m1916| [39m
    [90m1917| [39m    const textarea = getByTestId("native-terminal-focus-sink");
    [90m   | [39m                     [31m^[39m
    [90m1918| [39m
    [90m1919| [39m    act(() => {

[31m[2m⎯⎯⎯⎯⎯⎯⎯⎯⎯⎯⎯⎯⎯⎯⎯⎯⎯⎯⎯⎯⎯[38/194]⎯[22m[39m

[41m[1m FAIL [22m[49m src/components/NativeTerminalPane.test.tsx[2m > [22mNativeTerminalPane focus, keyboard, and IME prototype contract[2m > [22mforwards macOS word-navigation and word-deletion chords instead of letting the focus sink edit itself
[31m[1mTestingLibraryElementError[22m: Unable to find an element by: [data-testid="native-terminal-focus-sink"]

Ignored nodes: comments, script, style
[36m<body>[31m
  [36m<div />[31m
[36m</body>[31m[39m
[90m [2m❯[22m Object.getElementError node_modules/@testing-library/dom/dist/config.js:[2m37:19[22m[39m
[90m [2m❯[22m node_modules/@testing-library/dom/dist/query-helpers.js:[2m76:38[22m[39m
[90m [2m❯[22m node_modules/@testing-library/dom/dist/query-helpers.js:[2m52:17[22m[39m
[90m [2m❯[22m node_modules/@testing-library/dom/dist/query-helpers.js:[2m95:19[22m[39m
[36m [2m❯[22m src/components/NativeTerminalPane.test.tsx:[2m1988:22[22m[39m
    [90m1986| [39m    const session = createSession("term-session-1");
    [90m1987| [39m    const { getByTestId } = render(<NativeTerminalPane sessionId="term…
    [90m1988| [39m    const textarea = getByTestId("native-terminal-focus-sink");
    [90m   | [39m                     [31m^[39m
    [90m1989| [39m
    [90m1990| [39m    const chords = [

[31m[2m⎯⎯⎯⎯⎯⎯⎯⎯⎯⎯⎯⎯⎯⎯⎯⎯⎯⎯⎯⎯⎯[39/194]⎯[22m[39m

[41m[1m FAIL [22m[49m src/components/NativeTerminalPane.test.tsx[2m > [22mNativeTerminalPane focus, keyboard, and IME prototype contract[2m > [22mrecovers the physical key when macOS translates an Option chord into a glyph
[31m[1mTestingLibraryElementError[22m: Unable to find an element by: [data-testid="native-terminal-focus-sink"]

Ignored nodes: comments, script, style
[36m<body>[31m
  [36m<div />[31m
[36m</body>[31m[39m
[90m [2m❯[22m Object.getElementError node_modules/@testing-library/dom/dist/config.js:[2m37:19[22m[39m
[90m [2m❯[22m node_modules/@testing-library/dom/dist/query-helpers.js:[2m76:38[22m[39m
[90m [2m❯[22m node_modules/@testing-library/dom/dist/query-helpers.js:[2m52:17[22m[39m
[90m [2m❯[22m node_modules/@testing-library/dom/dist/query-helpers.js:[2m95:19[22m[39m
[36m [2m❯[22m src/components/NativeTerminalPane.test.tsx:[2m2041:22[22m[39m
    [90m2039| [39m    const session = createSession("term-session-1");
    [90m2040| [39m    const { getByTestId } = render(<NativeTerminalPane sessionId="term…
    [90m2041| [39m    const textarea = getByTestId("native-terminal-focus-sink");
    [90m   | [39m                     [31m^[39m
    [90m2042| [39m
    [90m2043| [39m    const chords = [

[31m[2m⎯⎯⎯⎯⎯⎯⎯⎯⎯⎯⎯⎯⎯⎯⎯⎯⎯⎯⎯⎯⎯[40/194]⎯[22m[39m

[41m[1m FAIL [22m[49m src/components/NativeTerminalPane.test.tsx[2m > [22mNativeTerminalPane focus, keyboard, and IME prototype contract[2m > [22mforwards modified character keys through the typed key IPC payload
[31m[1mTestingLibraryElementError[22m: Unable to find an element by: [data-testid="native-terminal-focus-sink"]

Ignored nodes: comments, script, style
[36m<body>[31m
  [36m<div />[31m
[36m</body>[31m[39m
[90m [2m❯[22m Object.getElementError node_modules/@testing-library/dom/dist/config.js:[2m37:19[22m[39m
[90m [2m❯[22m node_modules/@testing-library/dom/dist/query-helpers.js:[2m76:38[22m[39m
[90m [2m❯[22m node_modules/@testing-library/dom/dist/query-helpers.js:[2m52:17[22m[39m
[90m [2m❯[22m node_modules/@testing-library/dom/dist/query-helpers.js:[2m95:19[22m[39m
[36m [2m❯[22m src/components/NativeTerminalPane.test.tsx:[2m2092:22[22m[39m
    [90m2090| [39m    const session = createSession("term-session-1");
    [90m2091| [39m    const { getByTestId } = render(<NativeTerminalPane sessionId="term…
    [90m2092| [39m    const textarea = getByTestId("native-terminal-focus-sink");
    [90m   | [39m                     [31m^[39m
    [90m2093| [39m    tauriCoreMocks.invoke.mockClear();
    [90m2094| [39m

[31m[2m⎯⎯⎯⎯⎯⎯⎯⎯⎯⎯⎯⎯⎯⎯⎯⎯⎯⎯⎯⎯⎯[41/194]⎯[22m[39m

[41m[1m FAIL [22m[49m src/components/NativeTerminalPane.test.tsx[2m > [22mNativeTerminalPane focus, keyboard, and IME prototype contract[2m > [22msends DOM text paste as one bracketed paste IPC payload
[31m[1mTestingLibraryElementError[22m: Unable to find an element by: [data-testid="native-terminal-focus-sink"]

Ignored nodes: comments, script, style
[36m<body>[31m
  [36m<div />[31m
[36m</body>[31m[39m
[90m [2m❯[22m Object.getElementError node_modules/@testing-library/dom/dist/config.js:[2m37:19[22m[39m
[90m [2m❯[22m node_modules/@testing-library/dom/dist/query-helpers.js:[2m76:38[22m[39m
[90m [2m❯[22m node_modules/@testing-library/dom/dist/query-helpers.js:[2m52:17[22m[39m
[90m [2m❯[22m node_modules/@testing-library/dom/dist/query-helpers.js:[2m95:19[22m[39m
[36m [2m❯[22m src/components/NativeTerminalPane.test.tsx:[2m2131:22[22m[39m
    [90m2129| [39m    const session = createSession("term-session-1");
    [90m2130| [39m    const { getByTestId } = render(<NativeTerminalPane sessionId="term…
    [90m2131| [39m    const textarea = getByTestId("native-terminal-focus-sink");
    [90m   | [39m                     [31m^[39m
    [90m2132| [39m    tauriCoreMocks.invoke.mockClear();
    [90m2133| [39m

[31m[2m⎯⎯⎯⎯⎯⎯⎯⎯⎯⎯⎯⎯⎯⎯⎯⎯⎯⎯⎯⎯⎯[42/194]⎯[22m[39m

[41m[1m FAIL [22m[49m src/components/NativeTerminalPane.test.tsx[2m > [22mNativeTerminalPane focus, keyboard, and IME prototype contract[2m > [22msends multiline DOM text paste as a single payload to cmd_native_terminal_paste
[31m[1mTestingLibraryElementError[22m: Unable to find an element by: [data-testid="native-terminal-focus-sink"]

Ignored nodes: comments, script, style
[36m<body>[31m
  [36m<div />[31m
[36m</body>[31m[39m
[90m [2m❯[22m Object.getElementError node_modules/@testing-library/dom/dist/config.js:[2m37:19[22m[39m
[90m [2m❯[22m node_modules/@testing-library/dom/dist/query-helpers.js:[2m76:38[22m[39m
[90m [2m❯[22m node_modules/@testing-library/dom/dist/query-helpers.js:[2m52:17[22m[39m
[90m [2m❯[22m node_modules/@testing-library/dom/dist/query-helpers.js:[2m95:19[22m[39m
[36m [2m❯[22m src/components/NativeTerminalPane.test.tsx:[2m2154:22[22m[39m
    [90m2152| [39m    const session = createSession("term-session-multiline");
    [90m2153| [39m    const { getByTestId } = render(<NativeTerminalPane sessionId="term…
    [90m2154| [39m    const textarea = getByTestId("native-terminal-focus-sink");
    [90m   | [39m                     [31m^[39m
    [90m2155| [39m    tauriCoreMocks.invoke.mockClear();
    [90m2156| [39m

[31m[2m⎯⎯⎯⎯⎯⎯⎯⎯⎯⎯⎯⎯⎯⎯⎯⎯⎯⎯⎯⎯⎯[43/194]⎯[22m[39m

[41m[1m FAIL [22m[49m src/components/NativeTerminalPane.test.tsx[2m > [22mNativeTerminalPane focus, keyboard, and IME prototype contract[2m > [22mclaims macOS Cmd+V ('Latin v') on focused textarea and routes native text clipboard content without DOM paste
[41m[1m FAIL [22m[49m src/components/NativeTerminalPane.test.tsx[2m > [22mNativeTerminalPane focus, keyboard, and IME prototype contract[2m > [22mclaims macOS Cmd+V ('Korean character ㅍ') on focused textarea and routes native text clipboard content without DOM paste
[41m[1m FAIL [22m[49m src/components/NativeTerminalPane.test.tsx[2m > [22mNativeTerminalPane focus, keyboard, and IME prototype contract[2m > [22mclaims macOS Cmd+V ('IME Process key') on focused textarea and routes native text clipboard content without DOM paste
[31m[1mTestingLibraryElementError[22m: Unable to find an element by: [data-testid="native-terminal-focus-sink"]

Ignored nodes: comments, script, style
[36m<body>[31m
  [36m<div />[31m
[36m</body>[31m[39m
[90m [2m❯[22m Object.getElementError node_modules/@testing-library/dom/dist/config.js:[2m37:19[22m[39m
[90m [2m❯[22m node_modules/@testing-library/dom/dist/query-helpers.js:[2m76:38[22m[39m
[90m [2m❯[22m node_modules/@testing-library/dom/dist/query-helpers.js:[2m52:17[22m[39m
[90m [2m❯[22m node_modules/@testing-library/dom/dist/query-helpers.js:[2m95:19[22m[39m
[36m [2m❯[22m src/components/NativeTerminalPane.test.tsx:[2m2197:24[22m[39m
    [90m2195| [39m        <NativeTerminalPane sessionId={`term-session-native-paste-${ke…
    [90m2196| [39m      );
    [90m2197| [39m      const textarea = getByTestId("native-terminal-focus-sink");
    [90m   | [39m                       [31m^[39m
    [90m2198| [39m      textarea.focus();
    [90m2199| [39m      tauriCoreMocks.invoke.mockClear();

[31m[2m⎯⎯⎯⎯⎯⎯⎯⎯⎯⎯⎯⎯⎯⎯⎯⎯⎯⎯⎯⎯⎯[44/194]⎯[22m[39m

[41m[1m FAIL [22m[49m src/components/NativeTerminalPane.test.tsx[2m > [22mNativeTerminalPane focus, keyboard, and IME prototype contract[2m > [22mclaims macOS Cmd+V on focused textarea and saves clipboard image locally, pasting the local path
[31m[1mTestingLibraryElementError[22m: Unable to find an element by: [data-testid="native-terminal-focus-sink"]

Ignored nodes: comments, script, style
[36m<body>[31m
  [36m<div />[31m
[36m</body>[31m[39m
[90m [2m❯[22m Object.getElementError node_modules/@testing-library/dom/dist/config.js:[2m37:19[22m[39m
[90m [2m❯[22m node_modules/@testing-library/dom/dist/query-helpers.js:[2m76:38[22m[39m
[90m [2m❯[22m node_modules/@testing-library/dom/dist/query-helpers.js:[2m52:17[22m[39m
[90m [2m❯[22m node_modules/@testing-library/dom/dist/query-helpers.js:[2m95:19[22m[39m
[36m [2m❯[22m src/components/NativeTerminalPane.test.tsx:[2m2245:22[22m[39m
    [90m2243| [39m      <NativeTerminalPane sessionId="term-session-native-image-paste" …
    [90m2244| [39m    );
    [90m2245| [39m    const textarea = getByTestId("native-terminal-focus-sink");
    [90m   | [39m                     [31m^[39m
    [90m2246| [39m    textarea.focus();
    [90m2247| [39m    tauriCoreMocks.invoke.mockClear();

[31m[2m⎯⎯⎯⎯⎯⎯⎯⎯⎯⎯⎯⎯⎯⎯⎯⎯⎯⎯⎯⎯⎯[45/194]⎯[22m[39m

[41m[1m FAIL [22m[49m src/components/NativeTerminalPane.test.tsx[2m > [22mNativeTerminalPane focus, keyboard, and IME prototype contract[2m > [22msends a clipboard image to the SSH host owning a remote pane and 'pastes the uploaded remote path'
[41m[1m FAIL [22m[49m src/components/NativeTerminalPane.test.tsx[2m > [22mNativeTerminalPane focus, keyboard, and IME prototype contract[2m > [22msends a clipboard image to the SSH host owning a remote pane and 'degrades to the agent\'s paste chord …'
[31m[1mTestingLibraryElementError[22m: Unable to find an element by: [data-testid="native-terminal-focus-sink"]

Ignored nodes: comments, script, style
[36m<body>[31m
  [36m<div />[31m
[36m</body>[31m[39m
[90m [2m❯[22m Object.getElementError node_modules/@testing-library/dom/dist/config.js:[2m37:19[22m[39m
[90m [2m❯[22m node_modules/@testing-library/dom/dist/query-helpers.js:[2m76:38[22m[39m
[90m [2m❯[22m node_modules/@testing-library/dom/dist/query-helpers.js:[2m52:17[22m[39m
[90m [2m❯[22m node_modules/@testing-library/dom/dist/query-helpers.js:[2m95:19[22m[39m
[36m [2m❯[22m src/components/NativeTerminalPane.test.tsx:[2m2300:24[22m[39m
    [90m2298| [39m        <NativeTerminalPane sessionId={sessionId} session={session} />,
    [90m2299| [39m      );
    [90m2300| [39m      const textarea = getByTestId("native-terminal-focus-sink");
    [90m   | [39m                       [31m^[39m
    [90m2301| [39m      textarea.focus();
    [90m2302| [39m      tauriCoreMocks.invoke.mockClear();

[31m[2m⎯⎯⎯⎯⎯⎯⎯⎯⎯⎯⎯⎯⎯⎯⎯⎯⎯⎯⎯⎯⎯[46/194]⎯[22m[39m

[41m[1m FAIL [22m[49m src/components/NativeTerminalPane.test.tsx[2m > [22mNativeTerminalPane focus, keyboard, and IME prototype contract[2m > [22msaves a local pane clipboard image and never uploads it over SSH or daemon
[31m[1mTestingLibraryElementError[22m: Unable to find an element by: [data-testid="native-terminal-focus-sink"]

Ignored nodes: comments, script, style
[36m<body>[31m
  [36m<div />[31m
[36m</body>[31m[39m
[90m [2m❯[22m Object.getElementError node_modules/@testing-library/dom/dist/config.js:[2m37:19[22m[39m
[90m [2m❯[22m node_modules/@testing-library/dom/dist/query-helpers.js:[2m76:38[22m[39m
[90m [2m❯[22m node_modules/@testing-library/dom/dist/query-helpers.js:[2m52:17[22m[39m
[90m [2m❯[22m node_modules/@testing-library/dom/dist/query-helpers.js:[2m95:19[22m[39m
[36m [2m❯[22m src/components/NativeTerminalPane.test.tsx:[2m2357:22[22m[39m
    [90m2355| [39m      <NativeTerminalPane sessionId="term-session-local-image-paste" s…
    [90m2356| [39m    );
    [90m2357| [39m    const textarea = getByTestId("native-terminal-focus-sink");
    [90m   | [39m                     [31m^[39m
    [90m2358| [39m    textarea.focus();
    [90m2359| [39m    tauriCoreMocks.invoke.mockClear();

[31m[2m⎯⎯⎯⎯⎯⎯⎯⎯⎯⎯⎯⎯⎯⎯⎯⎯⎯⎯⎯⎯⎯[47/194]⎯[22m[39m

[41m[1m FAIL [22m[49m src/components/NativeTerminalPane.test.tsx[2m > [22mNativeTerminalPane focus, keyboard, and IME prototype contract[2m > [22mclaims Ctrl+V with Korean layout key ㅍ on focused textarea and routes native text clipboard content
[31m[1mTestingLibraryElementError[22m: Unable to find an element by: [data-testid="native-terminal-focus-sink"]

Ignored nodes: comments, script, style
[36m<body>[31m
  [36m<div />[31m
[36m</body>[31m[39m
[90m [2m❯[22m Object.getElementError node_modules/@testing-library/dom/dist/config.js:[2m37:19[22m[39m
[90m [2m❯[22m node_modules/@testing-library/dom/dist/query-helpers.js:[2m76:38[22m[39m
[90m [2m❯[22m node_modules/@testing-library/dom/dist/query-helpers.js:[2m52:17[22m[39m
[90m [2m❯[22m node_modules/@testing-library/dom/dist/query-helpers.js:[2m95:19[22m[39m
[36m [2m❯[22m src/components/NativeTerminalPane.test.tsx:[2m2402:22[22m[39m
    [90m2400| [39m      <NativeTerminalPane sessionId="term-session-korean-ctrl-v" sessi…
    [90m2401| [39m    );
    [90m2402| [39m    const textarea = getByTestId("native-terminal-focus-sink");
    [90m   | [39m                     [31m^[39m
    [90m2403| [39m    textarea.focus();
    [90m2404| [39m    tauriCoreMocks.invoke.mockClear();

[31m[2m⎯⎯⎯⎯⎯⎯⎯⎯⎯⎯⎯⎯⎯⎯⎯⎯⎯⎯⎯⎯⎯[48/194]⎯[22m[39m

[41m[1m FAIL [22m[49m src/components/NativeTerminalPane.test.tsx[2m > [22mNativeTerminalPane focus, keyboard, and IME prototype contract[2m > [22mclaims Ctrl+V with Latin v on focused textarea and routes native text clipboard content
[31m[1mTestingLibraryElementError[22m: Unable to find an element by: [data-testid="native-terminal-focus-sink"]

Ignored nodes: comments, script, style
[36m<body>[31m
  [36m<div />[31m
[36m</body>[31m[39m
[90m [2m❯[22m Object.getElementError node_modules/@testing-library/dom/dist/config.js:[2m37:19[22m[39m
[90m [2m❯[22m node_modules/@testing-library/dom/dist/query-helpers.js:[2m76:38[22m[39m
[90m [2m❯[22m node_modules/@testing-library/dom/dist/query-helpers.js:[2m52:17[22m[39m
[90m [2m❯[22m node_modules/@testing-library/dom/dist/query-helpers.js:[2m95:19[22m[39m
[36m [2m❯[22m src/components/NativeTerminalPane.test.tsx:[2m2446:22[22m[39m
    [90m2444| [39m      <NativeTerminalPane sessionId="term-session-latin-ctrl-v" sessio…
    [90m2445| [39m    );
    [90m2446| [39m    const textarea = getByTestId("native-terminal-focus-sink");
    [90m   | [39m                     [31m^[39m
    [90m2447| [39m    textarea.focus();
    [90m2448| [39m    tauriCoreMocks.invoke.mockClear();

[31m[2m⎯⎯⎯⎯⎯⎯⎯⎯⎯⎯⎯⎯⎯⎯⎯⎯⎯⎯⎯⎯⎯[49/194]⎯[22m[39m

[41m[1m FAIL [22m[49m src/components/NativeTerminalPane.test.tsx[2m > [22mNativeTerminalPane focus, keyboard, and IME prototype contract[2m > [22mclaims Ctrl+Shift+V on focused textarea and routes native text clipboard content
[31m[1mTestingLibraryElementError[22m: Unable to find an element by: [data-testid="native-terminal-focus-sink"]

Ignored nodes: comments, script, style
[36m<body>[31m
  [36m<div />[31m
[36m</body>[31m[39m
[90m [2m❯[22m Object.getElementError node_modules/@testing-library/dom/dist/config.js:[2m37:19[22m[39m
[90m [2m❯[22m node_modules/@testing-library/dom/dist/query-helpers.js:[2m76:38[22m[39m
[90m [2m❯[22m node_modules/@testing-library/dom/dist/query-helpers.js:[2m52:17[22m[39m
[90m [2m❯[22m node_modules/@testing-library/dom/dist/query-helpers.js:[2m95:19[22m[39m
[36m [2m❯[22m src/components/NativeTerminalPane.test.tsx:[2m2490:22[22m[39m
    [90m2488| [39m      <NativeTerminalPane sessionId="term-session-ctrl-shift-v" sessio…
    [90m2489| [39m    );
    [90m2490| [39m    const textarea = getByTestId("native-terminal-focus-sink");
    [90m   | [39m                     [31m^[39m
    [90m2491| [39m    textarea.focus();
    [90m2492| [39m    tauriCoreMocks.invoke.mockClear();

[31m[2m⎯⎯⎯⎯⎯⎯⎯⎯⎯⎯⎯⎯⎯⎯⎯⎯⎯⎯⎯⎯⎯[50/194]⎯[22m[39m

[41m[1m FAIL [22m[49m src/components/NativeTerminalPane.test.tsx[2m > [22mNativeTerminalPane focus, keyboard, and IME prototype contract[2m > [22mclaims Shift+Insert on focused textarea and routes native text clipboard content
[31m[1mTestingLibraryElementError[22m: Unable to find an element by: [data-testid="native-terminal-focus-sink"]

Ignored nodes: comments, script, style
[36m<body>[31m
  [36m<div />[31m
[36m</body>[31m[39m
[90m [2m❯[22m Object.getElementError node_modules/@testing-library/dom/dist/config.js:[2m37:19[22m[39m
[90m [2m❯[22m node_modules/@testing-library/dom/dist/query-helpers.js:[2m76:38[22m[39m
[90m [2m❯[22m node_modules/@testing-library/dom/dist/query-helpers.js:[2m52:17[22m[39m
[90m [2m❯[22m node_modules/@testing-library/dom/dist/query-helpers.js:[2m95:19[22m[39m
[36m [2m❯[22m src/components/NativeTerminalPane.test.tsx:[2m2530:22[22m[39m
    [90m2528| [39m      <NativeTerminalPane sessionId="term-session-shift-insert" sessio…
    [90m2529| [39m    );
    [90m2530| [39m    const textarea = getByTestId("native-terminal-focus-sink");
    [90m   | [39m                     [31m^[39m
    [90m2531| [39m    textarea.focus();
    [90m2532| [39m    tauriCoreMocks.invoke.mockClear();

[31m[2m⎯⎯⎯⎯⎯⎯⎯⎯⎯⎯⎯⎯⎯⎯⎯⎯⎯⎯⎯⎯⎯[51/194]⎯[22m[39m

[41m[1m FAIL [22m[49m src/components/NativeTerminalPane.test.tsx[2m > [22mNativeTerminalPane focus, keyboard, and IME prototype contract[2m > [22mclaims Ctrl+V on focused textarea and saves clipboard image locally, pasting the local path
[31m[1mTestingLibraryElementError[22m: Unable to find an element by: [data-testid="native-terminal-focus-sink"]

Ignored nodes: comments, script, style
[36m<body>[31m
  [36m<div />[31m
[36m</body>[31m[39m
[90m [2m❯[22m Object.getElementError node_modules/@testing-library/dom/dist/config.js:[2m37:19[22m[39m
[90m [2m❯[22m node_modules/@testing-library/dom/dist/query-helpers.js:[2m76:38[22m[39m
[90m [2m❯[22m node_modules/@testing-library/dom/dist/query-helpers.js:[2m52:17[22m[39m
[90m [2m❯[22m node_modules/@testing-library/dom/dist/query-helpers.js:[2m95:19[22m[39m
[36m [2m❯[22m src/components/NativeTerminalPane.test.tsx:[2m2572:22[22m[39m
    [90m2570| [39m      <NativeTerminalPane sessionId="term-session-native-image-paste-c…
    [90m2571| [39m    );
    [90m2572| [39m    const textarea = getByTestId("native-terminal-focus-sink");
    [90m   | [39m                     [31m^[39m
    [90m2573| [39m    textarea.focus();
    [90m2574| [39m    tauriCoreMocks.invoke.mockClear();

[31m[2m⎯⎯⎯⎯⎯⎯⎯⎯⎯⎯⎯⎯⎯⎯⎯⎯⎯⎯⎯⎯⎯[52/194]⎯[22m[39m

[41m[1m FAIL [22m[49m src/components/NativeTerminalPane.test.tsx[2m > [22mNativeTerminalPane focus, keyboard, and IME prototype contract[2m > [22mroutes AppKit-consumed macOS Cmd+V to the last-focused split terminal exactly once
[31m[1mTestingLibraryElementError[22m: Unable to find an element by: [data-testid="native-terminal-focus-sink"]

Ignored nodes: comments, script, style
[36m<body>[31m
  [36m<div />[31m
[36m</body>[31m[39m
[90m [2m❯[22m Object.getElementError node_modules/@testing-library/dom/dist/config.js:[2m37:19[22m[39m
[90m [2m❯[22m node_modules/@testing-library/dom/dist/query-helpers.js:[2m76:38[22m[39m
[90m [2m❯[22m node_modules/@testing-library/dom/dist/query-helpers.js:[2m109:15[22m[39m
[36m [2m❯[22m src/components/NativeTerminalPane.test.tsx:[2m2619:35[22m[39m
    [90m2617| [39m      </div>,
    [90m2618| [39m    );
    [90m2619| [39m    const [leftSink, rightSink] = getAllByTestId("native-terminal-focu…
    [90m   | [39m                                  [31m^[39m
    [90m2620| [39m    act(() => {
    [90m2621| [39m      leftSink.focus();

[31m[2m⎯⎯⎯⎯⎯⎯⎯⎯⎯⎯⎯⎯⎯⎯⎯⎯⎯⎯⎯⎯⎯[53/194]⎯[22m[39m

[41m[1m FAIL [22m[49m src/components/NativeTerminalPane.test.tsx[2m > [22mNativeTerminalPane focus, keyboard, and IME prototype contract[2m > [22mleaves AppKit-consumed Cmd+V to an external editable instead of a terminal
[31m[1mTestingLibraryElementError[22m: Unable to find an element by: [data-testid="external-native-paste-input"]

Ignored nodes: comments, script, style
[36m<body>[31m
  [36m<div />[31m
[36m</body>[31m[39m
[90m [2m❯[22m Object.getElementError node_modules/@testing-library/dom/dist/config.js:[2m37:19[22m[39m
[90m [2m❯[22m node_modules/@testing-library/dom/dist/query-helpers.js:[2m76:38[22m[39m
[90m [2m❯[22m node_modules/@testing-library/dom/dist/query-helpers.js:[2m52:17[22m[39m
[90m [2m❯[22m node_modules/@testing-library/dom/dist/query-helpers.js:[2m95:19[22m[39m
[36m [2m❯[22m src/components/NativeTerminalPane.test.tsx:[2m2665:19[22m[39m
    [90m2663| [39m      </div>,
    [90m2664| [39m    );
    [90m2665| [39m    const input = getByTestId("external-native-paste-input");
    [90m   | [39m                  [31m^[39m
    [90m2666| [39m    input.focus();
    [90m2667| [39m    tauriCoreMocks.invoke.mockClear();

[31m[2m⎯⎯⎯⎯⎯⎯⎯⎯⎯⎯⎯⎯⎯⎯⎯⎯⎯⎯⎯⎯⎯[54/194]⎯[22m[39m

[41m[1m FAIL [22m[49m src/components/NativeTerminalPane.test.tsx[2m > [22mNativeTerminalPane focus, keyboard, and IME prototype contract[2m > [22mclaims macOS Cmd+V on focused textarea and sends no terminal input when clipboard is empty
[31m[1mTestingLibraryElementError[22m: Unable to find an element by: [data-testid="native-terminal-focus-sink"]

Ignored nodes: comments, script, style
[36m<body>[31m
  [36m<div />[31m
[36m</body>[31m[39m
[90m [2m❯[22m Object.getElementError node_modules/@testing-library/dom/dist/config.js:[2m37:19[22m[39m
[90m [2m❯[22m node_modules/@testing-library/dom/dist/query-helpers.js:[2m76:38[22m[39m
[90m [2m❯[22m node_modules/@testing-library/dom/dist/query-helpers.js:[2m52:17[22m[39m
[90m [2m❯[22m node_modules/@testing-library/dom/dist/query-helpers.js:[2m95:19[22m[39m
[36m [2m❯[22m src/components/NativeTerminalPane.test.tsx:[2m2696:22[22m[39m
    [90m2694| [39m      <NativeTerminalPane sessionId="term-session-native-empty-paste" …
    [90m2695| [39m    );
    [90m2696| [39m    const textarea = getByTestId("native-terminal-focus-sink");
    [90m   | [39m                     [31m^[39m
    [90m2697| [39m    textarea.focus();
    [90m2698| [39m    tauriCoreMocks.invoke.mockClear();

[31m[2m⎯⎯⎯⎯⎯⎯⎯⎯⎯⎯⎯⎯⎯⎯⎯⎯⎯⎯⎯⎯⎯[55/194]⎯[22m[39m

[41m[1m FAIL [22m[49m src/components/NativeTerminalPane.test.tsx[2m > [22mNativeTerminalPane focus, keyboard, and IME prototype contract[2m > [22mrecognizes macOS Korean layout Cmd+V ('Korean character ㅍ') through neutral document capture fallback, claims focus, and routes native paste without DOM paste
[41m[1m FAIL [22m[49m src/components/NativeTerminalPane.test.tsx[2m > [22mNativeTerminalPane focus, keyboard, and IME prototype contract[2m > [22mrecognizes macOS Korean layout Cmd+V ('IME Process key') through neutral document capture fallback, claims focus, and routes native paste without DOM paste
[31m[1mTestingLibraryElementError[22m: Unable to find an element by: [data-testid="native-terminal-focus-sink"]

Ignored nodes: comments, script, style
[36m<body>[31m
  [36m<div />[31m
[36m</body>[31m[39m
[90m [2m❯[22m Object.getElementError node_modules/@testing-library/dom/dist/config.js:[2m37:19[22m[39m
[90m [2m❯[22m node_modules/@testing-library/dom/dist/query-helpers.js:[2m76:38[22m[39m
[90m [2m❯[22m node_modules/@testing-library/dom/dist/query-helpers.js:[2m52:17[22m[39m
[90m [2m❯[22m node_modules/@testing-library/dom/dist/query-helpers.js:[2m95:19[22m[39m
[36m [2m❯[22m src/components/NativeTerminalPane.test.tsx:[2m2745:24[22m[39m
    [90m2743| [39m        <NativeTerminalPane sessionId={`term-session-korean-fallback-$…
    [90m2744| [39m      );
    [90m2745| [39m      const textarea = getByTestId("native-terminal-focus-sink");
    [90m   | [39m                       [31m^[39m
    [90m2746| [39m
    [90m2747| [39m      tauriCoreMocks.invoke.mockClear();

[31m[2m⎯⎯⎯⎯⎯⎯⎯⎯⎯⎯⎯⎯⎯⎯⎯⎯⎯⎯⎯⎯⎯[56/194]⎯[22m[39m

[41m[1m FAIL [22m[49m src/components/NativeTerminalPane.test.tsx[2m > [22mNativeTerminalPane focus, keyboard, and IME prototype contract[2m > [22msuppresses a subsequent DOM paste event exactly once after macOS Cmd+V keydown fallback
[31m[1mTestingLibraryElementError[22m: Unable to find an element by: [data-testid="native-terminal-focus-sink"]

Ignored nodes: comments, script, style
[36m<body>[31m
  [36m<div />[31m
[36m</body>[31m[39m
[90m [2m❯[22m Object.getElementError node_modules/@testing-library/dom/dist/config.js:[2m37:19[22m[39m
[90m [2m❯[22m node_modules/@testing-library/dom/dist/query-helpers.js:[2m76:38[22m[39m
[90m [2m❯[22m node_modules/@testing-library/dom/dist/query-helpers.js:[2m52:17[22m[39m
[90m [2m❯[22m node_modules/@testing-library/dom/dist/query-helpers.js:[2m95:19[22m[39m
[36m [2m❯[22m src/components/NativeTerminalPane.test.tsx:[2m2788:22[22m[39m
    [90m2786| [39m      <NativeTerminalPane sessionId="term-session-suppress-duplicate-p…
    [90m2787| [39m    );
    [90m2788| [39m    const textarea = getByTestId("native-terminal-focus-sink");
    [90m   | [39m                     [31m^[39m
    [90m2789| [39m    textarea.focus();
    [90m2790| [39m    tauriCoreMocks.invoke.mockClear();

[31m[2m⎯⎯⎯⎯⎯⎯⎯⎯⎯⎯⎯⎯⎯⎯⎯⎯⎯⎯⎯⎯⎯[57/194]⎯[22m[39m

[41m[1m FAIL [22m[49m src/components/NativeTerminalPane.test.tsx[2m > [22mNativeTerminalPane focus, keyboard, and IME prototype contract[2m > [22mkeeps duplicate-paste suppression through async clipboard inspection until KeyV keyup
[31m[1mTestingLibraryElementError[22m: Unable to find an element by: [data-testid="native-terminal-focus-sink"]

Ignored nodes: comments, script, style
[36m<body>[31m
  [36m<div />[31m
[36m</body>[31m[39m
[90m [2m❯[22m Object.getElementError node_modules/@testing-library/dom/dist/config.js:[2m37:19[22m[39m
[90m [2m❯[22m node_modules/@testing-library/dom/dist/query-helpers.js:[2m76:38[22m[39m
[90m [2m❯[22m node_modules/@testing-library/dom/dist/query-helpers.js:[2m52:17[22m[39m
[90m [2m❯[22m node_modules/@testing-library/dom/dist/query-helpers.js:[2m95:19[22m[39m
[36m [2m❯[22m src/components/NativeTerminalPane.test.tsx:[2m2848:22[22m[39m
    [90m2846| [39m      />,
    [90m2847| [39m    );
    [90m2848| [39m    const textarea = getByTestId("native-terminal-focus-sink");
    [90m   | [39m                     [31m^[39m
    [90m2849| [39m    textarea.focus();
    [90m2850| [39m    tauriCoreMocks.invoke.mockClear();

[31m[2m⎯⎯⎯⎯⎯⎯⎯⎯⎯⎯⎯⎯⎯⎯⎯⎯⎯⎯⎯⎯⎯[58/194]⎯[22m[39m

[41m[1m FAIL [22m[49m src/components/NativeTerminalPane.test.tsx[2m > [22mNativeTerminalPane focus, keyboard, and IME prototype contract[2m > [22mclears native paste suppression when the window loses focus before KeyV keyup
[31m[1mTestingLibraryElementError[22m: Unable to find an element by: [data-testid="native-terminal-focus-sink"]

Ignored nodes: comments, script, style
[36m<body>[31m
  [36m<div />[31m
[36m</body>[31m[39m
[90m [2m❯[22m Object.getElementError node_modules/@testing-library/dom/dist/config.js:[2m37:19[22m[39m
[90m [2m❯[22m node_modules/@testing-library/dom/dist/query-helpers.js:[2m76:38[22m[39m
[90m [2m❯[22m node_modules/@testing-library/dom/dist/query-helpers.js:[2m52:17[22m[39m
[90m [2m❯[22m node_modules/@testing-library/dom/dist/query-helpers.js:[2m95:19[22m[39m
[36m [2m❯[22m src/components/NativeTerminalPane.test.tsx:[2m2929:22[22m[39m
    [90m2927| [39m      />,
    [90m2928| [39m    );
    [90m2929| [39m    const textarea = getByTestId("native-terminal-focus-sink");
    [90m   | [39m                     [31m^[39m
    [90m2930| [39m    textarea.focus();
    [90m2931| [39m    tauriCoreMocks.invoke.mockClear();

[31m[2m⎯⎯⎯⎯⎯⎯⎯⎯⎯⎯⎯⎯⎯⎯⎯⎯⎯⎯⎯⎯⎯[59/194]⎯[22m[39m

[41m[1m FAIL [22m[49m src/components/NativeTerminalPane.test.tsx[2m > [22mNativeTerminalPane focus, keyboard, and IME prototype contract[2m > [22mroutes neutral BODY Cmd+V native clipboard fallback only to the last-focused split terminal
[31m[1mTestingLibraryElementError[22m: Unable to find an element by: [data-testid="native-terminal-focus-sink"]

Ignored nodes: comments, script, style
[36m<body>[31m
  [36m<div />[31m
[36m</body>[31m[39m
[90m [2m❯[22m Object.getElementError node_modules/@testing-library/dom/dist/config.js:[2m37:19[22m[39m
[90m [2m❯[22m node_modules/@testing-library/dom/dist/query-helpers.js:[2m76:38[22m[39m
[90m [2m❯[22m node_modules/@testing-library/dom/dist/query-helpers.js:[2m109:15[22m[39m
[36m [2m❯[22m src/components/NativeTerminalPane.test.tsx:[2m2989:35[22m[39m
    [90m2987| [39m    );
    [90m2988| [39m
    [90m2989| [39m    const [leftSink, rightSink] = getAllByTestId("native-terminal-focu…
    [90m   | [39m                                  [31m^[39m
    [90m2990| [39m
    [90m2991| [39m    // Focus left, then focus right so right becomes last focused

[31m[2m⎯⎯⎯⎯⎯⎯⎯⎯⎯⎯⎯⎯⎯⎯⎯⎯⎯⎯⎯⎯⎯[60/194]⎯[22m[39m

[41m[1m FAIL [22m[49m src/components/NativeTerminalPane.test.tsx[2m > [22mNativeTerminalPane focus, keyboard, and IME prototype contract[2m > [22mdoes not claim macOS Cmd+V when an external editable input is focused
[31m[1mTestingLibraryElementError[22m: Unable to find an element by: [data-testid="external-search-input"]

Ignored nodes: comments, script, style
[36m<body>[31m
  [36m<div />[31m
[36m</body>[31m[39m
[90m [2m❯[22m Object.getElementError node_modules/@testing-library/dom/dist/config.js:[2m37:19[22m[39m
[90m [2m❯[22m node_modules/@testing-library/dom/dist/query-helpers.js:[2m76:38[22m[39m
[90m [2m❯[22m node_modules/@testing-library/dom/dist/query-helpers.js:[2m52:17[22m[39m
[90m [2m❯[22m node_modules/@testing-library/dom/dist/query-helpers.js:[2m95:19[22m[39m
[36m [2m❯[22m src/components/NativeTerminalPane.test.tsx:[2m3044:19[22m[39m
    [90m3042| [39m    );
    [90m3043| [39m
    [90m3044| [39m    const input = getByTestId("external-search-input");
    [90m   | [39m                  [31m^[39m
    [90m3045| [39m    input.focus();
    [90m3046| [39m    expect(document.activeElement).toBe(input);

[31m[2m⎯⎯⎯⎯⎯⎯⎯⎯⎯⎯⎯⎯⎯⎯⎯⎯⎯⎯⎯⎯⎯[61/194]⎯[22m[39m

[41m[1m FAIL [22m[49m src/components/NativeTerminalPane.test.tsx[2m > [22mNativeTerminalPane focus, keyboard, and IME prototype contract[2m > [22mclaims native fallback on non-macOS platforms for Ctrl+V
[31m[1mTestingLibraryElementError[22m: Unable to find an element by: [data-testid="native-terminal-focus-sink"]

Ignored nodes: comments, script, style
[36m<body>[31m
  [36m<div />[31m
[36m</body>[31m[39m
[90m [2m❯[22m Object.getElementError node_modules/@testing-library/dom/dist/config.js:[2m37:19[22m[39m
[90m [2m❯[22m node_modules/@testing-library/dom/dist/query-helpers.js:[2m76:38[22m[39m
[90m [2m❯[22m node_modules/@testing-library/dom/dist/query-helpers.js:[2m52:17[22m[39m
[90m [2m❯[22m node_modules/@testing-library/dom/dist/query-helpers.js:[2m95:19[22m[39m
[36m [2m❯[22m src/components/NativeTerminalPane.test.tsx:[2m3095:24[22m[39m
    [90m3093| [39m        <NativeTerminalPane sessionId="term-session-linux-ctrl-v" sess…
    [90m3094| [39m      );
    [90m3095| [39m      const textarea = getByTestId("native-terminal-focus-sink");
    [90m   | [39m                       [31m^[39m
    [90m3096| [39m      textarea.focus();
    [90m3097| [39m      tauriCoreMocks.invoke.mockClear();

[31m[2m⎯⎯⎯⎯⎯⎯⎯⎯⎯⎯⎯⎯⎯⎯⎯⎯⎯⎯⎯⎯⎯[62/194]⎯[22m[39m

[41m[1m FAIL [22m[49m src/components/NativeTerminalPane.test.tsx[2m > [22mNativeTerminalPane focus, keyboard, and IME prototype contract[2m > [22mignores standalone Meta key before Korean Cmd+V (ㅍ) across capture fallback and textarea
[31m[1mTestingLibraryElementError[22m: Unable to find an element by: [data-testid="native-terminal-focus-sink"]

Ignored nodes: comments, script, style
[36m<body>[31m
  [36m<div />[31m
[36m</body>[31m[39m
[90m [2m❯[22m Object.getElementError node_modules/@testing-library/dom/dist/config.js:[2m37:19[22m[39m
[90m [2m❯[22m node_modules/@testing-library/dom/dist/query-helpers.js:[2m76:38[22m[39m
[90m [2m❯[22m node_modules/@testing-library/dom/dist/query-helpers.js:[2m52:17[22m[39m
[90m [2m❯[22m node_modules/@testing-library/dom/dist/query-helpers.js:[2m95:19[22m[39m
[36m [2m❯[22m src/components/NativeTerminalPane.test.tsx:[2m3142:22[22m[39m
    [90m3140| [39m
    [90m3141| [39m    const { getByTestId } = render(<NativeTerminalPane sessionId="term…
    [90m3142| [39m    const textarea = getByTestId("native-terminal-focus-sink");
    [90m   | [39m                     [31m^[39m
    [90m3143| [39m
    [90m3144| [39m    (document.activeElement as HTMLElement)?.blur?.();

[31m[2m⎯⎯⎯⎯⎯⎯⎯⎯⎯⎯⎯⎯⎯⎯⎯⎯⎯⎯⎯⎯⎯[63/194]⎯[22m[39m

[41m[1m FAIL [22m[49m src/components/NativeTerminalPane.test.tsx[2m > [22mNativeTerminalPane focus, keyboard, and IME prototype contract[2m > [22mforwards a DOM image paste through the agent's Ctrl+V shortcut
[31m[1mTestingLibraryElementError[22m: Unable to find an element by: [data-testid="native-terminal-focus-sink"]

Ignored nodes: comments, script, style
[36m<body>[31m
  [36m<div />[31m
[36m</body>[31m[39m
[90m [2m❯[22m Object.getElementError node_modules/@testing-library/dom/dist/config.js:[2m37:19[22m[39m
[90m [2m❯[22m node_modules/@testing-library/dom/dist/query-helpers.js:[2m76:38[22m[39m
[90m [2m❯[22m node_modules/@testing-library/dom/dist/query-helpers.js:[2m52:17[22m[39m
[90m [2m❯[22m node_modules/@testing-library/dom/dist/query-helpers.js:[2m95:19[22m[39m
[36m [2m❯[22m src/components/NativeTerminalPane.test.tsx:[2m3190:22[22m[39m
    [90m3188| [39m    const session = createSession("term-session-image-dom");
    [90m3189| [39m    const { getByTestId } = render(<NativeTerminalPane sessionId="term…
    [90m3190| [39m    const textarea = getByTestId("native-terminal-focus-sink");
    [90m   | [39m                     [31m^[39m
    [90m3191| [39m    tauriCoreMocks.invoke.mockClear();
    [90m3192| [39m

[31m[2m⎯⎯⎯⎯⎯⎯⎯⎯⎯⎯⎯⎯⎯⎯⎯⎯⎯⎯⎯⎯⎯[64/194]⎯[22m[39m

[41m[1m FAIL [22m[49m src/components/NativeTerminalPane.test.tsx[2m > [22mNativeTerminalPane focus, keyboard, and IME prototype contract[2m > [22mforwards a fixture PNG paste at the DOM paste seam through the agent's Ctrl+V shortcut
[31m[1mTestingLibraryElementError[22m: Unable to find an element by: [data-testid="native-terminal-focus-sink"]

Ignored nodes: comments, script, style
[36m<body>[31m
  [36m<div />[31m
[36m</body>[31m[39m
[90m [2m❯[22m Object.getElementError node_modules/@testing-library/dom/dist/config.js:[2m37:19[22m[39m
[90m [2m❯[22m node_modules/@testing-library/dom/dist/query-helpers.js:[2m76:38[22m[39m
[90m [2m❯[22m node_modules/@testing-library/dom/dist/query-helpers.js:[2m52:17[22m[39m
[90m [2m❯[22m node_modules/@testing-library/dom/dist/query-helpers.js:[2m95:19[22m[39m
[36m [2m❯[22m src/components/NativeTerminalPane.test.tsx:[2m3209:22[22m[39m
    [90m3207| [39m    const session = createSession("term-session-fixture-png");
    [90m3208| [39m    const { getByTestId } = render(<NativeTerminalPane sessionId="term…
    [90m3209| [39m    const textarea = getByTestId("native-terminal-focus-sink");
    [90m   | [39m                     [31m^[39m
    [90m3210| [39m    tauriCoreMocks.invoke.mockClear();
    [90m3211| [39m

[31m[2m⎯⎯⎯⎯⎯⎯⎯⎯⎯⎯⎯⎯⎯⎯⎯⎯⎯⎯⎯⎯⎯[65/194]⎯[22m[39m

[41m[1m FAIL [22m[49m src/components/NativeTerminalPane.test.tsx[2m > [22mNativeTerminalPane focus, keyboard, and IME prototype contract[2m > [22mroutes an image-only paste targeting the terminal pane when the focus sink is not active exclusively through Ctrl+V exactly once
[31m[1mTestingLibraryElementError[22m: Unable to find an element by: [data-testid="native-terminal-pane"]

Ignored nodes: comments, script, style
[36m<body>[31m
  [36m<div />[31m
[36m</body>[31m[39m
[90m [2m❯[22m Object.getElementError node_modules/@testing-library/dom/dist/config.js:[2m37:19[22m[39m
[90m [2m❯[22m node_modules/@testing-library/dom/dist/query-helpers.js:[2m76:38[22m[39m
[90m [2m❯[22m node_modules/@testing-library/dom/dist/query-helpers.js:[2m52:17[22m[39m
[90m [2m❯[22m node_modules/@testing-library/dom/dist/query-helpers.js:[2m95:19[22m[39m
[36m [2m❯[22m src/components/NativeTerminalPane.test.tsx:[2m3246:18[22m[39m
    [90m3244| [39m    const session = createSession("term-session-image-pane-target");
    [90m3245| [39m    const { getByTestId } = render(<NativeTerminalPane sessionId="term…
    [90m3246| [39m    const pane = getByTestId("native-terminal-pane");
    [90m   | [39m                 [31m^[39m
    [90m3247| [39m    const textarea = getByTestId("native-terminal-focus-sink");
    [90m3248| [39m    // Ensure the textarea sink is not focused

[31m[2m⎯⎯⎯⎯⎯⎯⎯⎯⎯⎯⎯⎯⎯⎯⎯⎯⎯⎯⎯⎯⎯[66/194]⎯[22m[39m

[41m[1m FAIL [22m[49m src/components/NativeTerminalPane.test.tsx[2m > [22mNativeTerminalPane focus, keyboard, and IME prototype contract[2m > [22mDOM paste with an image on an ssh pane invokes cmd_ssh_paste_clipboard_image and sends no 0x16
[31m[1mTestingLibraryElementError[22m: Unable to find an element by: [data-testid="native-terminal-focus-sink"]

Ignored nodes: comments, script, style
[36m<body>[31m
  [36m<div />[31m
[36m</body>[31m[39m
[90m [2m❯[22m Object.getElementError node_modules/@testing-library/dom/dist/config.js:[2m37:19[22m[39m
[90m [2m❯[22m node_modules/@testing-library/dom/dist/query-helpers.js:[2m76:38[22m[39m
[90m [2m❯[22m node_modules/@testing-library/dom/dist/query-helpers.js:[2m52:17[22m[39m
[90m [2m❯[22m node_modules/@testing-library/dom/dist/query-helpers.js:[2m95:19[22m[39m
[36m [2m❯[22m src/components/NativeTerminalPane.test.tsx:[2m3291:22[22m[39m
    [90m3289| [39m
    [90m3290| [39m    const { getByTestId } = render(<NativeTerminalPane sessionId={sess…
    [90m3291| [39m    const textarea = getByTestId("native-terminal-focus-sink");
    [90m   | [39m                     [31m^[39m
    [90m3292| [39m    textarea.focus();
    [90m3293| [39m    tauriCoreMocks.invoke.mockClear();

[31m[2m⎯⎯⎯⎯⎯⎯⎯⎯⎯⎯⎯⎯⎯⎯⎯⎯⎯⎯⎯⎯⎯[67/194]⎯[22m[39m

[41m[1m FAIL [22m[49m src/components/NativeTerminalPane.test.tsx[2m > [22mNativeTerminalPane focus, keyboard, and IME prototype contract[2m > [22mDOM paste with an image on a daemon pane invokes cmd_daemon_paste_clipboard_image and sends no 0x16
[31m[1mTestingLibraryElementError[22m: Unable to find an element by: [data-testid="native-terminal-focus-sink"]

Ignored nodes: comments, script, style
[36m<body>[31m
  [36m<div />[31m
[36m</body>[31m[39m
[90m [2m❯[22m Object.getElementError node_modules/@testing-library/dom/dist/config.js:[2m37:19[22m[39m
[90m [2m❯[22m node_modules/@testing-library/dom/dist/query-helpers.js:[2m76:38[22m[39m
[90m [2m❯[22m node_modules/@testing-library/dom/dist/query-helpers.js:[2m52:17[22m[39m
[90m [2m❯[22m node_modules/@testing-library/dom/dist/query-helpers.js:[2m95:19[22m[39m
[36m [2m❯[22m src/components/NativeTerminalPane.test.tsx:[2m3331:22[22m[39m
    [90m3329| [39m
    [90m3330| [39m    const { getByTestId } = render(<NativeTerminalPane sessionId={sess…
    [90m3331| [39m    const textarea = getByTestId("native-terminal-focus-sink");
    [90m   | [39m                     [31m^[39m
    [90m3332| [39m    textarea.focus();
    [90m3333| [39m    tauriCoreMocks.invoke.mockClear();

[31m[2m⎯⎯⎯⎯⎯⎯⎯⎯⎯⎯⎯⎯⎯⎯⎯⎯⎯⎯⎯⎯⎯[68/194]⎯[22m[39m

[41m[1m FAIL [22m[49m src/components/NativeTerminalPane.test.tsx[2m > [22mNativeTerminalPane focus, keyboard, and IME prototype contract[2m > [22mDOM paste with an image on a local pane invokes cmd_local_paste_clipboard_image and sends no 0x16
[31m[1mTestingLibraryElementError[22m: Unable to find an element by: [data-testid="native-terminal-focus-sink"]

Ignored nodes: comments, script, style
[36m<body>[31m
  [36m<div />[31m
[36m</body>[31m[39m
[90m [2m❯[22m Object.getElementError node_modules/@testing-library/dom/dist/config.js:[2m37:19[22m[39m
[90m [2m❯[22m node_modules/@testing-library/dom/dist/query-helpers.js:[2m76:38[22m[39m
[90m [2m❯[22m node_modules/@testing-library/dom/dist/query-helpers.js:[2m52:17[22m[39m
[90m [2m❯[22m node_modules/@testing-library/dom/dist/query-helpers.js:[2m95:19[22m[39m
[36m [2m❯[22m src/components/NativeTerminalPane.test.tsx:[2m3370:22[22m[39m
    [90m3368| [39m
    [90m3369| [39m    const { getByTestId } = render(<NativeTerminalPane sessionId={sess…
    [90m3370| [39m    const textarea = getByTestId("native-terminal-focus-sink");
    [90m   | [39m                     [31m^[39m
    [90m3371| [39m    textarea.focus();
    [90m3372| [39m    tauriCoreMocks.invoke.mockClear();

[31m[2m⎯⎯⎯⎯⎯⎯⎯⎯⎯⎯⎯⎯⎯⎯⎯⎯⎯⎯⎯⎯⎯[69/194]⎯[22m[39m

[41m[1m FAIL [22m[49m src/components/NativeTerminalPane.test.tsx[2m > [22mNativeTerminalPane focus, keyboard, and IME prototype contract[2m > [22mdegrades to the agent's paste chord with no error toast when the remote host cannot read a clipboard image
[31m[1mTestingLibraryElementError[22m: Unable to find an element by: [data-testid="native-terminal-focus-sink"]

Ignored nodes: comments, script, style
[36m<body>[31m
  [36m<div />[31m
[36m</body>[31m[39m
[90m [2m❯[22m Object.getElementError node_modules/@testing-library/dom/dist/config.js:[2m37:19[22m[39m
[90m [2m❯[22m node_modules/@testing-library/dom/dist/query-helpers.js:[2m76:38[22m[39m
[90m [2m❯[22m node_modules/@testing-library/dom/dist/query-helpers.js:[2m52:17[22m[39m
[90m [2m❯[22m node_modules/@testing-library/dom/dist/query-helpers.js:[2m95:19[22m[39m
[36m [2m❯[22m src/components/NativeTerminalPane.test.tsx:[2m3412:22[22m[39m
    [90m3410| [39m
    [90m3411| [39m    const { getByTestId } = render(<NativeTerminalPane sessionId={sess…
    [90m3412| [39m    const textarea = getByTestId("native-terminal-focus-sink");
    [90m   | [39m                     [31m^[39m
    [90m3413| [39m    textarea.focus();
    [90m3414| [39m    tauriCoreMocks.invoke.mockClear();

[31m[2m⎯⎯⎯⎯⎯⎯⎯⎯⎯⎯⎯⎯⎯⎯⎯⎯⎯⎯⎯⎯⎯[70/194]⎯[22m[39m

[41m[1m FAIL [22m[49m src/components/NativeTerminalPane.test.tsx[2m > [22mNativeTerminalPane focus, keyboard, and IME prototype contract[2m > [22mdegrades to the agent's paste chord with no error toast when this platform cannot read a clipboard image
[31m[1mTestingLibraryElementError[22m: Unable to find an element by: [data-testid="native-terminal-focus-sink"]

Ignored nodes: comments, script, style
[36m<body>[31m
  [36m<div />[31m
[36m</body>[31m[39m
[90m [2m❯[22m Object.getElementError node_modules/@testing-library/dom/dist/config.js:[2m37:19[22m[39m
[90m [2m❯[22m node_modules/@testing-library/dom/dist/query-helpers.js:[2m76:38[22m[39m
[90m [2m❯[22m node_modules/@testing-library/dom/dist/query-helpers.js:[2m52:17[22m[39m
[90m [2m❯[22m node_modules/@testing-library/dom/dist/query-helpers.js:[2m95:19[22m[39m
[36m [2m❯[22m src/components/NativeTerminalPane.test.tsx:[2m3451:22[22m[39m
    [90m3449| [39m
    [90m3450| [39m    const { getByTestId } = render(<NativeTerminalPane sessionId={sess…
    [90m3451| [39m    const textarea = getByTestId("native-terminal-focus-sink");
    [90m   | [39m                     [31m^[39m
    [90m3452| [39m    textarea.focus();
    [90m3453| [39m    tauriCoreMocks.invoke.mockClear();

[31m[2m⎯⎯⎯⎯⎯⎯⎯⎯⎯⎯⎯⎯⎯⎯⎯⎯⎯⎯⎯⎯⎯[71/194]⎯[22m[39m

[41m[1m FAIL [22m[49m src/components/NativeTerminalPane.test.tsx[2m > [22mNativeTerminalPane focus, keyboard, and IME prototype contract[2m > [22msends the pane's backend session ID (not the frontend ID) and pastes 'a POSIX path on a manually typed SSH …'
[41m[1m FAIL [22m[49m src/components/NativeTerminalPane.test.tsx[2m > [22mNativeTerminalPane focus, keyboard, and IME prototype contract[2m > [22msends the pane's backend session ID (not the frontend ID) and pastes 'a Windows path on a manually typed SS…'
[31m[1mTestingLibraryElementError[22m: Unable to find an element by: [data-testid="native-terminal-focus-sink"]

Ignored nodes: comments, script, style
[36m<body>[31m
  [36m<div />[31m
[36m</body>[31m[39m
[90m [2m❯[22m Object.getElementError node_modules/@testing-library/dom/dist/config.js:[2m37:19[22m[39m
[90m [2m❯[22m node_modules/@testing-library/dom/dist/query-helpers.js:[2m76:38[22m[39m
[90m [2m❯[22m node_modules/@testing-library/dom/dist/query-helpers.js:[2m52:17[22m[39m
[90m [2m❯[22m node_modules/@testing-library/dom/dist/query-helpers.js:[2m95:19[22m[39m
[36m [2m❯[22m src/components/NativeTerminalPane.test.tsx:[2m3510:24[22m[39m
    [90m3508| [39m
    [90m3509| [39m      const { getByTestId } = render(<NativeTerminalPane sessionId="pa…
    [90m3510| [39m      const textarea = getByTestId("native-terminal-focus-sink");
    [90m   | [39m                       [31m^[39m
    [90m3511| [39m      textarea.focus();
    [90m3512| [39m      tauriCoreMocks.invoke.mockClear();

[31m[2m⎯⎯⎯⎯⎯⎯⎯⎯⎯⎯⎯⎯⎯⎯⎯⎯⎯⎯⎯⎯⎯[72/194]⎯[22m[39m

[41m[1m FAIL [22m[49m src/components/NativeTerminalPane.test.tsx[2m > [22mNativeTerminalPane focus, keyboard, and IME prototype contract[2m > [22mdoes not paste any path when the session-aware upload fails
[31m[1mTestingLibraryElementError[22m: Unable to find an element by: [data-testid="native-terminal-focus-sink"]

Ignored nodes: comments, script, style
[36m<body>[31m
  [36m<div />[31m
[36m</body>[31m[39m
[90m [2m❯[22m Object.getElementError node_modules/@testing-library/dom/dist/config.js:[2m37:19[22m[39m
[90m [2m❯[22m node_modules/@testing-library/dom/dist/query-helpers.js:[2m76:38[22m[39m
[90m [2m❯[22m node_modules/@testing-library/dom/dist/query-helpers.js:[2m52:17[22m[39m
[90m [2m❯[22m node_modules/@testing-library/dom/dist/query-helpers.js:[2m95:19[22m[39m
[36m [2m❯[22m src/components/NativeTerminalPane.test.tsx:[2m3540:22[22m[39m
    [90m3538| [39m
    [90m3539| [39m    const { getByTestId } = render(<NativeTerminalPane sessionId="pane…
    [90m3540| [39m    const textarea = getByTestId("native-terminal-focus-sink");
    [90m   | [39m                     [31m^[39m
    [90m3541| [39m    textarea.focus();
    [90m3542| [39m    tauriCoreMocks.invoke.mockClear();

[31m[2m⎯⎯⎯⎯⎯⎯⎯⎯⎯⎯⎯⎯⎯⎯⎯⎯⎯⎯⎯⎯⎯[73/194]⎯[22m[39m

[41m[1m FAIL [22m[49m src/components/NativeTerminalPane.test.tsx[2m > [22mNativeTerminalPane focus, keyboard, and IME prototype contract[2m > [22ma clipboard upload resolving after transition='none' pastes only into the pane that requested it
[41m[1m FAIL [22m[49m src/components/NativeTerminalPane.test.tsx[2m > [22mNativeTerminalPane focus, keyboard, and IME prototype contract[2m > [22ma clipboard upload resolving after transition='rebind' pastes only into the pane that requested it
[41m[1m FAIL [22m[49m src/components/NativeTerminalPane.test.tsx[2m > [22mNativeTerminalPane focus, keyboard, and IME prototype contract[2m > [22ma clipboard upload resolving after transition='unmount' pastes only into the pane that requested it
[31m[1mTestingLibraryElementError[22m: Unable to find an element by: [data-testid="native-terminal-focus-sink"]

Ignored nodes: comments, script, style
[36m<body>[31m
  [36m<div />[31m
[36m</body>[31m[39m
[90m [2m❯[22m Object.getElementError node_modules/@testing-library/dom/dist/config.js:[2m37:19[22m[39m
[90m [2m❯[22m node_modules/@testing-library/dom/dist/query-helpers.js:[2m76:38[22m[39m
[90m [2m❯[22m node_modules/@testing-library/dom/dist/query-helpers.js:[2m52:17[22m[39m
[90m [2m❯[22m node_modules/@testing-library/dom/dist/query-helpers.js:[2m95:19[22m[39m
[36m [2m❯[22m src/components/NativeTerminalPane.test.tsx:[2m3580:24[22m[39m
    [90m3578| [39m        <NativeTerminalPane sessionId="pane-late-upload" session={sess…
    [90m3579| [39m      );
    [90m3580| [39m      const textarea = getByTestId("native-terminal-focus-sink");
    [90m   | [39m                       [31m^[39m
    [90m3581| [39m      textarea.focus();
    [90m3582| [39m      tauriCoreMocks.invoke.mockClear();

[31m[2m⎯⎯⎯⎯⎯⎯⎯⎯⎯⎯⎯⎯⎯⎯⎯⎯⎯⎯⎯⎯⎯[74/194]⎯[22m[39m

[41m[1m FAIL [22m[49m src/components/NativeTerminalPane.test.tsx[2m > [22mNativeTerminalPane focus, keyboard, and IME prototype contract[2m > [22mroutes a text paste targeting the terminal pane when the focus sink is not active to cmd_native_terminal_paste
[31m[1mTestingLibraryElementError[22m: Unable to find an element by: [data-testid="native-terminal-pane"]

Ignored nodes: comments, script, style
[36m<body>[31m
  [36m<div />[31m
[36m</body>[31m[39m
[90m [2m❯[22m Object.getElementError node_modules/@testing-library/dom/dist/config.js:[2m37:19[22m[39m
[90m [2m❯[22m node_modules/@testing-library/dom/dist/query-helpers.js:[2m76:38[22m[39m
[90m [2m❯[22m node_modules/@testing-library/dom/dist/query-helpers.js:[2m52:17[22m[39m
[90m [2m❯[22m node_modules/@testing-library/dom/dist/query-helpers.js:[2m95:19[22m[39m
[36m [2m❯[22m src/components/NativeTerminalPane.test.tsx:[2m3622:18[22m[39m
    [90m3620| [39m    const session = createSession("term-session-text-pane-target");
    [90m3621| [39m    const { getByTestId } = render(<NativeTerminalPane sessionId="term…
    [90m3622| [39m    const pane = getByTestId("native-terminal-pane");
    [90m   | [39m                 [31m^[39m
    [90m3623| [39m    const textarea = getByTestId("native-terminal-focus-sink");
    [90m3624| [39m    textarea.blur();

[31m[2m⎯⎯⎯⎯⎯⎯⎯⎯⎯⎯⎯⎯⎯⎯⎯⎯⎯⎯⎯⎯⎯[75/194]⎯[22m[39m

[41m[1m FAIL [22m[49m src/components/NativeTerminalPane.test.tsx[2m > [22mNativeTerminalPane focus, keyboard, and IME prototype contract[2m > [22mroutes a body-target image paste only to the last-focused split terminal
[31m[1mTestingLibraryElementError[22m: Unable to find an element by: [data-testid="native-terminal-focus-sink"]

Ignored nodes: comments, script, style
[36m<body>[31m
  [36m<div />[31m
[36m</body>[31m[39m
[90m [2m❯[22m Object.getElementError node_modules/@testing-library/dom/dist/config.js:[2m37:19[22m[39m
[90m [2m❯[22m node_modules/@testing-library/dom/dist/query-helpers.js:[2m76:38[22m[39m
[90m [2m❯[22m node_modules/@testing-library/dom/dist/query-helpers.js:[2m109:15[22m[39m
[36m [2m❯[22m src/components/NativeTerminalPane.test.tsx:[2m3660:27[22m[39m
    [90m3658| [39m      </>,
    [90m3659| [39m    );
    [90m3660| [39m    const [, rightSink] = getAllByTestId("native-terminal-focus-sink");
    [90m   | [39m                          [31m^[39m
    [90m3661| [39m
    [90m3662| [39m    act(() => {

[31m[2m⎯⎯⎯⎯⎯⎯⎯⎯⎯⎯⎯⎯⎯⎯⎯⎯⎯⎯⎯⎯⎯[76/194]⎯[22m[39m

[41m[1m FAIL [22m[49m src/components/NativeTerminalPane.test.tsx[2m > [22mNativeTerminalPane focus, keyboard, and IME prototype contract[2m > [22mroutes neutral BODY keyboard input only to the last-focused split terminal
[31m[1mTestingLibraryElementError[22m: Unable to find an element by: [data-testid="native-terminal-focus-sink"]

Ignored nodes: comments, script, style
[36m<body>[31m
  [36m<div />[31m
[36m</body>[31m[39m
[90m [2m❯[22m Object.getElementError node_modules/@testing-library/dom/dist/config.js:[2m37:19[22m[39m
[90m [2m❯[22m node_modules/@testing-library/dom/dist/query-helpers.js:[2m76:38[22m[39m
[90m [2m❯[22m node_modules/@testing-library/dom/dist/query-helpers.js:[2m109:15[22m[39m
[36m [2m❯[22m src/components/NativeTerminalPane.test.tsx:[2m3693:27[22m[39m
    [90m3691| [39m      </>,
    [90m3692| [39m    );
    [90m3693| [39m    const [, rightSink] = getAllByTestId("native-terminal-focus-sink");
    [90m   | [39m                          [31m^[39m
    [90m3694| [39m
    [90m3695| [39m    act(() => {

[31m[2m⎯⎯⎯⎯⎯⎯⎯⎯⎯⎯⎯⎯⎯⎯⎯⎯⎯⎯⎯⎯⎯[77/194]⎯[22m[39m

[41m[1m FAIL [22m[49m src/components/NativeTerminalPane.test.tsx[2m > [22mNativeTerminalPane focus, keyboard, and IME prototype contract[2m > [22mgives a pane-target paste precedence over a previously focused sibling
[31m[1mTestingLibraryElementError[22m: Unable to find an element by: [data-testid="native-terminal-focus-sink"]

Ignored nodes: comments, script, style
[36m<body>[31m
  [36m<div />[31m
[36m</body>[31m[39m
[90m [2m❯[22m Object.getElementError node_modules/@testing-library/dom/dist/config.js:[2m37:19[22m[39m
[90m [2m❯[22m node_modules/@testing-library/dom/dist/query-helpers.js:[2m76:38[22m[39m
[90m [2m❯[22m node_modules/@testing-library/dom/dist/query-helpers.js:[2m109:15[22m[39m
[36m [2m❯[22m src/components/NativeTerminalPane.test.tsx:[2m3734:24[22m[39m
    [90m3732| [39m      </>,
    [90m3733| [39m    );
    [90m3734| [39m    const [leftSink] = getAllByTestId("native-terminal-focus-sink");
    [90m   | [39m                       [31m^[39m
    [90m3735| [39m    const [, rightPane] = getAllByTestId("native-terminal-pane");
    [90m3736| [39m

[31m[2m⎯⎯⎯⎯⎯⎯⎯⎯⎯⎯⎯⎯⎯⎯⎯⎯⎯⎯⎯⎯⎯[78/194]⎯[22m[39m

[41m[1m FAIL [22m[49m src/components/NativeTerminalPane.test.tsx[2m > [22mNativeTerminalPane focus, keyboard, and IME prototype contract[2m > [22mlets the sole remaining pane claim BODY paste after the previous owner unmounts
[31m[1mTestingLibraryElementError[22m: Unable to find an element by: [data-testid="native-terminal-focus-sink"]

Ignored nodes: comments, script, style
[36m<body>[31m
  [36m<div />[31m
[36m</body>[31m[39m
[90m [2m❯[22m Object.getElementError node_modules/@testing-library/dom/dist/config.js:[2m37:19[22m[39m
[90m [2m❯[22m node_modules/@testing-library/dom/dist/query-helpers.js:[2m76:38[22m[39m
[90m [2m❯[22m node_modules/@testing-library/dom/dist/query-helpers.js:[2m109:15[22m[39m
[36m [2m❯[22m src/components/NativeTerminalPane.test.tsx:[2m3771:27[22m[39m
    [90m3769| [39m      </>,
    [90m3770| [39m    );
    [90m3771| [39m    const [, rightSink] = getAllByTestId("native-terminal-focus-sink");
    [90m   | [39m                          [31m^[39m
    [90m3772| [39m
    [90m3773| [39m    act(() => {

[31m[2m⎯⎯⎯⎯⎯⎯⎯⎯⎯⎯⎯⎯⎯⎯⎯⎯⎯⎯⎯⎯⎯[79/194]⎯[22m[39m

[41m[1m FAIL [22m[49m src/components/NativeTerminalPane.test.tsx[2m > [22mNativeTerminalPane focus, keyboard, and IME prototype contract[2m > [22muses half-open native drop bounds so a split divider belongs to only the right pane
[31m[1mTestingLibraryElementError[22m: Unable to find an element by: [data-testid="native-terminal-pane"]

Ignored nodes: comments, script, style
[36m<body>[31m
  [36m<div />[31m
[36m</body>[31m[39m
[90m [2m❯[22m Object.getElementError node_modules/@testing-library/dom/dist/config.js:[2m37:19[22m[39m
[90m [2m❯[22m node_modules/@testing-library/dom/dist/query-helpers.js:[2m76:38[22m[39m
[90m [2m❯[22m node_modules/@testing-library/dom/dist/query-helpers.js:[2m109:15[22m[39m
[36m [2m❯[22m src/components/NativeTerminalPane.test.tsx:[2m3804:35[22m[39m
    [90m3802| [39m      </>,
    [90m3803| [39m    );
    [90m3804| [39m    const [leftPane, rightPane] = getAllByTestId("native-terminal-pane…
    [90m   | [39m                                  [31m^[39m
    [90m3805| [39m    leftPane.getBoundingClientRect = () => ({
    [90m3806| [39m      x: 0, y: 0, width: 400, height: 600,

[31m[2m⎯⎯⎯⎯⎯⎯⎯⎯⎯⎯⎯⎯⎯⎯⎯⎯⎯⎯⎯⎯⎯[80/194]⎯[22m[39m

[41m[1m FAIL [22m[49m src/components/NativeTerminalPane.test.tsx[2m > [22mNativeTerminalPane focus, keyboard, and IME prototype contract[2m > [22msubscribes to Tauri onDragDropEvent, atomically pasting dropped files inside bounds and ignoring drops outside bounds
[31m[1mAssertionError[22m: expected "spy" to be called at least once

Ignored nodes: comments, script, style
[36m<html>[31m
  [36m<head />[31m
  [36m<body>[31m
    [36m<div />[31m
  [36m</body>[31m
[36m</html>[31m[39m
[36m [2m❯[22m src/components/NativeTerminalPane.test.tsx:[2m3856:52[22m[39m
    [90m3854| [39m
    [90m3855| [39m        await waitFor(() => {
    [90m3856| [39m          expect(tauriWindowMocks.onDragDropEvent).toHaveBeenCalled();
    [90m   | [39m                                                   [31m^[39m
    [90m3857| [39m        });
    [90m3858| [39m
[90m [2m❯[22m runWithExpensiveErrorDiagnosticsDisabled node_modules/@testing-library/dom/dist/config.js:[2m47:12[22m[39m
[90m [2m❯[22m checkCallback node_modules/@testing-library/dom/dist/wait-for.js:[2m124:77[22m[39m
[90m [2m❯[22m Timeout.checkRealTimersCallback node_modules/@testing-library/dom/dist/wait-for.js:[2m118:16[22m[39m

[31m[2m⎯⎯⎯⎯⎯⎯⎯⎯⎯⎯⎯⎯⎯⎯⎯⎯⎯⎯⎯⎯⎯[81/194]⎯[22m[39m

[41m[1m FAIL [22m[49m src/components/NativeTerminalPane.test.tsx[2m > [22mNativeTerminalPane focus, keyboard, and IME prototype contract[2m > [22mhandles Cmd+click to resolve line text and open URLs
[31m[1mTestingLibraryElementError[22m: Unable to find an element by: [data-testid="native-terminal-pane"]

Ignored nodes: comments, script, style
[36m<body>[31m
  [36m<div />[31m
[36m</body>[31m[39m
[90m [2m❯[22m Object.getElementError node_modules/@testing-library/dom/dist/config.js:[2m37:19[22m[39m
[90m [2m❯[22m node_modules/@testing-library/dom/dist/query-helpers.js:[2m76:38[22m[39m
[90m [2m❯[22m node_modules/@testing-library/dom/dist/query-helpers.js:[2m52:17[22m[39m
[90m [2m❯[22m node_modules/@testing-library/dom/dist/query-helpers.js:[2m95:19[22m[39m
[36m [2m❯[22m src/components/NativeTerminalPane.test.tsx:[2m3976:22[22m[39m
    [90m3974| [39m          <NativeTerminalPane sessionId="term-session-cmd-click" sessi…
    [90m3975| [39m        );
    [90m3976| [39m        const pane = getByTestId("native-terminal-pane");
    [90m   | [39m                     [31m^[39m
    [90m3977| [39m        const viewport = getByTestId("native-terminal-viewport");
    [90m3978| [39m
[90m [2m❯[22m withMacHost src/components/NativeTerminalPane.test.tsx:[2m275:18[22m[39m
[90m [2m❯[22m src/components/NativeTerminalPane.test.tsx:[2m3943:5[22m[39m

[31m[2m⎯⎯⎯⎯⎯⎯⎯⎯⎯⎯⎯⎯⎯⎯⎯⎯⎯⎯⎯⎯⎯[82/194]⎯[22m[39m

[41m[1m FAIL [22m[49m src/components/NativeTerminalPane.test.tsx[2m > [22mNativeTerminalPane focus, keyboard, and IME prototype contract[2m > [22mhandles Cmd+click to resolve line text and open file paths with line/column
[31m[1mTestingLibraryElementError[22m: Unable to find an element by: [data-testid="native-terminal-pane"]

Ignored nodes: comments, script, style
[36m<body>[31m
  [36m<div />[31m
[36m</body>[31m[39m
[90m [2m❯[22m Object.getElementError node_modules/@testing-library/dom/dist/config.js:[2m37:19[22m[39m
[90m [2m❯[22m node_modules/@testing-library/dom/dist/query-helpers.js:[2m76:38[22m[39m
[90m [2m❯[22m node_modules/@testing-library/dom/dist/query-helpers.js:[2m52:17[22m[39m
[90m [2m❯[22m node_modules/@testing-library/dom/dist/query-helpers.js:[2m95:19[22m[39m
[36m [2m❯[22m src/components/NativeTerminalPane.test.tsx:[2m4051:20[22m[39m
    [90m4049| [39m        <NativeTerminalPane sessionId="term-session-file-click" sessio…
    [90m4050| [39m      );
    [90m4051| [39m      const pane = getByTestId("native-terminal-pane");
    [90m   | [39m                   [31m^[39m
    [90m4052| [39m      const viewport = getByTestId("native-terminal-viewport");
    [90m4053| [39m
[90m [2m❯[22m withMacHost src/components/NativeTerminalPane.test.tsx:[2m275:18[22m[39m
[90m [2m❯[22m src/components/NativeTerminalPane.test.tsx:[2m4019:5[22m[39m

[31m[2m⎯⎯⎯⎯⎯⎯⎯⎯⎯⎯⎯⎯⎯⎯⎯⎯⎯⎯⎯⎯⎯[83/194]⎯[22m[39m

[41m[1m FAIL [22m[49m src/components/NativeTerminalPane.test.tsx[2m > [22mNativeTerminalPane focus, keyboard, and IME prototype contract[2m > [22mhandles Cmd+click without Shift by opening a file tab instead of the preview modal
[31m[1mTestingLibraryElementError[22m: Unable to find an element by: [data-testid="native-terminal-pane"]

Ignored nodes: comments, script, style
[36m<body>[31m
  [36m<div />[31m
[36m</body>[31m[39m
[90m [2m❯[22m Object.getElementError node_modules/@testing-library/dom/dist/config.js:[2m37:19[22m[39m
[90m [2m❯[22m node_modules/@testing-library/dom/dist/query-helpers.js:[2m76:38[22m[39m
[90m [2m❯[22m node_modules/@testing-library/dom/dist/query-helpers.js:[2m52:17[22m[39m
[90m [2m❯[22m node_modules/@testing-library/dom/dist/query-helpers.js:[2m95:19[22m[39m
[36m [2m❯[22m src/components/NativeTerminalPane.test.tsx:[2m4135:20[22m[39m
    [90m4133| [39m        <NativeTerminalPane sessionId="term-session-preview-click" ses…
    [90m4134| [39m      );
    [90m4135| [39m      const pane = getByTestId("native-terminal-pane");
    [90m   | [39m                   [31m^[39m
    [90m4136| [39m      const viewport = getByTestId("native-terminal-viewport");
    [90m4137| [39m
[90m [2m❯[22m withMacHost src/components/NativeTerminalPane.test.tsx:[2m275:18[22m[39m
[90m [2m❯[22m src/components/NativeTerminalPane.test.tsx:[2m4102:5[22m[39m

[31m[2m⎯⎯⎯⎯⎯⎯⎯⎯⎯⎯⎯⎯⎯⎯⎯⎯⎯⎯⎯⎯⎯[84/194]⎯[22m[39m

[41m[1m FAIL [22m[49m src/components/NativeTerminalPane.test.tsx[2m > [22mNativeTerminalPane focus, keyboard, and IME prototype contract[2m > [22mshows a link underline only while hovering a token with the modifier
[31m[1mTestingLibraryElementError[22m: Unable to find an element by: [data-testid="native-terminal-pane"]

Ignored nodes: comments, script, style
[36m<body>[31m
  [36m<div />[31m
[36m</body>[31m[39m
[90m [2m❯[22m Object.getElementError node_modules/@testing-library/dom/dist/config.js:[2m37:19[22m[39m
[90m [2m❯[22m node_modules/@testing-library/dom/dist/query-helpers.js:[2m76:38[22m[39m
[90m [2m❯[22m node_modules/@testing-library/dom/dist/query-helpers.js:[2m52:17[22m[39m
[90m [2m❯[22m node_modules/@testing-library/dom/dist/query-helpers.js:[2m95:19[22m[39m
[36m [2m❯[22m src/components/NativeTerminalPane.test.tsx:[2m4196:25[22m[39m
    [90m4194| [39m      });
    [90m4195| [39m      const view = render(<NativeTerminalPane session={session} />);
    [90m4196| [39m      const pane = view.getByTestId("native-terminal-pane");
    [90m   | [39m                        [31m^[39m
    [90m4197| [39m      vi.spyOn(view.getByTestId("native-terminal-viewport"), "getBound…
    [90m4198| [39m        .mockReturnValue(new DOMRect(0, 0, 800, 480));
[90m [2m❯[22m withMacHost src/components/NativeTerminalPane.test.tsx:[2m275:18[22m[39m
[90m [2m❯[22m src/components/NativeTerminalPane.test.tsx:[2m4188:5[22m[39m

[31m[2m⎯⎯⎯⎯⎯⎯⎯⎯⎯⎯⎯⎯⎯⎯⎯⎯⎯⎯⎯⎯⎯[85/194]⎯[22m[39m

[41m[1m FAIL [22m[49m src/components/NativeTerminalPane.test.tsx[2m > [22mNativeTerminalPane focus, keyboard, and IME prototype contract[2m > [22mhandles Cmd+click on indented lines without coordinate drift
[31m[1mTestingLibraryElementError[22m: Unable to find an element by: [data-testid="native-terminal-pane"]

Ignored nodes: comments, script, style
[36m<body>[31m
  [36m<div />[31m
[36m</body>[31m[39m
[90m [2m❯[22m Object.getElementError node_modules/@testing-library/dom/dist/config.js:[2m37:19[22m[39m
[90m [2m❯[22m node_modules/@testing-library/dom/dist/query-helpers.js:[2m76:38[22m[39m
[90m [2m❯[22m node_modules/@testing-library/dom/dist/query-helpers.js:[2m52:17[22m[39m
[90m [2m❯[22m node_modules/@testing-library/dom/dist/query-helpers.js:[2m95:19[22m[39m
[36m [2m❯[22m src/components/NativeTerminalPane.test.tsx:[2m4242:20[22m[39m
    [90m4240| [39m        <NativeTerminalPane sessionId="term-session-indented-click" se…
    [90m4241| [39m      );
    [90m4242| [39m      const pane = getByTestId("native-terminal-pane");
    [90m   | [39m                   [31m^[39m
    [90m4243| [39m      const viewport = getByTestId("native-terminal-viewport");
    [90m4244| [39m
[90m [2m❯[22m withMacHost src/components/NativeTerminalPane.test.tsx:[2m275:18[22m[39m
[90m [2m❯[22m src/components/NativeTerminalPane.test.tsx:[2m4210:5[22m[39m

[31m[2m⎯⎯⎯⎯⎯⎯⎯⎯⎯⎯⎯⎯⎯⎯⎯⎯⎯⎯⎯⎯⎯[86/194]⎯[22m[39m

[41m[1m FAIL [22m[49m src/components/NativeTerminalPane.test.tsx[2m > [22mNativeTerminalPane focus, keyboard, and IME prototype contract[2m > [22mhandles onWheel scrolling by issuing native scroll IPC command
[31m[1mTestingLibraryElementError[22m: Unable to find an element by: [data-testid="native-terminal-pane"]

Ignored nodes: comments, script, style
[36m<body>[31m
  [36m<div />[31m
[36m</body>[31m[39m
[90m [2m❯[22m Object.getElementError node_modules/@testing-library/dom/dist/config.js:[2m37:19[22m[39m
[90m [2m❯[22m node_modules/@testing-library/dom/dist/query-helpers.js:[2m76:38[22m[39m
[90m [2m❯[22m node_modules/@testing-library/dom/dist/query-helpers.js:[2m52:17[22m[39m
[90m [2m❯[22m node_modules/@testing-library/dom/dist/query-helpers.js:[2m95:19[22m[39m
[36m [2m❯[22m src/components/NativeTerminalPane.test.tsx:[2m4295:18[22m[39m
    [90m4293| [39m    const session = createSession("term-session-1");
    [90m4294| [39m    const { getByTestId } = render(<NativeTerminalPane sessionId="term…
    [90m4295| [39m    const pane = getByTestId("native-terminal-pane");
    [90m   | [39m                 [31m^[39m
    [90m4296| [39m    tauriCoreMocks.invoke.mockClear();
    [90m4297| [39m

[31m[2m⎯⎯⎯⎯⎯⎯⎯⎯⎯⎯⎯⎯⎯⎯⎯⎯⎯⎯⎯⎯⎯[87/194]⎯[22m[39m

[41m[1m FAIL [22m[49m src/components/NativeTerminalPane.test.tsx[2m > [22mNativeTerminalPane focus, keyboard, and IME prototype contract[2m > [22mshows, repositions, and drags the native scrollback thumb
[31m[1mTestingLibraryElementError[22m: Unable to find role="scrollbar" and name "Terminal scrollback"

Ignored nodes: comments, script, style
[36m<body>[31m
  [36m<div />[31m
[36m</body>[31m

Ignored nodes: comments, script, style
[36m<html>[31m
  [36m<head />[31m
  [36m<body>[31m
    [36m<div />[31m
  [36m</body>[31m
[36m</html>[31m[39m
[90m [2m❯[22m Proxy.waitForWrapper node_modules/@testing-library/dom/dist/wait-for.js:[2m163:27[22m[39m
[36m [2m❯[22m src/components/NativeTerminalPane.test.tsx:[2m4332:25[22m[39m
    [90m4330| [39m    );
    [90m4331| [39m
    [90m4332| [39m    const track = await waitFor(() => getByRole("scrollbar", { name: "…
    [90m   | [39m                        [31m^[39m
    [90m4333| [39m    const thumb = getByTestId("native-terminal-scrollbar-thumb");
    [90m4334| [39m    expect(track).toHaveAttribute("aria-valuemin", "0");

[31m[2m⎯⎯⎯⎯⎯⎯⎯⎯⎯⎯⎯⎯⎯⎯⎯⎯⎯⎯⎯⎯⎯[88/194]⎯[22m[39m

[41m[1m FAIL [22m[49m src/components/NativeTerminalPane.test.tsx[2m > [22mNativeTerminalPane focus, keyboard, and IME prototype contract[2m > [22mhides native scrollbar track by default, reveals on wheel, and fades out after hide timer
[31m[1mTestingLibraryElementError[22m: Unable to find an element by: [data-testid="native-terminal-scrollbar-track"]

Ignored nodes: comments, script, style
[36m<body>[31m
  [36m<div />[31m
[36m</body>[31m

Ignored nodes: comments, script, style
[36m<html>[31m
  [36m<head />[31m
  [36m<body>[31m
    [36m<div />[31m
  [36m</body>[31m
[36m</html>[31m[39m
[90m [2m❯[22m Proxy.waitForWrapper node_modules/@testing-library/dom/dist/wait-for.js:[2m163:27[22m[39m
[36m [2m❯[22m src/components/NativeTerminalPane.test.tsx:[2m4382:27[22m[39m
    [90m4380| [39m      );
    [90m4381| [39m
    [90m4382| [39m      const track = await waitFor(() => getByTestId("native-terminal-s…
    [90m   | [39m                          [31m^[39m
    [90m4383| [39m      const pane = getByTestId("native-terminal-pane");
    [90m4384| [39m

[31m[2m⎯⎯⎯⎯⎯⎯⎯⎯⎯⎯⎯⎯⎯⎯⎯⎯⎯⎯⎯⎯⎯[89/194]⎯[22m[39m

[41m[1m FAIL [22m[49m src/components/NativeTerminalPane.test.tsx[2m > [22mNativeTerminalPane focus, keyboard, and IME prototype contract[2m > [22mreveals the native scrollbar on pointer down on the container
[31m[1mTestingLibraryElementError[22m: Unable to find an element by: [data-testid="native-terminal-scrollbar-track"]

Ignored nodes: comments, script, style
[36m<body>[31m
  [36m<div />[31m
[36m</body>[31m

Ignored nodes: comments, script, style
[36m<html>[31m
  [36m<head />[31m
  [36m<body>[31m
    [36m<div />[31m
  [36m</body>[31m
[36m</html>[31m[39m
[90m [2m❯[22m Proxy.waitForWrapper node_modules/@testing-library/dom/dist/wait-for.js:[2m163:27[22m[39m
[36m [2m❯[22m src/components/NativeTerminalPane.test.tsx:[2m4429:27[22m[39m
    [90m4427| [39m      );
    [90m4428| [39m
    [90m4429| [39m      const track = await waitFor(() => getByTestId("native-terminal-s…
    [90m   | [39m                          [31m^[39m
    [90m4430| [39m      const pane = getByTestId("native-terminal-pane");
    [90m4431| [39m

[31m[2m⎯⎯⎯⎯⎯⎯⎯⎯⎯⎯⎯⎯⎯⎯⎯⎯⎯⎯⎯⎯⎯[90/194]⎯[22m[39m

[41m[1m FAIL [22m[49m src/components/NativeTerminalPane.test.tsx[2m > [22mNativeTerminalPane focus, keyboard, and IME prototype contract[2m > [22mdoes not hide native scrollbar while dragging the thumb
[31m[1mTestingLibraryElementError[22m: Unable to find an element by: [data-testid="native-terminal-scrollbar-track"]

Ignored nodes: comments, script, style
[36m<body>[31m
  [36m<div />[31m
[36m</body>[31m

Ignored nodes: comments, script, style
[36m<html>[31m
  [36m<head />[31m
  [36m<body>[31m
    [36m<div />[31m
  [36m</body>[31m
[36m</html>[31m[39m
[90m [2m❯[22m Proxy.waitForWrapper node_modules/@testing-library/dom/dist/wait-for.js:[2m163:27[22m[39m
[36m [2m❯[22m src/components/NativeTerminalPane.test.tsx:[2m4467:27[22m[39m
    [90m4465| [39m      );
    [90m4466| [39m
    [90m4467| [39m      const track = await waitFor(() => getByTestId("native-terminal-s…
    [90m   | [39m                          [31m^[39m
    [90m4468| [39m      const thumb = getByTestId("native-terminal-scrollbar-thumb");
    [90m4469| [39m

[31m[2m⎯⎯⎯⎯⎯⎯⎯⎯⎯⎯⎯⎯⎯⎯⎯⎯⎯⎯⎯⎯⎯[91/194]⎯[22m[39m

[41m[1m FAIL [22m[49m src/components/NativeTerminalPane.test.tsx[2m > [22mNativeTerminalPane focus, keyboard, and IME prototype contract[2m > [22mkeeps native scrollbar visible while hovered on track
[31m[1mTestingLibraryElementError[22m: Unable to find an element by: [data-testid="native-terminal-scrollbar-track"]

Ignored nodes: comments, script, style
[36m<body>[31m
  [36m<div />[31m
[36m</body>[31m

Ignored nodes: comments, script, style
[36m<html>[31m
  [36m<head />[31m
  [36m<body>[31m
    [36m<div />[31m
  [36m</body>[31m
[36m</html>[31m[39m
[90m [2m❯[22m Proxy.waitForWrapper node_modules/@testing-library/dom/dist/wait-for.js:[2m163:27[22m[39m
[36m [2m❯[22m src/components/NativeTerminalPane.test.tsx:[2m4513:27[22m[39m
    [90m4511| [39m      );
    [90m4512| [39m
    [90m4513| [39m      const track = await waitFor(() => getByTestId("native-terminal-s…
    [90m   | [39m                          [31m^[39m
    [90m4514| [39m
    [90m4515| [39m      act(() => {

[31m[2m⎯⎯⎯⎯⎯⎯⎯⎯⎯⎯⎯⎯⎯⎯⎯⎯⎯⎯⎯⎯⎯[92/194]⎯[22m[39m

[41m[1m FAIL [22m[49m src/components/NativeTerminalPane.test.tsx[2m > [22mNativeTerminalPane focus, keyboard, and IME prototype contract[2m > [22mcopies native selection to navigator.clipboard on platform copy shortcut
[31m[1mTestingLibraryElementError[22m: Unable to find an element by: [data-testid="native-terminal-focus-sink"]

Ignored nodes: comments, script, style
[36m<body>[31m
  [36m<div />[31m
[36m</body>[31m[39m
[90m [2m❯[22m Object.getElementError node_modules/@testing-library/dom/dist/config.js:[2m37:19[22m[39m
[90m [2m❯[22m node_modules/@testing-library/dom/dist/query-helpers.js:[2m76:38[22m[39m
[90m [2m❯[22m node_modules/@testing-library/dom/dist/query-helpers.js:[2m52:17[22m[39m
[90m [2m❯[22m node_modules/@testing-library/dom/dist/query-helpers.js:[2m95:19[22m[39m
[36m [2m❯[22m src/components/NativeTerminalPane.test.tsx:[2m4579:24[22m[39m
    [90m4577| [39m
    [90m4578| [39m      const { getByTestId } = render(<NativeTerminalPane sessionId="te…
    [90m4579| [39m      const textarea = getByTestId("native-terminal-focus-sink");
    [90m   | [39m                       [31m^[39m
    [90m4580| [39m
    [90m4581| [39m      const copyShortcut = new KeyboardEvent("keydown", {

[31m[2m⎯⎯⎯⎯⎯⎯⎯⎯⎯⎯⎯⎯⎯⎯⎯⎯⎯⎯⎯⎯⎯[93/194]⎯[22m[39m

[41m[1m FAIL [22m[49m src/components/NativeTerminalPane.test.tsx[2m > [22mNativeTerminalPane focus, keyboard, and IME prototype contract[2m > [22mcopies native selection on macOS Korean layout Cmd+C (ㅊ and Process)
[31m[1mTestingLibraryElementError[22m: Unable to find an element by: [data-testid="native-terminal-focus-sink"]

Ignored nodes: comments, script, style
[36m<body>[31m
  [36m<div />[31m
[36m</body>[31m[39m
[90m [2m❯[22m Object.getElementError node_modules/@testing-library/dom/dist/config.js:[2m37:19[22m[39m
[90m [2m❯[22m node_modules/@testing-library/dom/dist/query-helpers.js:[2m76:38[22m[39m
[90m [2m❯[22m node_modules/@testing-library/dom/dist/query-helpers.js:[2m52:17[22m[39m
[90m [2m❯[22m node_modules/@testing-library/dom/dist/query-helpers.js:[2m95:19[22m[39m
[36m [2m❯[22m src/components/NativeTerminalPane.test.tsx:[2m4643:24[22m[39m
    [90m4641| [39m
    [90m4642| [39m      const { getByTestId } = render(<NativeTerminalPane sessionId="te…
    [90m4643| [39m      const textarea = getByTestId("native-terminal-focus-sink");
    [90m   | [39m                       [31m^[39m
    [90m4644| [39m
    [90m4645| [39m      const copyShortcut = new KeyboardEvent("keydown", {
[90m [2m❯[22m withMacHost src/components/NativeTerminalPane.test.tsx:[2m275:18[22m[39m
[90m [2m❯[22m src/components/NativeTerminalPane.test.tsx:[2m4622:5[22m[39m

[31m[2m⎯⎯⎯⎯⎯⎯⎯⎯⎯⎯⎯⎯⎯⎯⎯⎯⎯⎯⎯⎯⎯[94/194]⎯[22m[39m

[41m[1m FAIL [22m[49m src/components/NativeTerminalPane.test.tsx[2m > [22mNativeTerminalPane focus, keyboard, and IME prototype contract[2m > [22mcopy-or-interrupt event with empty selection does not send input to PTY
[31m[1mAssertionError[22m: expected "spy" to be called with arguments: [ …(2) ][90m

Number of calls: [1m0[22m
[31m[39m
[36m [2m❯[22m src/components/NativeTerminalPane.test.tsx:[2m4699:35[22m[39m
    [90m4697| [39m    });
    [90m4698| [39m
    [90m4699| [39m    expect(tauriCoreMocks.invoke).toHaveBeenCalledWith("cmd_native_ter…
    [90m   | [39m                                  [31m^[39m
    [90m4700| [39m      sessionId: "term-session-copy-interrupt-empty",
    [90m4701| [39m    });

[31m[2m⎯⎯⎯⎯⎯⎯⎯⎯⎯⎯⎯⎯⎯⎯⎯⎯⎯⎯⎯⎯⎯[95/194]⎯[22m[39m

[41m[1m FAIL [22m[49m src/components/NativeTerminalPane.test.tsx[2m > [22mNativeTerminalPane focus, keyboard, and IME prototype contract[2m > [22mcopy-or-interrupt event with selection copies
[31m[1mAssertionError[22m: expected "spy" to be called with arguments: [ …(2) ][90m

Number of calls: [1m0[22m
[31m[39m
[36m [2m❯[22m src/components/NativeTerminalPane.test.tsx:[2m4745:37[22m[39m
    [90m4743| [39m      });
    [90m4744| [39m
    [90m4745| [39m      expect(tauriCoreMocks.invoke).toHaveBeenCalledWith("cmd_native_t…
    [90m   | [39m                                    [31m^[39m
    [90m4746| [39m        sessionId: "term-session-copy-interrupt-with-text",
    [90m4747| [39m      });
[90m [2m❯[22m withMacHost src/components/NativeTerminalPane.test.tsx:[2m275:18[22m[39m
[90m [2m❯[22m src/components/NativeTerminalPane.test.tsx:[2m4716:5[22m[39m

[31m[2m⎯⎯⎯⎯⎯⎯⎯⎯⎯⎯⎯⎯⎯⎯⎯⎯⎯⎯⎯⎯⎯[96/194]⎯[22m[39m

[41m[1m FAIL [22m[49m src/components/NativeTerminalPane.test.tsx[2m > [22mNativeTerminalPane focus, keyboard, and IME prototype contract[2m > [22mdelivers copy request on first native copy event without depending on browser clipboard user activation on macOS
[31m[1mAssertionError[22m: expected "spy" to be called with arguments: [ …(2) ][90m

Number of calls: [1m0[22m
[31m[39m
[36m [2m❯[22m src/components/NativeTerminalPane.test.tsx:[2m4808:37[22m[39m
    [90m4806| [39m      });
    [90m4807| [39m
    [90m4808| [39m      expect(tauriCoreMocks.invoke).toHaveBeenCalledWith("cmd_native_t…
    [90m   | [39m                                    [31m^[39m
    [90m4809| [39m        sessionId: "term-session-mac-copy-denied",
    [90m4810| [39m      });

[31m[2m⎯⎯⎯⎯⎯⎯⎯⎯⎯⎯⎯⎯⎯⎯⎯⎯⎯⎯⎯⎯⎯[97/194]⎯[22m[39m

[41m[1m FAIL [22m[49m src/components/NativeTerminalPane.test.tsx[2m > [22mNativeTerminalPane focus, keyboard, and IME prototype contract[2m > [22msurfaces browser clipboard write rejection on non-macOS platforms
[31m[1mAssertionError[22m: expected "spy" to be called with arguments: [ …(2) ][90m

Number of calls: [1m0[22m
[31m[39m
[36m [2m❯[22m src/components/NativeTerminalPane.test.tsx:[2m4880:37[22m[39m
    [90m4878| [39m      });
    [90m4879| [39m
    [90m4880| [39m      expect(tauriCoreMocks.invoke).toHaveBeenCalledWith("cmd_native_t…
    [90m   | [39m                                    [31m^[39m
    [90m4881| [39m        sessionId: "term-session-linux-copy-fail",
    [90m4882| [39m      });

[31m[2m⎯⎯⎯⎯⎯⎯⎯⎯⎯⎯⎯⎯⎯⎯⎯⎯⎯⎯⎯⎯⎯[98/194]⎯[22m[39m

[41m[1m FAIL [22m[49m src/components/NativeTerminalPane.test.tsx[2m > [22mNativeTerminalPane focus, keyboard, and IME prototype contract[2m > [22mdoes not send standalone modifier and lock keys through IPC
[31m[1mTestingLibraryElementError[22m: Unable to find an element by: [data-testid="native-terminal-focus-sink"]

Ignored nodes: comments, script, style
[36m<body>[31m
  [36m<div />[31m
[36m</body>[31m[39m
[90m [2m❯[22m Object.getElementError node_modules/@testing-library/dom/dist/config.js:[2m37:19[22m[39m
[90m [2m❯[22m node_modules/@testing-library/dom/dist/query-helpers.js:[2m76:38[22m[39m
[90m [2m❯[22m node_modules/@testing-library/dom/dist/query-helpers.js:[2m52:17[22m[39m
[90m [2m❯[22m node_modules/@testing-library/dom/dist/query-helpers.js:[2m95:19[22m[39m
[36m [2m❯[22m src/components/NativeTerminalPane.test.tsx:[2m4916:22[22m[39m
    [90m4914| [39m    const session = createSession("term-session-1");
    [90m4915| [39m    const { getByTestId } = render(<NativeTerminalPane sessionId="term…
    [90m4916| [39m    const textarea = getByTestId("native-terminal-focus-sink");
    [90m   | [39m                     [31m^[39m
    [90m4917| [39m    tauriCoreMocks.invoke.mockClear();
    [90m4918| [39m

[31m[2m⎯⎯⎯⎯⎯⎯⎯⎯⎯⎯⎯⎯⎯⎯⎯⎯⎯⎯⎯⎯⎯[99/194]⎯[22m[39m

[41m[1m FAIL [22m[49m src/components/NativeTerminalPane.test.tsx[2m > [22mNativeTerminalPane focus, keyboard, and IME prototype contract[2m > [22mrenders composition updates as native terminal preedit
[31m[1mTestingLibraryElementError[22m: Unable to find an element by: [data-testid="native-terminal-focus-sink"]

Ignored nodes: comments, script, style
[36m<body>[31m
  [36m<div />[31m
[36m</body>[31m[39m
[90m [2m❯[22m Object.getElementError node_modules/@testing-library/dom/dist/config.js:[2m37:19[22m[39m
[90m [2m❯[22m node_modules/@testing-library/dom/dist/query-helpers.js:[2m76:38[22m[39m
[90m [2m❯[22m node_modules/@testing-library/dom/dist/query-helpers.js:[2m52:17[22m[39m
[90m [2m❯[22m node_modules/@testing-library/dom/dist/query-helpers.js:[2m95:19[22m[39m
[36m [2m❯[22m src/components/NativeTerminalPane.test.tsx:[2m4937:22[22m[39m
    [90m4935| [39m    const session = createSession("term-session-1");
    [90m4936| [39m    const { getByTestId } = render(<NativeTerminalPane sessionId="term…
    [90m4937| [39m    const textarea = getByTestId("native-terminal-focus-sink") as HTML…
    [90m   | [39m                     [31m^[39m
    [90m4938| [39m    tauriCoreMocks.invoke.mockClear();
    [90m4939| [39m

[31m[2m⎯⎯⎯⎯⎯⎯⎯⎯⎯⎯⎯⎯⎯⎯⎯⎯⎯⎯⎯⎯[100/194]⎯[22m[39m

[41m[1m FAIL [22m[49m src/components/NativeTerminalPane.test.tsx[2m > [22mNativeTerminalPane focus, keyboard, and IME prototype contract[2m > [22mclears native preedit before committing composition text
[31m[1mTestingLibraryElementError[22m: Unable to find an element by: [data-testid="native-terminal-focus-sink"]

Ignored nodes: comments, script, style
[36m<body>[31m
  [36m<div />[31m
[36m</body>[31m[39m
[90m [2m❯[22m Object.getElementError node_modules/@testing-library/dom/dist/config.js:[2m37:19[22m[39m
[90m [2m❯[22m node_modules/@testing-library/dom/dist/query-helpers.js:[2m76:38[22m[39m
[90m [2m❯[22m node_modules/@testing-library/dom/dist/query-helpers.js:[2m52:17[22m[39m
[90m [2m❯[22m node_modules/@testing-library/dom/dist/query-helpers.js:[2m95:19[22m[39m
[36m [2m❯[22m src/components/NativeTerminalPane.test.tsx:[2m4960:22[22m[39m
    [90m4958| [39m    const session = createSession("term-session-1");
    [90m4959| [39m    const { getByTestId } = render(<NativeTerminalPane sessionId="term…
    [90m4960| [39m    const textarea = getByTestId("native-terminal-focus-sink") as HTML…
    [90m   | [39m                     [31m^[39m
    [90m4961| [39m    tauriCoreMocks.invoke.mockClear();
    [90m4962| [39m

[31m[2m⎯⎯⎯⎯⎯⎯⎯⎯⎯⎯⎯⎯⎯⎯⎯⎯⎯⎯⎯⎯[101/194]⎯[22m[39m

[41m[1m FAIL [22m[49m src/components/NativeTerminalPane.test.tsx[2m > [22mNativeTerminalPane focus, keyboard, and IME prototype contract[2m > [22mclears a cancelled composition when focus leaves the input sink
[31m[1mTestingLibraryElementError[22m: Unable to find an element by: [data-testid="native-terminal-focus-sink"]

Ignored nodes: comments, script, style
[36m<body>[31m
  [36m<div />[31m
[36m</body>[31m[39m
[90m [2m❯[22m Object.getElementError node_modules/@testing-library/dom/dist/config.js:[2m37:19[22m[39m
[90m [2m❯[22m node_modules/@testing-library/dom/dist/query-helpers.js:[2m76:38[22m[39m
[90m [2m❯[22m node_modules/@testing-library/dom/dist/query-helpers.js:[2m52:17[22m[39m
[90m [2m❯[22m node_modules/@testing-library/dom/dist/query-helpers.js:[2m95:19[22m[39m
[36m [2m❯[22m src/components/NativeTerminalPane.test.tsx:[2m4985:22[22m[39m
    [90m4983| [39m    const session = createSession("term-session-1");
    [90m4984| [39m    const { getByTestId } = render(<NativeTerminalPane sessionId="term…
    [90m4985| [39m    const textarea = getByTestId("native-terminal-focus-sink") as HTML…
    [90m   | [39m                     [31m^[39m
    [90m4986| [39m    tauriCoreMocks.invoke.mockClear();
    [90m4987| [39m

[31m[2m⎯⎯⎯⎯⎯⎯⎯⎯⎯⎯⎯⎯⎯⎯⎯⎯⎯⎯⎯⎯[102/194]⎯[22m[39m

[41m[1m FAIL [22m[49m src/components/NativeTerminalPane.test.tsx[2m > [22mNativeTerminalPane focus, keyboard, and IME prototype contract[2m > [22mforwards ordinary non-composed printable text on input event and clears the sink
[31m[1mTestingLibraryElementError[22m: Unable to find an element by: [data-testid="native-terminal-focus-sink"]

Ignored nodes: comments, script, style
[36m<body>[31m
  [36m<div />[31m
[36m</body>[31m[39m
[90m [2m❯[22m Object.getElementError node_modules/@testing-library/dom/dist/config.js:[2m37:19[22m[39m
[90m [2m❯[22m node_modules/@testing-library/dom/dist/query-helpers.js:[2m76:38[22m[39m
[90m [2m❯[22m node_modules/@testing-library/dom/dist/query-helpers.js:[2m52:17[22m[39m
[90m [2m❯[22m node_modules/@testing-library/dom/dist/query-helpers.js:[2m95:19[22m[39m
[36m [2m❯[22m src/components/NativeTerminalPane.test.tsx:[2m5019:22[22m[39m
    [90m5017| [39m    const { getByTestId } = render(<NativeTerminalPane sessionId="term…
    [90m5018| [39m
    [90m5019| [39m    const textarea = getByTestId("native-terminal-focus-sink") as HTML…
    [90m   | [39m                     [31m^[39m
    [90m5020| [39m
    [90m5021| [39m    act(() => {

[31m[2m⎯⎯⎯⎯⎯⎯⎯⎯⎯⎯⎯⎯⎯⎯⎯⎯⎯⎯⎯⎯[103/194]⎯[22m[39m

[41m[1m FAIL [22m[49m src/components/NativeTerminalPane.test.tsx[2m > [22mNativeTerminalPane focus, keyboard, and IME prototype contract[2m > [22mforwards printable character keydown directly and prevents default without firing input event
[31m[1mTestingLibraryElementError[22m: Unable to find an element by: [data-testid="native-terminal-focus-sink"]

Ignored nodes: comments, script, style
[36m<body>[31m
  [36m<div />[31m
[36m</body>[31m[39m
[90m [2m❯[22m Object.getElementError node_modules/@testing-library/dom/dist/config.js:[2m37:19[22m[39m
[90m [2m❯[22m node_modules/@testing-library/dom/dist/query-helpers.js:[2m76:38[22m[39m
[90m [2m❯[22m node_modules/@testing-library/dom/dist/query-helpers.js:[2m52:17[22m[39m
[90m [2m❯[22m node_modules/@testing-library/dom/dist/query-helpers.js:[2m95:19[22m[39m
[36m [2m❯[22m src/components/NativeTerminalPane.test.tsx:[2m5038:22[22m[39m
    [90m5036| [39m    const session = createSession("term-session-1");
    [90m5037| [39m    const { getByTestId } = render(<NativeTerminalPane sessionId="term…
    [90m5038| [39m    const textarea = getByTestId("native-terminal-focus-sink");
    [90m   | [39m                     [31m^[39m
    [90m5039| [39m    tauriCoreMocks.invoke.mockClear();
    [90m5040| [39m

[31m[2m⎯⎯⎯⎯⎯⎯⎯⎯⎯⎯⎯⎯⎯⎯⎯⎯⎯⎯⎯⎯[104/194]⎯[22m[39m

[41m[1m FAIL [22m[49m src/components/NativeTerminalPane.test.tsx[2m > [22mNativeTerminalPane focus, keyboard, and IME prototype contract[2m > [22mleaves IME-owned keydowns on the focused sink to the IME and commits the composition text once
[31m[1mTestingLibraryElementError[22m: Unable to find an element by: [data-testid="native-terminal-focus-sink"]

Ignored nodes: comments, script, style
[36m<body>[31m
  [36m<div />[31m
[36m</body>[31m[39m
[90m [2m❯[22m Object.getElementError node_modules/@testing-library/dom/dist/config.js:[2m37:19[22m[39m
[90m [2m❯[22m node_modules/@testing-library/dom/dist/query-helpers.js:[2m76:38[22m[39m
[90m [2m❯[22m node_modules/@testing-library/dom/dist/query-helpers.js:[2m52:17[22m[39m
[90m [2m❯[22m node_modules/@testing-library/dom/dist/query-helpers.js:[2m95:19[22m[39m
[36m [2m❯[22m src/components/NativeTerminalPane.test.tsx:[2m5080:22[22m[39m
    [90m5078| [39m      <NativeTerminalPane sessionId="term-session-ime-keydown-sink" se…
    [90m5079| [39m    );
    [90m5080| [39m    const textarea = getByTestId("native-terminal-focus-sink") as HTML…
    [90m   | [39m                     [31m^[39m
    [90m5081| [39m    textarea.focus();
    [90m5082| [39m    tauriCoreMocks.invoke.mockClear();

[31m[2m⎯⎯⎯⎯⎯⎯⎯⎯⎯⎯⎯⎯⎯⎯⎯⎯⎯⎯⎯⎯[105/194]⎯[22m[39m

[41m[1m FAIL [22m[49m src/components/NativeTerminalPane.test.tsx[2m > [22mNativeTerminalPane focus, keyboard, and IME prototype contract[2m > [22mleaves a legacy keyCode 229 keydown on the focused sink to the IME
[31m[1mTestingLibraryElementError[22m: Unable to find an element by: [data-testid="native-terminal-focus-sink"]

Ignored nodes: comments, script, style
[36m<body>[31m
  [36m<div />[31m
[36m</body>[31m[39m
[90m [2m❯[22m Object.getElementError node_modules/@testing-library/dom/dist/config.js:[2m37:19[22m[39m
[90m [2m❯[22m node_modules/@testing-library/dom/dist/query-helpers.js:[2m76:38[22m[39m
[90m [2m❯[22m node_modules/@testing-library/dom/dist/query-helpers.js:[2m52:17[22m[39m
[90m [2m❯[22m node_modules/@testing-library/dom/dist/query-helpers.js:[2m95:19[22m[39m
[36m [2m❯[22m src/components/NativeTerminalPane.test.tsx:[2m5136:22[22m[39m
    [90m5134| [39m      <NativeTerminalPane sessionId="term-session-ime-legacy-sink" ses…
    [90m5135| [39m    );
    [90m5136| [39m    const textarea = getByTestId("native-terminal-focus-sink") as HTML…
    [90m   | [39m                     [31m^[39m
    [90m5137| [39m    textarea.focus();
    [90m5138| [39m    tauriCoreMocks.invoke.mockClear();

[31m[2m⎯⎯⎯⎯⎯⎯⎯⎯⎯⎯⎯⎯⎯⎯⎯⎯⎯⎯⎯⎯[106/194]⎯[22m[39m

[41m[1m FAIL [22m[49m src/components/NativeTerminalPane.test.tsx[2m > [22mNativeTerminalPane focus, keyboard, and IME prototype contract[2m > [22mleaves IME-owned keydowns in the document fallback to the IME
[31m[1mTestingLibraryElementError[22m: Unable to find an element by: [data-testid="native-terminal-focus-sink"]

Ignored nodes: comments, script, style
[36m<body>[31m
  [36m<div />[31m
[36m</body>[31m[39m
[90m [2m❯[22m Object.getElementError node_modules/@testing-library/dom/dist/config.js:[2m37:19[22m[39m
[90m [2m❯[22m node_modules/@testing-library/dom/dist/query-helpers.js:[2m76:38[22m[39m
[90m [2m❯[22m node_modules/@testing-library/dom/dist/query-helpers.js:[2m52:17[22m[39m
[90m [2m❯[22m node_modules/@testing-library/dom/dist/query-helpers.js:[2m95:19[22m[39m
[36m [2m❯[22m src/components/NativeTerminalPane.test.tsx:[2m5175:22[22m[39m
    [90m5173| [39m      <NativeTerminalPane sessionId="term-session-ime-fallback" sessio…
    [90m5174| [39m    );
    [90m5175| [39m    const textarea = getByTestId("native-terminal-focus-sink") as HTML…
    [90m   | [39m                     [31m^[39m
    [90m5176| [39m    textarea.focus();
    [90m5177| [39m    (document.activeElement as HTMLElement)?.blur?.();

[31m[2m⎯⎯⎯⎯⎯⎯⎯⎯⎯⎯⎯⎯⎯⎯⎯⎯⎯⎯⎯⎯[107/194]⎯[22m[39m

[41m[1m FAIL [22m[49m src/components/NativeTerminalPane.test.tsx[2m > [22mNativeTerminalPane focus, keyboard, and IME prototype contract[2m > [22mfocuses the owning sink on a composition-starting IME keydown in the document fallback
[31m[1mTestingLibraryElementError[22m: Unable to find an element by: [data-testid="native-terminal-focus-sink"]

Ignored nodes: comments, script, style
[36m<body>[31m
  [36m<div />[31m
[36m</body>[31m[39m
[90m [2m❯[22m Object.getElementError node_modules/@testing-library/dom/dist/config.js:[2m37:19[22m[39m
[90m [2m❯[22m node_modules/@testing-library/dom/dist/query-helpers.js:[2m76:38[22m[39m
[90m [2m❯[22m node_modules/@testing-library/dom/dist/query-helpers.js:[2m52:17[22m[39m
[90m [2m❯[22m node_modules/@testing-library/dom/dist/query-helpers.js:[2m95:19[22m[39m
[36m [2m❯[22m src/components/NativeTerminalPane.test.tsx:[2m5214:22[22m[39m
    [90m5212| [39m      <NativeTerminalPane sessionId="term-session-ime-fallback-focus" …
    [90m5213| [39m    );
    [90m5214| [39m    const textarea = getByTestId("native-terminal-focus-sink") as HTML…
    [90m   | [39m                     [31m^[39m
    [90m5215| [39m    textarea.focus();
    [90m5216| [39m    (document.activeElement as HTMLElement)?.blur?.();

[31m[2m⎯⎯⎯⎯⎯⎯⎯⎯⎯⎯⎯⎯⎯⎯⎯⎯⎯⎯⎯⎯[108/194]⎯[22m[39m

[41m[1m FAIL [22m[49m src/components/NativeTerminalPane.test.tsx[2m > [22mNativeTerminalPane focus, keyboard, and IME prototype contract[2m > [22mtreats an AltGr text key with only the AltGraph modifier set as text input
[31m[1mTestingLibraryElementError[22m: Unable to find an element by: [data-testid="native-terminal-focus-sink"]

Ignored nodes: comments, script, style
[36m<body>[31m
  [36m<div />[31m
[36m</body>[31m[39m
[90m [2m❯[22m Object.getElementError node_modules/@testing-library/dom/dist/config.js:[2m37:19[22m[39m
[90m [2m❯[22m node_modules/@testing-library/dom/dist/query-helpers.js:[2m76:38[22m[39m
[90m [2m❯[22m node_modules/@testing-library/dom/dist/query-helpers.js:[2m52:17[22m[39m
[90m [2m❯[22m node_modules/@testing-library/dom/dist/query-helpers.js:[2m95:19[22m[39m
[36m [2m❯[22m src/components/NativeTerminalPane.test.tsx:[2m5262:22[22m[39m
    [90m5260| [39m      <NativeTerminalPane sessionId="term-session-altgraph-only" sessi…
    [90m5261| [39m    );
    [90m5262| [39m    const textarea = getByTestId("native-terminal-focus-sink") as HTML…
    [90m   | [39m                     [31m^[39m
    [90m5263| [39m    textarea.focus();
    [90m5264| [39m    tauriCoreMocks.invoke.mockClear();

[31m[2m⎯⎯⎯⎯⎯⎯⎯⎯⎯⎯⎯⎯⎯⎯⎯⎯⎯⎯⎯⎯[109/194]⎯[22m[39m

[41m[1m FAIL [22m[49m src/components/NativeTerminalPane.test.tsx[2m > [22mNativeTerminalPane focus, keyboard, and IME prototype contract[2m > [22mtreats an AltGr chord on the focused sink as text input, not a Ctrl+Alt shortcut
[31m[1mTestingLibraryElementError[22m: Unable to find an element by: [data-testid="native-terminal-focus-sink"]

Ignored nodes: comments, script, style
[36m<body>[31m
  [36m<div />[31m
[36m</body>[31m[39m
[90m [2m❯[22m Object.getElementError node_modules/@testing-library/dom/dist/config.js:[2m37:19[22m[39m
[90m [2m❯[22m node_modules/@testing-library/dom/dist/query-helpers.js:[2m76:38[22m[39m
[90m [2m❯[22m node_modules/@testing-library/dom/dist/query-helpers.js:[2m52:17[22m[39m
[90m [2m❯[22m node_modules/@testing-library/dom/dist/query-helpers.js:[2m95:19[22m[39m
[36m [2m❯[22m src/components/NativeTerminalPane.test.tsx:[2m5296:22[22m[39m
    [90m5294| [39m      <NativeTerminalPane sessionId="term-session-altgraph-sink" sessi…
    [90m5295| [39m    );
    [90m5296| [39m    const textarea = getByTestId("native-terminal-focus-sink") as HTML…
    [90m   | [39m                     [31m^[39m
    [90m5297| [39m    textarea.focus();
    [90m5298| [39m    tauriCoreMocks.invoke.mockClear();

[31m[2m⎯⎯⎯⎯⎯⎯⎯⎯⎯⎯⎯⎯⎯⎯⎯⎯⎯⎯⎯⎯[110/194]⎯[22m[39m

[41m[1m FAIL [22m[49m src/components/NativeTerminalPane.test.tsx[2m > [22mNativeTerminalPane focus, keyboard, and IME prototype contract[2m > [22mtreats an AltGr chord in the document fallback as text input and focuses the sink
[31m[1mTestingLibraryElementError[22m: Unable to find an element by: [data-testid="native-terminal-focus-sink"]

Ignored nodes: comments, script, style
[36m<body>[31m
  [36m<div />[31m
[36m</body>[31m[39m
[90m [2m❯[22m Object.getElementError node_modules/@testing-library/dom/dist/config.js:[2m37:19[22m[39m
[90m [2m❯[22m node_modules/@testing-library/dom/dist/query-helpers.js:[2m76:38[22m[39m
[90m [2m❯[22m node_modules/@testing-library/dom/dist/query-helpers.js:[2m52:17[22m[39m
[90m [2m❯[22m node_modules/@testing-library/dom/dist/query-helpers.js:[2m95:19[22m[39m
[36m [2m❯[22m src/components/NativeTerminalPane.test.tsx:[2m5333:22[22m[39m
    [90m5331| [39m      <NativeTerminalPane sessionId="term-session-altgraph-fallback" s…
    [90m5332| [39m    );
    [90m5333| [39m    const textarea = getByTestId("native-terminal-focus-sink") as HTML…
    [90m   | [39m                     [31m^[39m
    [90m5334| [39m    textarea.focus();
    [90m5335| [39m    (document.activeElement as HTMLElement)?.blur?.();

[31m[2m⎯⎯⎯⎯⎯⎯⎯⎯⎯⎯⎯⎯⎯⎯⎯⎯⎯⎯⎯⎯[111/194]⎯[22m[39m

[41m[1m FAIL [22m[49m src/components/NativeTerminalPane.test.tsx[2m > [22mNativeTerminalPane focus, keyboard, and IME prototype contract[2m > [22mstill forwards a genuine Ctrl+Alt chord when AltGraph is not active
[31m[1mTestingLibraryElementError[22m: Unable to find an element by: [data-testid="native-terminal-focus-sink"]

Ignored nodes: comments, script, style
[36m<body>[31m
  [36m<div />[31m
[36m</body>[31m[39m
[90m [2m❯[22m Object.getElementError node_modules/@testing-library/dom/dist/config.js:[2m37:19[22m[39m
[90m [2m❯[22m node_modules/@testing-library/dom/dist/query-helpers.js:[2m76:38[22m[39m
[90m [2m❯[22m node_modules/@testing-library/dom/dist/query-helpers.js:[2m52:17[22m[39m
[90m [2m❯[22m node_modules/@testing-library/dom/dist/query-helpers.js:[2m95:19[22m[39m
[36m [2m❯[22m src/components/NativeTerminalPane.test.tsx:[2m5372:22[22m[39m
    [90m5370| [39m      <NativeTerminalPane sessionId="term-session-plain-ctrlalt" sessi…
    [90m5371| [39m    );
    [90m5372| [39m    const textarea = getByTestId("native-terminal-focus-sink") as HTML…
    [90m   | [39m                     [31m^[39m
    [90m5373| [39m    textarea.focus();
    [90m5374| [39m    tauriCoreMocks.invoke.mockClear();

[31m[2m⎯⎯⎯⎯⎯⎯⎯⎯⎯⎯⎯⎯⎯⎯⎯⎯⎯⎯⎯⎯[112/194]⎯[22m[39m

[41m[1m FAIL [22m[49m src/components/NativeTerminalPane.test.tsx[2m > [22mNativeTerminalPane focus, keyboard, and IME prototype contract[2m > [22mincludes terminal-host class name on container to allow global shortcut handlers to target terminal
[31m[1mTestingLibraryElementError[22m: Unable to find an element by: [data-testid="native-terminal-pane"]

Ignored nodes: comments, script, style
[36m<body>[31m
  [36m<div />[31m
[36m</body>[31m[39m
[90m [2m❯[22m Object.getElementError node_modules/@testing-library/dom/dist/config.js:[2m37:19[22m[39m
[90m [2m❯[22m node_modules/@testing-library/dom/dist/query-helpers.js:[2m76:38[22m[39m
[90m [2m❯[22m node_modules/@testing-library/dom/dist/query-helpers.js:[2m52:17[22m[39m
[90m [2m❯[22m node_modules/@testing-library/dom/dist/query-helpers.js:[2m95:19[22m[39m
[36m [2m❯[22m src/components/NativeTerminalPane.test.tsx:[2m5416:23[22m[39m
    [90m5414| [39m    );
    [90m5415| [39m
    [90m5416| [39m    const container = getByTestId("native-terminal-pane");
    [90m   | [39m                      [31m^[39m
    [90m5417| [39m    expect(container.classList.contains("terminal-host")).toBe(true);
    [90m5418| [39m

[31m[2m⎯⎯⎯⎯⎯⎯⎯⎯⎯⎯⎯⎯⎯⎯⎯⎯⎯⎯⎯⎯[113/194]⎯[22m[39m

[41m[1m FAIL [22m[49m src/components/NativeTerminalPane.test.tsx[2m > [22mNativeTerminalPane focus, keyboard, and IME prototype contract[2m > [22mdoes not forward keyboard events when default has already been prevented by global shortcuts
[31m[1mTestingLibraryElementError[22m: Unable to find an element by: [data-testid="native-terminal-focus-sink"]

Ignored nodes: comments, script, style
[36m<body>[31m
  [36m<div />[31m
[36m</body>[31m[39m
[90m [2m❯[22m Object.getElementError node_modules/@testing-library/dom/dist/config.js:[2m37:19[22m[39m
[90m [2m❯[22m node_modules/@testing-library/dom/dist/query-helpers.js:[2m76:38[22m[39m
[90m [2m❯[22m node_modules/@testing-library/dom/dist/query-helpers.js:[2m52:17[22m[39m
[90m [2m❯[22m node_modules/@testing-library/dom/dist/query-helpers.js:[2m95:19[22m[39m
[36m [2m❯[22m src/components/NativeTerminalPane.test.tsx:[2m5433:22[22m[39m
    [90m5431| [39m    const session = createSession("term-session-1");
    [90m5432| [39m    const { getByTestId } = render(<NativeTerminalPane sessionId="term…
    [90m5433| [39m    const textarea = getByTestId("native-terminal-focus-sink");
    [90m   | [39m                     [31m^[39m
    [90m5434| [39m    tauriCoreMocks.invoke.mockClear();
    [90m5435| [39m

[31m[2m⎯⎯⎯⎯⎯⎯⎯⎯⎯⎯⎯⎯⎯⎯⎯⎯⎯⎯⎯⎯[114/194]⎯[22m[39m

[41m[1m FAIL [22m[49m src/components/NativeTerminalPane.test.tsx[2m > [22mNativeTerminalPane focus, keyboard, and IME prototype contract[2m > [22mdoes not forward split-pane shortcut key when default has been prevented
[31m[1mTestingLibraryElementError[22m: Unable to find an element by: [data-testid="native-terminal-focus-sink"]

Ignored nodes: comments, script, style
[36m<body>[31m
  [36m<div />[31m
[36m</body>[31m[39m
[90m [2m❯[22m Object.getElementError node_modules/@testing-library/dom/dist/config.js:[2m37:19[22m[39m
[90m [2m❯[22m node_modules/@testing-library/dom/dist/query-helpers.js:[2m76:38[22m[39m
[90m [2m❯[22m node_modules/@testing-library/dom/dist/query-helpers.js:[2m52:17[22m[39m
[90m [2m❯[22m node_modules/@testing-library/dom/dist/query-helpers.js:[2m95:19[22m[39m
[36m [2m❯[22m src/components/NativeTerminalPane.test.tsx:[2m5457:22[22m[39m
    [90m5455| [39m    const session = createSession("term-session-1");
    [90m5456| [39m    const { getByTestId } = render(<NativeTerminalPane sessionId="term…
    [90m5457| [39m    const textarea = getByTestId("native-terminal-focus-sink");
    [90m   | [39m                     [31m^[39m
    [90m5458| [39m    tauriCoreMocks.invoke.mockClear();
    [90m5459| [39m

[31m[2m⎯⎯⎯⎯⎯⎯⎯⎯⎯⎯⎯⎯⎯⎯⎯⎯⎯⎯⎯⎯[115/194]⎯[22m[39m

[41m[1m FAIL [22m[49m src/components/NativeTerminalPane.test.tsx[2m > [22mNativeTerminalPane focus, keyboard, and IME prototype contract[2m > [22mintegrates with useShortcuts: New Tab and Split shortcuts trigger app handlers without leaking to native input
[31m[1mTestingLibraryElementError[22m: Unable to find an element by: [data-testid="native-terminal-focus-sink"]

Ignored nodes: comments, script, style
[36m<body>[31m
  [36m<div />[31m
[36m</body>[31m[39m
[90m [2m❯[22m Object.getElementError node_modules/@testing-library/dom/dist/config.js:[2m37:19[22m[39m
[90m [2m❯[22m node_modules/@testing-library/dom/dist/query-helpers.js:[2m76:38[22m[39m
[90m [2m❯[22m node_modules/@testing-library/dom/dist/query-helpers.js:[2m52:17[22m[39m
[90m [2m❯[22m node_modules/@testing-library/dom/dist/query-helpers.js:[2m95:19[22m[39m
[36m [2m❯[22m src/components/NativeTerminalPane.test.tsx:[2m5495:22[22m[39m
    [90m5493| [39m
    [90m5494| [39m    const { getByTestId } = render(<TestAppWithShortcuts />);
    [90m5495| [39m    const textarea = getByTestId("native-terminal-focus-sink");
    [90m   | [39m                     [31m^[39m
    [90m5496| [39m    tauriCoreMocks.invoke.mockClear();
    [90m5497| [39m

[31m[2m⎯⎯⎯⎯⎯⎯⎯⎯⎯⎯⎯⎯⎯⎯⎯⎯⎯⎯⎯⎯[116/194]⎯[22m[39m

[41m[1m FAIL [22m[49m src/components/NativeTerminalPane.test.tsx[2m > [22mactive prop and pane focus event dispatch[2m > [22mfocuses the input sink and sends focus when active becomes true
[31m[1mTestingLibraryElementError[22m: Unable to find an element by: [data-testid="native-terminal-focus-sink"]

Ignored nodes: comments, script, style
[36m<body>[31m
  [36m<div />[31m
[36m</body>[31m[39m
[90m [2m❯[22m Object.getElementError node_modules/@testing-library/dom/dist/config.js:[2m37:19[22m[39m
[90m [2m❯[22m node_modules/@testing-library/dom/dist/query-helpers.js:[2m76:38[22m[39m
[90m [2m❯[22m node_modules/@testing-library/dom/dist/query-helpers.js:[2m52:17[22m[39m
[90m [2m❯[22m node_modules/@testing-library/dom/dist/query-helpers.js:[2m95:19[22m[39m
[36m [2m❯[22m src/components/NativeTerminalPane.test.tsx:[2m5567:18[22m[39m
    [90m5565| [39m    );
    [90m5566| [39m
    [90m5567| [39m    const sink = getByTestId("native-terminal-focus-sink");
    [90m   | [39m                 [31m^[39m
    [90m5568| [39m    expect(document.activeElement).not.toBe(sink);
    [90m5569| [39m

[31m[2m⎯⎯⎯⎯⎯⎯⎯⎯⎯⎯⎯⎯⎯⎯⎯⎯⎯⎯⎯⎯[117/194]⎯[22m[39m

[41m[1m FAIL [22m[49m src/components/NativeTerminalPane.test.tsx[2m > [22mactive prop and pane focus event dispatch[2m > [22msends focus false when active transitions to false
[31m[1mAssertionError[22m: expected "spy" to be called with arguments: [ …(2) ][90m

Number of calls: [1m0[22m
[31m[39m
[36m [2m❯[22m src/components/NativeTerminalPane.test.tsx:[2m5593:35[22m[39m
    [90m5591| [39m    );
    [90m5592| [39m
    [90m5593| [39m    expect(tauriCoreMocks.invoke).toHaveBeenCalledWith("cmd_native_ter…
    [90m   | [39m                                  [31m^[39m
    [90m5594| [39m      sessionId: "backend-active-false-test",
    [90m5595| [39m      focused: false,

[31m[2m⎯⎯⎯⎯⎯⎯⎯⎯⎯⎯⎯⎯⎯⎯⎯⎯⎯⎯⎯⎯[118/194]⎯[22m[39m

[41m[1m FAIL [22m[49m src/components/NativeTerminalPane.test.tsx[2m > [22mactive prop and pane focus event dispatch[2m > [22mclaims window keydown and forwards input to the active pane when document.activeElement is document.body
[31m[1mAssertionError[22m: expected "spy" to be called with arguments: [ …(2) ][90m

Number of calls: [1m0[22m
[31m

Ignored nodes: comments, script, style
[36m<html>[31m
  [36m<head />[31m
  [36m<body>[31m
    [36m<div />[31m
  [36m</body>[31m
[36m</html>[31m[39m
[36m [2m❯[22m src/components/NativeTerminalPane.test.tsx:[2m5622:37[22m[39m
    [90m5620| [39m
    [90m5621| [39m    await waitFor(() => {
    [90m5622| [39m      expect(tauriCoreMocks.invoke).toHaveBeenCalledWith("cmd_native_t…
    [90m   | [39m                                    [31m^[39m
    [90m5623| [39m        sessionId: "backend-claim-test",
    [90m5624| [39m        input: { text: "a" },
[90m [2m❯[22m runWithExpensiveErrorDiagnosticsDisabled node_modules/@testing-library/dom/dist/config.js:[2m47:12[22m[39m
[90m [2m❯[22m checkCallback node_modules/@testing-library/dom/dist/wait-for.js:[2m124:77[22m[39m
[90m [2m❯[22m Timeout.checkRealTimersCallback node_modules/@testing-library/dom/dist/wait-for.js:[2m118:16[22m[39m

[31m[2m⎯⎯⎯⎯⎯⎯⎯⎯⎯⎯⎯⎯⎯⎯⎯⎯⎯⎯⎯⎯[119/194]⎯[22m[39m

[41m[1m FAIL [22m[49m src/components/NativeTerminalPane.test.tsx[2m > [22mNativeTerminalPane daemon and session identity mapping[2m > [22mroutes attach, bounds, focus, input, and detach to backendSessionId when id and backendSessionId intentionally differ
[31m[1mAssertionError[22m: expected "spy" to be called with arguments: [ 'cmd_native_terminal_attach', …(1) ][90m

Number of calls: [1m0[22m
[31m[39m
[36m [2m❯[22m src/components/NativeTerminalPane.test.tsx:[2m5693:35[22m[39m
    [90m5691| [39m
    [90m5692| [39m    // 1. Native attach must use backendSessionId
    [90m5693| [39m    expect(tauriCoreMocks.invoke).toHaveBeenCalledWith(
    [90m   | [39m                                  [31m^[39m
    [90m5694| [39m      "cmd_native_terminal_attach",
    [90m5695| [39m      expect.objectContaining({

[31m[2m⎯⎯⎯⎯⎯⎯⎯⎯⎯⎯⎯⎯⎯⎯⎯⎯⎯⎯⎯⎯[120/194]⎯[22m[39m

[41m[1m FAIL [22m[49m src/components/NativeTerminalPane.test.tsx[2m > [22mNativeTerminalPane daemon and session identity mapping[2m > [22mpreserves fallback behavior when callers only supply sessionId without session object
[31m[1mAssertionError[22m: expected "spy" to be called with arguments: [ 'cmd_native_terminal_attach', …(1) ][90m

Number of calls: [1m0[22m
[31m[39m
[36m [2m❯[22m src/components/NativeTerminalPane.test.tsx:[2m5767:35[22m[39m
    [90m5765| [39m    render(<NativeTerminalPane sessionId="legacy-caller-supplied-id" /…
    [90m5766| [39m
    [90m5767| [39m    expect(tauriCoreMocks.invoke).toHaveBeenCalledWith(
    [90m   | [39m                                  [31m^[39m
    [90m5768| [39m      "cmd_native_terminal_attach",
    [90m5769| [39m      expect.objectContaining({

[31m[2m⎯⎯⎯⎯⎯⎯⎯⎯⎯⎯⎯⎯⎯⎯⎯⎯⎯⎯⎯⎯[121/194]⎯[22m[39m

[41m[1m FAIL [22m[49m src/components/NativeTerminalPane.test.tsx[2m > [22mNativeTerminalPane daemon and session identity mapping[2m > [22mmakes no attach, focus, or input IPC calls when session has null backendSessionId, then attaches once upon receiving backendSessionId
[31m[1mTestingLibraryElementError[22m: Unable to find an element by: [data-testid="native-terminal-focus-sink"]

Ignored nodes: comments, script, style
[36m<body>[31m
  [36m<div />[31m
[36m</body>[31m[39m
[90m [2m❯[22m Object.getElementError node_modules/@testing-library/dom/dist/config.js:[2m37:19[22m[39m
[90m [2m❯[22m node_modules/@testing-library/dom/dist/query-helpers.js:[2m76:38[22m[39m
[90m [2m❯[22m node_modules/@testing-library/dom/dist/query-helpers.js:[2m52:17[22m[39m
[90m [2m❯[22m node_modules/@testing-library/dom/dist/query-helpers.js:[2m95:19[22m[39m
[36m [2m❯[22m src/components/NativeTerminalPane.test.tsx:[2m5788:22[22m[39m
    [90m5786| [39m
    [90m5787| [39m    // 2. Native focus must NOT be sent when backendSessionId is null
    [90m5788| [39m    const textarea = getByTestId("native-terminal-focus-sink") as HTML…
    [90m   | [39m                     [31m^[39m
    [90m5789| [39m    act(() => {
    [90m5790| [39m      textarea.dispatchEvent(new FocusEvent("focusin", { bubbles: true…

[31m[2m⎯⎯⎯⎯⎯⎯⎯⎯⎯⎯⎯⎯⎯⎯⎯⎯⎯⎯⎯⎯[122/194]⎯[22m[39m

[41m[1m FAIL [22m[49m src/components/NativeTerminalPane.test.tsx[2m > [22mNativeTerminalPane daemon and session identity mapping[2m > [22mfocuses and routes input only to the pane receiving a reconnect binding
[31m[1mTestingLibraryElementError[22m: Unable to find an element by: [data-testid="native-terminal-focus-sink"]

Ignored nodes: comments, script, style
[36m<body>[31m
  [36m<div />[31m
[36m</body>[31m[39m
[90m [2m❯[22m Object.getElementError node_modules/@testing-library/dom/dist/config.js:[2m37:19[22m[39m
[90m [2m❯[22m node_modules/@testing-library/dom/dist/query-helpers.js:[2m76:38[22m[39m
[90m [2m❯[22m node_modules/@testing-library/dom/dist/query-helpers.js:[2m109:15[22m[39m
[36m [2m❯[22m src/components/NativeTerminalPane.test.tsx:[2m5853:37[22m[39m
    [90m5851| [39m      </div>,
    [90m5852| [39m    );
    [90m5853| [39m    const [leftInput, rightInput] = getAllByTestId("native-terminal-fo…
    [90m   | [39m                                    [31m^[39m
    [90m5854| [39m    rightInput.focus();
    [90m5855| [39m    tauriCoreMocks.invoke.mockClear();

[31m[2m⎯⎯⎯⎯⎯⎯⎯⎯⎯⎯⎯⎯⎯⎯⎯⎯⎯⎯⎯⎯[123/194]⎯[22m[39m

[41m[1m FAIL [22m[49m src/components/NativeTerminalPane.test.tsx[2m > [22mNativeTerminalPane daemon and session identity mapping[2m > [22mdoes not detach a replacement owner when the rebound pane reparents in the same turn
[31m[1mAssertionError[22m: expected "spy" to be called with arguments: [ 'cmd_native_terminal_attach', …(1) ][90m

Number of calls: [1m0[22m
[31m

Ignored nodes: comments, script, style
[36m<html>[31m
  [36m<head />[31m
  [36m<body>[31m
    [36m<div />[31m
  [36m</body>[31m
[36m</html>[31m[39m
[36m [2m❯[22m src/components/NativeTerminalPane.test.tsx:[2m5937:37[22m[39m
    [90m5935| [39m    const first = render(<NativeTerminalPane sessionId={rebound.id} se…
    [90m5936| [39m    await waitFor(() => {
    [90m5937| [39m      expect(tauriCoreMocks.invoke).toHaveBeenCalledWith(
    [90m   | [39m                                    [31m^[39m
    [90m5938| [39m        "cmd_native_terminal_attach",
    [90m5939| [39m        expect.objectContaining({ sessionId: rebound.backendSessionId …
[90m [2m❯[22m runWithExpensiveErrorDiagnosticsDisabled node_modules/@testing-library/dom/dist/config.js:[2m47:12[22m[39m
[90m [2m❯[22m checkCallback node_modules/@testing-library/dom/dist/wait-for.js:[2m124:77[22m[39m
[90m [2m❯[22m Timeout.checkRealTimersCallback node_modules/@testing-library/dom/dist/wait-for.js:[2m118:16[22m[39m

[31m[2m⎯⎯⎯⎯⎯⎯⎯⎯⎯⎯⎯⎯⎯⎯⎯⎯⎯⎯⎯⎯[124/194]⎯[22m[39m

[41m[1m FAIL [22m[49m src/components/NativeTerminalPane.test.tsx[2m > [22mNativeTerminalPane daemon and session identity mapping[2m > [22mretries mount attach on rejection with exponential backoff and attaches on eventual success
[31m[1mAssertionError[22m: expected +0 to be 1 // Object.is equality[39m

[32m- Expected[39m
[31m+ Received[39m

[32m- 1[39m
[31m+ 0[39m

[36m [2m❯[22m src/components/NativeTerminalPane.test.tsx:[2m5981:27[22m[39m
    [90m5979| [39m        await Promise.resolve();
    [90m5980| [39m      });
    [90m5981| [39m      expect(attachCount).toBe(1);
    [90m   | [39m                          [31m^[39m
    [90m5982| [39m
    [90m5983| [39m      // Backoff 1: 250ms -> attempt 2

[31m[2m⎯⎯⎯⎯⎯⎯⎯⎯⎯⎯⎯⎯⎯⎯⎯⎯⎯⎯⎯⎯[125/194]⎯[22m[39m

[41m[1m FAIL [22m[49m src/components/NativeTerminalPane.test.tsx[2m > [22mNativeTerminalPane daemon and session identity mapping[2m > [22mredirects printable keydown fallback when activeElement is document.body
[31m[1mAssertionError[22m: expected "spy" to be called with arguments: [ …(2) ][90m

Number of calls: [1m0[22m
[31m

Ignored nodes: comments, script, style
[36m<html>[31m
  [36m<head />[31m
  [36m<body>[31m
    [36m<div />[31m
  [36m</body>[31m
[36m</html>[31m[39m
[36m [2m❯[22m src/components/NativeTerminalPane.test.tsx:[2m6027:37[22m[39m
    [90m6025| [39m
    [90m6026| [39m    await waitFor(() => {
    [90m6027| [39m      expect(tauriCoreMocks.invoke).toHaveBeenCalledWith("cmd_native_t…
    [90m   | [39m                                    [31m^[39m
    [90m6028| [39m        sessionId: "term-session-capture-fallback",
    [90m6029| [39m        input: { text: "a" },
[90m [2m❯[22m runWithExpensiveErrorDiagnosticsDisabled node_modules/@testing-library/dom/dist/config.js:[2m47:12[22m[39m
[90m [2m❯[22m checkCallback node_modules/@testing-library/dom/dist/wait-for.js:[2m124:77[22m[39m
[90m [2m❯[22m Timeout.checkRealTimersCallback node_modules/@testing-library/dom/dist/wait-for.js:[2m118:16[22m[39m

[31m[2m⎯⎯⎯⎯⎯⎯⎯⎯⎯⎯⎯⎯⎯⎯⎯⎯⎯⎯⎯⎯[126/194]⎯[22m[39m

[41m[1m FAIL [22m[49m src/components/NativeTerminalPane.test.tsx[2m > [22mNativeTerminalPane daemon and session identity mapping[2m > [22mdoes not let an inactive last-focused pane steal body keydowns
[31m[1mAssertionError[22m: expected 0 to be greater than 0

Ignored nodes: comments, script, style
[36m<html>[31m
  [36m<head />[31m
  [36m<body>[31m
    [36m<div />[31m
  [36m</body>[31m
[36m</html>[31m[39m
[36m [2m❯[22m src/components/NativeTerminalPane.test.tsx:[2m6042:62[22m[39m
    [90m6040| [39m
    [90m6041| [39m    await waitFor(() => {
    [90m6042| [39m      expect(nativeTerminalEventMocks.focusListeners.length).toBeGreat…
    [90m   | [39m                                                             [31m^[39m
    [90m6043| [39m    });
    [90m6044| [39m
[90m [2m❯[22m runWithExpensiveErrorDiagnosticsDisabled node_modules/@testing-library/dom/dist/config.js:[2m47:12[22m[39m
[90m [2m❯[22m checkCallback node_modules/@testing-library/dom/dist/wait-for.js:[2m124:77[22m[39m
[90m [2m❯[22m Timeout.checkRealTimersCallback node_modules/@testing-library/dom/dist/wait-for.js:[2m118:16[22m[39m

[31m[2m⎯⎯⎯⎯⎯⎯⎯⎯⎯⎯⎯⎯⎯⎯⎯⎯⎯⎯⎯⎯[127/194]⎯[22m[39m

[41m[1m FAIL [22m[49m src/components/NativeTerminalPane.test.tsx[2m > [22mNativeTerminalPane daemon and session identity mapping[2m > [22mforwards Enter through the keydown fallback when activeElement is document.body
[31m[1mAssertionError[22m: expected false to be true // Object.is equality

Ignored nodes: comments, script, style
[36m<html>[31m
  [36m<head />[31m
  [36m<body>[31m
    [36m<div />[31m
  [36m</body>[31m
[36m</html>[31m[39m

[32m- Expected[39m
[31m+ Received[39m

[32m- true[39m
[31m+ false[39m

[36m [2m❯[22m src/components/NativeTerminalPane.test.tsx:[2m6097:20[22m[39m
    [90m6095| [39m          (args as { input?: { keyEvent?: { key?: string } } })?.input…
    [90m6096| [39m      );
    [90m6097| [39m      expect(sent).toBe(true);
    [90m   | [39m                   [31m^[39m
    [90m6098| [39m    });
    [90m6099| [39m  });
[90m [2m❯[22m runWithExpensiveErrorDiagnosticsDisabled node_modules/@testing-library/dom/dist/config.js:[2m47:12[22m[39m
[90m [2m❯[22m checkCallback node_modules/@testing-library/dom/dist/wait-for.js:[2m124:77[22m[39m
[90m [2m❯[22m Timeout.checkRealTimersCallback node_modules/@testing-library/dom/dist/wait-for.js:[2m118:16[22m[39m

[31m[2m⎯⎯⎯⎯⎯⎯⎯⎯⎯⎯⎯⎯⎯⎯⎯⎯⎯⎯⎯⎯[128/194]⎯[22m[39m

[41m[1m FAIL [22m[49m src/components/NativeTerminalPane.test.tsx[2m > [22mNativeTerminalPane daemon and session identity mapping[2m > [22mforwards Ctrl+C through the keydown fallback when activeElement is document.body
[31m[1mAssertionError[22m: expected false to be true // Object.is equality

Ignored nodes: comments, script, style
[36m<html>[31m
  [36m<head />[31m
  [36m<body>[31m
    [36m<div />[31m
  [36m</body>[31m
[36m</html>[31m[39m

[32m- Expected[39m
[31m+ Received[39m

[32m- true[39m
[31m+ false[39m

[36m [2m❯[22m src/components/NativeTerminalPane.test.tsx:[2m6132:20[22m[39m
    [90m6130| [39m        );
    [90m6131| [39m      });
    [90m6132| [39m      expect(sent).toBe(true);
    [90m   | [39m                   [31m^[39m
    [90m6133| [39m    });
    [90m6134| [39m  });
[90m [2m❯[22m runWithExpensiveErrorDiagnosticsDisabled node_modules/@testing-library/dom/dist/config.js:[2m47:12[22m[39m
[90m [2m❯[22m checkCallback node_modules/@testing-library/dom/dist/wait-for.js:[2m124:77[22m[39m
[90m [2m❯[22m Timeout.checkRealTimersCallback node_modules/@testing-library/dom/dist/wait-for.js:[2m118:16[22m[39m

[31m[2m⎯⎯⎯⎯⎯⎯⎯⎯⎯⎯⎯⎯⎯⎯⎯⎯⎯⎯⎯⎯[129/194]⎯[22m[39m

[41m[1m FAIL [22m[49m src/components/NativeTerminalPane.test.tsx[2m > [22mNativeTerminalPane daemon and session identity mapping[2m > [22mdelivers a fallback Enter to exactly one pane when two split panes are mounted
[31m[1mAssertionError[22m: expected 0 to be greater than 0

Ignored nodes: comments, script, style
[36m<html>[31m
  [36m<head />[31m
  [36m<body>[31m
    [36m<div />[31m
  [36m</body>[31m
[36m</html>[31m[39m
[36m [2m❯[22m src/components/NativeTerminalPane.test.tsx:[2m6162:28[22m[39m
    [90m6160| [39m        ([cmd]) => cmd === "cmd_native_terminal_send_input",
    [90m6161| [39m      );
    [90m6162| [39m      expect(sends.length).toBeGreaterThan(0);
    [90m   | [39m                           [31m^[39m
    [90m6163| [39m    });
    [90m6164| [39m
[90m [2m❯[22m runWithExpensiveErrorDiagnosticsDisabled node_modules/@testing-library/dom/dist/config.js:[2m47:12[22m[39m
[90m [2m❯[22m checkCallback node_modules/@testing-library/dom/dist/wait-for.js:[2m124:77[22m[39m
[90m [2m❯[22m Timeout.checkRealTimersCallback node_modules/@testing-library/dom/dist/wait-for.js:[2m118:16[22m[39m

[31m[2m⎯⎯⎯⎯⎯⎯⎯⎯⎯⎯⎯⎯⎯⎯⎯⎯⎯⎯⎯⎯[130/194]⎯[22m[39m

[41m[1m FAIL [22m[49m src/components/NativeTerminalPane.test.tsx[2m > [22mNativeTerminalPane daemon and session identity mapping[2m > [22mroutes a keystroke to the swapped-in session after a workspace switch, never the outgoing one
[31m[1mAssertionError[22m: expected false to be true // Object.is equality

Ignored nodes: comments, script, style
[36m<html>[31m
  [36m<head />[31m
  [36m<body>[31m
    [36m<div />[31m
  [36m</body>[31m
[36m</html>[31m[39m

[32m- Expected[39m
[31m+ Received[39m

[32m- true[39m
[31m+ false[39m

[36m [2m❯[22m src/components/NativeTerminalPane.test.tsx:[2m6184:24[22m[39m
    [90m6182| [39m          JSON.stringify(args ?? {}).includes("switch-session-outgoing…
    [90m6183| [39m      );
    [90m6184| [39m      expect(attached).toBe(true);
    [90m   | [39m                       [31m^[39m
    [90m6185| [39m    });
    [90m6186| [39m
[90m [2m❯[22m runWithExpensiveErrorDiagnosticsDisabled node_modules/@testing-library/dom/dist/config.js:[2m47:12[22m[39m
[90m [2m❯[22m checkCallback node_modules/@testing-library/dom/dist/wait-for.js:[2m124:77[22m[39m
[90m [2m❯[22m Timeout.checkRealTimersCallback node_modules/@testing-library/dom/dist/wait-for.js:[2m118:16[22m[39m

[31m[2m⎯⎯⎯⎯⎯⎯⎯⎯⎯⎯⎯⎯⎯⎯⎯⎯⎯⎯⎯⎯[131/194]⎯[22m[39m

[41m[1m FAIL [22m[49m src/components/NativeTerminalPane.test.tsx[2m > [22mNativeTerminalPane daemon and session identity mapping[2m > [22mpreserves native mouse-up focus after WebKit mouse-down handling moves focus to BODY
[31m[1mTestingLibraryElementError[22m: Unable to find an element by: [data-testid="native-terminal-focus-sink"]

Ignored nodes: comments, script, style
[36m<body>[31m
  [36m<div />[31m
[36m</body>[31m[39m
[90m [2m❯[22m Object.getElementError node_modules/@testing-library/dom/dist/config.js:[2m37:19[22m[39m
[90m [2m❯[22m node_modules/@testing-library/dom/dist/query-helpers.js:[2m76:38[22m[39m
[90m [2m❯[22m node_modules/@testing-library/dom/dist/query-helpers.js:[2m109:15[22m[39m
[36m [2m❯[22m src/components/NativeTerminalPane.test.tsx:[2m6237:35[22m[39m
    [90m6235| [39m      </>,
    [90m6236| [39m    );
    [90m6237| [39m    const [leftSink, rightSink] = getAllByTestId("native-terminal-focu…
    [90m   | [39m                                  [31m^[39m
    [90m6238| [39m
    [90m6239| [39m    await waitFor(() => {

[31m[2m⎯⎯⎯⎯⎯⎯⎯⎯⎯⎯⎯⎯⎯⎯⎯⎯⎯⎯⎯⎯[132/194]⎯[22m[39m

[41m[1m FAIL [22m[49m src/components/NativeTerminalPane.test.tsx[2m > [22mNativeTerminalPane daemon and session identity mapping[2m > [22mlets immediate Hangul input start composition after a native pane switch
[31m[1mTestingLibraryElementError[22m: Unable to find an element by: [data-testid="native-terminal-focus-sink"]

Ignored nodes: comments, script, style
[36m<body>[31m
  [36m<div />[31m
[36m</body>[31m[39m
[90m [2m❯[22m Object.getElementError node_modules/@testing-library/dom/dist/config.js:[2m37:19[22m[39m
[90m [2m❯[22m node_modules/@testing-library/dom/dist/query-helpers.js:[2m76:38[22m[39m
[90m [2m❯[22m node_modules/@testing-library/dom/dist/query-helpers.js:[2m52:17[22m[39m
[90m [2m❯[22m node_modules/@testing-library/dom/dist/query-helpers.js:[2m95:19[22m[39m
[36m [2m❯[22m src/components/NativeTerminalPane.test.tsx:[2m6270:18[22m[39m
    [90m6268| [39m      <NativeTerminalPane sessionId="native-ime-switch" session={sessi…
    [90m6269| [39m    );
    [90m6270| [39m    const sink = getByTestId("native-terminal-focus-sink") as HTMLText…
    [90m   | [39m                 [31m^[39m
    [90m6271| [39m    await waitFor(() => {
    [90m6272| [39m      expect(nativeTerminalEventMocks.focusListeners).toHaveLength(1);

[31m[2m⎯⎯⎯⎯⎯⎯⎯⎯⎯⎯⎯⎯⎯⎯⎯⎯⎯⎯⎯⎯[133/194]⎯[22m[39m

[41m[1m FAIL [22m[49m src/components/NativeTerminalPane.test.tsx[2m > [22mNativeTerminalPane daemon and session identity mapping[2m > [22mforwards plain Ctrl+C with no activity prop as key 'c' with ctrl true
[31m[1mTestingLibraryElementError[22m: Unable to find an element by: [data-testid="native-terminal-focus-sink"]

Ignored nodes: comments, script, style
[36m<body>[31m
  [36m<div />[31m
[36m</body>[31m[39m
[90m [2m❯[22m Object.getElementError node_modules/@testing-library/dom/dist/config.js:[2m37:19[22m[39m
[90m [2m❯[22m node_modules/@testing-library/dom/dist/query-helpers.js:[2m76:38[22m[39m
[90m [2m❯[22m node_modules/@testing-library/dom/dist/query-helpers.js:[2m52:17[22m[39m
[90m [2m❯[22m node_modules/@testing-library/dom/dist/query-helpers.js:[2m95:19[22m[39m
[36m [2m❯[22m src/components/NativeTerminalPane.test.tsx:[2m6319:22[22m[39m
    [90m6317| [39m      <NativeTerminalPane sessionId="term-session-plain-ctrlc" session…
    [90m6318| [39m    );
    [90m6319| [39m    const textarea = getByTestId("native-terminal-focus-sink");
    [90m   | [39m                     [31m^[39m
    [90m6320| [39m    tauriCoreMocks.invoke.mockClear();
    [90m6321| [39m

[31m[2m⎯⎯⎯⎯⎯⎯⎯⎯⎯⎯⎯⎯⎯⎯⎯⎯⎯⎯⎯⎯[134/194]⎯[22m[39m

[41m[1m FAIL [22m[49m src/components/NativeTerminalPane.test.tsx[2m > [22mNativeTerminalPane daemon and session identity mapping[2m > [22mforwards Ctrl+C unchanged when agent state is waiting
[41m[1m FAIL [22m[49m src/components/NativeTerminalPane.test.tsx[2m > [22mNativeTerminalPane daemon and session identity mapping[2m > [22mforwards Ctrl+C unchanged when agent state is working
[41m[1m FAIL [22m[49m src/components/NativeTerminalPane.test.tsx[2m > [22mNativeTerminalPane daemon and session identity mapping[2m > [22mforwards Ctrl+C unchanged when agent state is done
[31m[1mTestingLibraryElementError[22m: Unable to find an element by: [data-testid="native-terminal-focus-sink"]

Ignored nodes: comments, script, style
[36m<body>[31m
  [36m<div />[31m
[36m</body>[31m[39m
[90m [2m❯[22m Object.getElementError node_modules/@testing-library/dom/dist/config.js:[2m37:19[22m[39m
[90m [2m❯[22m node_modules/@testing-library/dom/dist/query-helpers.js:[2m76:38[22m[39m
[90m [2m❯[22m node_modules/@testing-library/dom/dist/query-helpers.js:[2m52:17[22m[39m
[90m [2m❯[22m node_modules/@testing-library/dom/dist/query-helpers.js:[2m95:19[22m[39m
[36m [2m❯[22m src/components/NativeTerminalPane.test.tsx:[2m6370:22[22m[39m
    [90m6368| [39m      />,
    [90m6369| [39m    );
    [90m6370| [39m    const textarea = getByTestId("native-terminal-focus-sink");
    [90m   | [39m                     [31m^[39m
    [90m6371| [39m    tauriCoreMocks.invoke.mockClear();
    [90m6372| [39m

[31m[2m⎯⎯⎯⎯⎯⎯⎯⎯⎯⎯⎯⎯⎯⎯⎯⎯⎯⎯⎯⎯[135/194]⎯[22m[39m

[41m[1m FAIL [22m[49m src/components/NativeTerminalPane.test.tsx[2m > [22mNativeTerminalPane daemon and session identity mapping[2m > [22mforwards two quick Ctrl+C presses without scheduling an extra interrupt when agent is waiting
[31m[1mTestingLibraryElementError[22m: Unable to find an element by: [data-testid="native-terminal-focus-sink"]

Ignored nodes: comments, script, style
[36m<body>[31m
  [36m<div />[31m
[36m</body>[31m[39m
[90m [2m❯[22m Object.getElementError node_modules/@testing-library/dom/dist/config.js:[2m37:19[22m[39m
[90m [2m❯[22m node_modules/@testing-library/dom/dist/query-helpers.js:[2m76:38[22m[39m
[90m [2m❯[22m node_modules/@testing-library/dom/dist/query-helpers.js:[2m52:17[22m[39m
[90m [2m❯[22m node_modules/@testing-library/dom/dist/query-helpers.js:[2m95:19[22m[39m
[36m [2m❯[22m src/components/NativeTerminalPane.test.tsx:[2m6423:24[22m[39m
    [90m6421| [39m        />,
    [90m6422| [39m      );
    [90m6423| [39m      const textarea = getByTestId("native-terminal-focus-sink");
    [90m   | [39m                       [31m^[39m
    [90m6424| [39m      tauriCoreMocks.invoke.mockClear();
    [90m6425| [39m

[31m[2m⎯⎯⎯⎯⎯⎯⎯⎯⎯⎯⎯⎯⎯⎯⎯⎯⎯⎯⎯⎯[136/194]⎯[22m[39m

[41m[1m FAIL [22m[49m src/components/NativeTerminalPane.test.tsx[2m > [22mNativeTerminalPane daemon and session identity mapping[2m > [22mforwards two spaced Ctrl+C presses unchanged when agent is waiting
[31m[1mTestingLibraryElementError[22m: Unable to find an element by: [data-testid="native-terminal-focus-sink"]

Ignored nodes: comments, script, style
[36m<body>[31m
  [36m<div />[31m
[36m</body>[31m[39m
[90m [2m❯[22m Object.getElementError node_modules/@testing-library/dom/dist/config.js:[2m37:19[22m[39m
[90m [2m❯[22m node_modules/@testing-library/dom/dist/query-helpers.js:[2m76:38[22m[39m
[90m [2m❯[22m node_modules/@testing-library/dom/dist/query-helpers.js:[2m52:17[22m[39m
[90m [2m❯[22m node_modules/@testing-library/dom/dist/query-helpers.js:[2m95:19[22m[39m
[36m [2m❯[22m src/components/NativeTerminalPane.test.tsx:[2m6490:24[22m[39m
    [90m6488| [39m        />,
    [90m6489| [39m      );
    [90m6490| [39m      const textarea = getByTestId("native-terminal-focus-sink");
    [90m   | [39m                       [31m^[39m
    [90m6491| [39m      tauriCoreMocks.invoke.mockClear();
    [90m6492| [39m

[31m[2m⎯⎯⎯⎯⎯⎯⎯⎯⎯⎯⎯⎯⎯⎯⎯⎯⎯⎯⎯⎯[137/194]⎯[22m[39m

[41m[1m FAIL [22m[49m src/components/NativeTerminalPane.test.tsx[2m > [22mNativeTerminalPane daemon and session identity mapping[2m > [22msends key 'c' twice immediately with no delayed third send for quick plain Ctrl+C in a plain shell
[31m[1mTestingLibraryElementError[22m: Unable to find an element by: [data-testid="native-terminal-focus-sink"]

Ignored nodes: comments, script, style
[36m<body>[31m
  [36m<div />[31m
[36m</body>[31m[39m
[90m [2m❯[22m Object.getElementError node_modules/@testing-library/dom/dist/config.js:[2m37:19[22m[39m
[90m [2m❯[22m node_modules/@testing-library/dom/dist/query-helpers.js:[2m76:38[22m[39m
[90m [2m❯[22m node_modules/@testing-library/dom/dist/query-helpers.js:[2m52:17[22m[39m
[90m [2m❯[22m node_modules/@testing-library/dom/dist/query-helpers.js:[2m95:19[22m[39m
[36m [2m❯[22m src/components/NativeTerminalPane.test.tsx:[2m6547:24[22m[39m
    [90m6545| [39m        />,
    [90m6546| [39m      );
    [90m6547| [39m      const textarea = getByTestId("native-terminal-focus-sink");
    [90m   | [39m                       [31m^[39m
    [90m6548| [39m      tauriCoreMocks.invoke.mockClear();
    [90m6549| [39m

[31m[2m⎯⎯⎯⎯⎯⎯⎯⎯⎯⎯⎯⎯⎯⎯⎯⎯⎯⎯⎯⎯[138/194]⎯[22m[39m

[41m[1m FAIL [22m[49m src/components/NativeTerminalPane.test.tsx[2m > [22mNativeTerminalPane daemon and session identity mapping[2m > [22msends key 'c' twice immediately with no delayed third send for quick Ctrl+C when agent is working
[31m[1mTestingLibraryElementError[22m: Unable to find an element by: [data-testid="native-terminal-focus-sink"]

Ignored nodes: comments, script, style
[36m<body>[31m
  [36m<div />[31m
[36m</body>[31m[39m
[90m [2m❯[22m Object.getElementError node_modules/@testing-library/dom/dist/config.js:[2m37:19[22m[39m
[90m [2m❯[22m node_modules/@testing-library/dom/dist/query-helpers.js:[2m76:38[22m[39m
[90m [2m❯[22m node_modules/@testing-library/dom/dist/query-helpers.js:[2m52:17[22m[39m
[90m [2m❯[22m node_modules/@testing-library/dom/dist/query-helpers.js:[2m95:19[22m[39m
[36m [2m❯[22m src/components/NativeTerminalPane.test.tsx:[2m6605:24[22m[39m
    [90m6603| [39m        />,
    [90m6604| [39m      );
    [90m6605| [39m      const textarea = getByTestId("native-terminal-focus-sink");
    [90m   | [39m                       [31m^[39m
    [90m6606| [39m      tauriCoreMocks.invoke.mockClear();
    [90m6607| [39m

[31m[2m⎯⎯⎯⎯⎯⎯⎯⎯⎯⎯⎯⎯⎯⎯⎯⎯⎯⎯⎯⎯[139/194]⎯[22m[39m

[41m[1m FAIL [22m[49m src/components/NativeTerminalPane.test.tsx[2m > [22mNativeTerminalPane daemon and session identity mapping[2m > [22mforwards fallback document.body Ctrl+C presses without synthetic interrupts when agent is waiting
[31m[1mAssertionError[22m: expected [] to deeply equal [ 'c', 'c' ][39m

[32m- Expected[39m
[31m+ Received[39m

[32m- [[39m
[32m-   "c",[39m
[32m-   "c",[39m
[32m- ][39m
[31m+ [][39m

[36m [2m❯[22m src/components/NativeTerminalPane.test.tsx:[2m6701:25[22m[39m
    [90m6699| [39m        .filter(([cmd]) => cmd === "cmd_native_terminal_send_input")
    [90m6700| [39m        .map(([, args]) => (args as { input?: { keyEvent?: { key?: str…
    [90m6701| [39m      expect(sendCalls).toEqual(["c", "c"]);
    [90m   | [39m                        [31m^[39m
    [90m6702| [39m    } finally {
    [90m6703| [39m      vi.useRealTimers();

[31m[2m⎯⎯⎯⎯⎯⎯⎯⎯⎯⎯⎯⎯⎯⎯⎯⎯⎯⎯⎯⎯[140/194]⎯[22m[39m

[41m[1m FAIL [22m[49m src/components/NativeTerminalPane.test.tsx[2m > [22mNativeTerminalPane daemon and session identity mapping[2m > [22mkeeps interrupt key 'c' on plain Ctrl+C when activity indicates agent is working
[31m[1mTestingLibraryElementError[22m: Unable to find an element by: [data-testid="native-terminal-focus-sink"]

Ignored nodes: comments, script, style
[36m<body>[31m
  [36m<div />[31m
[36m</body>[31m[39m
[90m [2m❯[22m Object.getElementError node_modules/@testing-library/dom/dist/config.js:[2m37:19[22m[39m
[90m [2m❯[22m node_modules/@testing-library/dom/dist/query-helpers.js:[2m76:38[22m[39m
[90m [2m❯[22m node_modules/@testing-library/dom/dist/query-helpers.js:[2m52:17[22m[39m
[90m [2m❯[22m node_modules/@testing-library/dom/dist/query-helpers.js:[2m95:19[22m[39m
[36m [2m❯[22m src/components/NativeTerminalPane.test.tsx:[2m6721:22[22m[39m
    [90m6719| [39m      />,
    [90m6720| [39m    );
    [90m6721| [39m    const textarea = getByTestId("native-terminal-focus-sink");
    [90m   | [39m                     [31m^[39m
    [90m6722| [39m    tauriCoreMocks.invoke.mockClear();
    [90m6723| [39m

[31m[2m⎯⎯⎯⎯⎯⎯⎯⎯⎯⎯⎯⎯⎯⎯⎯⎯⎯⎯⎯⎯[141/194]⎯[22m[39m

[41m[1m FAIL [22m[49m src/components/NativeTerminalPane.test.tsx[2m > [22mNativeTerminalPane daemon and session identity mapping[2m > [22mnormalizes Korean layout Ctrl+C (key ㅊ and code KeyC) to key 'c' instead of 'ㅊ'
[31m[1mTestingLibraryElementError[22m: Unable to find an element by: [data-testid="native-terminal-focus-sink"]

Ignored nodes: comments, script, style
[36m<body>[31m
  [36m<div />[31m
[36m</body>[31m[39m
[90m [2m❯[22m Object.getElementError node_modules/@testing-library/dom/dist/config.js:[2m37:19[22m[39m
[90m [2m❯[22m node_modules/@testing-library/dom/dist/query-helpers.js:[2m76:38[22m[39m
[90m [2m❯[22m node_modules/@testing-library/dom/dist/query-helpers.js:[2m52:17[22m[39m
[90m [2m❯[22m node_modules/@testing-library/dom/dist/query-helpers.js:[2m95:19[22m[39m
[36m [2m❯[22m src/components/NativeTerminalPane.test.tsx:[2m6763:22[22m[39m
    [90m6761| [39m      <NativeTerminalPane sessionId="term-session-korean-ctrlc" sessio…
    [90m6762| [39m    );
    [90m6763| [39m    const textarea = getByTestId("native-terminal-focus-sink");
    [90m   | [39m                     [31m^[39m
    [90m6764| [39m    tauriCoreMocks.invoke.mockClear();
    [90m6765| [39m

[31m[2m⎯⎯⎯⎯⎯⎯⎯⎯⎯⎯⎯⎯⎯⎯⎯⎯⎯⎯⎯⎯[142/194]⎯[22m[39m

[41m[1m FAIL [22m[49m src/components/NativeTerminalPane.test.tsx[2m > [22mNativeTerminalPane daemon and session identity mapping[2m > [22mnormalizes Korean layout Ctrl+L (key ㅣ and code KeyL) to key 'l' instead of 'ㅣ'
[31m[1mTestingLibraryElementError[22m: Unable to find an element by: [data-testid="native-terminal-focus-sink"]

Ignored nodes: comments, script, style
[36m<body>[31m
  [36m<div />[31m
[36m</body>[31m[39m
[90m [2m❯[22m Object.getElementError node_modules/@testing-library/dom/dist/config.js:[2m37:19[22m[39m
[90m [2m❯[22m node_modules/@testing-library/dom/dist/query-helpers.js:[2m76:38[22m[39m
[90m [2m❯[22m node_modules/@testing-library/dom/dist/query-helpers.js:[2m52:17[22m[39m
[90m [2m❯[22m node_modules/@testing-library/dom/dist/query-helpers.js:[2m95:19[22m[39m
[36m [2m❯[22m src/components/NativeTerminalPane.test.tsx:[2m6812:22[22m[39m
    [90m6810| [39m      <NativeTerminalPane sessionId="term-session-korean-ctrll" sessio…
    [90m6811| [39m    );
    [90m6812| [39m    const textarea = getByTestId("native-terminal-focus-sink");
    [90m   | [39m                     [31m^[39m
    [90m6813| [39m    tauriCoreMocks.invoke.mockClear();
    [90m6814| [39m

[31m[2m⎯⎯⎯⎯⎯⎯⎯⎯⎯⎯⎯⎯⎯⎯⎯⎯⎯⎯⎯⎯[143/194]⎯[22m[39m

[41m[1m FAIL [22m[49m src/components/NativeTerminalPane.test.tsx[2m > [22mNativeTerminalPane daemon and session identity mapping[2m > [22mforwards Ctrl+C unchanged when session has agentType and no activity prop
[31m[1mTestingLibraryElementError[22m: Unable to find an element by: [data-testid="native-terminal-focus-sink"]

Ignored nodes: comments, script, style
[36m<body>[31m
  [36m<div />[31m
[36m</body>[31m[39m
[90m [2m❯[22m Object.getElementError node_modules/@testing-library/dom/dist/config.js:[2m37:19[22m[39m
[90m [2m❯[22m node_modules/@testing-library/dom/dist/query-helpers.js:[2m76:38[22m[39m
[90m [2m❯[22m node_modules/@testing-library/dom/dist/query-helpers.js:[2m52:17[22m[39m
[90m [2m❯[22m node_modules/@testing-library/dom/dist/query-helpers.js:[2m95:19[22m[39m
[36m [2m❯[22m src/components/NativeTerminalPane.test.tsx:[2m6860:22[22m[39m
    [90m6858| [39m      />,
    [90m6859| [39m    );
    [90m6860| [39m    const textarea = getByTestId("native-terminal-focus-sink");
    [90m   | [39m                     [31m^[39m
    [90m6861| [39m    tauriCoreMocks.invoke.mockClear();
    [90m6862| [39m

[31m[2m⎯⎯⎯⎯⎯⎯⎯⎯⎯⎯⎯⎯⎯⎯⎯⎯⎯⎯⎯⎯[144/194]⎯[22m[39m

[41m[1m FAIL [22m[49m src/components/NativeTerminalPane.test.tsx[2m > [22mNativeTerminalPane daemon and session identity mapping[2m > [22mkeeps interrupt key 'c' on plain Ctrl+C when session has agentType and activity indicates agent is working
[31m[1mTestingLibraryElementError[22m: Unable to find an element by: [data-testid="native-terminal-focus-sink"]

Ignored nodes: comments, script, style
[36m<body>[31m
  [36m<div />[31m
[36m</body>[31m[39m
[90m [2m❯[22m Object.getElementError node_modules/@testing-library/dom/dist/config.js:[2m37:19[22m[39m
[90m [2m❯[22m node_modules/@testing-library/dom/dist/query-helpers.js:[2m76:38[22m[39m
[90m [2m❯[22m node_modules/@testing-library/dom/dist/query-helpers.js:[2m52:17[22m[39m
[90m [2m❯[22m node_modules/@testing-library/dom/dist/query-helpers.js:[2m95:19[22m[39m
[36m [2m❯[22m src/components/NativeTerminalPane.test.tsx:[2m6914:22[22m[39m
    [90m6912| [39m      />,
    [90m6913| [39m    );
    [90m6914| [39m    const textarea = getByTestId("native-terminal-focus-sink");
    [90m   | [39m                     [31m^[39m
    [90m6915| [39m    tauriCoreMocks.invoke.mockClear();
    [90m6916| [39m

[31m[2m⎯⎯⎯⎯⎯⎯⎯⎯⎯⎯⎯⎯⎯⎯⎯⎯⎯⎯⎯⎯[145/194]⎯[22m[39m

[41m[1m FAIL [22m[49m src/components/NativeTerminalPane.test.tsx[2m > [22mNativeTerminalPane daemon and session identity mapping[2m > [22mdoes not send input or write clipboard on Cmd+C with empty selection when activity indicates agent is waiting
[31m[1mTestingLibraryElementError[22m: Unable to find an element by: [data-testid="native-terminal-focus-sink"]

Ignored nodes: comments, script, style
[36m<body>[31m
  [36m<div />[31m
[36m</body>[31m[39m
[90m [2m❯[22m Object.getElementError node_modules/@testing-library/dom/dist/config.js:[2m37:19[22m[39m
[90m [2m❯[22m node_modules/@testing-library/dom/dist/query-helpers.js:[2m76:38[22m[39m
[90m [2m❯[22m node_modules/@testing-library/dom/dist/query-helpers.js:[2m52:17[22m[39m
[90m [2m❯[22m node_modules/@testing-library/dom/dist/query-helpers.js:[2m95:19[22m[39m
[36m [2m❯[22m src/components/NativeTerminalPane.test.tsx:[2m6978:22[22m[39m
    [90m6976| [39m      />,
    [90m6977| [39m    );
    [90m6978| [39m    const textarea = getByTestId("native-terminal-focus-sink");
    [90m   | [39m                     [31m^[39m
    [90m6979| [39m    tauriCoreMocks.invoke.mockClear();
    [90m6980| [39m

[31m[2m⎯⎯⎯⎯⎯⎯⎯⎯⎯⎯⎯⎯⎯⎯⎯⎯⎯⎯⎯⎯[146/194]⎯[22m[39m

[41m[1m FAIL [22m[49m src/components/NativeTerminalPane.test.tsx[2m > [22mNativeTerminalPane daemon and session identity mapping[2m > [22mcopies selection to clipboard on Cmd+C with non-empty selection without sending input when agent is waiting
[31m[1mTestingLibraryElementError[22m: Unable to find an element by: [data-testid="native-terminal-focus-sink"]

Ignored nodes: comments, script, style
[36m<body>[31m
  [36m<div />[31m
[36m</body>[31m[39m
[90m [2m❯[22m Object.getElementError node_modules/@testing-library/dom/dist/config.js:[2m37:19[22m[39m
[90m [2m❯[22m node_modules/@testing-library/dom/dist/query-helpers.js:[2m76:38[22m[39m
[90m [2m❯[22m node_modules/@testing-library/dom/dist/query-helpers.js:[2m52:17[22m[39m
[90m [2m❯[22m node_modules/@testing-library/dom/dist/query-helpers.js:[2m95:19[22m[39m
[36m [2m❯[22m src/components/NativeTerminalPane.test.tsx:[2m7040:24[22m[39m
    [90m7038| [39m        />,
    [90m7039| [39m      );
    [90m7040| [39m      const textarea = getByTestId("native-terminal-focus-sink");
    [90m   | [39m                       [31m^[39m
    [90m7041| [39m      tauriCoreMocks.invoke.mockClear();
    [90m7042| [39m
[90m [2m❯[22m withMacHost src/components/NativeTerminalPane.test.tsx:[2m275:18[22m[39m
[90m [2m❯[22m src/components/NativeTerminalPane.test.tsx:[2m7005:5[22m[39m

[31m[2m⎯⎯⎯⎯⎯⎯⎯⎯⎯⎯⎯⎯⎯⎯⎯⎯⎯⎯⎯⎯[147/194]⎯[22m[39m

[41m[1m FAIL [22m[49m src/components/NativeTerminalPane.test.tsx[2m > [22mNativeTerminalPane daemon and session identity mapping[2m > [22mcopies selection to clipboard on Ctrl+Shift+C without sending input
[31m[1mTestingLibraryElementError[22m: Unable to find an element by: [data-testid="native-terminal-focus-sink"]

Ignored nodes: comments, script, style
[36m<body>[31m
  [36m<div />[31m
[36m</body>[31m[39m
[90m [2m❯[22m Object.getElementError node_modules/@testing-library/dom/dist/config.js:[2m37:19[22m[39m
[90m [2m❯[22m node_modules/@testing-library/dom/dist/query-helpers.js:[2m76:38[22m[39m
[90m [2m❯[22m node_modules/@testing-library/dom/dist/query-helpers.js:[2m52:17[22m[39m
[90m [2m❯[22m node_modules/@testing-library/dom/dist/query-helpers.js:[2m95:19[22m[39m
[36m [2m❯[22m src/components/NativeTerminalPane.test.tsx:[2m7111:24[22m[39m
    [90m7109| [39m        <NativeTerminalPane sessionId="term-session-ctrl-shift-c-copy"…
    [90m7110| [39m      );
    [90m7111| [39m      const textarea = getByTestId("native-terminal-focus-sink");
    [90m   | [39m                       [31m^[39m
    [90m7112| [39m      tauriCoreMocks.invoke.mockClear();
    [90m7113| [39m

[31m[2m⎯⎯⎯⎯⎯⎯⎯⎯⎯⎯⎯⎯⎯⎯⎯⎯⎯⎯⎯⎯[148/194]⎯[22m[39m

[41m[1m FAIL [22m[49m src/components/NativeTerminalPane.test.tsx[2m > [22mNativeTerminalPane daemon and session identity mapping[2m > [22msyncs attention frame state to backend when needsAttention changes or component unmounts
[31m[1mAssertionError[22m: expected "spy" to be called with arguments: [ 'term-session-attention', true ][90m

Number of calls: [1m0[22m
[31m

Ignored nodes: comments, script, style
[36m<html>[31m
  [36m<head />[31m
  [36m<body>[31m
    [36m<div />[31m
  [36m</body>[31m
[36m</html>[31m[39m
[36m [2m❯[22m src/components/NativeTerminalPane.test.tsx:[2m7167:72[22m[39m
    [90m7165| [39m
    [90m7166| [39m    await waitFor(() => {
    [90m7167| [39m      expect(nativeTerminalEventMocks.setNativeTerminalAttentionFrame)…
    [90m   | [39m                                                                       [31m^[39m
    [90m7168| [39m        "term-session-attention",
    [90m7169| [39m        true,
[90m [2m❯[22m runWithExpensiveErrorDiagnosticsDisabled node_modules/@testing-library/dom/dist/config.js:[2m47:12[22m[39m
[90m [2m❯[22m checkCallback node_modules/@testing-library/dom/dist/wait-for.js:[2m124:77[22m[39m
[90m [2m❯[22m Timeout.checkRealTimersCallback node_modules/@testing-library/dom/dist/wait-for.js:[2m118:16[22m[39m

[31m[2m⎯⎯⎯⎯⎯⎯⎯⎯⎯⎯⎯⎯⎯⎯⎯⎯⎯⎯⎯⎯[149/194]⎯[22m[39m

[41m[1m FAIL [22m[49m src/components/NativeTerminalPane.test.tsx[2m > [22mNativeTerminalPane daemon and session identity mapping[2m > [22mswallows the keydown that terminates an IME composition
[31m[1mTestingLibraryElementError[22m: Unable to find an element by: [data-testid="native-terminal-focus-sink"]

Ignored nodes: comments, script, style
[36m<body>[31m
  [36m<div />[31m
[36m</body>[31m[39m
[90m [2m❯[22m Object.getElementError node_modules/@testing-library/dom/dist/config.js:[2m37:19[22m[39m
[90m [2m❯[22m node_modules/@testing-library/dom/dist/query-helpers.js:[2m76:38[22m[39m
[90m [2m❯[22m node_modules/@testing-library/dom/dist/query-helpers.js:[2m52:17[22m[39m
[90m [2m❯[22m node_modules/@testing-library/dom/dist/query-helpers.js:[2m95:19[22m[39m
[36m [2m❯[22m src/components/NativeTerminalPane.test.tsx:[2m7212:18[22m[39m
    [90m7210| [39m      <NativeTerminalPane sessionId="term-session-ime-swallow" session…
    [90m7211| [39m    );
    [90m7212| [39m    const sink = getByTestId("native-terminal-focus-sink");
    [90m   | [39m                 [31m^[39m
    [90m7213| [39m    sink.focus();
    [90m7214| [39m    tauriCoreMocks.invoke.mockClear();

[31m[2m⎯⎯⎯⎯⎯⎯⎯⎯⎯⎯⎯⎯⎯⎯⎯⎯⎯⎯⎯⎯[150/194]⎯[22m[39m

[41m[1m FAIL [22m[49m src/components/NativeTerminalPane.test.tsx[2m > [22mNativeTerminalPane daemon and session identity mapping[2m > [22mstill sends standalone spaces after a committed composition
[31m[1mTestingLibraryElementError[22m: Unable to find an element by: [data-testid="native-terminal-focus-sink"]

Ignored nodes: comments, script, style
[36m<body>[31m
  [36m<div />[31m
[36m</body>[31m[39m
[90m [2m❯[22m Object.getElementError node_modules/@testing-library/dom/dist/config.js:[2m37:19[22m[39m
[90m [2m❯[22m node_modules/@testing-library/dom/dist/query-helpers.js:[2m76:38[22m[39m
[90m [2m❯[22m node_modules/@testing-library/dom/dist/query-helpers.js:[2m52:17[22m[39m
[90m [2m❯[22m node_modules/@testing-library/dom/dist/query-helpers.js:[2m95:19[22m[39m
[36m [2m❯[22m src/components/NativeTerminalPane.test.tsx:[2m7235:18[22m[39m
    [90m7233| [39m      <NativeTerminalPane sessionId="term-session-ime-standalone-space…
    [90m7234| [39m    );
    [90m7235| [39m    const sink = getByTestId("native-terminal-focus-sink");
    [90m   | [39m                 [31m^[39m
    [90m7236| [39m    sink.focus();
    [90m7237| [39m    tauriCoreMocks.invoke.mockClear();

[31m[2m⎯⎯⎯⎯⎯⎯⎯⎯⎯⎯⎯⎯⎯⎯⎯⎯⎯⎯⎯⎯[151/194]⎯[22m[39m

[41m[1m FAIL [22m[49m src/components/NativeTerminalPane.test.tsx[2m > [22mNativeTerminalPane daemon and session identity mapping[2m > [22mdisarms the tail suppression when a different key arrives
[31m[1mTestingLibraryElementError[22m: Unable to find an element by: [data-testid="native-terminal-focus-sink"]

Ignored nodes: comments, script, style
[36m<body>[31m
  [36m<div />[31m
[36m</body>[31m[39m
[90m [2m❯[22m Object.getElementError node_modules/@testing-library/dom/dist/config.js:[2m37:19[22m[39m
[90m [2m❯[22m node_modules/@testing-library/dom/dist/query-helpers.js:[2m76:38[22m[39m
[90m [2m❯[22m node_modules/@testing-library/dom/dist/query-helpers.js:[2m52:17[22m[39m
[90m [2m❯[22m node_modules/@testing-library/dom/dist/query-helpers.js:[2m95:19[22m[39m
[36m [2m❯[22m src/components/NativeTerminalPane.test.tsx:[2m7259:18[22m[39m
    [90m7257| [39m      <NativeTerminalPane sessionId="term-session-ime-disarm" session=…
    [90m7258| [39m    );
    [90m7259| [39m    const sink = getByTestId("native-terminal-focus-sink");
    [90m   | [39m                 [31m^[39m
    [90m7260| [39m    sink.focus();
    [90m7261| [39m    tauriCoreMocks.invoke.mockClear();

[31m[2m⎯⎯⎯⎯⎯⎯⎯⎯⎯⎯⎯⎯⎯⎯⎯⎯⎯⎯⎯⎯[152/194]⎯[22m[39m

[41m[1m FAIL [22m[49m src/components/NativeTerminalPane.test.tsx[2m > [22mNativeTerminalPane daemon and session identity mapping[2m > [22msends plain space without any composition
[31m[1mTestingLibraryElementError[22m: Unable to find an element by: [data-testid="native-terminal-focus-sink"]

Ignored nodes: comments, script, style
[36m<body>[31m
  [36m<div />[31m
[36m</body>[31m[39m
[90m [2m❯[22m Object.getElementError node_modules/@testing-library/dom/dist/config.js:[2m37:19[22m[39m
[90m [2m❯[22m node_modules/@testing-library/dom/dist/query-helpers.js:[2m76:38[22m[39m
[90m [2m❯[22m node_modules/@testing-library/dom/dist/query-helpers.js:[2m52:17[22m[39m
[90m [2m❯[22m node_modules/@testing-library/dom/dist/query-helpers.js:[2m95:19[22m[39m
[36m [2m❯[22m src/components/NativeTerminalPane.test.tsx:[2m7283:18[22m[39m
    [90m7281| [39m      <NativeTerminalPane sessionId="term-session-ime-plain-space" ses…
    [90m7282| [39m    );
    [90m7283| [39m    const sink = getByTestId("native-terminal-focus-sink");
    [90m   | [39m                 [31m^[39m
    [90m7284| [39m    sink.focus();
    [90m7285| [39m    tauriCoreMocks.invoke.mockClear();

[31m[2m⎯⎯⎯⎯⎯⎯⎯⎯⎯⎯⎯⎯⎯⎯⎯⎯⎯⎯⎯⎯[153/194]⎯[22m[39m

[41m[1m FAIL [22m[49m src/components/NativeTerminalPane.test.tsx[2m > [22mNativeTerminalPane daemon and session identity mapping[2m > [22mdoes not swallow the first jamo of a new composition after a jamo-tailed commit
[31m[1mTestingLibraryElementError[22m: Unable to find an element by: [data-testid="native-terminal-focus-sink"]

Ignored nodes: comments, script, style
[36m<body>[31m
  [36m<div />[31m
[36m</body>[31m[39m
[90m [2m❯[22m Object.getElementError node_modules/@testing-library/dom/dist/config.js:[2m37:19[22m[39m
[90m [2m❯[22m node_modules/@testing-library/dom/dist/query-helpers.js:[2m76:38[22m[39m
[90m [2m❯[22m node_modules/@testing-library/dom/dist/query-helpers.js:[2m52:17[22m[39m
[90m [2m❯[22m node_modules/@testing-library/dom/dist/query-helpers.js:[2m95:19[22m[39m
[36m [2m❯[22m src/components/NativeTerminalPane.test.tsx:[2m7305:18[22m[39m
    [90m7303| [39m      <NativeTerminalPane sessionId="term-session-ime-jamo-tail" sessi…
    [90m7304| [39m    );
    [90m7305| [39m    const sink = getByTestId("native-terminal-focus-sink");
    [90m   | [39m                 [31m^[39m
    [90m7306| [39m    sink.focus();
    [90m7307| [39m    tauriCoreMocks.invoke.mockClear();

[31m[2m⎯⎯⎯⎯⎯⎯⎯⎯⎯⎯⎯⎯⎯⎯⎯⎯⎯⎯⎯⎯[154/194]⎯[22m[39m

[41m[1m FAIL [22m[49m src/components/NativeTerminalPane.test.tsx[2m > [22mNativeTerminalPane daemon and session identity mapping[2m > [22mdoes not trigger performAttach when send_input fails with Busy and inputWritten:false
[31m[1mTestingLibraryElementError[22m: Unable to find an element by: [data-testid="native-terminal-focus-sink"]

Ignored nodes: comments, script, style
[36m<body>[31m
  [36m<div />[31m
[36m</body>[31m[39m
[90m [2m❯[22m Object.getElementError node_modules/@testing-library/dom/dist/config.js:[2m37:19[22m[39m
[90m [2m❯[22m node_modules/@testing-library/dom/dist/query-helpers.js:[2m76:38[22m[39m
[90m [2m❯[22m node_modules/@testing-library/dom/dist/query-helpers.js:[2m52:17[22m[39m
[90m [2m❯[22m node_modules/@testing-library/dom/dist/query-helpers.js:[2m95:19[22m[39m
[36m [2m❯[22m src/components/NativeTerminalPane.test.tsx:[2m7340:18[22m[39m
    [90m7338| [39m      <NativeTerminalPane sessionId="term-session-busy-no-attach" sess…
    [90m7339| [39m    );
    [90m7340| [39m    const sink = getByTestId("native-terminal-focus-sink");
    [90m   | [39m                 [31m^[39m
    [90m7341| [39m    sink.focus();
    [90m7342| [39m

[31m[2m⎯⎯⎯⎯⎯⎯⎯⎯⎯⎯⎯⎯⎯⎯⎯⎯⎯⎯⎯⎯[155/194]⎯[22m[39m

[41m[1m FAIL [22m[49m src/components/NativeTerminalPane.test.tsx[2m > [22mNativeTerminalPane daemon and session identity mapping[2m > [22mdelivers preedit update enqueued while input send is in flight strictly after input in NativeTerminalPane
[31m[1mTestingLibraryElementError[22m: Unable to find an element by: [data-testid="native-terminal-focus-sink"]

Ignored nodes: comments, script, style
[36m<body>[31m
  [36m<div />[31m
[36m</body>[31m[39m
[90m [2m❯[22m Object.getElementError node_modules/@testing-library/dom/dist/config.js:[2m37:19[22m[39m
[90m [2m❯[22m node_modules/@testing-library/dom/dist/query-helpers.js:[2m76:38[22m[39m
[90m [2m❯[22m node_modules/@testing-library/dom/dist/query-helpers.js:[2m52:17[22m[39m
[90m [2m❯[22m node_modules/@testing-library/dom/dist/query-helpers.js:[2m95:19[22m[39m
[36m [2m❯[22m src/components/NativeTerminalPane.test.tsx:[2m7392:18[22m[39m
    [90m7390| [39m      <NativeTerminalPane sessionId="term-session-order" session={sess…
    [90m7391| [39m    );
    [90m7392| [39m    const sink = getByTestId("native-terminal-focus-sink");
    [90m   | [39m                 [31m^[39m
    [90m7393| [39m
    [90m7394| [39m    act(() => {

[31m[2m⎯⎯⎯⎯⎯⎯⎯⎯⎯⎯⎯⎯⎯⎯⎯⎯⎯⎯⎯⎯[156/194]⎯[22m[39m

[41m[1m FAIL [22m[49m src/components/NativeTerminalPane.test.tsx[2m > [22mNativeTerminalPane daemon and session identity mapping[2m > [22mcoalesces consecutive preedit updates into one delivered call while input is in flight in NativeTerminalPane
[31m[1mTestingLibraryElementError[22m: Unable to find an element by: [data-testid="native-terminal-focus-sink"]

Ignored nodes: comments, script, style
[36m<body>[31m
  [36m<div />[31m
[36m</body>[31m[39m
[90m [2m❯[22m Object.getElementError node_modules/@testing-library/dom/dist/config.js:[2m37:19[22m[39m
[90m [2m❯[22m node_modules/@testing-library/dom/dist/query-helpers.js:[2m76:38[22m[39m
[90m [2m❯[22m node_modules/@testing-library/dom/dist/query-helpers.js:[2m52:17[22m[39m
[90m [2m❯[22m node_modules/@testing-library/dom/dist/query-helpers.js:[2m95:19[22m[39m
[36m [2m❯[22m src/components/NativeTerminalPane.test.tsx:[2m7445:18[22m[39m
    [90m7443| [39m      <NativeTerminalPane sessionId="term-session-coalesce" session={s…
    [90m7444| [39m    );
    [90m7445| [39m    const sink = getByTestId("native-terminal-focus-sink");
    [90m   | [39m                 [31m^[39m
    [90m7446| [39m
    [90m7447| [39m    act(() => {

[31m[2m⎯⎯⎯⎯⎯⎯⎯⎯⎯⎯⎯⎯⎯⎯⎯⎯⎯⎯⎯⎯[157/194]⎯[22m[39m

[41m[1m FAIL [22m[49m src/components/NativeTerminalPane.test.tsx[2m > [22mNativeTerminalPane daemon and session identity mapping[2m > [22mincrements each drop reason counter exactly once for its scenario in NativeTerminalPane
[31m[1mTestingLibraryElementError[22m: Unable to find an element by: [data-testid="native-terminal-focus-sink"]

Ignored nodes: comments, script, style
[36m<body>[31m
  [36m<div />[31m
[36m</body>[31m[39m
[90m [2m❯[22m Object.getElementError node_modules/@testing-library/dom/dist/config.js:[2m37:19[22m[39m
[90m [2m❯[22m node_modules/@testing-library/dom/dist/query-helpers.js:[2m76:38[22m[39m
[90m [2m❯[22m node_modules/@testing-library/dom/dist/query-helpers.js:[2m52:17[22m[39m
[90m [2m❯[22m node_modules/@testing-library/dom/dist/query-helpers.js:[2m95:19[22m[39m
[36m [2m❯[22m src/components/NativeTerminalPane.test.tsx:[2m7486:31[22m[39m
    [90m7484| [39m    );
    [90m7485| [39m    act(() => {
    [90m7486| [39m      fireEvent.keyDown(view1.getByTestId("native-terminal-focus-sink"…
    [90m   | [39m                              [31m^[39m
    [90m7487| [39m    });
    [90m7488| [39m    expect(getTerminalInputDropCount("dropped")).toBe(1);
[90m [2m❯[22m node_modules/@testing-library/react/dist/act-compat.js:[2m47:24[22m[39m
[90m [2m❯[22m act node_modules/react/cjs/react.development.js:[2m2512:16[22m[39m
[90m [2m❯[22m Proxy.<anonymous> node_modules/@testing-library/react/dist/act-compat.js:[2m46:25[22m[39m
[90m [2m❯[22m src/components/NativeTerminalPane.test.tsx:[2m7485:5[22m[39m

[31m[2m⎯⎯⎯⎯⎯⎯⎯⎯⎯⎯⎯⎯⎯⎯⎯⎯⎯⎯⎯⎯[158/194]⎯[22m[39m

[41m[1m FAIL [22m[49m src/components/NativeTerminalPane.test.tsx[2m > [22mterminal link UX (U1-U3)[2m > [22mopens file preview on Cmd+click for OSC 8 file hyperlink
[31m[1mTestingLibraryElementError[22m: Unable to find an element by: [data-testid="native-terminal-pane"]

Ignored nodes: comments, script, style
[36m<body>[31m
  [36m<div />[31m
[36m</body>[31m[39m
[90m [2m❯[22m Object.getElementError node_modules/@testing-library/dom/dist/config.js:[2m37:19[22m[39m
[90m [2m❯[22m node_modules/@testing-library/dom/dist/query-helpers.js:[2m76:38[22m[39m
[90m [2m❯[22m node_modules/@testing-library/dom/dist/query-helpers.js:[2m52:17[22m[39m
[90m [2m❯[22m node_modules/@testing-library/dom/dist/query-helpers.js:[2m95:19[22m[39m
[36m [2m❯[22m src/components/NativeTerminalPane.test.tsx:[2m7592:18[22m[39m
    [90m7590| [39m
    [90m7591| [39m    const { getByTestId, unmount } = render(<NativeTerminalPane sessio…
    [90m7592| [39m    const pane = getByTestId("native-terminal-pane");
    [90m   | [39m                 [31m^[39m
    [90m7593| [39m    const viewport = getByTestId("native-terminal-viewport");
    [90m7594| [39m    vi.spyOn(viewport, "getBoundingClientRect").mockReturnValue(new DO…

[31m[2m⎯⎯⎯⎯⎯⎯⎯⎯⎯⎯⎯⎯⎯⎯⎯⎯⎯⎯⎯⎯[159/194]⎯[22m[39m

[41m[1m FAIL [22m[49m src/components/NativeTerminalPane.test.tsx[2m > [22mterminal link UX (U1-U3)[2m > [22mignores OSC 8 hyperlinks with a foreign host and does not open file or resolve
[31m[1mTestingLibraryElementError[22m: Unable to find an element by: [data-testid="native-terminal-pane"]

Ignored nodes: comments, script, style
[36m<body>[31m
  [36m<div />[31m
  [36m<div />[31m
[36m</body>[31m[39m
[90m [2m❯[22m Object.getElementError node_modules/@testing-library/dom/dist/config.js:[2m37:19[22m[39m
[90m [2m❯[22m node_modules/@testing-library/dom/dist/query-helpers.js:[2m76:38[22m[39m
[90m [2m❯[22m node_modules/@testing-library/dom/dist/query-helpers.js:[2m52:17[22m[39m
[90m [2m❯[22m node_modules/@testing-library/dom/dist/query-helpers.js:[2m95:19[22m[39m
[36m [2m❯[22m src/components/NativeTerminalPane.test.tsx:[2m7649:18[22m[39m
    [90m7647| [39m
    [90m7648| [39m    const { getByTestId, unmount } = render(<NativeTerminalPane sessio…
    [90m7649| [39m    const pane = getByTestId("native-terminal-pane");
    [90m   | [39m                 [31m^[39m
    [90m7650| [39m    const viewport = getByTestId("native-terminal-viewport");
    [90m7651| [39m    vi.spyOn(viewport, "getBoundingClientRect").mockReturnValue(new DO…

[31m[2m⎯⎯⎯⎯⎯⎯⎯⎯⎯⎯⎯⎯⎯⎯⎯⎯⎯⎯⎯⎯[160/194]⎯[22m[39m

[41m[1m FAIL [22m[49m src/components/NativeTerminalPane.test.tsx[2m > [22mterminal link UX (U1-U3)[2m > [22mfetches remote file in ssh workspace on Cmd+click without showing failure toast
[31m[1mTestingLibraryElementError[22m: Unable to find an element by: [data-testid="native-terminal-pane"]

Ignored nodes: comments, script, style
[36m<body>[31m
  [36m<div />[31m
  [36m<div />[31m
  [36m<div />[31m
[36m</body>[31m[39m
[90m [2m❯[22m Object.getElementError node_modules/@testing-library/dom/dist/config.js:[2m37:19[22m[39m
[90m [2m❯[22m node_modules/@testing-library/dom/dist/query-helpers.js:[2m76:38[22m[39m
[90m [2m❯[22m node_modules/@testing-library/dom/dist/query-helpers.js:[2m52:17[22m[39m
[90m [2m❯[22m node_modules/@testing-library/dom/dist/query-helpers.js:[2m95:19[22m[39m
[36m [2m❯[22m src/components/NativeTerminalPane.test.tsx:[2m7715:18[22m[39m
    [90m7713| [39m
    [90m7714| [39m    const { getByTestId, unmount } = render(<NativeTerminalPane sessio…
    [90m7715| [39m    const pane = getByTestId("native-terminal-pane");
    [90m   | [39m                 [31m^[39m
    [90m7716| [39m    const viewport = getByTestId("native-terminal-viewport");
    [90m7717| [39m    vi.spyOn(viewport, "getBoundingClientRect").mockReturnValue(new DO…

[31m[2m⎯⎯⎯⎯⎯⎯⎯⎯⎯⎯⎯⎯⎯⎯⎯⎯⎯⎯⎯⎯[161/194]⎯[22m[39m

[41m[1m FAIL [22m[49m src/components/NativeTerminalPane.test.tsx[2m > [22mterminal link UX (U1-U3)[2m > [22mdispatches terminal link actions on plain click unless mouse tracking is enabled
[31m[1mTestingLibraryElementError[22m: Unable to find an element by: [data-testid="native-terminal-pane"]

Ignored nodes: comments, script, style
[36m<body>[31m
  [36m<div />[31m
  [36m<div />[31m
  [36m<div />[31m
  [36m<div />[31m
[36m</body>[31m[39m
[90m [2m❯[22m Object.getElementError node_modules/@testing-library/dom/dist/config.js:[2m37:19[22m[39m
[90m [2m❯[22m node_modules/@testing-library/dom/dist/query-helpers.js:[2m76:38[22m[39m
[90m [2m❯[22m node_modules/@testing-library/dom/dist/query-helpers.js:[2m52:17[22m[39m
[90m [2m❯[22m node_modules/@testing-library/dom/dist/query-helpers.js:[2m95:19[22m[39m
[36m [2m❯[22m src/components/NativeTerminalPane.test.tsx:[2m7783:18[22m[39m
    [90m7781| [39m
    [90m7782| [39m    const { getByTestId, unmount } = render(<NativeTerminalPane sessio…
    [90m7783| [39m    const pane = getByTestId("native-terminal-pane");
    [90m   | [39m                 [31m^[39m
    [90m7784| [39m    const viewport = getByTestId("native-terminal-viewport");
    [90m7785| [39m    vi.spyOn(viewport, "getBoundingClientRect").mockReturnValue(new DO…

[31m[2m⎯⎯⎯⎯⎯⎯⎯⎯⎯⎯⎯⎯⎯⎯⎯⎯⎯⎯⎯⎯[162/194]⎯[22m[39m

[41m[1m FAIL [22m[49m src/components/NativeTerminalPane.test.tsx[2m > [22mterminal link UX (U1-U3)[2m > [22mshows hover hint when resolve exists:true and hides underline when exists:false
[31m[1mTestingLibraryElementError[22m: Unable to find an element by: [data-testid="native-terminal-pane"]

Ignored nodes: comments, script, style
[36m<body>[31m
  [36m<div />[31m
  [36m<div />[31m
  [36m<div />[31m
  [36m<div />[31m
  [36m<div />[31m
[36m</body>[31m[39m
[90m [2m❯[22m Object.getElementError node_modules/@testing-library/dom/dist/config.js:[2m37:19[22m[39m
[90m [2m❯[22m node_modules/@testing-library/dom/dist/query-helpers.js:[2m76:38[22m[39m
[90m [2m❯[22m node_modules/@testing-library/dom/dist/query-helpers.js:[2m52:17[22m[39m
[90m [2m❯[22m node_modules/@testing-library/dom/dist/query-helpers.js:[2m95:19[22m[39m
[36m [2m❯[22m src/components/NativeTerminalPane.test.tsx:[2m7910:25[22m[39m
    [90m7908| [39m
    [90m7909| [39m    const view1 = render(<NativeTerminalPane session={session1} />);
    [90m7910| [39m    const pane1 = view1.getByTestId("native-terminal-pane");
    [90m   | [39m                        [31m^[39m
    [90m7911| [39m    vi.spyOn(view1.getByTestId("native-terminal-viewport"), "getBoundi…
    [90m7912| [39m      .mockReturnValue(new DOMRect(0, 0, 800, 480));

[31m[2m⎯⎯⎯⎯⎯⎯⎯⎯⎯⎯⎯⎯⎯⎯⎯⎯⎯⎯⎯⎯[163/194]⎯[22m[39m

[41m[1m FAIL [22m[49m src/components/NativeTerminalPane.test.tsx[2m > [22mterminal link UX (U1-U3)[2m > [22msession interaction event dispatch[2m > [22mdispatches ferryx:session-interacted on user input
[31m[1mTestingLibraryElementError[22m: Unable to find an element by: [data-testid="native-terminal-focus-sink"]

Ignored nodes: comments, script, style
[36m<body>[31m
  [36m<div />[31m
  [36m<div />[31m
  [36m<div />[31m
  [36m<div />[31m
  [36m<div />[31m
  [36m<div />[31m
[36m</body>[31m[39m
[90m [2m❯[22m Object.getElementError node_modules/@testing-library/dom/dist/config.js:[2m37:19[22m[39m
[90m [2m❯[22m node_modules/@testing-library/dom/dist/query-helpers.js:[2m76:38[22m[39m
[90m [2m❯[22m node_modules/@testing-library/dom/dist/query-helpers.js:[2m52:17[22m[39m
[90m [2m❯[22m node_modules/@testing-library/dom/dist/query-helpers.js:[2m95:19[22m[39m
[36m [2m❯[22m src/components/NativeTerminalPane.test.tsx:[2m7995:24[22m[39m
    [90m7993| [39m        <NativeTerminalPane sessionId="session-interact-input" session…
    [90m7994| [39m      );
    [90m7995| [39m      const textarea = getByTestId("native-terminal-focus-sink");
    [90m   | [39m                       [31m^[39m
    [90m7996| [39m      act(() => {
    [90m7997| [39m        fireEvent.input(textarea, { target: { value: "a" } });

[31m[2m⎯⎯⎯⎯⎯⎯⎯⎯⎯⎯⎯⎯⎯⎯⎯⎯⎯⎯⎯⎯[164/194]⎯[22m[39m

[41m[1m FAIL [22m[49m src/components/NativeTerminalPane.test.tsx[2m > [22mterminal link UX (U1-U3)[2m > [22msession interaction event dispatch[2m > [22mdispatches ferryx:session-interacted on paste
[31m[1mTestingLibraryElementError[22m: Unable to find an element by: [data-testid="native-terminal-focus-sink"]

Ignored nodes: comments, script, style
[36m<body>[31m
  [36m<div />[31m
[36m</body>[31m[39m
[90m [2m❯[22m Object.getElementError node_modules/@testing-library/dom/dist/config.js:[2m37:19[22m[39m
[90m [2m❯[22m node_modules/@testing-library/dom/dist/query-helpers.js:[2m76:38[22m[39m
[90m [2m❯[22m node_modules/@testing-library/dom/dist/query-helpers.js:[2m52:17[22m[39m
[90m [2m❯[22m node_modules/@testing-library/dom/dist/query-helpers.js:[2m95:19[22m[39m
[36m [2m❯[22m src/components/NativeTerminalPane.test.tsx:[2m8007:24[22m[39m
    [90m8005| [39m        <NativeTerminalPane sessionId="session-interact-paste" session…
    [90m8006| [39m      );
    [90m8007| [39m      const textarea = getByTestId("native-terminal-focus-sink");
    [90m   | [39m                       [31m^[39m
    [90m8008| [39m      act(() => {
    [90m8009| [39m        fireEvent.paste(textarea, { clipboardData: { getData: () => "t…

[31m[2m⎯⎯⎯⎯⎯⎯⎯⎯⎯⎯⎯⎯⎯⎯⎯⎯⎯⎯⎯⎯[165/194]⎯[22m[39m

[41m[1m FAIL [22m[49m src/components/NativeTerminalPane.test.tsx[2m > [22mterminal link UX (U1-U3)[2m > [22msession interaction event dispatch[2m > [22mdispatches ferryx:session-interacted on pointer down
[31m[1mTestingLibraryElementError[22m: Unable to find an element by: [data-testid="native-terminal-pane"]

Ignored nodes: comments, script, style
[36m<body>[31m
  [36m<div />[31m
[36m</body>[31m[39m
[90m [2m❯[22m Object.getElementError node_modules/@testing-library/dom/dist/config.js:[2m37:19[22m[39m
[90m [2m❯[22m node_modules/@testing-library/dom/dist/query-helpers.js:[2m76:38[22m[39m
[90m [2m❯[22m node_modules/@testing-library/dom/dist/query-helpers.js:[2m52:17[22m[39m
[90m [2m❯[22m node_modules/@testing-library/dom/dist/query-helpers.js:[2m95:19[22m[39m
[36m [2m❯[22m src/components/NativeTerminalPane.test.tsx:[2m8019:20[22m[39m
    [90m8017| [39m        <NativeTerminalPane sessionId="session-interact-pointer" sessi…
    [90m8018| [39m      );
    [90m8019| [39m      const pane = getByTestId("native-terminal-pane");
    [90m   | [39m                   [31m^[39m
    [90m8020| [39m      act(() => {
    [90m8021| [39m        fireEvent.pointerDown(pane);

[31m[2m⎯⎯⎯⎯⎯⎯⎯⎯⎯⎯⎯⎯⎯⎯⎯⎯⎯⎯⎯⎯[166/194]⎯[22m[39m

[41m[1m FAIL [22m[49m src/components/NativeTerminalPane.test.tsx[2m > [22mterminal link UX (U1-U3)[2m > [22msession interaction event dispatch[2m > [22mdispatches ferryx:session-interacted on native terminal focus
[31m[1mAssertionError[22m: expected [] to include 'frontend-focus-session'[39m
[36m [2m❯[22m src/components/NativeTerminalPane.test.tsx:[2m8032:26[22m[39m
    [90m8030| [39m        nativeTerminalEventMocks.focusListeners.forEach((fn) => fn("ba…
    [90m8031| [39m      });
    [90m8032| [39m      expect(interacted).toContain("frontend-focus-session");
    [90m   | [39m                         [31m^[39m
    [90m8033| [39m    });
    [90m8034| [39m  });

[31m[2m⎯⎯⎯⎯⎯⎯⎯⎯⎯⎯⎯⎯⎯⎯⎯⎯⎯⎯⎯⎯[167/194]⎯[22m[39m

[41m[1m FAIL [22m[49m src/components/SettingsDialog.test.tsx[2m > [22mSettingsDialog[2m > [22mfetches Ghostty preferences and shows the effective terminal value/source
[31m[1mTestingLibraryElementError[22m[39m: Unable to find a label with the text of: macOS Option as Alt

Ignored nodes: comments, script, style
[36m<body>[39m
  [36m<div>[39m
    [36m<div[39m
      [33maria-label[39m=[32m"Settings"[39m
      [33maria-modal[39m=[32m"false"[39m
      [33mclass[39m=[32m"fixed inset-0 z-50 flex overflow-hidden bg-background text-foreground"[39m
      [33mrole[39m=[32m"dialog"[39m
    [36m>[39m
      [36m<aside[39m
        [33mclass[39m=[32m"flex w-[280px] shrink-0 flex-col border-r border-border bg-background"[39m
        [33mdata-testid[39m=[32m"settings-nav"[39m
      [36m>[39m
        [36m<div[39m
          [33mclass[39m=[32m"h-titlebar shrink-0"[39m
          [33mdata-tauri-drag-region[39m=[32m"true"[39m
        [36m/>[39m
        [36m<div[39m
          [33mclass[39m=[32m"px-3 pb-3 pt-2"[39m
        [36m>[39m
          [36m<button[39m
            [33mclass[39m=[32m"no-drag mb-5 flex h-8 w-full items-center gap-2 rounded-md px-2 text-left text-[13px] text-muted-foreground transition-colors hover:bg-accent hover:text-foreground"[39m
            [33mtype[39m=[32m"button"[39m
          [36m>[39m
            [36m<svg[39m
              [33mclass[39m=[32m"lucide lucide-arrow-left size-3.5"[39m
              [33mfill[39m=[32m"none"[39m
              [33mheight[39m=[32m"24"[39m
              [33mstroke[39m=[32m"currentColor"[39m
              [33mstroke-linecap[39m=[32m"round"[39m
              [33mstroke-linejoin[39m=[32m"round"[39m
              [33mstroke-width[39m=[32m"2"[39m
              [33mviewBox[39m=[32m"0 0 24 24"[39m
              [33mwidth[39m=[32m"24"[39m
              [33mxmlns[39m=[32m"http://www.w3.org/2000/svg"[39m
            [36m>[39m
              [36m<path[39m
                [33md[39m=[32m"m12 19-7-7 7-7"[39m
              [36m/>[39m
              [36m<path[39m
                [33md[39m=[32m"M19 12H5"[39m
              [36m/>[39m
            [36m</svg>[39m
            [0mBack to app[0m
          [36m</button>[39m
          [36m<div[39m
            [33mclass[39m=[32m"mb-2 px-2 text-[10px] font-semibold uppercase tracking-[0.08em] text-muted-foreground/55"[39m
          [36m>[39m
            [0mSettings[0m
          [36m</div>[39m
          [36m<nav[39m
            [33maria-label[39m=[32m"Settings sections"[39m
            [33mclass[39m=[32m"space-y-0.5"[39m
          [36m>[39m
            [36m<button[39m
              [33mclass[39m=[32m"no-drag flex h-8 w-full items-center gap-2 rounded-md px-2 text-left text-[13px] transition-colors text-muted-foreground hover:bg-accent/60 hover:text-foreground"[39m
              [33mtype[39m=[32m"button"[39m
            [36m>[39m
              [36m<span[39m
                [33mclass[39m=[32m"[&>svg]:size-3.5"[39m
              [36m>[39m
                [36m<svg[39m
                  [33mclass[39m=[32m"lucide lucide-settings2"[39m
                  [33mfill[39m=[32m"none"[39m
                  [33mheight[39m=[32m"24"[39m
                  [33mstroke[39m=[32m"currentColor"[39m
                  [33mstroke-linecap[39m=[32m"round"[39m
                  [33mstroke-linejoin[39m=[32m"round"[39m
                  [33mstroke-width[39m=[32m"2"[39m
                  [33mviewBox[39m=[32m"0 0 24 24"[39m
                  [33mwidth[39m=[32m"24"[39m
                  [33mxmlns[39m=[32m"http://www.w3.org/2000/svg"[39m
                [36m>[39m
                  [36m<path[39m
                    [33md[39m=[32m"M20 7h-9"[39m
                  [36m/>[39m
                  [36m<path[39m
                    [33md[39m=[32m"M14 17H5"[39m
                  [36m/>[39m
                  [36m<circle[39m
                    [33mcx[39m=[32m"17"[39m
                    [33mcy[39m=[32m"17"[39m
                    [33mr[39m=[32m"3"[39m
                  [36m/>[39m
                  [36m<circle[39m
                    [33mcx[39m=[32m"7"[39m
                    [33mcy[39m=[32m"7"[39m
                    [33mr[39m=[32m"3"[39m
                  [36m/>[39m
                [36m</svg>[39m
              [36m</span>[39m
              [0mGeneral[0m
            [36m</button>[39m
            [36m<button[39m
              [33mclass[39m=[32m"no-drag flex h-8 w-full items-center gap-2 rounded-md px-2 text-left text-[13px] transition-colors text-muted-foreground hover:bg-accent/60 hover:text-foreground"[39m
              [33mtype[39m=[32m"button"[39m
            [36m>[39m
              [36m<span[39m
                [33mclass[39m=[32m"[&>svg]:size-3.5"[39m
              [36m>[39m
                [36m<svg[39m
                  [33mclass[39m=[32m"lucide lucide-palette"[39m
                  [33mfill[39m=[32m"none"[39m
                  [33mheight[39m=[32m"24"[39m
                  [33mstroke[39m=[32m"currentColor"[39m
                  [33mstroke-linecap[39m=[32m"round"[39m
                  [33mstroke-linejoin[39m=[32m"round"[39m
                  [33mstroke-width[39m=[32m"2"[39m
                  [33mviewBox[39m=[32m"0 0 24 24"[39m
                  [33mwidth[39m=[32m"24"[39m
                  [33mxmlns[39m=[32m"http://www.w3.org/2000/svg"[39m
                [36m>[39m
                  [36m<circle[39m
                    [33mcx[39m=[32m"13.5"[39m
                    [33mcy[39m=[32m"6.5"[39m
                    [33mfill[39m=[32m"currentColor"[39m
                    [33mr[39m=[32m".5"[39m
                  [36m/>[39m
                  [36m<circle[39m
                    [33mcx[39m=[32m"17.5"[39m
                    [33mcy[39m=[32m"10.5"[39m
                    [33mfill[39m=[32m"currentColor"[39m
                    [33mr[39m=[32m".5"[39m
                  [36m/>[39m
                  [36m<circle[39m
                    [33mcx[39m=[32m"8.5"[39m
                    [33mcy[39m=[32m"7.5"[39m
                    [33mfill[39m=[32m"currentColor"[39m
                    [33mr[39m=[32m".5"[39m
                  [36m/>[39m
                  [36m<circle[39m
                    [33mcx[39m=[32m"6.5"[39m
                    [33mcy[39m=[32m"12.5"[39m
                    [33mfill[39m=[32m"currentColor"[39m
                    [33mr[39m=[32m".5"[39m
                  [36m/>[39m
                  [36m<path[39m
                    [33md[39m=[32m"M12 2C6.5 2 2 6.5 2 12s4.5 10 10 10c.926 0 1.648-.746 1.648-1.688 0-.437-.18-.835-.437-1.125-.29-.289-.438-.652-.438-1.125a1.64 1.64 0 0 1 1.668-1.668h1.996c3.051 0 5.555-2.503 5.555-5.554C21.965 6.012 17.461 2 12 2z"[39m
                  [36m/>[39m
                [36m</svg>[39m
              [36m</span>[39m
              [0mAppearance[0m
            [36m</button>[39m
            [36m<button[39m
              [33maria-current[39m=[32m"page"[39m
              [33mclass[39m=[32m"no-drag flex h-8 w-full items-center...
[90m [2m❯[22m Object.getElementError node_modules/@testing-library/dom/dist/config.js:[2m37:19[22m[39m
[90m [2m❯[22m getAllByLabelText node_modules/@testing-library/dom/dist/queries/label-text.js:[2m111:38[22m[39m
[90m [2m❯[22m node_modules/@testing-library/dom/dist/query-helpers.js:[2m52:17[22m[39m
[90m [2m❯[22m node_modules/@testing-library/dom/dist/query-helpers.js:[2m95:19[22m[39m
[36m [2m❯[22m src/components/SettingsDialog.test.tsx:[2m305:19[22m[39m
    [90m303| [39m    expect(screen.getByText(/Ghostty · Imported/i)).toBeInTheDocument(…
    [90m304| [39m    expect(screen.getByText("/Users/test/.config/ghostty/config")).toB…
    [90m305| [39m    [34mexpect[39m(screen[33m.[39m[34mgetByLabelText[39m([32m"macOS Option as Alt"[39m))[33m.[39m[34mtoBeChecked[39m()[33m;[39m
    [90m   | [39m                  [31m^[39m
    [90m306| [39m  })[33m;[39m
    [90m307| [39m

[31m[2m⎯⎯⎯⎯⎯⎯⎯⎯⎯⎯⎯⎯⎯⎯⎯⎯⎯⎯⎯⎯[168/194]⎯[22m[39m

[41m[1m FAIL [22m[49m src/components/TerminalSearchOverlay.test.tsx[2m > [22mTerminalSearchOverlay native session search[2m > [22mresets stale counts and re-searches the new session on sessionId change
[31m[1mAssertionError[22m: expected [ …(3) ] to have a length of 2 but got 3[39m

[32m- Expected[39m
[31m+ Received[39m

[32m- 2[39m
[31m+ 3[39m

[36m [2m❯[22m src/components/TerminalSearchOverlay.test.tsx:[2m332:19[22m[39m
    [90m330| [39m    [34mexpect[39m(screen[33m.[39m[34mqueryByText[39m([32m"1/2"[39m))[33m.[39mnot[33m.[39m[34mtoBeInTheDocument[39m()[33m;[39m
    [90m331| [39m    // A fresh search must be issued for session-b using the retained …
    [90m332| [39m    [34mexpect[39m(calls)[33m.[39m[34mtoHaveLength[39m([34m2[39m)[33m;[39m
    [90m   | [39m                  [31m^[39m
    [90m333| [39m    [34mexpect[39m(calls[[34m1[39m][33m.[39margs[33m?.[39msessionId)[33m.[39m[34mtoBe[39m([32m"session-b"[39m)[33m;[39m
    [90m334| [39m    [34mexpect[39m(calls[[34m1[39m][33m.[39margs[33m?.[39mquery)[33m.[39m[34mtoBe[39m([32m"err"[39m)[33m;[39m

[31m[2m⎯⎯⎯⎯⎯⎯⎯⎯⎯⎯⎯⎯⎯⎯⎯⎯⎯⎯⎯⎯[169/194]⎯[22m[39m

[41m[1m FAIL [22m[49m src/components/TerminalSplitView.paneHandleReach.test.tsx[2m > [22mpane handle reachability over a native terminal[2m > [22moverlays the handle only inside the narrow hotspot without shrinking the terminal
[31m[1mError[22m: [2mexpect([22m[31melement[31m[2m).toHaveClass([22m[32m[32m"h-3"[32m[31m[2m)[22m

Expected the element to have class:
[32m  h-3[31m
Received:
[31m  absolute inset-x-0 top-0 z-30 flex h-5 items-center justify-between overflow-visible border-b border-border/30 bg-background/85 px-2 text-[11px] text-muted-foreground transition-opacity duration-150 select-none cursor-grab touch-none active:cursor-grabbing pointer-events-none opacity-0[31m[39m
[36m [2m❯[22m src/components/TerminalSplitView.paneHandleReach.test.tsx:[2m83:20[22m[39m
    [90m 81| [39m    [35mconst[39m leaf [33m=[39m screen[33m.[39m[34mgetByTestId[39m([32m"pane-leaf"[39m)[33m;[39m
    [90m 82| [39m
    [90m 83| [39m    [34mexpect[39m(handle)[33m.[39m[34mtoHaveClass[39m([32m"h-3"[39m)[33m;[39m
    [90m   | [39m                   [31m^[39m
    [90m 84| [39m    [34mexpect[39m(handle)[33m.[39m[34mtoHaveClass[39m([32m"opacity-0"[39m[33m,[39m [32m"pointer-events-none"[39m)[33m;[39m
    [90m 85| [39m    [34mexpect[39m(terminal[33m.[39mstyle[33m.[39mmarginTop)[33m.[39m[34mtoBe[39m([32m""[39m)[33m;[39m

[31m[2m⎯⎯⎯⎯⎯⎯⎯⎯⎯⎯⎯⎯⎯⎯⎯⎯⎯⎯⎯⎯[170/194]⎯[22m[39m

[41m[1m FAIL [22m[49m src/lib/pairedDaemonRollout.test.ts[2m > [22mfailed renegotiation revokes prior admission: {"capabilities":["directoryBrowseV1","futureV9"]}
[31m[1mAssertionError[22m: promise resolved "{ apiVersion: 1, …(7) }" instead of rejecting[39m

[32m- Expected[39m
[31m+ Received[39m

[32m- Error {[39m
[32m-   "message": "rejected promise",[39m
[31m+ {[39m
[31m+   "accessScope": "machine",[39m
[31m+   "apiVersion": 1,[39m
[31m+   "capabilities": [[39m
[31m+     "directoryBrowseV1",[39m
[31m+     "futureV9",[39m
[31m+   ],[39m
[31m+   "daemonEpoch": "9",[39m
[31m+   "limits": {[39m
[31m+     "directoryEntries": 100,[39m
[31m+     "terminalSessions": 10,[39m
[31m+   },[39m
[31m+   "machineId": "machine-a",[39m
[31m+   "permission": "control",[39m
[31m+   "platform": "linux",[39m
[2m  }[22m

[36m [2m❯[22m src/lib/pairedDaemonRollout.test.ts:[2m35:40[22m[39m
    [90m 33| [39m  await expect(f.adapter.directories()).resolves.toMatchObject({ path:…
    [90m 34| [39m  f[33m.[39m[34mpeer[39m(peer)[33m;[39m
    [90m 35| [39m  await expect(f.adapter.capabilities()).rejects.toMatchObject({ code …
    [90m   | [39m                                       [31m^[39m
    [90m 36| [39m  [35mconst[39m count [33m=[39m f[33m.[39minvoke[33m.[39mmock[33m.[39mcalls[33m.[39mlength[33m;[39m
    [90m 37| [39m  await expect(f.adapter.directories()).rejects.toMatchObject({ code: …

[31m[2m⎯⎯⎯⎯⎯⎯⎯⎯⎯⎯⎯⎯⎯⎯⎯⎯⎯⎯⎯⎯[171/194]⎯[22m[39m

[41m[1m FAIL [22m[49m src/lib/updater.test.ts[2m > [22mupdater status machine[2m > [22mreports monotonic download progress and relaunches after installation
[31m[1mAssertionError[22m: expected "spy" to be called 1 times, but got 0 times[39m
[36m [2m❯[22m src/lib/updater.test.ts:[2m141:22[22m[39m
    [90m139| [39m    [34mexpect[39m(progress[33m.[39m[34mat[39m([33m-[39m[34m1[39m))[33m.[39m[34mtoBe[39m([34m1[39m)[33m;[39m
    [90m140| [39m    [34mexpect[39m(updater[33m.[39m[34mgetUpdateStatus[39m()[33m.[39mstate)[33m.[39m[34mtoBe[39m([32m"downloaded"[39m)[33m;[39m
    [90m141| [39m    [34mexpect[39m(relaunch)[33m.[39m[34mtoHaveBeenCalledTimes[39m([34m1[39m)[33m;[39m
    [90m   | [39m                     [31m^[39m
    [90m142| [39m  })[33m;[39m
    [90m143| [39m

[31m[2m⎯⎯⎯⎯⎯⎯⎯⎯⎯⎯⎯⎯⎯⎯⎯⎯⎯⎯⎯⎯[172/194]⎯[22m[39m

[41m[1m FAIL [22m[49m src/lib/terminalTransport/terminalTransport.test.ts[2m > [22mTerminalTransport abstractions[2m > [22mTauriTerminalTransport listSessions queries tauri listTerminalSessions
[31m[1mAssertionError[22m: expected [ …(2) ] to deeply equal [ …(2) ][39m

[32m- Expected[39m
[31m+ Received[39m

[2m  [[22m
[2m    {[22m
[2m      "daemonEpoch": null,[22m
[31m+     "incarnation": null,[39m
[2m      "running": true,[22m
[2m      "sessionId": "sess-100",[22m
[2m      "worktreePath": "/repo/path",[22m
[2m    },[22m
[2m    {[22m
[2m      "daemonEpoch": "epoch-exited",[22m
[31m+     "incarnation": null,[39m
[2m      "running": false,[22m
[2m      "sessionId": "sess-exited",[22m
[2m      "worktreePath": "/repo/exited",[22m
[2m    },[22m
[2m  ][22m

[36m [2m❯[22m src/lib/terminalTransport/terminalTransport.test.ts:[2m88:22[22m[39m
    [90m 86| [39m
    [90m 87| [39m    [34mexpect[39m(listSpy)[33m.[39m[34mtoHaveBeenCalled[39m()[33m;[39m
    [90m 88| [39m    [34mexpect[39m(sessions)[33m.[39m[34mtoEqual[39m([
    [90m   | [39m                     [31m^[39m
    [90m 89| [39m      { sessionId: "sess-100", worktreePath: "/repo/path", daemonEpoch…
    [90m 90| [39m      { sessionId: "sess-exited", worktreePath: "/repo/exited", daemon…

[31m[2m⎯⎯⎯⎯⎯⎯⎯⎯⎯⎯⎯⎯⎯⎯⎯⎯⎯⎯⎯⎯[173/194]⎯[22m[39m

[31m⎯⎯⎯⎯⎯⎯[39m[1m[41m Unhandled Errors [49m[22m[31m⎯⎯⎯⎯⎯⎯[39m
[31m[1m
Vitest caught 2 unhandled errors during the test run.
This might cause false positive tests. Resolve unhandled errors to make sure your tests are not affected.[22m[39m

[31m⎯⎯⎯⎯⎯[39m[1m[41m Uncaught Exception [49m[22m[31m⎯⎯⎯⎯⎯[39m
[31m[1mError[22m: [vitest] No "enrollThisMachine" export is defined on the "./lib/tauri" mock. Did you forget to return it from "vi.mock"?
If you need to partially mock a module, you can use "importOriginal" helper inside:
[39m
vi[33m.[39m[34mmock[39m([35mimport[39m([32m"./lib/tauri"[39m)[33m,[39m [35masync[39m (importOriginal) [33m=>[39m {
  [35mconst[39m actual [33m=[39m [35mawait[39m [34mimportOriginal[39m()
  [35mreturn[39m {
    [33m...[39mactual[33m,[39m
    [90m// your mocked methods[39m
  }
})

[90m [2m❯[22m VitestMocker.createError node_modules/vitest/dist/chunks/execute.B7h3T_Hc.js:[2m284:17[22m[39m
[90m [2m❯[22m Object.get node_modules/vitest/dist/chunks/execute.B7h3T_Hc.js:[2m330:16[22m[39m
[36m [2m❯[22m src/components/onboarding/AccountStep.tsx:[2m28:11[22m[39m
    [90m 26| [39m  loadStatus[33m:[39m getAccountEnrollmentStatus[33m,[39m
    [90m 27| [39m  issueCode[33m:[39m issueEnrollmentCode[33m,[39m
    [90m 28| [39m  enroll[33m:[39m enrollThisMachine[33m,[39m
    [90m   | [39m          [31m^[39m
    [90m 29| [39m  readToken[33m:[39m getStoredAccountSessionToken[33m,[39m
    [90m 30| [39m}[33m;[39m
[90m [2m❯[22m processTicksAndRejections node:internal/process/task_queues:[2m104:5[22m[39m
[90m [2m❯[22m VitestExecutor.runModule node_modules/vite-node/dist/client.mjs:[2m397:4[22m[39m
[90m [2m❯[22m VitestExecutor.directRequest node_modules/vite-node/dist/client.mjs:[2m375:3[22m[39m
[90m [2m❯[22m VitestExecutor.cachedRequest node_modules/vite-node/dist/client.mjs:[2m189:11[22m[39m
[90m [2m❯[22m VitestExecutor.dependencyRequest node_modules/vite-node/dist/client.mjs:[2m239:10[22m[39m
[90m [2m❯[22m src/components/onboarding/WelcomeWizard.tsx:[2m10:1[22m[39m
[90m [2m❯[22m VitestExecutor.runModule node_modules/vite-node/dist/client.mjs:[2m397:4[22m[39m

[31mThis error originated in "[1msrc/App.test.tsx[22m" test file. It doesn't mean the error was thrown inside the file itself, but while it was running.[39m
[31mThe latest test that might've caused the error is "[1mauto-opens WelcomeWizard for a macOS status with missing permissions and zero projects[22m". It might mean one of the following:
- The error was thrown, while Vitest was running this test.
- If the error occurred after the test had been completed, this was the last documented test before it was thrown.[39m

[31m⎯⎯⎯⎯⎯[39m[1m[41m Uncaught Exception [49m[22m[31m⎯⎯⎯⎯⎯[39m
[31m[1mError[22m: listen EACCES: permission denied /tmp/ferryx-ext-test.sock[39m
[90m [2m❯[22m Server.setupListenHandle [as _listen2] node:net:[2m2145:21[22m[39m
[90m [2m❯[22m listenInCluster node:net:[2m2224:12[22m[39m
[90m [2m❯[22m Server.listen node:net:[2m2361:5[22m[39m
[36m [2m❯[22m src/lib/agentStateExtension.test.ts:[2m93:49[22m[39m
    [90m 91| [39m      socket[33m.[39m[34mend[39m()[33m;[39m
    [90m 92| [39m    })[33m;[39m
    [90m 93| [39m    await new Promise<void>((resolve) => server.listen(SOCKET_PATH, re…
    [90m   | [39m                                                [31m^[39m
    [90m 94| [39m  })[33m;[39m
    [90m 95| [39m
[90m [2m❯[22m src/lib/agentStateExtension.test.ts:[2m93:11[22m[39m
[90m [2m❯[22m node_modules/@vitest/runner/dist/chunk-hooks.js:[2m1897:20[22m[39m
[90m [2m❯[22m runWithTimeout node_modules/@vitest/runner/dist/chunk-hooks.js:[2m1863:10[22m[39m
[90m [2m❯[22m runHook node_modules/@vitest/runner/dist/chunk-hooks.js:[2m1436:51[22m[39m

[31m[2m⎯⎯⎯⎯⎯⎯⎯⎯⎯⎯⎯⎯⎯⎯⎯⎯⎯⎯⎯⎯⎯⎯⎯⎯⎯⎯⎯⎯⎯⎯[22m[39m
[31m[1mSerialized Error:[22m[39m [90m{ code: 'EACCES', errno: -4092, syscall: 'listen', address: '/tmp/ferryx-ext-test.sock', port: -1 }[39m
[31mThis error originated in "[1msrc/lib/agentStateExtension.test.ts[22m" test file. It doesn't mean the error was thrown inside the file itself, but while it was running.[39m
[31m⎯⎯⎯⎯⎯⎯⎯⎯⎯⎯⎯⎯⎯⎯⎯⎯⎯⎯⎯⎯⎯⎯⎯⎯⎯⎯⎯⎯⎯⎯[39m


[2m Test Files [22m [1m[31m9 failed[39m[22m[2m | [22m[1m[32m363 passed[39m[22m[90m (372)[39m
[2m      Tests [22m [1m[31m193 failed[39m[22m[2m | [22m[1m[32m6323 passed[39m[22m[2m | [22m[33m5 skipped[39m[90m (6521)[39m
[2m     Errors [22m [1m[31m2 errors[39m[22m
[2m   Start at [22m 15:33:18
[2m   Duration [22m 637.33s[2m (transform 5.36s, setup 68.30s, collect 165.53s, tests 182.73s, environment 151.10s, prepare 24.74s)[22m

error: script "test" exited with code 1
NATIVE_EXIT=1
