$ vitest run --maxWorkers=1 src/components/RemoteDirectoryPicker.repro-red.test.tsx

 RUN  v3.2.7 /Users/indo/code/project/orca-lite/ui

 ❯ src/components/RemoteDirectoryPicker.repro-red.test.tsx (12 tests | 11 failed) 285ms
   × remote path autocomplete > loads children when a separator is typed without submitting navigation 83ms
     → Unable to find an accessible element with the role "option" and name "app"

Here are the accessible roles:

  group:

  Name "Remote folders":
  [36m<fieldset[39m
    [33maria-label[39m=[32m"Remote folders"[39m
    [33mclass[39m=[32m"min-w-0 space-y-3"[39m
  [36m/>[39m

  --------------------------------------------------
  textbox:

  Name "Remote repository path":
  [36m<input[39m
    [33maria-label[39m=[32m"Remote repository path"[39m
    [33mautocomplete[39m=[32m"off"[39m
    [33mclass[39m=[32m"flex w-full rounded-md border border-input bg-transparent px-3 py-1 shadow-sm transition-colors file:border-0 file:bg-transparent file:text-sm file:font-medium file:text-foreground placeholder:text-muted-foreground focus-visible:outline-none focus-visible:ring-1 focus-visible:ring-ring disabled:cursor-not-allowed disabled:opacity-50 md:text-sm h-8 min-w-0 font-mono text-xs"[39m
    [33mdata-testid[39m=[32m"remote-repo-path-input"[39m
    [33mid[39m=[32m"remote-repo-path"[39m
    [33mplaceholder[39m=[32m"~"[39m
    [33mspellcheck[39m=[32m"false"[39m
    [33mvalue[39m=[32m"/home/dev/code/"[39m
  [36m/>[39m

  Name "Filter folders":
  [36m<input[39m
    [33maria-label[39m=[32m"Filter folders"[39m
    [33mclass[39m=[32m"flex w-full rounded-md border border-input bg-transparent px-3 py-1 shadow-sm transition-colors file:border-0 file:bg-transparent file:text-sm file:font-medium file:text-foreground placeholder:text-muted-foreground focus-visible:outline-none focus-visible:ring-1 focus-visible:ring-ring disabled:cursor-not-allowed disabled:opacity-50 md:text-sm h-8 text-xs"[39m
    [33mplaceholder[39m=[32m"Filter folders"[39m
    [33mvalue[39m=[32m""[39m
  [36m/>[39m

  --------------------------------------------------
  button:

  Name "Go":
  [36m<button[39m
    [33mclass[39m=[32m"inline-flex items-center justify-center gap-2 whitespace-nowrap font-medium transition-colors focus-visible:outline-none focus-visible:ring-1 focus-visible:ring-ring disabled:pointer-events-none disabled:opacity-50 [&_svg]:pointer-events-none [&_svg]:size-4 [&_svg]:shrink-0 border border-input bg-background shadow-sm hover:bg-accent hover:text-accent-foreground h-8 rounded-md px-3 text-xs"[39m
    [33mtype[39m=[32m"button"[39m
  [36m/>[39m

  Name "Remote home":
  [36m<button[39m
    [33maria-label[39m=[32m"Remote home"[39m
    [33mclass[39m=[32m"inline-flex items-center justify-center gap-2 whitespace-nowrap font-medium transition-colors focus-visible:outline-none focus-visible:ring-1 focus-visible:ring-ring disabled:pointer-events-none disabled:opacity-50 [&_svg]:pointer-events-none [&_svg]:size-4 [&_svg]:shrink-0 hover:bg-accent hover:text-accent-foreground h-8 rounded-md px-3 text-xs"[39m
    [33mtitle[39m=[32m"Remote home"[39m
    [33mtype[39m=[32m"button"[39m
  [36m/>[39m

  Name "Parent folder":
  [36m<button[39m
    [33maria-label[39m=[32m"Parent folder"[39m
    [33mclass[39m=[32m"inline-flex items-center justify-center gap-2 whitespace-nowrap font-medium transition-colors focus-visible:outline-none focus-visible:ring-1 focus-visible:ring-ring disabled:pointer-events-none disabled:opacity-50 [&_svg]:pointer-events-none [&_svg]:size-4 [&_svg]:shrink-0 hover:bg-accent hover:text-accent-foreground h-8 rounded-md px-3 text-xs"[39m
    [33mtitle[39m=[32m"Parent folder"[39m
    [33mtype[39m=[32m"button"[39m
  [36m/>[39m

  Name "Refresh folders":
  [36m<button[39m
    [33maria-label[39m=[32m"Refresh folders"[39m
    [33mclass[39m=[32m"inline-flex items-center justify-center gap-2 whitespace-nowrap font-medium transition-colors focus-visible:outline-none focus-visible:ring-1 focus-visible:ring-ring disabled:pointer-events-none disabled:opacity-50 [&_svg]:pointer-events-none [&_svg]:size-4 [&_svg]:shrink-0 hover:bg-accent hover:text-accent-foreground h-8 rounded-md px-3 text-xs"[39m
    [33mtitle[39m=[32m"Refresh folders"[39m
    [33mtype[39m=[32m"button"[39m
  [36m/>[39m

  Name "code":
  [36m<button[39m
    [33mclass[39m=[32m"flex h-8 w-full items-center gap-2 rounded-sm px-2 text-left text-xs hover:bg-accent focus-visible:outline-none focus-visible:ring-1 focus-visible:ring-ring"[39m
    [33mtitle[39m=[32m"/home/dev/code"[39m
    [33mtype[39m=[32m"button"[39m
  [36m/>[39m

  Name "Documents":
  [36m<button[39m
    [33mclass[39m=[32m"flex h-8 w-full items-center gap-2 rounded-sm px-2 text-left text-xs hover:bg-accent focus-visible:outline-none focus-visible:ring-1 focus-visible:ring-ring"[39m
    [33mtitle[39m=[32m"/home/dev/Documents"[39m
    [33mtype[39m=[32m"button"[39m
  [36m/>[39m

  --------------------------------------------------
  switch:

  Name "Hidden folders":
  [36m<button[39m
    [33maria-checked[39m=[32m"false"[39m
    [33mclass[39m=[32m"peer inline-flex h-5 w-9 shrink-0 cursor-pointer items-center rounded-full border-2 border-transparent shadow-sm transition-colors focus-visible:outline-none focus-visible:ring-2 focus-visible:ring-ring focus-visible:ring-offset-2 focus-visible:ring-offset-background disabled:cursor-not-allowed disabled:opacity-50 data-[state=checked]:bg-primary data-[state=unchecked]:bg-input"[39m
    [33mdata-state[39m=[32m"unchecked"[39m
    [33mid[39m=[32m"remote-show-hidden"[39m
    [33mrole[39m=[32m"switch"[39m
    [33mtype[39m=[32m"button"[39m
    [33mvalue[39m=[32m"on"[39m
  [36m/>[39m

  --------------------------------------------------
  list:

  Name "":
  [36m<ul[39m
    [33mclass[39m=[32m"p-1"[39m
  [36m/>[39m

  --------------------------------------------------
  listitem:

  Name "":
  [36m<li />[39m

  Name "":
  [36m<li />[39m

  --------------------------------------------------

Ignored nodes: comments, script, style
[36m<body>[39m
  [36m<div>[39m
    [36m<fieldset[39m
      [33maria-label[39m=[32m"Remote folders"[39m
      [33mclass[39m=[32m"min-w-0 space-y-3"[39m
    [36m>[39m
      [36m<div[39m
        [33mclass[39m=[32m"space-y-1"[39m
      [36m>[39m
        [36m<label[39m
          [33mclass[39m=[32m"text-[11px] text-muted-foreground"[39m
          [33mfor[39m=[32m"remote-repo-path"[39m
        [36m>[39m
          [0mRemote folder[0m
        [36m</label>[39m
        [36m<div[39m
          [33mclass[39m=[32m"flex gap-2"[39m
        [36m>[39m
          [36m<input[39m
            [33maria-label[39m=[32m"Remote repository path"[39m
            [33mautocomplete[39m=[32m"off"[39m
            [33mclass[39m=[32m"flex w-full rounded-md border border-input bg-transparent px-3 py-1 shadow-sm transition-colors file:border-0 file:bg-transparent file:text-sm file:font-medium file:text-foreground placeholder:text-muted-foreground focus-visible:outline-none focus-visible:ring-1 focus-visible:ring-ring disabled:cursor-not-allowed disabled:opacity-50 md:text-sm h-8 min-w-0 font-mono text-xs"[39m
            [33mdata-testid[39m=[32m"remote-repo-path-input"[39m
            [33mid[39m=[32m"remote-repo-path"[39m
            [33mplaceholder[39m=[32m"~"[39m
            [33mspellcheck[39m=[32m"false"[39m
            [33mvalue[39m=[32m"/home/dev/code/"[39m
          [36m/>[39m
          [36m<button[39m
            [33mclass[39m=[32m"inline-flex items-center justify-center gap-2 whitespace-nowrap font-medium transition-colors focus-visible:outline-none focus-visible:ring-1 focus-visible:ring-ring disabled:pointer-events-none disabled:opacity-50 [&_svg]:pointer-events-none [&_svg]:size-4 [&_svg]:shrink-0 border border-input bg-background shadow-sm hover:bg-accent hover:text-accent-foreground h-8 rounded-md px-3 text-xs"[39m
            [33mtype[39m=[32m"button"[39m
          [36m>[39m
            [0mGo[0m
          [36m</button>[39m
        [36m</div>[39m
      [36m</div>[39m
      [36m<div[39m
        [33mclass[39m=[32m"flex flex-wrap items-center gap-2"[39m
      [36m>[39m
        [36m<button[39m
          [33maria-label[39m=[32m"Remote home"[39m
          [33mclass[39m=[32m"inline-flex items-center justify-center gap-2 whitespace-nowrap font-medium transition-colors focus-visible:outline-none focus-visible:ring-1 focus-visible:ring-ring disabled:pointer-events-none disabled:opacity-50 [&_svg]:pointer-events-none [&_svg]:size-4 [&_svg]:shrink-0 hover:bg-accent hover:text-accent-foreground h-8 rounded-md px-3 text-xs"[39m
          [33mtitle[39m=[32m"Remote home"[39m
          [33mtype[39m=[32m"button"[39m
        [36m>[39m
          [36m<svg[39m
            [33mclass[39m=[32m"lucide lucide-house size-3.5"[39m
            [33mfill[39m=[32m"none"[39m
            [33mheight[39m=[32m"24"[39m
            [33mstroke[39m=[32m"currentColor"[39m
            [33mstroke-linecap[39m=[32m"round"[39m
            [33mstroke-linejoin[39m=[32m"round"[39m
            [33mstroke-width[39m=[32m"2"[39m
            [33mviewBox[39m=[32m"0 0 24 24"[39m
            [33mwidth[39m=[32m"24"[39m
            [33mxmlns[39m=[32m"http://www.w3.org/2000/svg"[39m
          [36m>[39m
            [36m<path[39m
              [33md[39m=[32m"M15 21v-8a1 1 0 0 0-1-1h-4a1 1 0 0 0-1 1v8"[39m
            [36m/>[39m
            [36m<path[39m
              [33md[39m=[32m"M3 10a2 2 0 0 1 .709-1.528l7-5.999a2 2 0 0 1 2.582 0l7 5.999A2 2 0 0 1 21 10v9a2 2 0 0 1-2 2H5a2 2 0 0 1-2-2z"[39m
            [36m/>[39m
          [36m</svg>[39m
        [36m</button>[39m
        [36m<button[39m
          [33maria-label[39m=[32m"Parent folder"[39m
          [33mclass[39m=[32m"inline-flex items-center justify-center gap-2 whitespace-nowrap font-medium transition-colors focus-visible:outline-none focus-visible:ring-1 focus-visible:ring-ring disabled:pointer-events-none disabled:opacity-50 [&_svg]:pointer-events-none [&_svg]:size-4 [&_svg]:shrink-0 hover:bg-accent hover:text-accent-foreground h-8 rounded-md px-3 text-xs"[39m
          [33mtitle[39m=[32m"Parent folder"[39m
          [33mtype[39m=[32m"button"[39m
        [36m>[39m
          [36m<svg[39m
            [33mclass[39m=[32m"lucide lucide-arrow-up size-3.5"[39m
            [33mfill[39m=[32m"none"[39m
            [33mheight[39m=[32m"24"[39m
            [33mstroke[39m=[32m"currentColor"[39m
            [33mstroke-linecap[39m=[32m"round"[39m
            [33mstroke-linejoin[39m=[32m"round"[39m
            [33mstroke-width[39m=[32m"2"[39m
            [33mviewBox[39m=[32m"0 0 24 24"[39m
            [33mwidth[39m=[32m"24"[39m
            [33mxmlns[39m=[32m"http://www.w3.org/2000/svg"[39m
          [36m>[39m
            [36m<path[39m
              [33md[39m=[32m"m5 12 7-7 7 7"[39m
            [36m/>[39m
            [36m<path[39m
              [33md[39m=[32m"M12 19V5"[39m
            [36m/>[39m
          [36m</svg>[39m
        [36m</button>[39m
        [36m<button[39m
          [33maria-label[39m=[32m"Refresh folders"[39m
          [33mclass[39m=[32m"inline-flex items-center justify-center gap-2 whitespace-nowrap font-medium transition-colors focus-visible:outline-none focus-visible:ring-1 focus-visible:ring-ring disabled:pointer-events-none disabled:opacity-50 [&_svg]:pointer-events-none [&_svg]:size-4 [&_svg]:shrink-0 hover:bg-accent hover:text-accent-foreground h-8 rounded-md px-3 text-xs"[39m
          [33mtitle[39m=[32m"Refresh folders"[39m
          [33mtype[39m=[32m"button"[39m
        [36m>[39m
          [36m<svg[39m
            [33mclass[39m=[32m"lucide lucide-refresh-cw size-3.5"[39m
            [33mfill[39m=[32m"none"[39m
            [33mheight[39m=[32m"24"[39m
            [33mstroke[39m=[32m"currentColor"[39m
            [33mstroke-linecap[39m=[32m"round"[39m
            [33mstroke-linejoin[39m=[32m"round"[39m
            [33mstroke-width[39m=[32m"2"[39m
            [33mviewBox[39m=[32m"0 0 24 24"[39m
            [33mwidth[39m=[32m"24"[39m
            [33mxmlns[39m=[32m"http://www.w3.org/2000/svg"[39m
          [36m>[39m
            [36m<path[39m
              [33md[39m=[32m"M3 12a9 9 0 0 1 9-9 9.75 9.75 0 0 1 6.74 2.74L21 8"[39m
            [36m/>[39m
            [36m<path[39m
              [33md[39m=[32m"M21 3v5h-5"[39m
            [36m/>[39m
            [36m<path[39m
              [33md[39m=[32m"M21 12a9 9 0 0 1-9 9 9.75 9.75 0 0 1-6.74-2.74L3 16"[39m
            [36m/>[39m
            [36m<path[39m
              [33md[39m=[32m"M8 16H3v5"[39m
            [36m/>[39m
          [36m</svg>[39m
        [36m</button>[39m
        [36m<div[39m
          [33mclass[39m=[32m"ml-auto flex items-center gap-2"[39m
        [36m>[39m
          [36m<label[39m
            [33mclass[39m=[32m"text-[11px] text-muted-foreground"[39m
            [33mfor[39m=[32m"remote-show-hidden"[39m
          [36m>[39m
            [0mHidden folders[0m
          [36m</label>[39m
          [36m<button[39m
            [33maria-checked[39m=[32m"false"[39m
            [33mclass[39m=[32m"peer inline-flex h-5 w-9 shrink-0 cursor-pointer items-center rounded-full border-2 border-transparent shadow-sm transition-colors focus-visible:outline-none focus-visible:ring-2 focus-visible:ring-ring focus-visible:ring-offset-2 focus-visible:ring-offset-background disabled:cursor-not-allowed disabled:opacity-50 data-[state=checked]:bg-primary data-[state=unchecked]:bg-input"[39m
            [33mdata-state[39m=[32m"unchecked"[39m
            [33mid[39m=[32m"remote-show-hidden"[39m
            [33mrole[39m=[32m"switch"[39m
            [33mtype[39m=[32m"button"[39m
            [33mvalue[39m=[32m"on"[39m
          [36m>[39m
            [36m<span[39m
              [33mclass[39m=[32m"pointer-events-none block h-4 w-4 rounded-full bg-background shadow-lg ring-0 transition-transform data-[state=checked]:translate-x-4 data-[state=unchecked]:translate-x-0"[39m
              [33mdata-state[39m=[32m"unchecked"[39m
            [36m/>[39m
          [36m</button>[39m
        [36m</div>[39m
      [36m</div>[39m
      [36m<input[39m
        [33maria-label[39m=[32m"Filter folders"[39m
        [33mclass[39m=[32m"flex w-full rounded-md border border-input bg-transparent px-3 py-1 shadow-sm transition-colors file:border-0 file:bg-transparent file:text-sm file:font-medium file:text-foreground placeholder:text-muted-foreground focus-visible:outline-none focus-visible:ring-1 focus-visible:ring-ring disabled:cursor-not-allowed disabled:opacity-50 md:text-sm h-8 text-xs"[39m
        [33mplaceholder[39m=[32m"Filter folders"[39m
        [33mvalue[39m=[32m""[39m
      [36m/>[39m
      [36m<div[39m
        [33maria-busy[39m=[32m"false"[39m
        [33maria-label[39m=[32m"Folder contents"[39m
        [33mclass[39m=[32m"h-56 overflow-y-auto rounded-md border border-border bg-background"[39m
      [36m>[39m
        [36m<ul[39m
          [33mclass[39m=[32m"p-1"[39m
        [36m>[39m
          [36m<li>[39m
            [36m<button[39m
              [33mclass[39m=[32m"flex h-8 w-full items-center gap-2 rounded-sm px-2 text-left text-xs hover:bg-accent focus-visible:outline-none focus-visible:ring-1 focus-visible:ring-ring"[39m
              [33mtitle[39m=[32m"/home/dev/code"[39m
              [33mtype[39m=[32m"button"[39m
            [36m>[39m
              [36m<svg[39m
                [33mclass[39m=[32m"lucide lucide-folder size-3.5 shrink-0 text-muted-foreground"[39m
                [33mfill[39m=[32m"none"[39m
                [33mheight[39m=[32m"24"[39m
                [33mstroke[39m=[32m"currentColor"[39m
                [33mstroke-linecap[39m=[32m"round"[39m
                [33mstroke-linejoin[39m=[32m"round"[39m
                [33mstroke-width[39m=[32m"2"[39m
                [33mviewBox[39m=[32m"0 0 24 24"[39m
                [33mwidth[39m=[32m"24"[39m
                [33mxmlns[39m=[32m"http://www.w3.org/2000/svg"[39m
              [36m>[39m
                [36m<path[39m
                  [33md[39m=[32m"M20 20a2 2 0 0 0 2-2V8a2 2 0 0 0-2-2h-7.9a2 2 0 0 1-1.69-.9L9.6 3.9A2 2 0 0 0 7.93 3H4a2 2 0 0 0-2 2v13a2 2 0 0 0 2 2Z"[39m
                [36m/>[39m
              [36m</svg>[39m
              [36m<span[39m
                [33mclass[39m=[32m"truncate"[39m
              [36m>[39m
                [0mcode[0m
              [36m</span>[39m
            [36m</button>[39m
          [36m</li>[39m
          [36m<li>[39m
            [36m<button[39m
              [33mclass[39m=[32m"flex h-8 w-full items-center gap-2 rounded-sm px-2 text-left text-xs hover:bg-accent focus-visible:outline-none focus-visible:ring-1 focus-visible:ring-ring"[39m
              [33mtitle[39m=[32m"/home/dev/Documents"[39m
              [33mtype[39m=[32m"button"[39m
            [36m>[39m
              [36m<svg[39m
                [33mclass[39m=[32m"lucide lucide-folder size-3.5 shrink-0 text-muted-foreground"[39m
                [33mfill[39m=[32m"none"[39m
                [33mheight[39m=[32m"24"[39m
                [33mstroke[39m=[32m"currentColor"[39m
                [33mstroke-linecap[39m=[32m"round"[39m
                [33mstroke-linejoin[39m=[32m"round"[39m
                [33mstroke-width[39m=[32m"2"[39m
                [33mviewBox[39m=[32m"0 0 24 24"[39m
                [33mwidth[39m=[32m"24"[39m
                [33mxmlns[39m=[32m"http://www.w3.org/2000/svg"[39m
              [36m>[39m
                [36m<path[39m
                  [33md[39m=[32m"M20 20a2 2 0 0 0 2-2V8a2 2 0 0 0-2-2h-7.9a2 2 0 0 1-1.69-.9L9.6 3.9A2 2 0 0 0 7.93 3H4a2 2 0 0 0-2 2v13a2 2 0 0 0 2 2Z"[39m
                [36m/>[39m
              [36m</svg>[39m
              [36m<span[39m
                [33mclass[39m=[32m"truncate"[39m
              [36m>[39m
                [0mDocuments[0m
              [36m</span>[39m
            [36m</button>[39m
          [36m</li>[39m
        [36m</ul>[39m
      [36m</div>[39m
    [36m</fieldset>[39m
  [36m</div>[39m
[36m</body>[39m
   × remote path autocomplete > filters the final segment and completes with Tab into the next directory 28ms
     → Unable to find an accessible element with the role "option" and name "code"

Here are the accessible roles:

  group:

  Name "Remote folders":
  [36m<fieldset[39m
    [33maria-label[39m=[32m"Remote folders"[39m
    [33mclass[39m=[32m"min-w-0 space-y-3"[39m
  [36m/>[39m

  --------------------------------------------------
  textbox:

  Name "Remote repository path":
  [36m<input[39m
    [33maria-label[39m=[32m"Remote repository path"[39m
    [33mautocomplete[39m=[32m"off"[39m
    [33mclass[39m=[32m"flex w-full rounded-md border border-input bg-transparent px-3 py-1 shadow-sm transition-colors file:border-0 file:bg-transparent file:text-sm file:font-medium file:text-foreground placeholder:text-muted-foreground focus-visible:outline-none focus-visible:ring-1 focus-visible:ring-ring disabled:cursor-not-allowed disabled:opacity-50 md:text-sm h-8 min-w-0 font-mono text-xs"[39m
    [33mdata-testid[39m=[32m"remote-repo-path-input"[39m
    [33mid[39m=[32m"remote-repo-path"[39m
    [33mplaceholder[39m=[32m"~"[39m
    [33mspellcheck[39m=[32m"false"[39m
    [33mvalue[39m=[32m"/home/dev/co"[39m
  [36m/>[39m

  Name "Filter folders":
  [36m<input[39m
    [33maria-label[39m=[32m"Filter folders"[39m
    [33mclass[39m=[32m"flex w-full rounded-md border border-input bg-transparent px-3 py-1 shadow-sm transition-colors file:border-0 file:bg-transparent file:text-sm file:font-medium file:text-foreground placeholder:text-muted-foreground focus-visible:outline-none focus-visible:ring-1 focus-visible:ring-ring disabled:cursor-not-allowed disabled:opacity-50 md:text-sm h-8 text-xs"[39m
    [33mplaceholder[39m=[32m"Filter folders"[39m
    [33mvalue[39m=[32m""[39m
  [36m/>[39m

  --------------------------------------------------
  button:

  Name "Go":
  [36m<button[39m
    [33mclass[39m=[32m"inline-flex items-center justify-center gap-2 whitespace-nowrap font-medium transition-colors focus-visible:outline-none focus-visible:ring-1 focus-visible:ring-ring disabled:pointer-events-none disabled:opacity-50 [&_svg]:pointer-events-none [&_svg]:size-4 [&_svg]:shrink-0 border border-input bg-background shadow-sm hover:bg-accent hover:text-accent-foreground h-8 rounded-md px-3 text-xs"[39m
    [33mtype[39m=[32m"button"[39m
  [36m/>[39m

  Name "Remote home":
  [36m<button[39m
    [33maria-label[39m=[32m"Remote home"[39m
    [33mclass[39m=[32m"inline-flex items-center justify-center gap-2 whitespace-nowrap font-medium transition-colors focus-visible:outline-none focus-visible:ring-1 focus-visible:ring-ring disabled:pointer-events-none disabled:opacity-50 [&_svg]:pointer-events-none [&_svg]:size-4 [&_svg]:shrink-0 hover:bg-accent hover:text-accent-foreground h-8 rounded-md px-3 text-xs"[39m
    [33mtitle[39m=[32m"Remote home"[39m
    [33mtype[39m=[32m"button"[39m
  [36m/>[39m

  Name "Parent folder":
  [36m<button[39m
    [33maria-label[39m=[32m"Parent folder"[39m
    [33mclass[39m=[32m"inline-flex items-center justify-center gap-2 whitespace-nowrap font-medium transition-colors focus-visible:outline-none focus-visible:ring-1 focus-visible:ring-ring disabled:pointer-events-none disabled:opacity-50 [&_svg]:pointer-events-none [&_svg]:size-4 [&_svg]:shrink-0 hover:bg-accent hover:text-accent-foreground h-8 rounded-md px-3 text-xs"[39m
    [33mtitle[39m=[32m"Parent folder"[39m
    [33mtype[39m=[32m"button"[39m
  [36m/>[39m

  Name "Refresh folders":
  [36m<button[39m
    [33maria-label[39m=[32m"Refresh folders"[39m
    [33mclass[39m=[32m"inline-flex items-center justify-center gap-2 whitespace-nowrap font-medium transition-colors focus-visible:outline-none focus-visible:ring-1 focus-visible:ring-ring disabled:pointer-events-none disabled:opacity-50 [&_svg]:pointer-events-none [&_svg]:size-4 [&_svg]:shrink-0 hover:bg-accent hover:text-accent-foreground h-8 rounded-md px-3 text-xs"[39m
    [33mtitle[39m=[32m"Refresh folders"[39m
    [33mtype[39m=[32m"button"[39m
  [36m/>[39m

  Name "code":
  [36m<button[39m
    [33mclass[39m=[32m"flex h-8 w-full items-center gap-2 rounded-sm px-2 text-left text-xs hover:bg-accent focus-visible:outline-none focus-visible:ring-1 focus-visible:ring-ring"[39m
    [33mtitle[39m=[32m"/home/dev/code"[39m
    [33mtype[39m=[32m"button"[39m
  [36m/>[39m

  Name "Documents":
  [36m<button[39m
    [33mclass[39m=[32m"flex h-8 w-full items-center gap-2 rounded-sm px-2 text-left text-xs hover:bg-accent focus-visible:outline-none focus-visible:ring-1 focus-visible:ring-ring"[39m
    [33mtitle[39m=[32m"/home/dev/Documents"[39m
    [33mtype[39m=[32m"button"[39m
  [36m/>[39m

  --------------------------------------------------
  switch:

  Name "Hidden folders":
  [36m<button[39m
    [33maria-checked[39m=[32m"false"[39m
    [33mclass[39m=[32m"peer inline-flex h-5 w-9 shrink-0 cursor-pointer items-center rounded-full border-2 border-transparent shadow-sm transition-colors focus-visible:outline-none focus-visible:ring-2 focus-visible:ring-ring focus-visible:ring-offset-2 focus-visible:ring-offset-background disabled:cursor-not-allowed disabled:opacity-50 data-[state=checked]:bg-primary data-[state=unchecked]:bg-input"[39m
    [33mdata-state[39m=[32m"unchecked"[39m
    [33mid[39m=[32m"remote-show-hidden"[39m
    [33mrole[39m=[32m"switch"[39m
    [33mtype[39m=[32m"button"[39m
    [33mvalue[39m=[32m"on"[39m
  [36m/>[39m

  --------------------------------------------------
  list:

  Name "":
  [36m<ul[39m
    [33mclass[39m=[32m"p-1"[39m
  [36m/>[39m

  --------------------------------------------------
  listitem:

  Name "":
  [36m<li />[39m

  Name "":
  [36m<li />[39m

  --------------------------------------------------

Ignored nodes: comments, script, style
[36m<body>[39m
  [36m<div>[39m
    [36m<fieldset[39m
      [33maria-label[39m=[32m"Remote folders"[39m
      [33mclass[39m=[32m"min-w-0 space-y-3"[39m
    [36m>[39m
      [36m<div[39m
        [33mclass[39m=[32m"space-y-1"[39m
      [36m>[39m
        [36m<label[39m
          [33mclass[39m=[32m"text-[11px] text-muted-foreground"[39m
          [33mfor[39m=[32m"remote-repo-path"[39m
        [36m>[39m
          [0mRemote folder[0m
        [36m</label>[39m
        [36m<div[39m
          [33mclass[39m=[32m"flex gap-2"[39m
        [36m>[39m
          [36m<input[39m
            [33maria-label[39m=[32m"Remote repository path"[39m
            [33mautocomplete[39m=[32m"off"[39m
            [33mclass[39m=[32m"flex w-full rounded-md border border-input bg-transparent px-3 py-1 shadow-sm transition-colors file:border-0 file:bg-transparent file:text-sm file:font-medium file:text-foreground placeholder:text-muted-foreground focus-visible:outline-none focus-visible:ring-1 focus-visible:ring-ring disabled:cursor-not-allowed disabled:opacity-50 md:text-sm h-8 min-w-0 font-mono text-xs"[39m
            [33mdata-testid[39m=[32m"remote-repo-path-input"[39m
            [33mid[39m=[32m"remote-repo-path"[39m
            [33mplaceholder[39m=[32m"~"[39m
            [33mspellcheck[39m=[32m"false"[39m
            [33mvalue[39m=[32m"/home/dev/co"[39m
          [36m/>[39m
          [36m<button[39m
            [33mclass[39m=[32m"inline-flex items-center justify-center gap-2 whitespace-nowrap font-medium transition-colors focus-visible:outline-none focus-visible:ring-1 focus-visible:ring-ring disabled:pointer-events-none disabled:opacity-50 [&_svg]:pointer-events-none [&_svg]:size-4 [&_svg]:shrink-0 border border-input bg-background shadow-sm hover:bg-accent hover:text-accent-foreground h-8 rounded-md px-3 text-xs"[39m
            [33mtype[39m=[32m"button"[39m
          [36m>[39m
            [0mGo[0m
          [36m</button>[39m
        [36m</div>[39m
      [36m</div>[39m
      [36m<div[39m
        [33mclass[39m=[32m"flex flex-wrap items-center gap-2"[39m
      [36m>[39m
        [36m<button[39m
          [33maria-label[39m=[32m"Remote home"[39m
          [33mclass[39m=[32m"inline-flex items-center justify-center gap-2 whitespace-nowrap font-medium transition-colors focus-visible:outline-none focus-visible:ring-1 focus-visible:ring-ring disabled:pointer-events-none disabled:opacity-50 [&_svg]:pointer-events-none [&_svg]:size-4 [&_svg]:shrink-0 hover:bg-accent hover:text-accent-foreground h-8 rounded-md px-3 text-xs"[39m
          [33mtitle[39m=[32m"Remote home"[39m
          [33mtype[39m=[32m"button"[39m
        [36m>[39m
          [36m<svg[39m
            [33mclass[39m=[32m"lucide lucide-house size-3.5"[39m
            [33mfill[39m=[32m"none"[39m
            [33mheight[39m=[32m"24"[39m
            [33mstroke[39m=[32m"currentColor"[39m
            [33mstroke-linecap[39m=[32m"round"[39m
            [33mstroke-linejoin[39m=[32m"round"[39m
            [33mstroke-width[39m=[32m"2"[39m
            [33mviewBox[39m=[32m"0 0 24 24"[39m
            [33mwidth[39m=[32m"24"[39m
            [33mxmlns[39m=[32m"http://www.w3.org/2000/svg"[39m
          [36m>[39m
            [36m<path[39m
              [33md[39m=[32m"M15 21v-8a1 1 0 0 0-1-1h-4a1 1 0 0 0-1 1v8"[39m
            [36m/>[39m
            [36m<path[39m
              [33md[39m=[32m"M3 10a2 2 0 0 1 .709-1.528l7-5.999a2 2 0 0 1 2.582 0l7 5.999A2 2 0 0 1 21 10v9a2 2 0 0 1-2 2H5a2 2 0 0 1-2-2z"[39m
            [36m/>[39m
          [36m</svg>[39m
        [36m</button>[39m
        [36m<button[39m
          [33maria-label[39m=[32m"Parent folder"[39m
          [33mclass[39m=[32m"inline-flex items-center justify-center gap-2 whitespace-nowrap font-medium transition-colors focus-visible:outline-none focus-visible:ring-1 focus-visible:ring-ring disabled:pointer-events-none disabled:opacity-50 [&_svg]:pointer-events-none [&_svg]:size-4 [&_svg]:shrink-0 hover:bg-accent hover:text-accent-foreground h-8 rounded-md px-3 text-xs"[39m
          [33mtitle[39m=[32m"Parent folder"[39m
          [33mtype[39m=[32m"button"[39m
        [36m>[39m
          [36m<svg[39m
            [33mclass[39m=[32m"lucide lucide-arrow-up size-3.5"[39m
            [33mfill[39m=[32m"none"[39m
            [33mheight[39m=[32m"24"[39m
            [33mstroke[39m=[32m"currentColor"[39m
            [33mstroke-linecap[39m=[32m"round"[39m
            [33mstroke-linejoin[39m=[32m"round"[39m
            [33mstroke-width[39m=[32m"2"[39m
            [33mviewBox[39m=[32m"0 0 24 24"[39m
            [33mwidth[39m=[32m"24"[39m
            [33mxmlns[39m=[32m"http://www.w3.org/2000/svg"[39m
          [36m>[39m
            [36m<path[39m
              [33md[39m=[32m"m5 12 7-7 7 7"[39m
            [36m/>[39m
            [36m<path[39m
              [33md[39m=[32m"M12 19V5"[39m
            [36m/>[39m
          [36m</svg>[39m
        [36m</button>[39m
        [36m<button[39m
          [33maria-label[39m=[32m"Refresh folders"[39m
          [33mclass[39m=[32m"inline-flex items-center justify-center gap-2 whitespace-nowrap font-medium transition-colors focus-visible:outline-none focus-visible:ring-1 focus-visible:ring-ring disabled:pointer-events-none disabled:opacity-50 [&_svg]:pointer-events-none [&_svg]:size-4 [&_svg]:shrink-0 hover:bg-accent hover:text-accent-foreground h-8 rounded-md px-3 text-xs"[39m
          [33mtitle[39m=[32m"Refresh folders"[39m
          [33mtype[39m=[32m"button"[39m
        [36m>[39m
          [36m<svg[39m
            [33mclass[39m=[32m"lucide lucide-refresh-cw size-3.5"[39m
            [33mfill[39m=[32m"none"[39m
            [33mheight[39m=[32m"24"[39m
            [33mstroke[39m=[32m"currentColor"[39m
            [33mstroke-linecap[39m=[32m"round"[39m
            [33mstroke-linejoin[39m=[32m"round"[39m
            [33mstroke-width[39m=[32m"2"[39m
            [33mviewBox[39m=[32m"0 0 24 24"[39m
            [33mwidth[39m=[32m"24"[39m
            [33mxmlns[39m=[32m"http://www.w3.org/2000/svg"[39m
          [36m>[39m
            [36m<path[39m
              [33md[39m=[32m"M3 12a9 9 0 0 1 9-9 9.75 9.75 0 0 1 6.74 2.74L21 8"[39m
            [36m/>[39m
            [36m<path[39m
              [33md[39m=[32m"M21 3v5h-5"[39m
            [36m/>[39m
            [36m<path[39m
              [33md[39m=[32m"M21 12a9 9 0 0 1-9 9 9.75 9.75 0 0 1-6.74-2.74L3 16"[39m
            [36m/>[39m
            [36m<path[39m
              [33md[39m=[32m"M8 16H3v5"[39m
            [36m/>[39m
          [36m</svg>[39m
        [36m</button>[39m
        [36m<div[39m
          [33mclass[39m=[32m"ml-auto flex items-center gap-2"[39m
        [36m>[39m
          [36m<label[39m
            [33mclass[39m=[32m"text-[11px] text-muted-foreground"[39m
            [33mfor[39m=[32m"remote-show-hidden"[39m
          [36m>[39m
            [0mHidden folders[0m
          [36m</label>[39m
          [36m<button[39m
            [33maria-checked[39m=[32m"false"[39m
            [33mclass[39m=[32m"peer inline-flex h-5 w-9 shrink-0 cursor-pointer items-center rounded-full border-2 border-transparent shadow-sm transition-colors focus-visible:outline-none focus-visible:ring-2 focus-visible:ring-ring focus-visible:ring-offset-2 focus-visible:ring-offset-background disabled:cursor-not-allowed disabled:opacity-50 data-[state=checked]:bg-primary data-[state=unchecked]:bg-input"[39m
            [33mdata-state[39m=[32m"unchecked"[39m
            [33mid[39m=[32m"remote-show-hidden"[39m
            [33mrole[39m=[32m"switch"[39m
            [33mtype[39m=[32m"button"[39m
            [33mvalue[39m=[32m"on"[39m
          [36m>[39m
            [36m<span[39m
              [33mclass[39m=[32m"pointer-events-none block h-4 w-4 rounded-full bg-background shadow-lg ring-0 transition-transform data-[state=checked]:translate-x-4 data-[state=unchecked]:translate-x-0"[39m
              [33mdata-state[39m=[32m"unchecked"[39m
            [36m/>[39m
          [36m</button>[39m
        [36m</div>[39m
      [36m</div>[39m
      [36m<input[39m
        [33maria-label[39m=[32m"Filter folders"[39m
        [33mclass[39m=[32m"flex w-full rounded-md border border-input bg-transparent px-3 py-1 shadow-sm transition-colors file:border-0 file:bg-transparent file:text-sm file:font-medium file:text-foreground placeholder:text-muted-foreground focus-visible:outline-none focus-visible:ring-1 focus-visible:ring-ring disabled:cursor-not-allowed disabled:opacity-50 md:text-sm h-8 text-xs"[39m
        [33mplaceholder[39m=[32m"Filter folders"[39m
        [33mvalue[39m=[32m""[39m
      [36m/>[39m
      [36m<div[39m
        [33maria-busy[39m=[32m"false"[39m
        [33maria-label[39m=[32m"Folder contents"[39m
        [33mclass[39m=[32m"h-56 overflow-y-auto rounded-md border border-border bg-background"[39m
      [36m>[39m
        [36m<ul[39m
          [33mclass[39m=[32m"p-1"[39m
        [36m>[39m
          [36m<li>[39m
            [36m<button[39m
              [33mclass[39m=[32m"flex h-8 w-full items-center gap-2 rounded-sm px-2 text-left text-xs hover:bg-accent focus-visible:outline-none focus-visible:ring-1 focus-visible:ring-ring"[39m
              [33mtitle[39m=[32m"/home/dev/code"[39m
              [33mtype[39m=[32m"button"[39m
            [36m>[39m
              [36m<svg[39m
                [33mclass[39m=[32m"lucide lucide-folder size-3.5 shrink-0 text-muted-foreground"[39m
                [33mfill[39m=[32m"none"[39m
                [33mheight[39m=[32m"24"[39m
                [33mstroke[39m=[32m"currentColor"[39m
                [33mstroke-linecap[39m=[32m"round"[39m
                [33mstroke-linejoin[39m=[32m"round"[39m
                [33mstroke-width[39m=[32m"2"[39m
                [33mviewBox[39m=[32m"0 0 24 24"[39m
                [33mwidth[39m=[32m"24"[39m
                [33mxmlns[39m=[32m"http://www.w3.org/2000/svg"[39m
              [36m>[39m
                [36m<path[39m
                  [33md[39m=[32m"M20 20a2 2 0 0 0 2-2V8a2 2 0 0 0-2-2h-7.9a2 2 0 0 1-1.69-.9L9.6 3.9A2 2 0 0 0 7.93 3H4a2 2 0 0 0-2 2v13a2 2 0 0 0 2 2Z"[39m
                [36m/>[39m
              [36m</svg>[39m
              [36m<span[39m
                [33mclass[39m=[32m"truncate"[39m
              [36m>[39m
                [0mcode[0m
              [36m</span>[39m
            [36m</button>[39m
          [36m</li>[39m
          [36m<li>[39m
            [36m<button[39m
              [33mclass[39m=[32m"flex h-8 w-full items-center gap-2 rounded-sm px-2 text-left text-xs hover:bg-accent focus-visible:outline-none focus-visible:ring-1 focus-visible:ring-ring"[39m
              [33mtitle[39m=[32m"/home/dev/Documents"[39m
              [33mtype[39m=[32m"button"[39m
            [36m>[39m
              [36m<svg[39m
                [33mclass[39m=[32m"lucide lucide-folder size-3.5 shrink-0 text-muted-foreground"[39m
                [33mfill[39m=[32m"none"[39m
                [33mheight[39m=[32m"24"[39m
                [33mstroke[39m=[32m"currentColor"[39m
                [33mstroke-linecap[39m=[32m"round"[39m
                [33mstroke-linejoin[39m=[32m"round"[39m
                [33mstroke-width[39m=[32m"2"[39m
                [33mviewBox[39m=[32m"0 0 24 24"[39m
                [33mwidth[39m=[32m"24"[39m
                [33mxmlns[39m=[32m"http://www.w3.org/2000/svg"[39m
              [36m>[39m
                [36m<path[39m
                  [33md[39m=[32m"M20 20a2 2 0 0 0 2-2V8a2 2 0 0 0-2-2h-7.9a2 2 0 0 1-1.69-.9L9.6 3.9A2 2 0 0 0 7.93 3H4a2 2 0 0 0-2 2v13a2 2 0 0 0 2 2Z"[39m
                [36m/>[39m
              [36m</svg>[39m
              [36m<span[39m
                [33mclass[39m=[32m"truncate"[39m
              [36m>[39m
                [0mDocuments[0m
              [36m</span>[39m
            [36m</button>[39m
          [36m</li>[39m
        [36m</ul>[39m
      [36m</div>[39m
    [36m</fieldset>[39m
  [36m</div>[39m
[36m</body>[39m
   × remote path autocomplete > keeps focus in the input while arrow keys and Enter browse a candidate 22ms
     → Unable to find an accessible element with the role "option" and name "Documents"

Here are the accessible roles:

  group:

  Name "Remote folders":
  [36m<fieldset[39m
    [33maria-label[39m=[32m"Remote folders"[39m
    [33mclass[39m=[32m"min-w-0 space-y-3"[39m
  [36m/>[39m

  --------------------------------------------------
  textbox:

  Name "Remote repository path":
  [36m<input[39m
    [33maria-label[39m=[32m"Remote repository path"[39m
    [33mautocomplete[39m=[32m"off"[39m
    [33mclass[39m=[32m"flex w-full rounded-md border border-input bg-transparent px-3 py-1 shadow-sm transition-colors file:border-0 file:bg-transparent file:text-sm file:font-medium file:text-foreground placeholder:text-muted-foreground focus-visible:outline-none focus-visible:ring-1 focus-visible:ring-ring disabled:cursor-not-allowed disabled:opacity-50 md:text-sm h-8 min-w-0 font-mono text-xs"[39m
    [33mdata-testid[39m=[32m"remote-repo-path-input"[39m
    [33mid[39m=[32m"remote-repo-path"[39m
    [33mplaceholder[39m=[32m"~"[39m
    [33mspellcheck[39m=[32m"false"[39m
    [33mvalue[39m=[32m"/home/dev"[39m
  [36m/>[39m

  Name "Filter folders":
  [36m<input[39m
    [33maria-label[39m=[32m"Filter folders"[39m
    [33mclass[39m=[32m"flex w-full rounded-md border border-input bg-transparent px-3 py-1 shadow-sm transition-colors file:border-0 file:bg-transparent file:text-sm file:font-medium file:text-foreground placeholder:text-muted-foreground focus-visible:outline-none focus-visible:ring-1 focus-visible:ring-ring disabled:cursor-not-allowed disabled:opacity-50 md:text-sm h-8 text-xs"[39m
    [33mplaceholder[39m=[32m"Filter folders"[39m
    [33mvalue[39m=[32m""[39m
  [36m/>[39m

  --------------------------------------------------
  button:

  Name "Go":
  [36m<button[39m
    [33mclass[39m=[32m"inline-flex items-center justify-center gap-2 whitespace-nowrap font-medium transition-colors focus-visible:outline-none focus-visible:ring-1 focus-visible:ring-ring disabled:pointer-events-none disabled:opacity-50 [&_svg]:pointer-events-none [&_svg]:size-4 [&_svg]:shrink-0 border border-input bg-background shadow-sm hover:bg-accent hover:text-accent-foreground h-8 rounded-md px-3 text-xs"[39m
    [33mtype[39m=[32m"button"[39m
  [36m/>[39m

  Name "Remote home":
  [36m<button[39m
    [33maria-label[39m=[32m"Remote home"[39m
    [33mclass[39m=[32m"inline-flex items-center justify-center gap-2 whitespace-nowrap font-medium transition-colors focus-visible:outline-none focus-visible:ring-1 focus-visible:ring-ring disabled:pointer-events-none disabled:opacity-50 [&_svg]:pointer-events-none [&_svg]:size-4 [&_svg]:shrink-0 hover:bg-accent hover:text-accent-foreground h-8 rounded-md px-3 text-xs"[39m
    [33mtitle[39m=[32m"Remote home"[39m
    [33mtype[39m=[32m"button"[39m
  [36m/>[39m

  Name "Parent folder":
  [36m<button[39m
    [33maria-label[39m=[32m"Parent folder"[39m
    [33mclass[39m=[32m"inline-flex items-center justify-center gap-2 whitespace-nowrap font-medium transition-colors focus-visible:outline-none focus-visible:ring-1 focus-visible:ring-ring disabled:pointer-events-none disabled:opacity-50 [&_svg]:pointer-events-none [&_svg]:size-4 [&_svg]:shrink-0 hover:bg-accent hover:text-accent-foreground h-8 rounded-md px-3 text-xs"[39m
    [33mtitle[39m=[32m"Parent folder"[39m
    [33mtype[39m=[32m"button"[39m
  [36m/>[39m

  Name "Refresh folders":
  [36m<button[39m
    [33maria-label[39m=[32m"Refresh folders"[39m
    [33mclass[39m=[32m"inline-flex items-center justify-center gap-2 whitespace-nowrap font-medium transition-colors focus-visible:outline-none focus-visible:ring-1 focus-visible:ring-ring disabled:pointer-events-none disabled:opacity-50 [&_svg]:pointer-events-none [&_svg]:size-4 [&_svg]:shrink-0 hover:bg-accent hover:text-accent-foreground h-8 rounded-md px-3 text-xs"[39m
    [33mtitle[39m=[32m"Refresh folders"[39m
    [33mtype[39m=[32m"button"[39m
  [36m/>[39m

  Name "code":
  [36m<button[39m
    [33mclass[39m=[32m"flex h-8 w-full items-center gap-2 rounded-sm px-2 text-left text-xs hover:bg-accent focus-visible:outline-none focus-visible:ring-1 focus-visible:ring-ring"[39m
    [33mtitle[39m=[32m"/home/dev/code"[39m
    [33mtype[39m=[32m"button"[39m
  [36m/>[39m

  Name "Documents":
  [36m<button[39m
    [33mclass[39m=[32m"flex h-8 w-full items-center gap-2 rounded-sm px-2 text-left text-xs hover:bg-accent focus-visible:outline-none focus-visible:ring-1 focus-visible:ring-ring"[39m
    [33mtitle[39m=[32m"/home/dev/Documents"[39m
    [33mtype[39m=[32m"button"[39m
  [36m/>[39m

  --------------------------------------------------
  switch:

  Name "Hidden folders":
  [36m<button[39m
    [33maria-checked[39m=[32m"false"[39m
    [33mclass[39m=[32m"peer inline-flex h-5 w-9 shrink-0 cursor-pointer items-center rounded-full border-2 border-transparent shadow-sm transition-colors focus-visible:outline-none focus-visible:ring-2 focus-visible:ring-ring focus-visible:ring-offset-2 focus-visible:ring-offset-background disabled:cursor-not-allowed disabled:opacity-50 data-[state=checked]:bg-primary data-[state=unchecked]:bg-input"[39m
    [33mdata-state[39m=[32m"unchecked"[39m
    [33mid[39m=[32m"remote-show-hidden"[39m
    [33mrole[39m=[32m"switch"[39m
    [33mtype[39m=[32m"button"[39m
    [33mvalue[39m=[32m"on"[39m
  [36m/>[39m

  --------------------------------------------------
  list:

  Name "":
  [36m<ul[39m
    [33mclass[39m=[32m"p-1"[39m
  [36m/>[39m

  --------------------------------------------------
  listitem:

  Name "":
  [36m<li />[39m

  Name "":
  [36m<li />[39m

  --------------------------------------------------

Ignored nodes: comments, script, style
[36m<body>[39m
  [36m<div>[39m
    [36m<fieldset[39m
      [33maria-label[39m=[32m"Remote folders"[39m
      [33mclass[39m=[32m"min-w-0 space-y-3"[39m
    [36m>[39m
      [36m<div[39m
        [33mclass[39m=[32m"space-y-1"[39m
      [36m>[39m
        [36m<label[39m
          [33mclass[39m=[32m"text-[11px] text-muted-foreground"[39m
          [33mfor[39m=[32m"remote-repo-path"[39m
        [36m>[39m
          [0mRemote folder[0m
        [36m</label>[39m
        [36m<div[39m
          [33mclass[39m=[32m"flex gap-2"[39m
        [36m>[39m
          [36m<input[39m
            [33maria-label[39m=[32m"Remote repository path"[39m
            [33mautocomplete[39m=[32m"off"[39m
            [33mclass[39m=[32m"flex w-full rounded-md border border-input bg-transparent px-3 py-1 shadow-sm transition-colors file:border-0 file:bg-transparent file:text-sm file:font-medium file:text-foreground placeholder:text-muted-foreground focus-visible:outline-none focus-visible:ring-1 focus-visible:ring-ring disabled:cursor-not-allowed disabled:opacity-50 md:text-sm h-8 min-w-0 font-mono text-xs"[39m
            [33mdata-testid[39m=[32m"remote-repo-path-input"[39m
            [33mid[39m=[32m"remote-repo-path"[39m
            [33mplaceholder[39m=[32m"~"[39m
            [33mspellcheck[39m=[32m"false"[39m
            [33mvalue[39m=[32m"/home/dev"[39m
          [36m/>[39m
          [36m<button[39m
            [33mclass[39m=[32m"inline-flex items-center justify-center gap-2 whitespace-nowrap font-medium transition-colors focus-visible:outline-none focus-visible:ring-1 focus-visible:ring-ring disabled:pointer-events-none disabled:opacity-50 [&_svg]:pointer-events-none [&_svg]:size-4 [&_svg]:shrink-0 border border-input bg-background shadow-sm hover:bg-accent hover:text-accent-foreground h-8 rounded-md px-3 text-xs"[39m
            [33mtype[39m=[32m"button"[39m
          [36m>[39m
            [0mGo[0m
          [36m</button>[39m
        [36m</div>[39m
      [36m</div>[39m
      [36m<div[39m
        [33mclass[39m=[32m"flex flex-wrap items-center gap-2"[39m
      [36m>[39m
        [36m<button[39m
          [33maria-label[39m=[32m"Remote home"[39m
          [33mclass[39m=[32m"inline-flex items-center justify-center gap-2 whitespace-nowrap font-medium transition-colors focus-visible:outline-none focus-visible:ring-1 focus-visible:ring-ring disabled:pointer-events-none disabled:opacity-50 [&_svg]:pointer-events-none [&_svg]:size-4 [&_svg]:shrink-0 hover:bg-accent hover:text-accent-foreground h-8 rounded-md px-3 text-xs"[39m
          [33mtitle[39m=[32m"Remote home"[39m
          [33mtype[39m=[32m"button"[39m
        [36m>[39m
          [36m<svg[39m
            [33mclass[39m=[32m"lucide lucide-house size-3.5"[39m
            [33mfill[39m=[32m"none"[39m
            [33mheight[39m=[32m"24"[39m
            [33mstroke[39m=[32m"currentColor"[39m
            [33mstroke-linecap[39m=[32m"round"[39m
            [33mstroke-linejoin[39m=[32m"round"[39m
            [33mstroke-width[39m=[32m"2"[39m
            [33mviewBox[39m=[32m"0 0 24 24"[39m
            [33mwidth[39m=[32m"24"[39m
            [33mxmlns[39m=[32m"http://www.w3.org/2000/svg"[39m
          [36m>[39m
            [36m<path[39m
              [33md[39m=[32m"M15 21v-8a1 1 0 0 0-1-1h-4a1 1 0 0 0-1 1v8"[39m
            [36m/>[39m
            [36m<path[39m
              [33md[39m=[32m"M3 10a2 2 0 0 1 .709-1.528l7-5.999a2 2 0 0 1 2.582 0l7 5.999A2 2 0 0 1 21 10v9a2 2 0 0 1-2 2H5a2 2 0 0 1-2-2z"[39m
            [36m/>[39m
          [36m</svg>[39m
        [36m</button>[39m
        [36m<button[39m
          [33maria-label[39m=[32m"Parent folder"[39m
          [33mclass[39m=[32m"inline-flex items-center justify-center gap-2 whitespace-nowrap font-medium transition-colors focus-visible:outline-none focus-visible:ring-1 focus-visible:ring-ring disabled:pointer-events-none disabled:opacity-50 [&_svg]:pointer-events-none [&_svg]:size-4 [&_svg]:shrink-0 hover:bg-accent hover:text-accent-foreground h-8 rounded-md px-3 text-xs"[39m
          [33mtitle[39m=[32m"Parent folder"[39m
          [33mtype[39m=[32m"button"[39m
        [36m>[39m
          [36m<svg[39m
            [33mclass[39m=[32m"lucide lucide-arrow-up size-3.5"[39m
            [33mfill[39m=[32m"none"[39m
            [33mheight[39m=[32m"24"[39m
            [33mstroke[39m=[32m"currentColor"[39m
            [33mstroke-linecap[39m=[32m"round"[39m
            [33mstroke-linejoin[39m=[32m"round"[39m
            [33mstroke-width[39m=[32m"2"[39m
            [33mviewBox[39m=[32m"0 0 24 24"[39m
            [33mwidth[39m=[32m"24"[39m
            [33mxmlns[39m=[32m"http://www.w3.org/2000/svg"[39m
          [36m>[39m
            [36m<path[39m
              [33md[39m=[32m"m5 12 7-7 7 7"[39m
            [36m/>[39m
            [36m<path[39m
              [33md[39m=[32m"M12 19V5"[39m
            [36m/>[39m
          [36m</svg>[39m
        [36m</button>[39m
        [36m<button[39m
          [33maria-label[39m=[32m"Refresh folders"[39m
          [33mclass[39m=[32m"inline-flex items-center justify-center gap-2 whitespace-nowrap font-medium transition-colors focus-visible:outline-none focus-visible:ring-1 focus-visible:ring-ring disabled:pointer-events-none disabled:opacity-50 [&_svg]:pointer-events-none [&_svg]:size-4 [&_svg]:shrink-0 hover:bg-accent hover:text-accent-foreground h-8 rounded-md px-3 text-xs"[39m
          [33mtitle[39m=[32m"Refresh folders"[39m
          [33mtype[39m=[32m"button"[39m
        [36m>[39m
          [36m<svg[39m
            [33mclass[39m=[32m"lucide lucide-refresh-cw size-3.5"[39m
            [33mfill[39m=[32m"none"[39m
            [33mheight[39m=[32m"24"[39m
            [33mstroke[39m=[32m"currentColor"[39m
            [33mstroke-linecap[39m=[32m"round"[39m
            [33mstroke-linejoin[39m=[32m"round"[39m
            [33mstroke-width[39m=[32m"2"[39m
            [33mviewBox[39m=[32m"0 0 24 24"[39m
            [33mwidth[39m=[32m"24"[39m
            [33mxmlns[39m=[32m"http://www.w3.org/2000/svg"[39m
          [36m>[39m
            [36m<path[39m
              [33md[39m=[32m"M3 12a9 9 0 0 1 9-9 9.75 9.75 0 0 1 6.74 2.74L21 8"[39m
            [36m/>[39m
            [36m<path[39m
              [33md[39m=[32m"M21 3v5h-5"[39m
            [36m/>[39m
            [36m<path[39m
              [33md[39m=[32m"M21 12a9 9 0 0 1-9 9 9.75 9.75 0 0 1-6.74-2.74L3 16"[39m
            [36m/>[39m
            [36m<path[39m
              [33md[39m=[32m"M8 16H3v5"[39m
            [36m/>[39m
          [36m</svg>[39m
        [36m</button>[39m
        [36m<div[39m
          [33mclass[39m=[32m"ml-auto flex items-center gap-2"[39m
        [36m>[39m
          [36m<label[39m
            [33mclass[39m=[32m"text-[11px] text-muted-foreground"[39m
            [33mfor[39m=[32m"remote-show-hidden"[39m
          [36m>[39m
            [0mHidden folders[0m
          [36m</label>[39m
          [36m<button[39m
            [33maria-checked[39m=[32m"false"[39m
            [33mclass[39m=[32m"peer inline-flex h-5 w-9 shrink-0 cursor-pointer items-center rounded-full border-2 border-transparent shadow-sm transition-colors focus-visible:outline-none focus-visible:ring-2 focus-visible:ring-ring focus-visible:ring-offset-2 focus-visible:ring-offset-background disabled:cursor-not-allowed disabled:opacity-50 data-[state=checked]:bg-primary data-[state=unchecked]:bg-input"[39m
            [33mdata-state[39m=[32m"unchecked"[39m
            [33mid[39m=[32m"remote-show-hidden"[39m
            [33mrole[39m=[32m"switch"[39m
            [33mtype[39m=[32m"button"[39m
            [33mvalue[39m=[32m"on"[39m
          [36m>[39m
            [36m<span[39m
              [33mclass[39m=[32m"pointer-events-none block h-4 w-4 rounded-full bg-background shadow-lg ring-0 transition-transform data-[state=checked]:translate-x-4 data-[state=unchecked]:translate-x-0"[39m
              [33mdata-state[39m=[32m"unchecked"[39m
            [36m/>[39m
          [36m</button>[39m
        [36m</div>[39m
      [36m</div>[39m
      [36m<input[39m
        [33maria-label[39m=[32m"Filter folders"[39m
        [33mclass[39m=[32m"flex w-full rounded-md border border-input bg-transparent px-3 py-1 shadow-sm transition-colors file:border-0 file:bg-transparent file:text-sm file:font-medium file:text-foreground placeholder:text-muted-foreground focus-visible:outline-none focus-visible:ring-1 focus-visible:ring-ring disabled:cursor-not-allowed disabled:opacity-50 md:text-sm h-8 text-xs"[39m
        [33mplaceholder[39m=[32m"Filter folders"[39m
        [33mvalue[39m=[32m""[39m
      [36m/>[39m
      [36m<div[39m
        [33maria-busy[39m=[32m"false"[39m
        [33maria-label[39m=[32m"Folder contents"[39m
        [33mclass[39m=[32m"h-56 overflow-y-auto rounded-md border border-border bg-background"[39m
      [36m>[39m
        [36m<ul[39m
          [33mclass[39m=[32m"p-1"[39m
        [36m>[39m
          [36m<li>[39m
            [36m<button[39m
              [33mclass[39m=[32m"flex h-8 w-full items-center gap-2 rounded-sm px-2 text-left text-xs hover:bg-accent focus-visible:outline-none focus-visible:ring-1 focus-visible:ring-ring"[39m
              [33mtitle[39m=[32m"/home/dev/code"[39m
              [33mtype[39m=[32m"button"[39m
            [36m>[39m
              [36m<svg[39m
                [33mclass[39m=[32m"lucide lucide-folder size-3.5 shrink-0 text-muted-foreground"[39m
                [33mfill[39m=[32m"none"[39m
                [33mheight[39m=[32m"24"[39m
                [33mstroke[39m=[32m"currentColor"[39m
                [33mstroke-linecap[39m=[32m"round"[39m
                [33mstroke-linejoin[39m=[32m"round"[39m
                [33mstroke-width[39m=[32m"2"[39m
                [33mviewBox[39m=[32m"0 0 24 24"[39m
                [33mwidth[39m=[32m"24"[39m
                [33mxmlns[39m=[32m"http://www.w3.org/2000/svg"[39m
              [36m>[39m
                [36m<path[39m
                  [33md[39m=[32m"M20 20a2 2 0 0 0 2-2V8a2 2 0 0 0-2-2h-7.9a2 2 0 0 1-1.69-.9L9.6 3.9A2 2 0 0 0 7.93 3H4a2 2 0 0 0-2 2v13a2 2 0 0 0 2 2Z"[39m
                [36m/>[39m
              [36m</svg>[39m
              [36m<span[39m
                [33mclass[39m=[32m"truncate"[39m
              [36m>[39m
                [0mcode[0m
              [36m</span>[39m
            [36m</button>[39m
          [36m</li>[39m
          [36m<li>[39m
            [36m<button[39m
              [33mclass[39m=[32m"flex h-8 w-full items-center gap-2 rounded-sm px-2 text-left text-xs hover:bg-accent focus-visible:outline-none focus-visible:ring-1 focus-visible:ring-ring"[39m
              [33mtitle[39m=[32m"/home/dev/Documents"[39m
              [33mtype[39m=[32m"button"[39m
            [36m>[39m
              [36m<svg[39m
                [33mclass[39m=[32m"lucide lucide-folder size-3.5 shrink-0 text-muted-foreground"[39m
                [33mfill[39m=[32m"none"[39m
                [33mheight[39m=[32m"24"[39m
                [33mstroke[39m=[32m"currentColor"[39m
                [33mstroke-linecap[39m=[32m"round"[39m
                [33mstroke-linejoin[39m=[32m"round"[39m
                [33mstroke-width[39m=[32m"2"[39m
                [33mviewBox[39m=[32m"0 0 24 24"[39m
                [33mwidth[39m=[32m"24"[39m
                [33mxmlns[39m=[32m"http://www.w3.org/2000/svg"[39m
              [36m>[39m
                [36m<path[39m
                  [33md[39m=[32m"M20 20a2 2 0 0 0 2-2V8a2 2 0 0 0-2-2h-7.9a2 2 0 0 1-1.69-.9L9.6 3.9A2 2 0 0 0 7.93 3H4a2 2 0 0 0-2 2v13a2 2 0 0 0 2 2Z"[39m
                [36m/>[39m
              [36m</svg>[39m
              [36m<span[39m
                [33mclass[39m=[32m"truncate"[39m
              [36m>[39m
                [0mDocuments[0m
              [36m</span>[39m
            [36m</button>[39m
          [36m</li>[39m
        [36m</ul>[39m
      [36m</div>[39m
    [36m</fieldset>[39m
  [36m</div>[39m
[36m</body>[39m
   × remote path autocomplete > closes suggestions with Escape and reopens on input click 22ms
     → Unable to find an accessible element with the role "option" and name "code"

Here are the accessible roles:

  group:

  Name "Remote folders":
  [36m<fieldset[39m
    [33maria-label[39m=[32m"Remote folders"[39m
    [33mclass[39m=[32m"min-w-0 space-y-3"[39m
  [36m/>[39m

  --------------------------------------------------
  textbox:

  Name "Remote repository path":
  [36m<input[39m
    [33maria-label[39m=[32m"Remote repository path"[39m
    [33mautocomplete[39m=[32m"off"[39m
    [33mclass[39m=[32m"flex w-full rounded-md border border-input bg-transparent px-3 py-1 shadow-sm transition-colors file:border-0 file:bg-transparent file:text-sm file:font-medium file:text-foreground placeholder:text-muted-foreground focus-visible:outline-none focus-visible:ring-1 focus-visible:ring-ring disabled:cursor-not-allowed disabled:opacity-50 md:text-sm h-8 min-w-0 font-mono text-xs"[39m
    [33mdata-testid[39m=[32m"remote-repo-path-input"[39m
    [33mid[39m=[32m"remote-repo-path"[39m
    [33mplaceholder[39m=[32m"~"[39m
    [33mspellcheck[39m=[32m"false"[39m
    [33mvalue[39m=[32m"/home/dev"[39m
  [36m/>[39m

  Name "Filter folders":
  [36m<input[39m
    [33maria-label[39m=[32m"Filter folders"[39m
    [33mclass[39m=[32m"flex w-full rounded-md border border-input bg-transparent px-3 py-1 shadow-sm transition-colors file:border-0 file:bg-transparent file:text-sm file:font-medium file:text-foreground placeholder:text-muted-foreground focus-visible:outline-none focus-visible:ring-1 focus-visible:ring-ring disabled:cursor-not-allowed disabled:opacity-50 md:text-sm h-8 text-xs"[39m
    [33mplaceholder[39m=[32m"Filter folders"[39m
    [33mvalue[39m=[32m""[39m
  [36m/>[39m

  --------------------------------------------------
  button:

  Name "Go":
  [36m<button[39m
    [33mclass[39m=[32m"inline-flex items-center justify-center gap-2 whitespace-nowrap font-medium transition-colors focus-visible:outline-none focus-visible:ring-1 focus-visible:ring-ring disabled:pointer-events-none disabled:opacity-50 [&_svg]:pointer-events-none [&_svg]:size-4 [&_svg]:shrink-0 border border-input bg-background shadow-sm hover:bg-accent hover:text-accent-foreground h-8 rounded-md px-3 text-xs"[39m
    [33mtype[39m=[32m"button"[39m
  [36m/>[39m

  Name "Remote home":
  [36m<button[39m
    [33maria-label[39m=[32m"Remote home"[39m
    [33mclass[39m=[32m"inline-flex items-center justify-center gap-2 whitespace-nowrap font-medium transition-colors focus-visible:outline-none focus-visible:ring-1 focus-visible:ring-ring disabled:pointer-events-none disabled:opacity-50 [&_svg]:pointer-events-none [&_svg]:size-4 [&_svg]:shrink-0 hover:bg-accent hover:text-accent-foreground h-8 rounded-md px-3 text-xs"[39m
    [33mtitle[39m=[32m"Remote home"[39m
    [33mtype[39m=[32m"button"[39m
  [36m/>[39m

  Name "Parent folder":
  [36m<button[39m
    [33maria-label[39m=[32m"Parent folder"[39m
    [33mclass[39m=[32m"inline-flex items-center justify-center gap-2 whitespace-nowrap font-medium transition-colors focus-visible:outline-none focus-visible:ring-1 focus-visible:ring-ring disabled:pointer-events-none disabled:opacity-50 [&_svg]:pointer-events-none [&_svg]:size-4 [&_svg]:shrink-0 hover:bg-accent hover:text-accent-foreground h-8 rounded-md px-3 text-xs"[39m
    [33mtitle[39m=[32m"Parent folder"[39m
    [33mtype[39m=[32m"button"[39m
  [36m/>[39m

  Name "Refresh folders":
  [36m<button[39m
    [33maria-label[39m=[32m"Refresh folders"[39m
    [33mclass[39m=[32m"inline-flex items-center justify-center gap-2 whitespace-nowrap font-medium transition-colors focus-visible:outline-none focus-visible:ring-1 focus-visible:ring-ring disabled:pointer-events-none disabled:opacity-50 [&_svg]:pointer-events-none [&_svg]:size-4 [&_svg]:shrink-0 hover:bg-accent hover:text-accent-foreground h-8 rounded-md px-3 text-xs"[39m
    [33mtitle[39m=[32m"Refresh folders"[39m
    [33mtype[39m=[32m"button"[39m
  [36m/>[39m

  Name "code":
  [36m<button[39m
    [33mclass[39m=[32m"flex h-8 w-full items-center gap-2 rounded-sm px-2 text-left text-xs hover:bg-accent focus-visible:outline-none focus-visible:ring-1 focus-visible:ring-ring"[39m
    [33mtitle[39m=[32m"/home/dev/code"[39m
    [33mtype[39m=[32m"button"[39m
  [36m/>[39m

  Name "Documents":
  [36m<button[39m
    [33mclass[39m=[32m"flex h-8 w-full items-center gap-2 rounded-sm px-2 text-left text-xs hover:bg-accent focus-visible:outline-none focus-visible:ring-1 focus-visible:ring-ring"[39m
    [33mtitle[39m=[32m"/home/dev/Documents"[39m
    [33mtype[39m=[32m"button"[39m
  [36m/>[39m

  --------------------------------------------------
  switch:

  Name "Hidden folders":
  [36m<button[39m
    [33maria-checked[39m=[32m"false"[39m
    [33mclass[39m=[32m"peer inline-flex h-5 w-9 shrink-0 cursor-pointer items-center rounded-full border-2 border-transparent shadow-sm transition-colors focus-visible:outline-none focus-visible:ring-2 focus-visible:ring-ring focus-visible:ring-offset-2 focus-visible:ring-offset-background disabled:cursor-not-allowed disabled:opacity-50 data-[state=checked]:bg-primary data-[state=unchecked]:bg-input"[39m
    [33mdata-state[39m=[32m"unchecked"[39m
    [33mid[39m=[32m"remote-show-hidden"[39m
    [33mrole[39m=[32m"switch"[39m
    [33mtype[39m=[32m"button"[39m
    [33mvalue[39m=[32m"on"[39m
  [36m/>[39m

  --------------------------------------------------
  list:

  Name "":
  [36m<ul[39m
    [33mclass[39m=[32m"p-1"[39m
  [36m/>[39m

  --------------------------------------------------
  listitem:

  Name "":
  [36m<li />[39m

  Name "":
  [36m<li />[39m

  --------------------------------------------------

Ignored nodes: comments, script, style
[36m<body>[39m
  [36m<div>[39m
    [36m<fieldset[39m
      [33maria-label[39m=[32m"Remote folders"[39m
      [33mclass[39m=[32m"min-w-0 space-y-3"[39m
    [36m>[39m
      [36m<div[39m
        [33mclass[39m=[32m"space-y-1"[39m
      [36m>[39m
        [36m<label[39m
          [33mclass[39m=[32m"text-[11px] text-muted-foreground"[39m
          [33mfor[39m=[32m"remote-repo-path"[39m
        [36m>[39m
          [0mRemote folder[0m
        [36m</label>[39m
        [36m<div[39m
          [33mclass[39m=[32m"flex gap-2"[39m
        [36m>[39m
          [36m<input[39m
            [33maria-label[39m=[32m"Remote repository path"[39m
            [33mautocomplete[39m=[32m"off"[39m
            [33mclass[39m=[32m"flex w-full rounded-md border border-input bg-transparent px-3 py-1 shadow-sm transition-colors file:border-0 file:bg-transparent file:text-sm file:font-medium file:text-foreground placeholder:text-muted-foreground focus-visible:outline-none focus-visible:ring-1 focus-visible:ring-ring disabled:cursor-not-allowed disabled:opacity-50 md:text-sm h-8 min-w-0 font-mono text-xs"[39m
            [33mdata-testid[39m=[32m"remote-repo-path-input"[39m
            [33mid[39m=[32m"remote-repo-path"[39m
            [33mplaceholder[39m=[32m"~"[39m
            [33mspellcheck[39m=[32m"false"[39m
            [33mvalue[39m=[32m"/home/dev"[39m
          [36m/>[39m
          [36m<button[39m
            [33mclass[39m=[32m"inline-flex items-center justify-center gap-2 whitespace-nowrap font-medium transition-colors focus-visible:outline-none focus-visible:ring-1 focus-visible:ring-ring disabled:pointer-events-none disabled:opacity-50 [&_svg]:pointer-events-none [&_svg]:size-4 [&_svg]:shrink-0 border border-input bg-background shadow-sm hover:bg-accent hover:text-accent-foreground h-8 rounded-md px-3 text-xs"[39m
            [33mtype[39m=[32m"button"[39m
          [36m>[39m
            [0mGo[0m
          [36m</button>[39m
        [36m</div>[39m
      [36m</div>[39m
      [36m<div[39m
        [33mclass[39m=[32m"flex flex-wrap items-center gap-2"[39m
      [36m>[39m
        [36m<button[39m
          [33maria-label[39m=[32m"Remote home"[39m
          [33mclass[39m=[32m"inline-flex items-center justify-center gap-2 whitespace-nowrap font-medium transition-colors focus-visible:outline-none focus-visible:ring-1 focus-visible:ring-ring disabled:pointer-events-none disabled:opacity-50 [&_svg]:pointer-events-none [&_svg]:size-4 [&_svg]:shrink-0 hover:bg-accent hover:text-accent-foreground h-8 rounded-md px-3 text-xs"[39m
          [33mtitle[39m=[32m"Remote home"[39m
          [33mtype[39m=[32m"button"[39m
        [36m>[39m
          [36m<svg[39m
            [33mclass[39m=[32m"lucide lucide-house size-3.5"[39m
            [33mfill[39m=[32m"none"[39m
            [33mheight[39m=[32m"24"[39m
            [33mstroke[39m=[32m"currentColor"[39m
            [33mstroke-linecap[39m=[32m"round"[39m
            [33mstroke-linejoin[39m=[32m"round"[39m
            [33mstroke-width[39m=[32m"2"[39m
            [33mviewBox[39m=[32m"0 0 24 24"[39m
            [33mwidth[39m=[32m"24"[39m
            [33mxmlns[39m=[32m"http://www.w3.org/2000/svg"[39m
          [36m>[39m
            [36m<path[39m
              [33md[39m=[32m"M15 21v-8a1 1 0 0 0-1-1h-4a1 1 0 0 0-1 1v8"[39m
            [36m/>[39m
            [36m<path[39m
              [33md[39m=[32m"M3 10a2 2 0 0 1 .709-1.528l7-5.999a2 2 0 0 1 2.582 0l7 5.999A2 2 0 0 1 21 10v9a2 2 0 0 1-2 2H5a2 2 0 0 1-2-2z"[39m
            [36m/>[39m
          [36m</svg>[39m
        [36m</button>[39m
        [36m<button[39m
          [33maria-label[39m=[32m"Parent folder"[39m
          [33mclass[39m=[32m"inline-flex items-center justify-center gap-2 whitespace-nowrap font-medium transition-colors focus-visible:outline-none focus-visible:ring-1 focus-visible:ring-ring disabled:pointer-events-none disabled:opacity-50 [&_svg]:pointer-events-none [&_svg]:size-4 [&_svg]:shrink-0 hover:bg-accent hover:text-accent-foreground h-8 rounded-md px-3 text-xs"[39m
          [33mtitle[39m=[32m"Parent folder"[39m
          [33mtype[39m=[32m"button"[39m
        [36m>[39m
          [36m<svg[39m
            [33mclass[39m=[32m"lucide lucide-arrow-up size-3.5"[39m
            [33mfill[39m=[32m"none"[39m
            [33mheight[39m=[32m"24"[39m
            [33mstroke[39m=[32m"currentColor"[39m
            [33mstroke-linecap[39m=[32m"round"[39m
            [33mstroke-linejoin[39m=[32m"round"[39m
            [33mstroke-width[39m=[32m"2"[39m
            [33mviewBox[39m=[32m"0 0 24 24"[39m
            [33mwidth[39m=[32m"24"[39m
            [33mxmlns[39m=[32m"http://www.w3.org/2000/svg"[39m
          [36m>[39m
            [36m<path[39m
              [33md[39m=[32m"m5 12 7-7 7 7"[39m
            [36m/>[39m
            [36m<path[39m
              [33md[39m=[32m"M12 19V5"[39m
            [36m/>[39m
          [36m</svg>[39m
        [36m</button>[39m
        [36m<button[39m
          [33maria-label[39m=[32m"Refresh folders"[39m
          [33mclass[39m=[32m"inline-flex items-center justify-center gap-2 whitespace-nowrap font-medium transition-colors focus-visible:outline-none focus-visible:ring-1 focus-visible:ring-ring disabled:pointer-events-none disabled:opacity-50 [&_svg]:pointer-events-none [&_svg]:size-4 [&_svg]:shrink-0 hover:bg-accent hover:text-accent-foreground h-8 rounded-md px-3 text-xs"[39m
          [33mtitle[39m=[32m"Refresh folders"[39m
          [33mtype[39m=[32m"button"[39m
        [36m>[39m
          [36m<svg[39m
            [33mclass[39m=[32m"lucide lucide-refresh-cw size-3.5"[39m
            [33mfill[39m=[32m"none"[39m
            [33mheight[39m=[32m"24"[39m
            [33mstroke[39m=[32m"currentColor"[39m
            [33mstroke-linecap[39m=[32m"round"[39m
            [33mstroke-linejoin[39m=[32m"round"[39m
            [33mstroke-width[39m=[32m"2"[39m
            [33mviewBox[39m=[32m"0 0 24 24"[39m
            [33mwidth[39m=[32m"24"[39m
            [33mxmlns[39m=[32m"http://www.w3.org/2000/svg"[39m
          [36m>[39m
            [36m<path[39m
              [33md[39m=[32m"M3 12a9 9 0 0 1 9-9 9.75 9.75 0 0 1 6.74 2.74L21 8"[39m
            [36m/>[39m
            [36m<path[39m
              [33md[39m=[32m"M21 3v5h-5"[39m
            [36m/>[39m
            [36m<path[39m
              [33md[39m=[32m"M21 12a9 9 0 0 1-9 9 9.75 9.75 0 0 1-6.74-2.74L3 16"[39m
            [36m/>[39m
            [36m<path[39m
              [33md[39m=[32m"M8 16H3v5"[39m
            [36m/>[39m
          [36m</svg>[39m
        [36m</button>[39m
        [36m<div[39m
          [33mclass[39m=[32m"ml-auto flex items-center gap-2"[39m
        [36m>[39m
          [36m<label[39m
            [33mclass[39m=[32m"text-[11px] text-muted-foreground"[39m
            [33mfor[39m=[32m"remote-show-hidden"[39m
          [36m>[39m
            [0mHidden folders[0m
          [36m</label>[39m
          [36m<button[39m
            [33maria-checked[39m=[32m"false"[39m
            [33mclass[39m=[32m"peer inline-flex h-5 w-9 shrink-0 cursor-pointer items-center rounded-full border-2 border-transparent shadow-sm transition-colors focus-visible:outline-none focus-visible:ring-2 focus-visible:ring-ring focus-visible:ring-offset-2 focus-visible:ring-offset-background disabled:cursor-not-allowed disabled:opacity-50 data-[state=checked]:bg-primary data-[state=unchecked]:bg-input"[39m
            [33mdata-state[39m=[32m"unchecked"[39m
            [33mid[39m=[32m"remote-show-hidden"[39m
            [33mrole[39m=[32m"switch"[39m
            [33mtype[39m=[32m"button"[39m
            [33mvalue[39m=[32m"on"[39m
          [36m>[39m
            [36m<span[39m
              [33mclass[39m=[32m"pointer-events-none block h-4 w-4 rounded-full bg-background shadow-lg ring-0 transition-transform data-[state=checked]:translate-x-4 data-[state=unchecked]:translate-x-0"[39m
              [33mdata-state[39m=[32m"unchecked"[39m
            [36m/>[39m
          [36m</button>[39m
        [36m</div>[39m
      [36m</div>[39m
      [36m<input[39m
        [33maria-label[39m=[32m"Filter folders"[39m
        [33mclass[39m=[32m"flex w-full rounded-md border border-input bg-transparent px-3 py-1 shadow-sm transition-colors file:border-0 file:bg-transparent file:text-sm file:font-medium file:text-foreground placeholder:text-muted-foreground focus-visible:outline-none focus-visible:ring-1 focus-visible:ring-ring disabled:cursor-not-allowed disabled:opacity-50 md:text-sm h-8 text-xs"[39m
        [33mplaceholder[39m=[32m"Filter folders"[39m
        [33mvalue[39m=[32m""[39m
      [36m/>[39m
      [36m<div[39m
        [33maria-busy[39m=[32m"false"[39m
        [33maria-label[39m=[32m"Folder contents"[39m
        [33mclass[39m=[32m"h-56 overflow-y-auto rounded-md border border-border bg-background"[39m
      [36m>[39m
        [36m<ul[39m
          [33mclass[39m=[32m"p-1"[39m
        [36m>[39m
          [36m<li>[39m
            [36m<button[39m
              [33mclass[39m=[32m"flex h-8 w-full items-center gap-2 rounded-sm px-2 text-left text-xs hover:bg-accent focus-visible:outline-none focus-visible:ring-1 focus-visible:ring-ring"[39m
              [33mtitle[39m=[32m"/home/dev/code"[39m
              [33mtype[39m=[32m"button"[39m
            [36m>[39m
              [36m<svg[39m
                [33mclass[39m=[32m"lucide lucide-folder size-3.5 shrink-0 text-muted-foreground"[39m
                [33mfill[39m=[32m"none"[39m
                [33mheight[39m=[32m"24"[39m
                [33mstroke[39m=[32m"currentColor"[39m
                [33mstroke-linecap[39m=[32m"round"[39m
                [33mstroke-linejoin[39m=[32m"round"[39m
                [33mstroke-width[39m=[32m"2"[39m
                [33mviewBox[39m=[32m"0 0 24 24"[39m
                [33mwidth[39m=[32m"24"[39m
                [33mxmlns[39m=[32m"http://www.w3.org/2000/svg"[39m
              [36m>[39m
                [36m<path[39m
                  [33md[39m=[32m"M20 20a2 2 0 0 0 2-2V8a2 2 0 0 0-2-2h-7.9a2 2 0 0 1-1.69-.9L9.6 3.9A2 2 0 0 0 7.93 3H4a2 2 0 0 0-2 2v13a2 2 0 0 0 2 2Z"[39m
                [36m/>[39m
              [36m</svg>[39m
              [36m<span[39m
                [33mclass[39m=[32m"truncate"[39m
              [36m>[39m
                [0mcode[0m
              [36m</span>[39m
            [36m</button>[39m
          [36m</li>[39m
          [36m<li>[39m
            [36m<button[39m
              [33mclass[39m=[32m"flex h-8 w-full items-center gap-2 rounded-sm px-2 text-left text-xs hover:bg-accent focus-visible:outline-none focus-visible:ring-1 focus-visible:ring-ring"[39m
              [33mtitle[39m=[32m"/home/dev/Documents"[39m
              [33mtype[39m=[32m"button"[39m
            [36m>[39m
              [36m<svg[39m
                [33mclass[39m=[32m"lucide lucide-folder size-3.5 shrink-0 text-muted-foreground"[39m
                [33mfill[39m=[32m"none"[39m
                [33mheight[39m=[32m"24"[39m
                [33mstroke[39m=[32m"currentColor"[39m
                [33mstroke-linecap[39m=[32m"round"[39m
                [33mstroke-linejoin[39m=[32m"round"[39m
                [33mstroke-width[39m=[32m"2"[39m
                [33mviewBox[39m=[32m"0 0 24 24"[39m
                [33mwidth[39m=[32m"24"[39m
                [33mxmlns[39m=[32m"http://www.w3.org/2000/svg"[39m
              [36m>[39m
                [36m<path[39m
                  [33md[39m=[32m"M20 20a2 2 0 0 0 2-2V8a2 2 0 0 0-2-2h-7.9a2 2 0 0 1-1.69-.9L9.6 3.9A2 2 0 0 0 7.93 3H4a2 2 0 0 0-2 2v13a2 2 0 0 0 2 2Z"[39m
                [36m/>[39m
              [36m</svg>[39m
              [36m<span[39m
                [33mclass[39m=[32m"truncate"[39m
              [36m>[39m
                [0mDocuments[0m
              [36m</span>[39m
            [36m</button>[39m
          [36m</li>[39m
        [36m</ul>[39m
      [36m</div>[39m
    [36m</fieldset>[39m
  [36m</div>[39m
[36m</body>[39m
   × remote path autocomplete > browses Windows separator form C:/Users/dev/code/ 17ms
     → Unable to find an accessible element with the role "option" and name "app"

Here are the accessible roles:

  group:

  Name "Remote folders":
  [36m<fieldset[39m
    [33maria-label[39m=[32m"Remote folders"[39m
    [33mclass[39m=[32m"min-w-0 space-y-3"[39m
  [36m/>[39m

  --------------------------------------------------
  textbox:

  Name "Remote repository path":
  [36m<input[39m
    [33maria-label[39m=[32m"Remote repository path"[39m
    [33mautocomplete[39m=[32m"off"[39m
    [33mclass[39m=[32m"flex w-full rounded-md border border-input bg-transparent px-3 py-1 shadow-sm transition-colors file:border-0 file:bg-transparent file:text-sm file:font-medium file:text-foreground placeholder:text-muted-foreground focus-visible:outline-none focus-visible:ring-1 focus-visible:ring-ring disabled:cursor-not-allowed disabled:opacity-50 md:text-sm h-8 min-w-0 font-mono text-xs"[39m
    [33mdata-testid[39m=[32m"remote-repo-path-input"[39m
    [33mid[39m=[32m"remote-repo-path"[39m
    [33mplaceholder[39m=[32m"~"[39m
    [33mspellcheck[39m=[32m"false"[39m
    [33mvalue[39m=[32m"C:/Users/dev/code/"[39m
  [36m/>[39m

  Name "Filter folders":
  [36m<input[39m
    [33maria-label[39m=[32m"Filter folders"[39m
    [33mclass[39m=[32m"flex w-full rounded-md border border-input bg-transparent px-3 py-1 shadow-sm transition-colors file:border-0 file:bg-transparent file:text-sm file:font-medium file:text-foreground placeholder:text-muted-foreground focus-visible:outline-none focus-visible:ring-1 focus-visible:ring-ring disabled:cursor-not-allowed disabled:opacity-50 md:text-sm h-8 text-xs"[39m
    [33mplaceholder[39m=[32m"Filter folders"[39m
    [33mvalue[39m=[32m""[39m
  [36m/>[39m

  --------------------------------------------------
  button:

  Name "Go":
  [36m<button[39m
    [33mclass[39m=[32m"inline-flex items-center justify-center gap-2 whitespace-nowrap font-medium transition-colors focus-visible:outline-none focus-visible:ring-1 focus-visible:ring-ring disabled:pointer-events-none disabled:opacity-50 [&_svg]:pointer-events-none [&_svg]:size-4 [&_svg]:shrink-0 border border-input bg-background shadow-sm hover:bg-accent hover:text-accent-foreground h-8 rounded-md px-3 text-xs"[39m
    [33mtype[39m=[32m"button"[39m
  [36m/>[39m

  Name "Remote home":
  [36m<button[39m
    [33maria-label[39m=[32m"Remote home"[39m
    [33mclass[39m=[32m"inline-flex items-center justify-center gap-2 whitespace-nowrap font-medium transition-colors focus-visible:outline-none focus-visible:ring-1 focus-visible:ring-ring disabled:pointer-events-none disabled:opacity-50 [&_svg]:pointer-events-none [&_svg]:size-4 [&_svg]:shrink-0 hover:bg-accent hover:text-accent-foreground h-8 rounded-md px-3 text-xs"[39m
    [33mtitle[39m=[32m"Remote home"[39m
    [33mtype[39m=[32m"button"[39m
  [36m/>[39m

  Name "Parent folder":
  [36m<button[39m
    [33maria-label[39m=[32m"Parent folder"[39m
    [33mclass[39m=[32m"inline-flex items-center justify-center gap-2 whitespace-nowrap font-medium transition-colors focus-visible:outline-none focus-visible:ring-1 focus-visible:ring-ring disabled:pointer-events-none disabled:opacity-50 [&_svg]:pointer-events-none [&_svg]:size-4 [&_svg]:shrink-0 hover:bg-accent hover:text-accent-foreground h-8 rounded-md px-3 text-xs"[39m
    [33mtitle[39m=[32m"Parent folder"[39m
    [33mtype[39m=[32m"button"[39m
  [36m/>[39m

  Name "Refresh folders":
  [36m<button[39m
    [33maria-label[39m=[32m"Refresh folders"[39m
    [33mclass[39m=[32m"inline-flex items-center justify-center gap-2 whitespace-nowrap font-medium transition-colors focus-visible:outline-none focus-visible:ring-1 focus-visible:ring-ring disabled:pointer-events-none disabled:opacity-50 [&_svg]:pointer-events-none [&_svg]:size-4 [&_svg]:shrink-0 hover:bg-accent hover:text-accent-foreground h-8 rounded-md px-3 text-xs"[39m
    [33mtitle[39m=[32m"Refresh folders"[39m
    [33mtype[39m=[32m"button"[39m
  [36m/>[39m

  --------------------------------------------------
  switch:

  Name "Hidden folders":
  [36m<button[39m
    [33maria-checked[39m=[32m"false"[39m
    [33mclass[39m=[32m"peer inline-flex h-5 w-9 shrink-0 cursor-pointer items-center rounded-full border-2 border-transparent shadow-sm transition-colors focus-visible:outline-none focus-visible:ring-2 focus-visible:ring-ring focus-visible:ring-offset-2 focus-visible:ring-offset-background disabled:cursor-not-allowed disabled:opacity-50 data-[state=checked]:bg-primary data-[state=unchecked]:bg-input"[39m
    [33mdata-state[39m=[32m"unchecked"[39m
    [33mid[39m=[32m"remote-show-hidden"[39m
    [33mrole[39m=[32m"switch"[39m
    [33mtype[39m=[32m"button"[39m
    [33mvalue[39m=[32m"on"[39m
  [36m/>[39m

  --------------------------------------------------
  status:

  Name "":
  [36m<p[39m
    [33mclass[39m=[32m"p-6 text-center text-xs text-muted-foreground"[39m
    [33mrole[39m=[32m"status"[39m
  [36m/>[39m

  --------------------------------------------------

Ignored nodes: comments, script, style
[36m<body>[39m
  [36m<div>[39m
    [36m<fieldset[39m
      [33maria-label[39m=[32m"Remote folders"[39m
      [33mclass[39m=[32m"min-w-0 space-y-3"[39m
    [36m>[39m
      [36m<div[39m
        [33mclass[39m=[32m"space-y-1"[39m
      [36m>[39m
        [36m<label[39m
          [33mclass[39m=[32m"text-[11px] text-muted-foreground"[39m
          [33mfor[39m=[32m"remote-repo-path"[39m
        [36m>[39m
          [0mRemote folder[0m
        [36m</label>[39m
        [36m<div[39m
          [33mclass[39m=[32m"flex gap-2"[39m
        [36m>[39m
          [36m<input[39m
            [33maria-label[39m=[32m"Remote repository path"[39m
            [33mautocomplete[39m=[32m"off"[39m
            [33mclass[39m=[32m"flex w-full rounded-md border border-input bg-transparent px-3 py-1 shadow-sm transition-colors file:border-0 file:bg-transparent file:text-sm file:font-medium file:text-foreground placeholder:text-muted-foreground focus-visible:outline-none focus-visible:ring-1 focus-visible:ring-ring disabled:cursor-not-allowed disabled:opacity-50 md:text-sm h-8 min-w-0 font-mono text-xs"[39m
            [33mdata-testid[39m=[32m"remote-repo-path-input"[39m
            [33mid[39m=[32m"remote-repo-path"[39m
            [33mplaceholder[39m=[32m"~"[39m
            [33mspellcheck[39m=[32m"false"[39m
            [33mvalue[39m=[32m"C:/Users/dev/code/"[39m
          [36m/>[39m
          [36m<button[39m
            [33mclass[39m=[32m"inline-flex items-center justify-center gap-2 whitespace-nowrap font-medium transition-colors focus-visible:outline-none focus-visible:ring-1 focus-visible:ring-ring disabled:pointer-events-none disabled:opacity-50 [&_svg]:pointer-events-none [&_svg]:size-4 [&_svg]:shrink-0 border border-input bg-background shadow-sm hover:bg-accent hover:text-accent-foreground h-8 rounded-md px-3 text-xs"[39m
            [33mtype[39m=[32m"button"[39m
          [36m>[39m
            [0mGo[0m
          [36m</button>[39m
        [36m</div>[39m
      [36m</div>[39m
      [36m<div[39m
        [33mclass[39m=[32m"flex flex-wrap items-center gap-2"[39m
      [36m>[39m
        [36m<button[39m
          [33maria-label[39m=[32m"Remote home"[39m
          [33mclass[39m=[32m"inline-flex items-center justify-center gap-2 whitespace-nowrap font-medium transition-colors focus-visible:outline-none focus-visible:ring-1 focus-visible:ring-ring disabled:pointer-events-none disabled:opacity-50 [&_svg]:pointer-events-none [&_svg]:size-4 [&_svg]:shrink-0 hover:bg-accent hover:text-accent-foreground h-8 rounded-md px-3 text-xs"[39m
          [33mtitle[39m=[32m"Remote home"[39m
          [33mtype[39m=[32m"button"[39m
        [36m>[39m
          [36m<svg[39m
            [33mclass[39m=[32m"lucide lucide-house size-3.5"[39m
            [33mfill[39m=[32m"none"[39m
            [33mheight[39m=[32m"24"[39m
            [33mstroke[39m=[32m"currentColor"[39m
            [33mstroke-linecap[39m=[32m"round"[39m
            [33mstroke-linejoin[39m=[32m"round"[39m
            [33mstroke-width[39m=[32m"2"[39m
            [33mviewBox[39m=[32m"0 0 24 24"[39m
            [33mwidth[39m=[32m"24"[39m
            [33mxmlns[39m=[32m"http://www.w3.org/2000/svg"[39m
          [36m>[39m
            [36m<path[39m
              [33md[39m=[32m"M15 21v-8a1 1 0 0 0-1-1h-4a1 1 0 0 0-1 1v8"[39m
            [36m/>[39m
            [36m<path[39m
              [33md[39m=[32m"M3 10a2 2 0 0 1 .709-1.528l7-5.999a2 2 0 0 1 2.582 0l7 5.999A2 2 0 0 1 21 10v9a2 2 0 0 1-2 2H5a2 2 0 0 1-2-2z"[39m
            [36m/>[39m
          [36m</svg>[39m
        [36m</button>[39m
        [36m<button[39m
          [33maria-label[39m=[32m"Parent folder"[39m
          [33mclass[39m=[32m"inline-flex items-center justify-center gap-2 whitespace-nowrap font-medium transition-colors focus-visible:outline-none focus-visible:ring-1 focus-visible:ring-ring disabled:pointer-events-none disabled:opacity-50 [&_svg]:pointer-events-none [&_svg]:size-4 [&_svg]:shrink-0 hover:bg-accent hover:text-accent-foreground h-8 rounded-md px-3 text-xs"[39m
          [33mtitle[39m=[32m"Parent folder"[39m
          [33mtype[39m=[32m"button"[39m
        [36m>[39m
          [36m<svg[39m
            [33mclass[39m=[32m"lucide lucide-arrow-up size-3.5"[39m
            [33mfill[39m=[32m"none"[39m
            [33mheight[39m=[32m"24"[39m
            [33mstroke[39m=[32m"currentColor"[39m
            [33mstroke-linecap[39m=[32m"round"[39m
            [33mstroke-linejoin[39m=[32m"round"[39m
            [33mstroke-width[39m=[32m"2"[39m
            [33mviewBox[39m=[32m"0 0 24 24"[39m
            [33mwidth[39m=[32m"24"[39m
            [33mxmlns[39m=[32m"http://www.w3.org/2000/svg"[39m
          [36m>[39m
            [36m<path[39m
              [33md[39m=[32m"m5 12 7-7 7 7"[39m
            [36m/>[39m
            [36m<path[39m
              [33md[39m=[32m"M12 19V5"[39m
            [36m/>[39m
          [36m</svg>[39m
        [36m</button>[39m
        [36m<button[39m
          [33maria-label[39m=[32m"Refresh folders"[39m
          [33mclass[39m=[32m"inline-flex items-center justify-center gap-2 whitespace-nowrap font-medium transition-colors focus-visible:outline-none focus-visible:ring-1 focus-visible:ring-ring disabled:pointer-events-none disabled:opacity-50 [&_svg]:pointer-events-none [&_svg]:size-4 [&_svg]:shrink-0 hover:bg-accent hover:text-accent-foreground h-8 rounded-md px-3 text-xs"[39m
          [33mtitle[39m=[32m"Refresh folders"[39m
          [33mtype[39m=[32m"button"[39m
        [36m>[39m
          [36m<svg[39m
            [33mclass[39m=[32m"lucide lucide-refresh-cw size-3.5"[39m
            [33mfill[39m=[32m"none"[39m
            [33mheight[39m=[32m"24"[39m
            [33mstroke[39m=[32m"currentColor"[39m
            [33mstroke-linecap[39m=[32m"round"[39m
            [33mstroke-linejoin[39m=[32m"round"[39m
            [33mstroke-width[39m=[32m"2"[39m
            [33mviewBox[39m=[32m"0 0 24 24"[39m
            [33mwidth[39m=[32m"24"[39m
            [33mxmlns[39m=[32m"http://www.w3.org/2000/svg"[39m
          [36m>[39m
            [36m<path[39m
              [33md[39m=[32m"M3 12a9 9 0 0 1 9-9 9.75 9.75 0 0 1 6.74 2.74L21 8"[39m
            [36m/>[39m
            [36m<path[39m
              [33md[39m=[32m"M21 3v5h-5"[39m
            [36m/>[39m
            [36m<path[39m
              [33md[39m=[32m"M21 12a9 9 0 0 1-9 9 9.75 9.75 0 0 1-6.74-2.74L3 16"[39m
            [36m/>[39m
            [36m<path[39m
              [33md[39m=[32m"M8 16H3v5"[39m
            [36m/>[39m
          [36m</svg>[39m
        [36m</button>[39m
        [36m<div[39m
          [33mclass[39m=[32m"ml-auto flex items-center gap-2"[39m
        [36m>[39m
          [36m<label[39m
            [33mclass[39m=[32m"text-[11px] text-muted-foreground"[39m
            [33mfor[39m=[32m"remote-show-hidden"[39m
          [36m>[39m
            [0mHidden folders[0m
          [36m</label>[39m
          [36m<button[39m
            [33maria-checked[39m=[32m"false"[39m
            [33mclass[39m=[32m"peer inline-flex h-5 w-9 shrink-0 cursor-pointer items-center rounded-full border-2 border-transparent shadow-sm transition-colors focus-visible:outline-none focus-visible:ring-2 focus-visible:ring-ring focus-visible:ring-offset-2 focus-visible:ring-offset-background disabled:cursor-not-allowed disabled:opacity-50 data-[state=checked]:bg-primary data-[state=unchecked]:bg-input"[39m
            [33mdata-state[39m=[32m"unchecked"[39m
            [33mid[39m=[32m"remote-show-hidden"[39m
            [33mrole[39m=[32m"switch"[39m
            [33mtype[39m=[32m"button"[39m
            [33mvalue[39m=[32m"on"[39m
          [36m>[39m
            [36m<span[39m
              [33mclass[39m=[32m"pointer-events-none block h-4 w-4 rounded-full bg-background shadow-lg ring-0 transition-transform data-[state=checked]:translate-x-4 data-[state=unchecked]:translate-x-0"[39m
              [33mdata-state[39m=[32m"unchecked"[39m
            [36m/>[39m
          [36m</button>[39m
        [36m</div>[39m
      [36m</div>[39m
      [36m<input[39m
        [33maria-label[39m=[32m"Filter folders"[39m
        [33mclass[39m=[32m"flex w-full rounded-md border border-input bg-transparent px-3 py-1 shadow-sm transition-colors file:border-0 file:bg-transparent file:text-sm file:font-medium file:text-foreground placeholder:text-muted-foreground focus-visible:outline-none focus-visible:ring-1 focus-visible:ring-ring disabled:cursor-not-allowed disabled:opacity-50 md:text-sm h-8 text-xs"[39m
        [33mplaceholder[39m=[32m"Filter folders"[39m
        [33mvalue[39m=[32m""[39m
      [36m/>[39m
      [36m<div[39m
        [33maria-busy[39m=[32m"false"[39m
        [33maria-label[39m=[32m"Folder contents"[39m
        [33mclass[39m=[32m"h-56 overflow-y-auto rounded-md border border-border bg-background"[39m
      [36m>[39m
        [36m<p[39m
          [33mclass[39m=[32m"p-6 text-center text-xs text-muted-foreground"[39m
          [33mrole[39m=[32m"status"[39m
        [36m>[39m
          [0mNo visible subfolders.[0m
        [36m</p>[39m
      [36m</div>[39m
    [36m</fieldset>[39m
  [36m</div>[39m
[36m</body>[39m
   × remote path autocomplete > browses Windows separator form C:\Users\dev\code\ 16ms
     → Unable to find an accessible element with the role "option" and name "app"

Here are the accessible roles:

  group:

  Name "Remote folders":
  [36m<fieldset[39m
    [33maria-label[39m=[32m"Remote folders"[39m
    [33mclass[39m=[32m"min-w-0 space-y-3"[39m
  [36m/>[39m

  --------------------------------------------------
  textbox:

  Name "Remote repository path":
  [36m<input[39m
    [33maria-label[39m=[32m"Remote repository path"[39m
    [33mautocomplete[39m=[32m"off"[39m
    [33mclass[39m=[32m"flex w-full rounded-md border border-input bg-transparent px-3 py-1 shadow-sm transition-colors file:border-0 file:bg-transparent file:text-sm file:font-medium file:text-foreground placeholder:text-muted-foreground focus-visible:outline-none focus-visible:ring-1 focus-visible:ring-ring disabled:cursor-not-allowed disabled:opacity-50 md:text-sm h-8 min-w-0 font-mono text-xs"[39m
    [33mdata-testid[39m=[32m"remote-repo-path-input"[39m
    [33mid[39m=[32m"remote-repo-path"[39m
    [33mplaceholder[39m=[32m"~"[39m
    [33mspellcheck[39m=[32m"false"[39m
    [33mvalue[39m=[32m"C:\\Users\\dev\\code\\"[39m
  [36m/>[39m

  Name "Filter folders":
  [36m<input[39m
    [33maria-label[39m=[32m"Filter folders"[39m
    [33mclass[39m=[32m"flex w-full rounded-md border border-input bg-transparent px-3 py-1 shadow-sm transition-colors file:border-0 file:bg-transparent file:text-sm file:font-medium file:text-foreground placeholder:text-muted-foreground focus-visible:outline-none focus-visible:ring-1 focus-visible:ring-ring disabled:cursor-not-allowed disabled:opacity-50 md:text-sm h-8 text-xs"[39m
    [33mplaceholder[39m=[32m"Filter folders"[39m
    [33mvalue[39m=[32m""[39m
  [36m/>[39m

  --------------------------------------------------
  button:

  Name "Go":
  [36m<button[39m
    [33mclass[39m=[32m"inline-flex items-center justify-center gap-2 whitespace-nowrap font-medium transition-colors focus-visible:outline-none focus-visible:ring-1 focus-visible:ring-ring disabled:pointer-events-none disabled:opacity-50 [&_svg]:pointer-events-none [&_svg]:size-4 [&_svg]:shrink-0 border border-input bg-background shadow-sm hover:bg-accent hover:text-accent-foreground h-8 rounded-md px-3 text-xs"[39m
    [33mtype[39m=[32m"button"[39m
  [36m/>[39m

  Name "Remote home":
  [36m<button[39m
    [33maria-label[39m=[32m"Remote home"[39m
    [33mclass[39m=[32m"inline-flex items-center justify-center gap-2 whitespace-nowrap font-medium transition-colors focus-visible:outline-none focus-visible:ring-1 focus-visible:ring-ring disabled:pointer-events-none disabled:opacity-50 [&_svg]:pointer-events-none [&_svg]:size-4 [&_svg]:shrink-0 hover:bg-accent hover:text-accent-foreground h-8 rounded-md px-3 text-xs"[39m
    [33mtitle[39m=[32m"Remote home"[39m
    [33mtype[39m=[32m"button"[39m
  [36m/>[39m

  Name "Parent folder":
  [36m<button[39m
    [33maria-label[39m=[32m"Parent folder"[39m
    [33mclass[39m=[32m"inline-flex items-center justify-center gap-2 whitespace-nowrap font-medium transition-colors focus-visible:outline-none focus-visible:ring-1 focus-visible:ring-ring disabled:pointer-events-none disabled:opacity-50 [&_svg]:pointer-events-none [&_svg]:size-4 [&_svg]:shrink-0 hover:bg-accent hover:text-accent-foreground h-8 rounded-md px-3 text-xs"[39m
    [33mtitle[39m=[32m"Parent folder"[39m
    [33mtype[39m=[32m"button"[39m
  [36m/>[39m

  Name "Refresh folders":
  [36m<button[39m
    [33maria-label[39m=[32m"Refresh folders"[39m
    [33mclass[39m=[32m"inline-flex items-center justify-center gap-2 whitespace-nowrap font-medium transition-colors focus-visible:outline-none focus-visible:ring-1 focus-visible:ring-ring disabled:pointer-events-none disabled:opacity-50 [&_svg]:pointer-events-none [&_svg]:size-4 [&_svg]:shrink-0 hover:bg-accent hover:text-accent-foreground h-8 rounded-md px-3 text-xs"[39m
    [33mtitle[39m=[32m"Refresh folders"[39m
    [33mtype[39m=[32m"button"[39m
  [36m/>[39m

  --------------------------------------------------
  switch:

  Name "Hidden folders":
  [36m<button[39m
    [33maria-checked[39m=[32m"false"[39m
    [33mclass[39m=[32m"peer inline-flex h-5 w-9 shrink-0 cursor-pointer items-center rounded-full border-2 border-transparent shadow-sm transition-colors focus-visible:outline-none focus-visible:ring-2 focus-visible:ring-ring focus-visible:ring-offset-2 focus-visible:ring-offset-background disabled:cursor-not-allowed disabled:opacity-50 data-[state=checked]:bg-primary data-[state=unchecked]:bg-input"[39m
    [33mdata-state[39m=[32m"unchecked"[39m
    [33mid[39m=[32m"remote-show-hidden"[39m
    [33mrole[39m=[32m"switch"[39m
    [33mtype[39m=[32m"button"[39m
    [33mvalue[39m=[32m"on"[39m
  [36m/>[39m

  --------------------------------------------------
  status:

  Name "":
  [36m<p[39m
    [33mclass[39m=[32m"p-6 text-center text-xs text-muted-foreground"[39m
    [33mrole[39m=[32m"status"[39m
  [36m/>[39m

  --------------------------------------------------

Ignored nodes: comments, script, style
[36m<body>[39m
  [36m<div>[39m
    [36m<fieldset[39m
      [33maria-label[39m=[32m"Remote folders"[39m
      [33mclass[39m=[32m"min-w-0 space-y-3"[39m
    [36m>[39m
      [36m<div[39m
        [33mclass[39m=[32m"space-y-1"[39m
      [36m>[39m
        [36m<label[39m
          [33mclass[39m=[32m"text-[11px] text-muted-foreground"[39m
          [33mfor[39m=[32m"remote-repo-path"[39m
        [36m>[39m
          [0mRemote folder[0m
        [36m</label>[39m
        [36m<div[39m
          [33mclass[39m=[32m"flex gap-2"[39m
        [36m>[39m
          [36m<input[39m
            [33maria-label[39m=[32m"Remote repository path"[39m
            [33mautocomplete[39m=[32m"off"[39m
            [33mclass[39m=[32m"flex w-full rounded-md border border-input bg-transparent px-3 py-1 shadow-sm transition-colors file:border-0 file:bg-transparent file:text-sm file:font-medium file:text-foreground placeholder:text-muted-foreground focus-visible:outline-none focus-visible:ring-1 focus-visible:ring-ring disabled:cursor-not-allowed disabled:opacity-50 md:text-sm h-8 min-w-0 font-mono text-xs"[39m
            [33mdata-testid[39m=[32m"remote-repo-path-input"[39m
            [33mid[39m=[32m"remote-repo-path"[39m
            [33mplaceholder[39m=[32m"~"[39m
            [33mspellcheck[39m=[32m"false"[39m
            [33mvalue[39m=[32m"C:\\Users\\dev\\code\\"[39m
          [36m/>[39m
          [36m<button[39m
            [33mclass[39m=[32m"inline-flex items-center justify-center gap-2 whitespace-nowrap font-medium transition-colors focus-visible:outline-none focus-visible:ring-1 focus-visible:ring-ring disabled:pointer-events-none disabled:opacity-50 [&_svg]:pointer-events-none [&_svg]:size-4 [&_svg]:shrink-0 border border-input bg-background shadow-sm hover:bg-accent hover:text-accent-foreground h-8 rounded-md px-3 text-xs"[39m
            [33mtype[39m=[32m"button"[39m
          [36m>[39m
            [0mGo[0m
          [36m</button>[39m
        [36m</div>[39m
      [36m</div>[39m
      [36m<div[39m
        [33mclass[39m=[32m"flex flex-wrap items-center gap-2"[39m
      [36m>[39m
        [36m<button[39m
          [33maria-label[39m=[32m"Remote home"[39m
          [33mclass[39m=[32m"inline-flex items-center justify-center gap-2 whitespace-nowrap font-medium transition-colors focus-visible:outline-none focus-visible:ring-1 focus-visible:ring-ring disabled:pointer-events-none disabled:opacity-50 [&_svg]:pointer-events-none [&_svg]:size-4 [&_svg]:shrink-0 hover:bg-accent hover:text-accent-foreground h-8 rounded-md px-3 text-xs"[39m
          [33mtitle[39m=[32m"Remote home"[39m
          [33mtype[39m=[32m"button"[39m
        [36m>[39m
          [36m<svg[39m
            [33mclass[39m=[32m"lucide lucide-house size-3.5"[39m
            [33mfill[39m=[32m"none"[39m
            [33mheight[39m=[32m"24"[39m
            [33mstroke[39m=[32m"currentColor"[39m
            [33mstroke-linecap[39m=[32m"round"[39m
            [33mstroke-linejoin[39m=[32m"round"[39m
            [33mstroke-width[39m=[32m"2"[39m
            [33mviewBox[39m=[32m"0 0 24 24"[39m
            [33mwidth[39m=[32m"24"[39m
            [33mxmlns[39m=[32m"http://www.w3.org/2000/svg"[39m
          [36m>[39m
            [36m<path[39m
              [33md[39m=[32m"M15 21v-8a1 1 0 0 0-1-1h-4a1 1 0 0 0-1 1v8"[39m
            [36m/>[39m
            [36m<path[39m
              [33md[39m=[32m"M3 10a2 2 0 0 1 .709-1.528l7-5.999a2 2 0 0 1 2.582 0l7 5.999A2 2 0 0 1 21 10v9a2 2 0 0 1-2 2H5a2 2 0 0 1-2-2z"[39m
            [36m/>[39m
          [36m</svg>[39m
        [36m</button>[39m
        [36m<button[39m
          [33maria-label[39m=[32m"Parent folder"[39m
          [33mclass[39m=[32m"inline-flex items-center justify-center gap-2 whitespace-nowrap font-medium transition-colors focus-visible:outline-none focus-visible:ring-1 focus-visible:ring-ring disabled:pointer-events-none disabled:opacity-50 [&_svg]:pointer-events-none [&_svg]:size-4 [&_svg]:shrink-0 hover:bg-accent hover:text-accent-foreground h-8 rounded-md px-3 text-xs"[39m
          [33mtitle[39m=[32m"Parent folder"[39m
          [33mtype[39m=[32m"button"[39m
        [36m>[39m
          [36m<svg[39m
            [33mclass[39m=[32m"lucide lucide-arrow-up size-3.5"[39m
            [33mfill[39m=[32m"none"[39m
            [33mheight[39m=[32m"24"[39m
            [33mstroke[39m=[32m"currentColor"[39m
            [33mstroke-linecap[39m=[32m"round"[39m
            [33mstroke-linejoin[39m=[32m"round"[39m
            [33mstroke-width[39m=[32m"2"[39m
            [33mviewBox[39m=[32m"0 0 24 24"[39m
            [33mwidth[39m=[32m"24"[39m
            [33mxmlns[39m=[32m"http://www.w3.org/2000/svg"[39m
          [36m>[39m
            [36m<path[39m
              [33md[39m=[32m"m5 12 7-7 7 7"[39m
            [36m/>[39m
            [36m<path[39m
              [33md[39m=[32m"M12 19V5"[39m
            [36m/>[39m
          [36m</svg>[39m
        [36m</button>[39m
        [36m<button[39m
          [33maria-label[39m=[32m"Refresh folders"[39m
          [33mclass[39m=[32m"inline-flex items-center justify-center gap-2 whitespace-nowrap font-medium transition-colors focus-visible:outline-none focus-visible:ring-1 focus-visible:ring-ring disabled:pointer-events-none disabled:opacity-50 [&_svg]:pointer-events-none [&_svg]:size-4 [&_svg]:shrink-0 hover:bg-accent hover:text-accent-foreground h-8 rounded-md px-3 text-xs"[39m
          [33mtitle[39m=[32m"Refresh folders"[39m
          [33mtype[39m=[32m"button"[39m
        [36m>[39m
          [36m<svg[39m
            [33mclass[39m=[32m"lucide lucide-refresh-cw size-3.5"[39m
            [33mfill[39m=[32m"none"[39m
            [33mheight[39m=[32m"24"[39m
            [33mstroke[39m=[32m"currentColor"[39m
            [33mstroke-linecap[39m=[32m"round"[39m
            [33mstroke-linejoin[39m=[32m"round"[39m
            [33mstroke-width[39m=[32m"2"[39m
            [33mviewBox[39m=[32m"0 0 24 24"[39m
            [33mwidth[39m=[32m"24"[39m
            [33mxmlns[39m=[32m"http://www.w3.org/2000/svg"[39m
          [36m>[39m
            [36m<path[39m
              [33md[39m=[32m"M3 12a9 9 0 0 1 9-9 9.75 9.75 0 0 1 6.74 2.74L21 8"[39m
            [36m/>[39m
            [36m<path[39m
              [33md[39m=[32m"M21 3v5h-5"[39m
            [36m/>[39m
            [36m<path[39m
              [33md[39m=[32m"M21 12a9 9 0 0 1-9 9 9.75 9.75 0 0 1-6.74-2.74L3 16"[39m
            [36m/>[39m
            [36m<path[39m
              [33md[39m=[32m"M8 16H3v5"[39m
            [36m/>[39m
          [36m</svg>[39m
        [36m</button>[39m
        [36m<div[39m
          [33mclass[39m=[32m"ml-auto flex items-center gap-2"[39m
        [36m>[39m
          [36m<label[39m
            [33mclass[39m=[32m"text-[11px] text-muted-foreground"[39m
            [33mfor[39m=[32m"remote-show-hidden"[39m
          [36m>[39m
            [0mHidden folders[0m
          [36m</label>[39m
          [36m<button[39m
            [33maria-checked[39m=[32m"false"[39m
            [33mclass[39m=[32m"peer inline-flex h-5 w-9 shrink-0 cursor-pointer items-center rounded-full border-2 border-transparent shadow-sm transition-colors focus-visible:outline-none focus-visible:ring-2 focus-visible:ring-ring focus-visible:ring-offset-2 focus-visible:ring-offset-background disabled:cursor-not-allowed disabled:opacity-50 data-[state=checked]:bg-primary data-[state=unchecked]:bg-input"[39m
            [33mdata-state[39m=[32m"unchecked"[39m
            [33mid[39m=[32m"remote-show-hidden"[39m
            [33mrole[39m=[32m"switch"[39m
            [33mtype[39m=[32m"button"[39m
            [33mvalue[39m=[32m"on"[39m
          [36m>[39m
            [36m<span[39m
              [33mclass[39m=[32m"pointer-events-none block h-4 w-4 rounded-full bg-background shadow-lg ring-0 transition-transform data-[state=checked]:translate-x-4 data-[state=unchecked]:translate-x-0"[39m
              [33mdata-state[39m=[32m"unchecked"[39m
            [36m/>[39m
          [36m</button>[39m
        [36m</div>[39m
      [36m</div>[39m
      [36m<input[39m
        [33maria-label[39m=[32m"Filter folders"[39m
        [33mclass[39m=[32m"flex w-full rounded-md border border-input bg-transparent px-3 py-1 shadow-sm transition-colors file:border-0 file:bg-transparent file:text-sm file:font-medium file:text-foreground placeholder:text-muted-foreground focus-visible:outline-none focus-visible:ring-1 focus-visible:ring-ring disabled:cursor-not-allowed disabled:opacity-50 md:text-sm h-8 text-xs"[39m
        [33mplaceholder[39m=[32m"Filter folders"[39m
        [33mvalue[39m=[32m""[39m
      [36m/>[39m
      [36m<div[39m
        [33maria-busy[39m=[32m"false"[39m
        [33maria-label[39m=[32m"Folder contents"[39m
        [33mclass[39m=[32m"h-56 overflow-y-auto rounded-md border border-border bg-background"[39m
      [36m>[39m
        [36m<p[39m
          [33mclass[39m=[32m"p-6 text-center text-xs text-muted-foreground"[39m
          [33mrole[39m=[32m"status"[39m
        [36m>[39m
          [0mNo visible subfolders.[0m
        [36m</p>[39m
      [36m</div>[39m
    [36m</fieldset>[39m
  [36m</div>[39m
[36m</body>[39m
   × remote path autocomplete > treats a POSIX backslash as a literal name character 21ms
     → Unable to find an accessible element with the role "option" and name "a\b"

Here are the accessible roles:

  group:

  Name "Remote folders":
  [36m<fieldset[39m
    [33maria-label[39m=[32m"Remote folders"[39m
    [33mclass[39m=[32m"min-w-0 space-y-3"[39m
  [36m/>[39m

  --------------------------------------------------
  textbox:

  Name "Remote repository path":
  [36m<input[39m
    [33maria-label[39m=[32m"Remote repository path"[39m
    [33mautocomplete[39m=[32m"off"[39m
    [33mclass[39m=[32m"flex w-full rounded-md border border-input bg-transparent px-3 py-1 shadow-sm transition-colors file:border-0 file:bg-transparent file:text-sm file:font-medium file:text-foreground placeholder:text-muted-foreground focus-visible:outline-none focus-visible:ring-1 focus-visible:ring-ring disabled:cursor-not-allowed disabled:opacity-50 md:text-sm h-8 min-w-0 font-mono text-xs"[39m
    [33mdata-testid[39m=[32m"remote-repo-path-input"[39m
    [33mid[39m=[32m"remote-repo-path"[39m
    [33mplaceholder[39m=[32m"~"[39m
    [33mspellcheck[39m=[32m"false"[39m
    [33mvalue[39m=[32m"/home/dev/a\\"[39m
  [36m/>[39m

  Name "Filter folders":
  [36m<input[39m
    [33maria-label[39m=[32m"Filter folders"[39m
    [33mclass[39m=[32m"flex w-full rounded-md border border-input bg-transparent px-3 py-1 shadow-sm transition-colors file:border-0 file:bg-transparent file:text-sm file:font-medium file:text-foreground placeholder:text-muted-foreground focus-visible:outline-none focus-visible:ring-1 focus-visible:ring-ring disabled:cursor-not-allowed disabled:opacity-50 md:text-sm h-8 text-xs"[39m
    [33mplaceholder[39m=[32m"Filter folders"[39m
    [33mvalue[39m=[32m""[39m
  [36m/>[39m

  --------------------------------------------------
  button:

  Name "Go":
  [36m<button[39m
    [33mclass[39m=[32m"inline-flex items-center justify-center gap-2 whitespace-nowrap font-medium transition-colors focus-visible:outline-none focus-visible:ring-1 focus-visible:ring-ring disabled:pointer-events-none disabled:opacity-50 [&_svg]:pointer-events-none [&_svg]:size-4 [&_svg]:shrink-0 border border-input bg-background shadow-sm hover:bg-accent hover:text-accent-foreground h-8 rounded-md px-3 text-xs"[39m
    [33mtype[39m=[32m"button"[39m
  [36m/>[39m

  Name "Remote home":
  [36m<button[39m
    [33maria-label[39m=[32m"Remote home"[39m
    [33mclass[39m=[32m"inline-flex items-center justify-center gap-2 whitespace-nowrap font-medium transition-colors focus-visible:outline-none focus-visible:ring-1 focus-visible:ring-ring disabled:pointer-events-none disabled:opacity-50 [&_svg]:pointer-events-none [&_svg]:size-4 [&_svg]:shrink-0 hover:bg-accent hover:text-accent-foreground h-8 rounded-md px-3 text-xs"[39m
    [33mtitle[39m=[32m"Remote home"[39m
    [33mtype[39m=[32m"button"[39m
  [36m/>[39m

  Name "Parent folder":
  [36m<button[39m
    [33maria-label[39m=[32m"Parent folder"[39m
    [33mclass[39m=[32m"inline-flex items-center justify-center gap-2 whitespace-nowrap font-medium transition-colors focus-visible:outline-none focus-visible:ring-1 focus-visible:ring-ring disabled:pointer-events-none disabled:opacity-50 [&_svg]:pointer-events-none [&_svg]:size-4 [&_svg]:shrink-0 hover:bg-accent hover:text-accent-foreground h-8 rounded-md px-3 text-xs"[39m
    [33mtitle[39m=[32m"Parent folder"[39m
    [33mtype[39m=[32m"button"[39m
  [36m/>[39m

  Name "Refresh folders":
  [36m<button[39m
    [33maria-label[39m=[32m"Refresh folders"[39m
    [33mclass[39m=[32m"inline-flex items-center justify-center gap-2 whitespace-nowrap font-medium transition-colors focus-visible:outline-none focus-visible:ring-1 focus-visible:ring-ring disabled:pointer-events-none disabled:opacity-50 [&_svg]:pointer-events-none [&_svg]:size-4 [&_svg]:shrink-0 hover:bg-accent hover:text-accent-foreground h-8 rounded-md px-3 text-xs"[39m
    [33mtitle[39m=[32m"Refresh folders"[39m
    [33mtype[39m=[32m"button"[39m
  [36m/>[39m

  Name "a\b":
  [36m<button[39m
    [33mclass[39m=[32m"flex h-8 w-full items-center gap-2 rounded-sm px-2 text-left text-xs hover:bg-accent focus-visible:outline-none focus-visible:ring-1 focus-visible:ring-ring"[39m
    [33mtitle[39m=[32m"/home/dev/a\\b"[39m
    [33mtype[39m=[32m"button"[39m
  [36m/>[39m

  Name "another":
  [36m<button[39m
    [33mclass[39m=[32m"flex h-8 w-full items-center gap-2 rounded-sm px-2 text-left text-xs hover:bg-accent focus-visible:outline-none focus-visible:ring-1 focus-visible:ring-ring"[39m
    [33mtitle[39m=[32m"/home/dev/another"[39m
    [33mtype[39m=[32m"button"[39m
  [36m/>[39m

  --------------------------------------------------
  switch:

  Name "Hidden folders":
  [36m<button[39m
    [33maria-checked[39m=[32m"false"[39m
    [33mclass[39m=[32m"peer inline-flex h-5 w-9 shrink-0 cursor-pointer items-center rounded-full border-2 border-transparent shadow-sm transition-colors focus-visible:outline-none focus-visible:ring-2 focus-visible:ring-ring focus-visible:ring-offset-2 focus-visible:ring-offset-background disabled:cursor-not-allowed disabled:opacity-50 data-[state=checked]:bg-primary data-[state=unchecked]:bg-input"[39m
    [33mdata-state[39m=[32m"unchecked"[39m
    [33mid[39m=[32m"remote-show-hidden"[39m
    [33mrole[39m=[32m"switch"[39m
    [33mtype[39m=[32m"button"[39m
    [33mvalue[39m=[32m"on"[39m
  [36m/>[39m

  --------------------------------------------------
  list:

  Name "":
  [36m<ul[39m
    [33mclass[39m=[32m"p-1"[39m
  [36m/>[39m

  --------------------------------------------------
  listitem:

  Name "":
  [36m<li />[39m

  Name "":
  [36m<li />[39m

  --------------------------------------------------

Ignored nodes: comments, script, style
[36m<body>[39m
  [36m<div>[39m
    [36m<fieldset[39m
      [33maria-label[39m=[32m"Remote folders"[39m
      [33mclass[39m=[32m"min-w-0 space-y-3"[39m
    [36m>[39m
      [36m<div[39m
        [33mclass[39m=[32m"space-y-1"[39m
      [36m>[39m
        [36m<label[39m
          [33mclass[39m=[32m"text-[11px] text-muted-foreground"[39m
          [33mfor[39m=[32m"remote-repo-path"[39m
        [36m>[39m
          [0mRemote folder[0m
        [36m</label>[39m
        [36m<div[39m
          [33mclass[39m=[32m"flex gap-2"[39m
        [36m>[39m
          [36m<input[39m
            [33maria-label[39m=[32m"Remote repository path"[39m
            [33mautocomplete[39m=[32m"off"[39m
            [33mclass[39m=[32m"flex w-full rounded-md border border-input bg-transparent px-3 py-1 shadow-sm transition-colors file:border-0 file:bg-transparent file:text-sm file:font-medium file:text-foreground placeholder:text-muted-foreground focus-visible:outline-none focus-visible:ring-1 focus-visible:ring-ring disabled:cursor-not-allowed disabled:opacity-50 md:text-sm h-8 min-w-0 font-mono text-xs"[39m
            [33mdata-testid[39m=[32m"remote-repo-path-input"[39m
            [33mid[39m=[32m"remote-repo-path"[39m
            [33mplaceholder[39m=[32m"~"[39m
            [33mspellcheck[39m=[32m"false"[39m
            [33mvalue[39m=[32m"/home/dev/a\\"[39m
          [36m/>[39m
          [36m<button[39m
            [33mclass[39m=[32m"inline-flex items-center justify-center gap-2 whitespace-nowrap font-medium transition-colors focus-visible:outline-none focus-visible:ring-1 focus-visible:ring-ring disabled:pointer-events-none disabled:opacity-50 [&_svg]:pointer-events-none [&_svg]:size-4 [&_svg]:shrink-0 border border-input bg-background shadow-sm hover:bg-accent hover:text-accent-foreground h-8 rounded-md px-3 text-xs"[39m
            [33mtype[39m=[32m"button"[39m
          [36m>[39m
            [0mGo[0m
          [36m</button>[39m
        [36m</div>[39m
      [36m</div>[39m
      [36m<div[39m
        [33mclass[39m=[32m"flex flex-wrap items-center gap-2"[39m
      [36m>[39m
        [36m<button[39m
          [33maria-label[39m=[32m"Remote home"[39m
          [33mclass[39m=[32m"inline-flex items-center justify-center gap-2 whitespace-nowrap font-medium transition-colors focus-visible:outline-none focus-visible:ring-1 focus-visible:ring-ring disabled:pointer-events-none disabled:opacity-50 [&_svg]:pointer-events-none [&_svg]:size-4 [&_svg]:shrink-0 hover:bg-accent hover:text-accent-foreground h-8 rounded-md px-3 text-xs"[39m
          [33mtitle[39m=[32m"Remote home"[39m
          [33mtype[39m=[32m"button"[39m
        [36m>[39m
          [36m<svg[39m
            [33mclass[39m=[32m"lucide lucide-house size-3.5"[39m
            [33mfill[39m=[32m"none"[39m
            [33mheight[39m=[32m"24"[39m
            [33mstroke[39m=[32m"currentColor"[39m
            [33mstroke-linecap[39m=[32m"round"[39m
            [33mstroke-linejoin[39m=[32m"round"[39m
            [33mstroke-width[39m=[32m"2"[39m
            [33mviewBox[39m=[32m"0 0 24 24"[39m
            [33mwidth[39m=[32m"24"[39m
            [33mxmlns[39m=[32m"http://www.w3.org/2000/svg"[39m
          [36m>[39m
            [36m<path[39m
              [33md[39m=[32m"M15 21v-8a1 1 0 0 0-1-1h-4a1 1 0 0 0-1 1v8"[39m
            [36m/>[39m
            [36m<path[39m
              [33md[39m=[32m"M3 10a2 2 0 0 1 .709-1.528l7-5.999a2 2 0 0 1 2.582 0l7 5.999A2 2 0 0 1 21 10v9a2 2 0 0 1-2 2H5a2 2 0 0 1-2-2z"[39m
            [36m/>[39m
          [36m</svg>[39m
        [36m</button>[39m
        [36m<button[39m
          [33maria-label[39m=[32m"Parent folder"[39m
          [33mclass[39m=[32m"inline-flex items-center justify-center gap-2 whitespace-nowrap font-medium transition-colors focus-visible:outline-none focus-visible:ring-1 focus-visible:ring-ring disabled:pointer-events-none disabled:opacity-50 [&_svg]:pointer-events-none [&_svg]:size-4 [&_svg]:shrink-0 hover:bg-accent hover:text-accent-foreground h-8 rounded-md px-3 text-xs"[39m
          [33mtitle[39m=[32m"Parent folder"[39m
          [33mtype[39m=[32m"button"[39m
        [36m>[39m
          [36m<svg[39m
            [33mclass[39m=[32m"lucide lucide-arrow-up size-3.5"[39m
            [33mfill[39m=[32m"none"[39m
            [33mheight[39m=[32m"24"[39m
            [33mstroke[39m=[32m"currentColor"[39m
            [33mstroke-linecap[39m=[32m"round"[39m
            [33mstroke-linejoin[39m=[32m"round"[39m
            [33mstroke-width[39m=[32m"2"[39m
            [33mviewBox[39m=[32m"0 0 24 24"[39m
            [33mwidth[39m=[32m"24"[39m
            [33mxmlns[39m=[32m"http://www.w3.org/2000/svg"[39m
          [36m>[39m
            [36m<path[39m
              [33md[39m=[32m"m5 12 7-7 7 7"[39m
            [36m/>[39m
            [36m<path[39m
              [33md[39m=[32m"M12 19V5"[39m
            [36m/>[39m
          [36m</svg>[39m
        [36m</button>[39m
        [36m<button[39m
          [33maria-label[39m=[32m"Refresh folders"[39m
          [33mclass[39m=[32m"inline-flex items-center justify-center gap-2 whitespace-nowrap font-medium transition-colors focus-visible:outline-none focus-visible:ring-1 focus-visible:ring-ring disabled:pointer-events-none disabled:opacity-50 [&_svg]:pointer-events-none [&_svg]:size-4 [&_svg]:shrink-0 hover:bg-accent hover:text-accent-foreground h-8 rounded-md px-3 text-xs"[39m
          [33mtitle[39m=[32m"Refresh folders"[39m
          [33mtype[39m=[32m"button"[39m
        [36m>[39m
          [36m<svg[39m
            [33mclass[39m=[32m"lucide lucide-refresh-cw size-3.5"[39m
            [33mfill[39m=[32m"none"[39m
            [33mheight[39m=[32m"24"[39m
            [33mstroke[39m=[32m"currentColor"[39m
            [33mstroke-linecap[39m=[32m"round"[39m
            [33mstroke-linejoin[39m=[32m"round"[39m
            [33mstroke-width[39m=[32m"2"[39m
            [33mviewBox[39m=[32m"0 0 24 24"[39m
            [33mwidth[39m=[32m"24"[39m
            [33mxmlns[39m=[32m"http://www.w3.org/2000/svg"[39m
          [36m>[39m
            [36m<path[39m
              [33md[39m=[32m"M3 12a9 9 0 0 1 9-9 9.75 9.75 0 0 1 6.74 2.74L21 8"[39m
            [36m/>[39m
            [36m<path[39m
              [33md[39m=[32m"M21 3v5h-5"[39m
            [36m/>[39m
            [36m<path[39m
              [33md[39m=[32m"M21 12a9 9 0 0 1-9 9 9.75 9.75 0 0 1-6.74-2.74L3 16"[39m
            [36m/>[39m
            [36m<path[39m
              [33md[39m=[32m"M8 16H3v5"[39m
            [36m/>[39m
          [36m</svg>[39m
        [36m</button>[39m
        [36m<div[39m
          [33mclass[39m=[32m"ml-auto flex items-center gap-2"[39m
        [36m>[39m
          [36m<label[39m
            [33mclass[39m=[32m"text-[11px] text-muted-foreground"[39m
            [33mfor[39m=[32m"remote-show-hidden"[39m
          [36m>[39m
            [0mHidden folders[0m
          [36m</label>[39m
          [36m<button[39m
            [33maria-checked[39m=[32m"false"[39m
            [33mclass[39m=[32m"peer inline-flex h-5 w-9 shrink-0 cursor-pointer items-center rounded-full border-2 border-transparent shadow-sm transition-colors focus-visible:outline-none focus-visible:ring-2 focus-visible:ring-ring focus-visible:ring-offset-2 focus-visible:ring-offset-background disabled:cursor-not-allowed disabled:opacity-50 data-[state=checked]:bg-primary data-[state=unchecked]:bg-input"[39m
            [33mdata-state[39m=[32m"unchecked"[39m
            [33mid[39m=[32m"remote-show-hidden"[39m
            [33mrole[39m=[32m"switch"[39m
            [33mtype[39m=[32m"button"[39m
            [33mvalue[39m=[32m"on"[39m
          [36m>[39m
            [36m<span[39m
              [33mclass[39m=[32m"pointer-events-none block h-4 w-4 rounded-full bg-background shadow-lg ring-0 transition-transform data-[state=checked]:translate-x-4 data-[state=unchecked]:translate-x-0"[39m
              [33mdata-state[39m=[32m"unchecked"[39m
            [36m/>[39m
          [36m</button>[39m
        [36m</div>[39m
      [36m</div>[39m
      [36m<input[39m
        [33maria-label[39m=[32m"Filter folders"[39m
        [33mclass[39m=[32m"flex w-full rounded-md border border-input bg-transparent px-3 py-1 shadow-sm transition-colors file:border-0 file:bg-transparent file:text-sm file:font-medium file:text-foreground placeholder:text-muted-foreground focus-visible:outline-none focus-visible:ring-1 focus-visible:ring-ring disabled:cursor-not-allowed disabled:opacity-50 md:text-sm h-8 text-xs"[39m
        [33mplaceholder[39m=[32m"Filter folders"[39m
        [33mvalue[39m=[32m""[39m
      [36m/>[39m
      [36m<div[39m
        [33maria-busy[39m=[32m"false"[39m
        [33maria-label[39m=[32m"Folder contents"[39m
        [33mclass[39m=[32m"h-56 overflow-y-auto rounded-md border border-border bg-background"[39m
      [36m>[39m
        [36m<ul[39m
          [33mclass[39m=[32m"p-1"[39m
        [36m>[39m
          [36m<li>[39m
            [36m<button[39m
              [33mclass[39m=[32m"flex h-8 w-full items-center gap-2 rounded-sm px-2 text-left text-xs hover:bg-accent focus-visible:outline-none focus-visible:ring-1 focus-visible:ring-ring"[39m
              [33mtitle[39m=[32m"/home/dev/a\\b"[39m
              [33mtype[39m=[32m"button"[39m
            [36m>[39m
              [36m<svg[39m
                [33mclass[39m=[32m"lucide lucide-folder size-3.5 shrink-0 text-muted-foreground"[39m
                [33mfill[39m=[32m"none"[39m
                [33mheight[39m=[32m"24"[39m
                [33mstroke[39m=[32m"currentColor"[39m
                [33mstroke-linecap[39m=[32m"round"[39m
                [33mstroke-linejoin[39m=[32m"round"[39m
                [33mstroke-width[39m=[32m"2"[39m
                [33mviewBox[39m=[32m"0 0 24 24"[39m
                [33mwidth[39m=[32m"24"[39m
                [33mxmlns[39m=[32m"http://www.w3.org/2000/svg"[39m
              [36m>[39m
                [36m<path[39m
                  [33md[39m=[32m"M20 20a2 2 0 0 0 2-2V8a2 2 0 0 0-2-2h-7.9a2 2 0 0 1-1.69-.9L9.6 3.9A2 2 0 0 0 7.93 3H4a2 2 0 0 0-2 2v13a2 2 0 0 0 2 2Z"[39m
                [36m/>[39m
              [36m</svg>[39m
              [36m<span[39m
                [33mclass[39m=[32m"truncate"[39m
              [36m>[39m
                [0ma\b[0m
              [36m</span>[39m
            [36m</button>[39m
          [36m</li>[39m
          [36m<li>[39m
            [36m<button[39m
              [33mclass[39m=[32m"flex h-8 w-full items-center gap-2 rounded-sm px-2 text-left text-xs hover:bg-accent focus-visible:outline-none focus-visible:ring-1 focus-visible:ring-ring"[39m
              [33mtitle[39m=[32m"/home/dev/another"[39m
              [33mtype[39m=[32m"button"[39m
            [36m>[39m
              [36m<svg[39m
                [33mclass[39m=[32m"lucide lucide-folder size-3.5 shrink-0 text-muted-foreground"[39m
                [33mfill[39m=[32m"none"[39m
                [33mheight[39m=[32m"24"[39m
                [33mstroke[39m=[32m"currentColor"[39m
                [33mstroke-linecap[39m=[32m"round"[39m
                [33mstroke-linejoin[39m=[32m"round"[39m
                [33mstroke-width[39m=[32m"2"[39m
                [33mviewBox[39m=[32m"0 0 24 24"[39m
                [33mwidth[39m=[32m"24"[39m
                [33mxmlns[39m=[32m"http://www.w3.org/2000/svg"[39m
              [36m>[39m
                [36m<path[39m
                  [33md[39m=[32m"M20 20a2 2 0 0 0 2-2V8a2 2 0 0 0-2-2h-7.9a2 2 0 0 1-1.69-.9L9.6 3.9A2 2 0 0 0 7.93 3H4a2 2 0 0 0-2 2v13a2 2 0 0 0 2 2Z"[39m
                [36m/>[39m
              [36m</svg>[39m
              [36m<span[39m
                [33mclass[39m=[32m"truncate"[39m
              [36m>[39m
                [0manother[0m
              [36m</span>[39m
            [36m</button>[39m
          [36m</li>[39m
        [36m</ul>[39m
      [36m</div>[39m
    [36m</fieldset>[39m
  [36m</div>[39m
[36m</body>[39m
   × remote path autocomplete > does not let an old directory response overwrite a newer prefix 25ms
     → Unable to find an accessible element with the role "option" and name "app"

Here are the accessible roles:

  group:

  Name "Remote folders":
  [36m<fieldset[39m
    [33maria-label[39m=[32m"Remote folders"[39m
    [33mclass[39m=[32m"min-w-0 space-y-3"[39m
  [36m/>[39m

  --------------------------------------------------
  textbox:

  Name "Remote repository path":
  [36m<input[39m
    [33maria-label[39m=[32m"Remote repository path"[39m
    [33mautocomplete[39m=[32m"off"[39m
    [33mclass[39m=[32m"flex w-full rounded-md border border-input bg-transparent px-3 py-1 shadow-sm transition-colors file:border-0 file:bg-transparent file:text-sm file:font-medium file:text-foreground placeholder:text-muted-foreground focus-visible:outline-none focus-visible:ring-1 focus-visible:ring-ring disabled:cursor-not-allowed disabled:opacity-50 md:text-sm h-8 min-w-0 font-mono text-xs"[39m
    [33mdata-testid[39m=[32m"remote-repo-path-input"[39m
    [33mid[39m=[32m"remote-repo-path"[39m
    [33mplaceholder[39m=[32m"~"[39m
    [33mspellcheck[39m=[32m"false"[39m
    [33mvalue[39m=[32m"/srv/ap"[39m
  [36m/>[39m

  Name "Filter folders":
  [36m<input[39m
    [33maria-label[39m=[32m"Filter folders"[39m
    [33mclass[39m=[32m"flex w-full rounded-md border border-input bg-transparent px-3 py-1 shadow-sm transition-colors file:border-0 file:bg-transparent file:text-sm file:font-medium file:text-foreground placeholder:text-muted-foreground focus-visible:outline-none focus-visible:ring-1 focus-visible:ring-ring disabled:cursor-not-allowed disabled:opacity-50 md:text-sm h-8 text-xs"[39m
    [33mplaceholder[39m=[32m"Filter folders"[39m
    [33mvalue[39m=[32m""[39m
  [36m/>[39m

  --------------------------------------------------
  button:

  Name "Go":
  [36m<button[39m
    [33mclass[39m=[32m"inline-flex items-center justify-center gap-2 whitespace-nowrap font-medium transition-colors focus-visible:outline-none focus-visible:ring-1 focus-visible:ring-ring disabled:pointer-events-none disabled:opacity-50 [&_svg]:pointer-events-none [&_svg]:size-4 [&_svg]:shrink-0 border border-input bg-background shadow-sm hover:bg-accent hover:text-accent-foreground h-8 rounded-md px-3 text-xs"[39m
    [33mtype[39m=[32m"button"[39m
  [36m/>[39m

  Name "Remote home":
  [36m<button[39m
    [33maria-label[39m=[32m"Remote home"[39m
    [33mclass[39m=[32m"inline-flex items-center justify-center gap-2 whitespace-nowrap font-medium transition-colors focus-visible:outline-none focus-visible:ring-1 focus-visible:ring-ring disabled:pointer-events-none disabled:opacity-50 [&_svg]:pointer-events-none [&_svg]:size-4 [&_svg]:shrink-0 hover:bg-accent hover:text-accent-foreground h-8 rounded-md px-3 text-xs"[39m
    [33mtitle[39m=[32m"Remote home"[39m
    [33mtype[39m=[32m"button"[39m
  [36m/>[39m

  Name "Parent folder":
  [36m<button[39m
    [33maria-label[39m=[32m"Parent folder"[39m
    [33mclass[39m=[32m"inline-flex items-center justify-center gap-2 whitespace-nowrap font-medium transition-colors focus-visible:outline-none focus-visible:ring-1 focus-visible:ring-ring disabled:pointer-events-none disabled:opacity-50 [&_svg]:pointer-events-none [&_svg]:size-4 [&_svg]:shrink-0 hover:bg-accent hover:text-accent-foreground h-8 rounded-md px-3 text-xs"[39m
    [33mtitle[39m=[32m"Parent folder"[39m
    [33mtype[39m=[32m"button"[39m
  [36m/>[39m

  Name "Refresh folders":
  [36m<button[39m
    [33maria-label[39m=[32m"Refresh folders"[39m
    [33mclass[39m=[32m"inline-flex items-center justify-center gap-2 whitespace-nowrap font-medium transition-colors focus-visible:outline-none focus-visible:ring-1 focus-visible:ring-ring disabled:pointer-events-none disabled:opacity-50 [&_svg]:pointer-events-none [&_svg]:size-4 [&_svg]:shrink-0 hover:bg-accent hover:text-accent-foreground h-8 rounded-md px-3 text-xs"[39m
    [33mtitle[39m=[32m"Refresh folders"[39m
    [33mtype[39m=[32m"button"[39m
  [36m/>[39m

  Name "code":
  [36m<button[39m
    [33mclass[39m=[32m"flex h-8 w-full items-center gap-2 rounded-sm px-2 text-left text-xs hover:bg-accent focus-visible:outline-none focus-visible:ring-1 focus-visible:ring-ring"[39m
    [33mtitle[39m=[32m"/home/dev/code"[39m
    [33mtype[39m=[32m"button"[39m
  [36m/>[39m

  Name "Documents":
  [36m<button[39m
    [33mclass[39m=[32m"flex h-8 w-full items-center gap-2 rounded-sm px-2 text-left text-xs hover:bg-accent focus-visible:outline-none focus-visible:ring-1 focus-visible:ring-ring"[39m
    [33mtitle[39m=[32m"/home/dev/Documents"[39m
    [33mtype[39m=[32m"button"[39m
  [36m/>[39m

  --------------------------------------------------
  switch:

  Name "Hidden folders":
  [36m<button[39m
    [33maria-checked[39m=[32m"false"[39m
    [33mclass[39m=[32m"peer inline-flex h-5 w-9 shrink-0 cursor-pointer items-center rounded-full border-2 border-transparent shadow-sm transition-colors focus-visible:outline-none focus-visible:ring-2 focus-visible:ring-ring focus-visible:ring-offset-2 focus-visible:ring-offset-background disabled:cursor-not-allowed disabled:opacity-50 data-[state=checked]:bg-primary data-[state=unchecked]:bg-input"[39m
    [33mdata-state[39m=[32m"unchecked"[39m
    [33mid[39m=[32m"remote-show-hidden"[39m
    [33mrole[39m=[32m"switch"[39m
    [33mtype[39m=[32m"button"[39m
    [33mvalue[39m=[32m"on"[39m
  [36m/>[39m

  --------------------------------------------------
  list:

  Name "":
  [36m<ul[39m
    [33mclass[39m=[32m"p-1"[39m
  [36m/>[39m

  --------------------------------------------------
  listitem:

  Name "":
  [36m<li />[39m

  Name "":
  [36m<li />[39m

  --------------------------------------------------

Ignored nodes: comments, script, style
[36m<body>[39m
  [36m<div>[39m
    [36m<fieldset[39m
      [33maria-label[39m=[32m"Remote folders"[39m
      [33mclass[39m=[32m"min-w-0 space-y-3"[39m
    [36m>[39m
      [36m<div[39m
        [33mclass[39m=[32m"space-y-1"[39m
      [36m>[39m
        [36m<label[39m
          [33mclass[39m=[32m"text-[11px] text-muted-foreground"[39m
          [33mfor[39m=[32m"remote-repo-path"[39m
        [36m>[39m
          [0mRemote folder[0m
        [36m</label>[39m
        [36m<div[39m
          [33mclass[39m=[32m"flex gap-2"[39m
        [36m>[39m
          [36m<input[39m
            [33maria-label[39m=[32m"Remote repository path"[39m
            [33mautocomplete[39m=[32m"off"[39m
            [33mclass[39m=[32m"flex w-full rounded-md border border-input bg-transparent px-3 py-1 shadow-sm transition-colors file:border-0 file:bg-transparent file:text-sm file:font-medium file:text-foreground placeholder:text-muted-foreground focus-visible:outline-none focus-visible:ring-1 focus-visible:ring-ring disabled:cursor-not-allowed disabled:opacity-50 md:text-sm h-8 min-w-0 font-mono text-xs"[39m
            [33mdata-testid[39m=[32m"remote-repo-path-input"[39m
            [33mid[39m=[32m"remote-repo-path"[39m
            [33mplaceholder[39m=[32m"~"[39m
            [33mspellcheck[39m=[32m"false"[39m
            [33mvalue[39m=[32m"/srv/ap"[39m
          [36m/>[39m
          [36m<button[39m
            [33mclass[39m=[32m"inline-flex items-center justify-center gap-2 whitespace-nowrap font-medium transition-colors focus-visible:outline-none focus-visible:ring-1 focus-visible:ring-ring disabled:pointer-events-none disabled:opacity-50 [&_svg]:pointer-events-none [&_svg]:size-4 [&_svg]:shrink-0 border border-input bg-background shadow-sm hover:bg-accent hover:text-accent-foreground h-8 rounded-md px-3 text-xs"[39m
            [33mtype[39m=[32m"button"[39m
          [36m>[39m
            [0mGo[0m
          [36m</button>[39m
        [36m</div>[39m
      [36m</div>[39m
      [36m<div[39m
        [33mclass[39m=[32m"flex flex-wrap items-center gap-2"[39m
      [36m>[39m
        [36m<button[39m
          [33maria-label[39m=[32m"Remote home"[39m
          [33mclass[39m=[32m"inline-flex items-center justify-center gap-2 whitespace-nowrap font-medium transition-colors focus-visible:outline-none focus-visible:ring-1 focus-visible:ring-ring disabled:pointer-events-none disabled:opacity-50 [&_svg]:pointer-events-none [&_svg]:size-4 [&_svg]:shrink-0 hover:bg-accent hover:text-accent-foreground h-8 rounded-md px-3 text-xs"[39m
          [33mtitle[39m=[32m"Remote home"[39m
          [33mtype[39m=[32m"button"[39m
        [36m>[39m
          [36m<svg[39m
            [33mclass[39m=[32m"lucide lucide-house size-3.5"[39m
            [33mfill[39m=[32m"none"[39m
            [33mheight[39m=[32m"24"[39m
            [33mstroke[39m=[32m"currentColor"[39m
            [33mstroke-linecap[39m=[32m"round"[39m
            [33mstroke-linejoin[39m=[32m"round"[39m
            [33mstroke-width[39m=[32m"2"[39m
            [33mviewBox[39m=[32m"0 0 24 24"[39m
            [33mwidth[39m=[32m"24"[39m
            [33mxmlns[39m=[32m"http://www.w3.org/2000/svg"[39m
          [36m>[39m
            [36m<path[39m
              [33md[39m=[32m"M15 21v-8a1 1 0 0 0-1-1h-4a1 1 0 0 0-1 1v8"[39m
            [36m/>[39m
            [36m<path[39m
              [33md[39m=[32m"M3 10a2 2 0 0 1 .709-1.528l7-5.999a2 2 0 0 1 2.582 0l7 5.999A2 2 0 0 1 21 10v9a2 2 0 0 1-2 2H5a2 2 0 0 1-2-2z"[39m
            [36m/>[39m
          [36m</svg>[39m
        [36m</button>[39m
        [36m<button[39m
          [33maria-label[39m=[32m"Parent folder"[39m
          [33mclass[39m=[32m"inline-flex items-center justify-center gap-2 whitespace-nowrap font-medium transition-colors focus-visible:outline-none focus-visible:ring-1 focus-visible:ring-ring disabled:pointer-events-none disabled:opacity-50 [&_svg]:pointer-events-none [&_svg]:size-4 [&_svg]:shrink-0 hover:bg-accent hover:text-accent-foreground h-8 rounded-md px-3 text-xs"[39m
          [33mtitle[39m=[32m"Parent folder"[39m
          [33mtype[39m=[32m"button"[39m
        [36m>[39m
          [36m<svg[39m
            [33mclass[39m=[32m"lucide lucide-arrow-up size-3.5"[39m
            [33mfill[39m=[32m"none"[39m
            [33mheight[39m=[32m"24"[39m
            [33mstroke[39m=[32m"currentColor"[39m
            [33mstroke-linecap[39m=[32m"round"[39m
            [33mstroke-linejoin[39m=[32m"round"[39m
            [33mstroke-width[39m=[32m"2"[39m
            [33mviewBox[39m=[32m"0 0 24 24"[39m
            [33mwidth[39m=[32m"24"[39m
            [33mxmlns[39m=[32m"http://www.w3.org/2000/svg"[39m
          [36m>[39m
            [36m<path[39m
              [33md[39m=[32m"m5 12 7-7 7 7"[39m
            [36m/>[39m
            [36m<path[39m
              [33md[39m=[32m"M12 19V5"[39m
            [36m/>[39m
          [36m</svg>[39m
        [36m</button>[39m
        [36m<button[39m
          [33maria-label[39m=[32m"Refresh folders"[39m
          [33mclass[39m=[32m"inline-flex items-center justify-center gap-2 whitespace-nowrap font-medium transition-colors focus-visible:outline-none focus-visible:ring-1 focus-visible:ring-ring disabled:pointer-events-none disabled:opacity-50 [&_svg]:pointer-events-none [&_svg]:size-4 [&_svg]:shrink-0 hover:bg-accent hover:text-accent-foreground h-8 rounded-md px-3 text-xs"[39m
          [33mtitle[39m=[32m"Refresh folders"[39m
          [33mtype[39m=[32m"button"[39m
        [36m>[39m
          [36m<svg[39m
            [33mclass[39m=[32m"lucide lucide-refresh-cw size-3.5"[39m
            [33mfill[39m=[32m"none"[39m
            [33mheight[39m=[32m"24"[39m
            [33mstroke[39m=[32m"currentColor"[39m
            [33mstroke-linecap[39m=[32m"round"[39m
            [33mstroke-linejoin[39m=[32m"round"[39m
            [33mstroke-width[39m=[32m"2"[39m
            [33mviewBox[39m=[32m"0 0 24 24"[39m
            [33mwidth[39m=[32m"24"[39m
            [33mxmlns[39m=[32m"http://www.w3.org/2000/svg"[39m
          [36m>[39m
            [36m<path[39m
              [33md[39m=[32m"M3 12a9 9 0 0 1 9-9 9.75 9.75 0 0 1 6.74 2.74L21 8"[39m
            [36m/>[39m
            [36m<path[39m
              [33md[39m=[32m"M21 3v5h-5"[39m
            [36m/>[39m
            [36m<path[39m
              [33md[39m=[32m"M21 12a9 9 0 0 1-9 9 9.75 9.75 0 0 1-6.74-2.74L3 16"[39m
            [36m/>[39m
            [36m<path[39m
              [33md[39m=[32m"M8 16H3v5"[39m
            [36m/>[39m
          [36m</svg>[39m
        [36m</button>[39m
        [36m<div[39m
          [33mclass[39m=[32m"ml-auto flex items-center gap-2"[39m
        [36m>[39m
          [36m<label[39m
            [33mclass[39m=[32m"text-[11px] text-muted-foreground"[39m
            [33mfor[39m=[32m"remote-show-hidden"[39m
          [36m>[39m
            [0mHidden folders[0m
          [36m</label>[39m
          [36m<button[39m
            [33maria-checked[39m=[32m"false"[39m
            [33mclass[39m=[32m"peer inline-flex h-5 w-9 shrink-0 cursor-pointer items-center rounded-full border-2 border-transparent shadow-sm transition-colors focus-visible:outline-none focus-visible:ring-2 focus-visible:ring-ring focus-visible:ring-offset-2 focus-visible:ring-offset-background disabled:cursor-not-allowed disabled:opacity-50 data-[state=checked]:bg-primary data-[state=unchecked]:bg-input"[39m
            [33mdata-state[39m=[32m"unchecked"[39m
            [33mid[39m=[32m"remote-show-hidden"[39m
            [33mrole[39m=[32m"switch"[39m
            [33mtype[39m=[32m"button"[39m
            [33mvalue[39m=[32m"on"[39m
          [36m>[39m
            [36m<span[39m
              [33mclass[39m=[32m"pointer-events-none block h-4 w-4 rounded-full bg-background shadow-lg ring-0 transition-transform data-[state=checked]:translate-x-4 data-[state=unchecked]:translate-x-0"[39m
              [33mdata-state[39m=[32m"unchecked"[39m
            [36m/>[39m
          [36m</button>[39m
        [36m</div>[39m
      [36m</div>[39m
      [36m<input[39m
        [33maria-label[39m=[32m"Filter folders"[39m
        [33mclass[39m=[32m"flex w-full rounded-md border border-input bg-transparent px-3 py-1 shadow-sm transition-colors file:border-0 file:bg-transparent file:text-sm file:font-medium file:text-foreground placeholder:text-muted-foreground focus-visible:outline-none focus-visible:ring-1 focus-visible:ring-ring disabled:cursor-not-allowed disabled:opacity-50 md:text-sm h-8 text-xs"[39m
        [33mplaceholder[39m=[32m"Filter folders"[39m
        [33mvalue[39m=[32m""[39m
      [36m/>[39m
      [36m<div[39m
        [33maria-busy[39m=[32m"false"[39m
        [33maria-label[39m=[32m"Folder contents"[39m
        [33mclass[39m=[32m"h-56 overflow-y-auto rounded-md border border-border bg-background"[39m
      [36m>[39m
        [36m<ul[39m
          [33mclass[39m=[32m"p-1"[39m
        [36m>[39m
          [36m<li>[39m
            [36m<button[39m
              [33mclass[39m=[32m"flex h-8 w-full items-center gap-2 rounded-sm px-2 text-left text-xs hover:bg-accent focus-visible:outline-none focus-visible:ring-1 focus-visible:ring-ring"[39m
              [33mtitle[39m=[32m"/home/dev/code"[39m
              [33mtype[39m=[32m"button"[39m
            [36m>[39m
              [36m<svg[39m
                [33mclass[39m=[32m"lucide lucide-folder size-3.5 shrink-0 text-muted-foreground"[39m
                [33mfill[39m=[32m"none"[39m
                [33mheight[39m=[32m"24"[39m
                [33mstroke[39m=[32m"currentColor"[39m
                [33mstroke-linecap[39m=[32m"round"[39m
                [33mstroke-linejoin[39m=[32m"round"[39m
                [33mstroke-width[39m=[32m"2"[39m
                [33mviewBox[39m=[32m"0 0 24 24"[39m
                [33mwidth[39m=[32m"24"[39m
                [33mxmlns[39m=[32m"http://www.w3.org/2000/svg"[39m
              [36m>[39m
                [36m<path[39m
                  [33md[39m=[32m"M20 20a2 2 0 0 0 2-2V8a2 2 0 0 0-2-2h-7.9a2 2 0 0 1-1.69-.9L9.6 3.9A2 2 0 0 0 7.93 3H4a2 2 0 0 0-2 2v13a2 2 0 0 0 2 2Z"[39m
                [36m/>[39m
              [36m</svg>[39m
              [36m<span[39m
                [33mclass[39m=[32m"truncate"[39m
              [36m>[39m
                [0mcode[0m
              [36m</span>[39m
            [36m</button>[39m
          [36m</li>[39m
          [36m<li>[39m
            [36m<button[39m
              [33mclass[39m=[32m"flex h-8 w-full items-center gap-2 rounded-sm px-2 text-left text-xs hover:bg-accent focus-visible:outline-none focus-visible:ring-1 focus-visible:ring-ring"[39m
              [33mtitle[39m=[32m"/home/dev/Documents"[39m
              [33mtype[39m=[32m"button"[39m
            [36m>[39m
              [36m<svg[39m
                [33mclass[39m=[32m"lucide lucide-folder size-3.5 shrink-0 text-muted-foreground"[39m
                [33mfill[39m=[32m"none"[39m
                [33mheight[39m=[32m"24"[39m
                [33mstroke[39m=[32m"currentColor"[39m
                [33mstroke-linecap[39m=[32m"round"[39m
                [33mstroke-linejoin[39m=[32m"round"[39m
                [33mstroke-width[39m=[32m"2"[39m
                [33mviewBox[39m=[32m"0 0 24 24"[39m
                [33mwidth[39m=[32m"24"[39m
                [33mxmlns[39m=[32m"http://www.w3.org/2000/svg"[39m
              [36m>[39m
                [36m<path[39m
                  [33md[39m=[32m"M20 20a2 2 0 0 0 2-2V8a2 2 0 0 0-2-2h-7.9a2 2 0 0 1-1.69-.9L9.6 3.9A2 2 0 0 0 7.93 3H4a2 2 0 0 0-2 2v13a2 2 0 0 0 2 2Z"[39m
                [36m/>[39m
              [36m</svg>[39m
              [36m<span[39m
                [33mclass[39m=[32m"truncate"[39m
              [36m>[39m
                [0mDocuments[0m
              [36m</span>[39m
            [36m</button>[39m
          [36m</li>[39m
        [36m</ul>[39m
      [36m</div>[39m
    [36m</fieldset>[39m
  [36m</div>[39m
[36m</body>[39m
   ✓ remote path autocomplete > does not navigate on an IME confirmation key 6ms
   × remote path autocomplete > fills the actual home path when a failed initial connection is retried 20ms
     → Unable to find an accessible element with the role "combobox"

Here are the accessible roles:

  group:

  Name "Remote folders":
  [36m<fieldset[39m
    [33maria-label[39m=[32m"Remote folders"[39m
    [33mclass[39m=[32m"min-w-0 space-y-3"[39m
  [36m/>[39m

  --------------------------------------------------
  textbox:

  Name "Remote repository path":
  [36m<input[39m
    [33maria-label[39m=[32m"Remote repository path"[39m
    [33mautocomplete[39m=[32m"off"[39m
    [33mclass[39m=[32m"flex w-full rounded-md border border-input bg-transparent px-3 py-1 shadow-sm transition-colors file:border-0 file:bg-transparent file:text-sm file:font-medium file:text-foreground placeholder:text-muted-foreground focus-visible:outline-none focus-visible:ring-1 focus-visible:ring-ring disabled:cursor-not-allowed disabled:opacity-50 md:text-sm h-8 min-w-0 font-mono text-xs"[39m
    [33mdata-testid[39m=[32m"remote-repo-path-input"[39m
    [33mid[39m=[32m"remote-repo-path"[39m
    [33mplaceholder[39m=[32m"~"[39m
    [33mspellcheck[39m=[32m"false"[39m
    [33mvalue[39m=[32m"C:\\Users\\dev"[39m
  [36m/>[39m

  Name "Filter folders":
  [36m<input[39m
    [33maria-label[39m=[32m"Filter folders"[39m
    [33mclass[39m=[32m"flex w-full rounded-md border border-input bg-transparent px-3 py-1 shadow-sm transition-colors file:border-0 file:bg-transparent file:text-sm file:font-medium file:text-foreground placeholder:text-muted-foreground focus-visible:outline-none focus-visible:ring-1 focus-visible:ring-ring disabled:cursor-not-allowed disabled:opacity-50 md:text-sm h-8 text-xs"[39m
    [33mplaceholder[39m=[32m"Filter folders"[39m
    [33mvalue[39m=[32m""[39m
  [36m/>[39m

  --------------------------------------------------
  button:

  Name "Go":
  [36m<button[39m
    [33mclass[39m=[32m"inline-flex items-center justify-center gap-2 whitespace-nowrap font-medium transition-colors focus-visible:outline-none focus-visible:ring-1 focus-visible:ring-ring disabled:pointer-events-none disabled:opacity-50 [&_svg]:pointer-events-none [&_svg]:size-4 [&_svg]:shrink-0 border border-input bg-background shadow-sm hover:bg-accent hover:text-accent-foreground h-8 rounded-md px-3 text-xs"[39m
    [33mtype[39m=[32m"button"[39m
  [36m/>[39m

  Name "Remote home":
  [36m<button[39m
    [33maria-label[39m=[32m"Remote home"[39m
    [33mclass[39m=[32m"inline-flex items-center justify-center gap-2 whitespace-nowrap font-medium transition-colors focus-visible:outline-none focus-visible:ring-1 focus-visible:ring-ring disabled:pointer-events-none disabled:opacity-50 [&_svg]:pointer-events-none [&_svg]:size-4 [&_svg]:shrink-0 hover:bg-accent hover:text-accent-foreground h-8 rounded-md px-3 text-xs"[39m
    [33mtitle[39m=[32m"Remote home"[39m
    [33mtype[39m=[32m"button"[39m
  [36m/>[39m

  Name "Parent folder":
  [36m<button[39m
    [33maria-label[39m=[32m"Parent folder"[39m
    [33mclass[39m=[32m"inline-flex items-center justify-center gap-2 whitespace-nowrap font-medium transition-colors focus-visible:outline-none focus-visible:ring-1 focus-visible:ring-ring disabled:pointer-events-none disabled:opacity-50 [&_svg]:pointer-events-none [&_svg]:size-4 [&_svg]:shrink-0 hover:bg-accent hover:text-accent-foreground h-8 rounded-md px-3 text-xs"[39m
    [33mtitle[39m=[32m"Parent folder"[39m
    [33mtype[39m=[32m"button"[39m
  [36m/>[39m

  Name "Refresh folders":
  [36m<button[39m
    [33maria-label[39m=[32m"Refresh folders"[39m
    [33mclass[39m=[32m"inline-flex items-center justify-center gap-2 whitespace-nowrap font-medium transition-colors focus-visible:outline-none focus-visible:ring-1 focus-visible:ring-ring disabled:pointer-events-none disabled:opacity-50 [&_svg]:pointer-events-none [&_svg]:size-4 [&_svg]:shrink-0 hover:bg-accent hover:text-accent-foreground h-8 rounded-md px-3 text-xs"[39m
    [33mtitle[39m=[32m"Refresh folders"[39m
    [33mtype[39m=[32m"button"[39m
  [36m/>[39m

  --------------------------------------------------
  switch:

  Name "Hidden folders":
  [36m<button[39m
    [33maria-checked[39m=[32m"false"[39m
    [33mclass[39m=[32m"peer inline-flex h-5 w-9 shrink-0 cursor-pointer items-center rounded-full border-2 border-transparent shadow-sm transition-colors focus-visible:outline-none focus-visible:ring-2 focus-visible:ring-ring focus-visible:ring-offset-2 focus-visible:ring-offset-background disabled:cursor-not-allowed disabled:opacity-50 data-[state=checked]:bg-primary data-[state=unchecked]:bg-input"[39m
    [33mdata-state[39m=[32m"unchecked"[39m
    [33mid[39m=[32m"remote-show-hidden"[39m
    [33mrole[39m=[32m"switch"[39m
    [33mtype[39m=[32m"button"[39m
    [33mvalue[39m=[32m"on"[39m
  [36m/>[39m

  --------------------------------------------------
  status:

  Name "":
  [36m<p[39m
    [33mclass[39m=[32m"p-6 text-center text-xs text-muted-foreground"[39m
    [33mrole[39m=[32m"status"[39m
  [36m/>[39m

  --------------------------------------------------

Ignored nodes: comments, script, style
[36m<body>[39m
  [36m<div>[39m
    [36m<fieldset[39m
      [33maria-label[39m=[32m"Remote folders"[39m
      [33mclass[39m=[32m"min-w-0 space-y-3"[39m
    [36m>[39m
      [36m<div[39m
        [33mclass[39m=[32m"space-y-1"[39m
      [36m>[39m
        [36m<label[39m
          [33mclass[39m=[32m"text-[11px] text-muted-foreground"[39m
          [33mfor[39m=[32m"remote-repo-path"[39m
        [36m>[39m
          [0mRemote folder[0m
        [36m</label>[39m
        [36m<div[39m
          [33mclass[39m=[32m"flex gap-2"[39m
        [36m>[39m
          [36m<input[39m
            [33maria-label[39m=[32m"Remote repository path"[39m
            [33mautocomplete[39m=[32m"off"[39m
            [33mclass[39m=[32m"flex w-full rounded-md border border-input bg-transparent px-3 py-1 shadow-sm transition-colors file:border-0 file:bg-transparent file:text-sm file:font-medium file:text-foreground placeholder:text-muted-foreground focus-visible:outline-none focus-visible:ring-1 focus-visible:ring-ring disabled:cursor-not-allowed disabled:opacity-50 md:text-sm h-8 min-w-0 font-mono text-xs"[39m
            [33mdata-testid[39m=[32m"remote-repo-path-input"[39m
            [33mid[39m=[32m"remote-repo-path"[39m
            [33mplaceholder[39m=[32m"~"[39m
            [33mspellcheck[39m=[32m"false"[39m
            [33mvalue[39m=[32m"C:\\Users\\dev"[39m
          [36m/>[39m
          [36m<button[39m
            [33mclass[39m=[32m"inline-flex items-center justify-center gap-2 whitespace-nowrap font-medium transition-colors focus-visible:outline-none focus-visible:ring-1 focus-visible:ring-ring disabled:pointer-events-none disabled:opacity-50 [&_svg]:pointer-events-none [&_svg]:size-4 [&_svg]:shrink-0 border border-input bg-background shadow-sm hover:bg-accent hover:text-accent-foreground h-8 rounded-md px-3 text-xs"[39m
            [33mtype[39m=[32m"button"[39m
          [36m>[39m
            [0mGo[0m
          [36m</button>[39m
        [36m</div>[39m
      [36m</div>[39m
      [36m<div[39m
        [33mclass[39m=[32m"flex flex-wrap items-center gap-2"[39m
      [36m>[39m
        [36m<button[39m
          [33maria-label[39m=[32m"Remote home"[39m
          [33mclass[39m=[32m"inline-flex items-center justify-center gap-2 whitespace-nowrap font-medium transition-colors focus-visible:outline-none focus-visible:ring-1 focus-visible:ring-ring disabled:pointer-events-none disabled:opacity-50 [&_svg]:pointer-events-none [&_svg]:size-4 [&_svg]:shrink-0 hover:bg-accent hover:text-accent-foreground h-8 rounded-md px-3 text-xs"[39m
          [33mtitle[39m=[32m"Remote home"[39m
          [33mtype[39m=[32m"button"[39m
        [36m>[39m
          [36m<svg[39m
            [33mclass[39m=[32m"lucide lucide-house size-3.5"[39m
            [33mfill[39m=[32m"none"[39m
            [33mheight[39m=[32m"24"[39m
            [33mstroke[39m=[32m"currentColor"[39m
            [33mstroke-linecap[39m=[32m"round"[39m
            [33mstroke-linejoin[39m=[32m"round"[39m
            [33mstroke-width[39m=[32m"2"[39m
            [33mviewBox[39m=[32m"0 0 24 24"[39m
            [33mwidth[39m=[32m"24"[39m
            [33mxmlns[39m=[32m"http://www.w3.org/2000/svg"[39m
          [36m>[39m
            [36m<path[39m
              [33md[39m=[32m"M15 21v-8a1 1 0 0 0-1-1h-4a1 1 0 0 0-1 1v8"[39m
            [36m/>[39m
            [36m<path[39m
              [33md[39m=[32m"M3 10a2 2 0 0 1 .709-1.528l7-5.999a2 2 0 0 1 2.582 0l7 5.999A2 2 0 0 1 21 10v9a2 2 0 0 1-2 2H5a2 2 0 0 1-2-2z"[39m
            [36m/>[39m
          [36m</svg>[39m
        [36m</button>[39m
        [36m<button[39m
          [33maria-label[39m=[32m"Parent folder"[39m
          [33mclass[39m=[32m"inline-flex items-center justify-center gap-2 whitespace-nowrap font-medium transition-colors focus-visible:outline-none focus-visible:ring-1 focus-visible:ring-ring disabled:pointer-events-none disabled:opacity-50 [&_svg]:pointer-events-none [&_svg]:size-4 [&_svg]:shrink-0 hover:bg-accent hover:text-accent-foreground h-8 rounded-md px-3 text-xs"[39m
          [33mtitle[39m=[32m"Parent folder"[39m
          [33mtype[39m=[32m"button"[39m
        [36m>[39m
          [36m<svg[39m
            [33mclass[39m=[32m"lucide lucide-arrow-up size-3.5"[39m
            [33mfill[39m=[32m"none"[39m
            [33mheight[39m=[32m"24"[39m
            [33mstroke[39m=[32m"currentColor"[39m
            [33mstroke-linecap[39m=[32m"round"[39m
            [33mstroke-linejoin[39m=[32m"round"[39m
            [33mstroke-width[39m=[32m"2"[39m
            [33mviewBox[39m=[32m"0 0 24 24"[39m
            [33mwidth[39m=[32m"24"[39m
            [33mxmlns[39m=[32m"http://www.w3.org/2000/svg"[39m
          [36m>[39m
            [36m<path[39m
              [33md[39m=[32m"m5 12 7-7 7 7"[39m
            [36m/>[39m
            [36m<path[39m
              [33md[39m=[32m"M12 19V5"[39m
            [36m/>[39m
          [36m</svg>[39m
        [36m</button>[39m
        [36m<button[39m
          [33maria-label[39m=[32m"Refresh folders"[39m
          [33mclass[39m=[32m"inline-flex items-center justify-center gap-2 whitespace-nowrap font-medium transition-colors focus-visible:outline-none focus-visible:ring-1 focus-visible:ring-ring disabled:pointer-events-none disabled:opacity-50 [&_svg]:pointer-events-none [&_svg]:size-4 [&_svg]:shrink-0 hover:bg-accent hover:text-accent-foreground h-8 rounded-md px-3 text-xs"[39m
          [33mtitle[39m=[32m"Refresh folders"[39m
          [33mtype[39m=[32m"button"[39m
        [36m>[39m
          [36m<svg[39m
            [33mclass[39m=[32m"lucide lucide-refresh-cw size-3.5"[39m
            [33mfill[39m=[32m"none"[39m
            [33mheight[39m=[32m"24"[39m
            [33mstroke[39m=[32m"currentColor"[39m
            [33mstroke-linecap[39m=[32m"round"[39m
            [33mstroke-linejoin[39m=[32m"round"[39m
            [33mstroke-width[39m=[32m"2"[39m
            [33mviewBox[39m=[32m"0 0 24 24"[39m
            [33mwidth[39m=[32m"24"[39m
            [33mxmlns[39m=[32m"http://www.w3.org/2000/svg"[39m
          [36m>[39m
            [36m<path[39m
              [33md[39m=[32m"M3 12a9 9 0 0 1 9-9 9.75 9.75 0 0 1 6.74 2.74L21 8"[39m
            [36m/>[39m
            [36m<path[39m
              [33md[39m=[32m"M21 3v5h-5"[39m
            [36m/>[39m
            [36m<path[39m
              [33md[39m=[32m"M21 12a9 9 0 0 1-9 9 9.75 9.75 0 0 1-6.74-2.74L3 16"[39m
            [36m/>[39m
            [36m<path[39m
              [33md[39m=[32m"M8 16H3v5"[39m
            [36m/>[39m
          [36m</svg>[39m
        [36m</button>[39m
        [36m<div[39m
          [33mclass[39m=[32m"ml-auto flex items-center gap-2"[39m
        [36m>[39m
          [36m<label[39m
            [33mclass[39m=[32m"text-[11px] text-muted-foreground"[39m
            [33mfor[39m=[32m"remote-show-hidden"[39m
          [36m>[39m
            [0mHidden folders[0m
          [36m</label>[39m
          [36m<button[39m
            [33maria-checked[39m=[32m"false"[39m
            [33mclass[39m=[32m"peer inline-flex h-5 w-9 shrink-0 cursor-pointer items-center rounded-full border-2 border-transparent shadow-sm transition-colors focus-visible:outline-none focus-visible:ring-2 focus-visible:ring-ring focus-visible:ring-offset-2 focus-visible:ring-offset-background disabled:cursor-not-allowed disabled:opacity-50 data-[state=checked]:bg-primary data-[state=unchecked]:bg-input"[39m
            [33mdata-state[39m=[32m"unchecked"[39m
            [33mid[39m=[32m"remote-show-hidden"[39m
            [33mrole[39m=[32m"switch"[39m
            [33mtype[39m=[32m"button"[39m
            [33mvalue[39m=[32m"on"[39m
          [36m>[39m
            [36m<span[39m
              [33mclass[39m=[32m"pointer-events-none block h-4 w-4 rounded-full bg-background shadow-lg ring-0 transition-transform data-[state=checked]:translate-x-4 data-[state=unchecked]:translate-x-0"[39m
              [33mdata-state[39m=[32m"unchecked"[39m
            [36m/>[39m
          [36m</button>[39m
        [36m</div>[39m
      [36m</div>[39m
      [36m<input[39m
        [33maria-label[39m=[32m"Filter folders"[39m
        [33mclass[39m=[32m"flex w-full rounded-md border border-input bg-transparent px-3 py-1 shadow-sm transition-colors file:border-0 file:bg-transparent file:text-sm file:font-medium file:text-foreground placeholder:text-muted-foreground focus-visible:outline-none focus-visible:ring-1 focus-visible:ring-ring disabled:cursor-not-allowed disabled:opacity-50 md:text-sm h-8 text-xs"[39m
        [33mplaceholder[39m=[32m"Filter folders"[39m
        [33mvalue[39m=[32m""[39m
      [36m/>[39m
      [36m<div[39m
        [33maria-busy[39m=[32m"false"[39m
        [33maria-label[39m=[32m"Folder contents"[39m
        [33mclass[39m=[32m"h-56 overflow-y-auto rounded-md border border-border bg-background"[39m
      [36m>[39m
        [36m<p[39m
          [33mclass[39m=[32m"p-6 text-center text-xs text-muted-foreground"[39m
          [33mrole[39m=[32m"status"[39m
        [36m>[39m
          [0mNo visible subfolders.[0m
        [36m</p>[39m
      [36m</div>[39m
    [36m</fieldset>[39m
  [36m</div>[39m
[36m</body>[39m
   × remote path autocomplete > does not offer stale candidates or refresh a selected folder for an empty input 9ms
     → [2mexpect([22m[31melement[39m[2m).toBeDisabled()[22m

Received element is not disabled:
  [31m<button
  aria-label="Refresh folders"
  class="inline-flex items-center justify-center gap-2 whitespace-nowrap font-medium transition-colors focus-visible:outline-none focus-visible:ring-1 focus-visible:ring-ring disabled:pointer-events-none disabled:opacity-50 [&_svg]:pointer-events-none [&_svg]:size-4 [&_svg]:shrink-0 hover:bg-accent hover:text-accent-foreground h-8 rounded-md px-3 text-xs"
  title="Refresh folders"
  type="button"
/>[39m
   × remote path autocomplete > does not navigate by clicking an option while registration disables the picker 16ms
     → Unable to find an accessible element with the role "option" and name "code"

Here are the accessible roles:

  group:

  Name "Remote folders":
  [36m<fieldset[39m
    [33maria-label[39m=[32m"Remote folders"[39m
    [33mclass[39m=[32m"min-w-0 space-y-3"[39m
    [33mdisabled[39m=[32m""[39m
  [36m/>[39m

  --------------------------------------------------
  textbox:

  Name "Remote repository path":
  [36m<input[39m
    [33maria-label[39m=[32m"Remote repository path"[39m
    [33mautocomplete[39m=[32m"off"[39m
    [33mclass[39m=[32m"flex w-full rounded-md border border-input bg-transparent px-3 py-1 shadow-sm transition-colors file:border-0 file:bg-transparent file:text-sm file:font-medium file:text-foreground placeholder:text-muted-foreground focus-visible:outline-none focus-visible:ring-1 focus-visible:ring-ring disabled:cursor-not-allowed disabled:opacity-50 md:text-sm h-8 min-w-0 font-mono text-xs"[39m
    [33mdata-testid[39m=[32m"remote-repo-path-input"[39m
    [33mid[39m=[32m"remote-repo-path"[39m
    [33mplaceholder[39m=[32m"~"[39m
    [33mspellcheck[39m=[32m"false"[39m
    [33mvalue[39m=[32m"/home/dev"[39m
  [36m/>[39m

  Name "Filter folders":
  [36m<input[39m
    [33maria-label[39m=[32m"Filter folders"[39m
    [33mclass[39m=[32m"flex w-full rounded-md border border-input bg-transparent px-3 py-1 shadow-sm transition-colors file:border-0 file:bg-transparent file:text-sm file:font-medium file:text-foreground placeholder:text-muted-foreground focus-visible:outline-none focus-visible:ring-1 focus-visible:ring-ring disabled:cursor-not-allowed disabled:opacity-50 md:text-sm h-8 text-xs"[39m
    [33mplaceholder[39m=[32m"Filter folders"[39m
    [33mvalue[39m=[32m""[39m
  [36m/>[39m

  --------------------------------------------------
  button:

  Name "Go":
  [36m<button[39m
    [33mclass[39m=[32m"inline-flex items-center justify-center gap-2 whitespace-nowrap font-medium transition-colors focus-visible:outline-none focus-visible:ring-1 focus-visible:ring-ring disabled:pointer-events-none disabled:opacity-50 [&_svg]:pointer-events-none [&_svg]:size-4 [&_svg]:shrink-0 border border-input bg-background shadow-sm hover:bg-accent hover:text-accent-foreground h-8 rounded-md px-3 text-xs"[39m
    [33mtype[39m=[32m"button"[39m
  [36m/>[39m

  Name "Remote home":
  [36m<button[39m
    [33maria-label[39m=[32m"Remote home"[39m
    [33mclass[39m=[32m"inline-flex items-center justify-center gap-2 whitespace-nowrap font-medium transition-colors focus-visible:outline-none focus-visible:ring-1 focus-visible:ring-ring disabled:pointer-events-none disabled:opacity-50 [&_svg]:pointer-events-none [&_svg]:size-4 [&_svg]:shrink-0 hover:bg-accent hover:text-accent-foreground h-8 rounded-md px-3 text-xs"[39m
    [33mtitle[39m=[32m"Remote home"[39m
    [33mtype[39m=[32m"button"[39m
  [36m/>[39m

  Name "Parent folder":
  [36m<button[39m
    [33maria-label[39m=[32m"Parent folder"[39m
    [33mclass[39m=[32m"inline-flex items-center justify-center gap-2 whitespace-nowrap font-medium transition-colors focus-visible:outline-none focus-visible:ring-1 focus-visible:ring-ring disabled:pointer-events-none disabled:opacity-50 [&_svg]:pointer-events-none [&_svg]:size-4 [&_svg]:shrink-0 hover:bg-accent hover:text-accent-foreground h-8 rounded-md px-3 text-xs"[39m
    [33mtitle[39m=[32m"Parent folder"[39m
    [33mtype[39m=[32m"button"[39m
  [36m/>[39m

  Name "Refresh folders":
  [36m<button[39m
    [33maria-label[39m=[32m"Refresh folders"[39m
    [33mclass[39m=[32m"inline-flex items-center justify-center gap-2 whitespace-nowrap font-medium transition-colors focus-visible:outline-none focus-visible:ring-1 focus-visible:ring-ring disabled:pointer-events-none disabled:opacity-50 [&_svg]:pointer-events-none [&_svg]:size-4 [&_svg]:shrink-0 hover:bg-accent hover:text-accent-foreground h-8 rounded-md px-3 text-xs"[39m
    [33mtitle[39m=[32m"Refresh folders"[39m
    [33mtype[39m=[32m"button"[39m
  [36m/>[39m

  Name "code":
  [36m<button[39m
    [33mclass[39m=[32m"flex h-8 w-full items-center gap-2 rounded-sm px-2 text-left text-xs hover:bg-accent focus-visible:outline-none focus-visible:ring-1 focus-visible:ring-ring"[39m
    [33mtitle[39m=[32m"/home/dev/code"[39m
    [33mtype[39m=[32m"button"[39m
  [36m/>[39m

  --------------------------------------------------
  switch:

  Name "Hidden folders":
  [36m<button[39m
    [33maria-checked[39m=[32m"false"[39m
    [33mclass[39m=[32m"peer inline-flex h-5 w-9 shrink-0 cursor-pointer items-center rounded-full border-2 border-transparent shadow-sm transition-colors focus-visible:outline-none focus-visible:ring-2 focus-visible:ring-ring focus-visible:ring-offset-2 focus-visible:ring-offset-background disabled:cursor-not-allowed disabled:opacity-50 data-[state=checked]:bg-primary data-[state=unchecked]:bg-input"[39m
    [33mdata-state[39m=[32m"unchecked"[39m
    [33mid[39m=[32m"remote-show-hidden"[39m
    [33mrole[39m=[32m"switch"[39m
    [33mtype[39m=[32m"button"[39m
    [33mvalue[39m=[32m"on"[39m
  [36m/>[39m

  --------------------------------------------------
  list:

  Name "":
  [36m<ul[39m
    [33mclass[39m=[32m"p-1"[39m
  [36m/>[39m

  --------------------------------------------------
  listitem:

  Name "":
  [36m<li />[39m

  --------------------------------------------------

Ignored nodes: comments, script, style
[36m<body>[39m
  [36m<div>[39m
    [36m<fieldset[39m
      [33maria-label[39m=[32m"Remote folders"[39m
      [33mclass[39m=[32m"min-w-0 space-y-3"[39m
      [33mdisabled[39m=[32m""[39m
    [36m>[39m
      [36m<div[39m
        [33mclass[39m=[32m"space-y-1"[39m
      [36m>[39m
        [36m<label[39m
          [33mclass[39m=[32m"text-[11px] text-muted-foreground"[39m
          [33mfor[39m=[32m"remote-repo-path"[39m
        [36m>[39m
          [0mRemote folder[0m
        [36m</label>[39m
        [36m<div[39m
          [33mclass[39m=[32m"flex gap-2"[39m
        [36m>[39m
          [36m<input[39m
            [33maria-label[39m=[32m"Remote repository path"[39m
            [33mautocomplete[39m=[32m"off"[39m
            [33mclass[39m=[32m"flex w-full rounded-md border border-input bg-transparent px-3 py-1 shadow-sm transition-colors file:border-0 file:bg-transparent file:text-sm file:font-medium file:text-foreground placeholder:text-muted-foreground focus-visible:outline-none focus-visible:ring-1 focus-visible:ring-ring disabled:cursor-not-allowed disabled:opacity-50 md:text-sm h-8 min-w-0 font-mono text-xs"[39m
            [33mdata-testid[39m=[32m"remote-repo-path-input"[39m
            [33mid[39m=[32m"remote-repo-path"[39m
            [33mplaceholder[39m=[32m"~"[39m
            [33mspellcheck[39m=[32m"false"[39m
            [33mvalue[39m=[32m"/home/dev"[39m
          [36m/>[39m
          [36m<button[39m
            [33mclass[39m=[32m"inline-flex items-center justify-center gap-2 whitespace-nowrap font-medium transition-colors focus-visible:outline-none focus-visible:ring-1 focus-visible:ring-ring disabled:pointer-events-none disabled:opacity-50 [&_svg]:pointer-events-none [&_svg]:size-4 [&_svg]:shrink-0 border border-input bg-background shadow-sm hover:bg-accent hover:text-accent-foreground h-8 rounded-md px-3 text-xs"[39m
            [33mtype[39m=[32m"button"[39m
          [36m>[39m
            [0mGo[0m
          [36m</button>[39m
        [36m</div>[39m
      [36m</div>[39m
      [36m<div[39m
        [33mclass[39m=[32m"flex flex-wrap items-center gap-2"[39m
      [36m>[39m
        [36m<button[39m
          [33maria-label[39m=[32m"Remote home"[39m
          [33mclass[39m=[32m"inline-flex items-center justify-center gap-2 whitespace-nowrap font-medium transition-colors focus-visible:outline-none focus-visible:ring-1 focus-visible:ring-ring disabled:pointer-events-none disabled:opacity-50 [&_svg]:pointer-events-none [&_svg]:size-4 [&_svg]:shrink-0 hover:bg-accent hover:text-accent-foreground h-8 rounded-md px-3 text-xs"[39m
          [33mtitle[39m=[32m"Remote home"[39m
          [33mtype[39m=[32m"button"[39m
        [36m>[39m
          [36m<svg[39m
            [33mclass[39m=[32m"lucide lucide-house size-3.5"[39m
            [33mfill[39m=[32m"none"[39m
            [33mheight[39m=[32m"24"[39m
            [33mstroke[39m=[32m"currentColor"[39m
            [33mstroke-linecap[39m=[32m"round"[39m
            [33mstroke-linejoin[39m=[32m"round"[39m
            [33mstroke-width[39m=[32m"2"[39m
            [33mviewBox[39m=[32m"0 0 24 24"[39m
            [33mwidth[39m=[32m"24"[39m
            [33mxmlns[39m=[32m"http://www.w3.org/2000/svg"[39m
          [36m>[39m
            [36m<path[39m
              [33md[39m=[32m"M15 21v-8a1 1 0 0 0-1-1h-4a1 1 0 0 0-1 1v8"[39m
            [36m/>[39m
            [36m<path[39m
              [33md[39m=[32m"M3 10a2 2 0 0 1 .709-1.528l7-5.999a2 2 0 0 1 2.582 0l7 5.999A2 2 0 0 1 21 10v9a2 2 0 0 1-2 2H5a2 2 0 0 1-2-2z"[39m
            [36m/>[39m
          [36m</svg>[39m
        [36m</button>[39m
        [36m<button[39m
          [33maria-label[39m=[32m"Parent folder"[39m
          [33mclass[39m=[32m"inline-flex items-center justify-center gap-2 whitespace-nowrap font-medium transition-colors focus-visible:outline-none focus-visible:ring-1 focus-visible:ring-ring disabled:pointer-events-none disabled:opacity-50 [&_svg]:pointer-events-none [&_svg]:size-4 [&_svg]:shrink-0 hover:bg-accent hover:text-accent-foreground h-8 rounded-md px-3 text-xs"[39m
          [33mtitle[39m=[32m"Parent folder"[39m
          [33mtype[39m=[32m"button"[39m
        [36m>[39m
          [36m<svg[39m
            [33mclass[39m=[32m"lucide lucide-arrow-up size-3.5"[39m
            [33mfill[39m=[32m"none"[39m
            [33mheight[39m=[32m"24"[39m
            [33mstroke[39m=[32m"currentColor"[39m
            [33mstroke-linecap[39m=[32m"round"[39m
            [33mstroke-linejoin[39m=[32m"round"[39m
            [33mstroke-width[39m=[32m"2"[39m
            [33mviewBox[39m=[32m"0 0 24 24"[39m
            [33mwidth[39m=[32m"24"[39m
            [33mxmlns[39m=[32m"http://www.w3.org/2000/svg"[39m
          [36m>[39m
            [36m<path[39m
              [33md[39m=[32m"m5 12 7-7 7 7"[39m
            [36m/>[39m
            [36m<path[39m
              [33md[39m=[32m"M12 19V5"[39m
            [36m/>[39m
          [36m</svg>[39m
        [36m</button>[39m
        [36m<button[39m
          [33maria-label[39m=[32m"Refresh folders"[39m
          [33mclass[39m=[32m"inline-flex items-center justify-center gap-2 whitespace-nowrap font-medium transition-colors focus-visible:outline-none focus-visible:ring-1 focus-visible:ring-ring disabled:pointer-events-none disabled:opacity-50 [&_svg]:pointer-events-none [&_svg]:size-4 [&_svg]:shrink-0 hover:bg-accent hover:text-accent-foreground h-8 rounded-md px-3 text-xs"[39m
          [33mtitle[39m=[32m"Refresh folders"[39m
          [33mtype[39m=[32m"button"[39m
        [36m>[39m
          [36m<svg[39m
            [33mclass[39m=[32m"lucide lucide-refresh-cw size-3.5"[39m
            [33mfill[39m=[32m"none"[39m
            [33mheight[39m=[32m"24"[39m
            [33mstroke[39m=[32m"currentColor"[39m
            [33mstroke-linecap[39m=[32m"round"[39m
            [33mstroke-linejoin[39m=[32m"round"[39m
            [33mstroke-width[39m=[32m"2"[39m
            [33mviewBox[39m=[32m"0 0 24 24"[39m
            [33mwidth[39m=[32m"24"[39m
            [33mxmlns[39m=[32m"http://www.w3.org/2000/svg"[39m
          [36m>[39m
            [36m<path[39m
              [33md[39m=[32m"M3 12a9 9 0 0 1 9-9 9.75 9.75 0 0 1 6.74 2.74L21 8"[39m
            [36m/>[39m
            [36m<path[39m
              [33md[39m=[32m"M21 3v5h-5"[39m
            [36m/>[39m
            [36m<path[39m
              [33md[39m=[32m"M21 12a9 9 0 0 1-9 9 9.75 9.75 0 0 1-6.74-2.74L3 16"[39m
            [36m/>[39m
            [36m<path[39m
              [33md[39m=[32m"M8 16H3v5"[39m
            [36m/>[39m
          [36m</svg>[39m
        [36m</button>[39m
        [36m<div[39m
          [33mclass[39m=[32m"ml-auto flex items-center gap-2"[39m
        [36m>[39m
          [36m<label[39m
            [33mclass[39m=[32m"text-[11px] text-muted-foreground"[39m
            [33mfor[39m=[32m"remote-show-hidden"[39m
          [36m>[39m
            [0mHidden folders[0m
          [36m</label>[39m
          [36m<button[39m
            [33maria-checked[39m=[32m"false"[39m
            [33mclass[39m=[32m"peer inline-flex h-5 w-9 shrink-0 cursor-pointer items-center rounded-full border-2 border-transparent shadow-sm transition-colors focus-visible:outline-none focus-visible:ring-2 focus-visible:ring-ring focus-visible:ring-offset-2 focus-visible:ring-offset-background disabled:cursor-not-allowed disabled:opacity-50 data-[state=checked]:bg-primary data-[state=unchecked]:bg-input"[39m
            [33mdata-state[39m=[32m"unchecked"[39m
            [33mid[39m=[32m"remote-show-hidden"[39m
            [33mrole[39m=[32m"switch"[39m
            [33mtype[39m=[32m"button"[39m
            [33mvalue[39m=[32m"on"[39m
          [36m>[39m
            [36m<span[39m
              [33mclass[39m=[32m"pointer-events-none block h-4 w-4 rounded-full bg-background shadow-lg ring-0 transition-transform data-[state=checked]:translate-x-4 data-[state=unchecked]:translate-x-0"[39m
              [33mdata-state[39m=[32m"unchecked"[39m
            [36m/>[39m
          [36m</button>[39m
        [36m</div>[39m
      [36m</div>[39m
      [36m<input[39m
        [33maria-label[39m=[32m"Filter folders"[39m
        [33mclass[39m=[32m"flex w-full rounded-md border border-input bg-transparent px-3 py-1 shadow-sm transition-colors file:border-0 file:bg-transparent file:text-sm file:font-medium file:text-foreground placeholder:text-muted-foreground focus-visible:outline-none focus-visible:ring-1 focus-visible:ring-ring disabled:cursor-not-allowed disabled:opacity-50 md:text-sm h-8 text-xs"[39m
        [33mplaceholder[39m=[32m"Filter folders"[39m
        [33mvalue[39m=[32m""[39m
      [36m/>[39m
      [36m<div[39m
        [33maria-busy[39m=[32m"false"[39m
        [33maria-label[39m=[32m"Folder contents"[39m
        [33mclass[39m=[32m"h-56 overflow-y-auto rounded-md border border-border bg-background"[39m
      [36m>[39m
        [36m<ul[39m
          [33mclass[39m=[32m"p-1"[39m
        [36m>[39m
          [36m<li>[39m
            [36m<button[39m
              [33mclass[39m=[32m"flex h-8 w-full items-center gap-2 rounded-sm px-2 text-left text-xs hover:bg-accent focus-visible:outline-none focus-visible:ring-1 focus-visible:ring-ring"[39m
              [33mtitle[39m=[32m"/home/dev/code"[39m
              [33mtype[39m=[32m"button"[39m
            [36m>[39m
              [36m<svg[39m
                [33mclass[39m=[32m"lucide lucide-folder size-3.5 shrink-0 text-muted-foreground"[39m
                [33mfill[39m=[32m"none"[39m
                [33mheight[39m=[32m"24"[39m
                [33mstroke[39m=[32m"currentColor"[39m
                [33mstroke-linecap[39m=[32m"round"[39m
                [33mstroke-linejoin[39m=[32m"round"[39m
                [33mstroke-width[39m=[32m"2"[39m
                [33mviewBox[39m=[32m"0 0 24 24"[39m
                [33mwidth[39m=[32m"24"[39m
                [33mxmlns[39m=[32m"http://www.w3.org/2000/svg"[39m
              [36m>[39m
                [36m<path[39m
                  [33md[39m=[32m"M20 20a2 2 0 0 0 2-2V8a2 2 0 0 0-2-2h-7.9a2 2 0 0 1-1.69-.9L9.6 3.9A2 2 0 0 0 7.93 3H4a2 2 0 0 0-2 2v13a2 2 0 0 0 2 2Z"[39m
                [36m/>[39m
              [36m</svg>[39m
              [36m<span[39m
                [33mclass[39m=[32m"truncate"[39m
              [36m>[39m
                [0mcode[0m
              [36m</span>[39m
            [36m</button>[39m
          [36m</li>[39m
        [36m</ul>[39m
      [36m</div>[39m
    [36m</fieldset>[39m
  [36m</div>[39m
[36m</body>[39m

⎯⎯⎯⎯⎯⎯ Failed Tests 11 ⎯⎯⎯⎯⎯⎯⎯

 FAIL  src/components/RemoteDirectoryPicker.repro-red.test.tsx > remote path autocomplete > loads children when a separator is typed without submitting navigation
TestingLibraryElementError: Unable to find an accessible element with the role "option" and name "app"

Here are the accessible roles:

  group:

  Name "Remote folders":
  [36m<fieldset[39m
    [33maria-label[39m=[32m"Remote folders"[39m
    [33mclass[39m=[32m"min-w-0 space-y-3"[39m
  [36m/>[39m

  --------------------------------------------------
  textbox:

  Name "Remote repository path":
  [36m<input[39m
    [33maria-label[39m=[32m"Remote repository path"[39m
    [33mautocomplete[39m=[32m"off"[39m
    [33mclass[39m=[32m"flex w-full rounded-md border border-input bg-transparent px-3 py-1 shadow-sm transition-colors file:border-0 file:bg-transparent file:text-sm file:font-medium file:text-foreground placeholder:text-muted-foreground focus-visible:outline-none focus-visible:ring-1 focus-visible:ring-ring disabled:cursor-not-allowed disabled:opacity-50 md:text-sm h-8 min-w-0 font-mono text-xs"[39m
    [33mdata-testid[39m=[32m"remote-repo-path-input"[39m
    [33mid[39m=[32m"remote-repo-path"[39m
    [33mplaceholder[39m=[32m"~"[39m
    [33mspellcheck[39m=[32m"false"[39m
    [33mvalue[39m=[32m"/home/dev/code/"[39m
  [36m/>[39m

  Name "Filter folders":
  [36m<input[39m
    [33maria-label[39m=[32m"Filter folders"[39m
    [33mclass[39m=[32m"flex w-full rounded-md border border-input bg-transparent px-3 py-1 shadow-sm transition-colors file:border-0 file:bg-transparent file:text-sm file:font-medium file:text-foreground placeholder:text-muted-foreground focus-visible:outline-none focus-visible:ring-1 focus-visible:ring-ring disabled:cursor-not-allowed disabled:opacity-50 md:text-sm h-8 text-xs"[39m
    [33mplaceholder[39m=[32m"Filter folders"[39m
    [33mvalue[39m=[32m""[39m
  [36m/>[39m

  --------------------------------------------------
  button:

  Name "Go":
  [36m<button[39m
    [33mclass[39m=[32m"inline-flex items-center justify-center gap-2 whitespace-nowrap font-medium transition-colors focus-visible:outline-none focus-visible:ring-1 focus-visible:ring-ring disabled:pointer-events-none disabled:opacity-50 [&_svg]:pointer-events-none [&_svg]:size-4 [&_svg]:shrink-0 border border-input bg-background shadow-sm hover:bg-accent hover:text-accent-foreground h-8 rounded-md px-3 text-xs"[39m
    [33mtype[39m=[32m"button"[39m
  [36m/>[39m

  Name "Remote home":
  [36m<button[39m
    [33maria-label[39m=[32m"Remote home"[39m
    [33mclass[39m=[32m"inline-flex items-center justify-center gap-2 whitespace-nowrap font-medium transition-colors focus-visible:outline-none focus-visible:ring-1 focus-visible:ring-ring disabled:pointer-events-none disabled:opacity-50 [&_svg]:pointer-events-none [&_svg]:size-4 [&_svg]:shrink-0 hover:bg-accent hover:text-accent-foreground h-8 rounded-md px-3 text-xs"[39m
    [33mtitle[39m=[32m"Remote home"[39m
    [33mtype[39m=[32m"button"[39m
  [36m/>[39m

  Name "Parent folder":
  [36m<button[39m
    [33maria-label[39m=[32m"Parent folder"[39m
    [33mclass[39m=[32m"inline-flex items-center justify-center gap-2 whitespace-nowrap font-medium transition-colors focus-visible:outline-none focus-visible:ring-1 focus-visible:ring-ring disabled:pointer-events-none disabled:opacity-50 [&_svg]:pointer-events-none [&_svg]:size-4 [&_svg]:shrink-0 hover:bg-accent hover:text-accent-foreground h-8 rounded-md px-3 text-xs"[39m
    [33mtitle[39m=[32m"Parent folder"[39m
    [33mtype[39m=[32m"button"[39m
  [36m/>[39m

  Name "Refresh folders":
  [36m<button[39m
    [33maria-label[39m=[32m"Refresh folders"[39m
    [33mclass[39m=[32m"inline-flex items-center justify-center gap-2 whitespace-nowrap font-medium transition-colors focus-visible:outline-none focus-visible:ring-1 focus-visible:ring-ring disabled:pointer-events-none disabled:opacity-50 [&_svg]:pointer-events-none [&_svg]:size-4 [&_svg]:shrink-0 hover:bg-accent hover:text-accent-foreground h-8 rounded-md px-3 text-xs"[39m
    [33mtitle[39m=[32m"Refresh folders"[39m
    [33mtype[39m=[32m"button"[39m
  [36m/>[39m

  Name "code":
  [36m<button[39m
    [33mclass[39m=[32m"flex h-8 w-full items-center gap-2 rounded-sm px-2 text-left text-xs hover:bg-accent focus-visible:outline-none focus-visible:ring-1 focus-visible:ring-ring"[39m
    [33mtitle[39m=[32m"/home/dev/code"[39m
    [33mtype[39m=[32m"button"[39m
  [36m/>[39m

  Name "Documents":
  [36m<button[39m
    [33mclass[39m=[32m"flex h-8 w-full items-center gap-2 rounded-sm px-2 text-left text-xs hover:bg-accent focus-visible:outline-none focus-visible:ring-1 focus-visible:ring-ring"[39m
    [33mtitle[39m=[32m"/home/dev/Documents"[39m
    [33mtype[39m=[32m"button"[39m
  [36m/>[39m

  --------------------------------------------------
  switch:

  Name "Hidden folders":
  [36m<button[39m
    [33maria-checked[39m=[32m"false"[39m
    [33mclass[39m=[32m"peer inline-flex h-5 w-9 shrink-0 cursor-pointer items-center rounded-full border-2 border-transparent shadow-sm transition-colors focus-visible:outline-none focus-visible:ring-2 focus-visible:ring-ring focus-visible:ring-offset-2 focus-visible:ring-offset-background disabled:cursor-not-allowed disabled:opacity-50 data-[state=checked]:bg-primary data-[state=unchecked]:bg-input"[39m
    [33mdata-state[39m=[32m"unchecked"[39m
    [33mid[39m=[32m"remote-show-hidden"[39m
    [33mrole[39m=[32m"switch"[39m
    [33mtype[39m=[32m"button"[39m
    [33mvalue[39m=[32m"on"[39m
  [36m/>[39m

  --------------------------------------------------
  list:

  Name "":
  [36m<ul[39m
    [33mclass[39m=[32m"p-1"[39m
  [36m/>[39m

  --------------------------------------------------
  listitem:

  Name "":
  [36m<li />[39m

  Name "":
  [36m<li />[39m

  --------------------------------------------------

Ignored nodes: comments, script, style
[36m<body>[39m
  [36m<div>[39m
    [36m<fieldset[39m
      [33maria-label[39m=[32m"Remote folders"[39m
      [33mclass[39m=[32m"min-w-0 space-y-3"[39m
    [36m>[39m
      [36m<div[39m
        [33mclass[39m=[32m"space-y-1"[39m
      [36m>[39m
        [36m<label[39m
          [33mclass[39m=[32m"text-[11px] text-muted-foreground"[39m
          [33mfor[39m=[32m"remote-repo-path"[39m
        [36m>[39m
          [0mRemote folder[0m
        [36m</label>[39m
        [36m<div[39m
          [33mclass[39m=[32m"flex gap-2"[39m
        [36m>[39m
          [36m<input[39m
            [33maria-label[39m=[32m"Remote repository path"[39m
            [33mautocomplete[39m=[32m"off"[39m
            [33mclass[39m=[32m"flex w-full rounded-md border border-input bg-transparent px-3 py-1 shadow-sm transition-colors file:border-0 file:bg-transparent file:text-sm file:font-medium file:text-foreground placeholder:text-muted-foreground focus-visible:outline-none focus-visible:ring-1 focus-visible:ring-ring disabled:cursor-not-allowed disabled:opacity-50 md:text-sm h-8 min-w-0 font-mono text-xs"[39m
            [33mdata-testid[39m=[32m"remote-repo-path-input"[39m
            [33mid[39m=[32m"remote-repo-path"[39m
            [33mplaceholder[39m=[32m"~"[39m
            [33mspellcheck[39m=[32m"false"[39m
            [33mvalue[39m=[32m"/home/dev/code/"[39m
          [36m/>[39m
          [36m<button[39m
            [33mclass[39m=[32m"inline-flex items-center justify-center gap-2 whitespace-nowrap font-medium transition-colors focus-visible:outline-none focus-visible:ring-1 focus-visible:ring-ring disabled:pointer-events-none disabled:opacity-50 [&_svg]:pointer-events-none [&_svg]:size-4 [&_svg]:shrink-0 border border-input bg-background shadow-sm hover:bg-accent hover:text-accent-foreground h-8 rounded-md px-3 text-xs"[39m
            [33mtype[39m=[32m"button"[39m
          [36m>[39m
            [0mGo[0m
          [36m</button>[39m
        [36m</div>[39m
      [36m</div>[39m
      [36m<div[39m
        [33mclass[39m=[32m"flex flex-wrap items-center gap-2"[39m
      [36m>[39m
        [36m<button[39m
          [33maria-label[39m=[32m"Remote home"[39m
          [33mclass[39m=[32m"inline-flex items-center justify-center gap-2 whitespace-nowrap font-medium transition-colors focus-visible:outline-none focus-visible:ring-1 focus-visible:ring-ring disabled:pointer-events-none disabled:opacity-50 [&_svg]:pointer-events-none [&_svg]:size-4 [&_svg]:shrink-0 hover:bg-accent hover:text-accent-foreground h-8 rounded-md px-3 text-xs"[39m
          [33mtitle[39m=[32m"Remote home"[39m
          [33mtype[39m=[32m"button"[39m
        [36m>[39m
          [36m<svg[39m
            [33mclass[39m=[32m"lucide lucide-house size-3.5"[39m
            [33mfill[39m=[32m"none"[39m
            [33mheight[39m=[32m"24"[39m
            [33mstroke[39m=[32m"currentColor"[39m
            [33mstroke-linecap[39m=[32m"round"[39m
            [33mstroke-linejoin[39m=[32m"round"[39m
            [33mstroke-width[39m=[32m"2"[39m
            [33mviewBox[39m=[32m"0 0 24 24"[39m
            [33mwidth[39m=[32m"24"[39m
            [33mxmlns[39m=[32m"http://www.w3.org/2000/svg"[39m
          [36m>[39m
            [36m<path[39m
              [33md[39m=[32m"M15 21v-8a1 1 0 0 0-1-1h-4a1 1 0 0 0-1 1v8"[39m
            [36m/>[39m
            [36m<path[39m
              [33md[39m=[32m"M3 10a2 2 0 0 1 .709-1.528l7-5.999a2 2 0 0 1 2.582 0l7 5.999A2 2 0 0 1 21 10v9a2 2 0 0 1-2 2H5a2 2 0 0 1-2-2z"[39m
            [36m/>[39m
          [36m</svg>[39m
        [36m</button>[39m
        [36m<button[39m
          [33maria-label[39m=[32m"Parent folder"[39m
          [33mclass[39m=[32m"inline-flex items-center justify-center gap-2 whitespace-nowrap font-medium transition-colors focus-visible:outline-none focus-visible:ring-1 focus-visible:ring-ring disabled:pointer-events-none disabled:opacity-50 [&_svg]:pointer-events-none [&_svg]:size-4 [&_svg]:shrink-0 hover:bg-accent hover:text-accent-foreground h-8 rounded-md px-3 text-xs"[39m
          [33mtitle[39m=[32m"Parent folder"[39m
          [33mtype[39m=[32m"button"[39m
        [36m>[39m
          [36m<svg[39m
            [33mclass[39m=[32m"lucide lucide-arrow-up size-3.5"[39m
            [33mfill[39m=[32m"none"[39m
            [33mheight[39m=[32m"24"[39m
            [33mstroke[39m=[32m"currentColor"[39m
            [33mstroke-linecap[39m=[32m"round"[39m
            [33mstroke-linejoin[39m=[32m"round"[39m
            [33mstroke-width[39m=[32m"2"[39m
            [33mviewBox[39m=[32m"0 0 24 24"[39m
            [33mwidth[39m=[32m"24"[39m
            [33mxmlns[39m=[32m"http://www.w3.org/2000/svg"[39m
          [36m>[39m
            [36m<path[39m
              [33md[39m=[32m"m5 12 7-7 7 7"[39m
            [36m/>[39m
            [36m<path[39m
              [33md[39m=[32m"M12 19V5"[39m
            [36m/>[39m
          [36m</svg>[39m
        [36m</button>[39m
        [36m<button[39m
          [33maria-label[39m=[32m"Refresh folders"[39m
          [33mclass[39m=[32m"inline-flex items-center justify-center gap-2 whitespace-nowrap font-medium transition-colors focus-visible:outline-none focus-visible:ring-1 focus-visible:ring-ring disabled:pointer-events-none disabled:opacity-50 [&_svg]:pointer-events-none [&_svg]:size-4 [&_svg]:shrink-0 hover:bg-accent hover:text-accent-foreground h-8 rounded-md px-3 text-xs"[39m
          [33mtitle[39m=[32m"Refresh folders"[39m
          [33mtype[39m=[32m"button"[39m
        [36m>[39m
          [36m<svg[39m
            [33mclass[39m=[32m"lucide lucide-refresh-cw size-3.5"[39m
            [33mfill[39m=[32m"none"[39m
            [33mheight[39m=[32m"24"[39m
            [33mstroke[39m=[32m"currentColor"[39m
            [33mstroke-linecap[39m=[32m"round"[39m
            [33mstroke-linejoin[39m=[32m"round"[39m
            [33mstroke-width[39m=[32m"2"[39m
            [33mviewBox[39m=[32m"0 0 24 24"[39m
            [33mwidth[39m=[32m"24"[39m
            [33mxmlns[39m=[32m"http://www.w3.org/2000/svg"[39m
          [36m>[39m
            [36m<path[39m
              [33md[39m=[32m"M3 12a9 9 0 0 1 9-9 9.75 9.75 0 0 1 6.74 2.74L21 8"[39m
            [36m/>[39m
            [36m<path[39m
              [33md[39m=[32m"M21 3v5h-5"[39m
            [36m/>[39m
            [36m<path[39m
              [33md[39m=[32m"M21 12a9 9 0 0 1-9 9 9.75 9.75 0 0 1-6.74-2.74L3 16"[39m
            [36m/>[39m
            [36m<path[39m
              [33md[39m=[32m"M8 16H3v5"[39m
            [36m/>[39m
          [36m</svg>[39m
        [36m</button>[39m
        [36m<div[39m
          [33mclass[39m=[32m"ml-auto flex items-center gap-2"[39m
        [36m>[39m
          [36m<label[39m
            [33mclass[39m=[32m"text-[11px] text-muted-foreground"[39m
            [33mfor[39m=[32m"remote-show-hidden"[39m
          [36m>[39m
            [0mHidden folders[0m
          [36m</label>[39m
          [36m<button[39m
            [33maria-checked[39m=[32m"false"[39m
            [33mclass[39m=[32m"peer inline-flex h-5 w-9 shrink-0 cursor-pointer items-center rounded-full border-2 border-transparent shadow-sm transition-colors focus-visible:outline-none focus-visible:ring-2 focus-visible:ring-ring focus-visible:ring-offset-2 focus-visible:ring-offset-background disabled:cursor-not-allowed disabled:opacity-50 data-[state=checked]:bg-primary data-[state=unchecked]:bg-input"[39m
            [33mdata-state[39m=[32m"unchecked"[39m
            [33mid[39m=[32m"remote-show-hidden"[39m
            [33mrole[39m=[32m"switch"[39m
            [33mtype[39m=[32m"button"[39m
            [33mvalue[39m=[32m"on"[39m
          [36m>[39m
            [36m<span[39m
              [33mclass[39m=[32m"pointer-events-none block h-4 w-4 rounded-full bg-background shadow-lg ring-0 transition-transform data-[state=checked]:translate-x-4 data-[state=unchecked]:translate-x-0"[39m
              [33mdata-state[39m=[32m"unchecked"[39m
            [36m/>[39m
          [36m</button>[39m
        [36m</div>[39m
      [36m</div>[39m
      [36m<input[39m
        [33maria-label[39m=[32m"Filter folders"[39m
        [33mclass[39m=[32m"flex w-full rounded-md border border-input bg-transparent px-3 py-1 shadow-sm transition-colors file:border-0 file:bg-transparent file:text-sm file:font-medium file:text-foreground placeholder:text-muted-foreground focus-visible:outline-none focus-visible:ring-1 focus-visible:ring-ring disabled:cursor-not-allowed disabled:opacity-50 md:text-sm h-8 text-xs"[39m
        [33mplaceholder[39m=[32m"Filter folders"[39m
        [33mvalue[39m=[32m""[39m
      [36m/>[39m
      [36m<div[39m
        [33maria-busy[39m=[32m"false"[39m
        [33maria-label[39m=[32m"Folder contents"[39m
        [33mclass[39m=[32m"h-56 overflow-y-auto rounded-md border border-border bg-background"[39m
      [36m>[39m
        [36m<ul[39m
          [33mclass[39m=[32m"p-1"[39m
        [36m>[39m
          [36m<li>[39m
            [36m<button[39m
              [33mclass[39m=[32m"flex h-8 w-full items-center gap-2 rounded-sm px-2 text-left text-xs hover:bg-accent focus-visible:outline-none focus-visible:ring-1 focus-visible:ring-ring"[39m
              [33mtitle[39m=[32m"/home/dev/code"[39m
              [33mtype[39m=[32m"button"[39m
            [36m>[39m
              [36m<svg[39m
                [33mclass[39m=[32m"lucide lucide-folder size-3.5 shrink-0 text-muted-foreground"[39m
                [33mfill[39m=[32m"none"[39m
                [33mheight[39m=[32m"24"[39m
                [33mstroke[39m=[32m"currentColor"[39m
                [33mstroke-linecap[39m=[32m"round"[39m
                [33mstroke-linejoin[39m=[32m"round"[39m
                [33mstroke-width[39m=[32m"2"[39m
                [33mviewBox[39m=[32m"0 0 24 24"[39m
                [33mwidth[39m=[32m"24"[39m
                [33mxmlns[39m=[32m"http://www.w3.org/2000/svg"[39m
              [36m>[39m
                [36m<path[39m
                  [33md[39m=[32m"M20 20a2 2 0 0 0 2-2V8a2 2 0 0 0-2-2h-7.9a2 2 0 0 1-1.69-.9L9.6 3.9A2 2 0 0 0 7.93 3H4a2 2 0 0 0-2 2v13a2 2 0 0 0 2 2Z"[39m
                [36m/>[39m
              [36m</svg>[39m
              [36m<span[39m
                [33mclass[39m=[32m"truncate"[39m
              [36m>[39m
                [0mcode[0m
              [36m</span>[39m
            [36m</button>[39m
          [36m</li>[39m
          [36m<li>[39m
            [36m<button[39m
              [33mclass[39m=[32m"flex h-8 w-full items-center gap-2 rounded-sm px-2 text-left text-xs hover:bg-accent focus-visible:outline-none focus-visible:ring-1 focus-visible:ring-ring"[39m
              [33mtitle[39m=[32m"/home/dev/Documents"[39m
              [33mtype[39m=[32m"button"[39m
            [36m>[39m
              [36m<svg[39m
                [33mclass[39m=[32m"lucide lucide-folder size-3.5 shrink-0 text-muted-foreground"[39m
                [33mfill[39m=[32m"none"[39m
                [33mheight[39m=[32m"24"[39m
                [33mstroke[39m=[32m"currentColor"[39m
                [33mstroke-linecap[39m=[32m"round"[39m
                [33mstroke-linejoin[39m=[32m"round"[39m
                [33mstroke-width[39m=[32m"2"[39m
                [33mviewBox[39m=[32m"0 0 24 24"[39m
                [33mwidth[39m=[32m"24"[39m
                [33mxmlns[39m=[32m"http://www.w3.org/2000/svg"[39m
              [36m>[39m
                [36m<path[39m
                  [33md[39m=[32m"M20 20a2 2 0 0 0 2-2V8a2 2 0 0 0-2-2h-7.9a2 2 0 0 1-1.69-.9L9.6 3.9A2 2 0 0 0 7.93 3H4a2 2 0 0 0-2 2v13a2 2 0 0 0 2 2Z"[39m
                [36m/>[39m
              [36m</svg>[39m
              [36m<span[39m
                [33mclass[39m=[32m"truncate"[39m
              [36m>[39m
                [0mDocuments[0m
              [36m</span>[39m
            [36m</button>[39m
          [36m</li>[39m
        [36m</ul>[39m
      [36m</div>[39m
    [36m</fieldset>[39m
  [36m</div>[39m
[36m</body>[39m
 ❯ Object.getElementError node_modules/@testing-library/dom/dist/config.js:37:19
 ❯ node_modules/@testing-library/dom/dist/query-helpers.js:76:38
 ❯ node_modules/@testing-library/dom/dist/query-helpers.js:52:17
 ❯ node_modules/@testing-library/dom/dist/query-helpers.js:95:19
 ❯ src/components/RemoteDirectoryPicker.repro-red.test.tsx:32:19
     30|     remote.listRemoteDirectories.mockResolvedValue(listing("/home/dev/…
     31|     await act(async () => { fireEvent.change(input, { target: { value:…
     32|     expect(screen.getByRole("option", { name: "app" })).toBeInTheDocum…
       |                   ^
     33|     expect(onSelect).toHaveBeenLastCalledWith("/home/dev/code");
     34|   });

⎯⎯⎯⎯⎯⎯⎯⎯⎯⎯⎯⎯⎯⎯⎯⎯⎯⎯⎯⎯⎯⎯⎯[1/11]⎯

 FAIL  src/components/RemoteDirectoryPicker.repro-red.test.tsx > remote path autocomplete > filters the final segment and completes with Tab into the next directory
TestingLibraryElementError: Unable to find an accessible element with the role "option" and name "code"

Here are the accessible roles:

  group:

  Name "Remote folders":
  [36m<fieldset[39m
    [33maria-label[39m=[32m"Remote folders"[39m
    [33mclass[39m=[32m"min-w-0 space-y-3"[39m
  [36m/>[39m

  --------------------------------------------------
  textbox:

  Name "Remote repository path":
  [36m<input[39m
    [33maria-label[39m=[32m"Remote repository path"[39m
    [33mautocomplete[39m=[32m"off"[39m
    [33mclass[39m=[32m"flex w-full rounded-md border border-input bg-transparent px-3 py-1 shadow-sm transition-colors file:border-0 file:bg-transparent file:text-sm file:font-medium file:text-foreground placeholder:text-muted-foreground focus-visible:outline-none focus-visible:ring-1 focus-visible:ring-ring disabled:cursor-not-allowed disabled:opacity-50 md:text-sm h-8 min-w-0 font-mono text-xs"[39m
    [33mdata-testid[39m=[32m"remote-repo-path-input"[39m
    [33mid[39m=[32m"remote-repo-path"[39m
    [33mplaceholder[39m=[32m"~"[39m
    [33mspellcheck[39m=[32m"false"[39m
    [33mvalue[39m=[32m"/home/dev/co"[39m
  [36m/>[39m

  Name "Filter folders":
  [36m<input[39m
    [33maria-label[39m=[32m"Filter folders"[39m
    [33mclass[39m=[32m"flex w-full rounded-md border border-input bg-transparent px-3 py-1 shadow-sm transition-colors file:border-0 file:bg-transparent file:text-sm file:font-medium file:text-foreground placeholder:text-muted-foreground focus-visible:outline-none focus-visible:ring-1 focus-visible:ring-ring disabled:cursor-not-allowed disabled:opacity-50 md:text-sm h-8 text-xs"[39m
    [33mplaceholder[39m=[32m"Filter folders"[39m
    [33mvalue[39m=[32m""[39m
  [36m/>[39m

  --------------------------------------------------
  button:

  Name "Go":
  [36m<button[39m
    [33mclass[39m=[32m"inline-flex items-center justify-center gap-2 whitespace-nowrap font-medium transition-colors focus-visible:outline-none focus-visible:ring-1 focus-visible:ring-ring disabled:pointer-events-none disabled:opacity-50 [&_svg]:pointer-events-none [&_svg]:size-4 [&_svg]:shrink-0 border border-input bg-background shadow-sm hover:bg-accent hover:text-accent-foreground h-8 rounded-md px-3 text-xs"[39m
    [33mtype[39m=[32m"button"[39m
  [36m/>[39m

  Name "Remote home":
  [36m<button[39m
    [33maria-label[39m=[32m"Remote home"[39m
    [33mclass[39m=[32m"inline-flex items-center justify-center gap-2 whitespace-nowrap font-medium transition-colors focus-visible:outline-none focus-visible:ring-1 focus-visible:ring-ring disabled:pointer-events-none disabled:opacity-50 [&_svg]:pointer-events-none [&_svg]:size-4 [&_svg]:shrink-0 hover:bg-accent hover:text-accent-foreground h-8 rounded-md px-3 text-xs"[39m
    [33mtitle[39m=[32m"Remote home"[39m
    [33mtype[39m=[32m"button"[39m
  [36m/>[39m

  Name "Parent folder":
  [36m<button[39m
    [33maria-label[39m=[32m"Parent folder"[39m
    [33mclass[39m=[32m"inline-flex items-center justify-center gap-2 whitespace-nowrap font-medium transition-colors focus-visible:outline-none focus-visible:ring-1 focus-visible:ring-ring disabled:pointer-events-none disabled:opacity-50 [&_svg]:pointer-events-none [&_svg]:size-4 [&_svg]:shrink-0 hover:bg-accent hover:text-accent-foreground h-8 rounded-md px-3 text-xs"[39m
    [33mtitle[39m=[32m"Parent folder"[39m
    [33mtype[39m=[32m"button"[39m
  [36m/>[39m

  Name "Refresh folders":
  [36m<button[39m
    [33maria-label[39m=[32m"Refresh folders"[39m
    [33mclass[39m=[32m"inline-flex items-center justify-center gap-2 whitespace-nowrap font-medium transition-colors focus-visible:outline-none focus-visible:ring-1 focus-visible:ring-ring disabled:pointer-events-none disabled:opacity-50 [&_svg]:pointer-events-none [&_svg]:size-4 [&_svg]:shrink-0 hover:bg-accent hover:text-accent-foreground h-8 rounded-md px-3 text-xs"[39m
    [33mtitle[39m=[32m"Refresh folders"[39m
    [33mtype[39m=[32m"button"[39m
  [36m/>[39m

  Name "code":
  [36m<button[39m
    [33mclass[39m=[32m"flex h-8 w-full items-center gap-2 rounded-sm px-2 text-left text-xs hover:bg-accent focus-visible:outline-none focus-visible:ring-1 focus-visible:ring-ring"[39m
    [33mtitle[39m=[32m"/home/dev/code"[39m
    [33mtype[39m=[32m"button"[39m
  [36m/>[39m

  Name "Documents":
  [36m<button[39m
    [33mclass[39m=[32m"flex h-8 w-full items-center gap-2 rounded-sm px-2 text-left text-xs hover:bg-accent focus-visible:outline-none focus-visible:ring-1 focus-visible:ring-ring"[39m
    [33mtitle[39m=[32m"/home/dev/Documents"[39m
    [33mtype[39m=[32m"button"[39m
  [36m/>[39m

  --------------------------------------------------
  switch:

  Name "Hidden folders":
  [36m<button[39m
    [33maria-checked[39m=[32m"false"[39m
    [33mclass[39m=[32m"peer inline-flex h-5 w-9 shrink-0 cursor-pointer items-center rounded-full border-2 border-transparent shadow-sm transition-colors focus-visible:outline-none focus-visible:ring-2 focus-visible:ring-ring focus-visible:ring-offset-2 focus-visible:ring-offset-background disabled:cursor-not-allowed disabled:opacity-50 data-[state=checked]:bg-primary data-[state=unchecked]:bg-input"[39m
    [33mdata-state[39m=[32m"unchecked"[39m
    [33mid[39m=[32m"remote-show-hidden"[39m
    [33mrole[39m=[32m"switch"[39m
    [33mtype[39m=[32m"button"[39m
    [33mvalue[39m=[32m"on"[39m
  [36m/>[39m

  --------------------------------------------------
  list:

  Name "":
  [36m<ul[39m
    [33mclass[39m=[32m"p-1"[39m
  [36m/>[39m

  --------------------------------------------------
  listitem:

  Name "":
  [36m<li />[39m

  Name "":
  [36m<li />[39m

  --------------------------------------------------

Ignored nodes: comments, script, style
[36m<body>[39m
  [36m<div>[39m
    [36m<fieldset[39m
      [33maria-label[39m=[32m"Remote folders"[39m
      [33mclass[39m=[32m"min-w-0 space-y-3"[39m
    [36m>[39m
      [36m<div[39m
        [33mclass[39m=[32m"space-y-1"[39m
      [36m>[39m
        [36m<label[39m
          [33mclass[39m=[32m"text-[11px] text-muted-foreground"[39m
          [33mfor[39m=[32m"remote-repo-path"[39m
        [36m>[39m
          [0mRemote folder[0m
        [36m</label>[39m
        [36m<div[39m
          [33mclass[39m=[32m"flex gap-2"[39m
        [36m>[39m
          [36m<input[39m
            [33maria-label[39m=[32m"Remote repository path"[39m
            [33mautocomplete[39m=[32m"off"[39m
            [33mclass[39m=[32m"flex w-full rounded-md border border-input bg-transparent px-3 py-1 shadow-sm transition-colors file:border-0 file:bg-transparent file:text-sm file:font-medium file:text-foreground placeholder:text-muted-foreground focus-visible:outline-none focus-visible:ring-1 focus-visible:ring-ring disabled:cursor-not-allowed disabled:opacity-50 md:text-sm h-8 min-w-0 font-mono text-xs"[39m
            [33mdata-testid[39m=[32m"remote-repo-path-input"[39m
            [33mid[39m=[32m"remote-repo-path"[39m
            [33mplaceholder[39m=[32m"~"[39m
            [33mspellcheck[39m=[32m"false"[39m
            [33mvalue[39m=[32m"/home/dev/co"[39m
          [36m/>[39m
          [36m<button[39m
            [33mclass[39m=[32m"inline-flex items-center justify-center gap-2 whitespace-nowrap font-medium transition-colors focus-visible:outline-none focus-visible:ring-1 focus-visible:ring-ring disabled:pointer-events-none disabled:opacity-50 [&_svg]:pointer-events-none [&_svg]:size-4 [&_svg]:shrink-0 border border-input bg-background shadow-sm hover:bg-accent hover:text-accent-foreground h-8 rounded-md px-3 text-xs"[39m
            [33mtype[39m=[32m"button"[39m
          [36m>[39m
            [0mGo[0m
          [36m</button>[39m
        [36m</div>[39m
      [36m</div>[39m
      [36m<div[39m
        [33mclass[39m=[32m"flex flex-wrap items-center gap-2"[39m
      [36m>[39m
        [36m<button[39m
          [33maria-label[39m=[32m"Remote home"[39m
          [33mclass[39m=[32m"inline-flex items-center justify-center gap-2 whitespace-nowrap font-medium transition-colors focus-visible:outline-none focus-visible:ring-1 focus-visible:ring-ring disabled:pointer-events-none disabled:opacity-50 [&_svg]:pointer-events-none [&_svg]:size-4 [&_svg]:shrink-0 hover:bg-accent hover:text-accent-foreground h-8 rounded-md px-3 text-xs"[39m
          [33mtitle[39m=[32m"Remote home"[39m
          [33mtype[39m=[32m"button"[39m
        [36m>[39m
          [36m<svg[39m
            [33mclass[39m=[32m"lucide lucide-house size-3.5"[39m
            [33mfill[39m=[32m"none"[39m
            [33mheight[39m=[32m"24"[39m
            [33mstroke[39m=[32m"currentColor"[39m
            [33mstroke-linecap[39m=[32m"round"[39m
            [33mstroke-linejoin[39m=[32m"round"[39m
            [33mstroke-width[39m=[32m"2"[39m
            [33mviewBox[39m=[32m"0 0 24 24"[39m
            [33mwidth[39m=[32m"24"[39m
            [33mxmlns[39m=[32m"http://www.w3.org/2000/svg"[39m
          [36m>[39m
            [36m<path[39m
              [33md[39m=[32m"M15 21v-8a1 1 0 0 0-1-1h-4a1 1 0 0 0-1 1v8"[39m
            [36m/>[39m
            [36m<path[39m
              [33md[39m=[32m"M3 10a2 2 0 0 1 .709-1.528l7-5.999a2 2 0 0 1 2.582 0l7 5.999A2 2 0 0 1 21 10v9a2 2 0 0 1-2 2H5a2 2 0 0 1-2-2z"[39m
            [36m/>[39m
          [36m</svg>[39m
        [36m</button>[39m
        [36m<button[39m
          [33maria-label[39m=[32m"Parent folder"[39m
          [33mclass[39m=[32m"inline-flex items-center justify-center gap-2 whitespace-nowrap font-medium transition-colors focus-visible:outline-none focus-visible:ring-1 focus-visible:ring-ring disabled:pointer-events-none disabled:opacity-50 [&_svg]:pointer-events-none [&_svg]:size-4 [&_svg]:shrink-0 hover:bg-accent hover:text-accent-foreground h-8 rounded-md px-3 text-xs"[39m
          [33mtitle[39m=[32m"Parent folder"[39m
          [33mtype[39m=[32m"button"[39m
        [36m>[39m
          [36m<svg[39m
            [33mclass[39m=[32m"lucide lucide-arrow-up size-3.5"[39m
            [33mfill[39m=[32m"none"[39m
            [33mheight[39m=[32m"24"[39m
            [33mstroke[39m=[32m"currentColor"[39m
            [33mstroke-linecap[39m=[32m"round"[39m
            [33mstroke-linejoin[39m=[32m"round"[39m
            [33mstroke-width[39m=[32m"2"[39m
            [33mviewBox[39m=[32m"0 0 24 24"[39m
            [33mwidth[39m=[32m"24"[39m
            [33mxmlns[39m=[32m"http://www.w3.org/2000/svg"[39m
          [36m>[39m
            [36m<path[39m
              [33md[39m=[32m"m5 12 7-7 7 7"[39m
            [36m/>[39m
            [36m<path[39m
              [33md[39m=[32m"M12 19V5"[39m
            [36m/>[39m
          [36m</svg>[39m
        [36m</button>[39m
        [36m<button[39m
          [33maria-label[39m=[32m"Refresh folders"[39m
          [33mclass[39m=[32m"inline-flex items-center justify-center gap-2 whitespace-nowrap font-medium transition-colors focus-visible:outline-none focus-visible:ring-1 focus-visible:ring-ring disabled:pointer-events-none disabled:opacity-50 [&_svg]:pointer-events-none [&_svg]:size-4 [&_svg]:shrink-0 hover:bg-accent hover:text-accent-foreground h-8 rounded-md px-3 text-xs"[39m
          [33mtitle[39m=[32m"Refresh folders"[39m
          [33mtype[39m=[32m"button"[39m
        [36m>[39m
          [36m<svg[39m
            [33mclass[39m=[32m"lucide lucide-refresh-cw size-3.5"[39m
            [33mfill[39m=[32m"none"[39m
            [33mheight[39m=[32m"24"[39m
            [33mstroke[39m=[32m"currentColor"[39m
            [33mstroke-linecap[39m=[32m"round"[39m
            [33mstroke-linejoin[39m=[32m"round"[39m
            [33mstroke-width[39m=[32m"2"[39m
            [33mviewBox[39m=[32m"0 0 24 24"[39m
            [33mwidth[39m=[32m"24"[39m
            [33mxmlns[39m=[32m"http://www.w3.org/2000/svg"[39m
          [36m>[39m
            [36m<path[39m
              [33md[39m=[32m"M3 12a9 9 0 0 1 9-9 9.75 9.75 0 0 1 6.74 2.74L21 8"[39m
            [36m/>[39m
            [36m<path[39m
              [33md[39m=[32m"M21 3v5h-5"[39m
            [36m/>[39m
            [36m<path[39m
              [33md[39m=[32m"M21 12a9 9 0 0 1-9 9 9.75 9.75 0 0 1-6.74-2.74L3 16"[39m
            [36m/>[39m
            [36m<path[39m
              [33md[39m=[32m"M8 16H3v5"[39m
            [36m/>[39m
          [36m</svg>[39m
        [36m</button>[39m
        [36m<div[39m
          [33mclass[39m=[32m"ml-auto flex items-center gap-2"[39m
        [36m>[39m
          [36m<label[39m
            [33mclass[39m=[32m"text-[11px] text-muted-foreground"[39m
            [33mfor[39m=[32m"remote-show-hidden"[39m
          [36m>[39m
            [0mHidden folders[0m
          [36m</label>[39m
          [36m<button[39m
            [33maria-checked[39m=[32m"false"[39m
            [33mclass[39m=[32m"peer inline-flex h-5 w-9 shrink-0 cursor-pointer items-center rounded-full border-2 border-transparent shadow-sm transition-colors focus-visible:outline-none focus-visible:ring-2 focus-visible:ring-ring focus-visible:ring-offset-2 focus-visible:ring-offset-background disabled:cursor-not-allowed disabled:opacity-50 data-[state=checked]:bg-primary data-[state=unchecked]:bg-input"[39m
            [33mdata-state[39m=[32m"unchecked"[39m
            [33mid[39m=[32m"remote-show-hidden"[39m
            [33mrole[39m=[32m"switch"[39m
            [33mtype[39m=[32m"button"[39m
            [33mvalue[39m=[32m"on"[39m
          [36m>[39m
            [36m<span[39m
              [33mclass[39m=[32m"pointer-events-none block h-4 w-4 rounded-full bg-background shadow-lg ring-0 transition-transform data-[state=checked]:translate-x-4 data-[state=unchecked]:translate-x-0"[39m
              [33mdata-state[39m=[32m"unchecked"[39m
            [36m/>[39m
          [36m</button>[39m
        [36m</div>[39m
      [36m</div>[39m
      [36m<input[39m
        [33maria-label[39m=[32m"Filter folders"[39m
        [33mclass[39m=[32m"flex w-full rounded-md border border-input bg-transparent px-3 py-1 shadow-sm transition-colors file:border-0 file:bg-transparent file:text-sm file:font-medium file:text-foreground placeholder:text-muted-foreground focus-visible:outline-none focus-visible:ring-1 focus-visible:ring-ring disabled:cursor-not-allowed disabled:opacity-50 md:text-sm h-8 text-xs"[39m
        [33mplaceholder[39m=[32m"Filter folders"[39m
        [33mvalue[39m=[32m""[39m
      [36m/>[39m
      [36m<div[39m
        [33maria-busy[39m=[32m"false"[39m
        [33maria-label[39m=[32m"Folder contents"[39m
        [33mclass[39m=[32m"h-56 overflow-y-auto rounded-md border border-border bg-background"[39m
      [36m>[39m
        [36m<ul[39m
          [33mclass[39m=[32m"p-1"[39m
        [36m>[39m
          [36m<li>[39m
            [36m<button[39m
              [33mclass[39m=[32m"flex h-8 w-full items-center gap-2 rounded-sm px-2 text-left text-xs hover:bg-accent focus-visible:outline-none focus-visible:ring-1 focus-visible:ring-ring"[39m
              [33mtitle[39m=[32m"/home/dev/code"[39m
              [33mtype[39m=[32m"button"[39m
            [36m>[39m
              [36m<svg[39m
                [33mclass[39m=[32m"lucide lucide-folder size-3.5 shrink-0 text-muted-foreground"[39m
                [33mfill[39m=[32m"none"[39m
                [33mheight[39m=[32m"24"[39m
                [33mstroke[39m=[32m"currentColor"[39m
                [33mstroke-linecap[39m=[32m"round"[39m
                [33mstroke-linejoin[39m=[32m"round"[39m
                [33mstroke-width[39m=[32m"2"[39m
                [33mviewBox[39m=[32m"0 0 24 24"[39m
                [33mwidth[39m=[32m"24"[39m
                [33mxmlns[39m=[32m"http://www.w3.org/2000/svg"[39m
              [36m>[39m
                [36m<path[39m
                  [33md[39m=[32m"M20 20a2 2 0 0 0 2-2V8a2 2 0 0 0-2-2h-7.9a2 2 0 0 1-1.69-.9L9.6 3.9A2 2 0 0 0 7.93 3H4a2 2 0 0 0-2 2v13a2 2 0 0 0 2 2Z"[39m
                [36m/>[39m
              [36m</svg>[39m
              [36m<span[39m
                [33mclass[39m=[32m"truncate"[39m
              [36m>[39m
                [0mcode[0m
              [36m</span>[39m
            [36m</button>[39m
          [36m</li>[39m
          [36m<li>[39m
            [36m<button[39m
              [33mclass[39m=[32m"flex h-8 w-full items-center gap-2 rounded-sm px-2 text-left text-xs hover:bg-accent focus-visible:outline-none focus-visible:ring-1 focus-visible:ring-ring"[39m
              [33mtitle[39m=[32m"/home/dev/Documents"[39m
              [33mtype[39m=[32m"button"[39m
            [36m>[39m
              [36m<svg[39m
                [33mclass[39m=[32m"lucide lucide-folder size-3.5 shrink-0 text-muted-foreground"[39m
                [33mfill[39m=[32m"none"[39m
                [33mheight[39m=[32m"24"[39m
                [33mstroke[39m=[32m"currentColor"[39m
                [33mstroke-linecap[39m=[32m"round"[39m
                [33mstroke-linejoin[39m=[32m"round"[39m
                [33mstroke-width[39m=[32m"2"[39m
                [33mviewBox[39m=[32m"0 0 24 24"[39m
                [33mwidth[39m=[32m"24"[39m
                [33mxmlns[39m=[32m"http://www.w3.org/2000/svg"[39m
              [36m>[39m
                [36m<path[39m
                  [33md[39m=[32m"M20 20a2 2 0 0 0 2-2V8a2 2 0 0 0-2-2h-7.9a2 2 0 0 1-1.69-.9L9.6 3.9A2 2 0 0 0 7.93 3H4a2 2 0 0 0-2 2v13a2 2 0 0 0 2 2Z"[39m
                [36m/>[39m
              [36m</svg>[39m
              [36m<span[39m
                [33mclass[39m=[32m"truncate"[39m
              [36m>[39m
                [0mDocuments[0m
              [36m</span>[39m
            [36m</button>[39m
          [36m</li>[39m
        [36m</ul>[39m
      [36m</div>[39m
    [36m</fieldset>[39m
  [36m</div>[39m
[36m</body>[39m
 ❯ Object.getElementError node_modules/@testing-library/dom/dist/config.js:37:19
 ❯ node_modules/@testing-library/dom/dist/query-helpers.js:76:38
 ❯ node_modules/@testing-library/dom/dist/query-helpers.js:52:17
 ❯ node_modules/@testing-library/dom/dist/query-helpers.js:95:19
 ❯ src/components/RemoteDirectoryPicker.repro-red.test.tsx:39:19
     37|     const { input, onSelect } = await mount();
     38|     await act(async () => { fireEvent.change(input, { target: { value:…
     39|     expect(screen.getByRole("option", { name: "code" })).toBeInTheDocu…
       |                   ^
     40|     expect(screen.queryByRole("option", { name: "Documents" })).not.to…
     41|     expect(onSelect).toHaveBeenLastCalledWith(null);

⎯⎯⎯⎯⎯⎯⎯⎯⎯⎯⎯⎯⎯⎯⎯⎯⎯⎯⎯⎯⎯⎯⎯[2/11]⎯

 FAIL  src/components/RemoteDirectoryPicker.repro-red.test.tsx > remote path autocomplete > keeps focus in the input while arrow keys and Enter browse a candidate
TestingLibraryElementError: Unable to find an accessible element with the role "option" and name "Documents"

Here are the accessible roles:

  group:

  Name "Remote folders":
  [36m<fieldset[39m
    [33maria-label[39m=[32m"Remote folders"[39m
    [33mclass[39m=[32m"min-w-0 space-y-3"[39m
  [36m/>[39m

  --------------------------------------------------
  textbox:

  Name "Remote repository path":
  [36m<input[39m
    [33maria-label[39m=[32m"Remote repository path"[39m
    [33mautocomplete[39m=[32m"off"[39m
    [33mclass[39m=[32m"flex w-full rounded-md border border-input bg-transparent px-3 py-1 shadow-sm transition-colors file:border-0 file:bg-transparent file:text-sm file:font-medium file:text-foreground placeholder:text-muted-foreground focus-visible:outline-none focus-visible:ring-1 focus-visible:ring-ring disabled:cursor-not-allowed disabled:opacity-50 md:text-sm h-8 min-w-0 font-mono text-xs"[39m
    [33mdata-testid[39m=[32m"remote-repo-path-input"[39m
    [33mid[39m=[32m"remote-repo-path"[39m
    [33mplaceholder[39m=[32m"~"[39m
    [33mspellcheck[39m=[32m"false"[39m
    [33mvalue[39m=[32m"/home/dev"[39m
  [36m/>[39m

  Name "Filter folders":
  [36m<input[39m
    [33maria-label[39m=[32m"Filter folders"[39m
    [33mclass[39m=[32m"flex w-full rounded-md border border-input bg-transparent px-3 py-1 shadow-sm transition-colors file:border-0 file:bg-transparent file:text-sm file:font-medium file:text-foreground placeholder:text-muted-foreground focus-visible:outline-none focus-visible:ring-1 focus-visible:ring-ring disabled:cursor-not-allowed disabled:opacity-50 md:text-sm h-8 text-xs"[39m
    [33mplaceholder[39m=[32m"Filter folders"[39m
    [33mvalue[39m=[32m""[39m
  [36m/>[39m

  --------------------------------------------------
  button:

  Name "Go":
  [36m<button[39m
    [33mclass[39m=[32m"inline-flex items-center justify-center gap-2 whitespace-nowrap font-medium transition-colors focus-visible:outline-none focus-visible:ring-1 focus-visible:ring-ring disabled:pointer-events-none disabled:opacity-50 [&_svg]:pointer-events-none [&_svg]:size-4 [&_svg]:shrink-0 border border-input bg-background shadow-sm hover:bg-accent hover:text-accent-foreground h-8 rounded-md px-3 text-xs"[39m
    [33mtype[39m=[32m"button"[39m
  [36m/>[39m

  Name "Remote home":
  [36m<button[39m
    [33maria-label[39m=[32m"Remote home"[39m
    [33mclass[39m=[32m"inline-flex items-center justify-center gap-2 whitespace-nowrap font-medium transition-colors focus-visible:outline-none focus-visible:ring-1 focus-visible:ring-ring disabled:pointer-events-none disabled:opacity-50 [&_svg]:pointer-events-none [&_svg]:size-4 [&_svg]:shrink-0 hover:bg-accent hover:text-accent-foreground h-8 rounded-md px-3 text-xs"[39m
    [33mtitle[39m=[32m"Remote home"[39m
    [33mtype[39m=[32m"button"[39m
  [36m/>[39m

  Name "Parent folder":
  [36m<button[39m
    [33maria-label[39m=[32m"Parent folder"[39m
    [33mclass[39m=[32m"inline-flex items-center justify-center gap-2 whitespace-nowrap font-medium transition-colors focus-visible:outline-none focus-visible:ring-1 focus-visible:ring-ring disabled:pointer-events-none disabled:opacity-50 [&_svg]:pointer-events-none [&_svg]:size-4 [&_svg]:shrink-0 hover:bg-accent hover:text-accent-foreground h-8 rounded-md px-3 text-xs"[39m
    [33mtitle[39m=[32m"Parent folder"[39m
    [33mtype[39m=[32m"button"[39m
  [36m/>[39m

  Name "Refresh folders":
  [36m<button[39m
    [33maria-label[39m=[32m"Refresh folders"[39m
    [33mclass[39m=[32m"inline-flex items-center justify-center gap-2 whitespace-nowrap font-medium transition-colors focus-visible:outline-none focus-visible:ring-1 focus-visible:ring-ring disabled:pointer-events-none disabled:opacity-50 [&_svg]:pointer-events-none [&_svg]:size-4 [&_svg]:shrink-0 hover:bg-accent hover:text-accent-foreground h-8 rounded-md px-3 text-xs"[39m
    [33mtitle[39m=[32m"Refresh folders"[39m
    [33mtype[39m=[32m"button"[39m
  [36m/>[39m

  Name "code":
  [36m<button[39m
    [33mclass[39m=[32m"flex h-8 w-full items-center gap-2 rounded-sm px-2 text-left text-xs hover:bg-accent focus-visible:outline-none focus-visible:ring-1 focus-visible:ring-ring"[39m
    [33mtitle[39m=[32m"/home/dev/code"[39m
    [33mtype[39m=[32m"button"[39m
  [36m/>[39m

  Name "Documents":
  [36m<button[39m
    [33mclass[39m=[32m"flex h-8 w-full items-center gap-2 rounded-sm px-2 text-left text-xs hover:bg-accent focus-visible:outline-none focus-visible:ring-1 focus-visible:ring-ring"[39m
    [33mtitle[39m=[32m"/home/dev/Documents"[39m
    [33mtype[39m=[32m"button"[39m
  [36m/>[39m

  --------------------------------------------------
  switch:

  Name "Hidden folders":
  [36m<button[39m
    [33maria-checked[39m=[32m"false"[39m
    [33mclass[39m=[32m"peer inline-flex h-5 w-9 shrink-0 cursor-pointer items-center rounded-full border-2 border-transparent shadow-sm transition-colors focus-visible:outline-none focus-visible:ring-2 focus-visible:ring-ring focus-visible:ring-offset-2 focus-visible:ring-offset-background disabled:cursor-not-allowed disabled:opacity-50 data-[state=checked]:bg-primary data-[state=unchecked]:bg-input"[39m
    [33mdata-state[39m=[32m"unchecked"[39m
    [33mid[39m=[32m"remote-show-hidden"[39m
    [33mrole[39m=[32m"switch"[39m
    [33mtype[39m=[32m"button"[39m
    [33mvalue[39m=[32m"on"[39m
  [36m/>[39m

  --------------------------------------------------
  list:

  Name "":
  [36m<ul[39m
    [33mclass[39m=[32m"p-1"[39m
  [36m/>[39m

  --------------------------------------------------
  listitem:

  Name "":
  [36m<li />[39m

  Name "":
  [36m<li />[39m

  --------------------------------------------------

Ignored nodes: comments, script, style
[36m<body>[39m
  [36m<div>[39m
    [36m<fieldset[39m
      [33maria-label[39m=[32m"Remote folders"[39m
      [33mclass[39m=[32m"min-w-0 space-y-3"[39m
    [36m>[39m
      [36m<div[39m
        [33mclass[39m=[32m"space-y-1"[39m
      [36m>[39m
        [36m<label[39m
          [33mclass[39m=[32m"text-[11px] text-muted-foreground"[39m
          [33mfor[39m=[32m"remote-repo-path"[39m
        [36m>[39m
          [0mRemote folder[0m
        [36m</label>[39m
        [36m<div[39m
          [33mclass[39m=[32m"flex gap-2"[39m
        [36m>[39m
          [36m<input[39m
            [33maria-label[39m=[32m"Remote repository path"[39m
            [33mautocomplete[39m=[32m"off"[39m
            [33mclass[39m=[32m"flex w-full rounded-md border border-input bg-transparent px-3 py-1 shadow-sm transition-colors file:border-0 file:bg-transparent file:text-sm file:font-medium file:text-foreground placeholder:text-muted-foreground focus-visible:outline-none focus-visible:ring-1 focus-visible:ring-ring disabled:cursor-not-allowed disabled:opacity-50 md:text-sm h-8 min-w-0 font-mono text-xs"[39m
            [33mdata-testid[39m=[32m"remote-repo-path-input"[39m
            [33mid[39m=[32m"remote-repo-path"[39m
            [33mplaceholder[39m=[32m"~"[39m
            [33mspellcheck[39m=[32m"false"[39m
            [33mvalue[39m=[32m"/home/dev"[39m
          [36m/>[39m
          [36m<button[39m
            [33mclass[39m=[32m"inline-flex items-center justify-center gap-2 whitespace-nowrap font-medium transition-colors focus-visible:outline-none focus-visible:ring-1 focus-visible:ring-ring disabled:pointer-events-none disabled:opacity-50 [&_svg]:pointer-events-none [&_svg]:size-4 [&_svg]:shrink-0 border border-input bg-background shadow-sm hover:bg-accent hover:text-accent-foreground h-8 rounded-md px-3 text-xs"[39m
            [33mtype[39m=[32m"button"[39m
          [36m>[39m
            [0mGo[0m
          [36m</button>[39m
        [36m</div>[39m
      [36m</div>[39m
      [36m<div[39m
        [33mclass[39m=[32m"flex flex-wrap items-center gap-2"[39m
      [36m>[39m
        [36m<button[39m
          [33maria-label[39m=[32m"Remote home"[39m
          [33mclass[39m=[32m"inline-flex items-center justify-center gap-2 whitespace-nowrap font-medium transition-colors focus-visible:outline-none focus-visible:ring-1 focus-visible:ring-ring disabled:pointer-events-none disabled:opacity-50 [&_svg]:pointer-events-none [&_svg]:size-4 [&_svg]:shrink-0 hover:bg-accent hover:text-accent-foreground h-8 rounded-md px-3 text-xs"[39m
          [33mtitle[39m=[32m"Remote home"[39m
          [33mtype[39m=[32m"button"[39m
        [36m>[39m
          [36m<svg[39m
            [33mclass[39m=[32m"lucide lucide-house size-3.5"[39m
            [33mfill[39m=[32m"none"[39m
            [33mheight[39m=[32m"24"[39m
            [33mstroke[39m=[32m"currentColor"[39m
            [33mstroke-linecap[39m=[32m"round"[39m
            [33mstroke-linejoin[39m=[32m"round"[39m
            [33mstroke-width[39m=[32m"2"[39m
            [33mviewBox[39m=[32m"0 0 24 24"[39m
            [33mwidth[39m=[32m"24"[39m
            [33mxmlns[39m=[32m"http://www.w3.org/2000/svg"[39m
          [36m>[39m
            [36m<path[39m
              [33md[39m=[32m"M15 21v-8a1 1 0 0 0-1-1h-4a1 1 0 0 0-1 1v8"[39m
            [36m/>[39m
            [36m<path[39m
              [33md[39m=[32m"M3 10a2 2 0 0 1 .709-1.528l7-5.999a2 2 0 0 1 2.582 0l7 5.999A2 2 0 0 1 21 10v9a2 2 0 0 1-2 2H5a2 2 0 0 1-2-2z"[39m
            [36m/>[39m
          [36m</svg>[39m
        [36m</button>[39m
        [36m<button[39m
          [33maria-label[39m=[32m"Parent folder"[39m
          [33mclass[39m=[32m"inline-flex items-center justify-center gap-2 whitespace-nowrap font-medium transition-colors focus-visible:outline-none focus-visible:ring-1 focus-visible:ring-ring disabled:pointer-events-none disabled:opacity-50 [&_svg]:pointer-events-none [&_svg]:size-4 [&_svg]:shrink-0 hover:bg-accent hover:text-accent-foreground h-8 rounded-md px-3 text-xs"[39m
          [33mtitle[39m=[32m"Parent folder"[39m
          [33mtype[39m=[32m"button"[39m
        [36m>[39m
          [36m<svg[39m
            [33mclass[39m=[32m"lucide lucide-arrow-up size-3.5"[39m
            [33mfill[39m=[32m"none"[39m
            [33mheight[39m=[32m"24"[39m
            [33mstroke[39m=[32m"currentColor"[39m
            [33mstroke-linecap[39m=[32m"round"[39m
            [33mstroke-linejoin[39m=[32m"round"[39m
            [33mstroke-width[39m=[32m"2"[39m
            [33mviewBox[39m=[32m"0 0 24 24"[39m
            [33mwidth[39m=[32m"24"[39m
            [33mxmlns[39m=[32m"http://www.w3.org/2000/svg"[39m
          [36m>[39m
            [36m<path[39m
              [33md[39m=[32m"m5 12 7-7 7 7"[39m
            [36m/>[39m
            [36m<path[39m
              [33md[39m=[32m"M12 19V5"[39m
            [36m/>[39m
          [36m</svg>[39m
        [36m</button>[39m
        [36m<button[39m
          [33maria-label[39m=[32m"Refresh folders"[39m
          [33mclass[39m=[32m"inline-flex items-center justify-center gap-2 whitespace-nowrap font-medium transition-colors focus-visible:outline-none focus-visible:ring-1 focus-visible:ring-ring disabled:pointer-events-none disabled:opacity-50 [&_svg]:pointer-events-none [&_svg]:size-4 [&_svg]:shrink-0 hover:bg-accent hover:text-accent-foreground h-8 rounded-md px-3 text-xs"[39m
          [33mtitle[39m=[32m"Refresh folders"[39m
          [33mtype[39m=[32m"button"[39m
        [36m>[39m
          [36m<svg[39m
            [33mclass[39m=[32m"lucide lucide-refresh-cw size-3.5"[39m
            [33mfill[39m=[32m"none"[39m
            [33mheight[39m=[32m"24"[39m
            [33mstroke[39m=[32m"currentColor"[39m
            [33mstroke-linecap[39m=[32m"round"[39m
            [33mstroke-linejoin[39m=[32m"round"[39m
            [33mstroke-width[39m=[32m"2"[39m
            [33mviewBox[39m=[32m"0 0 24 24"[39m
            [33mwidth[39m=[32m"24"[39m
            [33mxmlns[39m=[32m"http://www.w3.org/2000/svg"[39m
          [36m>[39m
            [36m<path[39m
              [33md[39m=[32m"M3 12a9 9 0 0 1 9-9 9.75 9.75 0 0 1 6.74 2.74L21 8"[39m
            [36m/>[39m
            [36m<path[39m
              [33md[39m=[32m"M21 3v5h-5"[39m
            [36m/>[39m
            [36m<path[39m
              [33md[39m=[32m"M21 12a9 9 0 0 1-9 9 9.75 9.75 0 0 1-6.74-2.74L3 16"[39m
            [36m/>[39m
            [36m<path[39m
              [33md[39m=[32m"M8 16H3v5"[39m
            [36m/>[39m
          [36m</svg>[39m
        [36m</button>[39m
        [36m<div[39m
          [33mclass[39m=[32m"ml-auto flex items-center gap-2"[39m
        [36m>[39m
          [36m<label[39m
            [33mclass[39m=[32m"text-[11px] text-muted-foreground"[39m
            [33mfor[39m=[32m"remote-show-hidden"[39m
          [36m>[39m
            [0mHidden folders[0m
          [36m</label>[39m
          [36m<button[39m
            [33maria-checked[39m=[32m"false"[39m
            [33mclass[39m=[32m"peer inline-flex h-5 w-9 shrink-0 cursor-pointer items-center rounded-full border-2 border-transparent shadow-sm transition-colors focus-visible:outline-none focus-visible:ring-2 focus-visible:ring-ring focus-visible:ring-offset-2 focus-visible:ring-offset-background disabled:cursor-not-allowed disabled:opacity-50 data-[state=checked]:bg-primary data-[state=unchecked]:bg-input"[39m
            [33mdata-state[39m=[32m"unchecked"[39m
            [33mid[39m=[32m"remote-show-hidden"[39m
            [33mrole[39m=[32m"switch"[39m
            [33mtype[39m=[32m"button"[39m
            [33mvalue[39m=[32m"on"[39m
          [36m>[39m
            [36m<span[39m
              [33mclass[39m=[32m"pointer-events-none block h-4 w-4 rounded-full bg-background shadow-lg ring-0 transition-transform data-[state=checked]:translate-x-4 data-[state=unchecked]:translate-x-0"[39m
              [33mdata-state[39m=[32m"unchecked"[39m
            [36m/>[39m
          [36m</button>[39m
        [36m</div>[39m
      [36m</div>[39m
      [36m<input[39m
        [33maria-label[39m=[32m"Filter folders"[39m
        [33mclass[39m=[32m"flex w-full rounded-md border border-input bg-transparent px-3 py-1 shadow-sm transition-colors file:border-0 file:bg-transparent file:text-sm file:font-medium file:text-foreground placeholder:text-muted-foreground focus-visible:outline-none focus-visible:ring-1 focus-visible:ring-ring disabled:cursor-not-allowed disabled:opacity-50 md:text-sm h-8 text-xs"[39m
        [33mplaceholder[39m=[32m"Filter folders"[39m
        [33mvalue[39m=[32m""[39m
      [36m/>[39m
      [36m<div[39m
        [33maria-busy[39m=[32m"false"[39m
        [33maria-label[39m=[32m"Folder contents"[39m
        [33mclass[39m=[32m"h-56 overflow-y-auto rounded-md border border-border bg-background"[39m
      [36m>[39m
        [36m<ul[39m
          [33mclass[39m=[32m"p-1"[39m
        [36m>[39m
          [36m<li>[39m
            [36m<button[39m
              [33mclass[39m=[32m"flex h-8 w-full items-center gap-2 rounded-sm px-2 text-left text-xs hover:bg-accent focus-visible:outline-none focus-visible:ring-1 focus-visible:ring-ring"[39m
              [33mtitle[39m=[32m"/home/dev/code"[39m
              [33mtype[39m=[32m"button"[39m
            [36m>[39m
              [36m<svg[39m
                [33mclass[39m=[32m"lucide lucide-folder size-3.5 shrink-0 text-muted-foreground"[39m
                [33mfill[39m=[32m"none"[39m
                [33mheight[39m=[32m"24"[39m
                [33mstroke[39m=[32m"currentColor"[39m
                [33mstroke-linecap[39m=[32m"round"[39m
                [33mstroke-linejoin[39m=[32m"round"[39m
                [33mstroke-width[39m=[32m"2"[39m
                [33mviewBox[39m=[32m"0 0 24 24"[39m
                [33mwidth[39m=[32m"24"[39m
                [33mxmlns[39m=[32m"http://www.w3.org/2000/svg"[39m
              [36m>[39m
                [36m<path[39m
                  [33md[39m=[32m"M20 20a2 2 0 0 0 2-2V8a2 2 0 0 0-2-2h-7.9a2 2 0 0 1-1.69-.9L9.6 3.9A2 2 0 0 0 7.93 3H4a2 2 0 0 0-2 2v13a2 2 0 0 0 2 2Z"[39m
                [36m/>[39m
              [36m</svg>[39m
              [36m<span[39m
                [33mclass[39m=[32m"truncate"[39m
              [36m>[39m
                [0mcode[0m
              [36m</span>[39m
            [36m</button>[39m
          [36m</li>[39m
          [36m<li>[39m
            [36m<button[39m
              [33mclass[39m=[32m"flex h-8 w-full items-center gap-2 rounded-sm px-2 text-left text-xs hover:bg-accent focus-visible:outline-none focus-visible:ring-1 focus-visible:ring-ring"[39m
              [33mtitle[39m=[32m"/home/dev/Documents"[39m
              [33mtype[39m=[32m"button"[39m
            [36m>[39m
              [36m<svg[39m
                [33mclass[39m=[32m"lucide lucide-folder size-3.5 shrink-0 text-muted-foreground"[39m
                [33mfill[39m=[32m"none"[39m
                [33mheight[39m=[32m"24"[39m
                [33mstroke[39m=[32m"currentColor"[39m
                [33mstroke-linecap[39m=[32m"round"[39m
                [33mstroke-linejoin[39m=[32m"round"[39m
                [33mstroke-width[39m=[32m"2"[39m
                [33mviewBox[39m=[32m"0 0 24 24"[39m
                [33mwidth[39m=[32m"24"[39m
                [33mxmlns[39m=[32m"http://www.w3.org/2000/svg"[39m
              [36m>[39m
                [36m<path[39m
                  [33md[39m=[32m"M20 20a2 2 0 0 0 2-2V8a2 2 0 0 0-2-2h-7.9a2 2 0 0 1-1.69-.9L9.6 3.9A2 2 0 0 0 7.93 3H4a2 2 0 0 0-2 2v13a2 2 0 0 0 2 2Z"[39m
                [36m/>[39m
              [36m</svg>[39m
              [36m<span[39m
                [33mclass[39m=[32m"truncate"[39m
              [36m>[39m
                [0mDocuments[0m
              [36m</span>[39m
            [36m</button>[39m
          [36m</li>[39m
        [36m</ul>[39m
      [36m</div>[39m
    [36m</fieldset>[39m
  [36m</div>[39m
[36m</body>[39m
 ❯ Object.getElementError node_modules/@testing-library/dom/dist/config.js:37:19
 ❯ node_modules/@testing-library/dom/dist/query-helpers.js:76:38
 ❯ node_modules/@testing-library/dom/dist/query-helpers.js:52:17
 ❯ node_modules/@testing-library/dom/dist/query-helpers.js:95:19
 ❯ src/components/RemoteDirectoryPicker.repro-red.test.tsx:54:19
     52|     fireEvent.keyDown(input, { key: "ArrowDown" });
     53|     fireEvent.keyDown(input, { key: "ArrowDown" });
     54|     expect(screen.getByRole("option", { name: "Documents" })).toHaveAt…
       |                   ^
     55|     await act(async () => { fireEvent.keyDown(input, { key: "Enter" })…
     56|     expect(input).toHaveValue("/home/dev/Documents/");

⎯⎯⎯⎯⎯⎯⎯⎯⎯⎯⎯⎯⎯⎯⎯⎯⎯⎯⎯⎯⎯⎯⎯[3/11]⎯

 FAIL  src/components/RemoteDirectoryPicker.repro-red.test.tsx > remote path autocomplete > closes suggestions with Escape and reopens on input click
TestingLibraryElementError: Unable to find an accessible element with the role "option" and name "code"

Here are the accessible roles:

  group:

  Name "Remote folders":
  [36m<fieldset[39m
    [33maria-label[39m=[32m"Remote folders"[39m
    [33mclass[39m=[32m"min-w-0 space-y-3"[39m
  [36m/>[39m

  --------------------------------------------------
  textbox:

  Name "Remote repository path":
  [36m<input[39m
    [33maria-label[39m=[32m"Remote repository path"[39m
    [33mautocomplete[39m=[32m"off"[39m
    [33mclass[39m=[32m"flex w-full rounded-md border border-input bg-transparent px-3 py-1 shadow-sm transition-colors file:border-0 file:bg-transparent file:text-sm file:font-medium file:text-foreground placeholder:text-muted-foreground focus-visible:outline-none focus-visible:ring-1 focus-visible:ring-ring disabled:cursor-not-allowed disabled:opacity-50 md:text-sm h-8 min-w-0 font-mono text-xs"[39m
    [33mdata-testid[39m=[32m"remote-repo-path-input"[39m
    [33mid[39m=[32m"remote-repo-path"[39m
    [33mplaceholder[39m=[32m"~"[39m
    [33mspellcheck[39m=[32m"false"[39m
    [33mvalue[39m=[32m"/home/dev"[39m
  [36m/>[39m

  Name "Filter folders":
  [36m<input[39m
    [33maria-label[39m=[32m"Filter folders"[39m
    [33mclass[39m=[32m"flex w-full rounded-md border border-input bg-transparent px-3 py-1 shadow-sm transition-colors file:border-0 file:bg-transparent file:text-sm file:font-medium file:text-foreground placeholder:text-muted-foreground focus-visible:outline-none focus-visible:ring-1 focus-visible:ring-ring disabled:cursor-not-allowed disabled:opacity-50 md:text-sm h-8 text-xs"[39m
    [33mplaceholder[39m=[32m"Filter folders"[39m
    [33mvalue[39m=[32m""[39m
  [36m/>[39m

  --------------------------------------------------
  button:

  Name "Go":
  [36m<button[39m
    [33mclass[39m=[32m"inline-flex items-center justify-center gap-2 whitespace-nowrap font-medium transition-colors focus-visible:outline-none focus-visible:ring-1 focus-visible:ring-ring disabled:pointer-events-none disabled:opacity-50 [&_svg]:pointer-events-none [&_svg]:size-4 [&_svg]:shrink-0 border border-input bg-background shadow-sm hover:bg-accent hover:text-accent-foreground h-8 rounded-md px-3 text-xs"[39m
    [33mtype[39m=[32m"button"[39m
  [36m/>[39m

  Name "Remote home":
  [36m<button[39m
    [33maria-label[39m=[32m"Remote home"[39m
    [33mclass[39m=[32m"inline-flex items-center justify-center gap-2 whitespace-nowrap font-medium transition-colors focus-visible:outline-none focus-visible:ring-1 focus-visible:ring-ring disabled:pointer-events-none disabled:opacity-50 [&_svg]:pointer-events-none [&_svg]:size-4 [&_svg]:shrink-0 hover:bg-accent hover:text-accent-foreground h-8 rounded-md px-3 text-xs"[39m
    [33mtitle[39m=[32m"Remote home"[39m
    [33mtype[39m=[32m"button"[39m
  [36m/>[39m

  Name "Parent folder":
  [36m<button[39m
    [33maria-label[39m=[32m"Parent folder"[39m
    [33mclass[39m=[32m"inline-flex items-center justify-center gap-2 whitespace-nowrap font-medium transition-colors focus-visible:outline-none focus-visible:ring-1 focus-visible:ring-ring disabled:pointer-events-none disabled:opacity-50 [&_svg]:pointer-events-none [&_svg]:size-4 [&_svg]:shrink-0 hover:bg-accent hover:text-accent-foreground h-8 rounded-md px-3 text-xs"[39m
    [33mtitle[39m=[32m"Parent folder"[39m
    [33mtype[39m=[32m"button"[39m
  [36m/>[39m

  Name "Refresh folders":
  [36m<button[39m
    [33maria-label[39m=[32m"Refresh folders"[39m
    [33mclass[39m=[32m"inline-flex items-center justify-center gap-2 whitespace-nowrap font-medium transition-colors focus-visible:outline-none focus-visible:ring-1 focus-visible:ring-ring disabled:pointer-events-none disabled:opacity-50 [&_svg]:pointer-events-none [&_svg]:size-4 [&_svg]:shrink-0 hover:bg-accent hover:text-accent-foreground h-8 rounded-md px-3 text-xs"[39m
    [33mtitle[39m=[32m"Refresh folders"[39m
    [33mtype[39m=[32m"button"[39m
  [36m/>[39m

  Name "code":
  [36m<button[39m
    [33mclass[39m=[32m"flex h-8 w-full items-center gap-2 rounded-sm px-2 text-left text-xs hover:bg-accent focus-visible:outline-none focus-visible:ring-1 focus-visible:ring-ring"[39m
    [33mtitle[39m=[32m"/home/dev/code"[39m
    [33mtype[39m=[32m"button"[39m
  [36m/>[39m

  Name "Documents":
  [36m<button[39m
    [33mclass[39m=[32m"flex h-8 w-full items-center gap-2 rounded-sm px-2 text-left text-xs hover:bg-accent focus-visible:outline-none focus-visible:ring-1 focus-visible:ring-ring"[39m
    [33mtitle[39m=[32m"/home/dev/Documents"[39m
    [33mtype[39m=[32m"button"[39m
  [36m/>[39m

  --------------------------------------------------
  switch:

  Name "Hidden folders":
  [36m<button[39m
    [33maria-checked[39m=[32m"false"[39m
    [33mclass[39m=[32m"peer inline-flex h-5 w-9 shrink-0 cursor-pointer items-center rounded-full border-2 border-transparent shadow-sm transition-colors focus-visible:outline-none focus-visible:ring-2 focus-visible:ring-ring focus-visible:ring-offset-2 focus-visible:ring-offset-background disabled:cursor-not-allowed disabled:opacity-50 data-[state=checked]:bg-primary data-[state=unchecked]:bg-input"[39m
    [33mdata-state[39m=[32m"unchecked"[39m
    [33mid[39m=[32m"remote-show-hidden"[39m
    [33mrole[39m=[32m"switch"[39m
    [33mtype[39m=[32m"button"[39m
    [33mvalue[39m=[32m"on"[39m
  [36m/>[39m

  --------------------------------------------------
  list:

  Name "":
  [36m<ul[39m
    [33mclass[39m=[32m"p-1"[39m
  [36m/>[39m

  --------------------------------------------------
  listitem:

  Name "":
  [36m<li />[39m

  Name "":
  [36m<li />[39m

  --------------------------------------------------

Ignored nodes: comments, script, style
[36m<body>[39m
  [36m<div>[39m
    [36m<fieldset[39m
      [33maria-label[39m=[32m"Remote folders"[39m
      [33mclass[39m=[32m"min-w-0 space-y-3"[39m
    [36m>[39m
      [36m<div[39m
        [33mclass[39m=[32m"space-y-1"[39m
      [36m>[39m
        [36m<label[39m
          [33mclass[39m=[32m"text-[11px] text-muted-foreground"[39m
          [33mfor[39m=[32m"remote-repo-path"[39m
        [36m>[39m
          [0mRemote folder[0m
        [36m</label>[39m
        [36m<div[39m
          [33mclass[39m=[32m"flex gap-2"[39m
        [36m>[39m
          [36m<input[39m
            [33maria-label[39m=[32m"Remote repository path"[39m
            [33mautocomplete[39m=[32m"off"[39m
            [33mclass[39m=[32m"flex w-full rounded-md border border-input bg-transparent px-3 py-1 shadow-sm transition-colors file:border-0 file:bg-transparent file:text-sm file:font-medium file:text-foreground placeholder:text-muted-foreground focus-visible:outline-none focus-visible:ring-1 focus-visible:ring-ring disabled:cursor-not-allowed disabled:opacity-50 md:text-sm h-8 min-w-0 font-mono text-xs"[39m
            [33mdata-testid[39m=[32m"remote-repo-path-input"[39m
            [33mid[39m=[32m"remote-repo-path"[39m
            [33mplaceholder[39m=[32m"~"[39m
            [33mspellcheck[39m=[32m"false"[39m
            [33mvalue[39m=[32m"/home/dev"[39m
          [36m/>[39m
          [36m<button[39m
            [33mclass[39m=[32m"inline-flex items-center justify-center gap-2 whitespace-nowrap font-medium transition-colors focus-visible:outline-none focus-visible:ring-1 focus-visible:ring-ring disabled:pointer-events-none disabled:opacity-50 [&_svg]:pointer-events-none [&_svg]:size-4 [&_svg]:shrink-0 border border-input bg-background shadow-sm hover:bg-accent hover:text-accent-foreground h-8 rounded-md px-3 text-xs"[39m
            [33mtype[39m=[32m"button"[39m
          [36m>[39m
            [0mGo[0m
          [36m</button>[39m
        [36m</div>[39m
      [36m</div>[39m
      [36m<div[39m
        [33mclass[39m=[32m"flex flex-wrap items-center gap-2"[39m
      [36m>[39m
        [36m<button[39m
          [33maria-label[39m=[32m"Remote home"[39m
          [33mclass[39m=[32m"inline-flex items-center justify-center gap-2 whitespace-nowrap font-medium transition-colors focus-visible:outline-none focus-visible:ring-1 focus-visible:ring-ring disabled:pointer-events-none disabled:opacity-50 [&_svg]:pointer-events-none [&_svg]:size-4 [&_svg]:shrink-0 hover:bg-accent hover:text-accent-foreground h-8 rounded-md px-3 text-xs"[39m
          [33mtitle[39m=[32m"Remote home"[39m
          [33mtype[39m=[32m"button"[39m
        [36m>[39m
          [36m<svg[39m
            [33mclass[39m=[32m"lucide lucide-house size-3.5"[39m
            [33mfill[39m=[32m"none"[39m
            [33mheight[39m=[32m"24"[39m
            [33mstroke[39m=[32m"currentColor"[39m
            [33mstroke-linecap[39m=[32m"round"[39m
            [33mstroke-linejoin[39m=[32m"round"[39m
            [33mstroke-width[39m=[32m"2"[39m
            [33mviewBox[39m=[32m"0 0 24 24"[39m
            [33mwidth[39m=[32m"24"[39m
            [33mxmlns[39m=[32m"http://www.w3.org/2000/svg"[39m
          [36m>[39m
            [36m<path[39m
              [33md[39m=[32m"M15 21v-8a1 1 0 0 0-1-1h-4a1 1 0 0 0-1 1v8"[39m
            [36m/>[39m
            [36m<path[39m
              [33md[39m=[32m"M3 10a2 2 0 0 1 .709-1.528l7-5.999a2 2 0 0 1 2.582 0l7 5.999A2 2 0 0 1 21 10v9a2 2 0 0 1-2 2H5a2 2 0 0 1-2-2z"[39m
            [36m/>[39m
          [36m</svg>[39m
        [36m</button>[39m
        [36m<button[39m
          [33maria-label[39m=[32m"Parent folder"[39m
          [33mclass[39m=[32m"inline-flex items-center justify-center gap-2 whitespace-nowrap font-medium transition-colors focus-visible:outline-none focus-visible:ring-1 focus-visible:ring-ring disabled:pointer-events-none disabled:opacity-50 [&_svg]:pointer-events-none [&_svg]:size-4 [&_svg]:shrink-0 hover:bg-accent hover:text-accent-foreground h-8 rounded-md px-3 text-xs"[39m
          [33mtitle[39m=[32m"Parent folder"[39m
          [33mtype[39m=[32m"button"[39m
        [36m>[39m
          [36m<svg[39m
            [33mclass[39m=[32m"lucide lucide-arrow-up size-3.5"[39m
            [33mfill[39m=[32m"none"[39m
            [33mheight[39m=[32m"24"[39m
            [33mstroke[39m=[32m"currentColor"[39m
            [33mstroke-linecap[39m=[32m"round"[39m
            [33mstroke-linejoin[39m=[32m"round"[39m
            [33mstroke-width[39m=[32m"2"[39m
            [33mviewBox[39m=[32m"0 0 24 24"[39m
            [33mwidth[39m=[32m"24"[39m
            [33mxmlns[39m=[32m"http://www.w3.org/2000/svg"[39m
          [36m>[39m
            [36m<path[39m
              [33md[39m=[32m"m5 12 7-7 7 7"[39m
            [36m/>[39m
            [36m<path[39m
              [33md[39m=[32m"M12 19V5"[39m
            [36m/>[39m
          [36m</svg>[39m
        [36m</button>[39m
        [36m<button[39m
          [33maria-label[39m=[32m"Refresh folders"[39m
          [33mclass[39m=[32m"inline-flex items-center justify-center gap-2 whitespace-nowrap font-medium transition-colors focus-visible:outline-none focus-visible:ring-1 focus-visible:ring-ring disabled:pointer-events-none disabled:opacity-50 [&_svg]:pointer-events-none [&_svg]:size-4 [&_svg]:shrink-0 hover:bg-accent hover:text-accent-foreground h-8 rounded-md px-3 text-xs"[39m
          [33mtitle[39m=[32m"Refresh folders"[39m
          [33mtype[39m=[32m"button"[39m
        [36m>[39m
          [36m<svg[39m
            [33mclass[39m=[32m"lucide lucide-refresh-cw size-3.5"[39m
            [33mfill[39m=[32m"none"[39m
            [33mheight[39m=[32m"24"[39m
            [33mstroke[39m=[32m"currentColor"[39m
            [33mstroke-linecap[39m=[32m"round"[39m
            [33mstroke-linejoin[39m=[32m"round"[39m
            [33mstroke-width[39m=[32m"2"[39m
            [33mviewBox[39m=[32m"0 0 24 24"[39m
            [33mwidth[39m=[32m"24"[39m
            [33mxmlns[39m=[32m"http://www.w3.org/2000/svg"[39m
          [36m>[39m
            [36m<path[39m
              [33md[39m=[32m"M3 12a9 9 0 0 1 9-9 9.75 9.75 0 0 1 6.74 2.74L21 8"[39m
            [36m/>[39m
            [36m<path[39m
              [33md[39m=[32m"M21 3v5h-5"[39m
            [36m/>[39m
            [36m<path[39m
              [33md[39m=[32m"M21 12a9 9 0 0 1-9 9 9.75 9.75 0 0 1-6.74-2.74L3 16"[39m
            [36m/>[39m
            [36m<path[39m
              [33md[39m=[32m"M8 16H3v5"[39m
            [36m/>[39m
          [36m</svg>[39m
        [36m</button>[39m
        [36m<div[39m
          [33mclass[39m=[32m"ml-auto flex items-center gap-2"[39m
        [36m>[39m
          [36m<label[39m
            [33mclass[39m=[32m"text-[11px] text-muted-foreground"[39m
            [33mfor[39m=[32m"remote-show-hidden"[39m
          [36m>[39m
            [0mHidden folders[0m
          [36m</label>[39m
          [36m<button[39m
            [33maria-checked[39m=[32m"false"[39m
            [33mclass[39m=[32m"peer inline-flex h-5 w-9 shrink-0 cursor-pointer items-center rounded-full border-2 border-transparent shadow-sm transition-colors focus-visible:outline-none focus-visible:ring-2 focus-visible:ring-ring focus-visible:ring-offset-2 focus-visible:ring-offset-background disabled:cursor-not-allowed disabled:opacity-50 data-[state=checked]:bg-primary data-[state=unchecked]:bg-input"[39m
            [33mdata-state[39m=[32m"unchecked"[39m
            [33mid[39m=[32m"remote-show-hidden"[39m
            [33mrole[39m=[32m"switch"[39m
            [33mtype[39m=[32m"button"[39m
            [33mvalue[39m=[32m"on"[39m
          [36m>[39m
            [36m<span[39m
              [33mclass[39m=[32m"pointer-events-none block h-4 w-4 rounded-full bg-background shadow-lg ring-0 transition-transform data-[state=checked]:translate-x-4 data-[state=unchecked]:translate-x-0"[39m
              [33mdata-state[39m=[32m"unchecked"[39m
            [36m/>[39m
          [36m</button>[39m
        [36m</div>[39m
      [36m</div>[39m
      [36m<input[39m
        [33maria-label[39m=[32m"Filter folders"[39m
        [33mclass[39m=[32m"flex w-full rounded-md border border-input bg-transparent px-3 py-1 shadow-sm transition-colors file:border-0 file:bg-transparent file:text-sm file:font-medium file:text-foreground placeholder:text-muted-foreground focus-visible:outline-none focus-visible:ring-1 focus-visible:ring-ring disabled:cursor-not-allowed disabled:opacity-50 md:text-sm h-8 text-xs"[39m
        [33mplaceholder[39m=[32m"Filter folders"[39m
        [33mvalue[39m=[32m""[39m
      [36m/>[39m
      [36m<div[39m
        [33maria-busy[39m=[32m"false"[39m
        [33maria-label[39m=[32m"Folder contents"[39m
        [33mclass[39m=[32m"h-56 overflow-y-auto rounded-md border border-border bg-background"[39m
      [36m>[39m
        [36m<ul[39m
          [33mclass[39m=[32m"p-1"[39m
        [36m>[39m
          [36m<li>[39m
            [36m<button[39m
              [33mclass[39m=[32m"flex h-8 w-full items-center gap-2 rounded-sm px-2 text-left text-xs hover:bg-accent focus-visible:outline-none focus-visible:ring-1 focus-visible:ring-ring"[39m
              [33mtitle[39m=[32m"/home/dev/code"[39m
              [33mtype[39m=[32m"button"[39m
            [36m>[39m
              [36m<svg[39m
                [33mclass[39m=[32m"lucide lucide-folder size-3.5 shrink-0 text-muted-foreground"[39m
                [33mfill[39m=[32m"none"[39m
                [33mheight[39m=[32m"24"[39m
                [33mstroke[39m=[32m"currentColor"[39m
                [33mstroke-linecap[39m=[32m"round"[39m
                [33mstroke-linejoin[39m=[32m"round"[39m
                [33mstroke-width[39m=[32m"2"[39m
                [33mviewBox[39m=[32m"0 0 24 24"[39m
                [33mwidth[39m=[32m"24"[39m
                [33mxmlns[39m=[32m"http://www.w3.org/2000/svg"[39m
              [36m>[39m
                [36m<path[39m
                  [33md[39m=[32m"M20 20a2 2 0 0 0 2-2V8a2 2 0 0 0-2-2h-7.9a2 2 0 0 1-1.69-.9L9.6 3.9A2 2 0 0 0 7.93 3H4a2 2 0 0 0-2 2v13a2 2 0 0 0 2 2Z"[39m
                [36m/>[39m
              [36m</svg>[39m
              [36m<span[39m
                [33mclass[39m=[32m"truncate"[39m
              [36m>[39m
                [0mcode[0m
              [36m</span>[39m
            [36m</button>[39m
          [36m</li>[39m
          [36m<li>[39m
            [36m<button[39m
              [33mclass[39m=[32m"flex h-8 w-full items-center gap-2 rounded-sm px-2 text-left text-xs hover:bg-accent focus-visible:outline-none focus-visible:ring-1 focus-visible:ring-ring"[39m
              [33mtitle[39m=[32m"/home/dev/Documents"[39m
              [33mtype[39m=[32m"button"[39m
            [36m>[39m
              [36m<svg[39m
                [33mclass[39m=[32m"lucide lucide-folder size-3.5 shrink-0 text-muted-foreground"[39m
                [33mfill[39m=[32m"none"[39m
                [33mheight[39m=[32m"24"[39m
                [33mstroke[39m=[32m"currentColor"[39m
                [33mstroke-linecap[39m=[32m"round"[39m
                [33mstroke-linejoin[39m=[32m"round"[39m
                [33mstroke-width[39m=[32m"2"[39m
                [33mviewBox[39m=[32m"0 0 24 24"[39m
                [33mwidth[39m=[32m"24"[39m
                [33mxmlns[39m=[32m"http://www.w3.org/2000/svg"[39m
              [36m>[39m
                [36m<path[39m
                  [33md[39m=[32m"M20 20a2 2 0 0 0 2-2V8a2 2 0 0 0-2-2h-7.9a2 2 0 0 1-1.69-.9L9.6 3.9A2 2 0 0 0 7.93 3H4a2 2 0 0 0-2 2v13a2 2 0 0 0 2 2Z"[39m
                [36m/>[39m
              [36m</svg>[39m
              [36m<span[39m
                [33mclass[39m=[32m"truncate"[39m
              [36m>[39m
                [0mDocuments[0m
              [36m</span>[39m
            [36m</button>[39m
          [36m</li>[39m
        [36m</ul>[39m
      [36m</div>[39m
    [36m</fieldset>[39m
  [36m</div>[39m
[36m</body>[39m
 ❯ Object.getElementError node_modules/@testing-library/dom/dist/config.js:37:19
 ❯ node_modules/@testing-library/dom/dist/query-helpers.js:76:38
 ❯ node_modules/@testing-library/dom/dist/query-helpers.js:52:17
 ❯ node_modules/@testing-library/dom/dist/query-helpers.js:95:19
 ❯ src/components/RemoteDirectoryPicker.repro-red.test.tsx:65:19
     63|     expect(screen.queryByRole("listbox")).not.toBeInTheDocument();
     64|     fireEvent.click(input);
     65|     expect(screen.getByRole("option", { name: "code" })).toBeInTheDocu…
       |                   ^
     66|   });
     67| 

⎯⎯⎯⎯⎯⎯⎯⎯⎯⎯⎯⎯⎯⎯⎯⎯⎯⎯⎯⎯⎯⎯⎯[4/11]⎯

 FAIL  src/components/RemoteDirectoryPicker.repro-red.test.tsx > remote path autocomplete > browses Windows separator form C:/Users/dev/code/
TestingLibraryElementError: Unable to find an accessible element with the role "option" and name "app"

Here are the accessible roles:

  group:

  Name "Remote folders":
  [36m<fieldset[39m
    [33maria-label[39m=[32m"Remote folders"[39m
    [33mclass[39m=[32m"min-w-0 space-y-3"[39m
  [36m/>[39m

  --------------------------------------------------
  textbox:

  Name "Remote repository path":
  [36m<input[39m
    [33maria-label[39m=[32m"Remote repository path"[39m
    [33mautocomplete[39m=[32m"off"[39m
    [33mclass[39m=[32m"flex w-full rounded-md border border-input bg-transparent px-3 py-1 shadow-sm transition-colors file:border-0 file:bg-transparent file:text-sm file:font-medium file:text-foreground placeholder:text-muted-foreground focus-visible:outline-none focus-visible:ring-1 focus-visible:ring-ring disabled:cursor-not-allowed disabled:opacity-50 md:text-sm h-8 min-w-0 font-mono text-xs"[39m
    [33mdata-testid[39m=[32m"remote-repo-path-input"[39m
    [33mid[39m=[32m"remote-repo-path"[39m
    [33mplaceholder[39m=[32m"~"[39m
    [33mspellcheck[39m=[32m"false"[39m
    [33mvalue[39m=[32m"C:/Users/dev/code/"[39m
  [36m/>[39m

  Name "Filter folders":
  [36m<input[39m
    [33maria-label[39m=[32m"Filter folders"[39m
    [33mclass[39m=[32m"flex w-full rounded-md border border-input bg-transparent px-3 py-1 shadow-sm transition-colors file:border-0 file:bg-transparent file:text-sm file:font-medium file:text-foreground placeholder:text-muted-foreground focus-visible:outline-none focus-visible:ring-1 focus-visible:ring-ring disabled:cursor-not-allowed disabled:opacity-50 md:text-sm h-8 text-xs"[39m
    [33mplaceholder[39m=[32m"Filter folders"[39m
    [33mvalue[39m=[32m""[39m
  [36m/>[39m

  --------------------------------------------------
  button:

  Name "Go":
  [36m<button[39m
    [33mclass[39m=[32m"inline-flex items-center justify-center gap-2 whitespace-nowrap font-medium transition-colors focus-visible:outline-none focus-visible:ring-1 focus-visible:ring-ring disabled:pointer-events-none disabled:opacity-50 [&_svg]:pointer-events-none [&_svg]:size-4 [&_svg]:shrink-0 border border-input bg-background shadow-sm hover:bg-accent hover:text-accent-foreground h-8 rounded-md px-3 text-xs"[39m
    [33mtype[39m=[32m"button"[39m
  [36m/>[39m

  Name "Remote home":
  [36m<button[39m
    [33maria-label[39m=[32m"Remote home"[39m
    [33mclass[39m=[32m"inline-flex items-center justify-center gap-2 whitespace-nowrap font-medium transition-colors focus-visible:outline-none focus-visible:ring-1 focus-visible:ring-ring disabled:pointer-events-none disabled:opacity-50 [&_svg]:pointer-events-none [&_svg]:size-4 [&_svg]:shrink-0 hover:bg-accent hover:text-accent-foreground h-8 rounded-md px-3 text-xs"[39m
    [33mtitle[39m=[32m"Remote home"[39m
    [33mtype[39m=[32m"button"[39m
  [36m/>[39m

  Name "Parent folder":
  [36m<button[39m
    [33maria-label[39m=[32m"Parent folder"[39m
    [33mclass[39m=[32m"inline-flex items-center justify-center gap-2 whitespace-nowrap font-medium transition-colors focus-visible:outline-none focus-visible:ring-1 focus-visible:ring-ring disabled:pointer-events-none disabled:opacity-50 [&_svg]:pointer-events-none [&_svg]:size-4 [&_svg]:shrink-0 hover:bg-accent hover:text-accent-foreground h-8 rounded-md px-3 text-xs"[39m
    [33mtitle[39m=[32m"Parent folder"[39m
    [33mtype[39m=[32m"button"[39m
  [36m/>[39m

  Name "Refresh folders":
  [36m<button[39m
    [33maria-label[39m=[32m"Refresh folders"[39m
    [33mclass[39m=[32m"inline-flex items-center justify-center gap-2 whitespace-nowrap font-medium transition-colors focus-visible:outline-none focus-visible:ring-1 focus-visible:ring-ring disabled:pointer-events-none disabled:opacity-50 [&_svg]:pointer-events-none [&_svg]:size-4 [&_svg]:shrink-0 hover:bg-accent hover:text-accent-foreground h-8 rounded-md px-3 text-xs"[39m
    [33mtitle[39m=[32m"Refresh folders"[39m
    [33mtype[39m=[32m"button"[39m
  [36m/>[39m

  --------------------------------------------------
  switch:

  Name "Hidden folders":
  [36m<button[39m
    [33maria-checked[39m=[32m"false"[39m
    [33mclass[39m=[32m"peer inline-flex h-5 w-9 shrink-0 cursor-pointer items-center rounded-full border-2 border-transparent shadow-sm transition-colors focus-visible:outline-none focus-visible:ring-2 focus-visible:ring-ring focus-visible:ring-offset-2 focus-visible:ring-offset-background disabled:cursor-not-allowed disabled:opacity-50 data-[state=checked]:bg-primary data-[state=unchecked]:bg-input"[39m
    [33mdata-state[39m=[32m"unchecked"[39m
    [33mid[39m=[32m"remote-show-hidden"[39m
    [33mrole[39m=[32m"switch"[39m
    [33mtype[39m=[32m"button"[39m
    [33mvalue[39m=[32m"on"[39m
  [36m/>[39m

  --------------------------------------------------
  status:

  Name "":
  [36m<p[39m
    [33mclass[39m=[32m"p-6 text-center text-xs text-muted-foreground"[39m
    [33mrole[39m=[32m"status"[39m
  [36m/>[39m

  --------------------------------------------------

Ignored nodes: comments, script, style
[36m<body>[39m
  [36m<div>[39m
    [36m<fieldset[39m
      [33maria-label[39m=[32m"Remote folders"[39m
      [33mclass[39m=[32m"min-w-0 space-y-3"[39m
    [36m>[39m
      [36m<div[39m
        [33mclass[39m=[32m"space-y-1"[39m
      [36m>[39m
        [36m<label[39m
          [33mclass[39m=[32m"text-[11px] text-muted-foreground"[39m
          [33mfor[39m=[32m"remote-repo-path"[39m
        [36m>[39m
          [0mRemote folder[0m
        [36m</label>[39m
        [36m<div[39m
          [33mclass[39m=[32m"flex gap-2"[39m
        [36m>[39m
          [36m<input[39m
            [33maria-label[39m=[32m"Remote repository path"[39m
            [33mautocomplete[39m=[32m"off"[39m
            [33mclass[39m=[32m"flex w-full rounded-md border border-input bg-transparent px-3 py-1 shadow-sm transition-colors file:border-0 file:bg-transparent file:text-sm file:font-medium file:text-foreground placeholder:text-muted-foreground focus-visible:outline-none focus-visible:ring-1 focus-visible:ring-ring disabled:cursor-not-allowed disabled:opacity-50 md:text-sm h-8 min-w-0 font-mono text-xs"[39m
            [33mdata-testid[39m=[32m"remote-repo-path-input"[39m
            [33mid[39m=[32m"remote-repo-path"[39m
            [33mplaceholder[39m=[32m"~"[39m
            [33mspellcheck[39m=[32m"false"[39m
            [33mvalue[39m=[32m"C:/Users/dev/code/"[39m
          [36m/>[39m
          [36m<button[39m
            [33mclass[39m=[32m"inline-flex items-center justify-center gap-2 whitespace-nowrap font-medium transition-colors focus-visible:outline-none focus-visible:ring-1 focus-visible:ring-ring disabled:pointer-events-none disabled:opacity-50 [&_svg]:pointer-events-none [&_svg]:size-4 [&_svg]:shrink-0 border border-input bg-background shadow-sm hover:bg-accent hover:text-accent-foreground h-8 rounded-md px-3 text-xs"[39m
            [33mtype[39m=[32m"button"[39m
          [36m>[39m
            [0mGo[0m
          [36m</button>[39m
        [36m</div>[39m
      [36m</div>[39m
      [36m<div[39m
        [33mclass[39m=[32m"flex flex-wrap items-center gap-2"[39m
      [36m>[39m
        [36m<button[39m
          [33maria-label[39m=[32m"Remote home"[39m
          [33mclass[39m=[32m"inline-flex items-center justify-center gap-2 whitespace-nowrap font-medium transition-colors focus-visible:outline-none focus-visible:ring-1 focus-visible:ring-ring disabled:pointer-events-none disabled:opacity-50 [&_svg]:pointer-events-none [&_svg]:size-4 [&_svg]:shrink-0 hover:bg-accent hover:text-accent-foreground h-8 rounded-md px-3 text-xs"[39m
          [33mtitle[39m=[32m"Remote home"[39m
          [33mtype[39m=[32m"button"[39m
        [36m>[39m
          [36m<svg[39m
            [33mclass[39m=[32m"lucide lucide-house size-3.5"[39m
            [33mfill[39m=[32m"none"[39m
            [33mheight[39m=[32m"24"[39m
            [33mstroke[39m=[32m"currentColor"[39m
            [33mstroke-linecap[39m=[32m"round"[39m
            [33mstroke-linejoin[39m=[32m"round"[39m
            [33mstroke-width[39m=[32m"2"[39m
            [33mviewBox[39m=[32m"0 0 24 24"[39m
            [33mwidth[39m=[32m"24"[39m
            [33mxmlns[39m=[32m"http://www.w3.org/2000/svg"[39m
          [36m>[39m
            [36m<path[39m
              [33md[39m=[32m"M15 21v-8a1 1 0 0 0-1-1h-4a1 1 0 0 0-1 1v8"[39m
            [36m/>[39m
            [36m<path[39m
              [33md[39m=[32m"M3 10a2 2 0 0 1 .709-1.528l7-5.999a2 2 0 0 1 2.582 0l7 5.999A2 2 0 0 1 21 10v9a2 2 0 0 1-2 2H5a2 2 0 0 1-2-2z"[39m
            [36m/>[39m
          [36m</svg>[39m
        [36m</button>[39m
        [36m<button[39m
          [33maria-label[39m=[32m"Parent folder"[39m
          [33mclass[39m=[32m"inline-flex items-center justify-center gap-2 whitespace-nowrap font-medium transition-colors focus-visible:outline-none focus-visible:ring-1 focus-visible:ring-ring disabled:pointer-events-none disabled:opacity-50 [&_svg]:pointer-events-none [&_svg]:size-4 [&_svg]:shrink-0 hover:bg-accent hover:text-accent-foreground h-8 rounded-md px-3 text-xs"[39m
          [33mtitle[39m=[32m"Parent folder"[39m
          [33mtype[39m=[32m"button"[39m
        [36m>[39m
          [36m<svg[39m
            [33mclass[39m=[32m"lucide lucide-arrow-up size-3.5"[39m
            [33mfill[39m=[32m"none"[39m
            [33mheight[39m=[32m"24"[39m
            [33mstroke[39m=[32m"currentColor"[39m
            [33mstroke-linecap[39m=[32m"round"[39m
            [33mstroke-linejoin[39m=[32m"round"[39m
            [33mstroke-width[39m=[32m"2"[39m
            [33mviewBox[39m=[32m"0 0 24 24"[39m
            [33mwidth[39m=[32m"24"[39m
            [33mxmlns[39m=[32m"http://www.w3.org/2000/svg"[39m
          [36m>[39m
            [36m<path[39m
              [33md[39m=[32m"m5 12 7-7 7 7"[39m
            [36m/>[39m
            [36m<path[39m
              [33md[39m=[32m"M12 19V5"[39m
            [36m/>[39m
          [36m</svg>[39m
        [36m</button>[39m
        [36m<button[39m
          [33maria-label[39m=[32m"Refresh folders"[39m
          [33mclass[39m=[32m"inline-flex items-center justify-center gap-2 whitespace-nowrap font-medium transition-colors focus-visible:outline-none focus-visible:ring-1 focus-visible:ring-ring disabled:pointer-events-none disabled:opacity-50 [&_svg]:pointer-events-none [&_svg]:size-4 [&_svg]:shrink-0 hover:bg-accent hover:text-accent-foreground h-8 rounded-md px-3 text-xs"[39m
          [33mtitle[39m=[32m"Refresh folders"[39m
          [33mtype[39m=[32m"button"[39m
        [36m>[39m
          [36m<svg[39m
            [33mclass[39m=[32m"lucide lucide-refresh-cw size-3.5"[39m
            [33mfill[39m=[32m"none"[39m
            [33mheight[39m=[32m"24"[39m
            [33mstroke[39m=[32m"currentColor"[39m
            [33mstroke-linecap[39m=[32m"round"[39m
            [33mstroke-linejoin[39m=[32m"round"[39m
            [33mstroke-width[39m=[32m"2"[39m
            [33mviewBox[39m=[32m"0 0 24 24"[39m
            [33mwidth[39m=[32m"24"[39m
            [33mxmlns[39m=[32m"http://www.w3.org/2000/svg"[39m
          [36m>[39m
            [36m<path[39m
              [33md[39m=[32m"M3 12a9 9 0 0 1 9-9 9.75 9.75 0 0 1 6.74 2.74L21 8"[39m
            [36m/>[39m
            [36m<path[39m
              [33md[39m=[32m"M21 3v5h-5"[39m
            [36m/>[39m
            [36m<path[39m
              [33md[39m=[32m"M21 12a9 9 0 0 1-9 9 9.75 9.75 0 0 1-6.74-2.74L3 16"[39m
            [36m/>[39m
            [36m<path[39m
              [33md[39m=[32m"M8 16H3v5"[39m
            [36m/>[39m
          [36m</svg>[39m
        [36m</button>[39m
        [36m<div[39m
          [33mclass[39m=[32m"ml-auto flex items-center gap-2"[39m
        [36m>[39m
          [36m<label[39m
            [33mclass[39m=[32m"text-[11px] text-muted-foreground"[39m
            [33mfor[39m=[32m"remote-show-hidden"[39m
          [36m>[39m
            [0mHidden folders[0m
          [36m</label>[39m
          [36m<button[39m
            [33maria-checked[39m=[32m"false"[39m
            [33mclass[39m=[32m"peer inline-flex h-5 w-9 shrink-0 cursor-pointer items-center rounded-full border-2 border-transparent shadow-sm transition-colors focus-visible:outline-none focus-visible:ring-2 focus-visible:ring-ring focus-visible:ring-offset-2 focus-visible:ring-offset-background disabled:cursor-not-allowed disabled:opacity-50 data-[state=checked]:bg-primary data-[state=unchecked]:bg-input"[39m
            [33mdata-state[39m=[32m"unchecked"[39m
            [33mid[39m=[32m"remote-show-hidden"[39m
            [33mrole[39m=[32m"switch"[39m
            [33mtype[39m=[32m"button"[39m
            [33mvalue[39m=[32m"on"[39m
          [36m>[39m
            [36m<span[39m
              [33mclass[39m=[32m"pointer-events-none block h-4 w-4 rounded-full bg-background shadow-lg ring-0 transition-transform data-[state=checked]:translate-x-4 data-[state=unchecked]:translate-x-0"[39m
              [33mdata-state[39m=[32m"unchecked"[39m
            [36m/>[39m
          [36m</button>[39m
        [36m</div>[39m
      [36m</div>[39m
      [36m<input[39m
        [33maria-label[39m=[32m"Filter folders"[39m
        [33mclass[39m=[32m"flex w-full rounded-md border border-input bg-transparent px-3 py-1 shadow-sm transition-colors file:border-0 file:bg-transparent file:text-sm file:font-medium file:text-foreground placeholder:text-muted-foreground focus-visible:outline-none focus-visible:ring-1 focus-visible:ring-ring disabled:cursor-not-allowed disabled:opacity-50 md:text-sm h-8 text-xs"[39m
        [33mplaceholder[39m=[32m"Filter folders"[39m
        [33mvalue[39m=[32m""[39m
      [36m/>[39m
      [36m<div[39m
        [33maria-busy[39m=[32m"false"[39m
        [33maria-label[39m=[32m"Folder contents"[39m
        [33mclass[39m=[32m"h-56 overflow-y-auto rounded-md border border-border bg-background"[39m
      [36m>[39m
        [36m<p[39m
          [33mclass[39m=[32m"p-6 text-center text-xs text-muted-foreground"[39m
          [33mrole[39m=[32m"status"[39m
        [36m>[39m
          [0mNo visible subfolders.[0m
        [36m</p>[39m
      [36m</div>[39m
    [36m</fieldset>[39m
  [36m</div>[39m
[36m</body>[39m
 ❯ Object.getElementError node_modules/@testing-library/dom/dist/config.js:37:19
 ❯ node_modules/@testing-library/dom/dist/query-helpers.js:76:38
 ❯ node_modules/@testing-library/dom/dist/query-helpers.js:52:17
 ❯ node_modules/@testing-library/dom/dist/query-helpers.js:95:19
 ❯ src/components/RemoteDirectoryPicker.repro-red.test.tsx:74:19
     72|     remote.listRemoteDirectories.mockResolvedValue(listing("C:\\Users\…
     73|     await act(async () => { fireEvent.change(input, { target: { value:…
     74|     expect(screen.getByRole("option", { name: "app" })).toBeInTheDocum…
       |                   ^
     75|     expect(onSelect).toHaveBeenLastCalledWith("C:\\Users\\dev\\code");
     76|   });

⎯⎯⎯⎯⎯⎯⎯⎯⎯⎯⎯⎯⎯⎯⎯⎯⎯⎯⎯⎯⎯⎯⎯[5/11]⎯

 FAIL  src/components/RemoteDirectoryPicker.repro-red.test.tsx > remote path autocomplete > browses Windows separator form C:\Users\dev\code\
TestingLibraryElementError: Unable to find an accessible element with the role "option" and name "app"

Here are the accessible roles:

  group:

  Name "Remote folders":
  [36m<fieldset[39m
    [33maria-label[39m=[32m"Remote folders"[39m
    [33mclass[39m=[32m"min-w-0 space-y-3"[39m
  [36m/>[39m

  --------------------------------------------------
  textbox:

  Name "Remote repository path":
  [36m<input[39m
    [33maria-label[39m=[32m"Remote repository path"[39m
    [33mautocomplete[39m=[32m"off"[39m
    [33mclass[39m=[32m"flex w-full rounded-md border border-input bg-transparent px-3 py-1 shadow-sm transition-colors file:border-0 file:bg-transparent file:text-sm file:font-medium file:text-foreground placeholder:text-muted-foreground focus-visible:outline-none focus-visible:ring-1 focus-visible:ring-ring disabled:cursor-not-allowed disabled:opacity-50 md:text-sm h-8 min-w-0 font-mono text-xs"[39m
    [33mdata-testid[39m=[32m"remote-repo-path-input"[39m
    [33mid[39m=[32m"remote-repo-path"[39m
    [33mplaceholder[39m=[32m"~"[39m
    [33mspellcheck[39m=[32m"false"[39m
    [33mvalue[39m=[32m"C:\\Users\\dev\\code\\"[39m
  [36m/>[39m

  Name "Filter folders":
  [36m<input[39m
    [33maria-label[39m=[32m"Filter folders"[39m
    [33mclass[39m=[32m"flex w-full rounded-md border border-input bg-transparent px-3 py-1 shadow-sm transition-colors file:border-0 file:bg-transparent file:text-sm file:font-medium file:text-foreground placeholder:text-muted-foreground focus-visible:outline-none focus-visible:ring-1 focus-visible:ring-ring disabled:cursor-not-allowed disabled:opacity-50 md:text-sm h-8 text-xs"[39m
    [33mplaceholder[39m=[32m"Filter folders"[39m
    [33mvalue[39m=[32m""[39m
  [36m/>[39m

  --------------------------------------------------
  button:

  Name "Go":
  [36m<button[39m
    [33mclass[39m=[32m"inline-flex items-center justify-center gap-2 whitespace-nowrap font-medium transition-colors focus-visible:outline-none focus-visible:ring-1 focus-visible:ring-ring disabled:pointer-events-none disabled:opacity-50 [&_svg]:pointer-events-none [&_svg]:size-4 [&_svg]:shrink-0 border border-input bg-background shadow-sm hover:bg-accent hover:text-accent-foreground h-8 rounded-md px-3 text-xs"[39m
    [33mtype[39m=[32m"button"[39m
  [36m/>[39m

  Name "Remote home":
  [36m<button[39m
    [33maria-label[39m=[32m"Remote home"[39m
    [33mclass[39m=[32m"inline-flex items-center justify-center gap-2 whitespace-nowrap font-medium transition-colors focus-visible:outline-none focus-visible:ring-1 focus-visible:ring-ring disabled:pointer-events-none disabled:opacity-50 [&_svg]:pointer-events-none [&_svg]:size-4 [&_svg]:shrink-0 hover:bg-accent hover:text-accent-foreground h-8 rounded-md px-3 text-xs"[39m
    [33mtitle[39m=[32m"Remote home"[39m
    [33mtype[39m=[32m"button"[39m
  [36m/>[39m

  Name "Parent folder":
  [36m<button[39m
    [33maria-label[39m=[32m"Parent folder"[39m
    [33mclass[39m=[32m"inline-flex items-center justify-center gap-2 whitespace-nowrap font-medium transition-colors focus-visible:outline-none focus-visible:ring-1 focus-visible:ring-ring disabled:pointer-events-none disabled:opacity-50 [&_svg]:pointer-events-none [&_svg]:size-4 [&_svg]:shrink-0 hover:bg-accent hover:text-accent-foreground h-8 rounded-md px-3 text-xs"[39m
    [33mtitle[39m=[32m"Parent folder"[39m
    [33mtype[39m=[32m"button"[39m
  [36m/>[39m

  Name "Refresh folders":
  [36m<button[39m
    [33maria-label[39m=[32m"Refresh folders"[39m
    [33mclass[39m=[32m"inline-flex items-center justify-center gap-2 whitespace-nowrap font-medium transition-colors focus-visible:outline-none focus-visible:ring-1 focus-visible:ring-ring disabled:pointer-events-none disabled:opacity-50 [&_svg]:pointer-events-none [&_svg]:size-4 [&_svg]:shrink-0 hover:bg-accent hover:text-accent-foreground h-8 rounded-md px-3 text-xs"[39m
    [33mtitle[39m=[32m"Refresh folders"[39m
    [33mtype[39m=[32m"button"[39m
  [36m/>[39m

  --------------------------------------------------
  switch:

  Name "Hidden folders":
  [36m<button[39m
    [33maria-checked[39m=[32m"false"[39m
    [33mclass[39m=[32m"peer inline-flex h-5 w-9 shrink-0 cursor-pointer items-center rounded-full border-2 border-transparent shadow-sm transition-colors focus-visible:outline-none focus-visible:ring-2 focus-visible:ring-ring focus-visible:ring-offset-2 focus-visible:ring-offset-background disabled:cursor-not-allowed disabled:opacity-50 data-[state=checked]:bg-primary data-[state=unchecked]:bg-input"[39m
    [33mdata-state[39m=[32m"unchecked"[39m
    [33mid[39m=[32m"remote-show-hidden"[39m
    [33mrole[39m=[32m"switch"[39m
    [33mtype[39m=[32m"button"[39m
    [33mvalue[39m=[32m"on"[39m
  [36m/>[39m

  --------------------------------------------------
  status:

  Name "":
  [36m<p[39m
    [33mclass[39m=[32m"p-6 text-center text-xs text-muted-foreground"[39m
    [33mrole[39m=[32m"status"[39m
  [36m/>[39m

  --------------------------------------------------

Ignored nodes: comments, script, style
[36m<body>[39m
  [36m<div>[39m
    [36m<fieldset[39m
      [33maria-label[39m=[32m"Remote folders"[39m
      [33mclass[39m=[32m"min-w-0 space-y-3"[39m
    [36m>[39m
      [36m<div[39m
        [33mclass[39m=[32m"space-y-1"[39m
      [36m>[39m
        [36m<label[39m
          [33mclass[39m=[32m"text-[11px] text-muted-foreground"[39m
          [33mfor[39m=[32m"remote-repo-path"[39m
        [36m>[39m
          [0mRemote folder[0m
        [36m</label>[39m
        [36m<div[39m
          [33mclass[39m=[32m"flex gap-2"[39m
        [36m>[39m
          [36m<input[39m
            [33maria-label[39m=[32m"Remote repository path"[39m
            [33mautocomplete[39m=[32m"off"[39m
            [33mclass[39m=[32m"flex w-full rounded-md border border-input bg-transparent px-3 py-1 shadow-sm transition-colors file:border-0 file:bg-transparent file:text-sm file:font-medium file:text-foreground placeholder:text-muted-foreground focus-visible:outline-none focus-visible:ring-1 focus-visible:ring-ring disabled:cursor-not-allowed disabled:opacity-50 md:text-sm h-8 min-w-0 font-mono text-xs"[39m
            [33mdata-testid[39m=[32m"remote-repo-path-input"[39m
            [33mid[39m=[32m"remote-repo-path"[39m
            [33mplaceholder[39m=[32m"~"[39m
            [33mspellcheck[39m=[32m"false"[39m
            [33mvalue[39m=[32m"C:\\Users\\dev\\code\\"[39m
          [36m/>[39m
          [36m<button[39m
            [33mclass[39m=[32m"inline-flex items-center justify-center gap-2 whitespace-nowrap font-medium transition-colors focus-visible:outline-none focus-visible:ring-1 focus-visible:ring-ring disabled:pointer-events-none disabled:opacity-50 [&_svg]:pointer-events-none [&_svg]:size-4 [&_svg]:shrink-0 border border-input bg-background shadow-sm hover:bg-accent hover:text-accent-foreground h-8 rounded-md px-3 text-xs"[39m
            [33mtype[39m=[32m"button"[39m
          [36m>[39m
            [0mGo[0m
          [36m</button>[39m
        [36m</div>[39m
      [36m</div>[39m
      [36m<div[39m
        [33mclass[39m=[32m"flex flex-wrap items-center gap-2"[39m
      [36m>[39m
        [36m<button[39m
          [33maria-label[39m=[32m"Remote home"[39m
          [33mclass[39m=[32m"inline-flex items-center justify-center gap-2 whitespace-nowrap font-medium transition-colors focus-visible:outline-none focus-visible:ring-1 focus-visible:ring-ring disabled:pointer-events-none disabled:opacity-50 [&_svg]:pointer-events-none [&_svg]:size-4 [&_svg]:shrink-0 hover:bg-accent hover:text-accent-foreground h-8 rounded-md px-3 text-xs"[39m
          [33mtitle[39m=[32m"Remote home"[39m
          [33mtype[39m=[32m"button"[39m
        [36m>[39m
          [36m<svg[39m
            [33mclass[39m=[32m"lucide lucide-house size-3.5"[39m
            [33mfill[39m=[32m"none"[39m
            [33mheight[39m=[32m"24"[39m
            [33mstroke[39m=[32m"currentColor"[39m
            [33mstroke-linecap[39m=[32m"round"[39m
            [33mstroke-linejoin[39m=[32m"round"[39m
            [33mstroke-width[39m=[32m"2"[39m
            [33mviewBox[39m=[32m"0 0 24 24"[39m
            [33mwidth[39m=[32m"24"[39m
            [33mxmlns[39m=[32m"http://www.w3.org/2000/svg"[39m
          [36m>[39m
            [36m<path[39m
              [33md[39m=[32m"M15 21v-8a1 1 0 0 0-1-1h-4a1 1 0 0 0-1 1v8"[39m
            [36m/>[39m
            [36m<path[39m
              [33md[39m=[32m"M3 10a2 2 0 0 1 .709-1.528l7-5.999a2 2 0 0 1 2.582 0l7 5.999A2 2 0 0 1 21 10v9a2 2 0 0 1-2 2H5a2 2 0 0 1-2-2z"[39m
            [36m/>[39m
          [36m</svg>[39m
        [36m</button>[39m
        [36m<button[39m
          [33maria-label[39m=[32m"Parent folder"[39m
          [33mclass[39m=[32m"inline-flex items-center justify-center gap-2 whitespace-nowrap font-medium transition-colors focus-visible:outline-none focus-visible:ring-1 focus-visible:ring-ring disabled:pointer-events-none disabled:opacity-50 [&_svg]:pointer-events-none [&_svg]:size-4 [&_svg]:shrink-0 hover:bg-accent hover:text-accent-foreground h-8 rounded-md px-3 text-xs"[39m
          [33mtitle[39m=[32m"Parent folder"[39m
          [33mtype[39m=[32m"button"[39m
        [36m>[39m
          [36m<svg[39m
            [33mclass[39m=[32m"lucide lucide-arrow-up size-3.5"[39m
            [33mfill[39m=[32m"none"[39m
            [33mheight[39m=[32m"24"[39m
            [33mstroke[39m=[32m"currentColor"[39m
            [33mstroke-linecap[39m=[32m"round"[39m
            [33mstroke-linejoin[39m=[32m"round"[39m
            [33mstroke-width[39m=[32m"2"[39m
            [33mviewBox[39m=[32m"0 0 24 24"[39m
            [33mwidth[39m=[32m"24"[39m
            [33mxmlns[39m=[32m"http://www.w3.org/2000/svg"[39m
          [36m>[39m
            [36m<path[39m
              [33md[39m=[32m"m5 12 7-7 7 7"[39m
            [36m/>[39m
            [36m<path[39m
              [33md[39m=[32m"M12 19V5"[39m
            [36m/>[39m
          [36m</svg>[39m
        [36m</button>[39m
        [36m<button[39m
          [33maria-label[39m=[32m"Refresh folders"[39m
          [33mclass[39m=[32m"inline-flex items-center justify-center gap-2 whitespace-nowrap font-medium transition-colors focus-visible:outline-none focus-visible:ring-1 focus-visible:ring-ring disabled:pointer-events-none disabled:opacity-50 [&_svg]:pointer-events-none [&_svg]:size-4 [&_svg]:shrink-0 hover:bg-accent hover:text-accent-foreground h-8 rounded-md px-3 text-xs"[39m
          [33mtitle[39m=[32m"Refresh folders"[39m
          [33mtype[39m=[32m"button"[39m
        [36m>[39m
          [36m<svg[39m
            [33mclass[39m=[32m"lucide lucide-refresh-cw size-3.5"[39m
            [33mfill[39m=[32m"none"[39m
            [33mheight[39m=[32m"24"[39m
            [33mstroke[39m=[32m"currentColor"[39m
            [33mstroke-linecap[39m=[32m"round"[39m
            [33mstroke-linejoin[39m=[32m"round"[39m
            [33mstroke-width[39m=[32m"2"[39m
            [33mviewBox[39m=[32m"0 0 24 24"[39m
            [33mwidth[39m=[32m"24"[39m
            [33mxmlns[39m=[32m"http://www.w3.org/2000/svg"[39m
          [36m>[39m
            [36m<path[39m
              [33md[39m=[32m"M3 12a9 9 0 0 1 9-9 9.75 9.75 0 0 1 6.74 2.74L21 8"[39m
            [36m/>[39m
            [36m<path[39m
              [33md[39m=[32m"M21 3v5h-5"[39m
            [36m/>[39m
            [36m<path[39m
              [33md[39m=[32m"M21 12a9 9 0 0 1-9 9 9.75 9.75 0 0 1-6.74-2.74L3 16"[39m
            [36m/>[39m
            [36m<path[39m
              [33md[39m=[32m"M8 16H3v5"[39m
            [36m/>[39m
          [36m</svg>[39m
        [36m</button>[39m
        [36m<div[39m
          [33mclass[39m=[32m"ml-auto flex items-center gap-2"[39m
        [36m>[39m
          [36m<label[39m
            [33mclass[39m=[32m"text-[11px] text-muted-foreground"[39m
            [33mfor[39m=[32m"remote-show-hidden"[39m
          [36m>[39m
            [0mHidden folders[0m
          [36m</label>[39m
          [36m<button[39m
            [33maria-checked[39m=[32m"false"[39m
            [33mclass[39m=[32m"peer inline-flex h-5 w-9 shrink-0 cursor-pointer items-center rounded-full border-2 border-transparent shadow-sm transition-colors focus-visible:outline-none focus-visible:ring-2 focus-visible:ring-ring focus-visible:ring-offset-2 focus-visible:ring-offset-background disabled:cursor-not-allowed disabled:opacity-50 data-[state=checked]:bg-primary data-[state=unchecked]:bg-input"[39m
            [33mdata-state[39m=[32m"unchecked"[39m
            [33mid[39m=[32m"remote-show-hidden"[39m
            [33mrole[39m=[32m"switch"[39m
            [33mtype[39m=[32m"button"[39m
            [33mvalue[39m=[32m"on"[39m
          [36m>[39m
            [36m<span[39m
              [33mclass[39m=[32m"pointer-events-none block h-4 w-4 rounded-full bg-background shadow-lg ring-0 transition-transform data-[state=checked]:translate-x-4 data-[state=unchecked]:translate-x-0"[39m
              [33mdata-state[39m=[32m"unchecked"[39m
            [36m/>[39m
          [36m</button>[39m
        [36m</div>[39m
      [36m</div>[39m
      [36m<input[39m
        [33maria-label[39m=[32m"Filter folders"[39m
        [33mclass[39m=[32m"flex w-full rounded-md border border-input bg-transparent px-3 py-1 shadow-sm transition-colors file:border-0 file:bg-transparent file:text-sm file:font-medium file:text-foreground placeholder:text-muted-foreground focus-visible:outline-none focus-visible:ring-1 focus-visible:ring-ring disabled:cursor-not-allowed disabled:opacity-50 md:text-sm h-8 text-xs"[39m
        [33mplaceholder[39m=[32m"Filter folders"[39m
        [33mvalue[39m=[32m""[39m
      [36m/>[39m
      [36m<div[39m
        [33maria-busy[39m=[32m"false"[39m
        [33maria-label[39m=[32m"Folder contents"[39m
        [33mclass[39m=[32m"h-56 overflow-y-auto rounded-md border border-border bg-background"[39m
      [36m>[39m
        [36m<p[39m
          [33mclass[39m=[32m"p-6 text-center text-xs text-muted-foreground"[39m
          [33mrole[39m=[32m"status"[39m
        [36m>[39m
          [0mNo visible subfolders.[0m
        [36m</p>[39m
      [36m</div>[39m
    [36m</fieldset>[39m
  [36m</div>[39m
[36m</body>[39m
 ❯ Object.getElementError node_modules/@testing-library/dom/dist/config.js:37:19
 ❯ node_modules/@testing-library/dom/dist/query-helpers.js:76:38
 ❯ node_modules/@testing-library/dom/dist/query-helpers.js:52:17
 ❯ node_modules/@testing-library/dom/dist/query-helpers.js:95:19
 ❯ src/components/RemoteDirectoryPicker.repro-red.test.tsx:74:19
     72|     remote.listRemoteDirectories.mockResolvedValue(listing("C:\\Users\…
     73|     await act(async () => { fireEvent.change(input, { target: { value:…
     74|     expect(screen.getByRole("option", { name: "app" })).toBeInTheDocum…
       |                   ^
     75|     expect(onSelect).toHaveBeenLastCalledWith("C:\\Users\\dev\\code");
     76|   });

⎯⎯⎯⎯⎯⎯⎯⎯⎯⎯⎯⎯⎯⎯⎯⎯⎯⎯⎯⎯⎯⎯⎯[6/11]⎯

 FAIL  src/components/RemoteDirectoryPicker.repro-red.test.tsx > remote path autocomplete > treats a POSIX backslash as a literal name character
TestingLibraryElementError: Unable to find an accessible element with the role "option" and name "a\b"

Here are the accessible roles:

  group:

  Name "Remote folders":
  [36m<fieldset[39m
    [33maria-label[39m=[32m"Remote folders"[39m
    [33mclass[39m=[32m"min-w-0 space-y-3"[39m
  [36m/>[39m

  --------------------------------------------------
  textbox:

  Name "Remote repository path":
  [36m<input[39m
    [33maria-label[39m=[32m"Remote repository path"[39m
    [33mautocomplete[39m=[32m"off"[39m
    [33mclass[39m=[32m"flex w-full rounded-md border border-input bg-transparent px-3 py-1 shadow-sm transition-colors file:border-0 file:bg-transparent file:text-sm file:font-medium file:text-foreground placeholder:text-muted-foreground focus-visible:outline-none focus-visible:ring-1 focus-visible:ring-ring disabled:cursor-not-allowed disabled:opacity-50 md:text-sm h-8 min-w-0 font-mono text-xs"[39m
    [33mdata-testid[39m=[32m"remote-repo-path-input"[39m
    [33mid[39m=[32m"remote-repo-path"[39m
    [33mplaceholder[39m=[32m"~"[39m
    [33mspellcheck[39m=[32m"false"[39m
    [33mvalue[39m=[32m"/home/dev/a\\"[39m
  [36m/>[39m

  Name "Filter folders":
  [36m<input[39m
    [33maria-label[39m=[32m"Filter folders"[39m
    [33mclass[39m=[32m"flex w-full rounded-md border border-input bg-transparent px-3 py-1 shadow-sm transition-colors file:border-0 file:bg-transparent file:text-sm file:font-medium file:text-foreground placeholder:text-muted-foreground focus-visible:outline-none focus-visible:ring-1 focus-visible:ring-ring disabled:cursor-not-allowed disabled:opacity-50 md:text-sm h-8 text-xs"[39m
    [33mplaceholder[39m=[32m"Filter folders"[39m
    [33mvalue[39m=[32m""[39m
  [36m/>[39m

  --------------------------------------------------
  button:

  Name "Go":
  [36m<button[39m
    [33mclass[39m=[32m"inline-flex items-center justify-center gap-2 whitespace-nowrap font-medium transition-colors focus-visible:outline-none focus-visible:ring-1 focus-visible:ring-ring disabled:pointer-events-none disabled:opacity-50 [&_svg]:pointer-events-none [&_svg]:size-4 [&_svg]:shrink-0 border border-input bg-background shadow-sm hover:bg-accent hover:text-accent-foreground h-8 rounded-md px-3 text-xs"[39m
    [33mtype[39m=[32m"button"[39m
  [36m/>[39m

  Name "Remote home":
  [36m<button[39m
    [33maria-label[39m=[32m"Remote home"[39m
    [33mclass[39m=[32m"inline-flex items-center justify-center gap-2 whitespace-nowrap font-medium transition-colors focus-visible:outline-none focus-visible:ring-1 focus-visible:ring-ring disabled:pointer-events-none disabled:opacity-50 [&_svg]:pointer-events-none [&_svg]:size-4 [&_svg]:shrink-0 hover:bg-accent hover:text-accent-foreground h-8 rounded-md px-3 text-xs"[39m
    [33mtitle[39m=[32m"Remote home"[39m
    [33mtype[39m=[32m"button"[39m
  [36m/>[39m

  Name "Parent folder":
  [36m<button[39m
    [33maria-label[39m=[32m"Parent folder"[39m
    [33mclass[39m=[32m"inline-flex items-center justify-center gap-2 whitespace-nowrap font-medium transition-colors focus-visible:outline-none focus-visible:ring-1 focus-visible:ring-ring disabled:pointer-events-none disabled:opacity-50 [&_svg]:pointer-events-none [&_svg]:size-4 [&_svg]:shrink-0 hover:bg-accent hover:text-accent-foreground h-8 rounded-md px-3 text-xs"[39m
    [33mtitle[39m=[32m"Parent folder"[39m
    [33mtype[39m=[32m"button"[39m
  [36m/>[39m

  Name "Refresh folders":
  [36m<button[39m
    [33maria-label[39m=[32m"Refresh folders"[39m
    [33mclass[39m=[32m"inline-flex items-center justify-center gap-2 whitespace-nowrap font-medium transition-colors focus-visible:outline-none focus-visible:ring-1 focus-visible:ring-ring disabled:pointer-events-none disabled:opacity-50 [&_svg]:pointer-events-none [&_svg]:size-4 [&_svg]:shrink-0 hover:bg-accent hover:text-accent-foreground h-8 rounded-md px-3 text-xs"[39m
    [33mtitle[39m=[32m"Refresh folders"[39m
    [33mtype[39m=[32m"button"[39m
  [36m/>[39m

  Name "a\b":
  [36m<button[39m
    [33mclass[39m=[32m"flex h-8 w-full items-center gap-2 rounded-sm px-2 text-left text-xs hover:bg-accent focus-visible:outline-none focus-visible:ring-1 focus-visible:ring-ring"[39m
    [33mtitle[39m=[32m"/home/dev/a\\b"[39m
    [33mtype[39m=[32m"button"[39m
  [36m/>[39m

  Name "another":
  [36m<button[39m
    [33mclass[39m=[32m"flex h-8 w-full items-center gap-2 rounded-sm px-2 text-left text-xs hover:bg-accent focus-visible:outline-none focus-visible:ring-1 focus-visible:ring-ring"[39m
    [33mtitle[39m=[32m"/home/dev/another"[39m
    [33mtype[39m=[32m"button"[39m
  [36m/>[39m

  --------------------------------------------------
  switch:

  Name "Hidden folders":
  [36m<button[39m
    [33maria-checked[39m=[32m"false"[39m
    [33mclass[39m=[32m"peer inline-flex h-5 w-9 shrink-0 cursor-pointer items-center rounded-full border-2 border-transparent shadow-sm transition-colors focus-visible:outline-none focus-visible:ring-2 focus-visible:ring-ring focus-visible:ring-offset-2 focus-visible:ring-offset-background disabled:cursor-not-allowed disabled:opacity-50 data-[state=checked]:bg-primary data-[state=unchecked]:bg-input"[39m
    [33mdata-state[39m=[32m"unchecked"[39m
    [33mid[39m=[32m"remote-show-hidden"[39m
    [33mrole[39m=[32m"switch"[39m
    [33mtype[39m=[32m"button"[39m
    [33mvalue[39m=[32m"on"[39m
  [36m/>[39m

  --------------------------------------------------
  list:

  Name "":
  [36m<ul[39m
    [33mclass[39m=[32m"p-1"[39m
  [36m/>[39m

  --------------------------------------------------
  listitem:

  Name "":
  [36m<li />[39m

  Name "":
  [36m<li />[39m

  --------------------------------------------------

Ignored nodes: comments, script, style
[36m<body>[39m
  [36m<div>[39m
    [36m<fieldset[39m
      [33maria-label[39m=[32m"Remote folders"[39m
      [33mclass[39m=[32m"min-w-0 space-y-3"[39m
    [36m>[39m
      [36m<div[39m
        [33mclass[39m=[32m"space-y-1"[39m
      [36m>[39m
        [36m<label[39m
          [33mclass[39m=[32m"text-[11px] text-muted-foreground"[39m
          [33mfor[39m=[32m"remote-repo-path"[39m
        [36m>[39m
          [0mRemote folder[0m
        [36m</label>[39m
        [36m<div[39m
          [33mclass[39m=[32m"flex gap-2"[39m
        [36m>[39m
          [36m<input[39m
            [33maria-label[39m=[32m"Remote repository path"[39m
            [33mautocomplete[39m=[32m"off"[39m
            [33mclass[39m=[32m"flex w-full rounded-md border border-input bg-transparent px-3 py-1 shadow-sm transition-colors file:border-0 file:bg-transparent file:text-sm file:font-medium file:text-foreground placeholder:text-muted-foreground focus-visible:outline-none focus-visible:ring-1 focus-visible:ring-ring disabled:cursor-not-allowed disabled:opacity-50 md:text-sm h-8 min-w-0 font-mono text-xs"[39m
            [33mdata-testid[39m=[32m"remote-repo-path-input"[39m
            [33mid[39m=[32m"remote-repo-path"[39m
            [33mplaceholder[39m=[32m"~"[39m
            [33mspellcheck[39m=[32m"false"[39m
            [33mvalue[39m=[32m"/home/dev/a\\"[39m
          [36m/>[39m
          [36m<button[39m
            [33mclass[39m=[32m"inline-flex items-center justify-center gap-2 whitespace-nowrap font-medium transition-colors focus-visible:outline-none focus-visible:ring-1 focus-visible:ring-ring disabled:pointer-events-none disabled:opacity-50 [&_svg]:pointer-events-none [&_svg]:size-4 [&_svg]:shrink-0 border border-input bg-background shadow-sm hover:bg-accent hover:text-accent-foreground h-8 rounded-md px-3 text-xs"[39m
            [33mtype[39m=[32m"button"[39m
          [36m>[39m
            [0mGo[0m
          [36m</button>[39m
        [36m</div>[39m
      [36m</div>[39m
      [36m<div[39m
        [33mclass[39m=[32m"flex flex-wrap items-center gap-2"[39m
      [36m>[39m
        [36m<button[39m
          [33maria-label[39m=[32m"Remote home"[39m
          [33mclass[39m=[32m"inline-flex items-center justify-center gap-2 whitespace-nowrap font-medium transition-colors focus-visible:outline-none focus-visible:ring-1 focus-visible:ring-ring disabled:pointer-events-none disabled:opacity-50 [&_svg]:pointer-events-none [&_svg]:size-4 [&_svg]:shrink-0 hover:bg-accent hover:text-accent-foreground h-8 rounded-md px-3 text-xs"[39m
          [33mtitle[39m=[32m"Remote home"[39m
          [33mtype[39m=[32m"button"[39m
        [36m>[39m
          [36m<svg[39m
            [33mclass[39m=[32m"lucide lucide-house size-3.5"[39m
            [33mfill[39m=[32m"none"[39m
            [33mheight[39m=[32m"24"[39m
            [33mstroke[39m=[32m"currentColor"[39m
            [33mstroke-linecap[39m=[32m"round"[39m
            [33mstroke-linejoin[39m=[32m"round"[39m
            [33mstroke-width[39m=[32m"2"[39m
            [33mviewBox[39m=[32m"0 0 24 24"[39m
            [33mwidth[39m=[32m"24"[39m
            [33mxmlns[39m=[32m"http://www.w3.org/2000/svg"[39m
          [36m>[39m
            [36m<path[39m
              [33md[39m=[32m"M15 21v-8a1 1 0 0 0-1-1h-4a1 1 0 0 0-1 1v8"[39m
            [36m/>[39m
            [36m<path[39m
              [33md[39m=[32m"M3 10a2 2 0 0 1 .709-1.528l7-5.999a2 2 0 0 1 2.582 0l7 5.999A2 2 0 0 1 21 10v9a2 2 0 0 1-2 2H5a2 2 0 0 1-2-2z"[39m
            [36m/>[39m
          [36m</svg>[39m
        [36m</button>[39m
        [36m<button[39m
          [33maria-label[39m=[32m"Parent folder"[39m
          [33mclass[39m=[32m"inline-flex items-center justify-center gap-2 whitespace-nowrap font-medium transition-colors focus-visible:outline-none focus-visible:ring-1 focus-visible:ring-ring disabled:pointer-events-none disabled:opacity-50 [&_svg]:pointer-events-none [&_svg]:size-4 [&_svg]:shrink-0 hover:bg-accent hover:text-accent-foreground h-8 rounded-md px-3 text-xs"[39m
          [33mtitle[39m=[32m"Parent folder"[39m
          [33mtype[39m=[32m"button"[39m
        [36m>[39m
          [36m<svg[39m
            [33mclass[39m=[32m"lucide lucide-arrow-up size-3.5"[39m
            [33mfill[39m=[32m"none"[39m
            [33mheight[39m=[32m"24"[39m
            [33mstroke[39m=[32m"currentColor"[39m
            [33mstroke-linecap[39m=[32m"round"[39m
            [33mstroke-linejoin[39m=[32m"round"[39m
            [33mstroke-width[39m=[32m"2"[39m
            [33mviewBox[39m=[32m"0 0 24 24"[39m
            [33mwidth[39m=[32m"24"[39m
            [33mxmlns[39m=[32m"http://www.w3.org/2000/svg"[39m
          [36m>[39m
            [36m<path[39m
              [33md[39m=[32m"m5 12 7-7 7 7"[39m
            [36m/>[39m
            [36m<path[39m
              [33md[39m=[32m"M12 19V5"[39m
            [36m/>[39m
          [36m</svg>[39m
        [36m</button>[39m
        [36m<button[39m
          [33maria-label[39m=[32m"Refresh folders"[39m
          [33mclass[39m=[32m"inline-flex items-center justify-center gap-2 whitespace-nowrap font-medium transition-colors focus-visible:outline-none focus-visible:ring-1 focus-visible:ring-ring disabled:pointer-events-none disabled:opacity-50 [&_svg]:pointer-events-none [&_svg]:size-4 [&_svg]:shrink-0 hover:bg-accent hover:text-accent-foreground h-8 rounded-md px-3 text-xs"[39m
          [33mtitle[39m=[32m"Refresh folders"[39m
          [33mtype[39m=[32m"button"[39m
        [36m>[39m
          [36m<svg[39m
            [33mclass[39m=[32m"lucide lucide-refresh-cw size-3.5"[39m
            [33mfill[39m=[32m"none"[39m
            [33mheight[39m=[32m"24"[39m
            [33mstroke[39m=[32m"currentColor"[39m
            [33mstroke-linecap[39m=[32m"round"[39m
            [33mstroke-linejoin[39m=[32m"round"[39m
            [33mstroke-width[39m=[32m"2"[39m
            [33mviewBox[39m=[32m"0 0 24 24"[39m
            [33mwidth[39m=[32m"24"[39m
            [33mxmlns[39m=[32m"http://www.w3.org/2000/svg"[39m
          [36m>[39m
            [36m<path[39m
              [33md[39m=[32m"M3 12a9 9 0 0 1 9-9 9.75 9.75 0 0 1 6.74 2.74L21 8"[39m
            [36m/>[39m
            [36m<path[39m
              [33md[39m=[32m"M21 3v5h-5"[39m
            [36m/>[39m
            [36m<path[39m
              [33md[39m=[32m"M21 12a9 9 0 0 1-9 9 9.75 9.75 0 0 1-6.74-2.74L3 16"[39m
            [36m/>[39m
            [36m<path[39m
              [33md[39m=[32m"M8 16H3v5"[39m
            [36m/>[39m
          [36m</svg>[39m
        [36m</button>[39m
        [36m<div[39m
          [33mclass[39m=[32m"ml-auto flex items-center gap-2"[39m
        [36m>[39m
          [36m<label[39m
            [33mclass[39m=[32m"text-[11px] text-muted-foreground"[39m
            [33mfor[39m=[32m"remote-show-hidden"[39m
          [36m>[39m
            [0mHidden folders[0m
          [36m</label>[39m
          [36m<button[39m
            [33maria-checked[39m=[32m"false"[39m
            [33mclass[39m=[32m"peer inline-flex h-5 w-9 shrink-0 cursor-pointer items-center rounded-full border-2 border-transparent shadow-sm transition-colors focus-visible:outline-none focus-visible:ring-2 focus-visible:ring-ring focus-visible:ring-offset-2 focus-visible:ring-offset-background disabled:cursor-not-allowed disabled:opacity-50 data-[state=checked]:bg-primary data-[state=unchecked]:bg-input"[39m
            [33mdata-state[39m=[32m"unchecked"[39m
            [33mid[39m=[32m"remote-show-hidden"[39m
            [33mrole[39m=[32m"switch"[39m
            [33mtype[39m=[32m"button"[39m
            [33mvalue[39m=[32m"on"[39m
          [36m>[39m
            [36m<span[39m
              [33mclass[39m=[32m"pointer-events-none block h-4 w-4 rounded-full bg-background shadow-lg ring-0 transition-transform data-[state=checked]:translate-x-4 data-[state=unchecked]:translate-x-0"[39m
              [33mdata-state[39m=[32m"unchecked"[39m
            [36m/>[39m
          [36m</button>[39m
        [36m</div>[39m
      [36m</div>[39m
      [36m<input[39m
        [33maria-label[39m=[32m"Filter folders"[39m
        [33mclass[39m=[32m"flex w-full rounded-md border border-input bg-transparent px-3 py-1 shadow-sm transition-colors file:border-0 file:bg-transparent file:text-sm file:font-medium file:text-foreground placeholder:text-muted-foreground focus-visible:outline-none focus-visible:ring-1 focus-visible:ring-ring disabled:cursor-not-allowed disabled:opacity-50 md:text-sm h-8 text-xs"[39m
        [33mplaceholder[39m=[32m"Filter folders"[39m
        [33mvalue[39m=[32m""[39m
      [36m/>[39m
      [36m<div[39m
        [33maria-busy[39m=[32m"false"[39m
        [33maria-label[39m=[32m"Folder contents"[39m
        [33mclass[39m=[32m"h-56 overflow-y-auto rounded-md border border-border bg-background"[39m
      [36m>[39m
        [36m<ul[39m
          [33mclass[39m=[32m"p-1"[39m
        [36m>[39m
          [36m<li>[39m
            [36m<button[39m
              [33mclass[39m=[32m"flex h-8 w-full items-center gap-2 rounded-sm px-2 text-left text-xs hover:bg-accent focus-visible:outline-none focus-visible:ring-1 focus-visible:ring-ring"[39m
              [33mtitle[39m=[32m"/home/dev/a\\b"[39m
              [33mtype[39m=[32m"button"[39m
            [36m>[39m
              [36m<svg[39m
                [33mclass[39m=[32m"lucide lucide-folder size-3.5 shrink-0 text-muted-foreground"[39m
                [33mfill[39m=[32m"none"[39m
                [33mheight[39m=[32m"24"[39m
                [33mstroke[39m=[32m"currentColor"[39m
                [33mstroke-linecap[39m=[32m"round"[39m
                [33mstroke-linejoin[39m=[32m"round"[39m
                [33mstroke-width[39m=[32m"2"[39m
                [33mviewBox[39m=[32m"0 0 24 24"[39m
                [33mwidth[39m=[32m"24"[39m
                [33mxmlns[39m=[32m"http://www.w3.org/2000/svg"[39m
              [36m>[39m
                [36m<path[39m
                  [33md[39m=[32m"M20 20a2 2 0 0 0 2-2V8a2 2 0 0 0-2-2h-7.9a2 2 0 0 1-1.69-.9L9.6 3.9A2 2 0 0 0 7.93 3H4a2 2 0 0 0-2 2v13a2 2 0 0 0 2 2Z"[39m
                [36m/>[39m
              [36m</svg>[39m
              [36m<span[39m
                [33mclass[39m=[32m"truncate"[39m
              [36m>[39m
                [0ma\b[0m
              [36m</span>[39m
            [36m</button>[39m
          [36m</li>[39m
          [36m<li>[39m
            [36m<button[39m
              [33mclass[39m=[32m"flex h-8 w-full items-center gap-2 rounded-sm px-2 text-left text-xs hover:bg-accent focus-visible:outline-none focus-visible:ring-1 focus-visible:ring-ring"[39m
              [33mtitle[39m=[32m"/home/dev/another"[39m
              [33mtype[39m=[32m"button"[39m
            [36m>[39m
              [36m<svg[39m
                [33mclass[39m=[32m"lucide lucide-folder size-3.5 shrink-0 text-muted-foreground"[39m
                [33mfill[39m=[32m"none"[39m
                [33mheight[39m=[32m"24"[39m
                [33mstroke[39m=[32m"currentColor"[39m
                [33mstroke-linecap[39m=[32m"round"[39m
                [33mstroke-linejoin[39m=[32m"round"[39m
                [33mstroke-width[39m=[32m"2"[39m
                [33mviewBox[39m=[32m"0 0 24 24"[39m
                [33mwidth[39m=[32m"24"[39m
                [33mxmlns[39m=[32m"http://www.w3.org/2000/svg"[39m
              [36m>[39m
                [36m<path[39m
                  [33md[39m=[32m"M20 20a2 2 0 0 0 2-2V8a2 2 0 0 0-2-2h-7.9a2 2 0 0 1-1.69-.9L9.6 3.9A2 2 0 0 0 7.93 3H4a2 2 0 0 0-2 2v13a2 2 0 0 0 2 2Z"[39m
                [36m/>[39m
              [36m</svg>[39m
              [36m<span[39m
                [33mclass[39m=[32m"truncate"[39m
              [36m>[39m
                [0manother[0m
              [36m</span>[39m
            [36m</button>[39m
          [36m</li>[39m
        [36m</ul>[39m
      [36m</div>[39m
    [36m</fieldset>[39m
  [36m</div>[39m
[36m</body>[39m
 ❯ Object.getElementError node_modules/@testing-library/dom/dist/config.js:37:19
 ❯ node_modules/@testing-library/dom/dist/query-helpers.js:76:38
 ❯ node_modules/@testing-library/dom/dist/query-helpers.js:52:17
 ❯ node_modules/@testing-library/dom/dist/query-helpers.js:95:19
 ❯ src/components/RemoteDirectoryPicker.repro-red.test.tsx:81:19
     79|     const { input } = await mount(listing("/home/dev", ["a\\b", "anoth…
     80|     await act(async () => { fireEvent.change(input, { target: { value:…
     81|     expect(screen.getByRole("option", { name: "a\\b" })).toBeInTheDocu…
       |                   ^
     82|     expect(screen.queryByRole("option", { name: "another" })).not.toBe…
     83|     expect(remote.listRemoteDirectories).toHaveBeenCalledTimes(1);

⎯⎯⎯⎯⎯⎯⎯⎯⎯⎯⎯⎯⎯⎯⎯⎯⎯⎯⎯⎯⎯⎯⎯[7/11]⎯

 FAIL  src/components/RemoteDirectoryPicker.repro-red.test.tsx > remote path autocomplete > does not let an old directory response overwrite a newer prefix
TestingLibraryElementError: Unable to find an accessible element with the role "option" and name "app"

Here are the accessible roles:

  group:

  Name "Remote folders":
  [36m<fieldset[39m
    [33maria-label[39m=[32m"Remote folders"[39m
    [33mclass[39m=[32m"min-w-0 space-y-3"[39m
  [36m/>[39m

  --------------------------------------------------
  textbox:

  Name "Remote repository path":
  [36m<input[39m
    [33maria-label[39m=[32m"Remote repository path"[39m
    [33mautocomplete[39m=[32m"off"[39m
    [33mclass[39m=[32m"flex w-full rounded-md border border-input bg-transparent px-3 py-1 shadow-sm transition-colors file:border-0 file:bg-transparent file:text-sm file:font-medium file:text-foreground placeholder:text-muted-foreground focus-visible:outline-none focus-visible:ring-1 focus-visible:ring-ring disabled:cursor-not-allowed disabled:opacity-50 md:text-sm h-8 min-w-0 font-mono text-xs"[39m
    [33mdata-testid[39m=[32m"remote-repo-path-input"[39m
    [33mid[39m=[32m"remote-repo-path"[39m
    [33mplaceholder[39m=[32m"~"[39m
    [33mspellcheck[39m=[32m"false"[39m
    [33mvalue[39m=[32m"/srv/ap"[39m
  [36m/>[39m

  Name "Filter folders":
  [36m<input[39m
    [33maria-label[39m=[32m"Filter folders"[39m
    [33mclass[39m=[32m"flex w-full rounded-md border border-input bg-transparent px-3 py-1 shadow-sm transition-colors file:border-0 file:bg-transparent file:text-sm file:font-medium file:text-foreground placeholder:text-muted-foreground focus-visible:outline-none focus-visible:ring-1 focus-visible:ring-ring disabled:cursor-not-allowed disabled:opacity-50 md:text-sm h-8 text-xs"[39m
    [33mplaceholder[39m=[32m"Filter folders"[39m
    [33mvalue[39m=[32m""[39m
  [36m/>[39m

  --------------------------------------------------
  button:

  Name "Go":
  [36m<button[39m
    [33mclass[39m=[32m"inline-flex items-center justify-center gap-2 whitespace-nowrap font-medium transition-colors focus-visible:outline-none focus-visible:ring-1 focus-visible:ring-ring disabled:pointer-events-none disabled:opacity-50 [&_svg]:pointer-events-none [&_svg]:size-4 [&_svg]:shrink-0 border border-input bg-background shadow-sm hover:bg-accent hover:text-accent-foreground h-8 rounded-md px-3 text-xs"[39m
    [33mtype[39m=[32m"button"[39m
  [36m/>[39m

  Name "Remote home":
  [36m<button[39m
    [33maria-label[39m=[32m"Remote home"[39m
    [33mclass[39m=[32m"inline-flex items-center justify-center gap-2 whitespace-nowrap font-medium transition-colors focus-visible:outline-none focus-visible:ring-1 focus-visible:ring-ring disabled:pointer-events-none disabled:opacity-50 [&_svg]:pointer-events-none [&_svg]:size-4 [&_svg]:shrink-0 hover:bg-accent hover:text-accent-foreground h-8 rounded-md px-3 text-xs"[39m
    [33mtitle[39m=[32m"Remote home"[39m
    [33mtype[39m=[32m"button"[39m
  [36m/>[39m

  Name "Parent folder":
  [36m<button[39m
    [33maria-label[39m=[32m"Parent folder"[39m
    [33mclass[39m=[32m"inline-flex items-center justify-center gap-2 whitespace-nowrap font-medium transition-colors focus-visible:outline-none focus-visible:ring-1 focus-visible:ring-ring disabled:pointer-events-none disabled:opacity-50 [&_svg]:pointer-events-none [&_svg]:size-4 [&_svg]:shrink-0 hover:bg-accent hover:text-accent-foreground h-8 rounded-md px-3 text-xs"[39m
    [33mtitle[39m=[32m"Parent folder"[39m
    [33mtype[39m=[32m"button"[39m
  [36m/>[39m

  Name "Refresh folders":
  [36m<button[39m
    [33maria-label[39m=[32m"Refresh folders"[39m
    [33mclass[39m=[32m"inline-flex items-center justify-center gap-2 whitespace-nowrap font-medium transition-colors focus-visible:outline-none focus-visible:ring-1 focus-visible:ring-ring disabled:pointer-events-none disabled:opacity-50 [&_svg]:pointer-events-none [&_svg]:size-4 [&_svg]:shrink-0 hover:bg-accent hover:text-accent-foreground h-8 rounded-md px-3 text-xs"[39m
    [33mtitle[39m=[32m"Refresh folders"[39m
    [33mtype[39m=[32m"button"[39m
  [36m/>[39m

  Name "code":
  [36m<button[39m
    [33mclass[39m=[32m"flex h-8 w-full items-center gap-2 rounded-sm px-2 text-left text-xs hover:bg-accent focus-visible:outline-none focus-visible:ring-1 focus-visible:ring-ring"[39m
    [33mtitle[39m=[32m"/home/dev/code"[39m
    [33mtype[39m=[32m"button"[39m
  [36m/>[39m

  Name "Documents":
  [36m<button[39m
    [33mclass[39m=[32m"flex h-8 w-full items-center gap-2 rounded-sm px-2 text-left text-xs hover:bg-accent focus-visible:outline-none focus-visible:ring-1 focus-visible:ring-ring"[39m
    [33mtitle[39m=[32m"/home/dev/Documents"[39m
    [33mtype[39m=[32m"button"[39m
  [36m/>[39m

  --------------------------------------------------
  switch:

  Name "Hidden folders":
  [36m<button[39m
    [33maria-checked[39m=[32m"false"[39m
    [33mclass[39m=[32m"peer inline-flex h-5 w-9 shrink-0 cursor-pointer items-center rounded-full border-2 border-transparent shadow-sm transition-colors focus-visible:outline-none focus-visible:ring-2 focus-visible:ring-ring focus-visible:ring-offset-2 focus-visible:ring-offset-background disabled:cursor-not-allowed disabled:opacity-50 data-[state=checked]:bg-primary data-[state=unchecked]:bg-input"[39m
    [33mdata-state[39m=[32m"unchecked"[39m
    [33mid[39m=[32m"remote-show-hidden"[39m
    [33mrole[39m=[32m"switch"[39m
    [33mtype[39m=[32m"button"[39m
    [33mvalue[39m=[32m"on"[39m
  [36m/>[39m

  --------------------------------------------------
  list:

  Name "":
  [36m<ul[39m
    [33mclass[39m=[32m"p-1"[39m
  [36m/>[39m

  --------------------------------------------------
  listitem:

  Name "":
  [36m<li />[39m

  Name "":
  [36m<li />[39m

  --------------------------------------------------

Ignored nodes: comments, script, style
[36m<body>[39m
  [36m<div>[39m
    [36m<fieldset[39m
      [33maria-label[39m=[32m"Remote folders"[39m
      [33mclass[39m=[32m"min-w-0 space-y-3"[39m
    [36m>[39m
      [36m<div[39m
        [33mclass[39m=[32m"space-y-1"[39m
      [36m>[39m
        [36m<label[39m
          [33mclass[39m=[32m"text-[11px] text-muted-foreground"[39m
          [33mfor[39m=[32m"remote-repo-path"[39m
        [36m>[39m
          [0mRemote folder[0m
        [36m</label>[39m
        [36m<div[39m
          [33mclass[39m=[32m"flex gap-2"[39m
        [36m>[39m
          [36m<input[39m
            [33maria-label[39m=[32m"Remote repository path"[39m
            [33mautocomplete[39m=[32m"off"[39m
            [33mclass[39m=[32m"flex w-full rounded-md border border-input bg-transparent px-3 py-1 shadow-sm transition-colors file:border-0 file:bg-transparent file:text-sm file:font-medium file:text-foreground placeholder:text-muted-foreground focus-visible:outline-none focus-visible:ring-1 focus-visible:ring-ring disabled:cursor-not-allowed disabled:opacity-50 md:text-sm h-8 min-w-0 font-mono text-xs"[39m
            [33mdata-testid[39m=[32m"remote-repo-path-input"[39m
            [33mid[39m=[32m"remote-repo-path"[39m
            [33mplaceholder[39m=[32m"~"[39m
            [33mspellcheck[39m=[32m"false"[39m
            [33mvalue[39m=[32m"/srv/ap"[39m
          [36m/>[39m
          [36m<button[39m
            [33mclass[39m=[32m"inline-flex items-center justify-center gap-2 whitespace-nowrap font-medium transition-colors focus-visible:outline-none focus-visible:ring-1 focus-visible:ring-ring disabled:pointer-events-none disabled:opacity-50 [&_svg]:pointer-events-none [&_svg]:size-4 [&_svg]:shrink-0 border border-input bg-background shadow-sm hover:bg-accent hover:text-accent-foreground h-8 rounded-md px-3 text-xs"[39m
            [33mtype[39m=[32m"button"[39m
          [36m>[39m
            [0mGo[0m
          [36m</button>[39m
        [36m</div>[39m
      [36m</div>[39m
      [36m<div[39m
        [33mclass[39m=[32m"flex flex-wrap items-center gap-2"[39m
      [36m>[39m
        [36m<button[39m
          [33maria-label[39m=[32m"Remote home"[39m
          [33mclass[39m=[32m"inline-flex items-center justify-center gap-2 whitespace-nowrap font-medium transition-colors focus-visible:outline-none focus-visible:ring-1 focus-visible:ring-ring disabled:pointer-events-none disabled:opacity-50 [&_svg]:pointer-events-none [&_svg]:size-4 [&_svg]:shrink-0 hover:bg-accent hover:text-accent-foreground h-8 rounded-md px-3 text-xs"[39m
          [33mtitle[39m=[32m"Remote home"[39m
          [33mtype[39m=[32m"button"[39m
        [36m>[39m
          [36m<svg[39m
            [33mclass[39m=[32m"lucide lucide-house size-3.5"[39m
            [33mfill[39m=[32m"none"[39m
            [33mheight[39m=[32m"24"[39m
            [33mstroke[39m=[32m"currentColor"[39m
            [33mstroke-linecap[39m=[32m"round"[39m
            [33mstroke-linejoin[39m=[32m"round"[39m
            [33mstroke-width[39m=[32m"2"[39m
            [33mviewBox[39m=[32m"0 0 24 24"[39m
            [33mwidth[39m=[32m"24"[39m
            [33mxmlns[39m=[32m"http://www.w3.org/2000/svg"[39m
          [36m>[39m
            [36m<path[39m
              [33md[39m=[32m"M15 21v-8a1 1 0 0 0-1-1h-4a1 1 0 0 0-1 1v8"[39m
            [36m/>[39m
            [36m<path[39m
              [33md[39m=[32m"M3 10a2 2 0 0 1 .709-1.528l7-5.999a2 2 0 0 1 2.582 0l7 5.999A2 2 0 0 1 21 10v9a2 2 0 0 1-2 2H5a2 2 0 0 1-2-2z"[39m
            [36m/>[39m
          [36m</svg>[39m
        [36m</button>[39m
        [36m<button[39m
          [33maria-label[39m=[32m"Parent folder"[39m
          [33mclass[39m=[32m"inline-flex items-center justify-center gap-2 whitespace-nowrap font-medium transition-colors focus-visible:outline-none focus-visible:ring-1 focus-visible:ring-ring disabled:pointer-events-none disabled:opacity-50 [&_svg]:pointer-events-none [&_svg]:size-4 [&_svg]:shrink-0 hover:bg-accent hover:text-accent-foreground h-8 rounded-md px-3 text-xs"[39m
          [33mtitle[39m=[32m"Parent folder"[39m
          [33mtype[39m=[32m"button"[39m
        [36m>[39m
          [36m<svg[39m
            [33mclass[39m=[32m"lucide lucide-arrow-up size-3.5"[39m
            [33mfill[39m=[32m"none"[39m
            [33mheight[39m=[32m"24"[39m
            [33mstroke[39m=[32m"currentColor"[39m
            [33mstroke-linecap[39m=[32m"round"[39m
            [33mstroke-linejoin[39m=[32m"round"[39m
            [33mstroke-width[39m=[32m"2"[39m
            [33mviewBox[39m=[32m"0 0 24 24"[39m
            [33mwidth[39m=[32m"24"[39m
            [33mxmlns[39m=[32m"http://www.w3.org/2000/svg"[39m
          [36m>[39m
            [36m<path[39m
              [33md[39m=[32m"m5 12 7-7 7 7"[39m
            [36m/>[39m
            [36m<path[39m
              [33md[39m=[32m"M12 19V5"[39m
            [36m/>[39m
          [36m</svg>[39m
        [36m</button>[39m
        [36m<button[39m
          [33maria-label[39m=[32m"Refresh folders"[39m
          [33mclass[39m=[32m"inline-flex items-center justify-center gap-2 whitespace-nowrap font-medium transition-colors focus-visible:outline-none focus-visible:ring-1 focus-visible:ring-ring disabled:pointer-events-none disabled:opacity-50 [&_svg]:pointer-events-none [&_svg]:size-4 [&_svg]:shrink-0 hover:bg-accent hover:text-accent-foreground h-8 rounded-md px-3 text-xs"[39m
          [33mtitle[39m=[32m"Refresh folders"[39m
          [33mtype[39m=[32m"button"[39m
        [36m>[39m
          [36m<svg[39m
            [33mclass[39m=[32m"lucide lucide-refresh-cw size-3.5"[39m
            [33mfill[39m=[32m"none"[39m
            [33mheight[39m=[32m"24"[39m
            [33mstroke[39m=[32m"currentColor"[39m
            [33mstroke-linecap[39m=[32m"round"[39m
            [33mstroke-linejoin[39m=[32m"round"[39m
            [33mstroke-width[39m=[32m"2"[39m
            [33mviewBox[39m=[32m"0 0 24 24"[39m
            [33mwidth[39m=[32m"24"[39m
            [33mxmlns[39m=[32m"http://www.w3.org/2000/svg"[39m
          [36m>[39m
            [36m<path[39m
              [33md[39m=[32m"M3 12a9 9 0 0 1 9-9 9.75 9.75 0 0 1 6.74 2.74L21 8"[39m
            [36m/>[39m
            [36m<path[39m
              [33md[39m=[32m"M21 3v5h-5"[39m
            [36m/>[39m
            [36m<path[39m
              [33md[39m=[32m"M21 12a9 9 0 0 1-9 9 9.75 9.75 0 0 1-6.74-2.74L3 16"[39m
            [36m/>[39m
            [36m<path[39m
              [33md[39m=[32m"M8 16H3v5"[39m
            [36m/>[39m
          [36m</svg>[39m
        [36m</button>[39m
        [36m<div[39m
          [33mclass[39m=[32m"ml-auto flex items-center gap-2"[39m
        [36m>[39m
          [36m<label[39m
            [33mclass[39m=[32m"text-[11px] text-muted-foreground"[39m
            [33mfor[39m=[32m"remote-show-hidden"[39m
          [36m>[39m
            [0mHidden folders[0m
          [36m</label>[39m
          [36m<button[39m
            [33maria-checked[39m=[32m"false"[39m
            [33mclass[39m=[32m"peer inline-flex h-5 w-9 shrink-0 cursor-pointer items-center rounded-full border-2 border-transparent shadow-sm transition-colors focus-visible:outline-none focus-visible:ring-2 focus-visible:ring-ring focus-visible:ring-offset-2 focus-visible:ring-offset-background disabled:cursor-not-allowed disabled:opacity-50 data-[state=checked]:bg-primary data-[state=unchecked]:bg-input"[39m
            [33mdata-state[39m=[32m"unchecked"[39m
            [33mid[39m=[32m"remote-show-hidden"[39m
            [33mrole[39m=[32m"switch"[39m
            [33mtype[39m=[32m"button"[39m
            [33mvalue[39m=[32m"on"[39m
          [36m>[39m
            [36m<span[39m
              [33mclass[39m=[32m"pointer-events-none block h-4 w-4 rounded-full bg-background shadow-lg ring-0 transition-transform data-[state=checked]:translate-x-4 data-[state=unchecked]:translate-x-0"[39m
              [33mdata-state[39m=[32m"unchecked"[39m
            [36m/>[39m
          [36m</button>[39m
        [36m</div>[39m
      [36m</div>[39m
      [36m<input[39m
        [33maria-label[39m=[32m"Filter folders"[39m
        [33mclass[39m=[32m"flex w-full rounded-md border border-input bg-transparent px-3 py-1 shadow-sm transition-colors file:border-0 file:bg-transparent file:text-sm file:font-medium file:text-foreground placeholder:text-muted-foreground focus-visible:outline-none focus-visible:ring-1 focus-visible:ring-ring disabled:cursor-not-allowed disabled:opacity-50 md:text-sm h-8 text-xs"[39m
        [33mplaceholder[39m=[32m"Filter folders"[39m
        [33mvalue[39m=[32m""[39m
      [36m/>[39m
      [36m<div[39m
        [33maria-busy[39m=[32m"false"[39m
        [33maria-label[39m=[32m"Folder contents"[39m
        [33mclass[39m=[32m"h-56 overflow-y-auto rounded-md border border-border bg-background"[39m
      [36m>[39m
        [36m<ul[39m
          [33mclass[39m=[32m"p-1"[39m
        [36m>[39m
          [36m<li>[39m
            [36m<button[39m
              [33mclass[39m=[32m"flex h-8 w-full items-center gap-2 rounded-sm px-2 text-left text-xs hover:bg-accent focus-visible:outline-none focus-visible:ring-1 focus-visible:ring-ring"[39m
              [33mtitle[39m=[32m"/home/dev/code"[39m
              [33mtype[39m=[32m"button"[39m
            [36m>[39m
              [36m<svg[39m
                [33mclass[39m=[32m"lucide lucide-folder size-3.5 shrink-0 text-muted-foreground"[39m
                [33mfill[39m=[32m"none"[39m
                [33mheight[39m=[32m"24"[39m
                [33mstroke[39m=[32m"currentColor"[39m
                [33mstroke-linecap[39m=[32m"round"[39m
                [33mstroke-linejoin[39m=[32m"round"[39m
                [33mstroke-width[39m=[32m"2"[39m
                [33mviewBox[39m=[32m"0 0 24 24"[39m
                [33mwidth[39m=[32m"24"[39m
                [33mxmlns[39m=[32m"http://www.w3.org/2000/svg"[39m
              [36m>[39m
                [36m<path[39m
                  [33md[39m=[32m"M20 20a2 2 0 0 0 2-2V8a2 2 0 0 0-2-2h-7.9a2 2 0 0 1-1.69-.9L9.6 3.9A2 2 0 0 0 7.93 3H4a2 2 0 0 0-2 2v13a2 2 0 0 0 2 2Z"[39m
                [36m/>[39m
              [36m</svg>[39m
              [36m<span[39m
                [33mclass[39m=[32m"truncate"[39m
              [36m>[39m
                [0mcode[0m
              [36m</span>[39m
            [36m</button>[39m
          [36m</li>[39m
          [36m<li>[39m
            [36m<button[39m
              [33mclass[39m=[32m"flex h-8 w-full items-center gap-2 rounded-sm px-2 text-left text-xs hover:bg-accent focus-visible:outline-none focus-visible:ring-1 focus-visible:ring-ring"[39m
              [33mtitle[39m=[32m"/home/dev/Documents"[39m
              [33mtype[39m=[32m"button"[39m
            [36m>[39m
              [36m<svg[39m
                [33mclass[39m=[32m"lucide lucide-folder size-3.5 shrink-0 text-muted-foreground"[39m
                [33mfill[39m=[32m"none"[39m
                [33mheight[39m=[32m"24"[39m
                [33mstroke[39m=[32m"currentColor"[39m
                [33mstroke-linecap[39m=[32m"round"[39m
                [33mstroke-linejoin[39m=[32m"round"[39m
                [33mstroke-width[39m=[32m"2"[39m
                [33mviewBox[39m=[32m"0 0 24 24"[39m
                [33mwidth[39m=[32m"24"[39m
                [33mxmlns[39m=[32m"http://www.w3.org/2000/svg"[39m
              [36m>[39m
                [36m<path[39m
                  [33md[39m=[32m"M20 20a2 2 0 0 0 2-2V8a2 2 0 0 0-2-2h-7.9a2 2 0 0 1-1.69-.9L9.6 3.9A2 2 0 0 0 7.93 3H4a2 2 0 0 0-2 2v13a2 2 0 0 0 2 2Z"[39m
                [36m/>[39m
              [36m</svg>[39m
              [36m<span[39m
                [33mclass[39m=[32m"truncate"[39m
              [36m>[39m
                [0mDocuments[0m
              [36m</span>[39m
            [36m</button>[39m
          [36m</li>[39m
        [36m</ul>[39m
      [36m</div>[39m
    [36m</fieldset>[39m
  [36m</div>[39m
[36m</body>[39m
 ❯ Object.getElementError node_modules/@testing-library/dom/dist/config.js:37:19
 ❯ node_modules/@testing-library/dom/dist/query-helpers.js:76:38
 ❯ node_modules/@testing-library/dom/dist/query-helpers.js:52:17
 ❯ node_modules/@testing-library/dom/dist/query-helpers.js:95:19
 ❯ src/components/RemoteDirectoryPicker.repro-red.test.tsx:95:19
     93|     await act(async () => { resolve?.(listing("/srv", ["app", "other"]…
     94|     expect(input).toHaveValue("/srv/ap");
     95|     expect(screen.getByRole("option", { name: "app" })).toBeInTheDocum…
       |                   ^
     96|     expect(screen.queryByRole("option", { name: "other" })).not.toBeIn…
     97|     expect(onSelect).toHaveBeenLastCalledWith(null);

⎯⎯⎯⎯⎯⎯⎯⎯⎯⎯⎯⎯⎯⎯⎯⎯⎯⎯⎯⎯⎯⎯⎯[8/11]⎯

 FAIL  src/components/RemoteDirectoryPicker.repro-red.test.tsx > remote path autocomplete > fills the actual home path when a failed initial connection is retried
TestingLibraryElementError: Unable to find an accessible element with the role "combobox"

Here are the accessible roles:

  group:

  Name "Remote folders":
  [36m<fieldset[39m
    [33maria-label[39m=[32m"Remote folders"[39m
    [33mclass[39m=[32m"min-w-0 space-y-3"[39m
  [36m/>[39m

  --------------------------------------------------
  textbox:

  Name "Remote repository path":
  [36m<input[39m
    [33maria-label[39m=[32m"Remote repository path"[39m
    [33mautocomplete[39m=[32m"off"[39m
    [33mclass[39m=[32m"flex w-full rounded-md border border-input bg-transparent px-3 py-1 shadow-sm transition-colors file:border-0 file:bg-transparent file:text-sm file:font-medium file:text-foreground placeholder:text-muted-foreground focus-visible:outline-none focus-visible:ring-1 focus-visible:ring-ring disabled:cursor-not-allowed disabled:opacity-50 md:text-sm h-8 min-w-0 font-mono text-xs"[39m
    [33mdata-testid[39m=[32m"remote-repo-path-input"[39m
    [33mid[39m=[32m"remote-repo-path"[39m
    [33mplaceholder[39m=[32m"~"[39m
    [33mspellcheck[39m=[32m"false"[39m
    [33mvalue[39m=[32m"C:\\Users\\dev"[39m
  [36m/>[39m

  Name "Filter folders":
  [36m<input[39m
    [33maria-label[39m=[32m"Filter folders"[39m
    [33mclass[39m=[32m"flex w-full rounded-md border border-input bg-transparent px-3 py-1 shadow-sm transition-colors file:border-0 file:bg-transparent file:text-sm file:font-medium file:text-foreground placeholder:text-muted-foreground focus-visible:outline-none focus-visible:ring-1 focus-visible:ring-ring disabled:cursor-not-allowed disabled:opacity-50 md:text-sm h-8 text-xs"[39m
    [33mplaceholder[39m=[32m"Filter folders"[39m
    [33mvalue[39m=[32m""[39m
  [36m/>[39m

  --------------------------------------------------
  button:

  Name "Go":
  [36m<button[39m
    [33mclass[39m=[32m"inline-flex items-center justify-center gap-2 whitespace-nowrap font-medium transition-colors focus-visible:outline-none focus-visible:ring-1 focus-visible:ring-ring disabled:pointer-events-none disabled:opacity-50 [&_svg]:pointer-events-none [&_svg]:size-4 [&_svg]:shrink-0 border border-input bg-background shadow-sm hover:bg-accent hover:text-accent-foreground h-8 rounded-md px-3 text-xs"[39m
    [33mtype[39m=[32m"button"[39m
  [36m/>[39m

  Name "Remote home":
  [36m<button[39m
    [33maria-label[39m=[32m"Remote home"[39m
    [33mclass[39m=[32m"inline-flex items-center justify-center gap-2 whitespace-nowrap font-medium transition-colors focus-visible:outline-none focus-visible:ring-1 focus-visible:ring-ring disabled:pointer-events-none disabled:opacity-50 [&_svg]:pointer-events-none [&_svg]:size-4 [&_svg]:shrink-0 hover:bg-accent hover:text-accent-foreground h-8 rounded-md px-3 text-xs"[39m
    [33mtitle[39m=[32m"Remote home"[39m
    [33mtype[39m=[32m"button"[39m
  [36m/>[39m

  Name "Parent folder":
  [36m<button[39m
    [33maria-label[39m=[32m"Parent folder"[39m
    [33mclass[39m=[32m"inline-flex items-center justify-center gap-2 whitespace-nowrap font-medium transition-colors focus-visible:outline-none focus-visible:ring-1 focus-visible:ring-ring disabled:pointer-events-none disabled:opacity-50 [&_svg]:pointer-events-none [&_svg]:size-4 [&_svg]:shrink-0 hover:bg-accent hover:text-accent-foreground h-8 rounded-md px-3 text-xs"[39m
    [33mtitle[39m=[32m"Parent folder"[39m
    [33mtype[39m=[32m"button"[39m
  [36m/>[39m

  Name "Refresh folders":
  [36m<button[39m
    [33maria-label[39m=[32m"Refresh folders"[39m
    [33mclass[39m=[32m"inline-flex items-center justify-center gap-2 whitespace-nowrap font-medium transition-colors focus-visible:outline-none focus-visible:ring-1 focus-visible:ring-ring disabled:pointer-events-none disabled:opacity-50 [&_svg]:pointer-events-none [&_svg]:size-4 [&_svg]:shrink-0 hover:bg-accent hover:text-accent-foreground h-8 rounded-md px-3 text-xs"[39m
    [33mtitle[39m=[32m"Refresh folders"[39m
    [33mtype[39m=[32m"button"[39m
  [36m/>[39m

  --------------------------------------------------
  switch:

  Name "Hidden folders":
  [36m<button[39m
    [33maria-checked[39m=[32m"false"[39m
    [33mclass[39m=[32m"peer inline-flex h-5 w-9 shrink-0 cursor-pointer items-center rounded-full border-2 border-transparent shadow-sm transition-colors focus-visible:outline-none focus-visible:ring-2 focus-visible:ring-ring focus-visible:ring-offset-2 focus-visible:ring-offset-background disabled:cursor-not-allowed disabled:opacity-50 data-[state=checked]:bg-primary data-[state=unchecked]:bg-input"[39m
    [33mdata-state[39m=[32m"unchecked"[39m
    [33mid[39m=[32m"remote-show-hidden"[39m
    [33mrole[39m=[32m"switch"[39m
    [33mtype[39m=[32m"button"[39m
    [33mvalue[39m=[32m"on"[39m
  [36m/>[39m

  --------------------------------------------------
  status:

  Name "":
  [36m<p[39m
    [33mclass[39m=[32m"p-6 text-center text-xs text-muted-foreground"[39m
    [33mrole[39m=[32m"status"[39m
  [36m/>[39m

  --------------------------------------------------

Ignored nodes: comments, script, style
[36m<body>[39m
  [36m<div>[39m
    [36m<fieldset[39m
      [33maria-label[39m=[32m"Remote folders"[39m
      [33mclass[39m=[32m"min-w-0 space-y-3"[39m
    [36m>[39m
      [36m<div[39m
        [33mclass[39m=[32m"space-y-1"[39m
      [36m>[39m
        [36m<label[39m
          [33mclass[39m=[32m"text-[11px] text-muted-foreground"[39m
          [33mfor[39m=[32m"remote-repo-path"[39m
        [36m>[39m
          [0mRemote folder[0m
        [36m</label>[39m
        [36m<div[39m
          [33mclass[39m=[32m"flex gap-2"[39m
        [36m>[39m
          [36m<input[39m
            [33maria-label[39m=[32m"Remote repository path"[39m
            [33mautocomplete[39m=[32m"off"[39m
            [33mclass[39m=[32m"flex w-full rounded-md border border-input bg-transparent px-3 py-1 shadow-sm transition-colors file:border-0 file:bg-transparent file:text-sm file:font-medium file:text-foreground placeholder:text-muted-foreground focus-visible:outline-none focus-visible:ring-1 focus-visible:ring-ring disabled:cursor-not-allowed disabled:opacity-50 md:text-sm h-8 min-w-0 font-mono text-xs"[39m
            [33mdata-testid[39m=[32m"remote-repo-path-input"[39m
            [33mid[39m=[32m"remote-repo-path"[39m
            [33mplaceholder[39m=[32m"~"[39m
            [33mspellcheck[39m=[32m"false"[39m
            [33mvalue[39m=[32m"C:\\Users\\dev"[39m
          [36m/>[39m
          [36m<button[39m
            [33mclass[39m=[32m"inline-flex items-center justify-center gap-2 whitespace-nowrap font-medium transition-colors focus-visible:outline-none focus-visible:ring-1 focus-visible:ring-ring disabled:pointer-events-none disabled:opacity-50 [&_svg]:pointer-events-none [&_svg]:size-4 [&_svg]:shrink-0 border border-input bg-background shadow-sm hover:bg-accent hover:text-accent-foreground h-8 rounded-md px-3 text-xs"[39m
            [33mtype[39m=[32m"button"[39m
          [36m>[39m
            [0mGo[0m
          [36m</button>[39m
        [36m</div>[39m
      [36m</div>[39m
      [36m<div[39m
        [33mclass[39m=[32m"flex flex-wrap items-center gap-2"[39m
      [36m>[39m
        [36m<button[39m
          [33maria-label[39m=[32m"Remote home"[39m
          [33mclass[39m=[32m"inline-flex items-center justify-center gap-2 whitespace-nowrap font-medium transition-colors focus-visible:outline-none focus-visible:ring-1 focus-visible:ring-ring disabled:pointer-events-none disabled:opacity-50 [&_svg]:pointer-events-none [&_svg]:size-4 [&_svg]:shrink-0 hover:bg-accent hover:text-accent-foreground h-8 rounded-md px-3 text-xs"[39m
          [33mtitle[39m=[32m"Remote home"[39m
          [33mtype[39m=[32m"button"[39m
        [36m>[39m
          [36m<svg[39m
            [33mclass[39m=[32m"lucide lucide-house size-3.5"[39m
            [33mfill[39m=[32m"none"[39m
            [33mheight[39m=[32m"24"[39m
            [33mstroke[39m=[32m"currentColor"[39m
            [33mstroke-linecap[39m=[32m"round"[39m
            [33mstroke-linejoin[39m=[32m"round"[39m
            [33mstroke-width[39m=[32m"2"[39m
            [33mviewBox[39m=[32m"0 0 24 24"[39m
            [33mwidth[39m=[32m"24"[39m
            [33mxmlns[39m=[32m"http://www.w3.org/2000/svg"[39m
          [36m>[39m
            [36m<path[39m
              [33md[39m=[32m"M15 21v-8a1 1 0 0 0-1-1h-4a1 1 0 0 0-1 1v8"[39m
            [36m/>[39m
            [36m<path[39m
              [33md[39m=[32m"M3 10a2 2 0 0 1 .709-1.528l7-5.999a2 2 0 0 1 2.582 0l7 5.999A2 2 0 0 1 21 10v9a2 2 0 0 1-2 2H5a2 2 0 0 1-2-2z"[39m
            [36m/>[39m
          [36m</svg>[39m
        [36m</button>[39m
        [36m<button[39m
          [33maria-label[39m=[32m"Parent folder"[39m
          [33mclass[39m=[32m"inline-flex items-center justify-center gap-2 whitespace-nowrap font-medium transition-colors focus-visible:outline-none focus-visible:ring-1 focus-visible:ring-ring disabled:pointer-events-none disabled:opacity-50 [&_svg]:pointer-events-none [&_svg]:size-4 [&_svg]:shrink-0 hover:bg-accent hover:text-accent-foreground h-8 rounded-md px-3 text-xs"[39m
          [33mtitle[39m=[32m"Parent folder"[39m
          [33mtype[39m=[32m"button"[39m
        [36m>[39m
          [36m<svg[39m
            [33mclass[39m=[32m"lucide lucide-arrow-up size-3.5"[39m
            [33mfill[39m=[32m"none"[39m
            [33mheight[39m=[32m"24"[39m
            [33mstroke[39m=[32m"currentColor"[39m
            [33mstroke-linecap[39m=[32m"round"[39m
            [33mstroke-linejoin[39m=[32m"round"[39m
            [33mstroke-width[39m=[32m"2"[39m
            [33mviewBox[39m=[32m"0 0 24 24"[39m
            [33mwidth[39m=[32m"24"[39m
            [33mxmlns[39m=[32m"http://www.w3.org/2000/svg"[39m
          [36m>[39m
            [36m<path[39m
              [33md[39m=[32m"m5 12 7-7 7 7"[39m
            [36m/>[39m
            [36m<path[39m
              [33md[39m=[32m"M12 19V5"[39m
            [36m/>[39m
          [36m</svg>[39m
        [36m</button>[39m
        [36m<button[39m
          [33maria-label[39m=[32m"Refresh folders"[39m
          [33mclass[39m=[32m"inline-flex items-center justify-center gap-2 whitespace-nowrap font-medium transition-colors focus-visible:outline-none focus-visible:ring-1 focus-visible:ring-ring disabled:pointer-events-none disabled:opacity-50 [&_svg]:pointer-events-none [&_svg]:size-4 [&_svg]:shrink-0 hover:bg-accent hover:text-accent-foreground h-8 rounded-md px-3 text-xs"[39m
          [33mtitle[39m=[32m"Refresh folders"[39m
          [33mtype[39m=[32m"button"[39m
        [36m>[39m
          [36m<svg[39m
            [33mclass[39m=[32m"lucide lucide-refresh-cw size-3.5"[39m
            [33mfill[39m=[32m"none"[39m
            [33mheight[39m=[32m"24"[39m
            [33mstroke[39m=[32m"currentColor"[39m
            [33mstroke-linecap[39m=[32m"round"[39m
            [33mstroke-linejoin[39m=[32m"round"[39m
            [33mstroke-width[39m=[32m"2"[39m
            [33mviewBox[39m=[32m"0 0 24 24"[39m
            [33mwidth[39m=[32m"24"[39m
            [33mxmlns[39m=[32m"http://www.w3.org/2000/svg"[39m
          [36m>[39m
            [36m<path[39m
              [33md[39m=[32m"M3 12a9 9 0 0 1 9-9 9.75 9.75 0 0 1 6.74 2.74L21 8"[39m
            [36m/>[39m
            [36m<path[39m
              [33md[39m=[32m"M21 3v5h-5"[39m
            [36m/>[39m
            [36m<path[39m
              [33md[39m=[32m"M21 12a9 9 0 0 1-9 9 9.75 9.75 0 0 1-6.74-2.74L3 16"[39m
            [36m/>[39m
            [36m<path[39m
              [33md[39m=[32m"M8 16H3v5"[39m
            [36m/>[39m
          [36m</svg>[39m
        [36m</button>[39m
        [36m<div[39m
          [33mclass[39m=[32m"ml-auto flex items-center gap-2"[39m
        [36m>[39m
          [36m<label[39m
            [33mclass[39m=[32m"text-[11px] text-muted-foreground"[39m
            [33mfor[39m=[32m"remote-show-hidden"[39m
          [36m>[39m
            [0mHidden folders[0m
          [36m</label>[39m
          [36m<button[39m
            [33maria-checked[39m=[32m"false"[39m
            [33mclass[39m=[32m"peer inline-flex h-5 w-9 shrink-0 cursor-pointer items-center rounded-full border-2 border-transparent shadow-sm transition-colors focus-visible:outline-none focus-visible:ring-2 focus-visible:ring-ring focus-visible:ring-offset-2 focus-visible:ring-offset-background disabled:cursor-not-allowed disabled:opacity-50 data-[state=checked]:bg-primary data-[state=unchecked]:bg-input"[39m
            [33mdata-state[39m=[32m"unchecked"[39m
            [33mid[39m=[32m"remote-show-hidden"[39m
            [33mrole[39m=[32m"switch"[39m
            [33mtype[39m=[32m"button"[39m
            [33mvalue[39m=[32m"on"[39m
          [36m>[39m
            [36m<span[39m
              [33mclass[39m=[32m"pointer-events-none block h-4 w-4 rounded-full bg-background shadow-lg ring-0 transition-transform data-[state=checked]:translate-x-4 data-[state=unchecked]:translate-x-0"[39m
              [33mdata-state[39m=[32m"unchecked"[39m
            [36m/>[39m
          [36m</button>[39m
        [36m</div>[39m
      [36m</div>[39m
      [36m<input[39m
        [33maria-label[39m=[32m"Filter folders"[39m
        [33mclass[39m=[32m"flex w-full rounded-md border border-input bg-transparent px-3 py-1 shadow-sm transition-colors file:border-0 file:bg-transparent file:text-sm file:font-medium file:text-foreground placeholder:text-muted-foreground focus-visible:outline-none focus-visible:ring-1 focus-visible:ring-ring disabled:cursor-not-allowed disabled:opacity-50 md:text-sm h-8 text-xs"[39m
        [33mplaceholder[39m=[32m"Filter folders"[39m
        [33mvalue[39m=[32m""[39m
      [36m/>[39m
      [36m<div[39m
        [33maria-busy[39m=[32m"false"[39m
        [33maria-label[39m=[32m"Folder contents"[39m
        [33mclass[39m=[32m"h-56 overflow-y-auto rounded-md border border-border bg-background"[39m
      [36m>[39m
        [36m<p[39m
          [33mclass[39m=[32m"p-6 text-center text-xs text-muted-foreground"[39m
          [33mrole[39m=[32m"status"[39m
        [36m>[39m
          [0mNo visible subfolders.[0m
        [36m</p>[39m
      [36m</div>[39m
    [36m</fieldset>[39m
  [36m</div>[39m
[36m</body>[39m
 ❯ Object.getElementError node_modules/@testing-library/dom/dist/config.js:37:19
 ❯ node_modules/@testing-library/dom/dist/query-helpers.js:76:38
 ❯ node_modules/@testing-library/dom/dist/query-helpers.js:52:17
 ❯ node_modules/@testing-library/dom/dist/query-helpers.js:95:19
 ❯ src/components/RemoteDirectoryPicker.repro-red.test.tsx:117:19
    115|     remote.listRemoteDirectories.mockResolvedValue(listing("C:\\Users\…
    116|     await act(async () => { fireEvent.click(screen.getByRole("button",…
    117|     expect(screen.getByRole("combobox")).toHaveValue("C:\\Users\\dev");
       |                   ^
    118|     expect(onSelect).toHaveBeenLastCalledWith("C:\\Users\\dev");
    119|   });

⎯⎯⎯⎯⎯⎯⎯⎯⎯⎯⎯⎯⎯⎯⎯⎯⎯⎯⎯⎯⎯⎯⎯[9/11]⎯

 FAIL  src/components/RemoteDirectoryPicker.repro-red.test.tsx > remote path autocomplete > does not offer stale candidates or refresh a selected folder for an empty input
Error: [2mexpect([22m[31melement[39m[2m).toBeDisabled()[22m

Received element is not disabled:
  [31m<button
  aria-label="Refresh folders"
  class="inline-flex items-center justify-center gap-2 whitespace-nowrap font-medium transition-colors focus-visible:outline-none focus-visible:ring-1 focus-visible:ring-ring disabled:pointer-events-none disabled:opacity-50 [&_svg]:pointer-events-none [&_svg]:size-4 [&_svg]:shrink-0 hover:bg-accent hover:text-accent-foreground h-8 rounded-md px-3 text-xs"
  title="Refresh folders"
  type="button"
/>[39m
 ❯ src/components/RemoteDirectoryPicker.repro-red.test.tsx:126:69
    124|     fireEvent.click(input);
    125|     expect(screen.queryByRole("option")).not.toBeInTheDocument();
    126|     expect(screen.getByRole("button", { name: "Refresh folders" })).to…
       |                                                                     ^
    127|     expect(onSelect).toHaveBeenLastCalledWith(null);
    128|   });

⎯⎯⎯⎯⎯⎯⎯⎯⎯⎯⎯⎯⎯⎯⎯⎯⎯⎯⎯⎯⎯⎯[10/11]⎯

 FAIL  src/components/RemoteDirectoryPicker.repro-red.test.tsx > remote path autocomplete > does not navigate by clicking an option while registration disables the picker
TestingLibraryElementError: Unable to find an accessible element with the role "option" and name "code"

Here are the accessible roles:

  group:

  Name "Remote folders":
  [36m<fieldset[39m
    [33maria-label[39m=[32m"Remote folders"[39m
    [33mclass[39m=[32m"min-w-0 space-y-3"[39m
    [33mdisabled[39m=[32m""[39m
  [36m/>[39m

  --------------------------------------------------
  textbox:

  Name "Remote repository path":
  [36m<input[39m
    [33maria-label[39m=[32m"Remote repository path"[39m
    [33mautocomplete[39m=[32m"off"[39m
    [33mclass[39m=[32m"flex w-full rounded-md border border-input bg-transparent px-3 py-1 shadow-sm transition-colors file:border-0 file:bg-transparent file:text-sm file:font-medium file:text-foreground placeholder:text-muted-foreground focus-visible:outline-none focus-visible:ring-1 focus-visible:ring-ring disabled:cursor-not-allowed disabled:opacity-50 md:text-sm h-8 min-w-0 font-mono text-xs"[39m
    [33mdata-testid[39m=[32m"remote-repo-path-input"[39m
    [33mid[39m=[32m"remote-repo-path"[39m
    [33mplaceholder[39m=[32m"~"[39m
    [33mspellcheck[39m=[32m"false"[39m
    [33mvalue[39m=[32m"/home/dev"[39m
  [36m/>[39m

  Name "Filter folders":
  [36m<input[39m
    [33maria-label[39m=[32m"Filter folders"[39m
    [33mclass[39m=[32m"flex w-full rounded-md border border-input bg-transparent px-3 py-1 shadow-sm transition-colors file:border-0 file:bg-transparent file:text-sm file:font-medium file:text-foreground placeholder:text-muted-foreground focus-visible:outline-none focus-visible:ring-1 focus-visible:ring-ring disabled:cursor-not-allowed disabled:opacity-50 md:text-sm h-8 text-xs"[39m
    [33mplaceholder[39m=[32m"Filter folders"[39m
    [33mvalue[39m=[32m""[39m
  [36m/>[39m

  --------------------------------------------------
  button:

  Name "Go":
  [36m<button[39m
    [33mclass[39m=[32m"inline-flex items-center justify-center gap-2 whitespace-nowrap font-medium transition-colors focus-visible:outline-none focus-visible:ring-1 focus-visible:ring-ring disabled:pointer-events-none disabled:opacity-50 [&_svg]:pointer-events-none [&_svg]:size-4 [&_svg]:shrink-0 border border-input bg-background shadow-sm hover:bg-accent hover:text-accent-foreground h-8 rounded-md px-3 text-xs"[39m
    [33mtype[39m=[32m"button"[39m
  [36m/>[39m

  Name "Remote home":
  [36m<button[39m
    [33maria-label[39m=[32m"Remote home"[39m
    [33mclass[39m=[32m"inline-flex items-center justify-center gap-2 whitespace-nowrap font-medium transition-colors focus-visible:outline-none focus-visible:ring-1 focus-visible:ring-ring disabled:pointer-events-none disabled:opacity-50 [&_svg]:pointer-events-none [&_svg]:size-4 [&_svg]:shrink-0 hover:bg-accent hover:text-accent-foreground h-8 rounded-md px-3 text-xs"[39m
    [33mtitle[39m=[32m"Remote home"[39m
    [33mtype[39m=[32m"button"[39m
  [36m/>[39m

  Name "Parent folder":
  [36m<button[39m
    [33maria-label[39m=[32m"Parent folder"[39m
    [33mclass[39m=[32m"inline-flex items-center justify-center gap-2 whitespace-nowrap font-medium transition-colors focus-visible:outline-none focus-visible:ring-1 focus-visible:ring-ring disabled:pointer-events-none disabled:opacity-50 [&_svg]:pointer-events-none [&_svg]:size-4 [&_svg]:shrink-0 hover:bg-accent hover:text-accent-foreground h-8 rounded-md px-3 text-xs"[39m
    [33mtitle[39m=[32m"Parent folder"[39m
    [33mtype[39m=[32m"button"[39m
  [36m/>[39m

  Name "Refresh folders":
  [36m<button[39m
    [33maria-label[39m=[32m"Refresh folders"[39m
    [33mclass[39m=[32m"inline-flex items-center justify-center gap-2 whitespace-nowrap font-medium transition-colors focus-visible:outline-none focus-visible:ring-1 focus-visible:ring-ring disabled:pointer-events-none disabled:opacity-50 [&_svg]:pointer-events-none [&_svg]:size-4 [&_svg]:shrink-0 hover:bg-accent hover:text-accent-foreground h-8 rounded-md px-3 text-xs"[39m
    [33mtitle[39m=[32m"Refresh folders"[39m
    [33mtype[39m=[32m"button"[39m
  [36m/>[39m

  Name "code":
  [36m<button[39m
    [33mclass[39m=[32m"flex h-8 w-full items-center gap-2 rounded-sm px-2 text-left text-xs hover:bg-accent focus-visible:outline-none focus-visible:ring-1 focus-visible:ring-ring"[39m
    [33mtitle[39m=[32m"/home/dev/code"[39m
    [33mtype[39m=[32m"button"[39m
  [36m/>[39m

  --------------------------------------------------
  switch:

  Name "Hidden folders":
  [36m<button[39m
    [33maria-checked[39m=[32m"false"[39m
    [33mclass[39m=[32m"peer inline-flex h-5 w-9 shrink-0 cursor-pointer items-center rounded-full border-2 border-transparent shadow-sm transition-colors focus-visible:outline-none focus-visible:ring-2 focus-visible:ring-ring focus-visible:ring-offset-2 focus-visible:ring-offset-background disabled:cursor-not-allowed disabled:opacity-50 data-[state=checked]:bg-primary data-[state=unchecked]:bg-input"[39m
    [33mdata-state[39m=[32m"unchecked"[39m
    [33mid[39m=[32m"remote-show-hidden"[39m
    [33mrole[39m=[32m"switch"[39m
    [33mtype[39m=[32m"button"[39m
    [33mvalue[39m=[32m"on"[39m
  [36m/>[39m

  --------------------------------------------------
  list:

  Name "":
  [36m<ul[39m
    [33mclass[39m=[32m"p-1"[39m
  [36m/>[39m

  --------------------------------------------------
  listitem:

  Name "":
  [36m<li />[39m

  --------------------------------------------------

Ignored nodes: comments, script, style
[36m<body>[39m
  [36m<div>[39m
    [36m<fieldset[39m
      [33maria-label[39m=[32m"Remote folders"[39m
      [33mclass[39m=[32m"min-w-0 space-y-3"[39m
      [33mdisabled[39m=[32m""[39m
    [36m>[39m
      [36m<div[39m
        [33mclass[39m=[32m"space-y-1"[39m
      [36m>[39m
        [36m<label[39m
          [33mclass[39m=[32m"text-[11px] text-muted-foreground"[39m
          [33mfor[39m=[32m"remote-repo-path"[39m
        [36m>[39m
          [0mRemote folder[0m
        [36m</label>[39m
        [36m<div[39m
          [33mclass[39m=[32m"flex gap-2"[39m
        [36m>[39m
          [36m<input[39m
            [33maria-label[39m=[32m"Remote repository path"[39m
            [33mautocomplete[39m=[32m"off"[39m
            [33mclass[39m=[32m"flex w-full rounded-md border border-input bg-transparent px-3 py-1 shadow-sm transition-colors file:border-0 file:bg-transparent file:text-sm file:font-medium file:text-foreground placeholder:text-muted-foreground focus-visible:outline-none focus-visible:ring-1 focus-visible:ring-ring disabled:cursor-not-allowed disabled:opacity-50 md:text-sm h-8 min-w-0 font-mono text-xs"[39m
            [33mdata-testid[39m=[32m"remote-repo-path-input"[39m
            [33mid[39m=[32m"remote-repo-path"[39m
            [33mplaceholder[39m=[32m"~"[39m
            [33mspellcheck[39m=[32m"false"[39m
            [33mvalue[39m=[32m"/home/dev"[39m
          [36m/>[39m
          [36m<button[39m
            [33mclass[39m=[32m"inline-flex items-center justify-center gap-2 whitespace-nowrap font-medium transition-colors focus-visible:outline-none focus-visible:ring-1 focus-visible:ring-ring disabled:pointer-events-none disabled:opacity-50 [&_svg]:pointer-events-none [&_svg]:size-4 [&_svg]:shrink-0 border border-input bg-background shadow-sm hover:bg-accent hover:text-accent-foreground h-8 rounded-md px-3 text-xs"[39m
            [33mtype[39m=[32m"button"[39m
          [36m>[39m
            [0mGo[0m
          [36m</button>[39m
        [36m</div>[39m
      [36m</div>[39m
      [36m<div[39m
        [33mclass[39m=[32m"flex flex-wrap items-center gap-2"[39m
      [36m>[39m
        [36m<button[39m
          [33maria-label[39m=[32m"Remote home"[39m
          [33mclass[39m=[32m"inline-flex items-center justify-center gap-2 whitespace-nowrap font-medium transition-colors focus-visible:outline-none focus-visible:ring-1 focus-visible:ring-ring disabled:pointer-events-none disabled:opacity-50 [&_svg]:pointer-events-none [&_svg]:size-4 [&_svg]:shrink-0 hover:bg-accent hover:text-accent-foreground h-8 rounded-md px-3 text-xs"[39m
          [33mtitle[39m=[32m"Remote home"[39m
          [33mtype[39m=[32m"button"[39m
        [36m>[39m
          [36m<svg[39m
            [33mclass[39m=[32m"lucide lucide-house size-3.5"[39m
            [33mfill[39m=[32m"none"[39m
            [33mheight[39m=[32m"24"[39m
            [33mstroke[39m=[32m"currentColor"[39m
            [33mstroke-linecap[39m=[32m"round"[39m
            [33mstroke-linejoin[39m=[32m"round"[39m
            [33mstroke-width[39m=[32m"2"[39m
            [33mviewBox[39m=[32m"0 0 24 24"[39m
            [33mwidth[39m=[32m"24"[39m
            [33mxmlns[39m=[32m"http://www.w3.org/2000/svg"[39m
          [36m>[39m
            [36m<path[39m
              [33md[39m=[32m"M15 21v-8a1 1 0 0 0-1-1h-4a1 1 0 0 0-1 1v8"[39m
            [36m/>[39m
            [36m<path[39m
              [33md[39m=[32m"M3 10a2 2 0 0 1 .709-1.528l7-5.999a2 2 0 0 1 2.582 0l7 5.999A2 2 0 0 1 21 10v9a2 2 0 0 1-2 2H5a2 2 0 0 1-2-2z"[39m
            [36m/>[39m
          [36m</svg>[39m
        [36m</button>[39m
        [36m<button[39m
          [33maria-label[39m=[32m"Parent folder"[39m
          [33mclass[39m=[32m"inline-flex items-center justify-center gap-2 whitespace-nowrap font-medium transition-colors focus-visible:outline-none focus-visible:ring-1 focus-visible:ring-ring disabled:pointer-events-none disabled:opacity-50 [&_svg]:pointer-events-none [&_svg]:size-4 [&_svg]:shrink-0 hover:bg-accent hover:text-accent-foreground h-8 rounded-md px-3 text-xs"[39m
          [33mtitle[39m=[32m"Parent folder"[39m
          [33mtype[39m=[32m"button"[39m
        [36m>[39m
          [36m<svg[39m
            [33mclass[39m=[32m"lucide lucide-arrow-up size-3.5"[39m
            [33mfill[39m=[32m"none"[39m
            [33mheight[39m=[32m"24"[39m
            [33mstroke[39m=[32m"currentColor"[39m
            [33mstroke-linecap[39m=[32m"round"[39m
            [33mstroke-linejoin[39m=[32m"round"[39m
            [33mstroke-width[39m=[32m"2"[39m
            [33mviewBox[39m=[32m"0 0 24 24"[39m
            [33mwidth[39m=[32m"24"[39m
            [33mxmlns[39m=[32m"http://www.w3.org/2000/svg"[39m
          [36m>[39m
            [36m<path[39m
              [33md[39m=[32m"m5 12 7-7 7 7"[39m
            [36m/>[39m
            [36m<path[39m
              [33md[39m=[32m"M12 19V5"[39m
            [36m/>[39m
          [36m</svg>[39m
        [36m</button>[39m
        [36m<button[39m
          [33maria-label[39m=[32m"Refresh folders"[39m
          [33mclass[39m=[32m"inline-flex items-center justify-center gap-2 whitespace-nowrap font-medium transition-colors focus-visible:outline-none focus-visible:ring-1 focus-visible:ring-ring disabled:pointer-events-none disabled:opacity-50 [&_svg]:pointer-events-none [&_svg]:size-4 [&_svg]:shrink-0 hover:bg-accent hover:text-accent-foreground h-8 rounded-md px-3 text-xs"[39m
          [33mtitle[39m=[32m"Refresh folders"[39m
          [33mtype[39m=[32m"button"[39m
        [36m>[39m
          [36m<svg[39m
            [33mclass[39m=[32m"lucide lucide-refresh-cw size-3.5"[39m
            [33mfill[39m=[32m"none"[39m
            [33mheight[39m=[32m"24"[39m
            [33mstroke[39m=[32m"currentColor"[39m
            [33mstroke-linecap[39m=[32m"round"[39m
            [33mstroke-linejoin[39m=[32m"round"[39m
            [33mstroke-width[39m=[32m"2"[39m
            [33mviewBox[39m=[32m"0 0 24 24"[39m
            [33mwidth[39m=[32m"24"[39m
            [33mxmlns[39m=[32m"http://www.w3.org/2000/svg"[39m
          [36m>[39m
            [36m<path[39m
              [33md[39m=[32m"M3 12a9 9 0 0 1 9-9 9.75 9.75 0 0 1 6.74 2.74L21 8"[39m
            [36m/>[39m
            [36m<path[39m
              [33md[39m=[32m"M21 3v5h-5"[39m
            [36m/>[39m
            [36m<path[39m
              [33md[39m=[32m"M21 12a9 9 0 0 1-9 9 9.75 9.75 0 0 1-6.74-2.74L3 16"[39m
            [36m/>[39m
            [36m<path[39m
              [33md[39m=[32m"M8 16H3v5"[39m
            [36m/>[39m
          [36m</svg>[39m
        [36m</button>[39m
        [36m<div[39m
          [33mclass[39m=[32m"ml-auto flex items-center gap-2"[39m
        [36m>[39m
          [36m<label[39m
            [33mclass[39m=[32m"text-[11px] text-muted-foreground"[39m
            [33mfor[39m=[32m"remote-show-hidden"[39m
          [36m>[39m
            [0mHidden folders[0m
          [36m</label>[39m
          [36m<button[39m
            [33maria-checked[39m=[32m"false"[39m
            [33mclass[39m=[32m"peer inline-flex h-5 w-9 shrink-0 cursor-pointer items-center rounded-full border-2 border-transparent shadow-sm transition-colors focus-visible:outline-none focus-visible:ring-2 focus-visible:ring-ring focus-visible:ring-offset-2 focus-visible:ring-offset-background disabled:cursor-not-allowed disabled:opacity-50 data-[state=checked]:bg-primary data-[state=unchecked]:bg-input"[39m
            [33mdata-state[39m=[32m"unchecked"[39m
            [33mid[39m=[32m"remote-show-hidden"[39m
            [33mrole[39m=[32m"switch"[39m
            [33mtype[39m=[32m"button"[39m
            [33mvalue[39m=[32m"on"[39m
          [36m>[39m
            [36m<span[39m
              [33mclass[39m=[32m"pointer-events-none block h-4 w-4 rounded-full bg-background shadow-lg ring-0 transition-transform data-[state=checked]:translate-x-4 data-[state=unchecked]:translate-x-0"[39m
              [33mdata-state[39m=[32m"unchecked"[39m
            [36m/>[39m
          [36m</button>[39m
        [36m</div>[39m
      [36m</div>[39m
      [36m<input[39m
        [33maria-label[39m=[32m"Filter folders"[39m
        [33mclass[39m=[32m"flex w-full rounded-md border border-input bg-transparent px-3 py-1 shadow-sm transition-colors file:border-0 file:bg-transparent file:text-sm file:font-medium file:text-foreground placeholder:text-muted-foreground focus-visible:outline-none focus-visible:ring-1 focus-visible:ring-ring disabled:cursor-not-allowed disabled:opacity-50 md:text-sm h-8 text-xs"[39m
        [33mplaceholder[39m=[32m"Filter folders"[39m
        [33mvalue[39m=[32m""[39m
      [36m/>[39m
      [36m<div[39m
        [33maria-busy[39m=[32m"false"[39m
        [33maria-label[39m=[32m"Folder contents"[39m
        [33mclass[39m=[32m"h-56 overflow-y-auto rounded-md border border-border bg-background"[39m
      [36m>[39m
        [36m<ul[39m
          [33mclass[39m=[32m"p-1"[39m
        [36m>[39m
          [36m<li>[39m
            [36m<button[39m
              [33mclass[39m=[32m"flex h-8 w-full items-center gap-2 rounded-sm px-2 text-left text-xs hover:bg-accent focus-visible:outline-none focus-visible:ring-1 focus-visible:ring-ring"[39m
              [33mtitle[39m=[32m"/home/dev/code"[39m
              [33mtype[39m=[32m"button"[39m
            [36m>[39m
              [36m<svg[39m
                [33mclass[39m=[32m"lucide lucide-folder size-3.5 shrink-0 text-muted-foreground"[39m
                [33mfill[39m=[32m"none"[39m
                [33mheight[39m=[32m"24"[39m
                [33mstroke[39m=[32m"currentColor"[39m
                [33mstroke-linecap[39m=[32m"round"[39m
                [33mstroke-linejoin[39m=[32m"round"[39m
                [33mstroke-width[39m=[32m"2"[39m
                [33mviewBox[39m=[32m"0 0 24 24"[39m
                [33mwidth[39m=[32m"24"[39m
                [33mxmlns[39m=[32m"http://www.w3.org/2000/svg"[39m
              [36m>[39m
                [36m<path[39m
                  [33md[39m=[32m"M20 20a2 2 0 0 0 2-2V8a2 2 0 0 0-2-2h-7.9a2 2 0 0 1-1.69-.9L9.6 3.9A2 2 0 0 0 7.93 3H4a2 2 0 0 0-2 2v13a2 2 0 0 0 2 2Z"[39m
                [36m/>[39m
              [36m</svg>[39m
              [36m<span[39m
                [33mclass[39m=[32m"truncate"[39m
              [36m>[39m
                [0mcode[0m
              [36m</span>[39m
            [36m</button>[39m
          [36m</li>[39m
        [36m</ul>[39m
      [36m</div>[39m
    [36m</fieldset>[39m
  [36m</div>[39m
[36m</body>[39m
 ❯ Object.getElementError node_modules/@testing-library/dom/dist/config.js:37:19
 ❯ node_modules/@testing-library/dom/dist/query-helpers.js:76:38
 ❯ node_modules/@testing-library/dom/dist/query-helpers.js:52:17
 ❯ node_modules/@testing-library/dom/dist/query-helpers.js:95:19
 ❯ src/components/RemoteDirectoryPicker.repro-red.test.tsx:137:28
    135|     await act(async () => { await Promise.resolve(); });
    136|     rendered.rerender(<RemoteDirectoryPicker {...props} disabled />);
    137|     fireEvent.click(screen.getByRole("option", { name: "code" }));
       |                            ^
    138|     expect(remote.listRemoteDirectories).toHaveBeenCalledTimes(1);
    139|     expect(onSelect).toHaveBeenLastCalledWith("/home/dev");

⎯⎯⎯⎯⎯⎯⎯⎯⎯⎯⎯⎯⎯⎯⎯⎯⎯⎯⎯⎯⎯⎯[11/11]⎯


 Test Files  1 failed (1)
      Tests  11 failed | 1 passed (12)
   Start at  00:49:40
   Duration  1.17s (transform 74ms, setup 118ms, collect 296ms, tests 285ms, environment 266ms, prepare 32ms)

error: script "test" exited with code 1
