$ vitest run --maxWorkers=1

 RUN  v3.2.7 /Users/I552267/ferryx-pane-completion/source-5464da0d/ui

stderr | src/components/NativeTerminalPane.test.tsx > NativeTerminalPane bounded wheel normalization > normalizes 'zero' through mounted onWheel
Native terminal IPC command failed {
  command: [32m'cmd_native_terminal_attach'[39m,
  error: {
    code: [32m'SPAWN_ATTEMPT_TIMEOUT'[39m,
    message: [32m'Shell startup was not confirmed. Retry to reconcile the same shell.'[39m,
    details: { stage: [32m'missingDurablePersistence'[39m, delivery: [32m'ambiguous'[39m }
  }
}

stderr | src/components/NativeTerminalPane.test.tsx > NativeTerminalPane bounded wheel normalization > normalizes 'zero' through mounted onWheel
Native terminal IPC command failed {
  command: [32m'cmd_native_terminal_attach'[39m,
  error: {
    code: [32m'SPAWN_ATTEMPT_TIMEOUT'[39m,
    message: [32m'Shell startup was not confirmed. Retry to reconcile the same shell.'[39m,
    details: { stage: [32m'missingDurablePersistence'[39m, delivery: [32m'ambiguous'[39m }
  }
}

stderr | src/components/NativeTerminalPane.test.tsx > NativeTerminalPane bounded wheel normalization > normalizes 'zero' through mounted onWheel
Native terminal IPC command failed {
  command: [32m'cmd_native_terminal_attach'[39m,
  error: {
    code: [32m'SPAWN_ATTEMPT_TIMEOUT'[39m,
    message: [32m'Shell startup was not confirmed. Retry to reconcile the same shell.'[39m,
    details: { stage: [32m'missingDurablePersistence'[39m, delivery: [32m'ambiguous'[39m }
  }
}

stderr | src/components/NativeTerminalPane.test.tsx > NativeTerminalPane bounded wheel normalization > normalizes 'zero' through mounted onWheel
Native terminal IPC command failed {
  command: [32m'cmd_native_terminal_attach'[39m,
  error: {
    code: [32m'SPAWN_ATTEMPT_TIMEOUT'[39m,
    message: [32m'Shell startup was not confirmed. Retry to reconcile the same shell.'[39m,
    details: { stage: [32m'missingDurablePersistence'[39m, delivery: [32m'ambiguous'[39m }
  }
}

stderr | src/components/NativeTerminalPane.test.tsx > NativeTerminalPane bounded wheel normalization > normalizes 'zero' through mounted onWheel
Native terminal IPC command failed {
  command: [32m'cmd_native_terminal_attach'[39m,
  error: {
    code: [32m'SPAWN_ATTEMPT_TIMEOUT'[39m,
    message: [32m'Shell startup was not confirmed. Retry to reconcile the same shell.'[39m,
    details: { stage: [32m'missingDurablePersistence'[39m, delivery: [32m'ambiguous'[39m }
  }
}

 ❯ src/components/NativeTerminalPane.test.tsx (197 tests | 187 failed) 110531ms
   × NativeTerminalPane IPC failure reporting and visible error state > suppresses the attach error banner across fast retries, surfaces it once the failure persists, and clears it on retry 32ms
     → expected "error" to be called with arguments: [ …(2) ][90m

Received: 

[1m  1st error call:

[22m[2m  [[22m
[2m    "Native terminal IPC command failed",[22m
[2m    {[22m
[2m      "command": "cmd_native_terminal_attach",[22m
[32m-     "error": Any<Error>,[90m
[31m+     "error": {[90m
[31m+       "code": "SPAWN_ATTEMPT_TIMEOUT",[90m
[31m+       "details": {[90m
[31m+         "delivery": "ambiguous",[90m
[31m+         "stage": "missingDurablePersistence",[90m
[31m+       },[90m
[31m+       "message": "Shell startup was not confirmed. Retry to reconcile the same shell.",[90m
[31m+     },[90m
[2m    },[22m
[2m  ][22m
[39m[90m

Number of calls: [1m1[22m
[39m
   × NativeTerminalPane IPC failure reporting and visible error state > allows clicking the attach error banner to retry connection immediately 29ms
     → [2mexpect([22m[31melement[39m[2m).not.toBeInTheDocument()[22m

[31mexpected document not to contain element, found <button
  class="pointer-events-auto cursor-pointer absolute bottom-3 right-3 z-50 max-w-error rounded-md border border-destructive/30 bg-popover px-2 py-1 text-[11px] text-destructive shadow-sm hover:bg-accent transition-colors"
  role="alert"
  title="Click to retry connecting terminal"
  type="button"
>
  Failed to attach native terminal
</button> instead[39m
   ✓ NativeTerminalPane IPC failure reporting and visible error state > does not attempt attach or show error banner when session lifecycle is exited 2ms
   × NativeTerminalPane IPC failure reporting and visible error state > re-attempts attach when same backendSessionId receives a new daemonEpoch 6ms
     → expected +0 to be 1 // Object.is equality
   × NativeTerminalPane IPC failure reporting and visible error state > displays an accessible error banner when bounds IPC fails and does not show detach errors on unmount 776ms
     → [2mexpect([22m[31melement[39m[2m).toHaveTextContent()[22m

Expected element to have text content:
[32m  Failed to update native terminal bounds[39m
Received:
[31m  Failed to attach native terminal[39m
   × NativeTerminalPane IPC failure reporting and visible error state > keeps the terminal uncovered when a bounds failure is shown 17ms
     → Unable to find an accessible element with the role "alert"

Here are the accessible roles:

  textbox:

  Name "Native terminal input":
  [36m<textarea[39m
    [33maria-label[39m=[32m"Native terminal input"[39m
    [33mclass[39m=[32m"pointer-events-none absolute left-0 top-0 h-px w-px resize-none border-0 bg-transparent p-0 opacity-0"[39m
    [33mdata-testid[39m=[32m"native-terminal-focus-sink"[39m
  [36m/>[39m

  --------------------------------------------------

Ignored nodes: comments, script, style
[36m<body>[39m
  [36m<div>[39m
    [36m<div[39m
      [33mclass[39m=[32m"terminal-host relative h-full w-full min-h-0 min-w-0 bg-transparent"[39m
      [33mdata-native-terminal-input-enabled[39m=[32m"true"[39m
      [33mdata-native-terminal-presented[39m=[32m"false"[39m
      [33mdata-native-terminal-visible[39m=[32m"true"[39m
      [33mdata-testid[39m=[32m"native-terminal-pane"[39m
    [36m>[39m
      [36m<div[39m
        [33mclass[39m=[32m"absolute inset-0"[39m
        [33mdata-testid[39m=[32m"native-terminal-viewport"[39m
      [36m>[39m
        [36m<textarea[39m
          [33maria-label[39m=[32m"Native terminal input"[39m
          [33mclass[39m=[32m"pointer-events-none absolute left-0 top-0 h-px w-px resize-none border-0 bg-transparent p-0 opacity-0"[39m
          [33mdata-testid[39m=[32m"native-terminal-focus-sink"[39m
        [36m/>[39m
      [36m</div>[39m
      [36m<div[39m
        [33mclass[39m=[32m"absolute inset-y-0 right-0 w-3 transition-opacity duration-150 opacity-0 pointer-events-none"[39m
        [33mdata-testid[39m=[32m"native-terminal-scrollbar-track"[39m
      [36m/>[39m
    [36m</div>[39m
  [36m</div>[39m
[36m</body>[39m
   × NativeTerminalPane IPC failure reporting and visible error state > stays silent when a bounds update loses the race with its own detach 1012ms
     → expected "spy" to be called with arguments: [ …(2) ][90m

Received: 

[1m  1st spy call:

[22m[2m  [[22m
[32m-   "cmd_native_terminal_set_bounds",[90m
[32m-   Anything,[90m
[31m+   "cmd_native_terminal_set_focus",[90m
[31m+   {[90m
[31m+     "focused": false,[90m
[31m+     "sessionId": "term-session-1",[90m
[31m+   },[90m
[2m  ][22m
[39m[90m

Number of calls: [1m1[22m
[39m

Ignored nodes: comments, script, style
[36m<html>[39m
  [36m<head />[39m
  [36m<body>[39m
    [36m<div>[39m
      [36m<div[39m
        [33mclass[39m=[32m"terminal-host relative h-full w-full min-h-0 min-w-0 bg-transparent"[39m
        [33mdata-native-terminal-input-enabled[39m=[32m"true"[39m
        [33mdata-native-terminal-presented[39m=[32m"false"[39m
        [33mdata-native-terminal-visible[39m=[32m"true"[39m
        [33mdata-testid[39m=[32m"native-terminal-pane"[39m
      [36m>[39m
        [36m<div[39m
          [33mclass[39m=[32m"absolute inset-0"[39m
          [33mdata-testid[39m=[32m"native-terminal-viewport"[39m
        [36m>[39m
          [36m<textarea[39m
            [33maria-label[39m=[32m"Native terminal input"[39m
            [33mclass[39m=[32m"pointer-events-none absolute left-0 top-0 h-px w-px resize-none border-0 bg-transparent p-0 opacity-0"[39m
            [33mdata-testid[39m=[32m"native-terminal-focus-sink"[39m
          [36m/>[39m
        [36m</div>[39m
        [36m<div[39m
          [33mclass[39m=[32m"absolute inset-y-0 right-0 w-3 transition-opacity duration-150 opacity-0 pointer-events-none"[39m
          [33mdata-testid[39m=[32m"native-terminal-scrollbar-track"[39m
        [36m/>[39m
        [36m<button[39m
          [33mclass[39m=[32m"pointer-events-auto cursor-pointer absolute bottom-3 right-3 z-50 max-w-error rounded-md border border-destructive/30 bg-popover px-2 py-1 text-[11px] text-destructive shadow-sm hover:bg-accent transition-colors"[39m
          [33mrole[39m=[32m"alert"[39m
          [33mtitle[39m=[32m"Click to retry connecting terminal"[39m
          [33mtype[39m=[32m"button"[39m
        [36m>[39m
          [0mFailed to attach native terminal[0m
        [36m</button>[39m
      [36m</div>[39m
    [36m</div>[39m
  [36m</body>[39m
[36m</html>[39m
   × NativeTerminalPane bounded wheel normalization > normalizes 'zero' through mounted onWheel 5007ms
     → Test timed out in 5000ms.
If this is a long-running test, pass a timeout value as the last argument or configure it globally with "testTimeout".
   × NativeTerminalPane bounded wheel normalization > normalizes 'horizontal-only' through mounted onWheel 5007ms
     → Test timed out in 5000ms.
If this is a long-running test, pass a timeout value as the last argument or configure it globally with "testTimeout".
   × NativeTerminalPane bounded wheel normalization > normalizes 'line notches' through mounted onWheel 5006ms
     → Test timed out in 5000ms.
If this is a long-running test, pass a timeout value as the last argument or configure it globally with "testTimeout".
   × NativeTerminalPane bounded wheel normalization > normalizes 'visible pages' through mounted onWheel 5004ms
     → Test timed out in 5000ms.
If this is a long-running test, pass a timeout value as the last argument or configure it globally with "testTimeout".
   × NativeTerminalPane bounded wheel normalization > normalizes 'fractional pixels' through mounted onWheel 5004ms
     → Test timed out in 5000ms.
If this is a long-running test, pass a timeout value as the last argument or configure it globally with "testTimeout".
   × NativeTerminalPane bounded wheel normalization > normalizes 'negative fractional pixels' through mounted onWheel 5001ms
     → Test timed out in 5000ms.
If this is a long-running test, pass a timeout value as the last argument or configure it globally with "testTimeout".
   × NativeTerminalPane bounded wheel normalization > normalizes 'direction cancellation' through mounted onWheel 5003ms
     → Test timed out in 5000ms.
If this is a long-running test, pass a timeout value as the last argument or configure it globally with "testTimeout".
   × NativeTerminalPane bounded wheel normalization > normalizes 'pixel i16 saturation' through mounted onWheel 5003ms
     → Test timed out in 5000ms.
If this is a long-running test, pass a timeout value as the last argument or configure it globally with "testTimeout".
   × NativeTerminalPane bounded wheel normalization > normalizes 'line i16 saturation' through mounted onWheel 5003ms
     → Test timed out in 5000ms.
If this is a long-running test, pass a timeout value as the last argument or configure it globally with "testTimeout".
   × NativeTerminalPane bounded wheel normalization > normalizes 'page i16 saturation' through mounted onWheel 5004ms
     → Test timed out in 5000ms.
If this is a long-running test, pass a timeout value as the last argument or configure it globally with "testTimeout".
   × NativeTerminalPane bounded wheel normalization > forwards pane-local wheel position and all modifier states 5004ms
     → Test timed out in 5000ms.
If this is a long-running test, pass a timeout value as the last argument or configure it globally with "testTimeout".
   × NativeTerminalPane bounded wheel normalization > uses updated visible rows and ignores sibling scrollbar metrics 5003ms
     → Test timed out in 5000ms.
If this is a long-running test, pass a timeout value as the last argument or configure it globally with "testTimeout".
   × NativeTerminalPane bounded wheel normalization > discards fractional movement across a session transition 5004ms
     → Test timed out in 5000ms.
If this is a long-running test, pass a timeout value as the last argument or configure it globally with "testTimeout".
   × NativeTerminalPane bounded wheel normalization > discards fractional movement across a generation transition 5003ms
     → Test timed out in 5000ms.
If this is a long-running test, pass a timeout value as the last argument or configure it globally with "testTimeout".
   × NativeTerminalPane bounded wheel normalization > discards fractional movement across a daemon epoch transition 5003ms
     → Test timed out in 5000ms.
If this is a long-running test, pass a timeout value as the last argument or configure it globally with "testTimeout".
   × NativeTerminalPane bounded wheel normalization > discards fractional movement across a hidden transition 5002ms
     → Test timed out in 5000ms.
If this is a long-running test, pass a timeout value as the last argument or configure it globally with "testTimeout".
   × NativeTerminalPane bounded wheel normalization > does not send wheel IPC outside Tauri 6ms
     → Unable to find an element by: [data-testid="native-terminal-pane"]

Ignored nodes: comments, script, style
[36m<body>[39m
  [36m<div />[39m
[36m</body>[39m
   ✓ snapBoundsToDevicePixels > leaves an already pixel-aligned rect untouched 1ms
   ✓ snapBoundsToDevicePixels > treats a half CSS pixel as aligned at 2x because it is a whole device pixel 2ms
   ✓ snapBoundsToDevicePixels > clamps negative origin coordinates to 0 to prevent compositor layout errors 0ms
   ✓ snapBoundsToDevicePixels > snaps the fractional origin a later split pane inherits 0ms
   ✓ snapBoundsToDevicePixels > preserves the 1px divider gap between adjacent panes 0ms
   ✓ snapBoundsToDevicePixels > returns the rect unchanged when the scale factor is not usable 0ms
   × NativeTerminalPane geometry reporting contract > measures viewport DOM geometry and passes bounds and scaleFactor in cmd_native_terminal_attach on mount 2ms
     → expected "spy" to be called with arguments: [ 'cmd_native_terminal_attach', …(1) ][90m

Number of calls: [1m0[22m
[39m
   × NativeTerminalPane geometry reporting contract > snaps a fractional split-pane rect to whole device pixels before attaching 2ms
     → expected "spy" to be called with arguments: [ 'cmd_native_terminal_attach', …(1) ][90m

Number of calls: [1m0[22m
[39m
   × NativeTerminalPane geometry reporting contract > omits geometry in cmd_native_terminal_attach when viewport has zero-area dimensions on mount 2ms
     → expected "spy" to be called with arguments: [ 'cmd_native_terminal_attach', …(1) ][90m

Number of calls: [1m0[22m
[39m
   × NativeTerminalPane geometry reporting contract > observes DOM rectangle, explicitly attaches session, and reports initial bounds on mount in Tauri mode 2ms
     → expected "spy" to be called with arguments: [ 'cmd_native_terminal_attach', …(1) ][90m

Number of calls: [1m0[22m
[39m
   × NativeTerminalPane geometry reporting contract > uses the entire pane height beneath the handle and bottom overlays 5004ms
     → Test timed out in 5000ms.
If this is a long-running test, pass a timeout value as the last argument or configure it globally with "testTimeout".
   × NativeTerminalPane geometry reporting contract > reports changed bounds payload once when geometry changes 1007ms
     → expected 0 to be greater than 0

Ignored nodes: comments, script, style
[36m<html>[39m
  [36m<head />[39m
  [36m<body>[39m
    [36m<div />[39m
  [36m</body>[39m
[36m</html>[39m
   × NativeTerminalPane geometry reporting contract > does not retry a resize frame deferred by synchronized output 3ms
     → expected undefined to be defined
   × NativeTerminalPane geometry reporting contract > coalesces rapid height increases until the prior native resize completes 1004ms
     → expected [] to have a length of 1 but got +0

Ignored nodes: comments, script, style
[36m<html>[39m
  [36m<head />[39m
  [36m<body>[39m
    [36m<div />[39m
  [36m</body>[39m
[36m</html>[39m
   × NativeTerminalPane geometry reporting contract > refreshes the thumb metrics after a height resize changes visible rows 1005ms
     → Unable to find an element by: [data-testid="native-terminal-scrollbar-thumb"]

Ignored nodes: comments, script, style
[36m<body>[39m
  [36m<div />[39m
[36m</body>[39m

Ignored nodes: comments, script, style
[36m<html>[39m
  [36m<head />[39m
  [36m<body>[39m
    [36m<div />[39m
  [36m</body>[39m
[36m</html>[39m
   × NativeTerminalPane geometry reporting contract > skips the rejected zero-area measurement and reports the first real one 1006ms
     → expected 0 to be greater than 0

Ignored nodes: comments, script, style
[36m<html>[39m
  [36m<head />[39m
  [36m<body>[39m
    [36m<div />[39m
  [36m</body>[39m
[36m</html>[39m
   × NativeTerminalPane geometry reporting contract > retries an identical measurement after a rejected bounds request 1005ms
     → expected [] to have a length of 1 but got +0

Ignored nodes: comments, script, style
[36m<html>[39m
  [36m<head />[39m
  [36m<body>[39m
    [36m<div />[39m
  [36m</body>[39m
[36m</html>[39m
   × NativeTerminalPane geometry reporting contract > disconnects ResizeObserver and invokes detach on unmount 1004ms
     → expected 0 to be greater than 0

Ignored nodes: comments, script, style
[36m<html>[39m
  [36m<head />[39m
  [36m<body>[39m
    [36m<div />[39m
  [36m</body>[39m
[36m</html>[39m
   × NativeTerminalPane geometry reporting contract > presents the replacement terminal before detaching the outgoing terminal 1004ms
     → expected "spy" to be called with arguments: [ …(2) ][90m

Number of calls: [1m0[22m
[39m

Ignored nodes: comments, script, style
[36m<html>[39m
  [36m<head />[39m
  [36m<body>[39m
    [36m<div />[39m
  [36m</body>[39m
[36m</html>[39m
   × NativeTerminalPane geometry reporting contract > keeps the outgoing terminal until the last rapid replacement is presented 1006ms
     → expected "spy" to be called with arguments: [ …(2) ][90m

Number of calls: [1m0[22m
[39m

Ignored nodes: comments, script, style
[36m<html>[39m
  [36m<head />[39m
  [36m<body>[39m
    [36m<div />[39m
  [36m</body>[39m
[36m</html>[39m
   ✓ NativeTerminalPane geometry reporting contract > does not report Tauri geometry bounds in remote/web non-Tauri mode 2ms
   × NativeTerminalPane geometry reporting contract > converts physical native cursor cells to a high-DPI IME anchor 3ms
     → Unable to find an element by: [data-testid="native-terminal-focus-sink"]

Ignored nodes: comments, script, style
[36m<body>[39m
  [36m<div />[39m
[36m</body>[39m
   × NativeTerminalPane focus, keyboard, and IME prototype contract > focuses the hidden input sink and notifies native focus after successful attach 2ms
     → Unable to find an element by: [data-testid="native-terminal-focus-sink"]

Ignored nodes: comments, script, style
[36m<body>[39m
  [36m<div />[39m
[36m</body>[39m
   × NativeTerminalPane focus, keyboard, and IME prototype contract > positions the IME input sink at the native cursor receipt 2ms
     → Unable to find an element by: [data-testid="native-terminal-focus-sink"]

Ignored nodes: comments, script, style
[36m<body>[39m
  [36m<div />[39m
[36m</body>[39m
   × NativeTerminalPane focus, keyboard, and IME prototype contract > moves the IME anchor from an out-of-band input receipt, and ignores receipts for other sessions 4ms
     → Unable to find an element by: [data-testid="native-terminal-focus-sink"]

Ignored nodes: comments, script, style
[36m<body>[39m
  [36m<div />[39m
[36m</body>[39m
   × NativeTerminalPane focus, keyboard, and IME prototype contract > forwards a primary pointer press for native selection without cancelling the gesture 2ms
     → Unable to find an element by: [data-testid="native-terminal-focus-sink"]

Ignored nodes: comments, script, style
[36m<body>[39m
  [36m<div />[39m
[36m</body>[39m
   × NativeTerminalPane focus, keyboard, and IME prototype contract > forwards drag motion and release for native selection without cancelling pointer events 2ms
     → Unable to find an element by: [data-testid="native-terminal-focus-sink"]

Ignored nodes: comments, script, style
[36m<body>[39m
  [36m<div />[39m
[36m</body>[39m
   × NativeTerminalPane focus, keyboard, and IME prototype contract > sends typed native focus and blur intent through IPC 2ms
     → Unable to find an element by: [data-testid="native-terminal-focus-sink"]

Ignored nodes: comments, script, style
[36m<body>[39m
  [36m<div />[39m
[36m</body>[39m
   × NativeTerminalPane focus, keyboard, and IME prototype contract > reports rejected native input IPC commands 2ms
     → Unable to find an element by: [data-testid="native-terminal-focus-sink"]

Ignored nodes: comments, script, style
[36m<body>[39m
  [36m<div />[39m
[36m</body>[39m
   × NativeTerminalPane focus, keyboard, and IME prototype contract > self-heals detached session on send_input error by re-attaching and retrying input once 2ms
     → Unable to find an element by: [data-testid="native-terminal-focus-sink"]

Ignored nodes: comments, script, style
[36m<body>[39m
  [36m<div />[39m
[36m</body>[39m
   × NativeTerminalPane focus, keyboard, and IME prototype contract > does not loop infinitely when input retry repeatedly fails 1ms
     → Unable to find an element by: [data-testid="native-terminal-focus-sink"]

Ignored nodes: comments, script, style
[36m<body>[39m
  [36m<div />[39m
[36m</body>[39m
   × NativeTerminalPane focus, keyboard, and IME prototype contract > tells the user when input was dropped by queue overflow instead of failing silently 1ms
     → Unable to find an element by: [data-testid="native-terminal-focus-sink"]

Ignored nodes: comments, script, style
[36m<body>[39m
  [36m<div />[39m
[36m</body>[39m
   × NativeTerminalPane focus, keyboard, and IME prototype contract > encodes and forwards non-printable control keys on keydown without duplicating printable input 2ms
     → Unable to find an element by: [data-testid="native-terminal-focus-sink"]

Ignored nodes: comments, script, style
[36m<body>[39m
  [36m<div />[39m
[36m</body>[39m
   × NativeTerminalPane focus, keyboard, and IME prototype contract > forwards macOS word-navigation and word-deletion chords instead of letting the focus sink edit itself 1ms
     → Unable to find an element by: [data-testid="native-terminal-focus-sink"]

Ignored nodes: comments, script, style
[36m<body>[39m
  [36m<div />[39m
[36m</body>[39m
   × NativeTerminalPane focus, keyboard, and IME prototype contract > recovers the physical key when macOS translates an Option chord into a glyph 2ms
     → Unable to find an element by: [data-testid="native-terminal-focus-sink"]

Ignored nodes: comments, script, style
[36m<body>[39m
  [36m<div />[39m
[36m</body>[39m
   × NativeTerminalPane focus, keyboard, and IME prototype contract > forwards modified character keys through the typed key IPC payload 1ms
     → Unable to find an element by: [data-testid="native-terminal-focus-sink"]

Ignored nodes: comments, script, style
[36m<body>[39m
  [36m<div />[39m
[36m</body>[39m
   × NativeTerminalPane focus, keyboard, and IME prototype contract > sends DOM text paste as one bracketed paste IPC payload 0ms
     → Unable to find an element by: [data-testid="native-terminal-focus-sink"]

Ignored nodes: comments, script, style
[36m<body>[39m
  [36m<div />[39m
[36m</body>[39m
   × NativeTerminalPane focus, keyboard, and IME prototype contract > sends multiline DOM text paste as a single payload to cmd_native_terminal_paste 1ms
     → Unable to find an element by: [data-testid="native-terminal-focus-sink"]

Ignored nodes: comments, script, style
[36m<body>[39m
  [36m<div />[39m
[36m</body>[39m
   × NativeTerminalPane focus, keyboard, and IME prototype contract > claims macOS Cmd+V ('Latin v') on focused textarea and routes native text clipboard content without DOM paste 1ms
     → Unable to find an element by: [data-testid="native-terminal-focus-sink"]

Ignored nodes: comments, script, style
[36m<body>[39m
  [36m<div />[39m
[36m</body>[39m
   × NativeTerminalPane focus, keyboard, and IME prototype contract > claims macOS Cmd+V ('Korean character ㅍ') on focused textarea and routes native text clipboard content without DOM paste 0ms
     → Unable to find an element by: [data-testid="native-terminal-focus-sink"]

Ignored nodes: comments, script, style
[36m<body>[39m
  [36m<div />[39m
[36m</body>[39m
   × NativeTerminalPane focus, keyboard, and IME prototype contract > claims macOS Cmd+V ('IME Process key') on focused textarea and routes native text clipboard content without DOM paste 0ms
     → Unable to find an element by: [data-testid="native-terminal-focus-sink"]

Ignored nodes: comments, script, style
[36m<body>[39m
  [36m<div />[39m
[36m</body>[39m
   × NativeTerminalPane focus, keyboard, and IME prototype contract > claims macOS Cmd+V on focused textarea and saves clipboard image locally, pasting the local path 1ms
     → Unable to find an element by: [data-testid="native-terminal-focus-sink"]

Ignored nodes: comments, script, style
[36m<body>[39m
  [36m<div />[39m
[36m</body>[39m
   × NativeTerminalPane focus, keyboard, and IME prototype contract > sends a clipboard image to the SSH host owning a remote pane and 'pastes the uploaded remote path' 0ms
     → Unable to find an element by: [data-testid="native-terminal-focus-sink"]

Ignored nodes: comments, script, style
[36m<body>[39m
  [36m<div />[39m
[36m</body>[39m
   × NativeTerminalPane focus, keyboard, and IME prototype contract > sends a clipboard image to the SSH host owning a remote pane and 'degrades to the agent\'s paste chord …' 1ms
     → Unable to find an element by: [data-testid="native-terminal-focus-sink"]

Ignored nodes: comments, script, style
[36m<body>[39m
  [36m<div />[39m
[36m</body>[39m
   × NativeTerminalPane focus, keyboard, and IME prototype contract > saves a local pane clipboard image and never uploads it over SSH or daemon 1ms
     → Unable to find an element by: [data-testid="native-terminal-focus-sink"]

Ignored nodes: comments, script, style
[36m<body>[39m
  [36m<div />[39m
[36m</body>[39m
   × NativeTerminalPane focus, keyboard, and IME prototype contract > claims Ctrl+V with Korean layout key ㅍ on focused textarea and routes native text clipboard content 0ms
     → Unable to find an element by: [data-testid="native-terminal-focus-sink"]

Ignored nodes: comments, script, style
[36m<body>[39m
  [36m<div />[39m
[36m</body>[39m
   × NativeTerminalPane focus, keyboard, and IME prototype contract > claims Ctrl+V with Latin v on focused textarea and routes native text clipboard content 0ms
     → Unable to find an element by: [data-testid="native-terminal-focus-sink"]

Ignored nodes: comments, script, style
[36m<body>[39m
  [36m<div />[39m
[36m</body>[39m
   × NativeTerminalPane focus, keyboard, and IME prototype contract > claims Ctrl+Shift+V on focused textarea and routes native text clipboard content 0ms
     → Unable to find an element by: [data-testid="native-terminal-focus-sink"]

Ignored nodes: comments, script, style
[36m<body>[39m
  [36m<div />[39m
[36m</body>[39m
   × NativeTerminalPane focus, keyboard, and IME prototype contract > claims Shift+Insert on focused textarea and routes native text clipboard content 0ms
     → Unable to find an element by: [data-testid="native-terminal-focus-sink"]

Ignored nodes: comments, script, style
[36m<body>[39m
  [36m<div />[39m
[36m</body>[39m
   × NativeTerminalPane focus, keyboard, and IME prototype contract > claims Ctrl+V on focused textarea and saves clipboard image locally, pasting the local path 1ms
     → Unable to find an element by: [data-testid="native-terminal-focus-sink"]

Ignored nodes: comments, script, style
[36m<body>[39m
  [36m<div />[39m
[36m</body>[39m
   × NativeTerminalPane focus, keyboard, and IME prototype contract > routes AppKit-consumed macOS Cmd+V to the last-focused split terminal exactly once 0ms
     → Unable to find an element by: [data-testid="native-terminal-focus-sink"]

Ignored nodes: comments, script, style
[36m<body>[39m
  [36m<div />[39m
[36m</body>[39m
   × NativeTerminalPane focus, keyboard, and IME prototype contract > leaves AppKit-consumed Cmd+V to an external editable instead of a terminal 0ms
     → Unable to find an element by: [data-testid="external-native-paste-input"]

Ignored nodes: comments, script, style
[36m<body>[39m
  [36m<div />[39m
[36m</body>[39m
   × NativeTerminalPane focus, keyboard, and IME prototype contract > claims macOS Cmd+V on focused textarea and sends no terminal input when clipboard is empty 0ms
     → Unable to find an element by: [data-testid="native-terminal-focus-sink"]

Ignored nodes: comments, script, style
[36m<body>[39m
  [36m<div />[39m
[36m</body>[39m
   × NativeTerminalPane focus, keyboard, and IME prototype contract > recognizes macOS Korean layout Cmd+V ('Korean character ㅍ') through neutral document capture fallback, claims focus, and routes native paste without DOM paste 0ms
     → Unable to find an element by: [data-testid="native-terminal-focus-sink"]

Ignored nodes: comments, script, style
[36m<body>[39m
  [36m<div />[39m
[36m</body>[39m
   × NativeTerminalPane focus, keyboard, and IME prototype contract > recognizes macOS Korean layout Cmd+V ('IME Process key') through neutral document capture fallback, claims focus, and routes native paste without DOM paste 0ms
     → Unable to find an element by: [data-testid="native-terminal-focus-sink"]

Ignored nodes: comments, script, style
[36m<body>[39m
  [36m<div />[39m
[36m</body>[39m
   × NativeTerminalPane focus, keyboard, and IME prototype contract > suppresses a subsequent DOM paste event exactly once after macOS Cmd+V keydown fallback 0ms
     → Unable to find an element by: [data-testid="native-terminal-focus-sink"]

Ignored nodes: comments, script, style
[36m<body>[39m
  [36m<div />[39m
[36m</body>[39m
   × NativeTerminalPane focus, keyboard, and IME prototype contract > keeps duplicate-paste suppression through async clipboard inspection until KeyV keyup 0ms
     → Unable to find an element by: [data-testid="native-terminal-focus-sink"]

Ignored nodes: comments, script, style
[36m<body>[39m
  [36m<div />[39m
[36m</body>[39m
   × NativeTerminalPane focus, keyboard, and IME prototype contract > clears native paste suppression when the window loses focus before KeyV keyup 0ms
     → Unable to find an element by: [data-testid="native-terminal-focus-sink"]

Ignored nodes: comments, script, style
[36m<body>[39m
  [36m<div />[39m
[36m</body>[39m
   × NativeTerminalPane focus, keyboard, and IME prototype contract > routes neutral BODY Cmd+V native clipboard fallback only to the last-focused split terminal 0ms
     → Unable to find an element by: [data-testid="native-terminal-focus-sink"]

Ignored nodes: comments, script, style
[36m<body>[39m
  [36m<div />[39m
[36m</body>[39m
   × NativeTerminalPane focus, keyboard, and IME prototype contract > does not claim macOS Cmd+V when an external editable input is focused 0ms
     → Unable to find an element by: [data-testid="external-search-input"]

Ignored nodes: comments, script, style
[36m<body>[39m
  [36m<div />[39m
[36m</body>[39m
   × NativeTerminalPane focus, keyboard, and IME prototype contract > claims native fallback on non-macOS platforms for Ctrl+V 0ms
     → Unable to find an element by: [data-testid="native-terminal-focus-sink"]

Ignored nodes: comments, script, style
[36m<body>[39m
  [36m<div />[39m
[36m</body>[39m
   × NativeTerminalPane focus, keyboard, and IME prototype contract > ignores standalone Meta key before Korean Cmd+V (ㅍ) across capture fallback and textarea 0ms
     → Unable to find an element by: [data-testid="native-terminal-focus-sink"]

Ignored nodes: comments, script, style
[36m<body>[39m
  [36m<div />[39m
[36m</body>[39m
   × NativeTerminalPane focus, keyboard, and IME prototype contract > forwards a DOM image paste through the agent's Ctrl+V shortcut 1ms
     → Unable to find an element by: [data-testid="native-terminal-focus-sink"]

Ignored nodes: comments, script, style
[36m<body>[39m
  [36m<div />[39m
[36m</body>[39m
   × NativeTerminalPane focus, keyboard, and IME prototype contract > forwards a fixture PNG paste at the DOM paste seam through the agent's Ctrl+V shortcut 1ms
     → Unable to find an element by: [data-testid="native-terminal-focus-sink"]

Ignored nodes: comments, script, style
[36m<body>[39m
  [36m<div />[39m
[36m</body>[39m
   × NativeTerminalPane focus, keyboard, and IME prototype contract > routes an image-only paste targeting the terminal pane when the focus sink is not active exclusively through Ctrl+V exactly once 1ms
     → Unable to find an element by: [data-testid="native-terminal-pane"]

Ignored nodes: comments, script, style
[36m<body>[39m
  [36m<div />[39m
[36m</body>[39m
   × NativeTerminalPane focus, keyboard, and IME prototype contract > DOM paste with an image on an ssh pane invokes cmd_ssh_paste_clipboard_image and sends no 0x16 1ms
     → Unable to find an element by: [data-testid="native-terminal-focus-sink"]

Ignored nodes: comments, script, style
[36m<body>[39m
  [36m<div />[39m
[36m</body>[39m
   × NativeTerminalPane focus, keyboard, and IME prototype contract > DOM paste with an image on a daemon pane invokes cmd_daemon_paste_clipboard_image and sends no 0x16 0ms
     → Unable to find an element by: [data-testid="native-terminal-focus-sink"]

Ignored nodes: comments, script, style
[36m<body>[39m
  [36m<div />[39m
[36m</body>[39m
   × NativeTerminalPane focus, keyboard, and IME prototype contract > DOM paste with an image on a local pane invokes cmd_local_paste_clipboard_image and sends no 0x16 0ms
     → Unable to find an element by: [data-testid="native-terminal-focus-sink"]

Ignored nodes: comments, script, style
[36m<body>[39m
  [36m<div />[39m
[36m</body>[39m
   × NativeTerminalPane focus, keyboard, and IME prototype contract > degrades to the agent's paste chord with no error toast when the remote host cannot read a clipboard image 1ms
     → Unable to find an element by: [data-testid="native-terminal-focus-sink"]

Ignored nodes: comments, script, style
[36m<body>[39m
  [36m<div />[39m
[36m</body>[39m
   × NativeTerminalPane focus, keyboard, and IME prototype contract > degrades to the agent's paste chord with no error toast when this platform cannot read a clipboard image 1ms
     → Unable to find an element by: [data-testid="native-terminal-focus-sink"]

Ignored nodes: comments, script, style
[36m<body>[39m
  [36m<div />[39m
[36m</body>[39m
   × NativeTerminalPane focus, keyboard, and IME prototype contract > sends the pane's backend session ID (not the frontend ID) and pastes 'a POSIX path on a manually typed SSH …' 1ms
     → Unable to find an element by: [data-testid="native-terminal-focus-sink"]

Ignored nodes: comments, script, style
[36m<body>[39m
  [36m<div />[39m
[36m</body>[39m
   × NativeTerminalPane focus, keyboard, and IME prototype contract > sends the pane's backend session ID (not the frontend ID) and pastes 'a Windows path on a manually typed SS…' 0ms
     → Unable to find an element by: [data-testid="native-terminal-focus-sink"]

Ignored nodes: comments, script, style
[36m<body>[39m
  [36m<div />[39m
[36m</body>[39m
   × NativeTerminalPane focus, keyboard, and IME prototype contract > does not paste any path when the session-aware upload fails 1ms
     → Unable to find an element by: [data-testid="native-terminal-focus-sink"]

Ignored nodes: comments, script, style
[36m<body>[39m
  [36m<div />[39m
[36m</body>[39m
   × NativeTerminalPane focus, keyboard, and IME prototype contract > a clipboard upload resolving after transition='none' pastes only into the pane that requested it 1ms
     → Unable to find an element by: [data-testid="native-terminal-focus-sink"]

Ignored nodes: comments, script, style
[36m<body>[39m
  [36m<div />[39m
[36m</body>[39m
   × NativeTerminalPane focus, keyboard, and IME prototype contract > a clipboard upload resolving after transition='rebind' pastes only into the pane that requested it 0ms
     → Unable to find an element by: [data-testid="native-terminal-focus-sink"]

Ignored nodes: comments, script, style
[36m<body>[39m
  [36m<div />[39m
[36m</body>[39m
   × NativeTerminalPane focus, keyboard, and IME prototype contract > a clipboard upload resolving after transition='unmount' pastes only into the pane that requested it 0ms
     → Unable to find an element by: [data-testid="native-terminal-focus-sink"]

Ignored nodes: comments, script, style
[36m<body>[39m
  [36m<div />[39m
[36m</body>[39m
   × NativeTerminalPane focus, keyboard, and IME prototype contract > routes a text paste targeting the terminal pane when the focus sink is not active to cmd_native_terminal_paste 0ms
     → Unable to find an element by: [data-testid="native-terminal-pane"]

Ignored nodes: comments, script, style
[36m<body>[39m
  [36m<div />[39m
[36m</body>[39m
   × NativeTerminalPane focus, keyboard, and IME prototype contract > routes a body-target image paste only to the last-focused split terminal 1ms
     → Unable to find an element by: [data-testid="native-terminal-focus-sink"]

Ignored nodes: comments, script, style
[36m<body>[39m
  [36m<div />[39m
[36m</body>[39m
   × NativeTerminalPane focus, keyboard, and IME prototype contract > routes neutral BODY keyboard input only to the last-focused split terminal 1ms
     → Unable to find an element by: [data-testid="native-terminal-focus-sink"]

Ignored nodes: comments, script, style
[36m<body>[39m
  [36m<div />[39m
[36m</body>[39m
   × NativeTerminalPane focus, keyboard, and IME prototype contract > gives a pane-target paste precedence over a previously focused sibling 1ms
     → Unable to find an element by: [data-testid="native-terminal-focus-sink"]

Ignored nodes: comments, script, style
[36m<body>[39m
  [36m<div />[39m
[36m</body>[39m
   × NativeTerminalPane focus, keyboard, and IME prototype contract > lets the sole remaining pane claim BODY paste after the previous owner unmounts 1ms
     → Unable to find an element by: [data-testid="native-terminal-focus-sink"]

Ignored nodes: comments, script, style
[36m<body>[39m
  [36m<div />[39m
[36m</body>[39m
   × NativeTerminalPane focus, keyboard, and IME prototype contract > uses half-open native drop bounds so a split divider belongs to only the right pane 1ms
     → Unable to find an element by: [data-testid="native-terminal-pane"]

Ignored nodes: comments, script, style
[36m<body>[39m
  [36m<div />[39m
[36m</body>[39m
   × NativeTerminalPane focus, keyboard, and IME prototype contract > subscribes to Tauri onDragDropEvent, atomically pasting dropped files inside bounds and ignoring drops outside bounds 1001ms
     → expected "spy" to be called at least once

Ignored nodes: comments, script, style
[36m<html>[39m
  [36m<head />[39m
  [36m<body>[39m
    [36m<div />[39m
  [36m</body>[39m
[36m</html>[39m
   × NativeTerminalPane focus, keyboard, and IME prototype contract > handles Cmd+click to resolve line text and open URLs 1ms
     → Unable to find an element by: [data-testid="native-terminal-pane"]

Ignored nodes: comments, script, style
[36m<body>[39m
  [36m<div />[39m
[36m</body>[39m
   × NativeTerminalPane focus, keyboard, and IME prototype contract > handles Cmd+click to resolve line text and open file paths with line/column 0ms
     → Unable to find an element by: [data-testid="native-terminal-pane"]

Ignored nodes: comments, script, style
[36m<body>[39m
  [36m<div />[39m
[36m</body>[39m
   × NativeTerminalPane focus, keyboard, and IME prototype contract > handles Cmd+click without Shift by opening a file tab instead of the preview modal 0ms
     → Unable to find an element by: [data-testid="native-terminal-pane"]

Ignored nodes: comments, script, style
[36m<body>[39m
  [36m<div />[39m
[36m</body>[39m
   × NativeTerminalPane focus, keyboard, and IME prototype contract > shows a link underline only while hovering a token with the modifier 0ms
     → Unable to find an element by: [data-testid="native-terminal-pane"]

Ignored nodes: comments, script, style
[36m<body>[39m
  [36m<div />[39m
[36m</body>[39m
   × NativeTerminalPane focus, keyboard, and IME prototype contract > handles Cmd+click on indented lines without coordinate drift 0ms
     → Unable to find an element by: [data-testid="native-terminal-pane"]

Ignored nodes: comments, script, style
[36m<body>[39m
  [36m<div />[39m
[36m</body>[39m
   × NativeTerminalPane focus, keyboard, and IME prototype contract > handles onWheel scrolling by issuing native scroll IPC command 0ms
     → Unable to find an element by: [data-testid="native-terminal-pane"]

Ignored nodes: comments, script, style
[36m<body>[39m
  [36m<div />[39m
[36m</body>[39m
   × NativeTerminalPane focus, keyboard, and IME prototype contract > shows, repositions, and drags the native scrollback thumb 1003ms
     → Unable to find role="scrollbar" and name "Terminal scrollback"

Ignored nodes: comments, script, style
[36m<body>[39m
  [36m<div />[39m
[36m</body>[39m

Ignored nodes: comments, script, style
[36m<html>[39m
  [36m<head />[39m
  [36m<body>[39m
    [36m<div />[39m
  [36m</body>[39m
[36m</html>[39m
   × NativeTerminalPane focus, keyboard, and IME prototype contract > hides native scrollbar track by default, reveals on wheel, and fades out after hide timer 1087ms
     → Unable to find an element by: [data-testid="native-terminal-scrollbar-track"]

Ignored nodes: comments, script, style
[36m<body>[39m
  [36m<div />[39m
[36m</body>[39m

Ignored nodes: comments, script, style
[36m<html>[39m
  [36m<head />[39m
  [36m<body>[39m
    [36m<div />[39m
  [36m</body>[39m
[36m</html>[39m
   × NativeTerminalPane focus, keyboard, and IME prototype contract > reveals the native scrollbar on pointer down on the container 1075ms
     → Unable to find an element by: [data-testid="native-terminal-scrollbar-track"]

Ignored nodes: comments, script, style
[36m<body>[39m
  [36m<div />[39m
[36m</body>[39m

Ignored nodes: comments, script, style
[36m<html>[39m
  [36m<head />[39m
  [36m<body>[39m
    [36m<div />[39m
  [36m</body>[39m
[36m</html>[39m
   × NativeTerminalPane focus, keyboard, and IME prototype contract > does not hide native scrollbar while dragging the thumb 1086ms
     → Unable to find an element by: [data-testid="native-terminal-scrollbar-track"]

Ignored nodes: comments, script, style
[36m<body>[39m
  [36m<div />[39m
[36m</body>[39m

Ignored nodes: comments, script, style
[36m<html>[39m
  [36m<head />[39m
  [36m<body>[39m
    [36m<div />[39m
  [36m</body>[39m
[36m</html>[39m
   × NativeTerminalPane focus, keyboard, and IME prototype contract > keeps native scrollbar visible while hovered on track 1085ms
     → Unable to find an element by: [data-testid="native-terminal-scrollbar-track"]

Ignored nodes: comments, script, style
[36m<body>[39m
  [36m<div />[39m
[36m</body>[39m

Ignored nodes: comments, script, style
[36m<html>[39m
  [36m<head />[39m
  [36m<body>[39m
    [36m<div />[39m
  [36m</body>[39m
[36m</html>[39m
   × NativeTerminalPane focus, keyboard, and IME prototype contract > copies native selection to navigator.clipboard on platform copy shortcut 2ms
     → Unable to find an element by: [data-testid="native-terminal-focus-sink"]

Ignored nodes: comments, script, style
[36m<body>[39m
  [36m<div />[39m
[36m</body>[39m
   × NativeTerminalPane focus, keyboard, and IME prototype contract > copies native selection on macOS Korean layout Cmd+C (ㅊ and Process) 2ms
     → Unable to find an element by: [data-testid="native-terminal-focus-sink"]

Ignored nodes: comments, script, style
[36m<body>[39m
  [36m<div />[39m
[36m</body>[39m
   × NativeTerminalPane focus, keyboard, and IME prototype contract > copy-or-interrupt event with empty selection does not send input to PTY 2ms
     → expected "spy" to be called with arguments: [ …(2) ][90m

Number of calls: [1m0[22m
[39m
   × NativeTerminalPane focus, keyboard, and IME prototype contract > copy-or-interrupt event with selection copies 3ms
     → expected "spy" to be called with arguments: [ …(2) ][90m

Number of calls: [1m0[22m
[39m
   × NativeTerminalPane focus, keyboard, and IME prototype contract > delivers copy request on first native copy event without depending on browser clipboard user activation on macOS 3ms
     → expected "spy" to be called with arguments: [ …(2) ][90m

Number of calls: [1m0[22m
[39m
   × NativeTerminalPane focus, keyboard, and IME prototype contract > surfaces browser clipboard write rejection on non-macOS platforms 2ms
     → expected "spy" to be called with arguments: [ …(2) ][90m

Number of calls: [1m0[22m
[39m
   × NativeTerminalPane focus, keyboard, and IME prototype contract > does not send standalone modifier and lock keys through IPC 1ms
     → Unable to find an element by: [data-testid="native-terminal-focus-sink"]

Ignored nodes: comments, script, style
[36m<body>[39m
  [36m<div />[39m
[36m</body>[39m
   × NativeTerminalPane focus, keyboard, and IME prototype contract > renders composition updates as native terminal preedit 4ms
     → Unable to find an element by: [data-testid="native-terminal-focus-sink"]

Ignored nodes: comments, script, style
[36m<body>[39m
  [36m<div />[39m
[36m</body>[39m
   × NativeTerminalPane focus, keyboard, and IME prototype contract > clears native preedit before committing composition text 2ms
     → Unable to find an element by: [data-testid="native-terminal-focus-sink"]

Ignored nodes: comments, script, style
[36m<body>[39m
  [36m<div />[39m
[36m</body>[39m
   × NativeTerminalPane focus, keyboard, and IME prototype contract > clears a cancelled composition when focus leaves the input sink 1ms
     → Unable to find an element by: [data-testid="native-terminal-focus-sink"]

Ignored nodes: comments, script, style
[36m<body>[39m
  [36m<div />[39m
[36m</body>[39m
   × NativeTerminalPane focus, keyboard, and IME prototype contract > forwards ordinary non-composed printable text on input event and clears the sink 1ms
     → Unable to find an element by: [data-testid="native-terminal-focus-sink"]

Ignored nodes: comments, script, style
[36m<body>[39m
  [36m<div />[39m
[36m</body>[39m
   × NativeTerminalPane focus, keyboard, and IME prototype contract > forwards printable character keydown directly and prevents default without firing input event 1ms
     → Unable to find an element by: [data-testid="native-terminal-focus-sink"]

Ignored nodes: comments, script, style
[36m<body>[39m
  [36m<div />[39m
[36m</body>[39m
   × NativeTerminalPane focus, keyboard, and IME prototype contract > leaves IME-owned keydowns on the focused sink to the IME and commits the composition text once 0ms
     → Unable to find an element by: [data-testid="native-terminal-focus-sink"]

Ignored nodes: comments, script, style
[36m<body>[39m
  [36m<div />[39m
[36m</body>[39m
   × NativeTerminalPane focus, keyboard, and IME prototype contract > leaves a legacy keyCode 229 keydown on the focused sink to the IME 0ms
     → Unable to find an element by: [data-testid="native-terminal-focus-sink"]

Ignored nodes: comments, script, style
[36m<body>[39m
  [36m<div />[39m
[36m</body>[39m
   × NativeTerminalPane focus, keyboard, and IME prototype contract > leaves IME-owned keydowns in the document fallback to the IME 0ms
     → Unable to find an element by: [data-testid="native-terminal-focus-sink"]

Ignored nodes: comments, script, style
[36m<body>[39m
  [36m<div />[39m
[36m</body>[39m
   × NativeTerminalPane focus, keyboard, and IME prototype contract > focuses the owning sink on a composition-starting IME keydown in the document fallback 0ms
     → Unable to find an element by: [data-testid="native-terminal-focus-sink"]

Ignored nodes: comments, script, style
[36m<body>[39m
  [36m<div />[39m
[36m</body>[39m
   × NativeTerminalPane focus, keyboard, and IME prototype contract > treats an AltGr text key with only the AltGraph modifier set as text input 0ms
     → Unable to find an element by: [data-testid="native-terminal-focus-sink"]

Ignored nodes: comments, script, style
[36m<body>[39m
  [36m<div />[39m
[36m</body>[39m
   × NativeTerminalPane focus, keyboard, and IME prototype contract > treats an AltGr chord on the focused sink as text input, not a Ctrl+Alt shortcut 0ms
     → Unable to find an element by: [data-testid="native-terminal-focus-sink"]

Ignored nodes: comments, script, style
[36m<body>[39m
  [36m<div />[39m
[36m</body>[39m
   × NativeTerminalPane focus, keyboard, and IME prototype contract > treats an AltGr chord in the document fallback as text input and focuses the sink 0ms
     → Unable to find an element by: [data-testid="native-terminal-focus-sink"]

Ignored nodes: comments, script, style
[36m<body>[39m
  [36m<div />[39m
[36m</body>[39m
   × NativeTerminalPane focus, keyboard, and IME prototype contract > still forwards a genuine Ctrl+Alt chord when AltGraph is not active 0ms
     → Unable to find an element by: [data-testid="native-terminal-focus-sink"]

Ignored nodes: comments, script, style
[36m<body>[39m
  [36m<div />[39m
[36m</body>[39m
   × NativeTerminalPane focus, keyboard, and IME prototype contract > includes terminal-host class name on container to allow global shortcut handlers to target terminal 0ms
     → Unable to find an element by: [data-testid="native-terminal-pane"]

Ignored nodes: comments, script, style
[36m<body>[39m
  [36m<div />[39m
[36m</body>[39m
   × NativeTerminalPane focus, keyboard, and IME prototype contract > does not forward keyboard events when default has already been prevented by global shortcuts 0ms
     → Unable to find an element by: [data-testid="native-terminal-focus-sink"]

Ignored nodes: comments, script, style
[36m<body>[39m
  [36m<div />[39m
[36m</body>[39m
   × NativeTerminalPane focus, keyboard, and IME prototype contract > does not forward split-pane shortcut key when default has been prevented 0ms
     → Unable to find an element by: [data-testid="native-terminal-focus-sink"]

Ignored nodes: comments, script, style
[36m<body>[39m
  [36m<div />[39m
[36m</body>[39m
   × NativeTerminalPane focus, keyboard, and IME prototype contract > integrates with useShortcuts: New Tab and Split shortcuts trigger app handlers without leaking to native input 0ms
     → Unable to find an element by: [data-testid="native-terminal-focus-sink"]

Ignored nodes: comments, script, style
[36m<body>[39m
  [36m<div />[39m
[36m</body>[39m
   × active prop and pane focus event dispatch > focuses the input sink and sends focus when active becomes true 0ms
     → Unable to find an element by: [data-testid="native-terminal-focus-sink"]

Ignored nodes: comments, script, style
[36m<body>[39m
  [36m<div />[39m
[36m</body>[39m
   × active prop and pane focus event dispatch > sends focus false when active transitions to false 0ms
     → expected "spy" to be called with arguments: [ …(2) ][90m

Number of calls: [1m0[22m
[39m
   × active prop and pane focus event dispatch > claims window keydown and forwards input to the active pane when document.activeElement is document.body 1005ms
     → expected "spy" to be called with arguments: [ …(2) ][90m

Number of calls: [1m0[22m
[39m

Ignored nodes: comments, script, style
[36m<html>[39m
  [36m<head />[39m
  [36m<body>[39m
    [36m<div />[39m
  [36m</body>[39m
[36m</html>[39m
   ✓ active prop and pane focus event dispatch > does not claim fallback keydown when active is false even if hovered 3ms
   × NativeTerminalPane daemon and session identity mapping > routes attach, bounds, focus, input, and detach to backendSessionId when id and backendSessionId intentionally differ 2ms
     → expected "spy" to be called with arguments: [ 'cmd_native_terminal_attach', …(1) ][90m

Number of calls: [1m0[22m
[39m
   × NativeTerminalPane daemon and session identity mapping > preserves fallback behavior when callers only supply sessionId without session object 2ms
     → expected "spy" to be called with arguments: [ 'cmd_native_terminal_attach', …(1) ][90m

Number of calls: [1m0[22m
[39m
   × NativeTerminalPane daemon and session identity mapping > makes no attach, focus, or input IPC calls when session has null backendSessionId, then attaches once upon receiving backendSessionId 3ms
     → Unable to find an element by: [data-testid="native-terminal-focus-sink"]

Ignored nodes: comments, script, style
[36m<body>[39m
  [36m<div />[39m
[36m</body>[39m
   × NativeTerminalPane daemon and session identity mapping > focuses and routes input only to the pane receiving a reconnect binding 2ms
     → Unable to find an element by: [data-testid="native-terminal-focus-sink"]

Ignored nodes: comments, script, style
[36m<body>[39m
  [36m<div />[39m
[36m</body>[39m
   ✓ NativeTerminalPane daemon and session identity mapping > resets daemon replay before a reconnect result is bound 1ms
   × NativeTerminalPane daemon and session identity mapping > does not detach a replacement owner when the rebound pane reparents in the same turn 1004ms
     → expected "spy" to be called with arguments: [ 'cmd_native_terminal_attach', …(1) ][90m

Number of calls: [1m0[22m
[39m

Ignored nodes: comments, script, style
[36m<html>[39m
  [36m<head />[39m
  [36m<body>[39m
    [36m<div />[39m
  [36m</body>[39m
[36m</html>[39m
   × NativeTerminalPane daemon and session identity mapping > retries mount attach on rejection with exponential backoff and attaches on eventual success 2ms
     → expected +0 to be 1 // Object.is equality
   × NativeTerminalPane daemon and session identity mapping > redirects printable keydown fallback when activeElement is document.body 1005ms
     → expected "spy" to be called with arguments: [ …(2) ][90m

Number of calls: [1m0[22m
[39m

Ignored nodes: comments, script, style
[36m<html>[39m
  [36m<head />[39m
  [36m<body>[39m
    [36m<div />[39m
  [36m</body>[39m
[36m</html>[39m
   × NativeTerminalPane daemon and session identity mapping > does not let an inactive last-focused pane steal body keydowns 1005ms
     → expected 0 to be greater than 0

Ignored nodes: comments, script, style
[36m<html>[39m
  [36m<head />[39m
  [36m<body>[39m
    [36m<div />[39m
  [36m</body>[39m
[36m</html>[39m
   × NativeTerminalPane daemon and session identity mapping > forwards Enter through the keydown fallback when activeElement is document.body 1006ms
     → expected false to be true // Object.is equality

Ignored nodes: comments, script, style
[36m<html>[39m
  [36m<head />[39m
  [36m<body>[39m
    [36m<div />[39m
  [36m</body>[39m
[36m</html>[39m
   × NativeTerminalPane daemon and session identity mapping > forwards Ctrl+C through the keydown fallback when activeElement is document.body 1008ms
     → expected false to be true // Object.is equality

Ignored nodes: comments, script, style
[36m<html>[39m
  [36m<head />[39m
  [36m<body>[39m
    [36m<div />[39m
  [36m</body>[39m
[36m</html>[39m
   × NativeTerminalPane daemon and session identity mapping > delivers a fallback Enter to exactly one pane when two split panes are mounted 1006ms
     → expected 0 to be greater than 0

Ignored nodes: comments, script, style
[36m<html>[39m
  [36m<head />[39m
  [36m<body>[39m
    [36m<div />[39m
  [36m</body>[39m
[36m</html>[39m
   × NativeTerminalPane daemon and session identity mapping > routes a keystroke to the swapped-in session after a workspace switch, never the outgoing one 1002ms
     → expected false to be true // Object.is equality

Ignored nodes: comments, script, style
[36m<html>[39m
  [36m<head />[39m
  [36m<body>[39m
    [36m<div />[39m
  [36m</body>[39m
[36m</html>[39m
   × NativeTerminalPane daemon and session identity mapping > preserves native mouse-up focus after WebKit mouse-down handling moves focus to BODY 2ms
     → Unable to find an element by: [data-testid="native-terminal-focus-sink"]

Ignored nodes: comments, script, style
[36m<body>[39m
  [36m<div />[39m
[36m</body>[39m
   × NativeTerminalPane daemon and session identity mapping > lets immediate Hangul input start composition after a native pane switch 4ms
     → Unable to find an element by: [data-testid="native-terminal-focus-sink"]

Ignored nodes: comments, script, style
[36m<body>[39m
  [36m<div />[39m
[36m</body>[39m
   × NativeTerminalPane daemon and session identity mapping > forwards plain Ctrl+C with no activity prop as key 'c' with ctrl true 2ms
     → Unable to find an element by: [data-testid="native-terminal-focus-sink"]

Ignored nodes: comments, script, style
[36m<body>[39m
  [36m<div />[39m
[36m</body>[39m
   × NativeTerminalPane daemon and session identity mapping > forwards Ctrl+C unchanged when agent state is waiting 2ms
     → Unable to find an element by: [data-testid="native-terminal-focus-sink"]

Ignored nodes: comments, script, style
[36m<body>[39m
  [36m<div />[39m
[36m</body>[39m
   × NativeTerminalPane daemon and session identity mapping > forwards Ctrl+C unchanged when agent state is working 2ms
     → Unable to find an element by: [data-testid="native-terminal-focus-sink"]

Ignored nodes: comments, script, style
[36m<body>[39m
  [36m<div />[39m
[36m</body>[39m
   × NativeTerminalPane daemon and session identity mapping > forwards Ctrl+C unchanged when agent state is done 2ms
     → Unable to find an element by: [data-testid="native-terminal-focus-sink"]

Ignored nodes: comments, script, style
[36m<body>[39m
  [36m<div />[39m
[36m</body>[39m
   × NativeTerminalPane daemon and session identity mapping > forwards two quick Ctrl+C presses without scheduling an extra interrupt when agent is waiting 3ms
     → Unable to find an element by: [data-testid="native-terminal-focus-sink"]

Ignored nodes: comments, script, style
[36m<body>[39m
  [36m<div />[39m
[36m</body>[39m
   × NativeTerminalPane daemon and session identity mapping > forwards two spaced Ctrl+C presses unchanged when agent is waiting 2ms
     → Unable to find an element by: [data-testid="native-terminal-focus-sink"]

Ignored nodes: comments, script, style
[36m<body>[39m
  [36m<div />[39m
[36m</body>[39m
   × NativeTerminalPane daemon and session identity mapping > sends key 'c' twice immediately with no delayed third send for quick plain Ctrl+C in a plain shell 1ms
     → Unable to find an element by: [data-testid="native-terminal-focus-sink"]

Ignored nodes: comments, script, style
[36m<body>[39m
  [36m<div />[39m
[36m</body>[39m
   × NativeTerminalPane daemon and session identity mapping > sends key 'c' twice immediately with no delayed third send for quick Ctrl+C when agent is working 2ms
     → Unable to find an element by: [data-testid="native-terminal-focus-sink"]

Ignored nodes: comments, script, style
[36m<body>[39m
  [36m<div />[39m
[36m</body>[39m
   × NativeTerminalPane daemon and session identity mapping > forwards fallback document.body Ctrl+C presses without synthetic interrupts when agent is waiting 3ms
     → expected [] to deeply equal [ 'c', 'c' ]
   × NativeTerminalPane daemon and session identity mapping > keeps interrupt key 'c' on plain Ctrl+C when activity indicates agent is working 1ms
     → Unable to find an element by: [data-testid="native-terminal-focus-sink"]

Ignored nodes: comments, script, style
[36m<body>[39m
  [36m<div />[39m
[36m</body>[39m
   × NativeTerminalPane daemon and session identity mapping > normalizes Korean layout Ctrl+C (key ㅊ and code KeyC) to key 'c' instead of 'ㅊ' 1ms
     → Unable to find an element by: [data-testid="native-terminal-focus-sink"]

Ignored nodes: comments, script, style
[36m<body>[39m
  [36m<div />[39m
[36m</body>[39m
   × NativeTerminalPane daemon and session identity mapping > normalizes Korean layout Ctrl+L (key ㅣ and code KeyL) to key 'l' instead of 'ㅣ' 0ms
     → Unable to find an element by: [data-testid="native-terminal-focus-sink"]

Ignored nodes: comments, script, style
[36m<body>[39m
  [36m<div />[39m
[36m</body>[39m
   × NativeTerminalPane daemon and session identity mapping > forwards Ctrl+C unchanged when session has agentType and no activity prop 1ms
     → Unable to find an element by: [data-testid="native-terminal-focus-sink"]

Ignored nodes: comments, script, style
[36m<body>[39m
  [36m<div />[39m
[36m</body>[39m
   × NativeTerminalPane daemon and session identity mapping > keeps interrupt key 'c' on plain Ctrl+C when session has agentType and activity indicates agent is working 1ms
     → Unable to find an element by: [data-testid="native-terminal-focus-sink"]

Ignored nodes: comments, script, style
[36m<body>[39m
  [36m<div />[39m
[36m</body>[39m
   × NativeTerminalPane daemon and session identity mapping > does not send input or write clipboard on Cmd+C with empty selection when activity indicates agent is waiting 1ms
     → Unable to find an element by: [data-testid="native-terminal-focus-sink"]

Ignored nodes: comments, script, style
[36m<body>[39m
  [36m<div />[39m
[36m</body>[39m
   × NativeTerminalPane daemon and session identity mapping > copies selection to clipboard on Cmd+C with non-empty selection without sending input when agent is waiting 1ms
     → Unable to find an element by: [data-testid="native-terminal-focus-sink"]

Ignored nodes: comments, script, style
[36m<body>[39m
  [36m<div />[39m
[36m</body>[39m
   × NativeTerminalPane daemon and session identity mapping > copies selection to clipboard on Ctrl+Shift+C without sending input 0ms
     → Unable to find an element by: [data-testid="native-terminal-focus-sink"]

Ignored nodes: comments, script, style
[36m<body>[39m
  [36m<div />[39m
[36m</body>[39m
   × NativeTerminalPane daemon and session identity mapping > syncs attention frame state to backend when needsAttention changes or component unmounts 1003ms
     → expected "spy" to be called with arguments: [ 'term-session-attention', true ][90m

Number of calls: [1m0[22m
[39m

Ignored nodes: comments, script, style
[36m<html>[39m
  [36m<head />[39m
  [36m<body>[39m
    [36m<div />[39m
  [36m</body>[39m
[36m</html>[39m
   × NativeTerminalPane daemon and session identity mapping > swallows the keydown that terminates an IME composition 1ms
     → Unable to find an element by: [data-testid="native-terminal-focus-sink"]

Ignored nodes: comments, script, style
[36m<body>[39m
  [36m<div />[39m
[36m</body>[39m
   × NativeTerminalPane daemon and session identity mapping > still sends standalone spaces after a committed composition 1ms
     → Unable to find an element by: [data-testid="native-terminal-focus-sink"]

Ignored nodes: comments, script, style
[36m<body>[39m
  [36m<div />[39m
[36m</body>[39m
   × NativeTerminalPane daemon and session identity mapping > disarms the tail suppression when a different key arrives 1ms
     → Unable to find an element by: [data-testid="native-terminal-focus-sink"]

Ignored nodes: comments, script, style
[36m<body>[39m
  [36m<div />[39m
[36m</body>[39m
   × NativeTerminalPane daemon and session identity mapping > sends plain space without any composition 0ms
     → Unable to find an element by: [data-testid="native-terminal-focus-sink"]

Ignored nodes: comments, script, style
[36m<body>[39m
  [36m<div />[39m
[36m</body>[39m
   × NativeTerminalPane daemon and session identity mapping > does not swallow the first jamo of a new composition after a jamo-tailed commit 0ms
     → Unable to find an element by: [data-testid="native-terminal-focus-sink"]

Ignored nodes: comments, script, style
[36m<body>[39m
  [36m<div />[39m
[36m</body>[39m
   × NativeTerminalPane daemon and session identity mapping > does not trigger performAttach when send_input fails with Busy and inputWritten:false 0ms
     → Unable to find an element by: [data-testid="native-terminal-focus-sink"]

Ignored nodes: comments, script, style
[36m<body>[39m
  [36m<div />[39m
[36m</body>[39m
   × NativeTerminalPane daemon and session identity mapping > delivers preedit update enqueued while input send is in flight strictly after input in NativeTerminalPane 0ms
     → Unable to find an element by: [data-testid="native-terminal-focus-sink"]

Ignored nodes: comments, script, style
[36m<body>[39m
  [36m<div />[39m
[36m</body>[39m
   × NativeTerminalPane daemon and session identity mapping > coalesces consecutive preedit updates into one delivered call while input is in flight in NativeTerminalPane 1ms
     → Unable to find an element by: [data-testid="native-terminal-focus-sink"]

Ignored nodes: comments, script, style
[36m<body>[39m
  [36m<div />[39m
[36m</body>[39m
   × NativeTerminalPane daemon and session identity mapping > increments each drop reason counter exactly once for its scenario in NativeTerminalPane 1ms
     → Unable to find an element by: [data-testid="native-terminal-focus-sink"]

Ignored nodes: comments, script, style
[36m<body>[39m
  [36m<div />[39m
[36m</body>[39m
   × terminal link UX (U1-U3) > opens file preview on Cmd+click for OSC 8 file hyperlink 0ms
     → Unable to find an element by: [data-testid="native-terminal-pane"]

Ignored nodes: comments, script, style
[36m<body>[39m
  [36m<div />[39m
[36m</body>[39m
   × terminal link UX (U1-U3) > ignores OSC 8 hyperlinks with a foreign host and does not open file or resolve 0ms
     → Unable to find an element by: [data-testid="native-terminal-pane"]

Ignored nodes: comments, script, style
[36m<body>[39m
  [36m<div />[39m
  [36m<div />[39m
[36m</body>[39m
   × terminal link UX (U1-U3) > fetches remote file in ssh workspace on Cmd+click without showing failure toast 0ms
     → Unable to find an element by: [data-testid="native-terminal-pane"]

Ignored nodes: comments, script, style
[36m<body>[39m
  [36m<div />[39m
  [36m<div />[39m
  [36m<div />[39m
[36m</body>[39m
   × terminal link UX (U1-U3) > dispatches terminal link actions on plain click unless mouse tracking is enabled 0ms
     → Unable to find an element by: [data-testid="native-terminal-pane"]

Ignored nodes: comments, script, style
[36m<body>[39m
  [36m<div />[39m
  [36m<div />[39m
  [36m<div />[39m
  [36m<div />[39m
[36m</body>[39m
   × terminal link UX (U1-U3) > shows hover hint when resolve exists:true and hides underline when exists:false 0ms
     → Unable to find an element by: [data-testid="native-terminal-pane"]

Ignored nodes: comments, script, style
[36m<body>[39m
  [36m<div />[39m
  [36m<div />[39m
  [36m<div />[39m
  [36m<div />[39m
  [36m<div />[39m
[36m</body>[39m
   × terminal link UX (U1-U3) > session interaction event dispatch > dispatches ferryx:session-interacted on user input 5ms
     → Unable to find an element by: [data-testid="native-terminal-focus-sink"]

Ignored nodes: comments, script, style
[36m<body>[39m
  [36m<div />[39m
  [36m<div />[39m
  [36m<div />[39m
  [36m<div />[39m
  [36m<div />[39m
  [36m<div />[39m
[36m</body>[39m
   × terminal link UX (U1-U3) > session interaction event dispatch > dispatches ferryx:session-interacted on paste 1ms
     → Unable to find an element by: [data-testid="native-terminal-focus-sink"]

Ignored nodes: comments, script, style
[36m<body>[39m
  [36m<div />[39m
[36m</body>[39m
   × terminal link UX (U1-U3) > session interaction event dispatch > dispatches ferryx:session-interacted on pointer down 0ms
     → Unable to find an element by: [data-testid="native-terminal-pane"]

Ignored nodes: comments, script, style
[36m<body>[39m
  [36m<div />[39m
[36m</body>[39m
   × terminal link UX (U1-U3) > session interaction event dispatch > dispatches ferryx:session-interacted on native terminal focus 0ms
     → expected [] to include 'frontend-focus-session'
stderr | src/App.test.tsx > App project workspace flow > shows a retryable error when a stored project fails to register at startup
Local workspace registration skipped: heal-fail-a Error: repo path is gone
    at [90m/Users/I552267/ferryx-pane-completion/source-5464da0d/ui/[39msrc/App.test.tsx:668:50
    at [90mfile:///Users/I552267/ferryx-pane-completion/source-5464da0d/ui/[39mnode_modules/[4m@vitest/runner[24m/dist/chunk-hooks.js:155:11
    at [90mfile:///Users/I552267/ferryx-pane-completion/source-5464da0d/ui/[39mnode_modules/[4m@vitest/runner[24m/dist/chunk-hooks.js:752:26
    at [90mfile:///Users/I552267/ferryx-pane-completion/source-5464da0d/ui/[39mnode_modules/[4m@vitest/runner[24m/dist/chunk-hooks.js:1897:20
    at new Promise (<anonymous>)
    at runWithTimeout [90m(file:///Users/I552267/ferryx-pane-completion/source-5464da0d/ui/[39mnode_modules/[4m@vitest/runner[24m/dist/chunk-hooks.js:1863:10[90m)[39m
    at runTest [90m(file:///Users/I552267/ferryx-pane-completion/source-5464da0d/ui/[39mnode_modules/[4m@vitest/runner[24m/dist/chunk-hooks.js:1574:12[90m)[39m
[90m    at processTicksAndRejections (node:internal/process/task_queues:103:5)[39m
    at runSuite [90m(file:///Users/I552267/ferryx-pane-completion/source-5464da0d/ui/[39mnode_modules/[4m@vitest/runner[24m/dist/chunk-hooks.js:1729:8[90m)[39m
    at runSuite [90m(file:///Users/I552267/ferryx-pane-completion/source-5464da0d/ui/[39mnode_modules/[4m@vitest/runner[24m/dist/chunk-hooks.js:1729:8[90m)[39m

 ❯ src/App.test.tsx (154 tests | 5 failed) 12729ms
   ✓ App project workspace flow > awaits the local registration heal before publishing the bootstrap in both boot branches 2ms
   ✓ App project workspace flow > dedupes repeated local registration heals and skips placeholder projects 2ms
   ✓ App project workspace flow > shows a retryable error when a stored project fails to register at startup 7ms
   ✓ App project workspace flow > P05 focused browser shortcut targeting on Windows > routes mounted receivers for nested content 143ms
   ✓ App project workspace flow > P05 focused browser shortcut targeting on Windows > routes mounted receivers for flat content 25ms
   ✓ App project workspace flow > P05 focused browser shortcut targeting on Windows > routes mounted receivers for top-level content 23ms
   ✓ App project workspace flow > P05 focused browser shortcut targeting on Windows > routes mounted receivers for terminal content 20ms
   ✓ App project workspace flow > P05 focused browser shortcut targeting on Windows > routes mounted receivers for missing-content content 16ms
   ✓ App project workspace flow > P05 optional-kind focused close wiring on Windows > Ctrl+W > targets only the focused pane: tagged=true pinned=true split=true 5ms
   ✓ App project workspace flow > P05 optional-kind focused close wiring on Windows > Ctrl+W > targets only the focused pane: tagged=true pinned=true split=false 4ms
   ✓ App project workspace flow > P05 optional-kind focused close wiring on Windows > Ctrl+W > targets only the focused pane: tagged=true pinned=false split=true 3ms
   ✓ App project workspace flow > P05 optional-kind focused close wiring on Windows > Ctrl+W > targets only the focused pane: tagged=true pinned=false split=false 4ms
   ✓ App project workspace flow > P05 optional-kind focused close wiring on Windows > Ctrl+W > targets only the focused pane: tagged=false pinned=true split=true 3ms
   ✓ App project workspace flow > P05 optional-kind focused close wiring on Windows > Ctrl+W > targets only the focused pane: tagged=false pinned=true split=false 3ms
   ✓ App project workspace flow > P05 optional-kind focused close wiring on Windows > Ctrl+W > targets only the focused pane: tagged=false pinned=false split=true 3ms
   ✓ App project workspace flow > P05 optional-kind focused close wiring on Windows > Ctrl+W > targets only the focused pane: tagged=false pinned=false split=false 5ms
   ✓ App project workspace flow > P05 optional-kind focused close wiring on Windows > Ctrl+W > closes focused working agent pane in a split without confirmation 4ms
   ✓ App project workspace flow > P05 optional-kind focused close wiring on Windows > Ctrl+W > closes focused waiting agent pane in a split without confirmation 7ms
   ✓ App project workspace flow > P05 optional-kind focused close wiring on Windows > Ctrl+W > does not ask for confirmation for an untagged pane's busy sibling 4ms
   ✓ App project workspace flow > P05 optional-kind focused close wiring on Windows > Ctrl+W > preserves browser whole-tab guard with pinned=false even with a layout 3ms
   ✓ App project workspace flow > P05 optional-kind focused close wiring on Windows > Ctrl+W > preserves browser whole-tab guard with pinned=true even with a layout 3ms
   ✓ App project workspace flow > P05 optional-kind focused close wiring on Windows > Ctrl+W > ignores a nonexistent active tab even with a leftover layout 5ms
   ✓ App project workspace flow > P05 optional-kind focused close wiring on Windows > native menu > targets only the focused pane: tagged=true pinned=true split=true 3ms
   ✓ App project workspace flow > P05 optional-kind focused close wiring on Windows > native menu > targets only the focused pane: tagged=true pinned=true split=false 2ms
   ✓ App project workspace flow > P05 optional-kind focused close wiring on Windows > native menu > targets only the focused pane: tagged=true pinned=false split=true 2ms
   ✓ App project workspace flow > P05 optional-kind focused close wiring on Windows > native menu > targets only the focused pane: tagged=true pinned=false split=false 2ms
   ✓ App project workspace flow > P05 optional-kind focused close wiring on Windows > native menu > targets only the focused pane: tagged=false pinned=true split=true 4ms
   ✓ App project workspace flow > P05 optional-kind focused close wiring on Windows > native menu > targets only the focused pane: tagged=false pinned=true split=false 3ms
   ✓ App project workspace flow > P05 optional-kind focused close wiring on Windows > native menu > targets only the focused pane: tagged=false pinned=false split=true 2ms
   ✓ App project workspace flow > P05 optional-kind focused close wiring on Windows > native menu > targets only the focused pane: tagged=false pinned=false split=false 2ms
   ✓ App project workspace flow > P05 optional-kind focused close wiring on Windows > native menu > closes focused working agent pane in a split without confirmation 2ms
   ✓ App project workspace flow > P05 optional-kind focused close wiring on Windows > native menu > closes focused waiting agent pane in a split without confirmation 2ms
   ✓ App project workspace flow > P05 optional-kind focused close wiring on Windows > native menu > does not ask for confirmation for an untagged pane's busy sibling 2ms
   ✓ App project workspace flow > P05 optional-kind focused close wiring on Windows > native menu > preserves browser whole-tab guard with pinned=false even with a layout 4ms
   ✓ App project workspace flow > P05 optional-kind focused close wiring on Windows > native menu > preserves browser whole-tab guard with pinned=true even with a layout 2ms
   ✓ App project workspace flow > P05 optional-kind focused close wiring on Windows > native menu > ignores a nonexistent active tab even with a leftover layout 2ms
   ✓ App project workspace flow > passes live tabless workspace state to the sidebar 3ms
   ✓ App project workspace flow > does not select tabless workspace rows through Cmd+digit 3ms
   ✓ App project workspace flow > skips tabless background worktrees when indexing Cmd+N targets 5ms
   ✓ App project workspace flow > returns reconnect failure to the pane instead of discarding its promise 4ms
   ✓ App project workspace flow > routes the native Cmd+T menu accelerator through the normal new-terminal callback 5ms
   ✓ App project workspace flow > routes the native Cmd+W menu accelerator to close the active tab 3ms
   ✓ App project workspace flow > routes web Cmd+W on a leaf-root terminal tab to its pane when focus is unset 3ms
   ✓ App project workspace flow > confirms closing a single-pane tab with a working agent as a tab close 24ms
   ✓ App project workspace flow > confirms closing a single-pane tab with a waiting agent as a tab close 17ms
   ✓ App project workspace flow > closes a single pane in a split view with a working agent without confirmation 10ms
   ✓ App project workspace flow > closes a single pane in a split view with a waiting agent without confirmation 9ms
   ✓ App project workspace flow > confirms tab close for a working agent even with confirmCloseTab disabled 21ms
   ✓ App project workspace flow > confirms tab close for a waiting agent even with confirmCloseTab disabled 20ms
   ✓ App project workspace flow > closes an idle focused pane through native Cmd+W without confirming for a busy sibling 10ms
   ✓ App project workspace flow > routes the native Cmd+W menu accelerator to close the focused pane in a split terminal tab 4ms
   ✓ App project workspace flow > routes the web Cmd+W shortcut to close the focused pane in a split terminal tab 2ms
   ✓ App project workspace flow > routes the native Cmd+W menu accelerator to close an active browser tab 4ms
   ✓ App project workspace flow > routes http links to a built-in browser tab through the app-registered opener 3ms
   ✓ App project workspace flow > shows tab close confirmation when confirmCloseTab is enabled, cancelling on reject and closing on confirm 28ms
   ✓ App project workspace flow > uses the canonical folder-derived project on an empty native startup 6ms
   ✓ App project workspace flow > falls back to stored projects and initializes bootstrap when getInitialProject rejects 5ms
   ✓ App project workspace flow > starts update polling on native mount and stops it on unmount 3ms
   ✓ App project workspace flow > renders genuine empty state and does not create phantom default workspace when getInitialProject rejects without stored projects 7ms
   ✓ App project workspace flow > checks for a signed update when the native app starts 3ms
   ✓ App project workspace flow > restores projects lost from WebView storage using the native session catalog 12ms
   ✓ App project workspace flow > restores multi-project native session catalog when single persisted project differs from startup 11ms
   ✓ App project workspace flow > does not restore historical projects into an existing multi-project catalog 10ms
   ✓ App project workspace flow > keeps the native shell initializing until persisted workspace tabs are preloaded 59ms
   ✓ App project workspace flow > migrates the legacy default placeholder to the canonical native project 5ms
   ✓ App project workspace flow > removes a project via RemoveProjectDialog and switches active project when removing the active one 35ms
   ✓ App project workspace flow > shows a genuine empty state and does not re-register the default project after removing the last project 26ms
   ✓ App project workspace flow > scopes WorktreeDeleteDialog workspaceId to the owning project of the deleted worktree 10ms
   ✓ App project workspace flow > migrates legacy rorca/orca storage keys to ferryx namespace on startup (F10) 5ms
   ✓ App project workspace flow > heals a legacy project entry (no gitRoot) into a git-backed project on startup 9ms
   ✓ App project workspace flow > re-registers the active persisted project before refreshing its worktrees 6ms
   ✓ App project workspace flow > opens a registered project's real branch-dropdown worktree flow 40ms
   ✓ App project workspace flow > opens worktree creation for the clicked non-active project 17ms
   ✓ App project workspace flow > switches to the non-active project before opening its created worktree 35ms
   ✓ App project workspace flow > switches the active project when selecting a project row in the nested tree 13ms
   ✓ App project workspace flow > shows the original project's worktrees again after switching away and clicking back 31ms
   ✓ App project workspace flow > adopts the canonical workspaceId the backend returns for an already-registered root 6ms
   ✓ App project workspace flow > retries registration on window focus after a transient failure instead of gating forever 8ms
   ✓ App project workspace flow > persists the outgoing project's session when switching away 65ms
   ✓ App project workspace flow > discards a parked worktree selection that belongs to a project no longer active 23ms
   ✓ App project workspace flow > surfaces a genuine same-id different-root registration conflict instead of silently listing 5ms
   ✓ App project workspace flow > switches project instead of activating when the worktree belongs to another project 13ms
   ✓ App project workspace flow > switches project for a branch-less worktree nested under another project's root 12ms
   ✓ App project workspace flow > activates a worktree directly when it belongs to the active project 9ms
   ✓ App project workspace flow > walks visible worktrees top to bottom across expanded projects with Cmd+1.. 10ms
   ✓ App project workspace flow > skips a collapsed project's rows when counting Cmd+N positions 7ms
   ✓ App project workspace flow > selects a worktree when macOS forwards Cmd+N through the native key monitor 5ms
   ✓ App project workspace flow > targets the synthesized root row of a visible non-Git project via native Cmd+digit 9ms
   ✓ App project workspace flow > targets inactive cached rows before extra owned rows matching Sidebar top-to-bottom order via native Cmd+digit 9ms
   ✓ App project workspace flow > keeps out-of-range Cmd+N presses a no-op 3ms
   ✓ App project workspace flow > navigates workspaces with Cmd+1..4 and terminal tabs with Ctrl+1..4 ignoring out-of-range keys 3ms
   ✓ App project workspace flow > toggles sidebar visibility with Cmd+B and persists state across mounts 22ms
   × App project workspace flow > keeps restored missing sessions in standby under the default Lazy policy 59ms
     → expected { id: 'dead-sess-1', …(17) } to match object { id: 'dead-sess-1', …(3) }
(14 matching properties omitted from actual)
   ✓ App project workspace flow > waits until registration and worktree refresh complete before restoring Lazy standby sessions 6ms
   ✓ App project workspace flow > restores persisted terminal sessions only once when restored state changes effect dependencies 57ms
   ✓ App project workspace flow > preserves live backend sessions when restoring during dev/HMR 55ms
   × App project workspace flow > reconciles live and missing sessions across split panes without auto-respawning dead sessions 61ms
     → expected { id: 'dead-sess-2', …(17) } to match object { id: 'dead-sess-2', …(2) }
(15 matching properties omitted from actual)
   × App project workspace flow > reconciles daemonEpoch and lastOutputSequence on startup, marking epoch mismatch as exited 65ms
     → expected { id: 'sess-mismatch', …(17) } to match object { id: 'sess-mismatch', …(4) }
(13 matching properties omitted from actual)
   ✓ App project workspace flow > toggles the settings dialog with Cmd+, 27ms
   ✓ App project workspace flow > activates in-terminal search on active pane with Cmd+F 5ms
   ✓ App project workspace flow > moves pane focus next and previous with Cmd+] and Cmd+[ 4ms
   ✓ App project workspace flow > detects agents on mount and launches agent via spawnTerminal and writeTerminal  630ms
   ✓ App project workspace flow > surfaces the stored defaultAgentId first with a Default label in the New Tab agent list 38ms
   ✓ App project workspace flow > opens a browser tab at the configured homepage from the new-tab menu 22ms
   ✓ App project workspace flow > opens a blank browser tab from the new-tab menu when no homepage is set 16ms
   ✓ App project workspace flow > preserves every registered workspace when saving session instead of clobbering inactive workspaces 6ms
   ✓ App project workspace flow > conditionally mounts SettingsDialog and CommandPalette only when open 3ms
   ✓ App project workspace flow > lazy-loads SettingsDialog via React.lazy with Suspense 1ms
   ✓ App project workspace flow > does not list state in registerWindowCloseGuard effect dependencies 0ms
   ✓ App project workspace flow > does not starve debounced session persistence when transient title/activity ticks arrive faster than debounce interval 22ms
   ✓ App project workspace flow > does not pass inline arrow functions for onOpenSettings or onCloseSearch 1ms
   ✓ App project workspace flow > preserves layout ownership and marks dead sessions exited across active and parked layouts without auto-respawning 58ms
   ✓ App project workspace flow > successfully completes session restore under React StrictMode double-mount without skipping 57ms
   ✓ App project workspace flow > skips native disk session restore when store was hydrated from HMR handoff and no HMR state exists 13ms
   × App project workspace flow > reconciles stale sessions and triggers ensureSessionBackends on HMR handoff when daemon restarted 1063ms
     → expected "spy" to be called with arguments: [ [ 'dead-sess-1' ] ][90m

Number of calls: [1m0[22m
[39m

Ignored nodes: comments, script, style
[36m<html[39m
  [33mdata-accent[39m=[32m"default"[39m
  [33mdata-density[39m=[32m"compact"[39m
  [33mdata-theme[39m=[32m"charcoal"[39m
  [33mdata-theme-preference[39m=[32m"charcoal"[39m
  [33mstyle[39m=[32m"color-scheme: dark; --terminal: #282c34; --terminal-rgb: 40 44 52;"[39m
[36m>[39m
  [36m<head />[39m
  [36m<body>[39m
    [36m<div>[39m
      [36m<div[39m
        [33mclass[39m=[32m"flex h-screen w-screen select-none overflow-hidden bg-background font-sans text-foreground"[39m
      [36m>[39m
        [36m<div[39m
          [33mclass[39m=[32m"selectable"[39m
          [33mdata-native-terminal-yield[39m=[32m"off"[39m
        [36m>[39m
          [36m<section[39m
            [33maria-atomic[39m=[32m"false"[39m
            [33maria-label[39m=[32m"Notifications alt+T"[39m
            [33maria-live[39m=[32m"polite"[39m
            [33maria-relevant[39m=[32m"additions text"[39m
            [33mdata-react-aria-top-layer[39m=[32m"true"[39m
            [33mtabindex[39m=[32m"-1"[39m
          [36m/>[39m
        [36m</div>[39m
        [36m<div[39m
          [33mdata-empty-workspaces[39m=[32m"[]"[39m
          [33mdata-open[39m=[32m"true"[39m
          [33mdata-testid[39m=[32m"mock-sidebar"[39m
        [36m>[39m
          [36m<button[39m
            [33mtype[39m=[32m"button"[39m
          [36m>[39m
            [0mHide sidebar[0m
          [36m</button>[39m
          [36m<button[39m
            [33mtype[39m=[32m"button"[39m
          [36m>[39m
            [0mOpen settings[0m
          [36m</button>[39m
          [36m<button[39m
            [33mtype[39m=[32m"button"[39m
          [36m>[39m
            [0mAdd project[0m
          [36m</button>[39m
          [36m<span>[39m
            [0mActive project [0m
            [0mdefault[0m
          [36m</span>[39m
          [36m<div>[39m
            [36m<button[39m
              [33mtype[39m=[32m"button"[39m
            [36m>[39m
              [0mProject [0m
              [0mdefault[0m
            [36m</button>[39m
            [36m<button[39m
              [33mtype[39m=[32m"button"[39m
            [36m>[39m
              [0mAdd worktree to [0m
              [0mdefault[0m
            [36m</button>[39m
            [36m<button[39m
              [33mtype[39m=[32m"button"[39m
            [36m>[39m
              [0mRemove project [0m
              [0mdefault[0m
            [36m</button>[39m
            [36m<div>[39m
              [36m<button[39m
                [33mtype[39m=[32m"button"[39m
              [36m>[39m
                [0mWorktree [0m
                [0m/repo/main[0m
              [36m</button>[39m
              [36m<button[39m
                [33mtype[39m=[32m"button"[39m
              [36m>[39m
                [0mDelete worktree [0m
                [0m/repo/main[0m
              [36m</button>[39m
            [36m</div>[39m
            [36m<div>[39m
              [36m<button[39m
                [33mtype[39m=[32m"button"[39m
              [36m>[39m
                [0mWorktree [0m
                [0m/repo/feature[0m
              [36m</button>[39m
              [36m<button[39m
                [33mtype[39m=[32m"button"[39m
              [36m>[39m
                [0mDelete worktree [0m
                [0m/repo/feature[0m
              [36m</button>[39m
            [36m</div>[39m
            [36m<div>[39m
              [36m<button[39m
                [33mtype[39m=[32m"button"[39m
              [36m>[39m
                [0mWorktree [0m
                [0m/repo/bugfix[0m
              [36m</button>[39m
              [36m<button[39m
                [33mtype[39m=[32m"button"[39m
              [36m>[39m
                [0mDelete worktree [0m
                [0m/repo/bugfix[0m
              [36m</button>[39m
            [36m</div>[39m
            [36m<div>[39m
              [36m<button[39m
                [33mtype[39m=[32m"button"[39m
              [36m>[39m
                [0mWorktree [0m
                [0m/repo/docs[0m
              [36m</button>[39m
              [36m<button[39m
                [33mtype[39m=[32m"button"[39m
              [36m>[39m
                [0mDelete worktree [0m
                [0m/repo/docs[0m
              [36m</button>[39m
            [36m</div>[39m
          [36m</div>[39m
        [36m</div>[39m
        [36m<main[39m
          [33mclass[39m=[32m"flex h-full min-w-0 flex-1 flex-col overflow-hidden bg-background"[39m
        [36m>[39m
          [36m<div[39m
            [33mdata-default-agent-id[39m=[32m""[39m
            [33mdata-search-leaf-id[39m=[32m""[39m
            [33mdata-testid[39m=[32m"terminal-split-view"[39m
          [36m>[39m
            [36m<button[39m
              [33mtype[39m=[32m"button"[39m
            [36m>[39m
              [0mClose fixture pane[0m
            [36m</button>[39m
            [36m<button[39m
              [33mtype[39m=[32m"button"[39m
            [36m>[39m
              [0mClose fixture tab[0m
            [36m</button>[39m
            [36m<button[39m
              [33mtype[39m=[32m"button"[39m
            [36m>[39m
              [0mNew browser tab[0m
            [36m</button>[39m
          [36m</div>[39m
        [36m</main>[39m
      [36m</div>[39m
    [36m</div>[39m
    [36m<div[39m
      [33maria-hidden[39m=[32m"true"[39m
      [33mclass[39m=[32m"pointer-events-none fixed inset-0 z-50"[39m
      [33mdata-shortcut-hints[39m=[32m"true"[39m
    [36m/>[39m
  [36m</body>[39m
[36m</html>[39m...
   ✓ App project workspace flow > Ferryx desktop focused-terminal publisher and remote selection listener > derives focused terminal payload through focused group -> active tab -> active leaf -> session -> backendSessionId 1ms
   ✓ App project workspace flow > Ferryx desktop focused-terminal publisher and remote selection listener > publishes terminal tabs from every worktree with safe labels 0ms
   ✓ App project workspace flow > Ferryx desktop focused-terminal publisher and remote selection listener > publishes the primary worktree with no managed slug 0ms
   ✓ App project workspace flow > Ferryx desktop focused-terminal publisher and remote selection listener > activates the exact pane when a remote selection names a leaf-addressed entry 5ms
   ✓ App project workspace flow > Ferryx desktop focused-terminal publisher and remote selection listener > exposes every split pane of a tab as its own remote entry addressed by leaf 1ms
   ✓ App project workspace flow > Ferryx desktop focused-terminal publisher and remote selection listener > keeps a single-pane tab addressed by its plain tab id 0ms
   ✓ App project workspace flow > Ferryx desktop focused-terminal publisher and remote selection listener > derives per-tab activityState and agentType when present in activityBySessionId 0ms
   ✓ App project workspace flow > Ferryx desktop focused-terminal publisher and remote selection listener > keeps publishing the terminal inventory with an empty focus when a browser tab is active 0ms
   ✓ App project workspace flow > Ferryx desktop focused-terminal publisher and remote selection listener > returns null only when the desktop has no terminal tab at all 0ms
   ✓ App project workspace flow > Ferryx desktop focused-terminal publisher and remote selection listener > does not republish unchanged terminal inventory on unrelated workspace renders 5ms
   ✓ App project workspace flow > Ferryx desktop focused-terminal publisher and remote selection listener > publishes focused terminal to native IPC on mount and layout changes 4ms
   ✓ App project workspace flow > Ferryx desktop focused-terminal publisher and remote selection listener > publishes per-tab agent activity state and agent type to native IPC 3ms
   ✓ App project workspace flow > Ferryx desktop focused-terminal publisher and remote selection listener > publishes real backendSessionId after session backend is bound or rebound 5ms
   ✓ App project workspace flow > Ferryx desktop focused-terminal publisher and remote selection listener > routes publishFocusedTerminal rejection to reportRuntimeError 56ms
   ✓ App project workspace flow > Ferryx desktop focused-terminal publisher and remote selection listener > creates a new remote terminal through openTab instead of reusing an existing worktree tab 8ms
   ✓ App project workspace flow > Ferryx desktop focused-terminal publisher and remote selection listener > handles native remote_selection_requested and activates requested worktree context 6ms
   ✓ App project workspace flow > Ferryx desktop focused-terminal publisher and remote selection listener > handles same-worktree tab selection request and activates exact tab 3ms
   ✓ App project workspace flow > Ferryx desktop focused-terminal publisher and remote selection listener > handles primary worktree selection within current project when on secondary worktree 4ms
   ✓ App project workspace flow > Ferryx desktop focused-terminal publisher and remote selection listener > handles cross-worktree selection with tabId activating tab after worktree switch 57ms
   ✓ App project workspace flow > Ferryx desktop focused-terminal publisher and remote selection listener > handles cross-project remote selection by switching project and then activating worktree 7ms
   ✓ App project workspace flow > Ferryx desktop focused-terminal publisher and remote selection listener > drops a queued remote slug when the user switches to a third project first 7ms
   ✓ App project workspace flow > Ferryx desktop focused-terminal publisher and remote selection listener > activates the exact pane after a queued cross-project selection names a leaf entry 58ms
   ✓ App project workspace flow > badge count synchronization > synchronizes badge count from unique true unreadTabIds in workspace state 4ms
   ✓ App project workspace flow > badge count synchronization > routes native badge synchronization errors to reportRuntimeError 56ms
   ✓ App project workspace flow > Automatic agent session resume on workspace restore > auto-resumes exited agent sessions in staggered order, while plain shell sessions and unsupported agents are not auto-resumed  929ms
   ✓ App project workspace flow > Automatic agent session resume on workspace restore > does not crash and degrades silently when auto-resume spawn fails 69ms
   ✓ App project workspace flow > T2 onBrowserSessionCreated skipped adoption notifications > (1) when a remote host is active, calls toast.warning exactly once and adoptBrowserSession zero times 29ms
   ✓ App project workspace flow > T2 onBrowserSessionCreated skipped adoption notifications > (2) when no remote host is active and adoptBrowserSession returns null, calls the second toast warning exactly once 3ms
   ✓ App project workspace flow > T2 onBrowserSessionCreated skipped adoption notifications > (3) when no remote host is active and adoptBrowserSession returns a tab id, no toast warning fires 3ms
   ✓ App project workspace flow > T2 clause (a) adoption reporting reaches the CLI > reports adopted=false with remote-host-active when a remote host owns the window 6ms
   ✓ App project workspace flow > T2 clause (a) adoption reporting reaches the CLI > reports adopted=false with adopt-failed when the session could not be adopted 6ms
   ✓ App project workspace flow > T2 clause (a) adoption reporting reaches the CLI > reports adopted=true when the tab was shown 5ms
   ✓ App project workspace flow > T9 browser_tab_switch activates the owning layout tab > activates the tab owning the browserId, not the tab at the CLI index 4ms
   ✓ App project workspace flow > T9 browser_tab_switch activates the owning layout tab > activates the terminal tab that hosts the browser in a pane 4ms
   ✓ App project workspace flow > T9 browser_tab_switch activates the owning layout tab > warns instead of staying silent when no tab owns the browserId 4ms
   × App project workspace flow > Wave 3a Onboarding and Welcome > auto-opens WelcomeWizard for a macOS status with missing permissions and zero projects 8010ms
     → Unable to find role="dialog" and name "Welcome to Ferryx"

Ignored nodes: comments, script, style
[36m<body>[39m
  [36m<div>[39m
    [36m<div[39m
      [33mclass[39m=[32m"flex h-screen w-screen select-none overflow-hidden bg-background font-sans text-foreground"[39m
    [36m>[39m
      [36m<div[39m
        [33mclass[39m=[32m"selectable"[39m
        [33mdata-native-terminal-yield[39m=[32m"off"[39m
      [36m>[39m
        [36m<section[39m
          [33maria-atomic[39m=[32m"false"[39m
          [33maria-label[39m=[32m"Notifications alt+T"[39m
          [33maria-live[39m=[32m"polite"[39m
          [33maria-relevant[39m=[32m"additions text"[39m
          [33mdata-react-aria-top-layer[39m=[32m"true"[39m
          [33mtabindex[39m=[32m"-1"[39m
        [36m/>[39m
      [36m</div>[39m
      [36m<div[39m
        [33mdata-empty-workspaces[39m=[32m"[]"[39m
        [33mdata-open[39m=[32m"true"[39m
        [33mdata-testid[39m=[32m"mock-sidebar"[39m
      [36m>[39m
        [36m<button[39m
          [33mtype[39m=[32m"button"[39m
        [36m>[39m
          [0mHide sidebar[0m
        [36m</button>[39m
        [36m<button[39m
          [33mtype[39m=[32m"button"[39m
        [36m>[39m
          [0mOpen settings[0m
        [36m</button>[39m
        [36m<button[39m
          [33mtype[39m=[32m"button"[39m
        [36m>[39m
          [0mAdd project[0m
        [36m</button>[39m
        [36m<span>[39m
          [0mActive project [0m
          [0mdefault[0m
        [36m</span>[39m
      [36m</div>[39m
      [36m<main[39m
        [33mclass[39m=[32m"flex h-full min-w-0 flex-1 flex-col overflow-hidden bg-background"[39m
      [36m>[39m
        [36m<div[39m
          [33mclass[39m=[32m"flex h-full flex-1 flex-col items-center justify-center gap-4 overflow-y-auto bg-background py-6"[39m
          [33mdata-testid[39m=[32m"no-projects-view"[39m
        [36m>[39m
          [36m<div[39m
            [33mclass[39m=[32m"w-full max-w-md px-4"[39m
          [36m>[39m
            [36m<div>[39m
              [36m<p[39m
                [33mclass[39m=[32m"text-[15px] font-semibold tracking-tight text-foreground"[39m
              [36m>[39m
                [0mNo projects[0m
              [36m</p>[39m
              [36m<p[39m
                [33mclass[39m=[32m"mt-1 text-[13px] text-muted-foreground"[39m
              [36m>[39m
                [0mAdd a project to open a terminal workspace.[0m
              [36m</p>[39m
            [36m</div>[39m
            [36m<div[39m
              [33mclass[39m=[32m"mt-4 grid gap-2"[39m
            [36m>[39m
              [36m<button[39m
                [33maria-label[39m=[32m"Add Project"[39m
                [33mclass[39m=[32m"group flex w-full items-center gap-3 rounded-md border border-border px-4 py-3 text-left transition-colors hover:bg-accent focus-visible:outline-none focus-visible:ring-1 focus-visible:ring-ring"[39m
                [33mdata-testid[39m=[32m"checklist-add-project"[39m
                [33mtype[39m=[32m"button"[39m
              [36m>[39m
                [36m<div[39m
                  [33mclass[39m=[32m"grid size-8 shrink-0 place-items-center rounded-md bg-accent/60"[39m
                [36m>[39m
                  [36m<svg[39m
                    [33mclass[39m=[32m"lucide lucide-folder-plus size-4 text-foreground"[39m
                    [33mfill[39m=[32m"none"[39m
                    [33mheight[39m=[32m"24"[39m
                    [33mstroke[39m=[32m"currentColor"[39m
                    [33mstroke-linecap[39m=[32m"round"[39m
                    [33mstroke-linejoin[39m=[32m"round"[39m
                    [33mstroke-width[39m=[32m"2"[39m
                    [33mviewBox[39m=[32m"0 0 24 24"[39m
                    [33mwidth[39m=[32m"24"[39m
                    [33mxmlns[39m=[32m"http://www.w3.org/2000/svg"[39m
                  [36m>[39m
                    [36m<path[39m
                      [33md[39m=[32m"M12 10v6"[39m
                    [36m/>[39m
                    [36m<path[39m
                      [33md[39m=[32m"M9 13h6"[39m
                    [36m/>[39m
                    [36m<path[39m
                      [33md[39m=[32m"M20 20a2 2 0 0 0 2-2V8a2 2 0 0 0-2-2h-7.9a2 2 0 0 1-1.69-.9L9.6 3.9A2 2 0 0 0 7.93 3H4a2 2 0 0 0-2 2v13a2 2 0 0 0 2 2Z"[39m
                    [36m/>[39m
                  [36m</svg>[39m
                [36m</div>[39m
                [36m<div[39m
                  [33mclass[39m=[32m"min-w-0 flex-1"[39m
                [36m>[39m
                  [36m<div[39m
                    [33mclass[39m=[32m"text-[13px] font-medium text-foreground"[39m
                  [36m>[39m
                    [0mAdd Project[0m
                  [36m</div>[39m
                  [36m<div[39m
                    [33mclass[39m=[32m"mt-0.5 text-[12px] leading-relaxed text-muted-foreground"[39m
                  [36m>[39m
                    [0mPick a folder on this computer. Git repositories unlock worktrees.[0m
                  [36m</div>[39m
                [36m</div>[39m
                [36m<svg[39m
                  [33mclass[39m=[32m"lucide lucide-chevron-right ml-auto size-4 shrink-0 text-muted-foreground"[39m
                  [33mfill[39m=[32m"none"[39m
                  [33mheight[39m=[32m"24"[39m
                  [33mstroke[39m=[32m"currentColor"[39m
                  [33mstroke-linecap[39m=[32m"round"[39m
                  [33mstroke-linejoin[39m=[32m"round"[39m
                  [33mstroke-width[39m=[32m"2"[39m
                  [33mviewBox[39m=[32m"0 0 24 24"[39m
                  [33mwidth[39m=[32m"24"[39m
                  [33mxmlns[39m=[32m"http://www.w3.org/2000/svg"[39m
                [36m>[39m
                  [36m<path[39m
                    [33md[39m=[32m"m9 18 6-6-6-6"[39m
                  [36m/>[39m
                [36m</svg>[39m
              [36m</button>[39m
              [36m<button[39m
                [33maria-label[39m=[32m"Connect machine"[39m
                [33mclass[39m=[32m"group flex w-full items-center gap-3 rounded-md border border-border px-4 py-3 text-left transition-colors hover:bg-accent focus-visible:outline-none focus-visible:ring-1 focus-visible:ring-ring"[39m
                [33mdata-testid[39m=[32m"checklist-connect-machine"[39m
                [33mtype[39m=[32m"button"[39m
              [36m>[39m
                [36m<div[39m
                  [33mclass[39m=[32m"grid size-8 shrink-0 place-items-center rounded-md bg-accent/60"[39m
                [36m>[39m
                  [36m<svg[39m
                    [33mclass[39m=[32m"lucide lucide-monitor size-4 text-foreground"[39m
                    [33mfill[39m=[32m"none"[39m
                    [33mheight[39m=[32m"24"[39m
                    [33mstroke[39m=[32m"currentColor"[39m
                    [33mstroke-linecap[39m=[32m"round"[39m
                    [33mstroke-linejoin[39m=[32m"round"[39m
                    [33mstroke-width[39m=[32m"2"[39m
                    [33mviewBox[39m=[32m"0 0 24 24"[39m
                    [33mwidth[39m=[32m"24"[39m
                    [33mxmlns[39m=[32m"http://www.w3.org/2000/svg"[39m
                  [36m>[39m
                    [36m<rect[39m
                      [33mheight[39m=[32m"14"[39m
                      [33mrx[39m=[32m"2"[39m
                      [33mwidth[39m=[32m"20"[39m
                      [33mx[39m=[32m"2"[39m
                      [33my[39m=[32m"3"[39m
                    [36m/>[39m
                    [36m<line[39m
                      [33mx1[39m=[32m"8"[39m
                      [33mx2[39m=[32m"16"[39m
                      [33my1[39m=[32m"21"[39m
                      [33my2[39m=[32m"21"[39m
                    [36m/>[39m
                    [36m<line[39m
                      [33mx1[39m=[32m"12"[39m
                      [33mx2[39m=[32m"12"[39m
                      [33my1[39m=[32m"17"[39m
                      [33my2[39m=[32m"21"[39m
                    [36m/>[39m
                  [36m</svg>[39m
                [36m</div>[39m
                [36m<div[39m
                  [33mclass[39m=[32m"min-w-0 flex-1"[39m
                [36m>[39m
                  [36m<div[39m
                    [33mclass[39m=[32m"text-[13px] font-medium text-foreground"[39m
                  [36m>[39m
                    [0mConnect a machine[0m
                  [36m</div>[39m
                  [36m<div[39m
                    [33mclass[39m=[32m"mt-0.5 text-[12px] leading-relaxed text-muted-foreground"[39m
                  [36m>[39m
                    [0mPair another computer through your Ferryx account.[0m
                  [36m</div>[39m
                [36m</div>[39m
                [36m<svg[39m
                  [33mclass[39m=[32m"lucide lucide-chevron-right ml-auto size-4 shrink-0 text-muted-foreground"[39m
                  [33mfill[39m=[32m"none"[39m
                  [33mheight[39m=[32m"24"[39m
                  [33mstroke[39m=[32m"currentColor"[39m
                  [33mstroke-linecap[39m=[32m"round"[39m
                  [33mstroke-linejoin[39m=[32m"round"[39m
                  [33mstroke-width[39m=[32m"2"[39m
                  [33mviewBox[39m=[32m"0 0 24 24"[39m
                  [33mwidth[39m=[32m"24"[39m
                  [33mxmlns[39m=[32m"http://www.w3.org/2000/svg"[39m
                [36m>[39m
                  [36m<path[39m
                    [33md[39m=[32m"m9 18 6-6-6-6"[39m
                  [36m/>[39m
                [36m</svg>[39m
              [36m</button>[39m
            [36m</div>[39m
            [36m<div[39m
              [33mclass[39m=[32m"mt-4 flex items-center justify-between gap-3 border-t border-border pt-4"[39m
              [33mdata-testid[39m=[32m"checklist-review-setup"[39m
            [36m>[39m
              [36m<span[39m
                [33mclass[39m=[32m"text-[12px] text-muted-foreground"[39m
              [36m>[39m
                [0mPermissions, agents, and CLI[0m
              [36m</span>[39m
              [36m<button[39m
                [33mclass[39m=[32m"inline-flex items-center justify-center gap-2 whitespace-nowrap font-medium transition-colors focus-visible:outline-none focus-visible:ring-1 focus-visible:ring-ring disabled:pointer-events-none disabled:opacity-50 [&_svg]:pointer-events-none [&_svg]:size-4 [&_svg]:shrink-0 hover:bg-accent hover:text-accent-foreground h-8 rounded-md px-3 text-xs"[39m
                [33mtype[39m=[32m"button"[39m
              [36m>[39m
                [0mOpen Welcome Setup[0m
              [36m</button>[39m
            [36m</div>[39m
          [36m</div>[39m
        [36m</div>[39m
      [36m</main>[39m
    [36m</div>[39m
  [36m</div>[39m
  [36m<div[39m
    [33maria-hidden[39m=[32m"true"[39m
    [33mclass[39m=[32m"pointer-events-none fixed inset-0 z-50"[39m
    [33mdata-shortcut-hints[39m=[32m"true"[39m
  [36m/>[39m
[36m</body>[39m

Ignored nodes: comments, script, style
[36m<body>[39m
  [36m<div>[39m
    [36m<div[39m
      [33mclass[39m=[32m"flex h-screen w-screen select-none overflow-hidden bg-background font-sans text-foreground"[39m
    [36m>[39m
      [36m<div[39m
        [33mclass[39m=[32m"selectable"[39m
        [33mdata-native-terminal-yield[39m=[32m"off"[39m
      [36m>[39m
        [36m<section[39m
          [33maria-atomic[39m=[32m"false"[39m
          [33maria-label[39m=[32m"Notifications alt+T"[39m
          [33maria-live[39m=[32m"polite"[39m
          [33maria-relevant[39m=[32m"additions text"[39m
          [33mdata-react-aria-top-layer[39m=[32m"true"[39m
          [33mtabindex[39m=[32m"-1"[39m
        [36m/>[39m
      [36m</div>[39m
      [36m<div[39m
        [33mdata-empty-workspaces[39m=[32m"[]"[39m
        [33mdata-open[39m=[32m"true"[39m
        [33mdata-testid[39m=[32m"mock-sidebar"[39m
      [36m>[39m
        [36m<button[39m
          [33mtype[39m=[32m"button"[39m
        [36m>[39m
          [0mHide sidebar[0m
        [36m</button>[39m
        [36m<button[39m
          [33mtype[39m=[32m"button"[39m
        [36m>[39m
          [0mOpen settings[0m
        [36m</button>[39m
        [36m<button[39m
          [33mtype[39m=[32m"button"[39m
        [36m>[39m
          [0mAdd project[0m
        [36m</button>[39m
        [36m<span>[39m
          [0mActive project [0m
          [0mdefault[0m
        [36m</span>[39m
      [36m</div>[39m
      [36m<main[39m
        [33mclass[39m=[32m"flex h-full min-w-0 flex-1 flex-col overflow-hidden bg-background"[39m
      [36m>[39m
        [36m<div[39m
          [33mclass[39m=[32m"flex h-full flex-1 flex-col items-center justify-center gap-4 overflow-y-auto bg-background py-6"[39m
          [33mdata-testid[39m=[32m"no-projects-view"[39m
        [36m>[39m
          [36m<div[39m
            [33mclass[39m=[32m"w-full max-w-md px-4"[39m
          [36m>[39m
            [36m<div>[39m
              [36m<p[39m
                [33mclass[39m=[32m"text-[15px] font-semibold tracking-tight text-foreground"[39m
              [36m>[39m
                [0mNo projects[0m
              [36m</p>[39m
              [36m<p[39m
                [33mclass[39m=[32m"mt-1 text-[13px] text-muted-foreground"[39m
              [36m>[39m
                [0mAdd a project to open a terminal workspace.[0m
              [36m</p>[39m
            [36m</div>[39m
            [36m<div[39m
              [33mclass[39m=[32m"mt-4 grid gap-2"[39m
            [36m>[39m
              [36m<button[39m
                [33maria-label[39m=[32m"Add Project"[39m
                [33mclass[39m=[32m"group flex w-full items-center gap-3 rounded-md border border-border px-4 py-3 text-left transition-colors hover:bg-accent focus-visible:outline-none focus-visible:ring-1 focus-visible:ring-ring"[39m
                [33mdata-testid[39m=[32m"checklist-add-project"[39m
                [33mtype[39m=[32m"button"[39m
              [36m>[39m
                [36m<div[39m
                  [33mclass[39m=[32m"grid size-8 shrink-0 place-items-center rounded-md bg-accent/60"[39m
                [36m>[39m
                  [36m<svg[39m
                    [33mclass[39m=[32m"lucide lucide-folder-plus size-4 text-foreground"[39m
                    [33mfill[39m=[32m"none"[39m
                    [33mheight[39m=[32m"24"[39m
                    [33mstroke[39m=[32m"currentColor"[39m
                    [33mstroke-linecap[39m=[32m"round"[39m
                    [33mstroke-linejoin[39m=[32m"round"[39m
                    [33mstroke-width[39m=[32m"2"[39m
                    [33mviewBox[39m=[32m"0 0 24 24"[39m
                    [33mwidth[39m=[32m"24"[39m
                    [33mxmlns[39m=[32m"http://www.w3.org/2000/svg"[39m
                  [36m>[39m
                    [36m<path[39m
                      [33md[39m=[32m"M12 10v6"[39m
                    [36m/>[39m
                    [36m<path[39m
                      [33md[39m=[32m"M9 13h6"[39m
                    [36m/>[39m
                    [36m<path[39m
                      [33md[39m=[32m"M20 20a2 2 0 0 0 2-2V8a2 2 0 0 0-2-2h-7.9a2 2 0 0 1-1.69-.9L9.6 3.9A2 2 0 0 0 7.93 3H4a2 2 0 0 0-2 2v13a2 2 0 0 0 2 2Z"[39m
                    [36m/>[39m
                  [36m</svg>[39m
                [36m</div>[39m
                [36m<div[39m
                  [33mclass[39m=[32m"min-w-0 flex-1"[39m
                [36m>[39m
                  [36m<div[39m
                    [33mclass[39m=[32m"text-[13px] font-medium text-foreground"[39m
                  [36m>[39m
                    [0mAdd Project[0m
                  [36m</div>[39m
                  [36m<div[39m
                    [33mclass[39m=[32m"mt-0.5 text-[12px] leading-relaxed text-muted-foreground"[39m
                  [36m>[39m
                    [0mPick a folder on this computer. Git repositories unlock worktrees.[0m
                  [36m</div>[39m
                [36m</div>[39m
                [36m<svg[39m
                  [33mclass[39m=[32m"lucide lucide-chevron-right ml-auto size-4 shrink-0 text-muted-foreground"[39m
                  [33mfill[39m=[32m"none"[39m
                  [33mheight[39m=[32m"24"[39m
                  [33mstroke[39m=[32m"currentColor"[39m
                  [33mstroke-linecap[39m=[32m"round"[39m
                  [33mstroke-linejoin[39m=[32m"round"[39m
                  [33mstroke-width[39m=[32m"2"[39m
                  [33mviewBox[39m=[32m"0 0 24 24"[39m
                  [33mwidth[39m=[32m"24"[39m
                  [33mxmlns[39m=[32m"http://www.w3.org/2000/svg"[39m
                [36m>[39m
                  [36m<path[39m
                    [33md[39m=[32m"m9 18 6-6-6-6"[39m
                  [36m/>[39m
                [36m</svg>[39m
              [36m</button>[39m
              [36m<button[39m
                [33maria-label[39m=[32m"Connect machine"[39m
                [33mclass[39m=[32m"group flex w-full items-center gap-3 rounded-md border border-border px-4 py-3 text-left transition-colors hover:bg-accent focus-visible:outline-none focus-visible:ring-1 focus-visible:ring-ring"[39m
                [33mdata-testid[39m=[32m"checklist-connect-machine"[39m
                [33mtype[39m=[32m"button"[39m
              [36m>[39m
                [36m<div[39m
                  [33mclass[39m=[32m"grid size-8 shrink-0 place-items-center rounded-md bg-accent/60"[39m
                [36m>[39m
                  [36m<svg[39m
                    [33mclass[39m=[32m"lucide lucide-monitor size-4 text-foreground"[39m
                    [33mfill[39m=[32m"none"[39m
                    [33mheight[39m=[32m"24"[39m
                    [33mstroke[39m=[32m"currentColor"[39m
                    [33mstroke-linecap[39m=[32m"round"[39m
                    [33mstroke-linejoin[39m=[32m"round"[39m
                    [33mstroke-width[39m=[32m"2"[39m
                    [33mviewBox[39m=[32m"0 0 24 24"[39m
                    [33mwidth[39m=[32m"24"[39m
                    [33mxmlns[39m=[32m"http://www.w3.org/2000/svg"[39m
                  [36m>[39m
                    [36m<rect[39m
                      [33mheight[39m=[32m"14"[39m
                      [33mrx[39m=[32m"2"[39m
                      [33mwidth[39m=[32m"20"[39m
                      [33mx[39m=[32m"2"[39m
                      [33my[39m=[32m"3"[39m
                    [36m/>[39m
                    [36m<line[39m
                      [33mx1[39m=[32m"8"[39m
                      [33mx2[39m=[32m"16"[39m
                      [33my1[39m=[32m"21"[39m
                      [33my2[39m=[32m"21"[39m
                    [36m/>[39m
                    [36m<line[39m
                      [33mx1[39m=[32m"12"[39m
                      [33mx2[39m=[32m"12"[39m
                      [33my1[39m=[32m"17"[39m
                      [33my2[39m=[32m"21"[39m
                    [36m/>[39m
                  [36m</svg>[39m
                [36m</div>[39m
                [36m<div[39m
                  [33mclass[39m=[32m"min-w-0 flex-1"[39m
                [36m>[39m
                  [36m<div[39m
                    [33mclass[39m=[32m"text-[13px] font-medium text-foreground"[39m
                  [36m>[39m
                    [0mConnect a machine[0m
                  [36m</div>[39m
                  [36m<div[39m
                    [33mclass[39m=[32m"mt-0.5 text-[12px] leading-relaxed text-muted-foreground"[39m
                  [36m>[39m
                    [0mPair another computer through your Ferryx account.[0m
                  [36m</div>[39m
                [36m</div>[39m
                [36m<svg[39m
                  [33mclass[39m=[32m"lucide lucide-chevron-right ml-auto size-4 shrink-0 text-muted-foreground"[39m
                  [33mfill[39m=[32m"none"[39m
                  [33mheight[39m=[32m"24"[39m
                  [33mstroke[39m=[32m"currentColor"[39m
                  [33mstroke-linecap[39m=[32m"round"[39m
                  [33mstroke-linejoin[39m=[32m"round"[39m
                  [33mstroke-width[39m=[32m"2"[39m
                  [33mviewBox[39m=[32m"0 0 24 24"[39m
                  [33mwidth[39m=[32m"24"[39m
                  [33mxmlns[39m=[32m"http://www.w3.org/2000/svg"[39m
                [36m>[39m
                  [36m<path[39m
                    [33md[39m=[32m"m9 18 6-6-6-6"[39m
                  [36m/>[39m
                [36m</svg>[39m
              [36m</button>[39m
            [36m</div>[39m
            [36m<div[39m
              [33mclass[39m=[32m"mt-4 flex items-center justify-between gap-3 border-t border-border pt-4"[39m
              [33mdata-testid[39m=[32m"checklist-review-setup"[39m
            [36m>[39m
              [36m<span[39m
                [33mclass[39m=[32m"text-[12px] text-muted-foreground"[39m
              [36m>[39m
                [0mPermissions, agents, and CLI[0m
              [36m</span>[39m
              [36m<button[39m
                [33mclass[39m=[32m"inline-flex items-center justify-center gap-2 whitespace-nowrap font-medium transition-colors focus-visible:outline-none focus-visible:ring-1 focus-visible:ring-ring disabled:pointer-events-none disabled:opacity-50 [&_svg]:pointer-events-none [&_svg]:size-4 [&_svg]:shrink-0 hover:bg-accent hover:text-accent-foreground h-8 rounded-md px-3 text-xs"[39m
                [33mtype[39m=[32m"button"[39m
              [36m>[39m
                [0mOpen Welcome Setup[0m
              [36m</button>[39m
            [36m</div>[39m
          [36m</div>[39m
        [36m</div>[39m
      [36m</main>[39m
    [36m</div>[39m
  [36m</div>[39m
  [36m<div[39m
    [33maria-hidden[39m=[32m"true"[39m
    [33mclass[39m=[32m"pointer-events-none fixed inset-0 z-50"[39m
    [33mdata-shortcut-hints[39m=[32m"true"[39m
  [36m/>[39m
[36m</body>[39m
   ✓ App project workspace flow > Wave 3a Onboarding and Welcome > does not auto-open WelcomeWizard for platform web 17ms
   ✓ App project workspace flow > Wave 3a Onboarding and Welcome > renders GettingStartedChecklist with 'No projects' and 'Add Project' button when projects list is empty 13ms
   ✓ App project workspace flow > Wave 3a Onboarding and Welcome > renders DaemonConnectionBanner on local project registration failure with DAEMON_UNAVAILABLE 8ms
 ✓ src/remote/RemoteUI.test.tsx (52 tests) 912ms
 ❯ src/state/workspaceStore.test.tsx (63 tests | 7 failed) 91ms
   ✓ useWorkspaceStore terminal ownership > preserves the sibling backend while closing '1' (tagged=false pinned=false) 11ms
   ✓ useWorkspaceStore terminal ownership > preserves the sibling backend while closing '2' (tagged=false pinned=false) 2ms
   ✓ useWorkspaceStore terminal ownership > preserves the sibling backend while closing '1' (tagged=false pinned=true) 3ms
   ✓ useWorkspaceStore terminal ownership > preserves the sibling backend while closing '2' (tagged=false pinned=true) 1ms
   ✓ useWorkspaceStore terminal ownership > preserves the sibling backend while closing '1' (tagged=true pinned=false) 2ms
   ✓ useWorkspaceStore terminal ownership > preserves the sibling backend while closing '2' (tagged=true pinned=false) 1ms
   ✓ useWorkspaceStore terminal ownership > preserves the sibling backend while closing '1' (tagged=true pinned=true) 1ms
   ✓ useWorkspaceStore terminal ownership > preserves the sibling backend while closing '2' (tagged=true pinned=true) 1ms
   ✓ useWorkspaceStore terminal ownership > forwards a per-tab shell override to the backend spawn 3ms
   ✓ useWorkspaceStore terminal ownership > updates worktree activity when a rebound session changes its worktree path 2ms
   ✓ useWorkspaceStore terminal ownership > preserves unseen activities on RESTORE_WORKSPACE during project switch 1ms
   × useWorkspaceStore terminal ownership > splits a pane by creating an independent backend PTY and local session 11ms
     → expected "spy" to be called 1 times, but got 0 times
   × useWorkspaceStore terminal ownership > dispatches split layout immediately while deferred spawn is unresolved, then rebinds when spawn resolves 2ms
     → expected null to be 'backend-deferred-split' // Object.is equality
   × useWorkspaceStore terminal ownership > closes deferred spawned backend session if the pane is closed before spawn resolves 1ms
     → Shell startup was not confirmed. Retry to reconcile the same shell.
   × useWorkspaceStore terminal ownership > uses the target leaf session when splitting restored independent panes 1ms
     → expected null to be 'backend-1' // Object.is equality
   ✓ useWorkspaceStore terminal ownership > moves a dragged tab into a new split group without closing its PTY, matching Orca dropUnifiedTab 1ms
   ✓ useWorkspaceStore terminal ownership > moves the active tab into its own split group when another terminal tab exists, matching Orca same-group behavior 3ms
   ✓ useWorkspaceStore terminal ownership > keeps a sole active terminal tab unsplit when it is dragged onto itself, matching Orca's no-op guard 1ms
   × useWorkspaceStore terminal ownership > keeps a split session alive while referenced and closes it after its final leaf is removed 1ms
     → Shell startup was not confirmed. Retry to reconcile the same shell.
   ✓ useWorkspaceStore terminal ownership > promotes a surviving pane session when the tab's primary leaf is closed 1ms
   × useWorkspaceStore terminal ownership > closes individual panes in a tab layout 1ms
     → Shell startup was not confirmed. Retry to reconcile the same shell.
   × useWorkspaceStore terminal ownership > reorders, renames, pins, and bulk-closes tabs without closing pinned tabs 2ms
     → expected [ …(4) ] to deeply equal [ …(3) ]
   ✓ useWorkspaceStore terminal ownership > closes every unshared backend session owned by a tab 1ms
   ✓ useWorkspaceStore terminal ownership > closes the last tab only after lifecycle-confirmed writer release 3ms
   ✓ useWorkspaceStore terminal ownership > derives visible agents only from live terminal session metadata 1ms
   ✓ useWorkspaceStore terminal ownership > removes deleted-worktree tabs, sessions, and agents during synchronization 1ms
   ✓ session screen activity > pins activity identity to the session's authoritative agent type 0ms
   ✓ session screen activity > adopts a supported screen manifest when the session has no agent type 0ms
   ✓ session activity attention transitions and seen carry-over > does not carry over seen status when transitioning from restored done to waiting via screen activity 0ms
   ✓ session activity attention transitions and seen carry-over > does not carry over seen status when transitioning from restored done to waiting via title activity 0ms
   ✓ session activity attention transitions and seen carry-over > preserves seen status when updating title within the same attention state 0ms
   ✓ session title activity > clears the working indicator when the title carries no activity signal 1ms
   ✓ session title activity > does not create an indicator for a bare agent-name title 1ms
   ✓ session title activity > closes the backend session when closing a tab 1ms
   ✓ session title activity > closes the backend session when closing a pane 1ms
   ✓ session title activity > closes the backend session when closing a sole tab 1ms
   ✓ worktree tab and session isolation > never exposes the outgoing workspace state under the incoming workspace id 1ms
   ✓ worktree tab and session isolation > retains target workspace tabs and avoids spawning terminals across alpha -> beta -> alpha switch under render retries 1ms
   ✓ worktree tab and session isolation > immediately updates activeWorktreePath when ensureTabForWorktree switches to an unpopulated worktree while spawn is pending 1ms
   ✓ worktree tab and session isolation > dispatches SELECT_WORKTREE and adds worktree to worktrees list immediately when ensureTabForWorktree called for new worktree 1ms
   ✓ worktree tab and session isolation > maintains independent tabs and sessions per worktree when switching between worktrees 1ms
   ✓ worktree tab and session isolation > isolates browser tabs to the worktree in which they were created 1ms
   ✓ worktree tab and session isolation > navigates across five parked workspaces with 20 live terminal tabs each as a state-only operation 12ms
   ✓ worktree tab and session isolation > closes browser when closing the sole browser tab 1ms
   ✓ worktree tab and session isolation > REBIND_SESSION_BACKEND reducer and ensureSessionBackends > updates only the target session with backendSessionId and running lifecycle, missing sessionId is a no-op 0ms
   ✓ worktree tab and session isolation > REBIND_SESSION_BACKEND reducer and ensureSessionBackends > REBIND_SESSION_BACKEND on paired workspace updates remoteConnectionState to connected 0ms
   ✓ worktree tab and session isolation > REBIND_SESSION_BACKEND reducer and ensureSessionBackends > SESSION_REMOTE_STATUS missing records the transport state without ending the session 0ms
   ✓ worktree tab and session isolation > REBIND_SESSION_BACKEND reducer and ensureSessionBackends > ensureSessionBackends calls spawnTerminal exactly once for sessions with null backendSessionId and rebinds them 1ms
   ✓ worktree tab and session isolation > REBIND_SESSION_BACKEND reducer and ensureSessionBackends > guards against concurrent double-spawns and retries on spawn failure after clearing in-flight guard 1ms
   ✓ worktree tab and session isolation > REBIND_SESSION_BACKEND reducer and ensureSessionBackends > SESSION_SCREEN_ACTIVITY sets session.agentType when agentType is inferred from manifestId and session.agentType was unset 0ms
   ✓ worktree tab and session isolation > REBIND_SESSION_BACKEND reducer and ensureSessionBackends > SESSION_SCREEN_ACTIVITY does not latch session.agentType without providerSession for authoritative agents 0ms
   ✓ worktree tab and session isolation > REBIND_SESSION_BACKEND reducer and ensureSessionBackends > APPLY_PROVIDER_SESSION sets providerSession and agentType when session.agentType is unset 0ms
   ✓ worktree tab and session isolation > REBIND_SESSION_BACKEND reducer and ensureSessionBackends > APPLY_PROVIDER_SESSION adopts the id of a conversation the agent opened later 0ms
   ✓ worktree tab and session isolation > REBIND_SESSION_BACKEND reducer and ensureSessionBackends > APPLY_PROVIDER_SESSION keeps state identity when a repeated probe reports the same id 0ms
   ✓ worktree tab and session isolation > REBIND_SESSION_BACKEND reducer and ensureSessionBackends > SESSION_SCREEN_ACTIVITY adopts a rotated provider session from a self-reporting agent 0ms
   ✓ FOCUS_EXISTING_SESSION navigation > activates a background tab and focuses its leaf for the target session 0ms
   ✓ FOCUS_EXISTING_SESSION navigation > focuses a sibling split pane and acknowledges only the intended session 0ms
   ✓ FOCUS_EXISTING_SESSION navigation > keeps every other pane's attention in the same worktree, across split siblings and other tabs 0ms
   ✓ FOCUS_EXISTING_SESSION navigation > selects the parked owning worktree, then its tab and leaf 0ms
   ✓ FOCUS_EXISTING_SESSION navigation > rejects a stale/closed session without navigating or spawning 0ms
   ✓ FOCUS_EXISTING_SESSION navigation > reveals the target when a sibling split pane is zoomed to fill the tab 0ms
   ✓ FOCUS_EXISTING_SESSION navigation > treats a stale primary sessionId with no live root leaf as not navigable 0ms
   ✓ FOCUS_EXISTING_SESSION navigation > badge seam: focusing the exact target lowers the count while an unseen sibling stays counted 0ms
 ✓ src/remote/RemoteBrowser.test.tsx (41 tests) 1163ms
 ❯ src/lib/sessionPersistence.test.ts (44 tests | 8 failed) 25ms
   ✓ sessionPersistence v3 serialization and migration > round trips all seven durable native binding fields 3ms
   ✓ sessionPersistence v3 serialization and migration > accepts a handover epoch only with the same authoritative incarnation 1ms
   ✓ sessionPersistence v3 serialization and migration > keeps unknown predecessor identity recoverable rather than dead 1ms
   ✓ sessionPersistence v3 serialization and migration > stale restoration cannot overwrite the current backend binding 1ms
   ✓ sessionPersistence v3 serialization and migration > restores a successfully presented split through normal live-session restoration 1ms
   ✓ sessionPersistence v3 serialization and migration > round trips hidden prepared intent with cancellation false and save key 1ms
   ✓ sessionPersistence v3 serialization and migration > round trips hidden prepared intent with cancellation true and save key 0ms
   ✓ sessionPersistence v3 serialization and migration > persists and restores incarnation across save and deserialize 0ms
   ✓ sessionPersistence v3 serialization and migration > persists recent scrollback captured for hibernated sessions across restore/resave 0ms
   ✓ sessionPersistence v3 serialization and migration > preserves paired ownership and proxy identity despite local inventory absence 0ms
   ✓ sessionPersistence v3 serialization and migration > projects paired targets without embedding credential fields 0ms
   ✓ sessionPersistence v3 serialization and migration > does not trust incomplete inventory as proof of local process death 0ms
   ✓ sessionPersistence v3 serialization and migration > quarantines an invalid paired workspace without affecting another row 0ms
   ✓ sessionPersistence v3 serialization and migration > retains Git grouping metadata in session snapshots and subsequent saves 0ms
   ✓ sessionPersistence v3 serialization and migration > serializes typed terminal tabs, pane ownership, pinned/expanded state, and separate local/backend identities 0ms
   ✓ sessionPersistence v3 serialization and migration > does not serialize terminal sessions that no tab or pane references 0ms
   ✓ sessionPersistence v3 serialization and migration > round-trips Orca-style split tab groups without changing either tab's pane ownership 1ms
   × sessionPersistence v3 serialization and migration > matches live native PTYs by backendSessionId instead of the frontend-local session id 4ms
     → expected 'backend-2' to be null
   ✓ sessionPersistence v3 serialization and migration > drops persisted terminal sessions that no restored tab or pane references 0ms
   ✓ sessionPersistence v3 serialization and migration > round-trips explicit browser metadata rather than guessing browser kind from a pane tree 1ms
   ✓ sessionPersistence v3 serialization and migration > migrates v1 worktree identity and legacy session identifiers 0ms
   ✓ sessionPersistence v3 serialization and migration > maps a v1 pane tree with no per-leaf mapping by leafId rather than tab id 0ms
   ✓ sessionPersistence v3 serialization and migration > round-trips multi-worktree workspace state with active and parked worktree layouts without session leakage 1ms
   ✓ sessionPersistence v3 serialization and migration > deserializes existing v2 terminal sessionIdsByLeafId into terminal PaneContent for every leaf 0ms
   ✓ sessionPersistence v3 serialization and migration > round-trips mixed terminal/browser content preserving tree, browser metadata, and terminal session ownership with runtime browserId policy 0ms
   ✓ sessionPersistence v3 serialization and migration > persists decimal-string daemonEpoch and lastOutputSequence separately from local/backend IDs 0ms
   × sessionPersistence v3 serialization and migration > reconciles only when both daemon epoch and backendSessionId match current daemon ListSessions result 3ms
     → expected { id: 'sess-3', …(17) } to match object { id: 'sess-3', …(4) }
(13 matching properties omitted from actual)
   × sessionPersistence v3 serialization and migration > marks sessions exited/lost on daemon epoch change without auto-respawn 1ms
     → expected { id: 'sess-1', …(17) } to match object { id: 'sess-1', …(4) }
(13 matching properties omitted from actual)
   ✓ sessionPersistence v3 serialization and migration > persists and restores activityBySessionId for active referenced tabs and drops orphan session activity 0ms
   × sessionPersistence v3 serialization and migration > preserves live working and waiting claims for surviving daemon sessions, but drops working claim for dead sessions 1ms
     → expected 'working' to be 'done' // Object.is equality
   × sessionPersistence v3 serialization and migration > marks session exited and settles working activity to done when daemon reports running: false 0ms
     → expected 'working' to be 'exited' // Object.is equality
   ✓ sessionPersistence v3 serialization and migration > restores activities with seen: true so startup does not trigger attention frames on any pane 0ms
   ✓ sessionPersistence v3 serialization and migration > persists and restores agentType and agentSessionId across serialization and deserialization 0ms
   × sessionPersistence v3 serialization and migration > preserves agentType and agentSessionId when daemon epoch mismatch marks session exited and nulls backendSessionId 0ms
     → expected 'backend-1' to be null
   ✓ sessionPersistence v3 serialization and migration > loads legacy save files without agent fields without throwing and sets agentType/agentSessionId to null 0ms
   × sessionPersistence v3 serialization and migration > keeps live backend identity, pane leaf ownership, agent metadata, CWD, and output sequence across warm disk restore 0ms
     → expected 'backend-2' to be null
   × sessionPersistence v3 serialization and migration > persists providerSession and never serializes transient reconnect locks or in-flight state 2ms
     → expected '{"version":3,"timestamp":179106929087…' not to contain 'reconnectRequestId'
   ✓ sessionPersistence v3 serialization and migration > falls back to activityBySessionId agentType during serialization and deserialization when session.agentType is unset 0ms
   ✓ sessionPersistence v3 serialization and migration > migrateLegacyAgentType > migrates legacy gemini agent type to antigravity and preserves other inputs 0ms
   ✓ sessionPersistence v3 serialization and migration > migrates legacy gemini agentType to antigravity and generates providerSession during restore 0ms
   ✓ sessionPersistence v3 serialization and migration > migrates restored activityBySessionId agentType from gemini to antigravity while leaving non-legacy untouched 0ms
   ✓ sessionPersistenceKey > changes when an agent rotates its conversation id inside the same pane 0ms
   ✓ sessionPersistenceKey > is stable while nothing persistable changed 0ms
   ✓ sessionPersistenceKey > still changes on backend rebinding and lifecycle transitions 0ms
stderr | src/App.notifications.test.tsx > App notification coordinator wiring > manual reset outcome routes tab notifications (1 sessions, 0 failures)
DAG watch-status listener registration failed Error: [vitest] No "listenDagWatchStatus" export is defined on the "./lib/tauri" mock. Did you forget to return it from "vi.mock"?
If you need to partially mock a module, you can use "importOriginal" helper inside:

    at VitestMocker.createError [90m(file:///Users/I552267/ferryx-pane-completion/source-5464da0d/ui/[39mnode_modules/[4mvitest[24m/dist/chunks/execute.B7h3T_Hc.js:284:17[90m)[39m
    at Object.get [90m(file:///Users/I552267/ferryx-pane-completion/source-5464da0d/ui/[39mnode_modules/[4mvitest[24m/dist/chunks/execute.B7h3T_Hc.js:330:16[90m)[39m
    at [90m/Users/I552267/ferryx-pane-completion/source-5464da0d/ui/[39msrc/lib/useDagWatchLifecycle.ts:94:32
    at [90m/Users/I552267/ferryx-pane-completion/source-5464da0d/ui/[39msrc/lib/useDagWatchLifecycle.ts:112:9 {
  codeFrame: [32m'vi\x1B[33m.\x1B[39m\x1B[34mmock\x1B[39m(\x1B[35mimport\x1B[39m(\x1B[32m"./lib/tauri"\x1B[39m)\x1B[33m,\x1B[39m \x1B[35masync\x1B[39m (importOriginal) \x1B[33m=>\x1B[39m {\n'[39m +
    [32m'  \x1B[35mconst\x1B[39m actual \x1B[33m=\x1B[39m \x1B[35mawait\x1B[39m \x1B[34mimportOriginal\x1B[39m()\n'[39m +
    [32m'  \x1B[35mreturn\x1B[39m {\n'[39m +
    [32m'    \x1B[33m...\x1B[39mactual\x1B[33m,\x1B[39m\n'[39m +
    [32m'    \x1B[90m// your mocked methods\x1B[39m\n'[39m +
    [32m'  }\n'[39m +
    [32m'})'[39m
}

stderr | src/App.notifications.test.tsx > App notification coordinator wiring > manual reset outcome routes tab notifications (1 sessions, 1 failures)
DAG watch-status listener registration failed Error: [vitest] No "listenDagWatchStatus" export is defined on the "./lib/tauri" mock. Did you forget to return it from "vi.mock"?
If you need to partially mock a module, you can use "importOriginal" helper inside:

    at VitestMocker.createError [90m(file:///Users/I552267/ferryx-pane-completion/source-5464da0d/ui/[39mnode_modules/[4mvitest[24m/dist/chunks/execute.B7h3T_Hc.js:284:17[90m)[39m
    at Object.get [90m(file:///Users/I552267/ferryx-pane-completion/source-5464da0d/ui/[39mnode_modules/[4mvitest[24m/dist/chunks/execute.B7h3T_Hc.js:330:16[90m)[39m
    at [90m/Users/I552267/ferryx-pane-completion/source-5464da0d/ui/[39msrc/lib/useDagWatchLifecycle.ts:94:32
    at [90m/Users/I552267/ferryx-pane-completion/source-5464da0d/ui/[39msrc/lib/useDagWatchLifecycle.ts:112:9 {
  codeFrame: [32m'vi\x1B[33m.\x1B[39m\x1B[34mmock\x1B[39m(\x1B[35mimport\x1B[39m(\x1B[32m"./lib/tauri"\x1B[39m)\x1B[33m,\x1B[39m \x1B[35masync\x1B[39m (importOriginal) \x1B[33m=>\x1B[39m {\n'[39m +
    [32m'  \x1B[35mconst\x1B[39m actual \x1B[33m=\x1B[39m \x1B[35mawait\x1B[39m \x1B[34mimportOriginal\x1B[39m()\n'[39m +
    [32m'  \x1B[35mreturn\x1B[39m {\n'[39m +
    [32m'    \x1B[33m...\x1B[39mactual\x1B[33m,\x1B[39m\n'[39m +
    [32m'    \x1B[90m// your mocked methods\x1B[39m\n'[39m +
    [32m'  }\n'[39m +
    [32m'})'[39m
}

stderr | src/App.notifications.test.tsx > App notification coordinator wiring > manual reset outcome routes tab notifications (3 sessions, 1 failures)
DAG watch-status listener registration failed Error: [vitest] No "listenDagWatchStatus" export is defined on the "./lib/tauri" mock. Did you forget to return it from "vi.mock"?
If you need to partially mock a module, you can use "importOriginal" helper inside:

    at VitestMocker.createError [90m(file:///Users/I552267/ferryx-pane-completion/source-5464da0d/ui/[39mnode_modules/[4mvitest[24m/dist/chunks/execute.B7h3T_Hc.js:284:17[90m)[39m
    at Object.get [90m(file:///Users/I552267/ferryx-pane-completion/source-5464da0d/ui/[39mnode_modules/[4mvitest[24m/dist/chunks/execute.B7h3T_Hc.js:330:16[90m)[39m
    at [90m/Users/I552267/ferryx-pane-completion/source-5464da0d/ui/[39msrc/lib/useDagWatchLifecycle.ts:94:32
    at [90m/Users/I552267/ferryx-pane-completion/source-5464da0d/ui/[39msrc/lib/useDagWatchLifecycle.ts:112:9 {
  codeFrame: [32m'vi\x1B[33m.\x1B[39m\x1B[34mmock\x1B[39m(\x1B[35mimport\x1B[39m(\x1B[32m"./lib/tauri"\x1B[39m)\x1B[33m,\x1B[39m \x1B[35masync\x1B[39m (importOriginal) \x1B[33m=>\x1B[39m {\n'[39m +
    [32m'  \x1B[35mconst\x1B[39m actual \x1B[33m=\x1B[39m \x1B[35mawait\x1B[39m \x1B[34mimportOriginal\x1B[39m()\n'[39m +
    [32m'  \x1B[35mreturn\x1B[39m {\n'[39m +
    [32m'    \x1B[33m...\x1B[39mactual\x1B[33m,\x1B[39m\n'[39m +
    [32m'    \x1B[90m// your mocked methods\x1B[39m\n'[39m +
    [32m'  }\n'[39m +
    [32m'})'[39m
}

stderr | src/App.notifications.test.tsx > App notification coordinator wiring > manual reset outcome routes tab notifications (3 sessions, 3 failures)
DAG watch-status listener registration failed Error: [vitest] No "listenDagWatchStatus" export is defined on the "./lib/tauri" mock. Did you forget to return it from "vi.mock"?
If you need to partially mock a module, you can use "importOriginal" helper inside:

    at VitestMocker.createError [90m(file:///Users/I552267/ferryx-pane-completion/source-5464da0d/ui/[39mnode_modules/[4mvitest[24m/dist/chunks/execute.B7h3T_Hc.js:284:17[90m)[39m
    at Object.get [90m(file:///Users/I552267/ferryx-pane-completion/source-5464da0d/ui/[39mnode_modules/[4mvitest[24m/dist/chunks/execute.B7h3T_Hc.js:330:16[90m)[39m
    at [90m/Users/I552267/ferryx-pane-completion/source-5464da0d/ui/[39msrc/lib/useDagWatchLifecycle.ts:94:32
    at [90m/Users/I552267/ferryx-pane-completion/source-5464da0d/ui/[39msrc/lib/useDagWatchLifecycle.ts:112:9 {
  codeFrame: [32m'vi\x1B[33m.\x1B[39m\x1B[34mmock\x1B[39m(\x1B[35mimport\x1B[39m(\x1B[32m"./lib/tauri"\x1B[39m)\x1B[33m,\x1B[39m \x1B[35masync\x1B[39m (importOriginal) \x1B[33m=>\x1B[39m {\n'[39m +
    [32m'  \x1B[35mconst\x1B[39m actual \x1B[33m=\x1B[39m \x1B[35mawait\x1B[39m \x1B[34mimportOriginal\x1B[39m()\n'[39m +
    [32m'  \x1B[35mreturn\x1B[39m {\n'[39m +
    [32m'    \x1B[33m...\x1B[39mactual\x1B[33m,\x1B[39m\n'[39m +
    [32m'    \x1B[90m// your mocked methods\x1B[39m\n'[39m +
    [32m'  }\n'[39m +
    [32m'})'[39m
}

stderr | src/App.notifications.test.tsx > App notification coordinator wiring > manual reset outcome routes tab notifications (3 sessions, 0 failures)
DAG watch-status listener registration failed Error: [vitest] No "listenDagWatchStatus" export is defined on the "./lib/tauri" mock. Did you forget to return it from "vi.mock"?
If you need to partially mock a module, you can use "importOriginal" helper inside:

    at VitestMocker.createError [90m(file:///Users/I552267/ferryx-pane-completion/source-5464da0d/ui/[39mnode_modules/[4mvitest[24m/dist/chunks/execute.B7h3T_Hc.js:284:17[90m)[39m
    at Object.get [90m(file:///Users/I552267/ferryx-pane-completion/source-5464da0d/ui/[39mnode_modules/[4mvitest[24m/dist/chunks/execute.B7h3T_Hc.js:330:16[90m)[39m
    at [90m/Users/I552267/ferryx-pane-completion/source-5464da0d/ui/[39msrc/lib/useDagWatchLifecycle.ts:94:32
    at [90m/Users/I552267/ferryx-pane-completion/source-5464da0d/ui/[39msrc/lib/useDagWatchLifecycle.ts:112:9 {
  codeFrame: [32m'vi\x1B[33m.\x1B[39m\x1B[34mmock\x1B[39m(\x1B[35mimport\x1B[39m(\x1B[32m"./lib/tauri"\x1B[39m)\x1B[33m,\x1B[39m \x1B[35masync\x1B[39m (importOriginal) \x1B[33m=>\x1B[39m {\n'[39m +
    [32m'  \x1B[35mconst\x1B[39m actual \x1B[33m=\x1B[39m \x1B[35mawait\x1B[39m \x1B[34mimportOriginal\x1B[39m()\n'[39m +
    [32m'  \x1B[35mreturn\x1B[39m {\n'[39m +
    [32m'    \x1B[33m...\x1B[39mactual\x1B[33m,\x1B[39m\n'[39m +
    [32m'    \x1B[90m// your mocked methods\x1B[39m\n'[39m +
    [32m'  }\n'[39m +
    [32m'})'[39m
}

stderr | src/App.notifications.test.tsx > App notification coordinator wiring > manual reset outcome routes worktree notifications (1 sessions, 0 failures)
DAG watch-status listener registration failed Error: [vitest] No "listenDagWatchStatus" export is defined on the "./lib/tauri" mock. Did you forget to return it from "vi.mock"?
If you need to partially mock a module, you can use "importOriginal" helper inside:

    at VitestMocker.createError [90m(file:///Users/I552267/ferryx-pane-completion/source-5464da0d/ui/[39mnode_modules/[4mvitest[24m/dist/chunks/execute.B7h3T_Hc.js:284:17[90m)[39m
    at Object.get [90m(file:///Users/I552267/ferryx-pane-completion/source-5464da0d/ui/[39mnode_modules/[4mvitest[24m/dist/chunks/execute.B7h3T_Hc.js:330:16[90m)[39m
    at [90m/Users/I552267/ferryx-pane-completion/source-5464da0d/ui/[39msrc/lib/useDagWatchLifecycle.ts:94:32
    at [90m/Users/I552267/ferryx-pane-completion/source-5464da0d/ui/[39msrc/lib/useDagWatchLifecycle.ts:112:9 {
  codeFrame: [32m'vi\x1B[33m.\x1B[39m\x1B[34mmock\x1B[39m(\x1B[35mimport\x1B[39m(\x1B[32m"./lib/tauri"\x1B[39m)\x1B[33m,\x1B[39m \x1B[35masync\x1B[39m (importOriginal) \x1B[33m=>\x1B[39m {\n'[39m +
    [32m'  \x1B[35mconst\x1B[39m actual \x1B[33m=\x1B[39m \x1B[35mawait\x1B[39m \x1B[34mimportOriginal\x1B[39m()\n'[39m +
    [32m'  \x1B[35mreturn\x1B[39m {\n'[39m +
    [32m'    \x1B[33m...\x1B[39mactual\x1B[33m,\x1B[39m\n'[39m +
    [32m'    \x1B[90m// your mocked methods\x1B[39m\n'[39m +
    [32m'  }\n'[39m +
    [32m'})'[39m
}

stderr | src/App.notifications.test.tsx > App notification coordinator wiring > manual reset outcome routes worktree notifications (1 sessions, 1 failures)
DAG watch-status listener registration failed Error: [vitest] No "listenDagWatchStatus" export is defined on the "./lib/tauri" mock. Did you forget to return it from "vi.mock"?
If you need to partially mock a module, you can use "importOriginal" helper inside:

    at VitestMocker.createError [90m(file:///Users/I552267/ferryx-pane-completion/source-5464da0d/ui/[39mnode_modules/[4mvitest[24m/dist/chunks/execute.B7h3T_Hc.js:284:17[90m)[39m
    at Object.get [90m(file:///Users/I552267/ferryx-pane-completion/source-5464da0d/ui/[39mnode_modules/[4mvitest[24m/dist/chunks/execute.B7h3T_Hc.js:330:16[90m)[39m
    at [90m/Users/I552267/ferryx-pane-completion/source-5464da0d/ui/[39msrc/lib/useDagWatchLifecycle.ts:94:32
    at [90m/Users/I552267/ferryx-pane-completion/source-5464da0d/ui/[39msrc/lib/useDagWatchLifecycle.ts:112:9 {
  codeFrame: [32m'vi\x1B[33m.\x1B[39m\x1B[34mmock\x1B[39m(\x1B[35mimport\x1B[39m(\x1B[32m"./lib/tauri"\x1B[39m)\x1B[33m,\x1B[39m \x1B[35masync\x1B[39m (importOriginal) \x1B[33m=>\x1B[39m {\n'[39m +
    [32m'  \x1B[35mconst\x1B[39m actual \x1B[33m=\x1B[39m \x1B[35mawait\x1B[39m \x1B[34mimportOriginal\x1B[39m()\n'[39m +
    [32m'  \x1B[35mreturn\x1B[39m {\n'[39m +
    [32m'    \x1B[33m...\x1B[39mactual\x1B[33m,\x1B[39m\n'[39m +
    [32m'    \x1B[90m// your mocked methods\x1B[39m\n'[39m +
    [32m'  }\n'[39m +
    [32m'})'[39m
}

stderr | src/App.notifications.test.tsx > App notification coordinator wiring > manual reset outcome routes worktree notifications (3 sessions, 1 failures)
DAG watch-status listener registration failed Error: [vitest] No "listenDagWatchStatus" export is defined on the "./lib/tauri" mock. Did you forget to return it from "vi.mock"?
If you need to partially mock a module, you can use "importOriginal" helper inside:

    at VitestMocker.createError [90m(file:///Users/I552267/ferryx-pane-completion/source-5464da0d/ui/[39mnode_modules/[4mvitest[24m/dist/chunks/execute.B7h3T_Hc.js:284:17[90m)[39m
    at Object.get [90m(file:///Users/I552267/ferryx-pane-completion/source-5464da0d/ui/[39mnode_modules/[4mvitest[24m/dist/chunks/execute.B7h3T_Hc.js:330:16[90m)[39m
    at [90m/Users/I552267/ferryx-pane-completion/source-5464da0d/ui/[39msrc/lib/useDagWatchLifecycle.ts:94:32
    at [90m/Users/I552267/ferryx-pane-completion/source-5464da0d/ui/[39msrc/lib/useDagWatchLifecycle.ts:112:9 {
  codeFrame: [32m'vi\x1B[33m.\x1B[39m\x1B[34mmock\x1B[39m(\x1B[35mimport\x1B[39m(\x1B[32m"./lib/tauri"\x1B[39m)\x1B[33m,\x1B[39m \x1B[35masync\x1B[39m (importOriginal) \x1B[33m=>\x1B[39m {\n'[39m +
    [32m'  \x1B[35mconst\x1B[39m actual \x1B[33m=\x1B[39m \x1B[35mawait\x1B[39m \x1B[34mimportOriginal\x1B[39m()\n'[39m +
    [32m'  \x1B[35mreturn\x1B[39m {\n'[39m +
    [32m'    \x1B[33m...\x1B[39mactual\x1B[33m,\x1B[39m\n'[39m +
    [32m'    \x1B[90m// your mocked methods\x1B[39m\n'[39m +
    [32m'  }\n'[39m +
    [32m'})'[39m
}

stderr | src/App.notifications.test.tsx > App notification coordinator wiring > manual reset outcome routes worktree notifications (3 sessions, 3 failures)
DAG watch-status listener registration failed Error: [vitest] No "listenDagWatchStatus" export is defined on the "./lib/tauri" mock. Did you forget to return it from "vi.mock"?
If you need to partially mock a module, you can use "importOriginal" helper inside:

    at VitestMocker.createError [90m(file:///Users/I552267/ferryx-pane-completion/source-5464da0d/ui/[39mnode_modules/[4mvitest[24m/dist/chunks/execute.B7h3T_Hc.js:284:17[90m)[39m
    at Object.get [90m(file:///Users/I552267/ferryx-pane-completion/source-5464da0d/ui/[39mnode_modules/[4mvitest[24m/dist/chunks/execute.B7h3T_Hc.js:330:16[90m)[39m
    at [90m/Users/I552267/ferryx-pane-completion/source-5464da0d/ui/[39msrc/lib/useDagWatchLifecycle.ts:94:32
    at [90m/Users/I552267/ferryx-pane-completion/source-5464da0d/ui/[39msrc/lib/useDagWatchLifecycle.ts:112:9 {
  codeFrame: [32m'vi\x1B[33m.\x1B[39m\x1B[34mmock\x1B[39m(\x1B[35mimport\x1B[39m(\x1B[32m"./lib/tauri"\x1B[39m)\x1B[33m,\x1B[39m \x1B[35masync\x1B[39m (importOriginal) \x1B[33m=>\x1B[39m {\n'[39m +
    [32m'  \x1B[35mconst\x1B[39m actual \x1B[33m=\x1B[39m \x1B[35mawait\x1B[39m \x1B[34mimportOriginal\x1B[39m()\n'[39m +
    [32m'  \x1B[35mreturn\x1B[39m {\n'[39m +
    [32m'    \x1B[33m...\x1B[39mactual\x1B[33m,\x1B[39m\n'[39m +
    [32m'    \x1B[90m// your mocked methods\x1B[39m\n'[39m +
    [32m'  }\n'[39m +
    [32m'})'[39m
}

stderr | src/App.notifications.test.tsx > App notification coordinator wiring > manual reset outcome routes worktree notifications (3 sessions, 0 failures)
DAG watch-status listener registration failed Error: [vitest] No "listenDagWatchStatus" export is defined on the "./lib/tauri" mock. Did you forget to return it from "vi.mock"?
If you need to partially mock a module, you can use "importOriginal" helper inside:

    at VitestMocker.createError [90m(file:///Users/I552267/ferryx-pane-completion/source-5464da0d/ui/[39mnode_modules/[4mvitest[24m/dist/chunks/execute.B7h3T_Hc.js:284:17[90m)[39m
    at Object.get [90m(file:///Users/I552267/ferryx-pane-completion/source-5464da0d/ui/[39mnode_modules/[4mvitest[24m/dist/chunks/execute.B7h3T_Hc.js:330:16[90m)[39m
    at [90m/Users/I552267/ferryx-pane-completion/source-5464da0d/ui/[39msrc/lib/useDagWatchLifecycle.ts:94:32
    at [90m/Users/I552267/ferryx-pane-completion/source-5464da0d/ui/[39msrc/lib/useDagWatchLifecycle.ts:112:9 {
  codeFrame: [32m'vi\x1B[33m.\x1B[39m\x1B[34mmock\x1B[39m(\x1B[35mimport\x1B[39m(\x1B[32m"./lib/tauri"\x1B[39m)\x1B[33m,\x1B[39m \x1B[35masync\x1B[39m (importOriginal) \x1B[33m=>\x1B[39m {\n'[39m +
    [32m'  \x1B[35mconst\x1B[39m actual \x1B[33m=\x1B[39m \x1B[35mawait\x1B[39m \x1B[34mimportOriginal\x1B[39m()\n'[39m +
    [32m'  \x1B[35mreturn\x1B[39m {\n'[39m +
    [32m'    \x1B[33m...\x1B[39mactual\x1B[33m,\x1B[39m\n'[39m +
    [32m'    \x1B[90m// your mocked methods\x1B[39m\n'[39m +
    [32m'  }\n'[39m +
    [32m'})'[39m
}

stderr | src/App.notifications.test.tsx > App notification coordinator wiring > CRITERION 2: clicking the bell button while the window is UNFOCUSED calls dispatchNotification with source: 'terminal-bell' and marks tab and worktree unread
DAG watch-status listener registration failed Error: [vitest] No "listenDagWatchStatus" export is defined on the "./lib/tauri" mock. Did you forget to return it from "vi.mock"?
If you need to partially mock a module, you can use "importOriginal" helper inside:

    at VitestMocker.createError [90m(file:///Users/I552267/ferryx-pane-completion/source-5464da0d/ui/[39mnode_modules/[4mvitest[24m/dist/chunks/execute.B7h3T_Hc.js:284:17[90m)[39m
    at Object.get [90m(file:///Users/I552267/ferryx-pane-completion/source-5464da0d/ui/[39mnode_modules/[4mvitest[24m/dist/chunks/execute.B7h3T_Hc.js:330:16[90m)[39m
    at [90m/Users/I552267/ferryx-pane-completion/source-5464da0d/ui/[39msrc/lib/useDagWatchLifecycle.ts:94:32
    at [90m/Users/I552267/ferryx-pane-completion/source-5464da0d/ui/[39msrc/lib/useDagWatchLifecycle.ts:112:9 {
  codeFrame: [32m'vi\x1B[33m.\x1B[39m\x1B[34mmock\x1B[39m(\x1B[35mimport\x1B[39m(\x1B[32m"./lib/tauri"\x1B[39m)\x1B[33m,\x1B[39m \x1B[35masync\x1B[39m (importOriginal) \x1B[33m=>\x1B[39m {\n'[39m +
    [32m'  \x1B[35mconst\x1B[39m actual \x1B[33m=\x1B[39m \x1B[35mawait\x1B[39m \x1B[34mimportOriginal\x1B[39m()\n'[39m +
    [32m'  \x1B[35mreturn\x1B[39m {\n'[39m +
    [32m'    \x1B[33m...\x1B[39mactual\x1B[33m,\x1B[39m\n'[39m +
    [32m'    \x1B[90m// your mocked methods\x1B[39m\n'[39m +
    [32m'  }\n'[39m +
    [32m'})'[39m
}

stderr | src/App.notifications.test.tsx > App notification coordinator wiring > starts DAG subscriptions when the registered project list is remote-only
DAG watch-status listener registration failed Error: [vitest] No "listenDagWatchStatus" export is defined on the "./lib/tauri" mock. Did you forget to return it from "vi.mock"?
If you need to partially mock a module, you can use "importOriginal" helper inside:

    at VitestMocker.createError [90m(file:///Users/I552267/ferryx-pane-completion/source-5464da0d/ui/[39mnode_modules/[4mvitest[24m/dist/chunks/execute.B7h3T_Hc.js:284:17[90m)[39m
    at Object.get [90m(file:///Users/I552267/ferryx-pane-completion/source-5464da0d/ui/[39mnode_modules/[4mvitest[24m/dist/chunks/execute.B7h3T_Hc.js:330:16[90m)[39m
    at [90m/Users/I552267/ferryx-pane-completion/source-5464da0d/ui/[39msrc/lib/useDagWatchLifecycle.ts:94:32
    at [90m/Users/I552267/ferryx-pane-completion/source-5464da0d/ui/[39msrc/lib/useDagWatchLifecycle.ts:112:9 {
  codeFrame: [32m'vi\x1B[33m.\x1B[39m\x1B[34mmock\x1B[39m(\x1B[35mimport\x1B[39m(\x1B[32m"./lib/tauri"\x1B[39m)\x1B[33m,\x1B[39m \x1B[35masync\x1B[39m (importOriginal) \x1B[33m=>\x1B[39m {\n'[39m +
    [32m'  \x1B[35mconst\x1B[39m actual \x1B[33m=\x1B[39m \x1B[35mawait\x1B[39m \x1B[34mimportOriginal\x1B[39m()\n'[39m +
    [32m'  \x1B[35mreturn\x1B[39m {\n'[39m +
    [32m'    \x1B[33m...\x1B[39mactual\x1B[33m,\x1B[39m\n'[39m +
    [32m'    \x1B[90m// your mocked methods\x1B[39m\n'[39m +
    [32m'  }\n'[39m +
    [32m'})'[39m
}

stderr | src/App.notifications.test.tsx > App notification coordinator wiring > forwards SSH labels for agent completion and both bell paths: 'Orca (Build machine)' at '/srv/Orca/'
DAG watch-status listener registration failed Error: [vitest] No "listenDagWatchStatus" export is defined on the "./lib/tauri" mock. Did you forget to return it from "vi.mock"?
If you need to partially mock a module, you can use "importOriginal" helper inside:

    at VitestMocker.createError [90m(file:///Users/I552267/ferryx-pane-completion/source-5464da0d/ui/[39mnode_modules/[4mvitest[24m/dist/chunks/execute.B7h3T_Hc.js:284:17[90m)[39m
    at Object.get [90m(file:///Users/I552267/ferryx-pane-completion/source-5464da0d/ui/[39mnode_modules/[4mvitest[24m/dist/chunks/execute.B7h3T_Hc.js:330:16[90m)[39m
    at [90m/Users/I552267/ferryx-pane-completion/source-5464da0d/ui/[39msrc/lib/useDagWatchLifecycle.ts:94:32
    at [90m/Users/I552267/ferryx-pane-completion/source-5464da0d/ui/[39msrc/lib/useDagWatchLifecycle.ts:112:9 {
  codeFrame: [32m'vi\x1B[33m.\x1B[39m\x1B[34mmock\x1B[39m(\x1B[35mimport\x1B[39m(\x1B[32m"./lib/tauri"\x1B[39m)\x1B[33m,\x1B[39m \x1B[35masync\x1B[39m (importOriginal) \x1B[33m=>\x1B[39m {\n'[39m +
    [32m'  \x1B[35mconst\x1B[39m actual \x1B[33m=\x1B[39m \x1B[35mawait\x1B[39m \x1B[34mimportOriginal\x1B[39m()\n'[39m +
    [32m'  \x1B[35mreturn\x1B[39m {\n'[39m +
    [32m'    \x1B[33m...\x1B[39mactual\x1B[33m,\x1B[39m\n'[39m +
    [32m'    \x1B[90m// your mocked methods\x1B[39m\n'[39m +
    [32m'  }\n'[39m +
    [32m'})'[39m
}

stderr | src/App.notifications.test.tsx > App notification coordinator wiring > forwards SSH labels for agent completion and both bell paths: 'Orca (Build machine)' at 'C:\work\Orca\'
DAG watch-status listener registration failed Error: [vitest] No "listenDagWatchStatus" export is defined on the "./lib/tauri" mock. Did you forget to return it from "vi.mock"?
If you need to partially mock a module, you can use "importOriginal" helper inside:

    at VitestMocker.createError [90m(file:///Users/I552267/ferryx-pane-completion/source-5464da0d/ui/[39mnode_modules/[4mvitest[24m/dist/chunks/execute.B7h3T_Hc.js:284:17[90m)[39m
    at Object.get [90m(file:///Users/I552267/ferryx-pane-completion/source-5464da0d/ui/[39mnode_modules/[4mvitest[24m/dist/chunks/execute.B7h3T_Hc.js:330:16[90m)[39m
    at [90m/Users/I552267/ferryx-pane-completion/source-5464da0d/ui/[39msrc/lib/useDagWatchLifecycle.ts:94:32
    at [90m/Users/I552267/ferryx-pane-completion/source-5464da0d/ui/[39msrc/lib/useDagWatchLifecycle.ts:112:9 {
  codeFrame: [32m'vi\x1B[33m.\x1B[39m\x1B[34mmock\x1B[39m(\x1B[35mimport\x1B[39m(\x1B[32m"./lib/tauri"\x1B[39m)\x1B[33m,\x1B[39m \x1B[35masync\x1B[39m (importOriginal) \x1B[33m=>\x1B[39m {\n'[39m +
    [32m'  \x1B[35mconst\x1B[39m actual \x1B[33m=\x1B[39m \x1B[35mawait\x1B[39m \x1B[34mimportOriginal\x1B[39m()\n'[39m +
    [32m'  \x1B[35mreturn\x1B[39m {\n'[39m +
    [32m'    \x1B[33m...\x1B[39mactual\x1B[33m,\x1B[39m\n'[39m +
    [32m'    \x1B[90m// your mocked methods\x1B[39m\n'[39m +
    [32m'  }\n'[39m +
    [32m'})'[39m
}

stderr | src/App.notifications.test.tsx > App notification coordinator wiring > forwards SSH labels for agent completion and both bell paths: '/ (build)' at '/'
DAG watch-status listener registration failed Error: [vitest] No "listenDagWatchStatus" export is defined on the "./lib/tauri" mock. Did you forget to return it from "vi.mock"?
If you need to partially mock a module, you can use "importOriginal" helper inside:

    at VitestMocker.createError [90m(file:///Users/I552267/ferryx-pane-completion/source-5464da0d/ui/[39mnode_modules/[4mvitest[24m/dist/chunks/execute.B7h3T_Hc.js:284:17[90m)[39m
    at Object.get [90m(file:///Users/I552267/ferryx-pane-completion/source-5464da0d/ui/[39mnode_modules/[4mvitest[24m/dist/chunks/execute.B7h3T_Hc.js:330:16[90m)[39m
    at [90m/Users/I552267/ferryx-pane-completion/source-5464da0d/ui/[39msrc/lib/useDagWatchLifecycle.ts:94:32
    at [90m/Users/I552267/ferryx-pane-completion/source-5464da0d/ui/[39msrc/lib/useDagWatchLifecycle.ts:112:9 {
  codeFrame: [32m'vi\x1B[33m.\x1B[39m\x1B[34mmock\x1B[39m(\x1B[35mimport\x1B[39m(\x1B[32m"./lib/tauri"\x1B[39m)\x1B[33m,\x1B[39m \x1B[35masync\x1B[39m (importOriginal) \x1B[33m=>\x1B[39m {\n'[39m +
    [32m'  \x1B[35mconst\x1B[39m actual \x1B[33m=\x1B[39m \x1B[35mawait\x1B[39m \x1B[34mimportOriginal\x1B[39m()\n'[39m +
    [32m'  \x1B[35mreturn\x1B[39m {\n'[39m +
    [32m'    \x1B[33m...\x1B[39mactual\x1B[33m,\x1B[39m\n'[39m +
    [32m'    \x1B[90m// your mocked methods\x1B[39m\n'[39m +
    [32m'  }\n'[39m +
    [32m'})'[39m
}

stderr | src/App.notifications.test.tsx > App notification coordinator wiring > forwards SSH labels for agent completion and both bell paths: 'Orca' at '/srv/Orca'
DAG watch-status listener registration failed Error: [vitest] No "listenDagWatchStatus" export is defined on the "./lib/tauri" mock. Did you forget to return it from "vi.mock"?
If you need to partially mock a module, you can use "importOriginal" helper inside:

    at VitestMocker.createError [90m(file:///Users/I552267/ferryx-pane-completion/source-5464da0d/ui/[39mnode_modules/[4mvitest[24m/dist/chunks/execute.B7h3T_Hc.js:284:17[90m)[39m
    at Object.get [90m(file:///Users/I552267/ferryx-pane-completion/source-5464da0d/ui/[39mnode_modules/[4mvitest[24m/dist/chunks/execute.B7h3T_Hc.js:330:16[90m)[39m
    at [90m/Users/I552267/ferryx-pane-completion/source-5464da0d/ui/[39msrc/lib/useDagWatchLifecycle.ts:94:32
    at [90m/Users/I552267/ferryx-pane-completion/source-5464da0d/ui/[39msrc/lib/useDagWatchLifecycle.ts:112:9 {
  codeFrame: [32m'vi\x1B[33m.\x1B[39m\x1B[34mmock\x1B[39m(\x1B[35mimport\x1B[39m(\x1B[32m"./lib/tauri"\x1B[39m)\x1B[33m,\x1B[39m \x1B[35masync\x1B[39m (importOriginal) \x1B[33m=>\x1B[39m {\n'[39m +
    [32m'  \x1B[35mconst\x1B[39m actual \x1B[33m=\x1B[39m \x1B[35mawait\x1B[39m \x1B[34mimportOriginal\x1B[39m()\n'[39m +
    [32m'  \x1B[35mreturn\x1B[39m {\n'[39m +
    [32m'    \x1B[33m...\x1B[39mactual\x1B[33m,\x1B[39m\n'[39m +
    [32m'    \x1B[90m// your mocked methods\x1B[39m\n'[39m +
    [32m'  }\n'[39m +
    [32m'})'[39m
}

stderr | src/App.notifications.test.tsx > App notification coordinator wiring > CRITERION 2b: clicking the bell button while the window is FOCUSED calls dispatchNotification ZERO times
DAG watch-status listener registration failed Error: [vitest] No "listenDagWatchStatus" export is defined on the "./lib/tauri" mock. Did you forget to return it from "vi.mock"?
If you need to partially mock a module, you can use "importOriginal" helper inside:

    at VitestMocker.createError [90m(file:///Users/I552267/ferryx-pane-completion/source-5464da0d/ui/[39mnode_modules/[4mvitest[24m/dist/chunks/execute.B7h3T_Hc.js:284:17[90m)[39m
    at Object.get [90m(file:///Users/I552267/ferryx-pane-completion/source-5464da0d/ui/[39mnode_modules/[4mvitest[24m/dist/chunks/execute.B7h3T_Hc.js:330:16[90m)[39m
    at [90m/Users/I552267/ferryx-pane-completion/source-5464da0d/ui/[39msrc/lib/useDagWatchLifecycle.ts:94:32
    at [90m/Users/I552267/ferryx-pane-completion/source-5464da0d/ui/[39msrc/lib/useDagWatchLifecycle.ts:112:9 {
  codeFrame: [32m'vi\x1B[33m.\x1B[39m\x1B[34mmock\x1B[39m(\x1B[35mimport\x1B[39m(\x1B[32m"./lib/tauri"\x1B[39m)\x1B[33m,\x1B[39m \x1B[35masync\x1B[39m (importOriginal) \x1B[33m=>\x1B[39m {\n'[39m +
    [32m'  \x1B[35mconst\x1B[39m actual \x1B[33m=\x1B[39m \x1B[35mawait\x1B[39m \x1B[34mimportOriginal\x1B[39m()\n'[39m +
    [32m'  \x1B[35mreturn\x1B[39m {\n'[39m +
    [32m'    \x1B[33m...\x1B[39mactual\x1B[33m,\x1B[39m\n'[39m +
    [32m'    \x1B[90m// your mocked methods\x1B[39m\n'[39m +
    [32m'  }\n'[39m +
    [32m'})'[39m
}

stderr | src/App.notifications.test.tsx > App notification coordinator wiring > CRITERION 1: a background agent transitioning working -> done calls dispatchNotification with source: 'agent-task-complete' while unfocused
DAG watch-status listener registration failed Error: [vitest] No "listenDagWatchStatus" export is defined on the "./lib/tauri" mock. Did you forget to return it from "vi.mock"?
If you need to partially mock a module, you can use "importOriginal" helper inside:

    at VitestMocker.createError [90m(file:///Users/I552267/ferryx-pane-completion/source-5464da0d/ui/[39mnode_modules/[4mvitest[24m/dist/chunks/execute.B7h3T_Hc.js:284:17[90m)[39m
    at Object.get [90m(file:///Users/I552267/ferryx-pane-completion/source-5464da0d/ui/[39mnode_modules/[4mvitest[24m/dist/chunks/execute.B7h3T_Hc.js:330:16[90m)[39m
    at [90m/Users/I552267/ferryx-pane-completion/source-5464da0d/ui/[39msrc/lib/useDagWatchLifecycle.ts:94:32
    at [90m/Users/I552267/ferryx-pane-completion/source-5464da0d/ui/[39msrc/lib/useDagWatchLifecycle.ts:112:9 {
  codeFrame: [32m'vi\x1B[33m.\x1B[39m\x1B[34mmock\x1B[39m(\x1B[35mimport\x1B[39m(\x1B[32m"./lib/tauri"\x1B[39m)\x1B[33m,\x1B[39m \x1B[35masync\x1B[39m (importOriginal) \x1B[33m=>\x1B[39m {\n'[39m +
    [32m'  \x1B[35mconst\x1B[39m actual \x1B[33m=\x1B[39m \x1B[35mawait\x1B[39m \x1B[34mimportOriginal\x1B[39m()\n'[39m +
    [32m'  \x1B[35mreturn\x1B[39m {\n'[39m +
    [32m'    \x1B[33m...\x1B[39mactual\x1B[33m,\x1B[39m\n'[39m +
    [32m'    \x1B[90m// your mocked methods\x1B[39m\n'[39m +
    [32m'  }\n'[39m +
    [32m'})'[39m
}

stderr | src/App.notifications.test.tsx > App notification coordinator wiring > uses native background focus when the DOM incorrectly reports focused
DAG watch-status listener registration failed Error: [vitest] No "listenDagWatchStatus" export is defined on the "./lib/tauri" mock. Did you forget to return it from "vi.mock"?
If you need to partially mock a module, you can use "importOriginal" helper inside:

    at VitestMocker.createError [90m(file:///Users/I552267/ferryx-pane-completion/source-5464da0d/ui/[39mnode_modules/[4mvitest[24m/dist/chunks/execute.B7h3T_Hc.js:284:17[90m)[39m
    at Object.get [90m(file:///Users/I552267/ferryx-pane-completion/source-5464da0d/ui/[39mnode_modules/[4mvitest[24m/dist/chunks/execute.B7h3T_Hc.js:330:16[90m)[39m
    at [90m/Users/I552267/ferryx-pane-completion/source-5464da0d/ui/[39msrc/lib/useDagWatchLifecycle.ts:94:32
    at [90m/Users/I552267/ferryx-pane-completion/source-5464da0d/ui/[39msrc/lib/useDagWatchLifecycle.ts:112:9 {
  codeFrame: [32m'vi\x1B[33m.\x1B[39m\x1B[34mmock\x1B[39m(\x1B[35mimport\x1B[39m(\x1B[32m"./lib/tauri"\x1B[39m)\x1B[33m,\x1B[39m \x1B[35masync\x1B[39m (importOriginal) \x1B[33m=>\x1B[39m {\n'[39m +
    [32m'  \x1B[35mconst\x1B[39m actual \x1B[33m=\x1B[39m \x1B[35mawait\x1B[39m \x1B[34mimportOriginal\x1B[39m()\n'[39m +
    [32m'  \x1B[35mreturn\x1B[39m {\n'[39m +
    [32m'    \x1B[33m...\x1B[39mactual\x1B[33m,\x1B[39m\n'[39m +
    [32m'    \x1B[90m// your mocked methods\x1B[39m\n'[39m +
    [32m'  }\n'[39m +
    [32m'})'[39m
}

stderr | src/App.notifications.test.tsx > App notification coordinator wiring > CRITERION 1b: a background agent transitioning working -> done while FOCUSED dispatches nothing
DAG watch-status listener registration failed Error: [vitest] No "listenDagWatchStatus" export is defined on the "./lib/tauri" mock. Did you forget to return it from "vi.mock"?
If you need to partially mock a module, you can use "importOriginal" helper inside:

    at VitestMocker.createError [90m(file:///Users/I552267/ferryx-pane-completion/source-5464da0d/ui/[39mnode_modules/[4mvitest[24m/dist/chunks/execute.B7h3T_Hc.js:284:17[90m)[39m
    at Object.get [90m(file:///Users/I552267/ferryx-pane-completion/source-5464da0d/ui/[39mnode_modules/[4mvitest[24m/dist/chunks/execute.B7h3T_Hc.js:330:16[90m)[39m
    at [90m/Users/I552267/ferryx-pane-completion/source-5464da0d/ui/[39msrc/lib/useDagWatchLifecycle.ts:94:32
    at [90m/Users/I552267/ferryx-pane-completion/source-5464da0d/ui/[39msrc/lib/useDagWatchLifecycle.ts:112:9 {
  codeFrame: [32m'vi\x1B[33m.\x1B[39m\x1B[34mmock\x1B[39m(\x1B[35mimport\x1B[39m(\x1B[32m"./lib/tauri"\x1B[39m)\x1B[33m,\x1B[39m \x1B[35masync\x1B[39m (importOriginal) \x1B[33m=>\x1B[39m {\n'[39m +
    [32m'  \x1B[35mconst\x1B[39m actual \x1B[33m=\x1B[39m \x1B[35mawait\x1B[39m \x1B[34mimportOriginal\x1B[39m()\n'[39m +
    [32m'  \x1B[35mreturn\x1B[39m {\n'[39m +
    [32m'    \x1B[33m...\x1B[39mactual\x1B[33m,\x1B[39m\n'[39m +
    [32m'    \x1B[90m// your mocked methods\x1B[39m\n'[39m +
    [32m'  }\n'[39m +
    [32m'})'[39m
}

stderr | src/App.notifications.test.tsx > App notification coordinator wiring > notification center recording and seen bridge > records focused observed done as seen despite the focus gate
DAG watch-status listener registration failed Error: [vitest] No "listenDagWatchStatus" export is defined on the "./lib/tauri" mock. Did you forget to return it from "vi.mock"?
If you need to partially mock a module, you can use "importOriginal" helper inside:

    at VitestMocker.createError [90m(file:///Users/I552267/ferryx-pane-completion/source-5464da0d/ui/[39mnode_modules/[4mvitest[24m/dist/chunks/execute.B7h3T_Hc.js:284:17[90m)[39m
    at Object.get [90m(file:///Users/I552267/ferryx-pane-completion/source-5464da0d/ui/[39mnode_modules/[4mvitest[24m/dist/chunks/execute.B7h3T_Hc.js:330:16[90m)[39m
    at [90m/Users/I552267/ferryx-pane-completion/source-5464da0d/ui/[39msrc/lib/useDagWatchLifecycle.ts:94:32
    at [90m/Users/I552267/ferryx-pane-completion/source-5464da0d/ui/[39msrc/lib/useDagWatchLifecycle.ts:112:9 {
  codeFrame: [32m'vi\x1B[33m.\x1B[39m\x1B[34mmock\x1B[39m(\x1B[35mimport\x1B[39m(\x1B[32m"./lib/tauri"\x1B[39m)\x1B[33m,\x1B[39m \x1B[35masync\x1B[39m (importOriginal) \x1B[33m=>\x1B[39m {\n'[39m +
    [32m'  \x1B[35mconst\x1B[39m actual \x1B[33m=\x1B[39m \x1B[35mawait\x1B[39m \x1B[34mimportOriginal\x1B[39m()\n'[39m +
    [32m'  \x1B[35mreturn\x1B[39m {\n'[39m +
    [32m'    \x1B[33m...\x1B[39mactual\x1B[33m,\x1B[39m\n'[39m +
    [32m'    \x1B[90m// your mocked methods\x1B[39m\n'[39m +
    [32m'  }\n'[39m +
    [32m'})'[39m
}

stderr | src/App.notifications.test.tsx > App notification coordinator wiring > notification center recording and seen bridge > records unfocused done as unread independently of desktop dispatch outcome
DAG watch-status listener registration failed Error: [vitest] No "listenDagWatchStatus" export is defined on the "./lib/tauri" mock. Did you forget to return it from "vi.mock"?
If you need to partially mock a module, you can use "importOriginal" helper inside:

    at VitestMocker.createError [90m(file:///Users/I552267/ferryx-pane-completion/source-5464da0d/ui/[39mnode_modules/[4mvitest[24m/dist/chunks/execute.B7h3T_Hc.js:284:17[90m)[39m
    at Object.get [90m(file:///Users/I552267/ferryx-pane-completion/source-5464da0d/ui/[39mnode_modules/[4mvitest[24m/dist/chunks/execute.B7h3T_Hc.js:330:16[90m)[39m
    at [90m/Users/I552267/ferryx-pane-completion/source-5464da0d/ui/[39msrc/lib/useDagWatchLifecycle.ts:94:32
    at [90m/Users/I552267/ferryx-pane-completion/source-5464da0d/ui/[39msrc/lib/useDagWatchLifecycle.ts:112:9 {
  codeFrame: [32m'vi\x1B[33m.\x1B[39m\x1B[34mmock\x1B[39m(\x1B[35mimport\x1B[39m(\x1B[32m"./lib/tauri"\x1B[39m)\x1B[33m,\x1B[39m \x1B[35masync\x1B[39m (importOriginal) \x1B[33m=>\x1B[39m {\n'[39m +
    [32m'  \x1B[35mconst\x1B[39m actual \x1B[33m=\x1B[39m \x1B[35mawait\x1B[39m \x1B[34mimportOriginal\x1B[39m()\n'[39m +
    [32m'  \x1B[35mreturn\x1B[39m {\n'[39m +
    [32m'    \x1B[33m...\x1B[39mactual\x1B[33m,\x1B[39m\n'[39m +
    [32m'    \x1B[90m// your mocked methods\x1B[39m\n'[39m +
    [32m'  }\n'[39m +
    [32m'})'[39m
}

stderr | src/App.notifications.test.tsx > App notification coordinator wiring > notification center recording and seen bridge > records focused background tabs as unread and rejects suppressed baseline events
DAG watch-status listener registration failed Error: [vitest] No "listenDagWatchStatus" export is defined on the "./lib/tauri" mock. Did you forget to return it from "vi.mock"?
If you need to partially mock a module, you can use "importOriginal" helper inside:

    at VitestMocker.createError [90m(file:///Users/I552267/ferryx-pane-completion/source-5464da0d/ui/[39mnode_modules/[4mvitest[24m/dist/chunks/execute.B7h3T_Hc.js:284:17[90m)[39m
    at Object.get [90m(file:///Users/I552267/ferryx-pane-completion/source-5464da0d/ui/[39mnode_modules/[4mvitest[24m/dist/chunks/execute.B7h3T_Hc.js:330:16[90m)[39m
    at [90m/Users/I552267/ferryx-pane-completion/source-5464da0d/ui/[39msrc/lib/useDagWatchLifecycle.ts:94:32
    at [90m/Users/I552267/ferryx-pane-completion/source-5464da0d/ui/[39msrc/lib/useDagWatchLifecycle.ts:112:9 {
  codeFrame: [32m'vi\x1B[33m.\x1B[39m\x1B[34mmock\x1B[39m(\x1B[35mimport\x1B[39m(\x1B[32m"./lib/tauri"\x1B[39m)\x1B[33m,\x1B[39m \x1B[35masync\x1B[39m (importOriginal) \x1B[33m=>\x1B[39m {\n'[39m +
    [32m'  \x1B[35mconst\x1B[39m actual \x1B[33m=\x1B[39m \x1B[35mawait\x1B[39m \x1B[34mimportOriginal\x1B[39m()\n'[39m +
    [32m'  \x1B[35mreturn\x1B[39m {\n'[39m +
    [32m'    \x1B[33m...\x1B[39mactual\x1B[33m,\x1B[39m\n'[39m +
    [32m'    \x1B[90m// your mocked methods\x1B[39m\n'[39m +
    [32m'  }\n'[39m +
    [32m'})'[39m
}

stderr | src/App.notifications.test.tsx > App notification coordinator wiring > notification center recording and seen bridge > records focused bells with fallback workspace identity and filters throttled bells
DAG watch-status listener registration failed Error: [vitest] No "listenDagWatchStatus" export is defined on the "./lib/tauri" mock. Did you forget to return it from "vi.mock"?
If you need to partially mock a module, you can use "importOriginal" helper inside:

    at VitestMocker.createError [90m(file:///Users/I552267/ferryx-pane-completion/source-5464da0d/ui/[39mnode_modules/[4mvitest[24m/dist/chunks/execute.B7h3T_Hc.js:284:17[90m)[39m
    at Object.get [90m(file:///Users/I552267/ferryx-pane-completion/source-5464da0d/ui/[39mnode_modules/[4mvitest[24m/dist/chunks/execute.B7h3T_Hc.js:330:16[90m)[39m
    at [90m/Users/I552267/ferryx-pane-completion/source-5464da0d/ui/[39msrc/lib/useDagWatchLifecycle.ts:94:32
    at [90m/Users/I552267/ferryx-pane-completion/source-5464da0d/ui/[39msrc/lib/useDagWatchLifecycle.ts:112:9 {
  codeFrame: [32m'vi\x1B[33m.\x1B[39m\x1B[34mmock\x1B[39m(\x1B[35mimport\x1B[39m(\x1B[32m"./lib/tauri"\x1B[39m)\x1B[33m,\x1B[39m \x1B[35masync\x1B[39m (importOriginal) \x1B[33m=>\x1B[39m {\n'[39m +
    [32m'  \x1B[35mconst\x1B[39m actual \x1B[33m=\x1B[39m \x1B[35mawait\x1B[39m \x1B[34mimportOriginal\x1B[39m()\n'[39m +
    [32m'  \x1B[35mreturn\x1B[39m {\n'[39m +
    [32m'    \x1B[33m...\x1B[39mactual\x1B[33m,\x1B[39m\n'[39m +
    [32m'    \x1B[90m// your mocked methods\x1B[39m\n'[39m +
    [32m'  }\n'[39m +
    [32m'})'[39m
}

stderr | src/App.notifications.test.tsx > App notification coordinator wiring > notification center recording and seen bridge > acknowledges the clicked revision only after focusing a live target
DAG watch-status listener registration failed Error: [vitest] No "listenDagWatchStatus" export is defined on the "./lib/tauri" mock. Did you forget to return it from "vi.mock"?
If you need to partially mock a module, you can use "importOriginal" helper inside:

    at VitestMocker.createError [90m(file:///Users/I552267/ferryx-pane-completion/source-5464da0d/ui/[39mnode_modules/[4mvitest[24m/dist/chunks/execute.B7h3T_Hc.js:284:17[90m)[39m
    at Object.get [90m(file:///Users/I552267/ferryx-pane-completion/source-5464da0d/ui/[39mnode_modules/[4mvitest[24m/dist/chunks/execute.B7h3T_Hc.js:330:16[90m)[39m
    at [90m/Users/I552267/ferryx-pane-completion/source-5464da0d/ui/[39msrc/lib/useDagWatchLifecycle.ts:94:32
    at [90m/Users/I552267/ferryx-pane-completion/source-5464da0d/ui/[39msrc/lib/useDagWatchLifecycle.ts:112:9 {
  codeFrame: [32m'vi\x1B[33m.\x1B[39m\x1B[34mmock\x1B[39m(\x1B[35mimport\x1B[39m(\x1B[32m"./lib/tauri"\x1B[39m)\x1B[33m,\x1B[39m \x1B[35masync\x1B[39m (importOriginal) \x1B[33m=>\x1B[39m {\n'[39m +
    [32m'  \x1B[35mconst\x1B[39m actual \x1B[33m=\x1B[39m \x1B[35mawait\x1B[39m \x1B[34mimportOriginal\x1B[39m()\n'[39m +
    [32m'  \x1B[35mreturn\x1B[39m {\n'[39m +
    [32m'    \x1B[33m...\x1B[39mactual\x1B[33m,\x1B[39m\n'[39m +
    [32m'    \x1B[90m// your mocked methods\x1B[39m\n'[39m +
    [32m'  }\n'[39m +
    [32m'})'[39m
}

stderr | src/App.notifications.test.tsx > App notification coordinator wiring > notification center recording and seen bridge > does not acknowledge a newer occurrence when a stale revision is clicked
DAG watch-status listener registration failed Error: [vitest] No "listenDagWatchStatus" export is defined on the "./lib/tauri" mock. Did you forget to return it from "vi.mock"?
If you need to partially mock a module, you can use "importOriginal" helper inside:

    at VitestMocker.createError [90m(file:///Users/I552267/ferryx-pane-completion/source-5464da0d/ui/[39mnode_modules/[4mvitest[24m/dist/chunks/execute.B7h3T_Hc.js:284:17[90m)[39m
    at Object.get [90m(file:///Users/I552267/ferryx-pane-completion/source-5464da0d/ui/[39mnode_modules/[4mvitest[24m/dist/chunks/execute.B7h3T_Hc.js:330:16[90m)[39m
    at [90m/Users/I552267/ferryx-pane-completion/source-5464da0d/ui/[39msrc/lib/useDagWatchLifecycle.ts:94:32
    at [90m/Users/I552267/ferryx-pane-completion/source-5464da0d/ui/[39msrc/lib/useDagWatchLifecycle.ts:112:9 {
  codeFrame: [32m'vi\x1B[33m.\x1B[39m\x1B[34mmock\x1B[39m(\x1B[35mimport\x1B[39m(\x1B[32m"./lib/tauri"\x1B[39m)\x1B[33m,\x1B[39m \x1B[35masync\x1B[39m (importOriginal) \x1B[33m=>\x1B[39m {\n'[39m +
    [32m'  \x1B[35mconst\x1B[39m actual \x1B[33m=\x1B[39m \x1B[35mawait\x1B[39m \x1B[34mimportOriginal\x1B[39m()\n'[39m +
    [32m'  \x1B[35mreturn\x1B[39m {\n'[39m +
    [32m'    \x1B[33m...\x1B[39mactual\x1B[33m,\x1B[39m\n'[39m +
    [32m'    \x1B[90m// your mocked methods\x1B[39m\n'[39m +
    [32m'  }\n'[39m +
    [32m'})'[39m
}

stderr | src/App.notifications.test.tsx > App notification coordinator wiring > notification center recording and seen bridge > drops a row whose target ghost/sess-1 is gone instead of navigating
DAG watch-status listener registration failed Error: [vitest] No "listenDagWatchStatus" export is defined on the "./lib/tauri" mock. Did you forget to return it from "vi.mock"?
If you need to partially mock a module, you can use "importOriginal" helper inside:

    at VitestMocker.createError [90m(file:///Users/I552267/ferryx-pane-completion/source-5464da0d/ui/[39mnode_modules/[4mvitest[24m/dist/chunks/execute.B7h3T_Hc.js:284:17[90m)[39m
    at Object.get [90m(file:///Users/I552267/ferryx-pane-completion/source-5464da0d/ui/[39mnode_modules/[4mvitest[24m/dist/chunks/execute.B7h3T_Hc.js:330:16[90m)[39m
    at [90m/Users/I552267/ferryx-pane-completion/source-5464da0d/ui/[39msrc/lib/useDagWatchLifecycle.ts:94:32
    at [90m/Users/I552267/ferryx-pane-completion/source-5464da0d/ui/[39msrc/lib/useDagWatchLifecycle.ts:112:9 {
  codeFrame: [32m'vi\x1B[33m.\x1B[39m\x1B[34mmock\x1B[39m(\x1B[35mimport\x1B[39m(\x1B[32m"./lib/tauri"\x1B[39m)\x1B[33m,\x1B[39m \x1B[35masync\x1B[39m (importOriginal) \x1B[33m=>\x1B[39m {\n'[39m +
    [32m'  \x1B[35mconst\x1B[39m actual \x1B[33m=\x1B[39m \x1B[35mawait\x1B[39m \x1B[34mimportOriginal\x1B[39m()\n'[39m +
    [32m'  \x1B[35mreturn\x1B[39m {\n'[39m +
    [32m'    \x1B[33m...\x1B[39mactual\x1B[33m,\x1B[39m\n'[39m +
    [32m'    \x1B[90m// your mocked methods\x1B[39m\n'[39m +
    [32m'  }\n'[39m +
    [32m'})'[39m
}

stderr | src/App.notifications.test.tsx > App notification coordinator wiring > notification center recording and seen bridge > drops a row whose target default/closed is gone instead of navigating
DAG watch-status listener registration failed Error: [vitest] No "listenDagWatchStatus" export is defined on the "./lib/tauri" mock. Did you forget to return it from "vi.mock"?
If you need to partially mock a module, you can use "importOriginal" helper inside:

    at VitestMocker.createError [90m(file:///Users/I552267/ferryx-pane-completion/source-5464da0d/ui/[39mnode_modules/[4mvitest[24m/dist/chunks/execute.B7h3T_Hc.js:284:17[90m)[39m
    at Object.get [90m(file:///Users/I552267/ferryx-pane-completion/source-5464da0d/ui/[39mnode_modules/[4mvitest[24m/dist/chunks/execute.B7h3T_Hc.js:330:16[90m)[39m
    at [90m/Users/I552267/ferryx-pane-completion/source-5464da0d/ui/[39msrc/lib/useDagWatchLifecycle.ts:94:32
    at [90m/Users/I552267/ferryx-pane-completion/source-5464da0d/ui/[39msrc/lib/useDagWatchLifecycle.ts:112:9 {
  codeFrame: [32m'vi\x1B[33m.\x1B[39m\x1B[34mmock\x1B[39m(\x1B[35mimport\x1B[39m(\x1B[32m"./lib/tauri"\x1B[39m)\x1B[33m,\x1B[39m \x1B[35masync\x1B[39m (importOriginal) \x1B[33m=>\x1B[39m {\n'[39m +
    [32m'  \x1B[35mconst\x1B[39m actual \x1B[33m=\x1B[39m \x1B[35mawait\x1B[39m \x1B[34mimportOriginal\x1B[39m()\n'[39m +
    [32m'  \x1B[35mreturn\x1B[39m {\n'[39m +
    [32m'    \x1B[33m...\x1B[39mactual\x1B[33m,\x1B[39m\n'[39m +
    [32m'    \x1B[90m// your mocked methods\x1B[39m\n'[39m +
    [32m'  }\n'[39m +
    [32m'})'[39m
}

stderr | src/App.notifications.test.tsx > App notification coordinator wiring > notification center recording and seen bridge > drops a row whose target other/closed is gone instead of navigating
DAG watch-status listener registration failed Error: [vitest] No "listenDagWatchStatus" export is defined on the "./lib/tauri" mock. Did you forget to return it from "vi.mock"?
If you need to partially mock a module, you can use "importOriginal" helper inside:

    at VitestMocker.createError [90m(file:///Users/I552267/ferryx-pane-completion/source-5464da0d/ui/[39mnode_modules/[4mvitest[24m/dist/chunks/execute.B7h3T_Hc.js:284:17[90m)[39m
    at Object.get [90m(file:///Users/I552267/ferryx-pane-completion/source-5464da0d/ui/[39mnode_modules/[4mvitest[24m/dist/chunks/execute.B7h3T_Hc.js:330:16[90m)[39m
    at [90m/Users/I552267/ferryx-pane-completion/source-5464da0d/ui/[39msrc/lib/useDagWatchLifecycle.ts:94:32
    at [90m/Users/I552267/ferryx-pane-completion/source-5464da0d/ui/[39msrc/lib/useDagWatchLifecycle.ts:112:9 {
  codeFrame: [32m'vi\x1B[33m.\x1B[39m\x1B[34mmock\x1B[39m(\x1B[35mimport\x1B[39m(\x1B[32m"./lib/tauri"\x1B[39m)\x1B[33m,\x1B[39m \x1B[35masync\x1B[39m (importOriginal) \x1B[33m=>\x1B[39m {\n'[39m +
    [32m'  \x1B[35mconst\x1B[39m actual \x1B[33m=\x1B[39m \x1B[35mawait\x1B[39m \x1B[34mimportOriginal\x1B[39m()\n'[39m +
    [32m'  \x1B[35mreturn\x1B[39m {\n'[39m +
    [32m'    \x1B[33m...\x1B[39mactual\x1B[33m,\x1B[39m\n'[39m +
    [32m'    \x1B[90m// your mocked methods\x1B[39m\n'[39m +
    [32m'  }\n'[39m +
    [32m'})'[39m
}

stderr | src/App.notifications.test.tsx > App notification coordinator wiring > notification center recording and seen bridge > acknowledges a cross-project click after the target workspace mounts
DAG watch-status listener registration failed Error: [vitest] No "listenDagWatchStatus" export is defined on the "./lib/tauri" mock. Did you forget to return it from "vi.mock"?
If you need to partially mock a module, you can use "importOriginal" helper inside:

    at VitestMocker.createError [90m(file:///Users/I552267/ferryx-pane-completion/source-5464da0d/ui/[39mnode_modules/[4mvitest[24m/dist/chunks/execute.B7h3T_Hc.js:284:17[90m)[39m
    at Object.get [90m(file:///Users/I552267/ferryx-pane-completion/source-5464da0d/ui/[39mnode_modules/[4mvitest[24m/dist/chunks/execute.B7h3T_Hc.js:330:16[90m)[39m
    at [90m/Users/I552267/ferryx-pane-completion/source-5464da0d/ui/[39msrc/lib/useDagWatchLifecycle.ts:94:32
    at [90m/Users/I552267/ferryx-pane-completion/source-5464da0d/ui/[39msrc/lib/useDagWatchLifecycle.ts:112:9 {
  codeFrame: [32m'vi\x1B[33m.\x1B[39m\x1B[34mmock\x1B[39m(\x1B[35mimport\x1B[39m(\x1B[32m"./lib/tauri"\x1B[39m)\x1B[33m,\x1B[39m \x1B[35masync\x1B[39m (importOriginal) \x1B[33m=>\x1B[39m {\n'[39m +
    [32m'  \x1B[35mconst\x1B[39m actual \x1B[33m=\x1B[39m \x1B[35mawait\x1B[39m \x1B[34mimportOriginal\x1B[39m()\n'[39m +
    [32m'  \x1B[35mreturn\x1B[39m {\n'[39m +
    [32m'    \x1B[33m...\x1B[39mactual\x1B[33m,\x1B[39m\n'[39m +
    [32m'    \x1B[90m// your mocked methods\x1B[39m\n'[39m +
    [32m'  }\n'[39m +
    [32m'})'[39m
}

stderr | src/App.notifications.test.tsx > App notification coordinator wiring > notification center recording and seen bridge > acknowledges a cross-project click after the target workspace mounts
DAG watch-status listener registration failed Error: [vitest] No "listenDagWatchStatus" export is defined on the "./lib/tauri" mock. Did you forget to return it from "vi.mock"?
If you need to partially mock a module, you can use "importOriginal" helper inside:

    at VitestMocker.createError [90m(file:///Users/I552267/ferryx-pane-completion/source-5464da0d/ui/[39mnode_modules/[4mvitest[24m/dist/chunks/execute.B7h3T_Hc.js:284:17[90m)[39m
    at Object.get [90m(file:///Users/I552267/ferryx-pane-completion/source-5464da0d/ui/[39mnode_modules/[4mvitest[24m/dist/chunks/execute.B7h3T_Hc.js:330:16[90m)[39m
    at [90m/Users/I552267/ferryx-pane-completion/source-5464da0d/ui/[39msrc/lib/useDagWatchLifecycle.ts:94:32
    at [90m/Users/I552267/ferryx-pane-completion/source-5464da0d/ui/[39msrc/lib/useDagWatchLifecycle.ts:112:9 {
  codeFrame: [32m'vi\x1B[33m.\x1B[39m\x1B[34mmock\x1B[39m(\x1B[35mimport\x1B[39m(\x1B[32m"./lib/tauri"\x1B[39m)\x1B[33m,\x1B[39m \x1B[35masync\x1B[39m (importOriginal) \x1B[33m=>\x1B[39m {\n'[39m +
    [32m'  \x1B[35mconst\x1B[39m actual \x1B[33m=\x1B[39m \x1B[35mawait\x1B[39m \x1B[34mimportOriginal\x1B[39m()\n'[39m +
    [32m'  \x1B[35mreturn\x1B[39m {\n'[39m +
    [32m'    \x1B[33m...\x1B[39mactual\x1B[33m,\x1B[39m\n'[39m +
    [32m'    \x1B[90m// your mocked methods\x1B[39m\n'[39m +
    [32m'  }\n'[39m +
    [32m'})'[39m
}

stderr | src/App.notifications.test.tsx > App notification coordinator wiring > notification center recording and seen bridge > handles newer occurrence while a cross-project target is mounting
DAG watch-status listener registration failed Error: [vitest] No "listenDagWatchStatus" export is defined on the "./lib/tauri" mock. Did you forget to return it from "vi.mock"?
If you need to partially mock a module, you can use "importOriginal" helper inside:

    at VitestMocker.createError [90m(file:///Users/I552267/ferryx-pane-completion/source-5464da0d/ui/[39mnode_modules/[4mvitest[24m/dist/chunks/execute.B7h3T_Hc.js:284:17[90m)[39m
    at Object.get [90m(file:///Users/I552267/ferryx-pane-completion/source-5464da0d/ui/[39mnode_modules/[4mvitest[24m/dist/chunks/execute.B7h3T_Hc.js:330:16[90m)[39m
    at [90m/Users/I552267/ferryx-pane-completion/source-5464da0d/ui/[39msrc/lib/useDagWatchLifecycle.ts:94:32
    at [90m/Users/I552267/ferryx-pane-completion/source-5464da0d/ui/[39msrc/lib/useDagWatchLifecycle.ts:112:9 {
  codeFrame: [32m'vi\x1B[33m.\x1B[39m\x1B[34mmock\x1B[39m(\x1B[35mimport\x1B[39m(\x1B[32m"./lib/tauri"\x1B[39m)\x1B[33m,\x1B[39m \x1B[35masync\x1B[39m (importOriginal) \x1B[33m=>\x1B[39m {\n'[39m +
    [32m'  \x1B[35mconst\x1B[39m actual \x1B[33m=\x1B[39m \x1B[35mawait\x1B[39m \x1B[34mimportOriginal\x1B[39m()\n'[39m +
    [32m'  \x1B[35mreturn\x1B[39m {\n'[39m +
    [32m'    \x1B[33m...\x1B[39mactual\x1B[33m,\x1B[39m\n'[39m +
    [32m'    \x1B[90m// your mocked methods\x1B[39m\n'[39m +
    [32m'  }\n'[39m +
    [32m'})'[39m
}

stderr | src/App.notifications.test.tsx > App notification coordinator wiring > notification center recording and seen bridge > handles newer occurrence while a cross-project target is mounting
Warning: Cannot update a component (`WorkspaceApp`) while rendering a different component (`WorkspaceApp`). To locate the bad setState() call inside `WorkspaceApp`, follow the stack trace as described in https://reactjs.org/link/setstate-in-render
    at WorkspaceApp (/Users/I552267/ferryx-pane-completion/source-5464da0d/ui/src/App.tsx:547:3)
    at App (/Users/I552267/ferryx-pane-completion/source-5464da0d/ui/src/App.tsx:329:56)

stderr | src/App.notifications.test.tsx > App notification coordinator wiring > notification center recording and seen bridge > handles newer occurrence while a cross-project target is mounting
DAG watch-status listener registration failed Error: [vitest] No "listenDagWatchStatus" export is defined on the "./lib/tauri" mock. Did you forget to return it from "vi.mock"?
If you need to partially mock a module, you can use "importOriginal" helper inside:

    at VitestMocker.createError [90m(file:///Users/I552267/ferryx-pane-completion/source-5464da0d/ui/[39mnode_modules/[4mvitest[24m/dist/chunks/execute.B7h3T_Hc.js:284:17[90m)[39m
    at Object.get [90m(file:///Users/I552267/ferryx-pane-completion/source-5464da0d/ui/[39mnode_modules/[4mvitest[24m/dist/chunks/execute.B7h3T_Hc.js:330:16[90m)[39m
    at [90m/Users/I552267/ferryx-pane-completion/source-5464da0d/ui/[39msrc/lib/useDagWatchLifecycle.ts:94:32
    at [90m/Users/I552267/ferryx-pane-completion/source-5464da0d/ui/[39msrc/lib/useDagWatchLifecycle.ts:112:9 {
  codeFrame: [32m'vi\x1B[33m.\x1B[39m\x1B[34mmock\x1B[39m(\x1B[35mimport\x1B[39m(\x1B[32m"./lib/tauri"\x1B[39m)\x1B[33m,\x1B[39m \x1B[35masync\x1B[39m (importOriginal) \x1B[33m=>\x1B[39m {\n'[39m +
    [32m'  \x1B[35mconst\x1B[39m actual \x1B[33m=\x1B[39m \x1B[35mawait\x1B[39m \x1B[34mimportOriginal\x1B[39m()\n'[39m +
    [32m'  \x1B[35mreturn\x1B[39m {\n'[39m +
    [32m'    \x1B[33m...\x1B[39mactual\x1B[33m,\x1B[39m\n'[39m +
    [32m'    \x1B[90m// your mocked methods\x1B[39m\n'[39m +
    [32m'  }\n'[39m +
    [32m'})'[39m
}

stderr | src/App.notifications.test.tsx > App notification coordinator wiring > notification center recording and seen bridge > handles closed target while a cross-project target is mounting
DAG watch-status listener registration failed Error: [vitest] No "listenDagWatchStatus" export is defined on the "./lib/tauri" mock. Did you forget to return it from "vi.mock"?
If you need to partially mock a module, you can use "importOriginal" helper inside:

    at VitestMocker.createError [90m(file:///Users/I552267/ferryx-pane-completion/source-5464da0d/ui/[39mnode_modules/[4mvitest[24m/dist/chunks/execute.B7h3T_Hc.js:284:17[90m)[39m
    at Object.get [90m(file:///Users/I552267/ferryx-pane-completion/source-5464da0d/ui/[39mnode_modules/[4mvitest[24m/dist/chunks/execute.B7h3T_Hc.js:330:16[90m)[39m
    at [90m/Users/I552267/ferryx-pane-completion/source-5464da0d/ui/[39msrc/lib/useDagWatchLifecycle.ts:94:32
    at [90m/Users/I552267/ferryx-pane-completion/source-5464da0d/ui/[39msrc/lib/useDagWatchLifecycle.ts:112:9 {
  codeFrame: [32m'vi\x1B[33m.\x1B[39m\x1B[34mmock\x1B[39m(\x1B[35mimport\x1B[39m(\x1B[32m"./lib/tauri"\x1B[39m)\x1B[33m,\x1B[39m \x1B[35masync\x1B[39m (importOriginal) \x1B[33m=>\x1B[39m {\n'[39m +
    [32m'  \x1B[35mconst\x1B[39m actual \x1B[33m=\x1B[39m \x1B[35mawait\x1B[39m \x1B[34mimportOriginal\x1B[39m()\n'[39m +
    [32m'  \x1B[35mreturn\x1B[39m {\n'[39m +
    [32m'    \x1B[33m...\x1B[39mactual\x1B[33m,\x1B[39m\n'[39m +
    [32m'    \x1B[90m// your mocked methods\x1B[39m\n'[39m +
    [32m'  }\n'[39m +
    [32m'})'[39m
}

stderr | src/App.notifications.test.tsx > App notification coordinator wiring > notification center recording and seen bridge > handles closed target while a cross-project target is mounting
DAG watch-status listener registration failed Error: [vitest] No "listenDagWatchStatus" export is defined on the "./lib/tauri" mock. Did you forget to return it from "vi.mock"?
If you need to partially mock a module, you can use "importOriginal" helper inside:

    at VitestMocker.createError [90m(file:///Users/I552267/ferryx-pane-completion/source-5464da0d/ui/[39mnode_modules/[4mvitest[24m/dist/chunks/execute.B7h3T_Hc.js:284:17[90m)[39m
    at Object.get [90m(file:///Users/I552267/ferryx-pane-completion/source-5464da0d/ui/[39mnode_modules/[4mvitest[24m/dist/chunks/execute.B7h3T_Hc.js:330:16[90m)[39m
    at [90m/Users/I552267/ferryx-pane-completion/source-5464da0d/ui/[39msrc/lib/useDagWatchLifecycle.ts:94:32
    at [90m/Users/I552267/ferryx-pane-completion/source-5464da0d/ui/[39msrc/lib/useDagWatchLifecycle.ts:112:9 {
  codeFrame: [32m'vi\x1B[33m.\x1B[39m\x1B[34mmock\x1B[39m(\x1B[35mimport\x1B[39m(\x1B[32m"./lib/tauri"\x1B[39m)\x1B[33m,\x1B[39m \x1B[35masync\x1B[39m (importOriginal) \x1B[33m=>\x1B[39m {\n'[39m +
    [32m'  \x1B[35mconst\x1B[39m actual \x1B[33m=\x1B[39m \x1B[35mawait\x1B[39m \x1B[34mimportOriginal\x1B[39m()\n'[39m +
    [32m'  \x1B[35mreturn\x1B[39m {\n'[39m +
    [32m'    \x1B[33m...\x1B[39mactual\x1B[33m,\x1B[39m\n'[39m +
    [32m'    \x1B[90m// your mocked methods\x1B[39m\n'[39m +
    [32m'  }\n'[39m +
    [32m'})'[39m
}

stderr | src/App.notifications.test.tsx > App notification coordinator wiring > notification center recording and seen bridge > lists the unread completion in the sidebar inbox and removes it once the row is opened
DAG watch-status listener registration failed Error: [vitest] No "listenDagWatchStatus" export is defined on the "./lib/tauri" mock. Did you forget to return it from "vi.mock"?
If you need to partially mock a module, you can use "importOriginal" helper inside:

    at VitestMocker.createError [90m(file:///Users/I552267/ferryx-pane-completion/source-5464da0d/ui/[39mnode_modules/[4mvitest[24m/dist/chunks/execute.B7h3T_Hc.js:284:17[90m)[39m
    at Object.get [90m(file:///Users/I552267/ferryx-pane-completion/source-5464da0d/ui/[39mnode_modules/[4mvitest[24m/dist/chunks/execute.B7h3T_Hc.js:330:16[90m)[39m
    at [90m/Users/I552267/ferryx-pane-completion/source-5464da0d/ui/[39msrc/lib/useDagWatchLifecycle.ts:94:32
    at [90m/Users/I552267/ferryx-pane-completion/source-5464da0d/ui/[39msrc/lib/useDagWatchLifecycle.ts:112:9 {
  codeFrame: [32m'vi\x1B[33m.\x1B[39m\x1B[34mmock\x1B[39m(\x1B[35mimport\x1B[39m(\x1B[32m"./lib/tauri"\x1B[39m)\x1B[33m,\x1B[39m \x1B[35masync\x1B[39m (importOriginal) \x1B[33m=>\x1B[39m {\n'[39m +
    [32m'  \x1B[35mconst\x1B[39m actual \x1B[33m=\x1B[39m \x1B[35mawait\x1B[39m \x1B[34mimportOriginal\x1B[39m()\n'[39m +
    [32m'  \x1B[35mreturn\x1B[39m {\n'[39m +
    [32m'    \x1B[33m...\x1B[39mactual\x1B[33m,\x1B[39m\n'[39m +
    [32m'    \x1B[90m// your mocked methods\x1B[39m\n'[39m +
    [32m'  }\n'[39m +
    [32m'})'[39m
}

stderr | src/App.notifications.test.tsx > App notification coordinator wiring > notification center recording and seen bridge > dismisses a row from the inbox without navigating
DAG watch-status listener registration failed Error: [vitest] No "listenDagWatchStatus" export is defined on the "./lib/tauri" mock. Did you forget to return it from "vi.mock"?
If you need to partially mock a module, you can use "importOriginal" helper inside:

    at VitestMocker.createError [90m(file:///Users/I552267/ferryx-pane-completion/source-5464da0d/ui/[39mnode_modules/[4mvitest[24m/dist/chunks/execute.B7h3T_Hc.js:284:17[90m)[39m
    at Object.get [90m(file:///Users/I552267/ferryx-pane-completion/source-5464da0d/ui/[39mnode_modules/[4mvitest[24m/dist/chunks/execute.B7h3T_Hc.js:330:16[90m)[39m
    at [90m/Users/I552267/ferryx-pane-completion/source-5464da0d/ui/[39msrc/lib/useDagWatchLifecycle.ts:94:32
    at [90m/Users/I552267/ferryx-pane-completion/source-5464da0d/ui/[39msrc/lib/useDagWatchLifecycle.ts:112:9 {
  codeFrame: [32m'vi\x1B[33m.\x1B[39m\x1B[34mmock\x1B[39m(\x1B[35mimport\x1B[39m(\x1B[32m"./lib/tauri"\x1B[39m)\x1B[33m,\x1B[39m \x1B[35masync\x1B[39m (importOriginal) \x1B[33m=>\x1B[39m {\n'[39m +
    [32m'  \x1B[35mconst\x1B[39m actual \x1B[33m=\x1B[39m \x1B[35mawait\x1B[39m \x1B[34mimportOriginal\x1B[39m()\n'[39m +
    [32m'  \x1B[35mreturn\x1B[39m {\n'[39m +
    [32m'    \x1B[33m...\x1B[39mactual\x1B[33m,\x1B[39m\n'[39m +
    [32m'    \x1B[90m// your mocked methods\x1B[39m\n'[39m +
    [32m'  }\n'[39m +
    [32m'})'[39m
}

stderr | src/App.notifications.test.tsx > App notification coordinator wiring > notification center recording and seen bridge > keeps the worktree list as the default and toggles the inbox with the notifications shortcut
DAG watch-status listener registration failed Error: [vitest] No "listenDagWatchStatus" export is defined on the "./lib/tauri" mock. Did you forget to return it from "vi.mock"?
If you need to partially mock a module, you can use "importOriginal" helper inside:

    at VitestMocker.createError [90m(file:///Users/I552267/ferryx-pane-completion/source-5464da0d/ui/[39mnode_modules/[4mvitest[24m/dist/chunks/execute.B7h3T_Hc.js:284:17[90m)[39m
    at Object.get [90m(file:///Users/I552267/ferryx-pane-completion/source-5464da0d/ui/[39mnode_modules/[4mvitest[24m/dist/chunks/execute.B7h3T_Hc.js:330:16[90m)[39m
    at [90m/Users/I552267/ferryx-pane-completion/source-5464da0d/ui/[39msrc/lib/useDagWatchLifecycle.ts:94:32
    at [90m/Users/I552267/ferryx-pane-completion/source-5464da0d/ui/[39msrc/lib/useDagWatchLifecycle.ts:112:9 {
  codeFrame: [32m'vi\x1B[33m.\x1B[39m\x1B[34mmock\x1B[39m(\x1B[35mimport\x1B[39m(\x1B[32m"./lib/tauri"\x1B[39m)\x1B[33m,\x1B[39m \x1B[35masync\x1B[39m (importOriginal) \x1B[33m=>\x1B[39m {\n'[39m +
    [32m'  \x1B[35mconst\x1B[39m actual \x1B[33m=\x1B[39m \x1B[35mawait\x1B[39m \x1B[34mimportOriginal\x1B[39m()\n'[39m +
    [32m'  \x1B[35mreturn\x1B[39m {\n'[39m +
    [32m'    \x1B[33m...\x1B[39mactual\x1B[33m,\x1B[39m\n'[39m +
    [32m'    \x1B[90m// your mocked methods\x1B[39m\n'[39m +
    [32m'  }\n'[39m +
    [32m'})'[39m
}

stderr | src/App.notifications.test.tsx > App notification coordinator wiring > notification center recording and seen bridge > shows the attention count on the collapsed sidebar and reopens the inbox from it
DAG watch-status listener registration failed Error: [vitest] No "listenDagWatchStatus" export is defined on the "./lib/tauri" mock. Did you forget to return it from "vi.mock"?
If you need to partially mock a module, you can use "importOriginal" helper inside:

    at VitestMocker.createError [90m(file:///Users/I552267/ferryx-pane-completion/source-5464da0d/ui/[39mnode_modules/[4mvitest[24m/dist/chunks/execute.B7h3T_Hc.js:284:17[90m)[39m
    at Object.get [90m(file:///Users/I552267/ferryx-pane-completion/source-5464da0d/ui/[39mnode_modules/[4mvitest[24m/dist/chunks/execute.B7h3T_Hc.js:330:16[90m)[39m
    at [90m/Users/I552267/ferryx-pane-completion/source-5464da0d/ui/[39msrc/lib/useDagWatchLifecycle.ts:94:32
    at [90m/Users/I552267/ferryx-pane-completion/source-5464da0d/ui/[39msrc/lib/useDagWatchLifecycle.ts:112:9 {
  codeFrame: [32m'vi\x1B[33m.\x1B[39m\x1B[34mmock\x1B[39m(\x1B[35mimport\x1B[39m(\x1B[32m"./lib/tauri"\x1B[39m)\x1B[33m,\x1B[39m \x1B[35masync\x1B[39m (importOriginal) \x1B[33m=>\x1B[39m {\n'[39m +
    [32m'  \x1B[35mconst\x1B[39m actual \x1B[33m=\x1B[39m \x1B[35mawait\x1B[39m \x1B[34mimportOriginal\x1B[39m()\n'[39m +
    [32m'  \x1B[35mreturn\x1B[39m {\n'[39m +
    [32m'    \x1B[33m...\x1B[39mactual\x1B[33m,\x1B[39m\n'[39m +
    [32m'    \x1B[90m// your mocked methods\x1B[39m\n'[39m +
    [32m'  }\n'[39m +
    [32m'})'[39m
}

stderr | src/App.notifications.test.tsx > App notification coordinator wiring > notification center recording and seen bridge > preserves unread history across unmount and restart from persisted storage
DAG watch-status listener registration failed Error: [vitest] No "listenDagWatchStatus" export is defined on the "./lib/tauri" mock. Did you forget to return it from "vi.mock"?
If you need to partially mock a module, you can use "importOriginal" helper inside:

    at VitestMocker.createError [90m(file:///Users/I552267/ferryx-pane-completion/source-5464da0d/ui/[39mnode_modules/[4mvitest[24m/dist/chunks/execute.B7h3T_Hc.js:284:17[90m)[39m
    at Object.get [90m(file:///Users/I552267/ferryx-pane-completion/source-5464da0d/ui/[39mnode_modules/[4mvitest[24m/dist/chunks/execute.B7h3T_Hc.js:330:16[90m)[39m
    at [90m/Users/I552267/ferryx-pane-completion/source-5464da0d/ui/[39msrc/lib/useDagWatchLifecycle.ts:94:32
    at [90m/Users/I552267/ferryx-pane-completion/source-5464da0d/ui/[39msrc/lib/useDagWatchLifecycle.ts:112:9 {
  codeFrame: [32m'vi\x1B[33m.\x1B[39m\x1B[34mmock\x1B[39m(\x1B[35mimport\x1B[39m(\x1B[32m"./lib/tauri"\x1B[39m)\x1B[33m,\x1B[39m \x1B[35masync\x1B[39m (importOriginal) \x1B[33m=>\x1B[39m {\n'[39m +
    [32m'  \x1B[35mconst\x1B[39m actual \x1B[33m=\x1B[39m \x1B[35mawait\x1B[39m \x1B[34mimportOriginal\x1B[39m()\n'[39m +
    [32m'  \x1B[35mreturn\x1B[39m {\n'[39m +
    [32m'    \x1B[33m...\x1B[39mactual\x1B[33m,\x1B[39m\n'[39m +
    [32m'    \x1B[90m// your mocked methods\x1B[39m\n'[39m +
    [32m'  }\n'[39m +
    [32m'})'[39m
}

stderr | src/App.notifications.test.tsx > App notification coordinator wiring > notification center recording and seen bridge > preserves unread history across unmount and restart from persisted storage
DAG watch-status listener registration failed Error: [vitest] No "listenDagWatchStatus" export is defined on the "./lib/tauri" mock. Did you forget to return it from "vi.mock"?
If you need to partially mock a module, you can use "importOriginal" helper inside:

    at VitestMocker.createError [90m(file:///Users/I552267/ferryx-pane-completion/source-5464da0d/ui/[39mnode_modules/[4mvitest[24m/dist/chunks/execute.B7h3T_Hc.js:284:17[90m)[39m
    at Object.get [90m(file:///Users/I552267/ferryx-pane-completion/source-5464da0d/ui/[39mnode_modules/[4mvitest[24m/dist/chunks/execute.B7h3T_Hc.js:330:16[90m)[39m
    at [90m/Users/I552267/ferryx-pane-completion/source-5464da0d/ui/[39msrc/lib/useDagWatchLifecycle.ts:94:32
    at [90m/Users/I552267/ferryx-pane-completion/source-5464da0d/ui/[39msrc/lib/useDagWatchLifecycle.ts:112:9 {
  codeFrame: [32m'vi\x1B[33m.\x1B[39m\x1B[34mmock\x1B[39m(\x1B[35mimport\x1B[39m(\x1B[32m"./lib/tauri"\x1B[39m)\x1B[33m,\x1B[39m \x1B[35masync\x1B[39m (importOriginal) \x1B[33m=>\x1B[39m {\n'[39m +
    [32m'  \x1B[35mconst\x1B[39m actual \x1B[33m=\x1B[39m \x1B[35mawait\x1B[39m \x1B[34mimportOriginal\x1B[39m()\n'[39m +
    [32m'  \x1B[35mreturn\x1B[39m {\n'[39m +
    [32m'    \x1B[33m...\x1B[39mactual\x1B[33m,\x1B[39m\n'[39m +
    [32m'    \x1B[90m// your mocked methods\x1B[39m\n'[39m +
    [32m'  }\n'[39m +
    [32m'})'[39m
}

stderr | src/App.notifications.test.tsx > App notification coordinator wiring > notification center recording and seen bridge > marks inbox entry read when session is interacted via custom event
DAG watch-status listener registration failed Error: [vitest] No "listenDagWatchStatus" export is defined on the "./lib/tauri" mock. Did you forget to return it from "vi.mock"?
If you need to partially mock a module, you can use "importOriginal" helper inside:

    at VitestMocker.createError [90m(file:///Users/I552267/ferryx-pane-completion/source-5464da0d/ui/[39mnode_modules/[4mvitest[24m/dist/chunks/execute.B7h3T_Hc.js:284:17[90m)[39m
    at Object.get [90m(file:///Users/I552267/ferryx-pane-completion/source-5464da0d/ui/[39mnode_modules/[4mvitest[24m/dist/chunks/execute.B7h3T_Hc.js:330:16[90m)[39m
    at [90m/Users/I552267/ferryx-pane-completion/source-5464da0d/ui/[39msrc/lib/useDagWatchLifecycle.ts:94:32
    at [90m/Users/I552267/ferryx-pane-completion/source-5464da0d/ui/[39msrc/lib/useDagWatchLifecycle.ts:112:9 {
  codeFrame: [32m'vi\x1B[33m.\x1B[39m\x1B[34mmock\x1B[39m(\x1B[35mimport\x1B[39m(\x1B[32m"./lib/tauri"\x1B[39m)\x1B[33m,\x1B[39m \x1B[35masync\x1B[39m (importOriginal) \x1B[33m=>\x1B[39m {\n'[39m +
    [32m'  \x1B[35mconst\x1B[39m actual \x1B[33m=\x1B[39m \x1B[35mawait\x1B[39m \x1B[34mimportOriginal\x1B[39m()\n'[39m +
    [32m'  \x1B[35mreturn\x1B[39m {\n'[39m +
    [32m'    \x1B[33m...\x1B[39mactual\x1B[33m,\x1B[39m\n'[39m +
    [32m'    \x1B[90m// your mocked methods\x1B[39m\n'[39m +
    [32m'  }\n'[39m +
    [32m'})'[39m
}

stderr | src/App.notifications.test.tsx > App notification coordinator wiring > activation navigation > recovers a startup click and focuses the active project's target
DAG watch-status listener registration failed Error: [vitest] No "listenDagWatchStatus" export is defined on the "./lib/tauri" mock. Did you forget to return it from "vi.mock"?
If you need to partially mock a module, you can use "importOriginal" helper inside:

    at VitestMocker.createError [90m(file:///Users/I552267/ferryx-pane-completion/source-5464da0d/ui/[39mnode_modules/[4mvitest[24m/dist/chunks/execute.B7h3T_Hc.js:284:17[90m)[39m
    at Object.get [90m(file:///Users/I552267/ferryx-pane-completion/source-5464da0d/ui/[39mnode_modules/[4mvitest[24m/dist/chunks/execute.B7h3T_Hc.js:330:16[90m)[39m
    at [90m/Users/I552267/ferryx-pane-completion/source-5464da0d/ui/[39msrc/lib/useDagWatchLifecycle.ts:94:32
    at [90m/Users/I552267/ferryx-pane-completion/source-5464da0d/ui/[39msrc/lib/useDagWatchLifecycle.ts:112:9 {
  codeFrame: [32m'vi\x1B[33m.\x1B[39m\x1B[34mmock\x1B[39m(\x1B[35mimport\x1B[39m(\x1B[32m"./lib/tauri"\x1B[39m)\x1B[33m,\x1B[39m \x1B[35masync\x1B[39m (importOriginal) \x1B[33m=>\x1B[39m {\n'[39m +
    [32m'  \x1B[35mconst\x1B[39m actual \x1B[33m=\x1B[39m \x1B[35mawait\x1B[39m \x1B[34mimportOriginal\x1B[39m()\n'[39m +
    [32m'  \x1B[35mreturn\x1B[39m {\n'[39m +
    [32m'    \x1B[33m...\x1B[39mactual\x1B[33m,\x1B[39m\n'[39m +
    [32m'    \x1B[90m// your mocked methods\x1B[39m\n'[39m +
    [32m'  }\n'[39m +
    [32m'})'[39m
}

stderr | src/App.notifications.test.tsx > App notification coordinator wiring > activation navigation > navigates on a live click by draining the same queue
DAG watch-status listener registration failed Error: [vitest] No "listenDagWatchStatus" export is defined on the "./lib/tauri" mock. Did you forget to return it from "vi.mock"?
If you need to partially mock a module, you can use "importOriginal" helper inside:

    at VitestMocker.createError [90m(file:///Users/I552267/ferryx-pane-completion/source-5464da0d/ui/[39mnode_modules/[4mvitest[24m/dist/chunks/execute.B7h3T_Hc.js:284:17[90m)[39m
    at Object.get [90m(file:///Users/I552267/ferryx-pane-completion/source-5464da0d/ui/[39mnode_modules/[4mvitest[24m/dist/chunks/execute.B7h3T_Hc.js:330:16[90m)[39m
    at [90m/Users/I552267/ferryx-pane-completion/source-5464da0d/ui/[39msrc/lib/useDagWatchLifecycle.ts:94:32
    at [90m/Users/I552267/ferryx-pane-completion/source-5464da0d/ui/[39msrc/lib/useDagWatchLifecycle.ts:112:9 {
  codeFrame: [32m'vi\x1B[33m.\x1B[39m\x1B[34mmock\x1B[39m(\x1B[35mimport\x1B[39m(\x1B[32m"./lib/tauri"\x1B[39m)\x1B[33m,\x1B[39m \x1B[35masync\x1B[39m (importOriginal) \x1B[33m=>\x1B[39m {\n'[39m +
    [32m'  \x1B[35mconst\x1B[39m actual \x1B[33m=\x1B[39m \x1B[35mawait\x1B[39m \x1B[34mimportOriginal\x1B[39m()\n'[39m +
    [32m'  \x1B[35mreturn\x1B[39m {\n'[39m +
    [32m'    \x1B[33m...\x1B[39mactual\x1B[33m,\x1B[39m\n'[39m +
    [32m'    \x1B[90m// your mocked methods\x1B[39m\n'[39m +
    [32m'  }\n'[39m +
    [32m'})'[39m
}

stderr | src/App.notifications.test.tsx > App notification coordinator wiring > activation navigation > rejects a stale click 'ghost-project'/'sess-1' without navigating
DAG watch-status listener registration failed Error: [vitest] No "listenDagWatchStatus" export is defined on the "./lib/tauri" mock. Did you forget to return it from "vi.mock"?
If you need to partially mock a module, you can use "importOriginal" helper inside:

    at VitestMocker.createError [90m(file:///Users/I552267/ferryx-pane-completion/source-5464da0d/ui/[39mnode_modules/[4mvitest[24m/dist/chunks/execute.B7h3T_Hc.js:284:17[90m)[39m
    at Object.get [90m(file:///Users/I552267/ferryx-pane-completion/source-5464da0d/ui/[39mnode_modules/[4mvitest[24m/dist/chunks/execute.B7h3T_Hc.js:330:16[90m)[39m
    at [90m/Users/I552267/ferryx-pane-completion/source-5464da0d/ui/[39msrc/lib/useDagWatchLifecycle.ts:94:32
    at [90m/Users/I552267/ferryx-pane-completion/source-5464da0d/ui/[39msrc/lib/useDagWatchLifecycle.ts:112:9 {
  codeFrame: [32m'vi\x1B[33m.\x1B[39m\x1B[34mmock\x1B[39m(\x1B[35mimport\x1B[39m(\x1B[32m"./lib/tauri"\x1B[39m)\x1B[33m,\x1B[39m \x1B[35masync\x1B[39m (importOriginal) \x1B[33m=>\x1B[39m {\n'[39m +
    [32m'  \x1B[35mconst\x1B[39m actual \x1B[33m=\x1B[39m \x1B[35mawait\x1B[39m \x1B[34mimportOriginal\x1B[39m()\n'[39m +
    [32m'  \x1B[35mreturn\x1B[39m {\n'[39m +
    [32m'    \x1B[33m...\x1B[39mactual\x1B[33m,\x1B[39m\n'[39m +
    [32m'    \x1B[90m// your mocked methods\x1B[39m\n'[39m +
    [32m'  }\n'[39m +
    [32m'})'[39m
}

stderr | src/App.notifications.test.tsx > App notification coordinator wiring > activation navigation > rejects a stale click 'default'/'ghost-session' without navigating
DAG watch-status listener registration failed Error: [vitest] No "listenDagWatchStatus" export is defined on the "./lib/tauri" mock. Did you forget to return it from "vi.mock"?
If you need to partially mock a module, you can use "importOriginal" helper inside:

    at VitestMocker.createError [90m(file:///Users/I552267/ferryx-pane-completion/source-5464da0d/ui/[39mnode_modules/[4mvitest[24m/dist/chunks/execute.B7h3T_Hc.js:284:17[90m)[39m
    at Object.get [90m(file:///Users/I552267/ferryx-pane-completion/source-5464da0d/ui/[39mnode_modules/[4mvitest[24m/dist/chunks/execute.B7h3T_Hc.js:330:16[90m)[39m
    at [90m/Users/I552267/ferryx-pane-completion/source-5464da0d/ui/[39msrc/lib/useDagWatchLifecycle.ts:94:32
    at [90m/Users/I552267/ferryx-pane-completion/source-5464da0d/ui/[39msrc/lib/useDagWatchLifecycle.ts:112:9 {
  codeFrame: [32m'vi\x1B[33m.\x1B[39m\x1B[34mmock\x1B[39m(\x1B[35mimport\x1B[39m(\x1B[32m"./lib/tauri"\x1B[39m)\x1B[33m,\x1B[39m \x1B[35masync\x1B[39m (importOriginal) \x1B[33m=>\x1B[39m {\n'[39m +
    [32m'  \x1B[35mconst\x1B[39m actual \x1B[33m=\x1B[39m \x1B[35mawait\x1B[39m \x1B[34mimportOriginal\x1B[39m()\n'[39m +
    [32m'  \x1B[35mreturn\x1B[39m {\n'[39m +
    [32m'    \x1B[33m...\x1B[39mactual\x1B[33m,\x1B[39m\n'[39m +
    [32m'    \x1B[90m// your mocked methods\x1B[39m\n'[39m +
    [32m'  }\n'[39m +
    [32m'})'[39m
}

stderr | src/App.notifications.test.tsx > App notification coordinator wiring > activation navigation > switches to a parked project and focuses its target after the workspace mounts
DAG watch-status listener registration failed Error: [vitest] No "listenDagWatchStatus" export is defined on the "./lib/tauri" mock. Did you forget to return it from "vi.mock"?
If you need to partially mock a module, you can use "importOriginal" helper inside:

    at VitestMocker.createError [90m(file:///Users/I552267/ferryx-pane-completion/source-5464da0d/ui/[39mnode_modules/[4mvitest[24m/dist/chunks/execute.B7h3T_Hc.js:284:17[90m)[39m
    at Object.get [90m(file:///Users/I552267/ferryx-pane-completion/source-5464da0d/ui/[39mnode_modules/[4mvitest[24m/dist/chunks/execute.B7h3T_Hc.js:330:16[90m)[39m
    at [90m/Users/I552267/ferryx-pane-completion/source-5464da0d/ui/[39msrc/lib/useDagWatchLifecycle.ts:94:32
    at [90m/Users/I552267/ferryx-pane-completion/source-5464da0d/ui/[39msrc/lib/useDagWatchLifecycle.ts:112:9 {
  codeFrame: [32m'vi\x1B[33m.\x1B[39m\x1B[34mmock\x1B[39m(\x1B[35mimport\x1B[39m(\x1B[32m"./lib/tauri"\x1B[39m)\x1B[33m,\x1B[39m \x1B[35masync\x1B[39m (importOriginal) \x1B[33m=>\x1B[39m {\n'[39m +
    [32m'  \x1B[35mconst\x1B[39m actual \x1B[33m=\x1B[39m \x1B[35mawait\x1B[39m \x1B[34mimportOriginal\x1B[39m()\n'[39m +
    [32m'  \x1B[35mreturn\x1B[39m {\n'[39m +
    [32m'    \x1B[33m...\x1B[39mactual\x1B[33m,\x1B[39m\n'[39m +
    [32m'    \x1B[90m// your mocked methods\x1B[39m\n'[39m +
    [32m'  }\n'[39m +
    [32m'})'[39m
}

stderr | src/App.notifications.test.tsx > App notification coordinator wiring > activation navigation > switches to a parked project and focuses its target after the workspace mounts
DAG watch-status listener registration failed Error: [vitest] No "listenDagWatchStatus" export is defined on the "./lib/tauri" mock. Did you forget to return it from "vi.mock"?
If you need to partially mock a module, you can use "importOriginal" helper inside:

    at VitestMocker.createError [90m(file:///Users/I552267/ferryx-pane-completion/source-5464da0d/ui/[39mnode_modules/[4mvitest[24m/dist/chunks/execute.B7h3T_Hc.js:284:17[90m)[39m
    at Object.get [90m(file:///Users/I552267/ferryx-pane-completion/source-5464da0d/ui/[39mnode_modules/[4mvitest[24m/dist/chunks/execute.B7h3T_Hc.js:330:16[90m)[39m
    at [90m/Users/I552267/ferryx-pane-completion/source-5464da0d/ui/[39msrc/lib/useDagWatchLifecycle.ts:94:32
    at [90m/Users/I552267/ferryx-pane-completion/source-5464da0d/ui/[39msrc/lib/useDagWatchLifecycle.ts:112:9
[90m    at processTicksAndRejections (node:internal/process/task_queues:103:5)[39m
[90m    at runNextTicks (node:internal/process/task_queues:68:3)[39m
[90m    at listOnTimeout (node:internal/timers:547:9)[39m
[90m    at processTimers (node:internal/timers:521:7)[39m {
  codeFrame: [32m'vi\x1B[33m.\x1B[39m\x1B[34mmock\x1B[39m(\x1B[35mimport\x1B[39m(\x1B[32m"./lib/tauri"\x1B[39m)\x1B[33m,\x1B[39m \x1B[35masync\x1B[39m (importOriginal) \x1B[33m=>\x1B[39m {\n'[39m +
    [32m'  \x1B[35mconst\x1B[39m actual \x1B[33m=\x1B[39m \x1B[35mawait\x1B[39m \x1B[34mimportOriginal\x1B[39m()\n'[39m +
    [32m'  \x1B[35mreturn\x1B[39m {\n'[39m +
    [32m'    \x1B[33m...\x1B[39mactual\x1B[33m,\x1B[39m\n'[39m +
    [32m'    \x1B[90m// your mocked methods\x1B[39m\n'[39m +
    [32m'  }\n'[39m +
    [32m'})'[39m
}

stderr | src/App.notifications.test.tsx > App notification coordinator wiring > activation navigation > does not switch projects for a closed target in another project
DAG watch-status listener registration failed Error: [vitest] No "listenDagWatchStatus" export is defined on the "./lib/tauri" mock. Did you forget to return it from "vi.mock"?
If you need to partially mock a module, you can use "importOriginal" helper inside:

    at VitestMocker.createError [90m(file:///Users/I552267/ferryx-pane-completion/source-5464da0d/ui/[39mnode_modules/[4mvitest[24m/dist/chunks/execute.B7h3T_Hc.js:284:17[90m)[39m
    at Object.get [90m(file:///Users/I552267/ferryx-pane-completion/source-5464da0d/ui/[39mnode_modules/[4mvitest[24m/dist/chunks/execute.B7h3T_Hc.js:330:16[90m)[39m
    at [90m/Users/I552267/ferryx-pane-completion/source-5464da0d/ui/[39msrc/lib/useDagWatchLifecycle.ts:94:32
    at [90m/Users/I552267/ferryx-pane-completion/source-5464da0d/ui/[39msrc/lib/useDagWatchLifecycle.ts:112:9 {
  codeFrame: [32m'vi\x1B[33m.\x1B[39m\x1B[34mmock\x1B[39m(\x1B[35mimport\x1B[39m(\x1B[32m"./lib/tauri"\x1B[39m)\x1B[33m,\x1B[39m \x1B[35masync\x1B[39m (importOriginal) \x1B[33m=>\x1B[39m {\n'[39m +
    [32m'  \x1B[35mconst\x1B[39m actual \x1B[33m=\x1B[39m \x1B[35mawait\x1B[39m \x1B[34mimportOriginal\x1B[39m()\n'[39m +
    [32m'  \x1B[35mreturn\x1B[39m {\n'[39m +
    [32m'    \x1B[33m...\x1B[39mactual\x1B[33m,\x1B[39m\n'[39m +
    [32m'    \x1B[90m// your mocked methods\x1B[39m\n'[39m +
    [32m'  }\n'[39m +
    [32m'})'[39m
}

stderr | src/App.notifications.test.tsx > App notification coordinator wiring > activation navigation > clears inbox entry on user interaction even when session has no agent activity
DAG watch-status listener registration failed Error: [vitest] No "listenDagWatchStatus" export is defined on the "./lib/tauri" mock. Did you forget to return it from "vi.mock"?
If you need to partially mock a module, you can use "importOriginal" helper inside:

    at VitestMocker.createError [90m(file:///Users/I552267/ferryx-pane-completion/source-5464da0d/ui/[39mnode_modules/[4mvitest[24m/dist/chunks/execute.B7h3T_Hc.js:284:17[90m)[39m
    at Object.get [90m(file:///Users/I552267/ferryx-pane-completion/source-5464da0d/ui/[39mnode_modules/[4mvitest[24m/dist/chunks/execute.B7h3T_Hc.js:330:16[90m)[39m
    at [90m/Users/I552267/ferryx-pane-completion/source-5464da0d/ui/[39msrc/lib/useDagWatchLifecycle.ts:94:32
    at [90m/Users/I552267/ferryx-pane-completion/source-5464da0d/ui/[39msrc/lib/useDagWatchLifecycle.ts:112:9 {
  codeFrame: [32m'vi\x1B[33m.\x1B[39m\x1B[34mmock\x1B[39m(\x1B[35mimport\x1B[39m(\x1B[32m"./lib/tauri"\x1B[39m)\x1B[33m,\x1B[39m \x1B[35masync\x1B[39m (importOriginal) \x1B[33m=>\x1B[39m {\n'[39m +
    [32m'  \x1B[35mconst\x1B[39m actual \x1B[33m=\x1B[39m \x1B[35mawait\x1B[39m \x1B[34mimportOriginal\x1B[39m()\n'[39m +
    [32m'  \x1B[35mreturn\x1B[39m {\n'[39m +
    [32m'    \x1B[33m...\x1B[39mactual\x1B[33m,\x1B[39m\n'[39m +
    [32m'    \x1B[90m// your mocked methods\x1B[39m\n'[39m +
    [32m'  }\n'[39m +
    [32m'})'[39m
}

stderr | src/App.notifications.test.tsx > App notification coordinator wiring > activation navigation > does not clear inbox entry of another session or background pane when interaction happens in focused pane
DAG watch-status listener registration failed Error: [vitest] No "listenDagWatchStatus" export is defined on the "./lib/tauri" mock. Did you forget to return it from "vi.mock"?
If you need to partially mock a module, you can use "importOriginal" helper inside:

    at VitestMocker.createError [90m(file:///Users/I552267/ferryx-pane-completion/source-5464da0d/ui/[39mnode_modules/[4mvitest[24m/dist/chunks/execute.B7h3T_Hc.js:284:17[90m)[39m
    at Object.get [90m(file:///Users/I552267/ferryx-pane-completion/source-5464da0d/ui/[39mnode_modules/[4mvitest[24m/dist/chunks/execute.B7h3T_Hc.js:330:16[90m)[39m
    at [90m/Users/I552267/ferryx-pane-completion/source-5464da0d/ui/[39msrc/lib/useDagWatchLifecycle.ts:94:32
    at [90m/Users/I552267/ferryx-pane-completion/source-5464da0d/ui/[39msrc/lib/useDagWatchLifecycle.ts:112:9 {
  codeFrame: [32m'vi\x1B[33m.\x1B[39m\x1B[34mmock\x1B[39m(\x1B[35mimport\x1B[39m(\x1B[32m"./lib/tauri"\x1B[39m)\x1B[33m,\x1B[39m \x1B[35masync\x1B[39m (importOriginal) \x1B[33m=>\x1B[39m {\n'[39m +
    [32m'  \x1B[35mconst\x1B[39m actual \x1B[33m=\x1B[39m \x1B[35mawait\x1B[39m \x1B[34mimportOriginal\x1B[39m()\n'[39m +
    [32m'  \x1B[35mreturn\x1B[39m {\n'[39m +
    [32m'    \x1B[33m...\x1B[39mactual\x1B[33m,\x1B[39m\n'[39m +
    [32m'    \x1B[90m// your mocked methods\x1B[39m\n'[39m +
    [32m'  }\n'[39m +
    [32m'})'[39m
}

stderr | src/App.notifications.test.tsx > App notification coordinator wiring > activation navigation > uses frontend workspaceId rather than remote session.workspaceId when acknowledging
DAG watch-status listener registration failed Error: [vitest] No "listenDagWatchStatus" export is defined on the "./lib/tauri" mock. Did you forget to return it from "vi.mock"?
If you need to partially mock a module, you can use "importOriginal" helper inside:

    at VitestMocker.createError [90m(file:///Users/I552267/ferryx-pane-completion/source-5464da0d/ui/[39mnode_modules/[4mvitest[24m/dist/chunks/execute.B7h3T_Hc.js:284:17[90m)[39m
    at Object.get [90m(file:///Users/I552267/ferryx-pane-completion/source-5464da0d/ui/[39mnode_modules/[4mvitest[24m/dist/chunks/execute.B7h3T_Hc.js:330:16[90m)[39m
    at [90m/Users/I552267/ferryx-pane-completion/source-5464da0d/ui/[39msrc/lib/useDagWatchLifecycle.ts:94:32
    at [90m/Users/I552267/ferryx-pane-completion/source-5464da0d/ui/[39msrc/lib/useDagWatchLifecycle.ts:112:9 {
  codeFrame: [32m'vi\x1B[33m.\x1B[39m\x1B[34mmock\x1B[39m(\x1B[35mimport\x1B[39m(\x1B[32m"./lib/tauri"\x1B[39m)\x1B[33m,\x1B[39m \x1B[35masync\x1B[39m (importOriginal) \x1B[33m=>\x1B[39m {\n'[39m +
    [32m'  \x1B[35mconst\x1B[39m actual \x1B[33m=\x1B[39m \x1B[35mawait\x1B[39m \x1B[34mimportOriginal\x1B[39m()\n'[39m +
    [32m'  \x1B[35mreturn\x1B[39m {\n'[39m +
    [32m'    \x1B[33m...\x1B[39mactual\x1B[33m,\x1B[39m\n'[39m +
    [32m'    \x1B[90m// your mocked methods\x1B[39m\n'[39m +
    [32m'  }\n'[39m +
    [32m'})'[39m
}

stderr | src/App.notifications.test.tsx > App notification coordinator wiring > activation navigation > does not acknowledge newer revision if a later notification arrives after interaction
DAG watch-status listener registration failed Error: [vitest] No "listenDagWatchStatus" export is defined on the "./lib/tauri" mock. Did you forget to return it from "vi.mock"?
If you need to partially mock a module, you can use "importOriginal" helper inside:

    at VitestMocker.createError [90m(file:///Users/I552267/ferryx-pane-completion/source-5464da0d/ui/[39mnode_modules/[4mvitest[24m/dist/chunks/execute.B7h3T_Hc.js:284:17[90m)[39m
    at Object.get [90m(file:///Users/I552267/ferryx-pane-completion/source-5464da0d/ui/[39mnode_modules/[4mvitest[24m/dist/chunks/execute.B7h3T_Hc.js:330:16[90m)[39m
    at [90m/Users/I552267/ferryx-pane-completion/source-5464da0d/ui/[39msrc/lib/useDagWatchLifecycle.ts:94:32
    at [90m/Users/I552267/ferryx-pane-completion/source-5464da0d/ui/[39msrc/lib/useDagWatchLifecycle.ts:112:9 {
  codeFrame: [32m'vi\x1B[33m.\x1B[39m\x1B[34mmock\x1B[39m(\x1B[35mimport\x1B[39m(\x1B[32m"./lib/tauri"\x1B[39m)\x1B[33m,\x1B[39m \x1B[35masync\x1B[39m (importOriginal) \x1B[33m=>\x1B[39m {\n'[39m +
    [32m'  \x1B[35mconst\x1B[39m actual \x1B[33m=\x1B[39m \x1B[35mawait\x1B[39m \x1B[34mimportOriginal\x1B[39m()\n'[39m +
    [32m'  \x1B[35mreturn\x1B[39m {\n'[39m +
    [32m'    \x1B[33m...\x1B[39mactual\x1B[33m,\x1B[39m\n'[39m +
    [32m'    \x1B[90m// your mocked methods\x1B[39m\n'[39m +
    [32m'  }\n'[39m +
    [32m'})'[39m
}

 ✓ src/App.notifications.test.tsx (50 tests) 528ms
 ✓ src/remote/RemoteTerminal.contract.test.tsx (69 tests) 454ms
 ✓ src/components/dag/DagGraphView.viewport.test.tsx (54 tests) 831ms
 ✓ src/components/ProjectDialogs.test.tsx (44 tests) 364ms
stdout | src/components/NativeTerminalPane.lifecycle.test.tsx > NativeTerminalPane compositor ownership lifecycle > reattaches the same backend when its output stream ends without user input
[ferryx:switch] {
  runId: [32m'75786da2-88ec-400b-8f63-9a10bd8075df'[39m,
  sequence: [33m1[39m,
  event: [32m'terminal.surface.presentation.stale'[39m,
  wallTimeMs: [33m1791069298028[39m,
  details: {
    localSessionId: [90mundefined[39m,
    backendSessionId: [32m'stream-ended'[39m,
    paneIdentity: [32m'frontend-stream-ended'[39m,
    bindingKey: [32m'stream-ended::0:'[39m,
    attemptGeneration: [33m0[39m,
    currentPaneIdentity: [32m'frontend-stream-ended'[39m,
    currentBackendSessionId: [32m'stream-ended'[39m,
    currentBindingKey: [32m'stream-ended::0:'[39m
  }
}
[ferryx:switch] {
  runId: [32m'75786da2-88ec-400b-8f63-9a10bd8075df'[39m,
  sequence: [33m2[39m,
  event: [32m'terminal.surface.presented'[39m,
  wallTimeMs: [33m1791069298028[39m,
  details: {
    localSessionId: [90mundefined[39m,
    backendSessionId: [32m'stream-ended'[39m,
    cursorCol: [33m2[39m,
    cursorRow: [33m3[39m,
    cellWidthPx: [33m10[39m,
    cellHeightPx: [33m20[39m
  }
}

stdout | src/components/NativeTerminalPane.lifecycle.test.tsx > NativeTerminalPane compositor ownership lifecycle > held positive bounds cannot present a newer attempt or incarnation
[ferryx:switch] {
  runId: [32m'75786da2-88ec-400b-8f63-9a10bd8075df'[39m,
  sequence: [33m3[39m,
  event: [32m'terminal.surface.presentation.stale'[39m,
  wallTimeMs: [33m1791069298040[39m,
  details: {
    localSessionId: [90mundefined[39m,
    backendSessionId: [32m'held-receipt'[39m,
    paneIdentity: [32m'frontend-held-receipt'[39m,
    bindingKey: [32m'held-receipt:7:0:'[39m,
    attemptGeneration: [33m1[39m,
    currentPaneIdentity: [32m'frontend-held-receipt'[39m,
    currentBackendSessionId: [32m'held-receipt'[39m,
    currentBindingKey: [32m'held-receipt:7:0:'[39m
  }
}
[ferryx:switch] {
  runId: [32m'75786da2-88ec-400b-8f63-9a10bd8075df'[39m,
  sequence: [33m4[39m,
  event: [32m'terminal.surface.presented'[39m,
  wallTimeMs: [33m1791069298040[39m,
  details: {
    localSessionId: [90mundefined[39m,
    backendSessionId: [32m'held-receipt'[39m,
    cursorCol: [33m2[39m,
    cursorRow: [33m3[39m,
    cellWidthPx: [33m10[39m,
    cellHeightPx: [33m20[39m
  }
}

stdout | src/components/NativeTerminalPane.lifecycle.test.tsx > NativeTerminalPane compositor ownership lifecycle > held positive bounds cannot present a newer attempt or incarnation
[ferryx:switch] {
  runId: [32m'75786da2-88ec-400b-8f63-9a10bd8075df'[39m,
  sequence: [33m5[39m,
  event: [32m'terminal.surface.presented'[39m,
  wallTimeMs: [33m1791069298041[39m,
  details: {
    localSessionId: [90mundefined[39m,
    backendSessionId: [32m'held-receipt'[39m,
    cursorCol: [33m2[39m,
    cursorRow: [33m3[39m,
    cellWidthPx: [33m10[39m,
    cellHeightPx: [33m20[39m
  }
}

stdout | src/components/NativeTerminalPane.lifecycle.test.tsx > NativeTerminalPane compositor ownership lifecycle > recovers a stream that ends while its recovery attachment is pending
[ferryx:switch] {
  runId: [32m'75786da2-88ec-400b-8f63-9a10bd8075df'[39m,
  sequence: [33m6[39m,
  event: [32m'terminal.surface.presentation.stale'[39m,
  wallTimeMs: [33m1791069298045[39m,
  details: {
    localSessionId: [90mundefined[39m,
    backendSessionId: [32m'overlapping-stream-end'[39m,
    paneIdentity: [32m'frontend-overlapping-stream-end'[39m,
    bindingKey: [32m'overlapping-stream-end::0:'[39m,
    attemptGeneration: [33m0[39m,
    currentPaneIdentity: [32m'frontend-overlapping-stream-end'[39m,
    currentBackendSessionId: [32m'overlapping-stream-end'[39m,
    currentBindingKey: [32m'overlapping-stream-end::0:'[39m
  }
}
[ferryx:switch] {
  runId: [32m'75786da2-88ec-400b-8f63-9a10bd8075df'[39m,
  sequence: [33m7[39m,
  event: [32m'terminal.surface.presented'[39m,
  wallTimeMs: [33m1791069298045[39m,
  details: {
    localSessionId: [90mundefined[39m,
    backendSessionId: [32m'overlapping-stream-end'[39m,
    cursorCol: [33m2[39m,
    cursorRow: [33m3[39m,
    cellWidthPx: [33m10[39m,
    cellHeightPx: [33m20[39m
  }
}

stdout | src/components/NativeTerminalPane.lifecycle.test.tsx > NativeTerminalPane compositor ownership lifecycle > bounds repeated stream recovery and permits an explicit retry
[ferryx:switch] {
  runId: [32m'75786da2-88ec-400b-8f63-9a10bd8075df'[39m,
  sequence: [33m8[39m,
  event: [32m'terminal.surface.presentation.stale'[39m,
  wallTimeMs: [33m1791069298048[39m,
  details: {
    localSessionId: [90mundefined[39m,
    backendSessionId: [32m'bounded-stream'[39m,
    paneIdentity: [32m'frontend-bounded-stream'[39m,
    bindingKey: [32m'bounded-stream::0:'[39m,
    attemptGeneration: [33m0[39m,
    currentPaneIdentity: [32m'frontend-bounded-stream'[39m,
    currentBackendSessionId: [32m'bounded-stream'[39m,
    currentBindingKey: [32m'bounded-stream::0:'[39m
  }
}
[ferryx:switch] {
  runId: [32m'75786da2-88ec-400b-8f63-9a10bd8075df'[39m,
  sequence: [33m9[39m,
  event: [32m'terminal.surface.presented'[39m,
  wallTimeMs: [33m1791069298048[39m,
  details: {
    localSessionId: [90mundefined[39m,
    backendSessionId: [32m'bounded-stream'[39m,
    cursorCol: [33m2[39m,
    cursorRow: [33m3[39m,
    cellWidthPx: [33m10[39m,
    cellHeightPx: [33m20[39m
  }
}

stdout | src/components/NativeTerminalPane.lifecycle.test.tsx > NativeTerminalPane compositor ownership lifecycle > bounds repeated stream recovery and permits an explicit retry
[ferryx:switch] {
  runId: [32m'75786da2-88ec-400b-8f63-9a10bd8075df'[39m,
  sequence: [33m10[39m,
  event: [32m'terminal.surface.presentation.stale'[39m,
  wallTimeMs: [33m1791069298072[39m,
  details: {
    localSessionId: [90mundefined[39m,
    backendSessionId: [32m'bounded-stream'[39m,
    paneIdentity: [32m'frontend-bounded-stream'[39m,
    bindingKey: [32m'bounded-stream::0:'[39m,
    attemptGeneration: [33m6[39m,
    currentPaneIdentity: [32m'frontend-bounded-stream'[39m,
    currentBackendSessionId: [32m'bounded-stream'[39m,
    currentBindingKey: [32m'bounded-stream::0:'[39m
  }
}
[ferryx:switch] {
  runId: [32m'75786da2-88ec-400b-8f63-9a10bd8075df'[39m,
  sequence: [33m11[39m,
  event: [32m'terminal.surface.presented'[39m,
  wallTimeMs: [33m1791069298072[39m,
  details: {
    localSessionId: [90mundefined[39m,
    backendSessionId: [32m'bounded-stream'[39m,
    cursorCol: [33m2[39m,
    cursorRow: [33m3[39m,
    cellWidthPx: [33m10[39m,
    cellHeightPx: [33m20[39m
  }
}

stderr | src/components/NativeTerminalPane.lifecycle.test.tsx > NativeTerminalPane compositor ownership lifecycle > does not attach without an output recovery listener when registration fails
Native terminal IPC command failed {
  command: [32m'cmd_native_terminal_attach'[39m,
  error: Error: listener unavailable
      at [90m/Users/I552267/ferryx-pane-completion/source-5464da0d/ui/[39msrc/components/NativeTerminalPane.lifecycle.test.tsx:322:59
      at mockCall [90m(file:///Users/I552267/ferryx-pane-completion/source-5464da0d/ui/[39mnode_modules/[4m@vitest/spy[24m/dist/index.js:96:15[90m)[39m
      at spy [90m(file:///Users/I552267/ferryx-pane-completion/source-5464da0d/ui/[39mnode_modules/[4mtinyspy[24m/dist/index.js:47:80[90m)[39m
      at listen [90m(/Users/I552267/ferryx-pane-completion/source-5464da0d/ui/[39msrc/components/NativeTerminalPane.lifecycle.test.tsx:53:44[90m)[39m
      at Object.ensureStreamListenerRef.current [90m(/Users/I552267/ferryx-pane-completion/source-5464da0d/ui/[39msrc/components/NativeTerminalPane.tsx:2858:28[90m)[39m
      at Object.operation [90m(/Users/I552267/ferryx-pane-completion/source-5464da0d/ui/[39msrc/components/NativeTerminalPane.tsx:1200:37[90m)[39m
      at [90m/Users/I552267/ferryx-pane-completion/source-5464da0d/ui/[39msrc/lib/nativeTerminalLifecycle.ts:265:19
      at startLifecycleOperation [90m(/Users/I552267/ferryx-pane-completion/source-5464da0d/ui/[39msrc/lib/nativeTerminalLifecycle.ts:180:30[90m)[39m
      at enqueueNativeTerminalLifecycle [90m(/Users/I552267/ferryx-pane-completion/source-5464da0d/ui/[39msrc/lib/nativeTerminalLifecycle.ts:497:12[90m)[39m
      at attachNativeTerminalLifecycle [90m(/Users/I552267/ferryx-pane-completion/source-5464da0d/ui/[39msrc/lib/nativeTerminalLifecycle.ts:263:22[90m)[39m
}

stdout | src/components/NativeTerminalPane.lifecycle.test.tsx > NativeTerminalPane compositor ownership lifecycle > does not attach without an output recovery listener when registration fails
[ferryx:switch] {
  runId: [32m'75786da2-88ec-400b-8f63-9a10bd8075df'[39m,
  sequence: [33m12[39m,
  event: [32m'terminal.surface.presentation.stale'[39m,
  wallTimeMs: [33m1791069298084[39m,
  details: {
    localSessionId: [90mundefined[39m,
    backendSessionId: [32m'listener-failure'[39m,
    paneIdentity: [32m'frontend-listener-failure'[39m,
    bindingKey: [32m'listener-failure::0:'[39m,
    attemptGeneration: [33m1[39m,
    currentPaneIdentity: [32m'frontend-listener-failure'[39m,
    currentBackendSessionId: [32m'listener-failure'[39m,
    currentBindingKey: [32m'listener-failure::0:'[39m
  }
}
[ferryx:switch] {
  runId: [32m'75786da2-88ec-400b-8f63-9a10bd8075df'[39m,
  sequence: [33m13[39m,
  event: [32m'terminal.surface.presented'[39m,
  wallTimeMs: [33m1791069298084[39m,
  details: {
    localSessionId: [90mundefined[39m,
    backendSessionId: [32m'listener-failure'[39m,
    cursorCol: [33m2[39m,
    cursorRow: [33m3[39m,
    cellWidthPx: [33m10[39m,
    cellHeightPx: [33m20[39m
  }
}

stderr | src/components/NativeTerminalPane.lifecycle.test.tsx > NativeTerminalPane compositor ownership lifecycle > retries failed bounds with a fresh attachment and waits for presentation
Native terminal IPC command failed {
  command: [32m'cmd_native_terminal_set_bounds'[39m,
  error: { code: [32m'INTERNAL_ERROR'[39m, message: [32m'native surface unavailable'[39m }
}

stdout | src/components/NativeTerminalPane.lifecycle.test.tsx > NativeTerminalPane compositor ownership lifecycle > retries failed bounds with a fresh attachment and waits for presentation
[ferryx:switch] {
  runId: [32m'75786da2-88ec-400b-8f63-9a10bd8075df'[39m,
  sequence: [33m14[39m,
  event: [32m'terminal.surface.presentation.stale'[39m,
  wallTimeMs: [33m1791069298091[39m,
  details: {
    localSessionId: [90mundefined[39m,
    backendSessionId: [32m'bounds-retry'[39m,
    paneIdentity: [32m'frontend-bounds-retry'[39m,
    bindingKey: [32m'bounds-retry::0:'[39m,
    attemptGeneration: [33m1[39m,
    currentPaneIdentity: [32m'frontend-bounds-retry'[39m,
    currentBackendSessionId: [32m'bounds-retry'[39m,
    currentBindingKey: [32m'bounds-retry::0:'[39m
  }
}
[ferryx:switch] {
  runId: [32m'75786da2-88ec-400b-8f63-9a10bd8075df'[39m,
  sequence: [33m15[39m,
  event: [32m'terminal.surface.presented'[39m,
  wallTimeMs: [33m1791069298092[39m,
  details: {
    localSessionId: [90mundefined[39m,
    backendSessionId: [32m'bounds-retry'[39m,
    cursorCol: [33m2[39m,
    cursorRow: [33m3[39m,
    cellWidthPx: [33m10[39m,
    cellHeightPx: [33m20[39m
  }
}

stderr | src/components/NativeTerminalPane.lifecycle.test.tsx > NativeTerminalPane compositor ownership lifecycle > preserves the structured cause of a bounds failure in the visible error
Native terminal IPC command failed {
  command: [32m'cmd_native_terminal_set_bounds'[39m,
  error: {
    code: [32m'INVALID_ARGUMENT'[39m,
    message: [32m'Native terminal viewport is outside the configured surface'[39m
  }
}

stdout | src/components/NativeTerminalPane.lifecycle.test.tsx > NativeTerminalPane compositor ownership lifecycle > uses effective native scale for IME anchor at fractional webview density
[ferryx:switch] {
  runId: [32m'75786da2-88ec-400b-8f63-9a10bd8075df'[39m,
  sequence: [33m16[39m,
  event: [32m'terminal.surface.presentation.stale'[39m,
  wallTimeMs: [33m1791069298099[39m,
  details: {
    localSessionId: [90mundefined[39m,
    backendSessionId: [32m'ime-scale'[39m,
    paneIdentity: [32m'frontend-ime-scale'[39m,
    bindingKey: [32m'ime-scale::0:'[39m,
    attemptGeneration: [33m0[39m,
    currentPaneIdentity: [32m'frontend-ime-scale'[39m,
    currentBackendSessionId: [32m'ime-scale'[39m,
    currentBindingKey: [32m'ime-scale::0:'[39m
  }
}
[ferryx:switch] {
  runId: [32m'75786da2-88ec-400b-8f63-9a10bd8075df'[39m,
  sequence: [33m17[39m,
  event: [32m'terminal.surface.presented'[39m,
  wallTimeMs: [33m1791069298099[39m,
  details: {
    localSessionId: [90mundefined[39m,
    backendSessionId: [32m'ime-scale'[39m,
    cursorCol: [33m2[39m,
    cursorRow: [33m3[39m,
    cellWidthPx: [33m16[39m,
    cellHeightPx: [33m32[39m
  }
}

stdout | src/components/NativeTerminalPane.lifecycle.test.tsx > NativeTerminalPane compositor ownership lifecycle > keeps ordinary equal-scale IME anchors
[ferryx:switch] {
  runId: [32m'75786da2-88ec-400b-8f63-9a10bd8075df'[39m,
  sequence: [33m18[39m,
  event: [32m'terminal.surface.presentation.stale'[39m,
  wallTimeMs: [33m1791069298102[39m,
  details: {
    localSessionId: [90mundefined[39m,
    backendSessionId: [32m'ime-scale'[39m,
    paneIdentity: [32m'frontend-ime-scale'[39m,
    bindingKey: [32m'ime-scale::0:'[39m,
    attemptGeneration: [33m0[39m,
    currentPaneIdentity: [32m'frontend-ime-scale'[39m,
    currentBackendSessionId: [32m'ime-scale'[39m,
    currentBindingKey: [32m'ime-scale::0:'[39m
  }
}
[ferryx:switch] {
  runId: [32m'75786da2-88ec-400b-8f63-9a10bd8075df'[39m,
  sequence: [33m19[39m,
  event: [32m'terminal.surface.presented'[39m,
  wallTimeMs: [33m1791069298102[39m,
  details: {
    localSessionId: [90mundefined[39m,
    backendSessionId: [32m'ime-scale'[39m,
    cursorCol: [33m2[39m,
    cursorRow: [33m3[39m,
    cellWidthPx: [33m16[39m,
    cellHeightPx: [33m32[39m
  }
}

stdout | src/components/NativeTerminalPane.lifecycle.test.tsx > NativeTerminalPane compositor ownership lifecycle > falls back to raw density for legacy IME receipts
[ferryx:switch] {
  runId: [32m'75786da2-88ec-400b-8f63-9a10bd8075df'[39m,
  sequence: [33m20[39m,
  event: [32m'terminal.surface.presentation.stale'[39m,
  wallTimeMs: [33m1791069298104[39m,
  details: {
    localSessionId: [90mundefined[39m,
    backendSessionId: [32m'ime-scale'[39m,
    paneIdentity: [32m'frontend-ime-scale'[39m,
    bindingKey: [32m'ime-scale::0:'[39m,
    attemptGeneration: [33m0[39m,
    currentPaneIdentity: [32m'frontend-ime-scale'[39m,
    currentBackendSessionId: [32m'ime-scale'[39m,
    currentBindingKey: [32m'ime-scale::0:'[39m
  }
}
[ferryx:switch] {
  runId: [32m'75786da2-88ec-400b-8f63-9a10bd8075df'[39m,
  sequence: [33m21[39m,
  event: [32m'terminal.surface.presented'[39m,
  wallTimeMs: [33m1791069298104[39m,
  details: {
    localSessionId: [90mundefined[39m,
    backendSessionId: [32m'ime-scale'[39m,
    cursorCol: [33m2[39m,
    cursorRow: [33m3[39m,
    cellWidthPx: [33m16[39m,
    cellHeightPx: [33m32[39m
  }
}

stdout | src/components/NativeTerminalPane.lifecycle.test.tsx > NativeTerminalPane compositor ownership lifecycle > falls back to raw density when native geometry is absent
[ferryx:switch] {
  runId: [32m'75786da2-88ec-400b-8f63-9a10bd8075df'[39m,
  sequence: [33m22[39m,
  event: [32m'terminal.surface.presentation.stale'[39m,
  wallTimeMs: [33m1791069298106[39m,
  details: {
    localSessionId: [90mundefined[39m,
    backendSessionId: [32m'ime-scale'[39m,
    paneIdentity: [32m'frontend-ime-scale'[39m,
    bindingKey: [32m'ime-scale::0:'[39m,
    attemptGeneration: [33m0[39m,
    currentPaneIdentity: [32m'frontend-ime-scale'[39m,
    currentBackendSessionId: [32m'ime-scale'[39m,
    currentBindingKey: [32m'ime-scale::0:'[39m
  }
}
[ferryx:switch] {
  runId: [32m'75786da2-88ec-400b-8f63-9a10bd8075df'[39m,
  sequence: [33m23[39m,
  event: [32m'terminal.surface.presented'[39m,
  wallTimeMs: [33m1791069298106[39m,
  details: {
    localSessionId: [90mundefined[39m,
    backendSessionId: [32m'ime-scale'[39m,
    cursorCol: [33m2[39m,
    cursorRow: [33m3[39m,
    cellWidthPx: [33m16[39m,
    cellHeightPx: [33m32[39m
  }
}

stdout | src/components/NativeTerminalPane.lifecycle.test.tsx > NativeTerminalPane compositor ownership lifecycle > does not reclaim the outgoing surface when input fails after tab replacement
[ferryx:switch] {
  runId: [32m'75786da2-88ec-400b-8f63-9a10bd8075df'[39m,
  sequence: [33m24[39m,
  event: [32m'terminal.surface.presentation.stale'[39m,
  wallTimeMs: [33m1791069298107[39m,
  details: {
    localSessionId: [90mundefined[39m,
    backendSessionId: [32m'owner-a'[39m,
    paneIdentity: [32m'frontend-owner-a'[39m,
    bindingKey: [32m'owner-a::0:'[39m,
    attemptGeneration: [33m0[39m,
    currentPaneIdentity: [32m'frontend-owner-a'[39m,
    currentBackendSessionId: [32m'owner-a'[39m,
    currentBindingKey: [32m'owner-a::0:'[39m
  }
}
[ferryx:switch] {
  runId: [32m'75786da2-88ec-400b-8f63-9a10bd8075df'[39m,
  sequence: [33m25[39m,
  event: [32m'terminal.surface.presented'[39m,
  wallTimeMs: [33m1791069298107[39m,
  details: {
    localSessionId: [90mundefined[39m,
    backendSessionId: [32m'owner-a'[39m,
    cursorCol: [33m2[39m,
    cursorRow: [33m3[39m,
    cellWidthPx: [33m10[39m,
    cellHeightPx: [33m20[39m
  }
}

stdout | src/components/NativeTerminalPane.lifecycle.test.tsx > NativeTerminalPane compositor ownership lifecycle > does not reclaim the outgoing surface when input fails after tab replacement
[ferryx:switch] {
  runId: [32m'75786da2-88ec-400b-8f63-9a10bd8075df'[39m,
  sequence: [33m26[39m,
  event: [32m'terminal.surface.input.accepted'[39m,
  wallTimeMs: [33m1791069298108[39m,
  details: {
    operationId: [32m'req-c11edb55-owner-a-1'[39m,
    backendSessionId: [32m'owner-a'[39m,
    paneIdentity: [1mnull[22m,
    bindingKey: [1mnull[22m,
    attemptGeneration: [1mnull[22m,
    daemonEpoch: [1mnull[22m,
    incarnation: [1mnull[22m,
    payloadBytes: [33m1[39m,
    queuedAt: [33m1791069298108[39m
  }
}
[ferryx:switch] {
  runId: [32m'75786da2-88ec-400b-8f63-9a10bd8075df'[39m,
  sequence: [33m27[39m,
  event: [32m'terminal.surface.input.dispatch'[39m,
  wallTimeMs: [33m1791069298108[39m,
  details: {
    operationId: [32m'req-c11edb55-owner-a-1'[39m,
    backendSessionId: [32m'owner-a'[39m,
    paneIdentity: [1mnull[22m,
    bindingKey: [1mnull[22m,
    attemptGeneration: [1mnull[22m,
    daemonEpoch: [1mnull[22m,
    incarnation: [1mnull[22m,
    dispatchedAt: [33m1791069298108[39m
  }
}

stdout | src/components/NativeTerminalPane.lifecycle.test.tsx > NativeTerminalPane compositor ownership lifecycle > does not reclaim the outgoing surface when input fails after tab replacement
[ferryx:switch] {
  runId: [32m'75786da2-88ec-400b-8f63-9a10bd8075df'[39m,
  sequence: [33m28[39m,
  event: [32m'terminal.surface.presentation.stale'[39m,
  wallTimeMs: [33m1791069298109[39m,
  details: {
    localSessionId: [90mundefined[39m,
    backendSessionId: [32m'owner-b'[39m,
    paneIdentity: [32m'frontend-owner-b'[39m,
    bindingKey: [32m'owner-b::0:'[39m,
    attemptGeneration: [33m0[39m,
    currentPaneIdentity: [32m'frontend-owner-b'[39m,
    currentBackendSessionId: [32m'owner-b'[39m,
    currentBindingKey: [32m'owner-b::0:'[39m
  }
}
[ferryx:switch] {
  runId: [32m'75786da2-88ec-400b-8f63-9a10bd8075df'[39m,
  sequence: [33m29[39m,
  event: [32m'terminal.surface.presented'[39m,
  wallTimeMs: [33m1791069298109[39m,
  details: {
    localSessionId: [90mundefined[39m,
    backendSessionId: [32m'owner-b'[39m,
    cursorCol: [33m2[39m,
    cursorRow: [33m3[39m,
    cellWidthPx: [33m10[39m,
    cellHeightPx: [33m20[39m
  }
}

stdout | src/components/NativeTerminalPane.lifecycle.test.tsx > NativeTerminalPane compositor ownership lifecycle > does not recover input when its owner becomes hidden
[ferryx:switch] {
  runId: [32m'75786da2-88ec-400b-8f63-9a10bd8075df'[39m,
  sequence: [33m30[39m,
  event: [32m'terminal.surface.presentation.stale'[39m,
  wallTimeMs: [33m1791069298111[39m,
  details: {
    localSessionId: [90mundefined[39m,
    backendSessionId: [32m'owner-a'[39m,
    paneIdentity: [32m'frontend-owner-a'[39m,
    bindingKey: [32m'owner-a::0:'[39m,
    attemptGeneration: [33m0[39m,
    currentPaneIdentity: [32m'frontend-owner-a'[39m,
    currentBackendSessionId: [32m'owner-a'[39m,
    currentBindingKey: [32m'owner-a::0:'[39m
  }
}
[ferryx:switch] {
  runId: [32m'75786da2-88ec-400b-8f63-9a10bd8075df'[39m,
  sequence: [33m31[39m,
  event: [32m'terminal.surface.presented'[39m,
  wallTimeMs: [33m1791069298111[39m,
  details: {
    localSessionId: [90mundefined[39m,
    backendSessionId: [32m'owner-a'[39m,
    cursorCol: [33m2[39m,
    cursorRow: [33m3[39m,
    cellWidthPx: [33m10[39m,
    cellHeightPx: [33m20[39m
  }
}

stdout | src/components/NativeTerminalPane.lifecycle.test.tsx > NativeTerminalPane compositor ownership lifecycle > does not recover input when its owner becomes hidden
[ferryx:switch] {
  runId: [32m'75786da2-88ec-400b-8f63-9a10bd8075df'[39m,
  sequence: [33m32[39m,
  event: [32m'terminal.surface.input.accepted'[39m,
  wallTimeMs: [33m1791069298111[39m,
  details: {
    operationId: [32m'req-c11edb55-owner-a-2'[39m,
    backendSessionId: [32m'owner-a'[39m,
    paneIdentity: [1mnull[22m,
    bindingKey: [1mnull[22m,
    attemptGeneration: [1mnull[22m,
    daemonEpoch: [1mnull[22m,
    incarnation: [1mnull[22m,
    payloadBytes: [33m1[39m,
    queuedAt: [33m1791069298111[39m
  }
}
[ferryx:switch] {
  runId: [32m'75786da2-88ec-400b-8f63-9a10bd8075df'[39m,
  sequence: [33m33[39m,
  event: [32m'terminal.surface.input.dispatch'[39m,
  wallTimeMs: [33m1791069298111[39m,
  details: {
    operationId: [32m'req-c11edb55-owner-a-2'[39m,
    backendSessionId: [32m'owner-a'[39m,
    paneIdentity: [1mnull[22m,
    bindingKey: [1mnull[22m,
    attemptGeneration: [1mnull[22m,
    daemonEpoch: [1mnull[22m,
    incarnation: [1mnull[22m,
    dispatchedAt: [33m1791069298111[39m
  }
}

stdout | src/components/NativeTerminalPane.lifecycle.test.tsx > NativeTerminalPane compositor ownership lifecycle > does not retry input after its owner leaves during recovery
[ferryx:switch] {
  runId: [32m'75786da2-88ec-400b-8f63-9a10bd8075df'[39m,
  sequence: [33m34[39m,
  event: [32m'terminal.surface.presentation.stale'[39m,
  wallTimeMs: [33m1791069298113[39m,
  details: {
    localSessionId: [90mundefined[39m,
    backendSessionId: [32m'owner-a'[39m,
    paneIdentity: [32m'frontend-owner-a'[39m,
    bindingKey: [32m'owner-a::0:'[39m,
    attemptGeneration: [33m0[39m,
    currentPaneIdentity: [32m'frontend-owner-a'[39m,
    currentBackendSessionId: [32m'owner-a'[39m,
    currentBindingKey: [32m'owner-a::0:'[39m
  }
}
[ferryx:switch] {
  runId: [32m'75786da2-88ec-400b-8f63-9a10bd8075df'[39m,
  sequence: [33m35[39m,
  event: [32m'terminal.surface.presented'[39m,
  wallTimeMs: [33m1791069298113[39m,
  details: {
    localSessionId: [90mundefined[39m,
    backendSessionId: [32m'owner-a'[39m,
    cursorCol: [33m2[39m,
    cursorRow: [33m3[39m,
    cellWidthPx: [33m10[39m,
    cellHeightPx: [33m20[39m
  }
}

stdout | src/components/NativeTerminalPane.lifecycle.test.tsx > NativeTerminalPane compositor ownership lifecycle > does not retry input after its owner leaves during recovery
[ferryx:switch] {
  runId: [32m'75786da2-88ec-400b-8f63-9a10bd8075df'[39m,
  sequence: [33m36[39m,
  event: [32m'terminal.surface.input.accepted'[39m,
  wallTimeMs: [33m1791069298113[39m,
  details: {
    operationId: [32m'req-c11edb55-owner-a-3'[39m,
    backendSessionId: [32m'owner-a'[39m,
    paneIdentity: [1mnull[22m,
    bindingKey: [1mnull[22m,
    attemptGeneration: [1mnull[22m,
    daemonEpoch: [1mnull[22m,
    incarnation: [1mnull[22m,
    payloadBytes: [33m1[39m,
    queuedAt: [33m1791069298113[39m
  }
}
[ferryx:switch] {
  runId: [32m'75786da2-88ec-400b-8f63-9a10bd8075df'[39m,
  sequence: [33m37[39m,
  event: [32m'terminal.surface.input.dispatch'[39m,
  wallTimeMs: [33m1791069298113[39m,
  details: {
    operationId: [32m'req-c11edb55-owner-a-3'[39m,
    backendSessionId: [32m'owner-a'[39m,
    paneIdentity: [1mnull[22m,
    bindingKey: [1mnull[22m,
    attemptGeneration: [1mnull[22m,
    daemonEpoch: [1mnull[22m,
    incarnation: [1mnull[22m,
    dispatchedAt: [33m1791069298113[39m
  }
}

stdout | src/components/NativeTerminalPane.lifecycle.test.tsx > NativeTerminalPane compositor ownership lifecycle > does not retry input after its owner leaves during recovery
[ferryx:switch] {
  runId: [32m'75786da2-88ec-400b-8f63-9a10bd8075df'[39m,
  sequence: [33m38[39m,
  event: [32m'terminal.surface.input.error.recovering'[39m,
  wallTimeMs: [33m1791069298113[39m,
  details: { backendSessionId: [32m'owner-a'[39m, error: [32m'[object Object]'[39m }
}

stdout | src/components/NativeTerminalPane.lifecycle.test.tsx > NativeTerminalPane compositor ownership lifecycle > does not retry input after its owner leaves during recovery
[ferryx:switch] {
  runId: [32m'75786da2-88ec-400b-8f63-9a10bd8075df'[39m,
  sequence: [33m39[39m,
  event: [32m'terminal.surface.presentation.stale'[39m,
  wallTimeMs: [33m1791069298114[39m,
  details: {
    localSessionId: [90mundefined[39m,
    backendSessionId: [32m'owner-b'[39m,
    paneIdentity: [32m'frontend-owner-b'[39m,
    bindingKey: [32m'owner-b::0:'[39m,
    attemptGeneration: [33m0[39m,
    currentPaneIdentity: [32m'frontend-owner-b'[39m,
    currentBackendSessionId: [32m'owner-b'[39m,
    currentBindingKey: [32m'owner-b::0:'[39m
  }
}
[ferryx:switch] {
  runId: [32m'75786da2-88ec-400b-8f63-9a10bd8075df'[39m,
  sequence: [33m40[39m,
  event: [32m'terminal.surface.presented'[39m,
  wallTimeMs: [33m1791069298114[39m,
  details: {
    localSessionId: [90mundefined[39m,
    backendSessionId: [32m'owner-b'[39m,
    cursorCol: [33m2[39m,
    cursorRow: [33m3[39m,
    cellWidthPx: [33m10[39m,
    cellHeightPx: [33m20[39m
  }
}

stdout | src/components/NativeTerminalPane.lifecycle.test.tsx > NativeTerminalPane compositor ownership lifecycle > guards queued recovery attachment while preserving a returning owner (returns=false)
[ferryx:switch] {
  runId: [32m'75786da2-88ec-400b-8f63-9a10bd8075df'[39m,
  sequence: [33m41[39m,
  event: [32m'terminal.surface.input.accepted'[39m,
  wallTimeMs: [33m1791069298115[39m,
  details: {
    operationId: [32m'req-c11edb55-owner-a-4'[39m,
    backendSessionId: [32m'owner-a'[39m,
    paneIdentity: [1mnull[22m,
    bindingKey: [1mnull[22m,
    attemptGeneration: [1mnull[22m,
    daemonEpoch: [1mnull[22m,
    incarnation: [1mnull[22m,
    payloadBytes: [33m1[39m,
    queuedAt: [33m1791069298115[39m
  }
}
[ferryx:switch] {
  runId: [32m'75786da2-88ec-400b-8f63-9a10bd8075df'[39m,
  sequence: [33m42[39m,
  event: [32m'terminal.surface.input.dispatch'[39m,
  wallTimeMs: [33m1791069298115[39m,
  details: {
    operationId: [32m'req-c11edb55-owner-a-4'[39m,
    backendSessionId: [32m'owner-a'[39m,
    paneIdentity: [1mnull[22m,
    bindingKey: [1mnull[22m,
    attemptGeneration: [1mnull[22m,
    daemonEpoch: [1mnull[22m,
    incarnation: [1mnull[22m,
    dispatchedAt: [33m1791069298115[39m
  }
}

stdout | src/components/NativeTerminalPane.lifecycle.test.tsx > NativeTerminalPane compositor ownership lifecycle > guards queued recovery attachment while preserving a returning owner (returns=false)
[ferryx:switch] {
  runId: [32m'75786da2-88ec-400b-8f63-9a10bd8075df'[39m,
  sequence: [33m43[39m,
  event: [32m'terminal.surface.input.error.recovering'[39m,
  wallTimeMs: [33m1791069298115[39m,
  details: { backendSessionId: [32m'owner-a'[39m, error: [32m'[object Object]'[39m }
}

stdout | src/components/NativeTerminalPane.lifecycle.test.tsx > NativeTerminalPane compositor ownership lifecycle > guards queued recovery attachment while preserving a returning owner (returns=true)
[ferryx:switch] {
  runId: [32m'75786da2-88ec-400b-8f63-9a10bd8075df'[39m,
  sequence: [33m44[39m,
  event: [32m'terminal.surface.input.accepted'[39m,
  wallTimeMs: [33m1791069298117[39m,
  details: {
    operationId: [32m'req-c11edb55-owner-a-5'[39m,
    backendSessionId: [32m'owner-a'[39m,
    paneIdentity: [1mnull[22m,
    bindingKey: [1mnull[22m,
    attemptGeneration: [1mnull[22m,
    daemonEpoch: [1mnull[22m,
    incarnation: [1mnull[22m,
    payloadBytes: [33m1[39m,
    queuedAt: [33m1791069298117[39m
  }
}
[ferryx:switch] {
  runId: [32m'75786da2-88ec-400b-8f63-9a10bd8075df'[39m,
  sequence: [33m45[39m,
  event: [32m'terminal.surface.input.dispatch'[39m,
  wallTimeMs: [33m1791069298117[39m,
  details: {
    operationId: [32m'req-c11edb55-owner-a-5'[39m,
    backendSessionId: [32m'owner-a'[39m,
    paneIdentity: [1mnull[22m,
    bindingKey: [1mnull[22m,
    attemptGeneration: [1mnull[22m,
    daemonEpoch: [1mnull[22m,
    incarnation: [1mnull[22m,
    dispatchedAt: [33m1791069298117[39m
  }
}

stdout | src/components/NativeTerminalPane.lifecycle.test.tsx > NativeTerminalPane compositor ownership lifecycle > guards queued recovery attachment while preserving a returning owner (returns=true)
[ferryx:switch] {
  runId: [32m'75786da2-88ec-400b-8f63-9a10bd8075df'[39m,
  sequence: [33m46[39m,
  event: [32m'terminal.surface.input.error.recovering'[39m,
  wallTimeMs: [33m1791069298117[39m,
  details: { backendSessionId: [32m'owner-a'[39m, error: [32m'[object Object]'[39m }
}

stdout | src/components/NativeTerminalPane.lifecycle.test.tsx > NativeTerminalPane compositor ownership lifecycle > guards queued recovery attachment while preserving a returning owner (returns=true)
[ferryx:switch] {
  runId: [32m'75786da2-88ec-400b-8f63-9a10bd8075df'[39m,
  sequence: [33m47[39m,
  event: [32m'terminal.surface.presentation.stale'[39m,
  wallTimeMs: [33m1791069298118[39m,
  details: {
    localSessionId: [90mundefined[39m,
    backendSessionId: [32m'owner-a'[39m,
    paneIdentity: [32m'frontend-owner-a'[39m,
    bindingKey: [32m'owner-a::0:'[39m,
    attemptGeneration: [33m0[39m,
    currentPaneIdentity: [32m'frontend-owner-a'[39m,
    currentBackendSessionId: [32m'owner-a'[39m,
    currentBindingKey: [32m'owner-a::0:'[39m
  }
}
[ferryx:switch] {
  runId: [32m'75786da2-88ec-400b-8f63-9a10bd8075df'[39m,
  sequence: [33m48[39m,
  event: [32m'terminal.surface.presented'[39m,
  wallTimeMs: [33m1791069298118[39m,
  details: {
    localSessionId: [90mundefined[39m,
    backendSessionId: [32m'owner-a'[39m,
    cursorCol: [33m2[39m,
    cursorRow: [33m3[39m,
    cellWidthPx: [33m10[39m,
    cellHeightPx: [33m20[39m
  }
}

stdout | src/components/NativeTerminalPane.lifecycle.test.tsx > NativeTerminalPane compositor ownership lifecycle > does not publish a stale input receipt after replacement
[ferryx:switch] {
  runId: [32m'75786da2-88ec-400b-8f63-9a10bd8075df'[39m,
  sequence: [33m49[39m,
  event: [32m'terminal.surface.presentation.stale'[39m,
  wallTimeMs: [33m1791069298120[39m,
  details: {
    localSessionId: [90mundefined[39m,
    backendSessionId: [32m'owner-a'[39m,
    paneIdentity: [32m'frontend-owner-a'[39m,
    bindingKey: [32m'owner-a::0:'[39m,
    attemptGeneration: [33m0[39m,
    currentPaneIdentity: [32m'frontend-owner-a'[39m,
    currentBackendSessionId: [32m'owner-a'[39m,
    currentBindingKey: [32m'owner-a::0:'[39m
  }
}
[ferryx:switch] {
  runId: [32m'75786da2-88ec-400b-8f63-9a10bd8075df'[39m,
  sequence: [33m50[39m,
  event: [32m'terminal.surface.presented'[39m,
  wallTimeMs: [33m1791069298120[39m,
  details: {
    localSessionId: [90mundefined[39m,
    backendSessionId: [32m'owner-a'[39m,
    cursorCol: [33m2[39m,
    cursorRow: [33m3[39m,
    cellWidthPx: [33m10[39m,
    cellHeightPx: [33m20[39m
  }
}

stdout | src/components/NativeTerminalPane.lifecycle.test.tsx > NativeTerminalPane compositor ownership lifecycle > does not publish a stale input receipt after replacement
[ferryx:switch] {
  runId: [32m'75786da2-88ec-400b-8f63-9a10bd8075df'[39m,
  sequence: [33m51[39m,
  event: [32m'terminal.surface.input.accepted'[39m,
  wallTimeMs: [33m1791069298120[39m,
  details: {
    operationId: [32m'req-c11edb55-owner-a-6'[39m,
    backendSessionId: [32m'owner-a'[39m,
    paneIdentity: [1mnull[22m,
    bindingKey: [1mnull[22m,
    attemptGeneration: [1mnull[22m,
    daemonEpoch: [1mnull[22m,
    incarnation: [1mnull[22m,
    payloadBytes: [33m1[39m,
    queuedAt: [33m1791069298120[39m
  }
}
[ferryx:switch] {
  runId: [32m'75786da2-88ec-400b-8f63-9a10bd8075df'[39m,
  sequence: [33m52[39m,
  event: [32m'terminal.surface.input.dispatch'[39m,
  wallTimeMs: [33m1791069298120[39m,
  details: {
    operationId: [32m'req-c11edb55-owner-a-6'[39m,
    backendSessionId: [32m'owner-a'[39m,
    paneIdentity: [1mnull[22m,
    bindingKey: [1mnull[22m,
    attemptGeneration: [1mnull[22m,
    daemonEpoch: [1mnull[22m,
    incarnation: [1mnull[22m,
    dispatchedAt: [33m1791069298120[39m
  }
}

stdout | src/components/NativeTerminalPane.lifecycle.test.tsx > NativeTerminalPane compositor ownership lifecycle > does not publish a stale input receipt after replacement
[ferryx:switch] {
  runId: [32m'75786da2-88ec-400b-8f63-9a10bd8075df'[39m,
  sequence: [33m53[39m,
  event: [32m'terminal.surface.presentation.stale'[39m,
  wallTimeMs: [33m1791069298121[39m,
  details: {
    localSessionId: [90mundefined[39m,
    backendSessionId: [32m'owner-b'[39m,
    paneIdentity: [32m'frontend-owner-b'[39m,
    bindingKey: [32m'owner-b::0:'[39m,
    attemptGeneration: [33m0[39m,
    currentPaneIdentity: [32m'frontend-owner-b'[39m,
    currentBackendSessionId: [32m'owner-b'[39m,
    currentBindingKey: [32m'owner-b::0:'[39m
  }
}
[ferryx:switch] {
  runId: [32m'75786da2-88ec-400b-8f63-9a10bd8075df'[39m,
  sequence: [33m54[39m,
  event: [32m'terminal.surface.presented'[39m,
  wallTimeMs: [33m1791069298121[39m,
  details: {
    localSessionId: [90mundefined[39m,
    backendSessionId: [32m'owner-b'[39m,
    cursorCol: [33m2[39m,
    cursorRow: [33m3[39m,
    cellWidthPx: [33m10[39m,
    cellHeightPx: [33m20[39m
  }
}

stdout | src/components/NativeTerminalPane.lifecycle.test.tsx > NativeTerminalPane compositor ownership lifecycle > does not publish a stale recovery error after replacement
[ferryx:switch] {
  runId: [32m'75786da2-88ec-400b-8f63-9a10bd8075df'[39m,
  sequence: [33m55[39m,
  event: [32m'terminal.surface.presentation.stale'[39m,
  wallTimeMs: [33m1791069298124[39m,
  details: {
    localSessionId: [90mundefined[39m,
    backendSessionId: [32m'owner-a'[39m,
    paneIdentity: [32m'frontend-owner-a'[39m,
    bindingKey: [32m'owner-a::0:'[39m,
    attemptGeneration: [33m0[39m,
    currentPaneIdentity: [32m'frontend-owner-a'[39m,
    currentBackendSessionId: [32m'owner-a'[39m,
    currentBindingKey: [32m'owner-a::0:'[39m
  }
}
[ferryx:switch] {
  runId: [32m'75786da2-88ec-400b-8f63-9a10bd8075df'[39m,
  sequence: [33m56[39m,
  event: [32m'terminal.surface.presented'[39m,
  wallTimeMs: [33m1791069298124[39m,
  details: {
    localSessionId: [90mundefined[39m,
    backendSessionId: [32m'owner-a'[39m,
    cursorCol: [33m2[39m,
    cursorRow: [33m3[39m,
    cellWidthPx: [33m10[39m,
    cellHeightPx: [33m20[39m
  }
}

stdout | src/components/NativeTerminalPane.lifecycle.test.tsx > NativeTerminalPane compositor ownership lifecycle > does not publish a stale recovery error after replacement
[ferryx:switch] {
  runId: [32m'75786da2-88ec-400b-8f63-9a10bd8075df'[39m,
  sequence: [33m57[39m,
  event: [32m'terminal.surface.input.accepted'[39m,
  wallTimeMs: [33m1791069298125[39m,
  details: {
    operationId: [32m'req-c11edb55-owner-a-7'[39m,
    backendSessionId: [32m'owner-a'[39m,
    paneIdentity: [1mnull[22m,
    bindingKey: [1mnull[22m,
    attemptGeneration: [1mnull[22m,
    daemonEpoch: [1mnull[22m,
    incarnation: [1mnull[22m,
    payloadBytes: [33m1[39m,
    queuedAt: [33m1791069298125[39m
  }
}
[ferryx:switch] {
  runId: [32m'75786da2-88ec-400b-8f63-9a10bd8075df'[39m,
  sequence: [33m58[39m,
  event: [32m'terminal.surface.input.dispatch'[39m,
  wallTimeMs: [33m1791069298125[39m,
  details: {
    operationId: [32m'req-c11edb55-owner-a-7'[39m,
    backendSessionId: [32m'owner-a'[39m,
    paneIdentity: [1mnull[22m,
    bindingKey: [1mnull[22m,
    attemptGeneration: [1mnull[22m,
    daemonEpoch: [1mnull[22m,
    incarnation: [1mnull[22m,
    dispatchedAt: [33m1791069298125[39m
  }
}

stdout | src/components/NativeTerminalPane.lifecycle.test.tsx > NativeTerminalPane compositor ownership lifecycle > does not publish a stale recovery error after replacement
[ferryx:switch] {
  runId: [32m'75786da2-88ec-400b-8f63-9a10bd8075df'[39m,
  sequence: [33m59[39m,
  event: [32m'terminal.surface.input.error.recovering'[39m,
  wallTimeMs: [33m1791069298125[39m,
  details: { backendSessionId: [32m'owner-a'[39m, error: [32m'[object Object]'[39m }
}

stdout | src/components/NativeTerminalPane.lifecycle.test.tsx > NativeTerminalPane compositor ownership lifecycle > does not publish a stale recovery error after replacement
[ferryx:switch] {
  runId: [32m'75786da2-88ec-400b-8f63-9a10bd8075df'[39m,
  sequence: [33m60[39m,
  event: [32m'terminal.surface.presentation.stale'[39m,
  wallTimeMs: [33m1791069298125[39m,
  details: {
    localSessionId: [90mundefined[39m,
    backendSessionId: [32m'owner-b'[39m,
    paneIdentity: [32m'frontend-owner-b'[39m,
    bindingKey: [32m'owner-b::0:'[39m,
    attemptGeneration: [33m0[39m,
    currentPaneIdentity: [32m'frontend-owner-b'[39m,
    currentBackendSessionId: [32m'owner-b'[39m,
    currentBindingKey: [32m'owner-b::0:'[39m
  }
}
[ferryx:switch] {
  runId: [32m'75786da2-88ec-400b-8f63-9a10bd8075df'[39m,
  sequence: [33m61[39m,
  event: [32m'terminal.surface.presented'[39m,
  wallTimeMs: [33m1791069298125[39m,
  details: {
    localSessionId: [90mundefined[39m,
    backendSessionId: [32m'owner-b'[39m,
    cursorCol: [33m2[39m,
    cursorRow: [33m3[39m,
    cellWidthPx: [33m10[39m,
    cellHeightPx: [33m20[39m
  }
}

stdout | src/components/NativeTerminalPane.lifecycle.test.tsx > NativeTerminalPane compositor ownership lifecycle > does not publish a stale retry receipt after replacement
[ferryx:switch] {
  runId: [32m'75786da2-88ec-400b-8f63-9a10bd8075df'[39m,
  sequence: [33m62[39m,
  event: [32m'terminal.surface.presentation.stale'[39m,
  wallTimeMs: [33m1791069298127[39m,
  details: {
    localSessionId: [90mundefined[39m,
    backendSessionId: [32m'owner-a'[39m,
    paneIdentity: [32m'frontend-owner-a'[39m,
    bindingKey: [32m'owner-a::0:'[39m,
    attemptGeneration: [33m0[39m,
    currentPaneIdentity: [32m'frontend-owner-a'[39m,
    currentBackendSessionId: [32m'owner-a'[39m,
    currentBindingKey: [32m'owner-a::0:'[39m
  }
}
[ferryx:switch] {
  runId: [32m'75786da2-88ec-400b-8f63-9a10bd8075df'[39m,
  sequence: [33m63[39m,
  event: [32m'terminal.surface.presented'[39m,
  wallTimeMs: [33m1791069298127[39m,
  details: {
    localSessionId: [90mundefined[39m,
    backendSessionId: [32m'owner-a'[39m,
    cursorCol: [33m2[39m,
    cursorRow: [33m3[39m,
    cellWidthPx: [33m10[39m,
    cellHeightPx: [33m20[39m
  }
}

stdout | src/components/NativeTerminalPane.lifecycle.test.tsx > NativeTerminalPane compositor ownership lifecycle > does not publish a stale retry receipt after replacement
[ferryx:switch] {
  runId: [32m'75786da2-88ec-400b-8f63-9a10bd8075df'[39m,
  sequence: [33m64[39m,
  event: [32m'terminal.surface.input.accepted'[39m,
  wallTimeMs: [33m1791069298127[39m,
  details: {
    operationId: [32m'req-c11edb55-owner-a-8'[39m,
    backendSessionId: [32m'owner-a'[39m,
    paneIdentity: [1mnull[22m,
    bindingKey: [1mnull[22m,
    attemptGeneration: [1mnull[22m,
    daemonEpoch: [1mnull[22m,
    incarnation: [1mnull[22m,
    payloadBytes: [33m1[39m,
    queuedAt: [33m1791069298127[39m
  }
}
[ferryx:switch] {
  runId: [32m'75786da2-88ec-400b-8f63-9a10bd8075df'[39m,
  sequence: [33m65[39m,
  event: [32m'terminal.surface.input.dispatch'[39m,
  wallTimeMs: [33m1791069298127[39m,
  details: {
    operationId: [32m'req-c11edb55-owner-a-8'[39m,
    backendSessionId: [32m'owner-a'[39m,
    paneIdentity: [1mnull[22m,
    bindingKey: [1mnull[22m,
    attemptGeneration: [1mnull[22m,
    daemonEpoch: [1mnull[22m,
    incarnation: [1mnull[22m,
    dispatchedAt: [33m1791069298127[39m
  }
}

stdout | src/components/NativeTerminalPane.lifecycle.test.tsx > NativeTerminalPane compositor ownership lifecycle > does not publish a stale retry receipt after replacement
[ferryx:switch] {
  runId: [32m'75786da2-88ec-400b-8f63-9a10bd8075df'[39m,
  sequence: [33m66[39m,
  event: [32m'terminal.surface.input.error.recovering'[39m,
  wallTimeMs: [33m1791069298127[39m,
  details: { backendSessionId: [32m'owner-a'[39m, error: [32m'[object Object]'[39m }
}

stdout | src/components/NativeTerminalPane.lifecycle.test.tsx > NativeTerminalPane compositor ownership lifecycle > does not publish a stale retry receipt after replacement
[ferryx:switch] {
  runId: [32m'75786da2-88ec-400b-8f63-9a10bd8075df'[39m,
  sequence: [33m67[39m,
  event: [32m'terminal.surface.input.accepted'[39m,
  wallTimeMs: [33m1791069298127[39m,
  details: {
    operationId: [32m'req-c11edb55-owner-a-9'[39m,
    backendSessionId: [32m'owner-a'[39m,
    paneIdentity: [1mnull[22m,
    bindingKey: [1mnull[22m,
    attemptGeneration: [1mnull[22m,
    daemonEpoch: [1mnull[22m,
    incarnation: [1mnull[22m,
    payloadBytes: [33m1[39m,
    queuedAt: [33m1791069298127[39m
  }
}
[ferryx:switch] {
  runId: [32m'75786da2-88ec-400b-8f63-9a10bd8075df'[39m,
  sequence: [33m68[39m,
  event: [32m'terminal.surface.input.dispatch'[39m,
  wallTimeMs: [33m1791069298127[39m,
  details: {
    operationId: [32m'req-c11edb55-owner-a-9'[39m,
    backendSessionId: [32m'owner-a'[39m,
    paneIdentity: [1mnull[22m,
    bindingKey: [1mnull[22m,
    attemptGeneration: [1mnull[22m,
    daemonEpoch: [1mnull[22m,
    incarnation: [1mnull[22m,
    dispatchedAt: [33m1791069298127[39m
  }
}

stdout | src/components/NativeTerminalPane.lifecycle.test.tsx > NativeTerminalPane compositor ownership lifecycle > does not publish a stale retry receipt after replacement
[ferryx:switch] {
  runId: [32m'75786da2-88ec-400b-8f63-9a10bd8075df'[39m,
  sequence: [33m69[39m,
  event: [32m'terminal.surface.presentation.stale'[39m,
  wallTimeMs: [33m1791069298128[39m,
  details: {
    localSessionId: [90mundefined[39m,
    backendSessionId: [32m'owner-b'[39m,
    paneIdentity: [32m'frontend-owner-b'[39m,
    bindingKey: [32m'owner-b::0:'[39m,
    attemptGeneration: [33m0[39m,
    currentPaneIdentity: [32m'frontend-owner-b'[39m,
    currentBackendSessionId: [32m'owner-b'[39m,
    currentBindingKey: [32m'owner-b::0:'[39m
  }
}
[ferryx:switch] {
  runId: [32m'75786da2-88ec-400b-8f63-9a10bd8075df'[39m,
  sequence: [33m70[39m,
  event: [32m'terminal.surface.presented'[39m,
  wallTimeMs: [33m1791069298128[39m,
  details: {
    localSessionId: [90mundefined[39m,
    backendSessionId: [32m'owner-b'[39m,
    cursorCol: [33m2[39m,
    cursorRow: [33m3[39m,
    cellWidthPx: [33m10[39m,
    cellHeightPx: [33m20[39m
  }
}

stdout | src/components/NativeTerminalPane.lifecycle.test.tsx > NativeTerminalPane compositor ownership lifecycle > does not publish a stale retry error after replacement
[ferryx:switch] {
  runId: [32m'75786da2-88ec-400b-8f63-9a10bd8075df'[39m,
  sequence: [33m71[39m,
  event: [32m'terminal.surface.presentation.stale'[39m,
  wallTimeMs: [33m1791069298129[39m,
  details: {
    localSessionId: [90mundefined[39m,
    backendSessionId: [32m'owner-a'[39m,
    paneIdentity: [32m'frontend-owner-a'[39m,
    bindingKey: [32m'owner-a::0:'[39m,
    attemptGeneration: [33m0[39m,
    currentPaneIdentity: [32m'frontend-owner-a'[39m,
    currentBackendSessionId: [32m'owner-a'[39m,
    currentBindingKey: [32m'owner-a::0:'[39m
  }
}
[ferryx:switch] {
  runId: [32m'75786da2-88ec-400b-8f63-9a10bd8075df'[39m,
  sequence: [33m72[39m,
  event: [32m'terminal.surface.presented'[39m,
  wallTimeMs: [33m1791069298129[39m,
  details: {
    localSessionId: [90mundefined[39m,
    backendSessionId: [32m'owner-a'[39m,
    cursorCol: [33m2[39m,
    cursorRow: [33m3[39m,
    cellWidthPx: [33m10[39m,
    cellHeightPx: [33m20[39m
  }
}

stdout | src/components/NativeTerminalPane.lifecycle.test.tsx > NativeTerminalPane compositor ownership lifecycle > does not publish a stale retry error after replacement
[ferryx:switch] {
  runId: [32m'75786da2-88ec-400b-8f63-9a10bd8075df'[39m,
  sequence: [33m73[39m,
  event: [32m'terminal.surface.input.accepted'[39m,
  wallTimeMs: [33m1791069298130[39m,
  details: {
    operationId: [32m'req-c11edb55-owner-a-10'[39m,
    backendSessionId: [32m'owner-a'[39m,
    paneIdentity: [1mnull[22m,
    bindingKey: [1mnull[22m,
    attemptGeneration: [1mnull[22m,
    daemonEpoch: [1mnull[22m,
    incarnation: [1mnull[22m,
    payloadBytes: [33m1[39m,
    queuedAt: [33m1791069298130[39m
  }
}
[ferryx:switch] {
  runId: [32m'75786da2-88ec-400b-8f63-9a10bd8075df'[39m,
  sequence: [33m74[39m,
  event: [32m'terminal.surface.input.dispatch'[39m,
  wallTimeMs: [33m1791069298130[39m,
  details: {
    operationId: [32m'req-c11edb55-owner-a-10'[39m,
    backendSessionId: [32m'owner-a'[39m,
    paneIdentity: [1mnull[22m,
    bindingKey: [1mnull[22m,
    attemptGeneration: [1mnull[22m,
    daemonEpoch: [1mnull[22m,
    incarnation: [1mnull[22m,
    dispatchedAt: [33m1791069298130[39m
  }
}

stdout | src/components/NativeTerminalPane.lifecycle.test.tsx > NativeTerminalPane compositor ownership lifecycle > does not publish a stale retry error after replacement
[ferryx:switch] {
  runId: [32m'75786da2-88ec-400b-8f63-9a10bd8075df'[39m,
  sequence: [33m75[39m,
  event: [32m'terminal.surface.input.error.recovering'[39m,
  wallTimeMs: [33m1791069298130[39m,
  details: { backendSessionId: [32m'owner-a'[39m, error: [32m'[object Object]'[39m }
}

stdout | src/components/NativeTerminalPane.lifecycle.test.tsx > NativeTerminalPane compositor ownership lifecycle > does not publish a stale retry error after replacement
[ferryx:switch] {
  runId: [32m'75786da2-88ec-400b-8f63-9a10bd8075df'[39m,
  sequence: [33m76[39m,
  event: [32m'terminal.surface.input.accepted'[39m,
  wallTimeMs: [33m1791069298130[39m,
  details: {
    operationId: [32m'req-c11edb55-owner-a-11'[39m,
    backendSessionId: [32m'owner-a'[39m,
    paneIdentity: [1mnull[22m,
    bindingKey: [1mnull[22m,
    attemptGeneration: [1mnull[22m,
    daemonEpoch: [1mnull[22m,
    incarnation: [1mnull[22m,
    payloadBytes: [33m1[39m,
    queuedAt: [33m1791069298130[39m
  }
}
[ferryx:switch] {
  runId: [32m'75786da2-88ec-400b-8f63-9a10bd8075df'[39m,
  sequence: [33m77[39m,
  event: [32m'terminal.surface.input.dispatch'[39m,
  wallTimeMs: [33m1791069298130[39m,
  details: {
    operationId: [32m'req-c11edb55-owner-a-11'[39m,
    backendSessionId: [32m'owner-a'[39m,
    paneIdentity: [1mnull[22m,
    bindingKey: [1mnull[22m,
    attemptGeneration: [1mnull[22m,
    daemonEpoch: [1mnull[22m,
    incarnation: [1mnull[22m,
    dispatchedAt: [33m1791069298130[39m
  }
}

stdout | src/components/NativeTerminalPane.lifecycle.test.tsx > NativeTerminalPane compositor ownership lifecycle > does not publish a stale retry error after replacement
[ferryx:switch] {
  runId: [32m'75786da2-88ec-400b-8f63-9a10bd8075df'[39m,
  sequence: [33m78[39m,
  event: [32m'terminal.surface.presentation.stale'[39m,
  wallTimeMs: [33m1791069298130[39m,
  details: {
    localSessionId: [90mundefined[39m,
    backendSessionId: [32m'owner-b'[39m,
    paneIdentity: [32m'frontend-owner-b'[39m,
    bindingKey: [32m'owner-b::0:'[39m,
    attemptGeneration: [33m0[39m,
    currentPaneIdentity: [32m'frontend-owner-b'[39m,
    currentBackendSessionId: [32m'owner-b'[39m,
    currentBindingKey: [32m'owner-b::0:'[39m
  }
}
[ferryx:switch] {
  runId: [32m'75786da2-88ec-400b-8f63-9a10bd8075df'[39m,
  sequence: [33m79[39m,
  event: [32m'terminal.surface.presented'[39m,
  wallTimeMs: [33m1791069298130[39m,
  details: {
    localSessionId: [90mundefined[39m,
    backendSessionId: [32m'owner-b'[39m,
    cursorCol: [33m2[39m,
    cursorRow: [33m3[39m,
    cellWidthPx: [33m10[39m,
    cellHeightPx: [33m20[39m
  }
}

stdout | src/components/NativeTerminalPane.lifecycle.test.tsx > NativeTerminalPane compositor ownership lifecycle > shares one recovery for concurrent inputs from a live owner
[ferryx:switch] {
  runId: [32m'75786da2-88ec-400b-8f63-9a10bd8075df'[39m,
  sequence: [33m80[39m,
  event: [32m'terminal.surface.presentation.stale'[39m,
  wallTimeMs: [33m1791069298132[39m,
  details: {
    localSessionId: [90mundefined[39m,
    backendSessionId: [32m'owner-a'[39m,
    paneIdentity: [32m'frontend-owner-a'[39m,
    bindingKey: [32m'owner-a::0:'[39m,
    attemptGeneration: [33m0[39m,
    currentPaneIdentity: [32m'frontend-owner-a'[39m,
    currentBackendSessionId: [32m'owner-a'[39m,
    currentBindingKey: [32m'owner-a::0:'[39m
  }
}
[ferryx:switch] {
  runId: [32m'75786da2-88ec-400b-8f63-9a10bd8075df'[39m,
  sequence: [33m81[39m,
  event: [32m'terminal.surface.presented'[39m,
  wallTimeMs: [33m1791069298132[39m,
  details: {
    localSessionId: [90mundefined[39m,
    backendSessionId: [32m'owner-a'[39m,
    cursorCol: [33m2[39m,
    cursorRow: [33m3[39m,
    cellWidthPx: [33m10[39m,
    cellHeightPx: [33m20[39m
  }
}

stdout | src/components/NativeTerminalPane.lifecycle.test.tsx > NativeTerminalPane compositor ownership lifecycle > shares one recovery for concurrent inputs from a live owner
[ferryx:switch] {
  runId: [32m'75786da2-88ec-400b-8f63-9a10bd8075df'[39m,
  sequence: [33m82[39m,
  event: [32m'terminal.surface.input.accepted'[39m,
  wallTimeMs: [33m1791069298132[39m,
  details: {
    operationId: [32m'req-c11edb55-owner-a-12'[39m,
    backendSessionId: [32m'owner-a'[39m,
    paneIdentity: [1mnull[22m,
    bindingKey: [1mnull[22m,
    attemptGeneration: [1mnull[22m,
    daemonEpoch: [1mnull[22m,
    incarnation: [1mnull[22m,
    payloadBytes: [33m1[39m,
    queuedAt: [33m1791069298132[39m
  }
}
[ferryx:switch] {
  runId: [32m'75786da2-88ec-400b-8f63-9a10bd8075df'[39m,
  sequence: [33m83[39m,
  event: [32m'terminal.surface.input.dispatch'[39m,
  wallTimeMs: [33m1791069298133[39m,
  details: {
    operationId: [32m'req-c11edb55-owner-a-12'[39m,
    backendSessionId: [32m'owner-a'[39m,
    paneIdentity: [1mnull[22m,
    bindingKey: [1mnull[22m,
    attemptGeneration: [1mnull[22m,
    daemonEpoch: [1mnull[22m,
    incarnation: [1mnull[22m,
    dispatchedAt: [33m1791069298133[39m
  }
}

stdout | src/components/NativeTerminalPane.lifecycle.test.tsx > NativeTerminalPane compositor ownership lifecycle > shares one recovery for concurrent inputs from a live owner
[ferryx:switch] {
  runId: [32m'75786da2-88ec-400b-8f63-9a10bd8075df'[39m,
  sequence: [33m84[39m,
  event: [32m'terminal.surface.input.accepted'[39m,
  wallTimeMs: [33m1791069298133[39m,
  details: {
    operationId: [32m'req-c11edb55-owner-a-13'[39m,
    backendSessionId: [32m'owner-a'[39m,
    paneIdentity: [1mnull[22m,
    bindingKey: [1mnull[22m,
    attemptGeneration: [1mnull[22m,
    daemonEpoch: [1mnull[22m,
    incarnation: [1mnull[22m,
    payloadBytes: [33m1[39m,
    queuedAt: [33m1791069298133[39m
  }
}

stdout | src/components/NativeTerminalPane.lifecycle.test.tsx > NativeTerminalPane compositor ownership lifecycle > shares one recovery for concurrent inputs from a live owner
[ferryx:switch] {
  runId: [32m'75786da2-88ec-400b-8f63-9a10bd8075df'[39m,
  sequence: [33m85[39m,
  event: [32m'terminal.surface.input.dispatch'[39m,
  wallTimeMs: [33m1791069298133[39m,
  details: {
    operationId: [32m'req-c11edb55-owner-a-13'[39m,
    backendSessionId: [32m'owner-a'[39m,
    paneIdentity: [1mnull[22m,
    bindingKey: [1mnull[22m,
    attemptGeneration: [1mnull[22m,
    daemonEpoch: [1mnull[22m,
    incarnation: [1mnull[22m,
    dispatchedAt: [33m1791069298133[39m
  }
}
[ferryx:switch] {
  runId: [32m'75786da2-88ec-400b-8f63-9a10bd8075df'[39m,
  sequence: [33m86[39m,
  event: [32m'terminal.surface.input.error.recovering'[39m,
  wallTimeMs: [33m1791069298133[39m,
  details: { backendSessionId: [32m'owner-a'[39m, error: [32m'[object Object]'[39m }
}

stdout | src/components/NativeTerminalPane.lifecycle.test.tsx > NativeTerminalPane compositor ownership lifecycle > shares one recovery for concurrent inputs from a live owner
[ferryx:switch] {
  runId: [32m'75786da2-88ec-400b-8f63-9a10bd8075df'[39m,
  sequence: [33m87[39m,
  event: [32m'terminal.surface.input.error.recovering'[39m,
  wallTimeMs: [33m1791069298133[39m,
  details: { backendSessionId: [32m'owner-a'[39m, error: [32m'[object Object]'[39m }
}

stdout | src/components/NativeTerminalPane.lifecycle.test.tsx > NativeTerminalPane compositor ownership lifecycle > shares one recovery for concurrent inputs from a live owner
[ferryx:switch] {
  runId: [32m'75786da2-88ec-400b-8f63-9a10bd8075df'[39m,
  sequence: [33m88[39m,
  event: [32m'terminal.surface.input.accepted'[39m,
  wallTimeMs: [33m1791069298133[39m,
  details: {
    operationId: [32m'req-c11edb55-owner-a-14'[39m,
    backendSessionId: [32m'owner-a'[39m,
    paneIdentity: [1mnull[22m,
    bindingKey: [1mnull[22m,
    attemptGeneration: [1mnull[22m,
    daemonEpoch: [1mnull[22m,
    incarnation: [1mnull[22m,
    payloadBytes: [33m1[39m,
    queuedAt: [33m1791069298133[39m
  }
}
[ferryx:switch] {
  runId: [32m'75786da2-88ec-400b-8f63-9a10bd8075df'[39m,
  sequence: [33m89[39m,
  event: [32m'terminal.surface.input.dispatch'[39m,
  wallTimeMs: [33m1791069298133[39m,
  details: {
    operationId: [32m'req-c11edb55-owner-a-14'[39m,
    backendSessionId: [32m'owner-a'[39m,
    paneIdentity: [1mnull[22m,
    bindingKey: [1mnull[22m,
    attemptGeneration: [1mnull[22m,
    daemonEpoch: [1mnull[22m,
    incarnation: [1mnull[22m,
    dispatchedAt: [33m1791069298133[39m
  }
}
[ferryx:switch] {
  runId: [32m'75786da2-88ec-400b-8f63-9a10bd8075df'[39m,
  sequence: [33m90[39m,
  event: [32m'terminal.surface.input.accepted'[39m,
  wallTimeMs: [33m1791069298133[39m,
  details: {
    operationId: [32m'req-c11edb55-owner-a-15'[39m,
    backendSessionId: [32m'owner-a'[39m,
    paneIdentity: [1mnull[22m,
    bindingKey: [1mnull[22m,
    attemptGeneration: [1mnull[22m,
    daemonEpoch: [1mnull[22m,
    incarnation: [1mnull[22m,
    payloadBytes: [33m1[39m,
    queuedAt: [33m1791069298133[39m
  }
}

stdout | src/components/NativeTerminalPane.lifecycle.test.tsx > NativeTerminalPane compositor ownership lifecycle > shares one recovery for concurrent inputs from a live owner
[ferryx:switch] {
  runId: [32m'75786da2-88ec-400b-8f63-9a10bd8075df'[39m,
  sequence: [33m91[39m,
  event: [32m'terminal.surface.input.dispatch'[39m,
  wallTimeMs: [33m1791069298133[39m,
  details: {
    operationId: [32m'req-c11edb55-owner-a-15'[39m,
    backendSessionId: [32m'owner-a'[39m,
    paneIdentity: [1mnull[22m,
    bindingKey: [1mnull[22m,
    attemptGeneration: [1mnull[22m,
    daemonEpoch: [1mnull[22m,
    incarnation: [1mnull[22m,
    dispatchedAt: [33m1791069298133[39m
  }
}
[ferryx:switch] {
  runId: [32m'75786da2-88ec-400b-8f63-9a10bd8075df'[39m,
  sequence: [33m92[39m,
  event: [32m'terminal.surface.input.sent'[39m,
  wallTimeMs: [33m1791069298133[39m,
  details: { backendSessionId: [32m'owner-a'[39m, hasKeyEvent: [33mfalse[39m, textLength: [33m1[39m }
}

stdout | src/components/NativeTerminalPane.lifecycle.test.tsx > NativeTerminalPane compositor ownership lifecycle > shares one recovery for concurrent inputs from a live owner
[ferryx:switch] {
  runId: [32m'75786da2-88ec-400b-8f63-9a10bd8075df'[39m,
  sequence: [33m93[39m,
  event: [32m'terminal.surface.input.sent'[39m,
  wallTimeMs: [33m1791069298133[39m,
  details: { backendSessionId: [32m'owner-a'[39m, hasKeyEvent: [33mfalse[39m, textLength: [33m1[39m }
}

stdout | src/components/NativeTerminalPane.lifecycle.test.tsx > NativeTerminalPane compositor ownership lifecycle > does not replay Ctrl+C when delivery is ambiguous: {}
[ferryx:switch] {
  runId: [32m'75786da2-88ec-400b-8f63-9a10bd8075df'[39m,
  sequence: [33m94[39m,
  event: [32m'terminal.surface.presentation.stale'[39m,
  wallTimeMs: [33m1791069298134[39m,
  details: {
    localSessionId: [90mundefined[39m,
    backendSessionId: [32m'accepted-input'[39m,
    paneIdentity: [32m'frontend-accepted-input'[39m,
    bindingKey: [32m'accepted-input::0:'[39m,
    attemptGeneration: [33m0[39m,
    currentPaneIdentity: [32m'frontend-accepted-input'[39m,
    currentBackendSessionId: [32m'accepted-input'[39m,
    currentBindingKey: [32m'accepted-input::0:'[39m
  }
}
[ferryx:switch] {
  runId: [32m'75786da2-88ec-400b-8f63-9a10bd8075df'[39m,
  sequence: [33m95[39m,
  event: [32m'terminal.surface.presented'[39m,
  wallTimeMs: [33m1791069298134[39m,
  details: {
    localSessionId: [90mundefined[39m,
    backendSessionId: [32m'accepted-input'[39m,
    cursorCol: [33m2[39m,
    cursorRow: [33m3[39m,
    cellWidthPx: [33m10[39m,
    cellHeightPx: [33m20[39m
  }
}

stdout | src/components/NativeTerminalPane.lifecycle.test.tsx > NativeTerminalPane compositor ownership lifecycle > does not replay Ctrl+C when delivery is ambiguous: {}
[ferryx:switch] {
  runId: [32m'75786da2-88ec-400b-8f63-9a10bd8075df'[39m,
  sequence: [33m96[39m,
  event: [32m'terminal.surface.input.accepted'[39m,
  wallTimeMs: [33m1791069298136[39m,
  details: {
    operationId: [32m'req-c11edb55-accepted-input-16'[39m,
    backendSessionId: [32m'accepted-input'[39m,
    paneIdentity: [1mnull[22m,
    bindingKey: [1mnull[22m,
    attemptGeneration: [1mnull[22m,
    daemonEpoch: [1mnull[22m,
    incarnation: [1mnull[22m,
    payloadBytes: [33m32[39m,
    queuedAt: [33m1791069298136[39m
  }
}
[ferryx:switch] {
  runId: [32m'75786da2-88ec-400b-8f63-9a10bd8075df'[39m,
  sequence: [33m97[39m,
  event: [32m'terminal.surface.input.dispatch'[39m,
  wallTimeMs: [33m1791069298136[39m,
  details: {
    operationId: [32m'req-c11edb55-accepted-input-16'[39m,
    backendSessionId: [32m'accepted-input'[39m,
    paneIdentity: [1mnull[22m,
    bindingKey: [1mnull[22m,
    attemptGeneration: [1mnull[22m,
    daemonEpoch: [1mnull[22m,
    incarnation: [1mnull[22m,
    dispatchedAt: [33m1791069298136[39m
  }
}

stderr | src/components/NativeTerminalPane.lifecycle.test.tsx > NativeTerminalPane compositor ownership lifecycle > does not replay Ctrl+C when delivery is ambiguous: {}
Native terminal IPC command failed {
  command: [32m'cmd_native_terminal_send_input'[39m,
  error: Error: Input receipt failed after delivery
      at [90m/Users/I552267/ferryx-pane-completion/source-5464da0d/ui/[39msrc/components/NativeTerminalPane.lifecycle.test.tsx:616:5
      at [90mfile:///Users/I552267/ferryx-pane-completion/source-5464da0d/ui/[39mnode_modules/[4m@vitest/runner[24m/dist/chunk-hooks.js:734:40
      at runWithSuite [90m(file:///Users/I552267/ferryx-pane-completion/source-5464da0d/ui/[39mnode_modules/[4m@vitest/runner[24m/dist/chunk-hooks.js:1849:8[90m)[39m
      at Object.collect [90m(file:///Users/I552267/ferryx-pane-completion/source-5464da0d/ui/[39mnode_modules/[4m@vitest/runner[24m/dist/chunk-hooks.js:734:10[90m)[39m
      at Object.collect [90m(file:///Users/I552267/ferryx-pane-completion/source-5464da0d/ui/[39mnode_modules/[4m@vitest/runner[24m/dist/chunk-hooks.js:738:54[90m)[39m
  [90m    at processTicksAndRejections (node:internal/process/task_queues:103:5)[39m
      at collectTests [90m(file:///Users/I552267/ferryx-pane-completion/source-5464da0d/ui/[39mnode_modules/[4m@vitest/runner[24m/dist/chunk-hooks.js:1179:25[90m)[39m
      at startTests [90m(file:///Users/I552267/ferryx-pane-completion/source-5464da0d/ui/[39mnode_modules/[4m@vitest/runner[24m/dist/chunk-hooks.js:1817:17[90m)[39m
      at [90mfile:///Users/I552267/ferryx-pane-completion/source-5464da0d/ui/[39mnode_modules/[4mvitest[24m/dist/chunks/runBaseTests.9Ij9_de-.js:117:26
      at withEnv [90m(file:///Users/I552267/ferryx-pane-completion/source-5464da0d/ui/[39mnode_modules/[4mvitest[24m/dist/chunks/runBaseTests.9Ij9_de-.js:84:3[90m)[39m
}

stdout | src/components/NativeTerminalPane.lifecycle.test.tsx > NativeTerminalPane compositor ownership lifecycle > does not replay Ctrl+C when delivery is ambiguous: {}
[ferryx:switch] {
  runId: [32m'75786da2-88ec-400b-8f63-9a10bd8075df'[39m,
  sequence: [33m98[39m,
  event: [32m'terminal.surface.input.failed'[39m,
  wallTimeMs: [33m1791069298136[39m,
  details: {
    backendSessionId: [32m'accepted-input'[39m,
    error: [32m'Error: Input receipt failed after delivery'[39m
  }
}

stdout | src/components/NativeTerminalPane.lifecycle.test.tsx > NativeTerminalPane compositor ownership lifecycle > does not replay Ctrl+C when delivery is ambiguous: {"code":"INTERNAL_ERROR","message":"Receipt unavailable"}
[ferryx:switch] {
  runId: [32m'75786da2-88ec-400b-8f63-9a10bd8075df'[39m,
  sequence: [33m99[39m,
  event: [32m'terminal.surface.presentation.stale'[39m,
  wallTimeMs: [33m1791069298141[39m,
  details: {
    localSessionId: [90mundefined[39m,
    backendSessionId: [32m'accepted-input'[39m,
    paneIdentity: [32m'frontend-accepted-input'[39m,
    bindingKey: [32m'accepted-input::0:'[39m,
    attemptGeneration: [33m0[39m,
    currentPaneIdentity: [32m'frontend-accepted-input'[39m,
    currentBackendSessionId: [32m'accepted-input'[39m,
    currentBindingKey: [32m'accepted-input::0:'[39m
  }
}
[ferryx:switch] {
  runId: [32m'75786da2-88ec-400b-8f63-9a10bd8075df'[39m,
  sequence: [33m100[39m,
  event: [32m'terminal.surface.presented'[39m,
  wallTimeMs: [33m1791069298141[39m,
  details: {
    localSessionId: [90mundefined[39m,
    backendSessionId: [32m'accepted-input'[39m,
    cursorCol: [33m2[39m,
    cursorRow: [33m3[39m,
    cellWidthPx: [33m10[39m,
    cellHeightPx: [33m20[39m
  }
}

stdout | src/components/NativeTerminalPane.lifecycle.test.tsx > NativeTerminalPane compositor ownership lifecycle > does not replay Ctrl+C when delivery is ambiguous: {"code":"INTERNAL_ERROR","message":"Receipt unavailable"}
[ferryx:switch] {
  runId: [32m'75786da2-88ec-400b-8f63-9a10bd8075df'[39m,
  sequence: [33m101[39m,
  event: [32m'terminal.surface.input.accepted'[39m,
  wallTimeMs: [33m1791069298142[39m,
  details: {
    operationId: [32m'req-c11edb55-accepted-input-17'[39m,
    backendSessionId: [32m'accepted-input'[39m,
    paneIdentity: [1mnull[22m,
    bindingKey: [1mnull[22m,
    attemptGeneration: [1mnull[22m,
    daemonEpoch: [1mnull[22m,
    incarnation: [1mnull[22m,
    payloadBytes: [33m32[39m,
    queuedAt: [33m1791069298142[39m
  }
}
[ferryx:switch] {
  runId: [32m'75786da2-88ec-400b-8f63-9a10bd8075df'[39m,
  sequence: [33m102[39m,
  event: [32m'terminal.surface.input.dispatch'[39m,
  wallTimeMs: [33m1791069298142[39m,
  details: {
    operationId: [32m'req-c11edb55-accepted-input-17'[39m,
    backendSessionId: [32m'accepted-input'[39m,
    paneIdentity: [1mnull[22m,
    bindingKey: [1mnull[22m,
    attemptGeneration: [1mnull[22m,
    daemonEpoch: [1mnull[22m,
    incarnation: [1mnull[22m,
    dispatchedAt: [33m1791069298142[39m
  }
}

stderr | src/components/NativeTerminalPane.lifecycle.test.tsx > NativeTerminalPane compositor ownership lifecycle > does not replay Ctrl+C when delivery is ambiguous: {"code":"INTERNAL_ERROR","message":"Receipt unavailable"}
Native terminal IPC command failed {
  command: [32m'cmd_native_terminal_send_input'[39m,
  error: { code: [32m'INTERNAL_ERROR'[39m, message: [32m'Receipt unavailable'[39m }
}

stdout | src/components/NativeTerminalPane.lifecycle.test.tsx > NativeTerminalPane compositor ownership lifecycle > does not replay Ctrl+C when delivery is ambiguous: {"code":"INTERNAL_ERROR","message":"Receipt unavailable"}
[ferryx:switch] {
  runId: [32m'75786da2-88ec-400b-8f63-9a10bd8075df'[39m,
  sequence: [33m103[39m,
  event: [32m'terminal.surface.input.failed'[39m,
  wallTimeMs: [33m1791069298142[39m,
  details: { backendSessionId: [32m'accepted-input'[39m, error: [32m'[object Object]'[39m }
}

stdout | src/components/NativeTerminalPane.lifecycle.test.tsx > NativeTerminalPane compositor ownership lifecycle > does not replay Ctrl+C when delivery is ambiguous: {"code":"PTY_IO_ERROR","message":"Write acknowledgement unavailable","details":{"inputWritten":true}}
[ferryx:switch] {
  runId: [32m'75786da2-88ec-400b-8f63-9a10bd8075df'[39m,
  sequence: [33m104[39m,
  event: [32m'terminal.surface.presentation.stale'[39m,
  wallTimeMs: [33m1791069298145[39m,
  details: {
    localSessionId: [90mundefined[39m,
    backendSessionId: [32m'accepted-input'[39m,
    paneIdentity: [32m'frontend-accepted-input'[39m,
    bindingKey: [32m'accepted-input::0:'[39m,
    attemptGeneration: [33m0[39m,
    currentPaneIdentity: [32m'frontend-accepted-input'[39m,
    currentBackendSessionId: [32m'accepted-input'[39m,
    currentBindingKey: [32m'accepted-input::0:'[39m
  }
}
[ferryx:switch] {
  runId: [32m'75786da2-88ec-400b-8f63-9a10bd8075df'[39m,
  sequence: [33m105[39m,
  event: [32m'terminal.surface.presented'[39m,
  wallTimeMs: [33m1791069298145[39m,
  details: {
    localSessionId: [90mundefined[39m,
    backendSessionId: [32m'accepted-input'[39m,
    cursorCol: [33m2[39m,
    cursorRow: [33m3[39m,
    cellWidthPx: [33m10[39m,
    cellHeightPx: [33m20[39m
  }
}

stdout | src/components/NativeTerminalPane.lifecycle.test.tsx > NativeTerminalPane compositor ownership lifecycle > does not replay Ctrl+C when delivery is ambiguous: {"code":"PTY_IO_ERROR","message":"Write acknowledgement unavailable","details":{"inputWritten":true}}
[ferryx:switch] {
  runId: [32m'75786da2-88ec-400b-8f63-9a10bd8075df'[39m,
  sequence: [33m106[39m,
  event: [32m'terminal.surface.input.accepted'[39m,
  wallTimeMs: [33m1791069298146[39m,
  details: {
    operationId: [32m'req-c11edb55-accepted-input-18'[39m,
    backendSessionId: [32m'accepted-input'[39m,
    paneIdentity: [1mnull[22m,
    bindingKey: [1mnull[22m,
    attemptGeneration: [1mnull[22m,
    daemonEpoch: [1mnull[22m,
    incarnation: [1mnull[22m,
    payloadBytes: [33m32[39m,
    queuedAt: [33m1791069298146[39m
  }
}
[ferryx:switch] {
  runId: [32m'75786da2-88ec-400b-8f63-9a10bd8075df'[39m,
  sequence: [33m107[39m,
  event: [32m'terminal.surface.input.dispatch'[39m,
  wallTimeMs: [33m1791069298146[39m,
  details: {
    operationId: [32m'req-c11edb55-accepted-input-18'[39m,
    backendSessionId: [32m'accepted-input'[39m,
    paneIdentity: [1mnull[22m,
    bindingKey: [1mnull[22m,
    attemptGeneration: [1mnull[22m,
    daemonEpoch: [1mnull[22m,
    incarnation: [1mnull[22m,
    dispatchedAt: [33m1791069298146[39m
  }
}

stdout | src/components/NativeTerminalPane.lifecycle.test.tsx > NativeTerminalPane compositor ownership lifecycle > retains the outgoing pane until a dropped frame is retried and presented
[ferryx:switch] {
  runId: [32m'75786da2-88ec-400b-8f63-9a10bd8075df'[39m,
  sequence: [33m108[39m,
  event: [32m'terminal.surface.presentation.stale'[39m,
  wallTimeMs: [33m1791069298147[39m,
  details: {
    localSessionId: [90mundefined[39m,
    backendSessionId: [32m'frame-outgoing'[39m,
    paneIdentity: [32m'frontend-frame-outgoing'[39m,
    bindingKey: [32m'frame-outgoing::0:'[39m,
    attemptGeneration: [33m0[39m,
    currentPaneIdentity: [32m'frontend-frame-outgoing'[39m,
    currentBackendSessionId: [32m'frame-outgoing'[39m,
    currentBindingKey: [32m'frame-outgoing::0:'[39m
  }
}
[ferryx:switch] {
  runId: [32m'75786da2-88ec-400b-8f63-9a10bd8075df'[39m,
  sequence: [33m109[39m,
  event: [32m'terminal.surface.presented'[39m,
  wallTimeMs: [33m1791069298147[39m,
  details: {
    localSessionId: [90mundefined[39m,
    backendSessionId: [32m'frame-outgoing'[39m,
    cursorCol: [33m0[39m,
    cursorRow: [33m0[39m,
    cellWidthPx: [33m10[39m,
    cellHeightPx: [33m20[39m
  }
}

stdout | src/components/NativeTerminalPane.lifecycle.test.tsx > NativeTerminalPane compositor ownership lifecycle > retains the outgoing pane until a dropped frame is retried and presented
[ferryx:switch] {
  runId: [32m'75786da2-88ec-400b-8f63-9a10bd8075df'[39m,
  sequence: [33m110[39m,
  event: [32m'terminal.surface.presentation.stale'[39m,
  wallTimeMs: [33m1791069298148[39m,
  details: {
    localSessionId: [90mundefined[39m,
    backendSessionId: [32m'frame-incoming'[39m,
    paneIdentity: [32m'frontend-frame-incoming'[39m,
    bindingKey: [32m'frame-incoming::0:'[39m,
    attemptGeneration: [33m0[39m,
    currentPaneIdentity: [32m'frontend-frame-incoming'[39m,
    currentBackendSessionId: [32m'frame-incoming'[39m,
    currentBindingKey: [32m'frame-incoming::0:'[39m
  }
}
[ferryx:switch] {
  runId: [32m'75786da2-88ec-400b-8f63-9a10bd8075df'[39m,
  sequence: [33m111[39m,
  event: [32m'terminal.surface.presented'[39m,
  wallTimeMs: [33m1791069298148[39m,
  details: {
    localSessionId: [90mundefined[39m,
    backendSessionId: [32m'frame-incoming'[39m,
    cursorCol: [33m0[39m,
    cursorRow: [33m0[39m,
    cellWidthPx: [33m10[39m,
    cellHeightPx: [33m20[39m
  }
}

 ✓ src/components/NativeTerminalPane.lifecycle.test.tsx (36 tests) 1149ms
 ✓ src/components/settings/RemoteSection.test.tsx (27 tests) 576ms
 ✓ src/components/TerminalSplitView.test.tsx (34 tests) 311ms
 ✓ src/components/settings/SshSection.test.tsx (31 tests) 590ms
 ✓ src/remote/browserProtocol.test.ts (59 tests) 12ms
 ✓ src/remote/RemoteBrowser.mobile.test.tsx (13 tests) 545ms
 ✓ src/remote/accountSession.test.ts (27 tests) 18ms
 ✓ src/components/Sidebar.test.tsx (39 tests) 591ms
stderr | src/remote/RemoteAppWorktreeRestore.test.tsx > RemoteApp Account Worktree Follow-ups: Sign-out and Worktree Reload Restore > Item A: explicit Sign out in the host drawer calls logoutAccountSession and clears storage even if network fetch rejects
Account session logout request failed NetworkError when attempting to fetch resource.

 ✓ src/remote/RemoteAppWorktreeRestore.test.tsx (15 tests) 383ms
stderr | src/remote/RemoteApp.accountSession.test.tsx > RemoteApp - Account Session Phone Flow > renders top context selector with empty initial body after login, then opens terminal pane on selecting worktree
Cannot connect terminal: daemonEpoch is missing for session term-sess-77

stderr | src/remote/RemoteApp.accountSession.test.tsx > RemoteApp - Account Session Phone Flow > does not prematurely mount old terminal when chosen target is wsB while host state remains wsA
Cannot connect terminal: daemonEpoch is missing for session sess-new-wsB

stderr | src/remote/RemoteApp.accountSession.test.tsx > RemoteApp - Account Session Phone Flow > does not prematurely mount old terminal when chosen target is wsB while host state remains wsA
Cannot connect terminal: daemonEpoch is missing for session sess-new-wsB

stderr | src/remote/RemoteApp.accountSession.test.tsx > RemoteApp - Account Session Phone Flow > confirms the selection when the desktop event lands while the post-select state read is in flight
Cannot connect terminal: daemonEpoch is missing for session sess-new-wsB

 ✓ src/remote/RemoteApp.accountSession.test.tsx (5 tests) 194ms
stderr | src/state/workspaceRestore.test.tsx > workspaceRestore coordinator > preloads mixed local and paired layouts while the local daemon is unavailable
Remote restore deferred daemon reconciliation: Error: offline
    at [90m/Users/I552267/ferryx-pane-completion/source-5464da0d/ui/[39msrc/state/workspaceRestore.test.tsx:92:101
    at Module.preloadWorkspaceSnapshots [90m(/Users/I552267/ferryx-pane-completion/source-5464da0d/ui/[39msrc/state/workspaceRestore.ts:172:32[90m)[39m
[90m    at processTicksAndRejections (node:internal/process/task_queues:103:5)[39m
    at [90m/Users/I552267/ferryx-pane-completion/source-5464da0d/ui/[39msrc/state/workspaceRestore.test.tsx:92:5
    at [90mfile:///Users/I552267/ferryx-pane-completion/source-5464da0d/ui/[39mnode_modules/[4m@vitest/runner[24m/dist/chunk-hooks.js:752:20

 ❯ src/state/workspaceRestore.test.tsx (20 tests | 3 failed) 41ms
   ✓ workspaceRestore coordinator > preloads mixed local and paired layouts while the local daemon is unavailable 8ms
   ✓ workspaceRestore coordinator > preserves newer HMR state and does not restore stale preloaded snapshot when recoveredFromHmr is true 6ms
   ✓ workspaceRestore coordinator > preloads every persisted workspace snapshot before project switching 3ms
   ✓ workspaceRestore coordinator > exposes preloaded tabs on the first render of a project switch 4ms
   ✓ workspaceRestore coordinator > transitions from idle -> loading -> restored on successful disk restore 2ms
   ✓ workspaceRestore coordinator > does not start restore when enabled is false, and runs restore when enabled becomes true 1ms
   ✓ workspaceRestore coordinator > safely cancels in-flight restore on StrictMode unmount and allows second mount to complete 2ms
   ✓ workspaceRestore coordinator > marks workspace as restored immediately on HMR recovery without disk read when no HMR state is registered 1ms
   × workspaceRestore coordinator > reconciles stale session to null backendId on HMR recovery when live daemon session list is empty 6ms
     → expected { id: 'sess-stale', …(17) } to match object { id: 'sess-stale', …(2) }
(15 matching properties omitted from actual)
   ✓ workspaceRestore coordinator > preserves live backendId on HMR recovery when daemon session remains live 1ms
   ✓ workspaceRestore coordinator > restores again after the workspace was switched away and back 1ms
   ✓ workspaceRestore coordinator > isolates restore status per workspace 0ms
   ✓ workspaceRestore coordinator > transitions to failed status if loadSession throws an unhandled error 1ms
   ✓ workspaceRestore coordinator > propagates daemon list failure instead of treating it as an empty live-session set 0ms
   ✓ workspaceRestore coordinator > restores SSH pane identity while the daemon list is temporarily unavailable 1ms
   ✓ workspaceRestore coordinator > keeps persisted backend mappings untouched and fails restore when daemon listing fails 0ms
   ✓ workspaceRestore coordinator > reconciles sessions with daemon epoch and backend ID matching from live session query 0ms
   × workspaceRestore coordinator > marks session as exited without auto-respawn when daemon epoch has changed 1ms
     → expected { id: 'sess-1', …(17) } to match object { id: 'sess-1', …(4) }
(13 matching properties omitted from actual)
   ✓ workspaceRestore coordinator > preserves live backend session identity, agent metadata, and tab ownership without calling spawnTerminal 1ms
   × workspaceRestore coordinator > under Active Only policy, puts non-active tab missing sessions into standby while leaving active tab session eager 1ms
     → expected 'backend-1' to be null
 ✓ src/components/SettingsDialog.test.tsx (28 tests) 1796ms
 ✓ src/remote/attachTunnel.test.ts (13 tests) 211ms
 ✓ src/lib/notificationCoordinator.test.ts (51 tests) 13ms
 ✓ src/lib/shortcuts.test.tsx (84 tests) 187ms
 ❯ src/lib/tauri.test.ts (41 tests | 3 failed) 18ms
   ✓ describeRejection > serializes structured rejection objects as JSON 1ms
   ✓ describeRejection > formats Error rejections as name and message 0ms
   ✓ describeRejection > falls back to String for circular and undefined reasons 0ms
   ✓ Tauri IPC wrapper contract > routes remote status, retry and generation-fenced control without remapping arguments 1ms
   ✓ Tauri IPC wrapper contract > gets the native initial project without a request 0ms
   ✓ Tauri IPC wrapper contract > registers projects and lists real local branches through typed native DTOs 0ms
   ✓ Tauri IPC wrapper contract > fetches the native effective Ghostty terminal preferences 0ms
   × Tauri IPC wrapper contract > spawns terminals with caller-stable clientRequestId, workspace/worktree identity, and an optional cwd slot 6ms
     → expected "spy" to be called with arguments: [ 'cmd_terminal_spawn', …(1) ][90m

Received: 

[1m  1st spy call:

[22m[33m@@ -1,12 +1,15 @@[90m
[2m  [[22m
[2m    "cmd_terminal_spawn",[22m
[2m    {[22m
[2m      "request": {[22m
[2m        "clientRequestId": "spawn-logical-action-1",[22m
[31m+       "createOnly": null,[90m
[2m        "cwd": null,[22m
[2m        "inheritFromSessionId": null,[22m
[31m+       "preparedLocalSplit": null,[90m
[31m+       "remainingMs": null,[90m
[2m        "shell": null,[22m
[2m        "startup": null,[22m
[2m        "workspaceId": "workspace-main",[22m
[2m        "worktree": {[22m
[2m          "slug": "main",[22m
[39m[90m

Number of calls: [1m1[22m
[39m
   × Tauri IPC wrapper contract > spawns terminals with custom shell override 1ms
     → expected "spy" to be called with arguments: [ 'cmd_terminal_spawn', …(1) ][90m

Received: 

[1m  1st spy call:

[22m[33m@@ -1,12 +1,15 @@[90m
[2m  [[22m
[2m    "cmd_terminal_spawn",[22m
[2m    {[22m
[2m      "request": {[22m
[2m        "clientRequestId": null,[22m
[31m+       "createOnly": null,[90m
[2m        "cwd": null,[22m
[2m        "inheritFromSessionId": null,[22m
[31m+       "preparedLocalSplit": null,[90m
[31m+       "remainingMs": null,[90m
[2m        "shell": "pwsh",[22m
[2m        "startup": null,[22m
[2m        "workspaceId": "workspace-main",[22m
[2m        "worktree": null,[22m
[2m      },[22m
[39m[90m

Number of calls: [1m1[22m
[39m
   × Tauri IPC wrapper contract > preserves typed agent-resume startup and binding metadata 1ms
     → expected "spy" to be called with arguments: [ 'cmd_terminal_spawn', …(1) ][90m

Received: 

[1m  1st spy call:

[22m[33m@@ -1,12 +1,15 @@[90m
[2m  [[22m
[2m    "cmd_terminal_spawn",[22m
[2m    {[22m
[2m      "request": {[22m
[2m        "clientRequestId": "resume-request-1",[22m
[31m+       "createOnly": null,[90m
[2m        "cwd": null,[22m
[2m        "inheritFromSessionId": null,[22m
[31m+       "preparedLocalSplit": null,[90m
[31m+       "remainingMs": null,[90m
[2m        "shell": null,[22m
[2m        "startup": {[22m
[2m          "agentType": "claude",[22m
[2m          "kind": "agentResume",[22m
[2m          "providerSession": {[22m
[39m[90m

Number of calls: [1m1[22m
[39m
   ✓ Tauri IPC wrapper contract > strips non-serializable values from the spawn request instead of failing IPC 0ms
   ✓ Tauri IPC wrapper contract > sends worktree create DTOs in camelCase 0ms
   ✓ Tauri IPC wrapper contract > lists worktrees through a registered workspace identity 0ms
   ✓ Tauri IPC wrapper contract > wraps worktree status, preview, safe delete, and destructive delete commands 0ms
   ✓ Tauri IPC wrapper contract > wraps worktree disk scan commands and progress listener 0ms
   ✓ Tauri IPC wrapper contract > wraps terminal signal and terminal session listing 0ms
   ✓ Tauri IPC wrapper contract > bridges the native Cmd+T menu event into the frontend callback 3ms
   ✓ Tauri IPC wrapper contract > bridges the native Cmd+W menu event into the frontend callback 0ms
   ✓ Tauri IPC wrapper contract > bridges the native copy or interrupt event into the frontend callback 0ms
   ✓ Tauri IPC wrapper contract > normalizes rejected command invocations at the wrapper boundary 0ms
   ✓ Tauri IPC wrapper contract > preserves structured errors and does not parse message strings 0ms
   ✓ Tauri IPC wrapper contract > attaches to a terminal session with typed protocol-v2 DTO and optional resume sequence 0ms
   ✓ Tauri IPC wrapper contract > handles non-tauri runtime fallback for attachTerminal 0ms
   ✓ Tauri IPC wrapper contract > publishes focused terminal payload to native IPC 0ms
   ✓ Tauri IPC wrapper contract > publishes focused terminal with optional activityState and agentType on terminal tabs 0ms
   ✓ Tauri IPC wrapper contract > propagates publishFocusedTerminal rejection instead of swallowing errors 0ms
   ✓ Tauri IPC wrapper contract > listens for remote selection requests and triggers callback 0ms
   ✓ Tauri IPC wrapper contract > listens for native terminal scrollbar updates 0ms
   ✓ Tauri IPC wrapper contract > invokes backend command to set native terminal scrollbar overlay visibility 0ms
   ✓ Tauri IPC wrapper contract > invokes backend command to set native terminal attention frame 0ms
   ✓ Tauri IPC wrapper contract > reports DOM overlay input ownership to the host once per transition 0ms
   ✓ Tauri IPC wrapper contract > re-sends DOM overlay input ownership the host never acknowledged 0ms
   ✓ Tauri IPC wrapper contract > invokes backend command to scroll native terminal viewport 0ms
   ✓ Tauri IPC wrapper contract > sets native app badge count with normalized integer payload 0ms
   ✓ Tauri IPC wrapper contract > normalizes boundary badge counts safely within u32 bounds 0ms
   ✓ Tauri IPC wrapper contract > handles non-tauri fallback for setBadgeCount 0ms
   ✓ probeNotificationDelivery > names the argument the Rust command actually binds, so a test notification is really sent 0ms
   ✓ probeNotificationDelivery > forwards explicit silent delivery without replacing it with system sound 0ms
   ✓ dispatchNotification > binds payload under 'request' parameter expected by Rust cmd_notification_dispatch 0ms
   ✓ account enrollment API > invokes cmd_account_enrollment_status and returns status 0ms
   ✓ account enrollment API > invokes cmd_account_enroll_this_machine with origin and code 0ms
 ✓ src/components/dag/DagPaneBadge.test.tsx (32 tests) 116ms
 ✓ src/remote/remoteAppChatFrames.test.tsx (13 tests) 555ms
 ✓ src/lib/onboarding.test.ts (52 tests) 6ms
stderr | src/App.remote.test.tsx > App SSH project lifecycle > reattaches remote sessions after native startup without replacement and preserves their target and identity in the next save
Error: Uncaught [Error: [vitest] No "subscribeUpdateStatus" export is defined on the "./lib/updater" mock. Did you forget to return it from "vi.mock"?
If you need to partially mock a module, you can use "importOriginal" helper inside:
]
    at reportException (/Users/I552267/ferryx-pane-completion/source-5464da0d/ui/node_modules/jsdom/lib/jsdom/living/helpers/runtime-script-errors.js:66:24)
    at innerInvokeEventListeners (/Users/I552267/ferryx-pane-completion/source-5464da0d/ui/node_modules/jsdom/lib/jsdom/living/events/EventTarget-impl.js:353:9)
    at invokeEventListeners (/Users/I552267/ferryx-pane-completion/source-5464da0d/ui/node_modules/jsdom/lib/jsdom/living/events/EventTarget-impl.js:286:3)
    at HTMLUnknownElementImpl._dispatch (/Users/I552267/ferryx-pane-completion/source-5464da0d/ui/node_modules/jsdom/lib/jsdom/living/events/EventTarget-impl.js:233:9)
    at HTMLUnknownElementImpl.dispatchEvent (/Users/I552267/ferryx-pane-completion/source-5464da0d/ui/node_modules/jsdom/lib/jsdom/living/events/EventTarget-impl.js:104:17)
    at HTMLUnknownElement.dispatchEvent (/Users/I552267/ferryx-pane-completion/source-5464da0d/ui/node_modules/jsdom/lib/jsdom/living/generated/EventTarget.js:241:34)
    at HTMLUnknownElement.EventTarget.dispatchEvent (/Users/I552267/ferryx-pane-completion/source-5464da0d/ui/src/test/setup.ts:119:26)
    at Object.invokeGuardedCallbackDev (/Users/I552267/ferryx-pane-completion/source-5464da0d/ui/node_modules/react-dom/cjs/react-dom.development.js:4213:16)
    at invokeGuardedCallback (/Users/I552267/ferryx-pane-completion/source-5464da0d/ui/node_modules/react-dom/cjs/react-dom.development.js:4277:31)
    at reportUncaughtErrorInDEV (/Users/I552267/ferryx-pane-completion/source-5464da0d/ui/node_modules/react-dom/cjs/react-dom.development.js:22877:5) Error: [vitest] No "subscribeUpdateStatus" export is defined on the "./lib/updater" mock. Did you forget to return it from "vi.mock"?
If you need to partially mock a module, you can use "importOriginal" helper inside:

    at VitestMocker.createError [90m(file:///Users/I552267/ferryx-pane-completion/source-5464da0d/ui/[39mnode_modules/[4mvitest[24m/dist/chunks/execute.B7h3T_Hc.js:284:17[90m)[39m
    at Object.get [90m(file:///Users/I552267/ferryx-pane-completion/source-5464da0d/ui/[39mnode_modules/[4mvitest[24m/dist/chunks/execute.B7h3T_Hc.js:330:16[90m)[39m
    at startWhatsNewRecorder [90m(/Users/I552267/ferryx-pane-completion/source-5464da0d/ui/[39msrc/lib/whatsNew.ts:65:10[90m)[39m
    at [90m/Users/I552267/ferryx-pane-completion/source-5464da0d/ui/[39msrc/App.tsx:2553:12
    at commitHookEffectListMount [90m(/Users/I552267/ferryx-pane-completion/source-5464da0d/ui/[39mnode_modules/[4mreact-dom[24m/cjs/react-dom.development.js:23189:26[90m)[39m
    at commitPassiveMountOnFiber [90m(/Users/I552267/ferryx-pane-completion/source-5464da0d/ui/[39mnode_modules/[4mreact-dom[24m/cjs/react-dom.development.js:24970:11[90m)[39m
    at commitPassiveMountEffects_complete [90m(/Users/I552267/ferryx-pane-completion/source-5464da0d/ui/[39mnode_modules/[4mreact-dom[24m/cjs/react-dom.development.js:24930:9[90m)[39m
    at commitPassiveMountEffects_begin [90m(/Users/I552267/ferryx-pane-completion/source-5464da0d/ui/[39mnode_modules/[4mreact-dom[24m/cjs/react-dom.development.js:24917:7[90m)[39m
    at commitPassiveMountEffects [90m(/Users/I552267/ferryx-pane-completion/source-5464da0d/ui/[39mnode_modules/[4mreact-dom[24m/cjs/react-dom.development.js:24905:3[90m)[39m
    at flushPassiveEffectsImpl [90m(/Users/I552267/ferryx-pane-completion/source-5464da0d/ui/[39mnode_modules/[4mreact-dom[24m/cjs/react-dom.development.js:27078:3[90m)[39m {
  codeFrame: [32m'vi\x1B[33m.\x1B[39m\x1B[34mmock\x1B[39m(\x1B[35mimport\x1B[39m(\x1B[32m"./lib/updater"\x1B[39m)\x1B[33m,\x1B[39m \x1B[35masync\x1B[39m (importOriginal) \x1B[33m=>\x1B[39m {\n'[39m +
    [32m'  \x1B[35mconst\x1B[39m actual \x1B[33m=\x1B[39m \x1B[35mawait\x1B[39m \x1B[34mimportOriginal\x1B[39m()\n'[39m +
    [32m'  \x1B[35mreturn\x1B[39m {\n'[39m +
    [32m'    \x1B[33m...\x1B[39mactual\x1B[33m,\x1B[39m\n'[39m +
    [32m'    \x1B[90m// your mocked methods\x1B[39m\n'[39m +
    [32m'  }\n'[39m +
    [32m'})'[39m
}
The above error occurred in the <WorkspaceApp> component:

    at WorkspaceApp (/Users/I552267/ferryx-pane-completion/source-5464da0d/ui/src/App.tsx:547:3)
    at App (/Users/I552267/ferryx-pane-completion/source-5464da0d/ui/src/App.tsx:329:56)

Consider adding an error boundary to your tree to customize error handling behavior.
Visit https://reactjs.org/link/error-boundaries to learn more about error boundaries.

 ❯ src/App.remote.test.tsx (20 tests | 1 failed) 715ms
   ✓ App SSH project lifecycle > shows progress throughout registration, restore, and first SSH tab creation 145ms
   ✓ App SSH project lifecycle > shows progress for manual first-tab creation and allows retry after failure 40ms
   ✓ App SSH project lifecycle > replaces registration failure with progress on explicit retry 32ms
   ✓ App SSH project lifecycle > does not leak a late SSH failure into the selected local workspace 35ms
   ✓ App SSH project lifecycle > focuses the existing SSH terminal addressed by its backend identity 38ms
   ✓ App SSH project lifecycle > loads a stored remote target without registering its path locally 25ms
   ✓ App SSH project lifecycle > returns from a local project to the requested existing SSH session 47ms
   ✓ App SSH project lifecycle > opens the registered SSH project from remote without a preexisting terminal 22ms
   ✓ App SSH project lifecycle > opens an SSH folder inside a parent Git repository without selecting the local project 44ms
   ✓ App SSH project lifecycle > handles the chooser's registered remote project through actual App registration 46ms
   ✓ App SSH project lifecycle > routes the chooser Settings CTA to SSH machines, not inbound Remote Access 21ms
   ✓ App SSH project lifecycle > adopts the server's canonical host-qualified ID and path before new tabs and splits 46ms
   ✓ App SSH project lifecycle > selects inactive remote roots by workspace identity even when a local root has the same path 64ms
   ✓ App SSH project lifecycle > leaves a rejected host unavailable instead of spawning locally 35ms
   ✓ App SSH project lifecycle > ignores remote registration that resolves after switching to a local project 27ms
   ✓ App SSH project lifecycle > rejects malformed stored targets without converting them to local: {"kind":"ssh"} 8ms
   ✓ App SSH project lifecycle > rejects malformed stored targets without converting them to local: {"kind":"ssh","hostId":""} 7ms
   ✓ App SSH project lifecycle > rejects malformed stored targets without converting them to local: null 9ms
   ✓ App SSH project lifecycle > rejects malformed stored targets without converting them to local: {"kind":"unknown"} 7ms
   × App SSH project lifecycle > reattaches remote sessions after native startup without replacement and preserves their target and identity in the next save 16ms
     → [vitest] No "subscribeUpdateStatus" export is defined on the "./lib/updater" mock. Did you forget to return it from "vi.mock"?
If you need to partially mock a module, you can use "importOriginal" helper inside:

 ✓ src/remote/agentConversation.test.ts (30 tests) 8ms
 ✓ src/components/WorktreeList.test.tsx (26 tests) 116ms
 ✓ src/lib/pairedHostInventory.test.ts (34 tests) 18ms
 ✓ src/lib/nativeTerminalAttachPolicy.test.ts (51 tests) 5ms
 ✓ src/state/workspaceActivity.test.tsx (16 tests) 25ms
 ✓ src/remote/RemoteAttention.test.tsx (16 tests) 265ms
 ✓ src/components/TabBar.test.tsx (23 tests) 137ms
stderr | src/state/workspaceNativeActivity.test.tsx > workspace store native activity subscription > ignores native focus events for sessions parked in a non-active worktree layout
Error: Uncaught [Error: [vitest] No "spawnTerminalSplitOperation" export is defined on the "../lib/tauri" mock. Did you forget to return it from "vi.mock"?
If you need to partially mock a module, you can use "importOriginal" helper inside:
]
    at reportException (/Users/I552267/ferryx-pane-completion/source-5464da0d/ui/node_modules/jsdom/lib/jsdom/living/helpers/runtime-script-errors.js:66:24)
    at innerInvokeEventListeners (/Users/I552267/ferryx-pane-completion/source-5464da0d/ui/node_modules/jsdom/lib/jsdom/living/events/EventTarget-impl.js:353:9)
    at invokeEventListeners (/Users/I552267/ferryx-pane-completion/source-5464da0d/ui/node_modules/jsdom/lib/jsdom/living/events/EventTarget-impl.js:286:3)
    at HTMLUnknownElementImpl._dispatch (/Users/I552267/ferryx-pane-completion/source-5464da0d/ui/node_modules/jsdom/lib/jsdom/living/events/EventTarget-impl.js:233:9)
    at HTMLUnknownElementImpl.dispatchEvent (/Users/I552267/ferryx-pane-completion/source-5464da0d/ui/node_modules/jsdom/lib/jsdom/living/events/EventTarget-impl.js:104:17)
    at HTMLUnknownElement.dispatchEvent (/Users/I552267/ferryx-pane-completion/source-5464da0d/ui/node_modules/jsdom/lib/jsdom/living/generated/EventTarget.js:241:34)
    at HTMLUnknownElement.EventTarget.dispatchEvent (/Users/I552267/ferryx-pane-completion/source-5464da0d/ui/src/test/setup.ts:119:26)
    at Object.invokeGuardedCallbackDev (/Users/I552267/ferryx-pane-completion/source-5464da0d/ui/node_modules/react-dom/cjs/react-dom.development.js:4213:16)
    at invokeGuardedCallback (/Users/I552267/ferryx-pane-completion/source-5464da0d/ui/node_modules/react-dom/cjs/react-dom.development.js:4277:31)
    at reportUncaughtErrorInDEV (/Users/I552267/ferryx-pane-completion/source-5464da0d/ui/node_modules/react-dom/cjs/react-dom.development.js:22877:5) Error: [vitest] No "spawnTerminalSplitOperation" export is defined on the "../lib/tauri" mock. Did you forget to return it from "vi.mock"?
If you need to partially mock a module, you can use "importOriginal" helper inside:

    at VitestMocker.createError [90m(file:///Users/I552267/ferryx-pane-completion/source-5464da0d/ui/[39mnode_modules/[4mvitest[24m/dist/chunks/execute.B7h3T_Hc.js:284:17[90m)[39m
    at Object.get [90m(file:///Users/I552267/ferryx-pane-completion/source-5464da0d/ui/[39mnode_modules/[4mvitest[24m/dist/chunks/execute.B7h3T_Hc.js:330:16[90m)[39m
    at [90m/Users/I552267/ferryx-pane-completion/source-5464da0d/ui/[39msrc/state/workspaceStore.ts:784:58
    at [90m/Users/I552267/ferryx-pane-completion/source-5464da0d/ui/[39msrc/state/workspaceStore.ts:809:26
    at commitHookEffectListMount [90m(/Users/I552267/ferryx-pane-completion/source-5464da0d/ui/[39mnode_modules/[4mreact-dom[24m/cjs/react-dom.development.js:23189:26[90m)[39m
    at commitPassiveMountOnFiber [90m(/Users/I552267/ferryx-pane-completion/source-5464da0d/ui/[39mnode_modules/[4mreact-dom[24m/cjs/react-dom.development.js:24970:11[90m)[39m
    at commitPassiveMountEffects_complete [90m(/Users/I552267/ferryx-pane-completion/source-5464da0d/ui/[39mnode_modules/[4mreact-dom[24m/cjs/react-dom.development.js:24930:9[90m)[39m
    at commitPassiveMountEffects_begin [90m(/Users/I552267/ferryx-pane-completion/source-5464da0d/ui/[39mnode_modules/[4mreact-dom[24m/cjs/react-dom.development.js:24917:7[90m)[39m
    at commitPassiveMountEffects [90m(/Users/I552267/ferryx-pane-completion/source-5464da0d/ui/[39mnode_modules/[4mreact-dom[24m/cjs/react-dom.development.js:24905:3[90m)[39m
    at flushPassiveEffectsImpl [90m(/Users/I552267/ferryx-pane-completion/source-5464da0d/ui/[39mnode_modules/[4mreact-dom[24m/cjs/react-dom.development.js:27078:3[90m)[39m {
  codeFrame: [32m'vi\x1B[33m.\x1B[39m\x1B[34mmock\x1B[39m(\x1B[35mimport\x1B[39m(\x1B[32m"../lib/tauri"\x1B[39m)\x1B[33m,\x1B[39m \x1B[35masync\x1B[39m (importOriginal) \x1B[33m=>\x1B[39m {\n'[39m +
    [32m'  \x1B[35mconst\x1B[39m actual \x1B[33m=\x1B[39m \x1B[35mawait\x1B[39m \x1B[34mimportOriginal\x1B[39m()\n'[39m +
    [32m'  \x1B[35mreturn\x1B[39m {\n'[39m +
    [32m'    \x1B[33m...\x1B[39mactual\x1B[33m,\x1B[39m\n'[39m +
    [32m'    \x1B[90m// your mocked methods\x1B[39m\n'[39m +
    [32m'  }\n'[39m +
    [32m'})'[39m
}
The above error occurred in the <TestComponent> component:

    at TestComponent (/Users/I552267/ferryx-pane-completion/source-5464da0d/ui/node_modules/@testing-library/react/dist/pure.js:337:5)

Consider adding an error boundary to your tree to customize error handling behavior.
Visit https://reactjs.org/link/error-boundaries to learn more about error boundaries.

 ❯ src/state/workspaceNativeActivity.test.tsx (14 tests | 3 failed) 66ms
   ✓ workspace store native activity subscription > keeps active-pane completion unread while the whole window is unfocused 11ms
   ✓ workspace store native activity subscription > restores mounted agent snapshots quietly, then reports the next live completion once 7ms
   ✓ workspace store native activity subscription > clears stale unread completion edges when a mounted idle snapshot is replayed 2ms
   ✓ workspace store native activity subscription > restores an initial blocked snapshot as already-seen attention 2ms
   ✓ workspace store native activity subscription > restores parked snapshots quietly and preserves the next live notification edge 2ms
   ✓ workspace store native activity subscription > routes parked project edges and bells immediately without replay on project switch 2ms
   ✓ workspace store native activity subscription > turns a native title event addressed by BACKEND session id into tab activity 5ms
   ✓ workspace store native activity subscription > ignores a native title event for a backend session no local session owns 2ms
   ✓ workspace store native activity subscription > delivers a native bell to subscribers with the LOCAL session id and its tab id 3ms
   ✓ workspace store native activity subscription > marks a finished session's activity as seen when native focus event is emitted for its backend session 3ms
   ✓ workspace store native activity subscription > preserves independent terminal bell unread when quiet snapshot arrives 1ms
   × workspace store native activity subscription > syncs store focus to clicked pane when native focus event is emitted for its backend session 10ms
     → [vitest] No "spawnTerminalSplitOperation" export is defined on the "../lib/tauri" mock. Did you forget to return it from "vi.mock"?
If you need to partially mock a module, you can use "importOriginal" helper inside:

   × workspace store native activity subscription > ignores native focus events for sessions parked in a non-active worktree layout 8ms
     → [vitest] No "spawnTerminalSplitOperation" export is defined on the "../lib/tauri" mock. Did you forget to return it from "vi.mock"?
If you need to partially mock a module, you can use "importOriginal" helper inside:

   × workspace store native activity subscription > dispatches ferryx:session-interacted with activeSessionId upon ACTIVATE_TAB, FOCUS_PANE, and SELECT_WORKTREE 6ms
     → [vitest] No "spawnTerminalSplitOperation" export is defined on the "../lib/tauri" mock. Did you forget to return it from "vi.mock"?
If you need to partially mock a module, you can use "importOriginal" helper inside:

 ✓ src/state/layout.test.ts (27 tests) 9ms
 ✓ src/state/workspaceStore.sshSpawnOwnership.test.tsx (7 tests) 25ms
 ✓ src/lib/agentSessionDiscovery.test.ts (35 tests) 6ms
 ✓ src/lib/agentResume.test.ts (38 tests) 6ms
 ✓ src/components/TerminalPane.test.tsx (27 tests) 132ms
stdout | src/lib/nativeTerminalInputQueue.test.ts > NativeTerminalInputQueueManager > executes tasks strictly in FIFO order per session without concurrent overlap
[ferryx:switch] {
  runId: [32m'7ebbd947-70ab-47e0-89eb-1f00e06df2b9'[39m,
  sequence: [33m1[39m,
  event: [32m'terminal.surface.input.accepted'[39m,
  wallTimeMs: [33m1791069349817[39m,
  details: {
    operationId: [32m'req-dfa120e4-session-1-1'[39m,
    backendSessionId: [32m'session-1'[39m,
    paneIdentity: [1mnull[22m,
    bindingKey: [1mnull[22m,
    attemptGeneration: [33m1[39m,
    daemonEpoch: [1mnull[22m,
    incarnation: [1mnull[22m,
    payloadBytes: [33m10[39m,
    queuedAt: [33m1791069349817[39m
  }
}
[ferryx:switch] {
  runId: [32m'7ebbd947-70ab-47e0-89eb-1f00e06df2b9'[39m,
  sequence: [33m2[39m,
  event: [32m'terminal.surface.input.dispatch'[39m,
  wallTimeMs: [33m1791069349817[39m,
  details: {
    operationId: [32m'req-dfa120e4-session-1-1'[39m,
    backendSessionId: [32m'session-1'[39m,
    paneIdentity: [1mnull[22m,
    bindingKey: [1mnull[22m,
    attemptGeneration: [33m1[39m,
    daemonEpoch: [1mnull[22m,
    incarnation: [1mnull[22m,
    dispatchedAt: [33m1791069349817[39m
  }
}
[ferryx:switch] {
  runId: [32m'7ebbd947-70ab-47e0-89eb-1f00e06df2b9'[39m,
  sequence: [33m3[39m,
  event: [32m'terminal.surface.input.accepted'[39m,
  wallTimeMs: [33m1791069349817[39m,
  details: {
    operationId: [32m'req-dfa120e4-session-1-2'[39m,
    backendSessionId: [32m'session-1'[39m,
    paneIdentity: [1mnull[22m,
    bindingKey: [1mnull[22m,
    attemptGeneration: [33m1[39m,
    daemonEpoch: [1mnull[22m,
    incarnation: [1mnull[22m,
    payloadBytes: [33m10[39m,
    queuedAt: [33m1791069349817[39m
  }
}
[ferryx:switch] {
  runId: [32m'7ebbd947-70ab-47e0-89eb-1f00e06df2b9'[39m,
  sequence: [33m4[39m,
  event: [32m'terminal.surface.input.accepted'[39m,
  wallTimeMs: [33m1791069349818[39m,
  details: {
    operationId: [32m'req-dfa120e4-session-1-3'[39m,
    backendSessionId: [32m'session-1'[39m,
    paneIdentity: [1mnull[22m,
    bindingKey: [1mnull[22m,
    attemptGeneration: [33m1[39m,
    daemonEpoch: [1mnull[22m,
    incarnation: [1mnull[22m,
    payloadBytes: [33m10[39m,
    queuedAt: [33m1791069349818[39m
  }
}

stdout | src/lib/nativeTerminalInputQueue.test.ts > NativeTerminalInputQueueManager > executes tasks strictly in FIFO order per session without concurrent overlap
[ferryx:switch] {
  runId: [32m'7ebbd947-70ab-47e0-89eb-1f00e06df2b9'[39m,
  sequence: [33m5[39m,
  event: [32m'terminal.surface.input.dispatch'[39m,
  wallTimeMs: [33m1791069349818[39m,
  details: {
    operationId: [32m'req-dfa120e4-session-1-2'[39m,
    backendSessionId: [32m'session-1'[39m,
    paneIdentity: [1mnull[22m,
    bindingKey: [1mnull[22m,
    attemptGeneration: [33m1[39m,
    daemonEpoch: [1mnull[22m,
    incarnation: [1mnull[22m,
    dispatchedAt: [33m1791069349818[39m
  }
}

stdout | src/lib/nativeTerminalInputQueue.test.ts > NativeTerminalInputQueueManager > executes tasks strictly in FIFO order per session without concurrent overlap
[ferryx:switch] {
  runId: [32m'7ebbd947-70ab-47e0-89eb-1f00e06df2b9'[39m,
  sequence: [33m6[39m,
  event: [32m'terminal.surface.input.dispatch'[39m,
  wallTimeMs: [33m1791069349818[39m,
  details: {
    operationId: [32m'req-dfa120e4-session-1-3'[39m,
    backendSessionId: [32m'session-1'[39m,
    paneIdentity: [1mnull[22m,
    bindingKey: [1mnull[22m,
    attemptGeneration: [33m1[39m,
    daemonEpoch: [1mnull[22m,
    incarnation: [1mnull[22m,
    dispatchedAt: [33m1791069349818[39m
  }
}

stdout | src/lib/nativeTerminalInputQueue.test.ts > NativeTerminalInputQueueManager > isolates queues across different sessions without head-of-line blocking
[ferryx:switch] {
  runId: [32m'7ebbd947-70ab-47e0-89eb-1f00e06df2b9'[39m,
  sequence: [33m7[39m,
  event: [32m'terminal.surface.input.accepted'[39m,
  wallTimeMs: [33m1791069349819[39m,
  details: {
    operationId: [32m'req-dfa120e4-session-1-1'[39m,
    backendSessionId: [32m'session-1'[39m,
    paneIdentity: [1mnull[22m,
    bindingKey: [1mnull[22m,
    attemptGeneration: [33m1[39m,
    daemonEpoch: [1mnull[22m,
    incarnation: [1mnull[22m,
    payloadBytes: [33m10[39m,
    queuedAt: [33m1791069349819[39m
  }
}
[ferryx:switch] {
  runId: [32m'7ebbd947-70ab-47e0-89eb-1f00e06df2b9'[39m,
  sequence: [33m8[39m,
  event: [32m'terminal.surface.input.dispatch'[39m,
  wallTimeMs: [33m1791069349819[39m,
  details: {
    operationId: [32m'req-dfa120e4-session-1-1'[39m,
    backendSessionId: [32m'session-1'[39m,
    paneIdentity: [1mnull[22m,
    bindingKey: [1mnull[22m,
    attemptGeneration: [33m1[39m,
    daemonEpoch: [1mnull[22m,
    incarnation: [1mnull[22m,
    dispatchedAt: [33m1791069349819[39m
  }
}
[ferryx:switch] {
  runId: [32m'7ebbd947-70ab-47e0-89eb-1f00e06df2b9'[39m,
  sequence: [33m9[39m,
  event: [32m'terminal.surface.input.accepted'[39m,
  wallTimeMs: [33m1791069349819[39m,
  details: {
    operationId: [32m'req-dfa120e4-session-2-2'[39m,
    backendSessionId: [32m'session-2'[39m,
    paneIdentity: [1mnull[22m,
    bindingKey: [1mnull[22m,
    attemptGeneration: [33m1[39m,
    daemonEpoch: [1mnull[22m,
    incarnation: [1mnull[22m,
    payloadBytes: [33m10[39m,
    queuedAt: [33m1791069349819[39m
  }
}
[ferryx:switch] {
  runId: [32m'7ebbd947-70ab-47e0-89eb-1f00e06df2b9'[39m,
  sequence: [33m10[39m,
  event: [32m'terminal.surface.input.dispatch'[39m,
  wallTimeMs: [33m1791069349819[39m,
  details: {
    operationId: [32m'req-dfa120e4-session-2-2'[39m,
    backendSessionId: [32m'session-2'[39m,
    paneIdentity: [1mnull[22m,
    bindingKey: [1mnull[22m,
    attemptGeneration: [33m1[39m,
    daemonEpoch: [1mnull[22m,
    incarnation: [1mnull[22m,
    dispatchedAt: [33m1791069349819[39m
  }
}

stdout | src/lib/nativeTerminalInputQueue.test.ts > NativeTerminalInputQueueManager > enforces byte-bounded queue limit and explicitly rejects with overflow error
[ferryx:switch] {
  runId: [32m'7ebbd947-70ab-47e0-89eb-1f00e06df2b9'[39m,
  sequence: [33m11[39m,
  event: [32m'terminal.surface.input.accepted'[39m,
  wallTimeMs: [33m1791069349820[39m,
  details: {
    operationId: [32m'req-dfa120e4-session-1-1'[39m,
    backendSessionId: [32m'session-1'[39m,
    paneIdentity: [1mnull[22m,
    bindingKey: [1mnull[22m,
    attemptGeneration: [33m1[39m,
    daemonEpoch: [1mnull[22m,
    incarnation: [1mnull[22m,
    payloadBytes: [33m600[39m,
    queuedAt: [33m1791069349820[39m
  }
}
[ferryx:switch] {
  runId: [32m'7ebbd947-70ab-47e0-89eb-1f00e06df2b9'[39m,
  sequence: [33m12[39m,
  event: [32m'terminal.surface.input.dispatch'[39m,
  wallTimeMs: [33m1791069349820[39m,
  details: {
    operationId: [32m'req-dfa120e4-session-1-1'[39m,
    backendSessionId: [32m'session-1'[39m,
    paneIdentity: [1mnull[22m,
    bindingKey: [1mnull[22m,
    attemptGeneration: [33m1[39m,
    daemonEpoch: [1mnull[22m,
    incarnation: [1mnull[22m,
    dispatchedAt: [33m1791069349820[39m
  }
}
[ferryx:switch] {
  runId: [32m'7ebbd947-70ab-47e0-89eb-1f00e06df2b9'[39m,
  sequence: [33m13[39m,
  event: [32m'terminal.surface.input.accepted'[39m,
  wallTimeMs: [33m1791069349820[39m,
  details: {
    operationId: [32m'req-dfa120e4-session-1-2'[39m,
    backendSessionId: [32m'session-1'[39m,
    paneIdentity: [1mnull[22m,
    bindingKey: [1mnull[22m,
    attemptGeneration: [33m1[39m,
    daemonEpoch: [1mnull[22m,
    incarnation: [1mnull[22m,
    payloadBytes: [33m400[39m,
    queuedAt: [33m1791069349820[39m
  }
}

stdout | src/lib/nativeTerminalInputQueue.test.ts > NativeTerminalInputQueueManager > enforces byte-bounded queue limit and explicitly rejects with overflow error
[ferryx:switch] {
  runId: [32m'7ebbd947-70ab-47e0-89eb-1f00e06df2b9'[39m,
  sequence: [33m14[39m,
  event: [32m'terminal.surface.input.dispatch'[39m,
  wallTimeMs: [33m1791069349820[39m,
  details: {
    operationId: [32m'req-dfa120e4-session-1-2'[39m,
    backendSessionId: [32m'session-1'[39m,
    paneIdentity: [1mnull[22m,
    bindingKey: [1mnull[22m,
    attemptGeneration: [33m1[39m,
    daemonEpoch: [1mnull[22m,
    incarnation: [1mnull[22m,
    dispatchedAt: [33m1791069349820[39m
  }
}

stdout | src/lib/nativeTerminalInputQueue.test.ts > NativeTerminalInputQueueManager > enforces byte-bounded queue limit and explicitly rejects with overflow error
[ferryx:switch] {
  runId: [32m'7ebbd947-70ab-47e0-89eb-1f00e06df2b9'[39m,
  sequence: [33m15[39m,
  event: [32m'terminal.surface.input.accepted'[39m,
  wallTimeMs: [33m1791069349820[39m,
  details: {
    operationId: [32m'req-dfa120e4-session-1-3'[39m,
    backendSessionId: [32m'session-1'[39m,
    paneIdentity: [1mnull[22m,
    bindingKey: [1mnull[22m,
    attemptGeneration: [33m1[39m,
    daemonEpoch: [1mnull[22m,
    incarnation: [1mnull[22m,
    payloadBytes: [33m200[39m,
    queuedAt: [33m1791069349820[39m
  }
}
[ferryx:switch] {
  runId: [32m'7ebbd947-70ab-47e0-89eb-1f00e06df2b9'[39m,
  sequence: [33m16[39m,
  event: [32m'terminal.surface.input.dispatch'[39m,
  wallTimeMs: [33m1791069349820[39m,
  details: {
    operationId: [32m'req-dfa120e4-session-1-3'[39m,
    backendSessionId: [32m'session-1'[39m,
    paneIdentity: [1mnull[22m,
    bindingKey: [1mnull[22m,
    attemptGeneration: [33m1[39m,
    daemonEpoch: [1mnull[22m,
    incarnation: [1mnull[22m,
    dispatchedAt: [33m1791069349820[39m
  }
}

stdout | src/lib/nativeTerminalInputQueue.test.ts > NativeTerminalInputQueueManager > enforces entry-bounded queue limit and rejects when entries exceed maxQueueEntries
[ferryx:switch] {
  runId: [32m'7ebbd947-70ab-47e0-89eb-1f00e06df2b9'[39m,
  sequence: [33m17[39m,
  event: [32m'terminal.surface.input.accepted'[39m,
  wallTimeMs: [33m1791069349820[39m,
  details: {
    operationId: [32m'req-dfa120e4-session-1-1'[39m,
    backendSessionId: [32m'session-1'[39m,
    paneIdentity: [1mnull[22m,
    bindingKey: [1mnull[22m,
    attemptGeneration: [33m1[39m,
    daemonEpoch: [1mnull[22m,
    incarnation: [1mnull[22m,
    payloadBytes: [33m10[39m,
    queuedAt: [33m1791069349820[39m
  }
}
[ferryx:switch] {
  runId: [32m'7ebbd947-70ab-47e0-89eb-1f00e06df2b9'[39m,
  sequence: [33m18[39m,
  event: [32m'terminal.surface.input.dispatch'[39m,
  wallTimeMs: [33m1791069349820[39m,
  details: {
    operationId: [32m'req-dfa120e4-session-1-1'[39m,
    backendSessionId: [32m'session-1'[39m,
    paneIdentity: [1mnull[22m,
    bindingKey: [1mnull[22m,
    attemptGeneration: [33m1[39m,
    daemonEpoch: [1mnull[22m,
    incarnation: [1mnull[22m,
    dispatchedAt: [33m1791069349820[39m
  }
}
[ferryx:switch] {
  runId: [32m'7ebbd947-70ab-47e0-89eb-1f00e06df2b9'[39m,
  sequence: [33m19[39m,
  event: [32m'terminal.surface.input.accepted'[39m,
  wallTimeMs: [33m1791069349821[39m,
  details: {
    operationId: [32m'req-dfa120e4-session-1-2'[39m,
    backendSessionId: [32m'session-1'[39m,
    paneIdentity: [1mnull[22m,
    bindingKey: [1mnull[22m,
    attemptGeneration: [33m1[39m,
    daemonEpoch: [1mnull[22m,
    incarnation: [1mnull[22m,
    payloadBytes: [33m10[39m,
    queuedAt: [33m1791069349821[39m
  }
}
[ferryx:switch] {
  runId: [32m'7ebbd947-70ab-47e0-89eb-1f00e06df2b9'[39m,
  sequence: [33m20[39m,
  event: [32m'terminal.surface.input.accepted'[39m,
  wallTimeMs: [33m1791069349821[39m,
  details: {
    operationId: [32m'req-dfa120e4-session-1-3'[39m,
    backendSessionId: [32m'session-1'[39m,
    paneIdentity: [1mnull[22m,
    bindingKey: [1mnull[22m,
    attemptGeneration: [33m1[39m,
    daemonEpoch: [1mnull[22m,
    incarnation: [1mnull[22m,
    payloadBytes: [33m10[39m,
    queuedAt: [33m1791069349821[39m
  }
}
[ferryx:switch] {
  runId: [32m'7ebbd947-70ab-47e0-89eb-1f00e06df2b9'[39m,
  sequence: [33m21[39m,
  event: [32m'terminal.surface.input.accepted'[39m,
  wallTimeMs: [33m1791069349821[39m,
  details: {
    operationId: [32m'req-dfa120e4-session-1-4'[39m,
    backendSessionId: [32m'session-1'[39m,
    paneIdentity: [1mnull[22m,
    bindingKey: [1mnull[22m,
    attemptGeneration: [33m1[39m,
    daemonEpoch: [1mnull[22m,
    incarnation: [1mnull[22m,
    payloadBytes: [33m10[39m,
    queuedAt: [33m1791069349821[39m
  }
}

stdout | src/lib/nativeTerminalInputQueue.test.ts > NativeTerminalInputQueueManager > enforces entry-bounded queue limit and rejects when entries exceed maxQueueEntries
[ferryx:switch] {
  runId: [32m'7ebbd947-70ab-47e0-89eb-1f00e06df2b9'[39m,
  sequence: [33m22[39m,
  event: [32m'terminal.surface.input.dispatch'[39m,
  wallTimeMs: [33m1791069349821[39m,
  details: {
    operationId: [32m'req-dfa120e4-session-1-2'[39m,
    backendSessionId: [32m'session-1'[39m,
    paneIdentity: [1mnull[22m,
    bindingKey: [1mnull[22m,
    attemptGeneration: [33m1[39m,
    daemonEpoch: [1mnull[22m,
    incarnation: [1mnull[22m,
    dispatchedAt: [33m1791069349821[39m
  }
}

stdout | src/lib/nativeTerminalInputQueue.test.ts > NativeTerminalInputQueueManager > enforces entry-bounded queue limit and rejects when entries exceed maxQueueEntries
[ferryx:switch] {
  runId: [32m'7ebbd947-70ab-47e0-89eb-1f00e06df2b9'[39m,
  sequence: [33m23[39m,
  event: [32m'terminal.surface.input.dispatch'[39m,
  wallTimeMs: [33m1791069349821[39m,
  details: {
    operationId: [32m'req-dfa120e4-session-1-3'[39m,
    backendSessionId: [32m'session-1'[39m,
    paneIdentity: [1mnull[22m,
    bindingKey: [1mnull[22m,
    attemptGeneration: [33m1[39m,
    daemonEpoch: [1mnull[22m,
    incarnation: [1mnull[22m,
    dispatchedAt: [33m1791069349821[39m
  }
}

stdout | src/lib/nativeTerminalInputQueue.test.ts > NativeTerminalInputQueueManager > enforces entry-bounded queue limit and rejects when entries exceed maxQueueEntries
[ferryx:switch] {
  runId: [32m'7ebbd947-70ab-47e0-89eb-1f00e06df2b9'[39m,
  sequence: [33m24[39m,
  event: [32m'terminal.surface.input.dispatch'[39m,
  wallTimeMs: [33m1791069349821[39m,
  details: {
    operationId: [32m'req-dfa120e4-session-1-4'[39m,
    backendSessionId: [32m'session-1'[39m,
    paneIdentity: [1mnull[22m,
    bindingKey: [1mnull[22m,
    attemptGeneration: [33m1[39m,
    daemonEpoch: [1mnull[22m,
    incarnation: [1mnull[22m,
    dispatchedAt: [33m1791069349821[39m
  }
}

stdout | src/lib/nativeTerminalInputQueue.test.ts > NativeTerminalInputQueueManager > preserves original structured error object unchanged without stringifying
[ferryx:switch] {
  runId: [32m'7ebbd947-70ab-47e0-89eb-1f00e06df2b9'[39m,
  sequence: [33m25[39m,
  event: [32m'terminal.surface.input.accepted'[39m,
  wallTimeMs: [33m1791069349821[39m,
  details: {
    operationId: [32m'req-dfa120e4-session-1-1'[39m,
    backendSessionId: [32m'session-1'[39m,
    paneIdentity: [1mnull[22m,
    bindingKey: [1mnull[22m,
    attemptGeneration: [33m1[39m,
    daemonEpoch: [1mnull[22m,
    incarnation: [1mnull[22m,
    payloadBytes: [33m10[39m,
    queuedAt: [33m1791069349821[39m
  }
}
[ferryx:switch] {
  runId: [32m'7ebbd947-70ab-47e0-89eb-1f00e06df2b9'[39m,
  sequence: [33m26[39m,
  event: [32m'terminal.surface.input.dispatch'[39m,
  wallTimeMs: [33m1791069349821[39m,
  details: {
    operationId: [32m'req-dfa120e4-session-1-1'[39m,
    backendSessionId: [32m'session-1'[39m,
    paneIdentity: [1mnull[22m,
    bindingKey: [1mnull[22m,
    attemptGeneration: [33m1[39m,
    daemonEpoch: [1mnull[22m,
    incarnation: [1mnull[22m,
    dispatchedAt: [33m1791069349821[39m
  }
}

stdout | src/lib/nativeTerminalInputQueue.test.ts > NativeTerminalInputQueueManager > explicitly rejects queued old-generation operations when generation advances
[ferryx:switch] {
  runId: [32m'7ebbd947-70ab-47e0-89eb-1f00e06df2b9'[39m,
  sequence: [33m27[39m,
  event: [32m'terminal.surface.input.accepted'[39m,
  wallTimeMs: [33m1791069349821[39m,
  details: {
    operationId: [32m'req-dfa120e4-session-1-1'[39m,
    backendSessionId: [32m'session-1'[39m,
    paneIdentity: [1mnull[22m,
    bindingKey: [1mnull[22m,
    attemptGeneration: [33m1[39m,
    daemonEpoch: [1mnull[22m,
    incarnation: [1mnull[22m,
    payloadBytes: [33m10[39m,
    queuedAt: [33m1791069349821[39m
  }
}
[ferryx:switch] {
  runId: [32m'7ebbd947-70ab-47e0-89eb-1f00e06df2b9'[39m,
  sequence: [33m28[39m,
  event: [32m'terminal.surface.input.dispatch'[39m,
  wallTimeMs: [33m1791069349821[39m,
  details: {
    operationId: [32m'req-dfa120e4-session-1-1'[39m,
    backendSessionId: [32m'session-1'[39m,
    paneIdentity: [1mnull[22m,
    bindingKey: [1mnull[22m,
    attemptGeneration: [33m1[39m,
    daemonEpoch: [1mnull[22m,
    incarnation: [1mnull[22m,
    dispatchedAt: [33m1791069349821[39m
  }
}
[ferryx:switch] {
  runId: [32m'7ebbd947-70ab-47e0-89eb-1f00e06df2b9'[39m,
  sequence: [33m29[39m,
  event: [32m'terminal.surface.input.accepted'[39m,
  wallTimeMs: [33m1791069349821[39m,
  details: {
    operationId: [32m'req-dfa120e4-session-1-2'[39m,
    backendSessionId: [32m'session-1'[39m,
    paneIdentity: [1mnull[22m,
    bindingKey: [1mnull[22m,
    attemptGeneration: [33m1[39m,
    daemonEpoch: [1mnull[22m,
    incarnation: [1mnull[22m,
    payloadBytes: [33m10[39m,
    queuedAt: [33m1791069349821[39m
  }
}

stdout | src/lib/nativeTerminalInputQueue.test.ts > NativeTerminalInputQueueManager > clearing a session cancels pending admissions without corrupting in-flight completion accounting
[ferryx:switch] {
  runId: [32m'7ebbd947-70ab-47e0-89eb-1f00e06df2b9'[39m,
  sequence: [33m30[39m,
  event: [32m'terminal.surface.input.accepted'[39m,
  wallTimeMs: [33m1791069349822[39m,
  details: {
    operationId: [32m'req-dfa120e4-session-1-1'[39m,
    backendSessionId: [32m'session-1'[39m,
    paneIdentity: [1mnull[22m,
    bindingKey: [1mnull[22m,
    attemptGeneration: [33m1[39m,
    daemonEpoch: [1mnull[22m,
    incarnation: [1mnull[22m,
    payloadBytes: [33m10[39m,
    queuedAt: [33m1791069349822[39m
  }
}
[ferryx:switch] {
  runId: [32m'7ebbd947-70ab-47e0-89eb-1f00e06df2b9'[39m,
  sequence: [33m31[39m,
  event: [32m'terminal.surface.input.dispatch'[39m,
  wallTimeMs: [33m1791069349822[39m,
  details: {
    operationId: [32m'req-dfa120e4-session-1-1'[39m,
    backendSessionId: [32m'session-1'[39m,
    paneIdentity: [1mnull[22m,
    bindingKey: [1mnull[22m,
    attemptGeneration: [33m1[39m,
    daemonEpoch: [1mnull[22m,
    incarnation: [1mnull[22m,
    dispatchedAt: [33m1791069349822[39m
  }
}
[ferryx:switch] {
  runId: [32m'7ebbd947-70ab-47e0-89eb-1f00e06df2b9'[39m,
  sequence: [33m32[39m,
  event: [32m'terminal.surface.input.accepted'[39m,
  wallTimeMs: [33m1791069349822[39m,
  details: {
    operationId: [32m'req-dfa120e4-session-1-2'[39m,
    backendSessionId: [32m'session-1'[39m,
    paneIdentity: [1mnull[22m,
    bindingKey: [1mnull[22m,
    attemptGeneration: [33m1[39m,
    daemonEpoch: [1mnull[22m,
    incarnation: [1mnull[22m,
    payloadBytes: [33m20[39m,
    queuedAt: [33m1791069349822[39m
  }
}

stdout | src/lib/nativeTerminalInputQueue.test.ts > NativeTerminalInputQueueManager > delivers a preedit update enqueued while input send is in flight strictly after that input
[ferryx:switch] {
  runId: [32m'7ebbd947-70ab-47e0-89eb-1f00e06df2b9'[39m,
  sequence: [33m33[39m,
  event: [32m'terminal.surface.input.accepted'[39m,
  wallTimeMs: [33m1791069349822[39m,
  details: {
    operationId: [32m'req-dfa120e4-session-1-1'[39m,
    backendSessionId: [32m'session-1'[39m,
    paneIdentity: [1mnull[22m,
    bindingKey: [1mnull[22m,
    attemptGeneration: [33m1[39m,
    daemonEpoch: [1mnull[22m,
    incarnation: [1mnull[22m,
    payloadBytes: [33m10[39m,
    queuedAt: [33m1791069349822[39m
  }
}
[ferryx:switch] {
  runId: [32m'7ebbd947-70ab-47e0-89eb-1f00e06df2b9'[39m,
  sequence: [33m34[39m,
  event: [32m'terminal.surface.input.dispatch'[39m,
  wallTimeMs: [33m1791069349822[39m,
  details: {
    operationId: [32m'req-dfa120e4-session-1-1'[39m,
    backendSessionId: [32m'session-1'[39m,
    paneIdentity: [1mnull[22m,
    bindingKey: [1mnull[22m,
    attemptGeneration: [33m1[39m,
    daemonEpoch: [1mnull[22m,
    incarnation: [1mnull[22m,
    dispatchedAt: [33m1791069349822[39m
  }
}
[ferryx:switch] {
  runId: [32m'7ebbd947-70ab-47e0-89eb-1f00e06df2b9'[39m,
  sequence: [33m35[39m,
  event: [32m'terminal.surface.input.accepted'[39m,
  wallTimeMs: [33m1791069349822[39m,
  details: {
    operationId: [32m'req-preedit-dfa120e4-session-1-2'[39m,
    backendSessionId: [32m'session-1'[39m,
    paneIdentity: [1mnull[22m,
    bindingKey: [1mnull[22m,
    attemptGeneration: [33m1[39m,
    daemonEpoch: [1mnull[22m,
    incarnation: [1mnull[22m,
    payloadBytes: [33m10[39m,
    queuedAt: [33m1791069349822[39m
  }
}

stdout | src/lib/nativeTerminalInputQueue.test.ts > NativeTerminalInputQueueManager > delivers a preedit update enqueued while input send is in flight strictly after that input
[ferryx:switch] {
  runId: [32m'7ebbd947-70ab-47e0-89eb-1f00e06df2b9'[39m,
  sequence: [33m36[39m,
  event: [32m'terminal.surface.input.dispatch'[39m,
  wallTimeMs: [33m1791069349822[39m,
  details: {
    operationId: [32m'req-preedit-dfa120e4-session-1-2'[39m,
    backendSessionId: [32m'session-1'[39m,
    paneIdentity: [1mnull[22m,
    bindingKey: [1mnull[22m,
    attemptGeneration: [33m1[39m,
    daemonEpoch: [1mnull[22m,
    incarnation: [1mnull[22m,
    dispatchedAt: [33m1791069349822[39m
  }
}

stdout | src/lib/nativeTerminalInputQueue.test.ts > NativeTerminalInputQueueManager > coalesces consecutive preedit updates into one delivered call
[ferryx:switch] {
  runId: [32m'7ebbd947-70ab-47e0-89eb-1f00e06df2b9'[39m,
  sequence: [33m37[39m,
  event: [32m'terminal.surface.input.accepted'[39m,
  wallTimeMs: [33m1791069349823[39m,
  details: {
    operationId: [32m'req-dfa120e4-session-1-1'[39m,
    backendSessionId: [32m'session-1'[39m,
    paneIdentity: [1mnull[22m,
    bindingKey: [1mnull[22m,
    attemptGeneration: [33m1[39m,
    daemonEpoch: [1mnull[22m,
    incarnation: [1mnull[22m,
    payloadBytes: [33m10[39m,
    queuedAt: [33m1791069349823[39m
  }
}
[ferryx:switch] {
  runId: [32m'7ebbd947-70ab-47e0-89eb-1f00e06df2b9'[39m,
  sequence: [33m38[39m,
  event: [32m'terminal.surface.input.dispatch'[39m,
  wallTimeMs: [33m1791069349823[39m,
  details: {
    operationId: [32m'req-dfa120e4-session-1-1'[39m,
    backendSessionId: [32m'session-1'[39m,
    paneIdentity: [1mnull[22m,
    bindingKey: [1mnull[22m,
    attemptGeneration: [33m1[39m,
    daemonEpoch: [1mnull[22m,
    incarnation: [1mnull[22m,
    dispatchedAt: [33m1791069349823[39m
  }
}
[ferryx:switch] {
  runId: [32m'7ebbd947-70ab-47e0-89eb-1f00e06df2b9'[39m,
  sequence: [33m39[39m,
  event: [32m'terminal.surface.input.accepted'[39m,
  wallTimeMs: [33m1791069349823[39m,
  details: {
    operationId: [32m'req-preedit-dfa120e4-session-1-2'[39m,
    backendSessionId: [32m'session-1'[39m,
    paneIdentity: [1mnull[22m,
    bindingKey: [1mnull[22m,
    attemptGeneration: [33m1[39m,
    daemonEpoch: [1mnull[22m,
    incarnation: [1mnull[22m,
    payloadBytes: [33m10[39m,
    queuedAt: [33m1791069349823[39m
  }
}
[ferryx:switch] {
  runId: [32m'7ebbd947-70ab-47e0-89eb-1f00e06df2b9'[39m,
  sequence: [33m40[39m,
  event: [32m'terminal.surface.input.accepted'[39m,
  wallTimeMs: [33m1791069349823[39m,
  details: {
    operationId: [32m'req-preedit-dfa120e4-session-1-3'[39m,
    backendSessionId: [32m'session-1'[39m,
    paneIdentity: [1mnull[22m,
    bindingKey: [1mnull[22m,
    attemptGeneration: [33m1[39m,
    daemonEpoch: [1mnull[22m,
    incarnation: [1mnull[22m,
    payloadBytes: [33m10[39m,
    queuedAt: [33m1791069349823[39m
  }
}
[ferryx:switch] {
  runId: [32m'7ebbd947-70ab-47e0-89eb-1f00e06df2b9'[39m,
  sequence: [33m41[39m,
  event: [32m'terminal.surface.input.accepted'[39m,
  wallTimeMs: [33m1791069349823[39m,
  details: {
    operationId: [32m'req-preedit-dfa120e4-session-1-4'[39m,
    backendSessionId: [32m'session-1'[39m,
    paneIdentity: [1mnull[22m,
    bindingKey: [1mnull[22m,
    attemptGeneration: [33m1[39m,
    daemonEpoch: [1mnull[22m,
    incarnation: [1mnull[22m,
    payloadBytes: [33m10[39m,
    queuedAt: [33m1791069349823[39m
  }
}

stdout | src/lib/nativeTerminalInputQueue.test.ts > NativeTerminalInputQueueManager > coalesces consecutive preedit updates into one delivered call
[ferryx:switch] {
  runId: [32m'7ebbd947-70ab-47e0-89eb-1f00e06df2b9'[39m,
  sequence: [33m42[39m,
  event: [32m'terminal.surface.input.dispatch'[39m,
  wallTimeMs: [33m1791069349823[39m,
  details: {
    operationId: [32m'req-preedit-dfa120e4-session-1-4'[39m,
    backendSessionId: [32m'session-1'[39m,
    paneIdentity: [1mnull[22m,
    bindingKey: [1mnull[22m,
    attemptGeneration: [33m1[39m,
    daemonEpoch: [1mnull[22m,
    incarnation: [1mnull[22m,
    dispatchedAt: [33m1791069349823[39m
  }
}

stdout | src/lib/nativeTerminalInputQueue.test.ts > NativeTerminalInputQueueManager > does not dispatch a committed input until the unresolved preedit settles
[ferryx:switch] {
  runId: [32m'7ebbd947-70ab-47e0-89eb-1f00e06df2b9'[39m,
  sequence: [33m43[39m,
  event: [32m'terminal.surface.input.accepted'[39m,
  wallTimeMs: [33m1791069349824[39m,
  details: {
    operationId: [32m'req-preedit-dfa120e4-session-1-1'[39m,
    backendSessionId: [32m'session-1'[39m,
    paneIdentity: [1mnull[22m,
    bindingKey: [1mnull[22m,
    attemptGeneration: [33m1[39m,
    daemonEpoch: [1mnull[22m,
    incarnation: [1mnull[22m,
    payloadBytes: [33m10[39m,
    queuedAt: [33m1791069349824[39m
  }
}
[ferryx:switch] {
  runId: [32m'7ebbd947-70ab-47e0-89eb-1f00e06df2b9'[39m,
  sequence: [33m44[39m,
  event: [32m'terminal.surface.input.dispatch'[39m,
  wallTimeMs: [33m1791069349824[39m,
  details: {
    operationId: [32m'req-preedit-dfa120e4-session-1-1'[39m,
    backendSessionId: [32m'session-1'[39m,
    paneIdentity: [1mnull[22m,
    bindingKey: [1mnull[22m,
    attemptGeneration: [33m1[39m,
    daemonEpoch: [1mnull[22m,
    incarnation: [1mnull[22m,
    dispatchedAt: [33m1791069349824[39m
  }
}
[ferryx:switch] {
  runId: [32m'7ebbd947-70ab-47e0-89eb-1f00e06df2b9'[39m,
  sequence: [33m45[39m,
  event: [32m'terminal.surface.input.accepted'[39m,
  wallTimeMs: [33m1791069349824[39m,
  details: {
    operationId: [32m'req-dfa120e4-session-1-2'[39m,
    backendSessionId: [32m'session-1'[39m,
    paneIdentity: [1mnull[22m,
    bindingKey: [1mnull[22m,
    attemptGeneration: [33m1[39m,
    daemonEpoch: [1mnull[22m,
    incarnation: [1mnull[22m,
    payloadBytes: [33m10[39m,
    queuedAt: [33m1791069349824[39m
  }
}

stdout | src/lib/nativeTerminalInputQueue.test.ts > NativeTerminalInputQueueManager > does not dispatch a committed input until the unresolved preedit settles
[ferryx:switch] {
  runId: [32m'7ebbd947-70ab-47e0-89eb-1f00e06df2b9'[39m,
  sequence: [33m46[39m,
  event: [32m'terminal.surface.input.dispatch'[39m,
  wallTimeMs: [33m1791069349824[39m,
  details: {
    operationId: [32m'req-dfa120e4-session-1-2'[39m,
    backendSessionId: [32m'session-1'[39m,
    paneIdentity: [1mnull[22m,
    bindingKey: [1mnull[22m,
    attemptGeneration: [33m1[39m,
    daemonEpoch: [1mnull[22m,
    incarnation: [1mnull[22m,
    dispatchedAt: [33m1791069349824[39m
  }
}

stdout | src/lib/nativeTerminalInputQueue.test.ts > NativeTerminalInputQueueManager > explicitly settles displaced preedit and records drop when replacement preedit exceeds queue capacity
[ferryx:switch] {
  runId: [32m'7ebbd947-70ab-47e0-89eb-1f00e06df2b9'[39m,
  sequence: [33m47[39m,
  event: [32m'terminal.surface.input.accepted'[39m,
  wallTimeMs: [33m1791069349824[39m,
  details: {
    operationId: [32m'req-dfa120e4-session-1-1'[39m,
    backendSessionId: [32m'session-1'[39m,
    paneIdentity: [1mnull[22m,
    bindingKey: [1mnull[22m,
    attemptGeneration: [33m1[39m,
    daemonEpoch: [1mnull[22m,
    incarnation: [1mnull[22m,
    payloadBytes: [33m10[39m,
    queuedAt: [33m1791069349824[39m
  }
}
[ferryx:switch] {
  runId: [32m'7ebbd947-70ab-47e0-89eb-1f00e06df2b9'[39m,
  sequence: [33m48[39m,
  event: [32m'terminal.surface.input.dispatch'[39m,
  wallTimeMs: [33m1791069349824[39m,
  details: {
    operationId: [32m'req-dfa120e4-session-1-1'[39m,
    backendSessionId: [32m'session-1'[39m,
    paneIdentity: [1mnull[22m,
    bindingKey: [1mnull[22m,
    attemptGeneration: [33m1[39m,
    daemonEpoch: [1mnull[22m,
    incarnation: [1mnull[22m,
    dispatchedAt: [33m1791069349824[39m
  }
}
[ferryx:switch] {
  runId: [32m'7ebbd947-70ab-47e0-89eb-1f00e06df2b9'[39m,
  sequence: [33m49[39m,
  event: [32m'terminal.surface.input.accepted'[39m,
  wallTimeMs: [33m1791069349824[39m,
  details: {
    operationId: [32m'req-preedit-dfa120e4-session-1-2'[39m,
    backendSessionId: [32m'session-1'[39m,
    paneIdentity: [1mnull[22m,
    bindingKey: [1mnull[22m,
    attemptGeneration: [33m1[39m,
    daemonEpoch: [1mnull[22m,
    incarnation: [1mnull[22m,
    payloadBytes: [33m10[39m,
    queuedAt: [33m1791069349824[39m
  }
}

stdout | src/lib/nativeTerminalInputQueue.test.ts > NativeTerminalInputQueueManager > maintains isolated per-lane in-flight request ID and running age when input and preedit overlap
[ferryx:switch] {
  runId: [32m'7ebbd947-70ab-47e0-89eb-1f00e06df2b9'[39m,
  sequence: [33m50[39m,
  event: [32m'terminal.surface.input.accepted'[39m,
  wallTimeMs: [33m1791069349825[39m,
  details: {
    operationId: [32m'req-dfa120e4-session-concurrent-1'[39m,
    backendSessionId: [32m'session-concurrent'[39m,
    paneIdentity: [1mnull[22m,
    bindingKey: [1mnull[22m,
    attemptGeneration: [33m1[39m,
    daemonEpoch: [1mnull[22m,
    incarnation: [1mnull[22m,
    payloadBytes: [33m10[39m,
    queuedAt: [33m1791069349824[39m
  }
}
[ferryx:switch] {
  runId: [32m'7ebbd947-70ab-47e0-89eb-1f00e06df2b9'[39m,
  sequence: [33m51[39m,
  event: [32m'terminal.surface.input.dispatch'[39m,
  wallTimeMs: [33m1791069349825[39m,
  details: {
    operationId: [32m'req-dfa120e4-session-concurrent-1'[39m,
    backendSessionId: [32m'session-concurrent'[39m,
    paneIdentity: [1mnull[22m,
    bindingKey: [1mnull[22m,
    attemptGeneration: [33m1[39m,
    daemonEpoch: [1mnull[22m,
    incarnation: [1mnull[22m,
    dispatchedAt: [33m1791069349824[39m
  }
}
[ferryx:switch] {
  runId: [32m'7ebbd947-70ab-47e0-89eb-1f00e06df2b9'[39m,
  sequence: [33m52[39m,
  event: [32m'terminal.surface.input.accepted'[39m,
  wallTimeMs: [33m1791069349825[39m,
  details: {
    operationId: [32m'req-preedit-dfa120e4-session-concurrent-2'[39m,
    backendSessionId: [32m'session-concurrent'[39m,
    paneIdentity: [1mnull[22m,
    bindingKey: [1mnull[22m,
    attemptGeneration: [33m1[39m,
    daemonEpoch: [1mnull[22m,
    incarnation: [1mnull[22m,
    payloadBytes: [33m10[39m,
    queuedAt: [33m1791069349874[39m
  }
}

stdout | src/lib/nativeTerminalInputQueue.test.ts > NativeTerminalInputQueueManager > maintains isolated per-lane in-flight request ID and running age when input and preedit overlap
[ferryx:switch] {
  runId: [32m'7ebbd947-70ab-47e0-89eb-1f00e06df2b9'[39m,
  sequence: [33m53[39m,
  event: [32m'terminal.surface.input.dispatch'[39m,
  wallTimeMs: [33m1791069349825[39m,
  details: {
    operationId: [32m'req-preedit-dfa120e4-session-concurrent-2'[39m,
    backendSessionId: [32m'session-concurrent'[39m,
    paneIdentity: [1mnull[22m,
    bindingKey: [1mnull[22m,
    attemptGeneration: [33m1[39m,
    daemonEpoch: [1mnull[22m,
    incarnation: [1mnull[22m,
    dispatchedAt: [33m1791069349899[39m
  }
}

stdout | src/lib/nativeTerminalInputQueue.test.ts > NativeTerminalInputQueueManager > propagates custom requestId and operationName through enqueue and reports custom ID during in-flight execution
[ferryx:switch] {
  runId: [32m'7ebbd947-70ab-47e0-89eb-1f00e06df2b9'[39m,
  sequence: [33m54[39m,
  event: [32m'terminal.surface.input.accepted'[39m,
  wallTimeMs: [33m1791069349825[39m,
  details: {
    operationId: [32m'custom-req-mouse-down-1'[39m,
    backendSessionId: [32m'session-custom'[39m,
    paneIdentity: [1mnull[22m,
    bindingKey: [1mnull[22m,
    attemptGeneration: [33m1[39m,
    daemonEpoch: [1mnull[22m,
    incarnation: [1mnull[22m,
    payloadBytes: [33m64[39m,
    queuedAt: [33m1791069349825[39m
  }
}
[ferryx:switch] {
  runId: [32m'7ebbd947-70ab-47e0-89eb-1f00e06df2b9'[39m,
  sequence: [33m55[39m,
  event: [32m'terminal.surface.input.dispatch'[39m,
  wallTimeMs: [33m1791069349825[39m,
  details: {
    operationId: [32m'custom-req-mouse-down-1'[39m,
    backendSessionId: [32m'session-custom'[39m,
    paneIdentity: [1mnull[22m,
    bindingKey: [1mnull[22m,
    attemptGeneration: [33m1[39m,
    daemonEpoch: [1mnull[22m,
    incarnation: [1mnull[22m,
    dispatchedAt: [33m1791069349825[39m
  }
}

stdout | src/lib/nativeTerminalInputQueue.test.ts > NativeTerminalInputQueueManager > resets in-flight request ID and running age to null when in-flight operation rejects and proceeds to next queued operation
[ferryx:switch] {
  runId: [32m'7ebbd947-70ab-47e0-89eb-1f00e06df2b9'[39m,
  sequence: [33m56[39m,
  event: [32m'terminal.surface.input.accepted'[39m,
  wallTimeMs: [33m1791069349825[39m,
  details: {
    operationId: [32m'req-dfa120e4-session-fail-1'[39m,
    backendSessionId: [32m'session-fail'[39m,
    paneIdentity: [1mnull[22m,
    bindingKey: [1mnull[22m,
    attemptGeneration: [33m1[39m,
    daemonEpoch: [1mnull[22m,
    incarnation: [1mnull[22m,
    payloadBytes: [33m10[39m,
    queuedAt: [33m1791069349825[39m
  }
}
[ferryx:switch] {
  runId: [32m'7ebbd947-70ab-47e0-89eb-1f00e06df2b9'[39m,
  sequence: [33m57[39m,
  event: [32m'terminal.surface.input.dispatch'[39m,
  wallTimeMs: [33m1791069349825[39m,
  details: {
    operationId: [32m'req-dfa120e4-session-fail-1'[39m,
    backendSessionId: [32m'session-fail'[39m,
    paneIdentity: [1mnull[22m,
    bindingKey: [1mnull[22m,
    attemptGeneration: [33m1[39m,
    daemonEpoch: [1mnull[22m,
    incarnation: [1mnull[22m,
    dispatchedAt: [33m1791069349825[39m
  }
}
[ferryx:switch] {
  runId: [32m'7ebbd947-70ab-47e0-89eb-1f00e06df2b9'[39m,
  sequence: [33m58[39m,
  event: [32m'terminal.surface.input.accepted'[39m,
  wallTimeMs: [33m1791069349825[39m,
  details: {
    operationId: [32m'req-dfa120e4-session-fail-2'[39m,
    backendSessionId: [32m'session-fail'[39m,
    paneIdentity: [1mnull[22m,
    bindingKey: [1mnull[22m,
    attemptGeneration: [33m1[39m,
    daemonEpoch: [1mnull[22m,
    incarnation: [1mnull[22m,
    payloadBytes: [33m10[39m,
    queuedAt: [33m1791069349825[39m
  }
}

stdout | src/lib/nativeTerminalInputQueue.test.ts > NativeTerminalInputQueueManager > resets in-flight request ID and running age to null when in-flight operation rejects and proceeds to next queued operation
[ferryx:switch] {
  runId: [32m'7ebbd947-70ab-47e0-89eb-1f00e06df2b9'[39m,
  sequence: [33m59[39m,
  event: [32m'terminal.surface.input.dispatch'[39m,
  wallTimeMs: [33m1791069349825[39m,
  details: {
    operationId: [32m'req-dfa120e4-session-fail-2'[39m,
    backendSessionId: [32m'session-fail'[39m,
    paneIdentity: [1mnull[22m,
    bindingKey: [1mnull[22m,
    attemptGeneration: [33m1[39m,
    daemonEpoch: [1mnull[22m,
    incarnation: [1mnull[22m,
    dispatchedAt: [33m1791069349825[39m
  }
}

stdout | src/lib/nativeTerminalInputQueue.test.ts > NativeTerminalInputQueueManager > preserves independent in-flight tracking across distinct sessions during concurrent progress and adversarial stale generation rejection
[ferryx:switch] {
  runId: [32m'7ebbd947-70ab-47e0-89eb-1f00e06df2b9'[39m,
  sequence: [33m60[39m,
  event: [32m'terminal.surface.input.accepted'[39m,
  wallTimeMs: [33m1791069349826[39m,
  details: {
    operationId: [32m'req-dfa120e4-session-A-1'[39m,
    backendSessionId: [32m'session-A'[39m,
    paneIdentity: [1mnull[22m,
    bindingKey: [1mnull[22m,
    attemptGeneration: [33m1[39m,
    daemonEpoch: [1mnull[22m,
    incarnation: [1mnull[22m,
    payloadBytes: [33m10[39m,
    queuedAt: [33m1791069349826[39m
  }
}
[ferryx:switch] {
  runId: [32m'7ebbd947-70ab-47e0-89eb-1f00e06df2b9'[39m,
  sequence: [33m61[39m,
  event: [32m'terminal.surface.input.dispatch'[39m,
  wallTimeMs: [33m1791069349826[39m,
  details: {
    operationId: [32m'req-dfa120e4-session-A-1'[39m,
    backendSessionId: [32m'session-A'[39m,
    paneIdentity: [1mnull[22m,
    bindingKey: [1mnull[22m,
    attemptGeneration: [33m1[39m,
    daemonEpoch: [1mnull[22m,
    incarnation: [1mnull[22m,
    dispatchedAt: [33m1791069349826[39m
  }
}
[ferryx:switch] {
  runId: [32m'7ebbd947-70ab-47e0-89eb-1f00e06df2b9'[39m,
  sequence: [33m62[39m,
  event: [32m'terminal.surface.input.accepted'[39m,
  wallTimeMs: [33m1791069349826[39m,
  details: {
    operationId: [32m'req-dfa120e4-session-A-2'[39m,
    backendSessionId: [32m'session-A'[39m,
    paneIdentity: [1mnull[22m,
    bindingKey: [1mnull[22m,
    attemptGeneration: [33m1[39m,
    daemonEpoch: [1mnull[22m,
    incarnation: [1mnull[22m,
    payloadBytes: [33m10[39m,
    queuedAt: [33m1791069349826[39m
  }
}
[ferryx:switch] {
  runId: [32m'7ebbd947-70ab-47e0-89eb-1f00e06df2b9'[39m,
  sequence: [33m63[39m,
  event: [32m'terminal.surface.input.accepted'[39m,
  wallTimeMs: [33m1791069349826[39m,
  details: {
    operationId: [32m'req-dfa120e4-session-B-3'[39m,
    backendSessionId: [32m'session-B'[39m,
    paneIdentity: [1mnull[22m,
    bindingKey: [1mnull[22m,
    attemptGeneration: [33m1[39m,
    daemonEpoch: [1mnull[22m,
    incarnation: [1mnull[22m,
    payloadBytes: [33m10[39m,
    queuedAt: [33m1791069349826[39m
  }
}
[ferryx:switch] {
  runId: [32m'7ebbd947-70ab-47e0-89eb-1f00e06df2b9'[39m,
  sequence: [33m64[39m,
  event: [32m'terminal.surface.input.dispatch'[39m,
  wallTimeMs: [33m1791069349826[39m,
  details: {
    operationId: [32m'req-dfa120e4-session-B-3'[39m,
    backendSessionId: [32m'session-B'[39m,
    paneIdentity: [1mnull[22m,
    bindingKey: [1mnull[22m,
    attemptGeneration: [33m1[39m,
    daemonEpoch: [1mnull[22m,
    incarnation: [1mnull[22m,
    dispatchedAt: [33m1791069349826[39m
  }
}

stdout | src/lib/nativeTerminalInputQueue.test.ts > NativeTerminalInputQueueManager > distinguishes in-flight execution age from waiting queued head age
[ferryx:switch] {
  runId: [32m'7ebbd947-70ab-47e0-89eb-1f00e06df2b9'[39m,
  sequence: [33m65[39m,
  event: [32m'terminal.surface.input.accepted'[39m,
  wallTimeMs: [33m1791069349826[39m,
  details: {
    operationId: [32m'req-dfa120e4-sess-queue-age-1'[39m,
    backendSessionId: [32m'sess-queue-age'[39m,
    paneIdentity: [1mnull[22m,
    bindingKey: [1mnull[22m,
    attemptGeneration: [33m1[39m,
    daemonEpoch: [1mnull[22m,
    incarnation: [1mnull[22m,
    payloadBytes: [33m10[39m,
    queuedAt: [33m1791069349826[39m
  }
}
[ferryx:switch] {
  runId: [32m'7ebbd947-70ab-47e0-89eb-1f00e06df2b9'[39m,
  sequence: [33m66[39m,
  event: [32m'terminal.surface.input.dispatch'[39m,
  wallTimeMs: [33m1791069349826[39m,
  details: {
    operationId: [32m'req-dfa120e4-sess-queue-age-1'[39m,
    backendSessionId: [32m'sess-queue-age'[39m,
    paneIdentity: [1mnull[22m,
    bindingKey: [1mnull[22m,
    attemptGeneration: [33m1[39m,
    daemonEpoch: [1mnull[22m,
    incarnation: [1mnull[22m,
    dispatchedAt: [33m1791069349826[39m
  }
}
[ferryx:switch] {
  runId: [32m'7ebbd947-70ab-47e0-89eb-1f00e06df2b9'[39m,
  sequence: [33m67[39m,
  event: [32m'terminal.surface.input.accepted'[39m,
  wallTimeMs: [33m1791069349826[39m,
  details: {
    operationId: [32m'req-dfa120e4-sess-queue-age-2'[39m,
    backendSessionId: [32m'sess-queue-age'[39m,
    paneIdentity: [32m'pane-1'[39m,
    bindingKey: [32m'bk-1'[39m,
    attemptGeneration: [33m1[39m,
    daemonEpoch: [1mnull[22m,
    incarnation: [1mnull[22m,
    payloadBytes: [33m10[39m,
    queuedAt: [33m1791069349846[39m
  }
}

stdout | src/lib/nativeTerminalInputQueue.test.ts > NativeTerminalInputQueueManager > distinguishes in-flight execution age from waiting queued head age
[ferryx:switch] {
  runId: [32m'7ebbd947-70ab-47e0-89eb-1f00e06df2b9'[39m,
  sequence: [33m68[39m,
  event: [32m'terminal.surface.input.dispatch'[39m,
  wallTimeMs: [33m1791069349826[39m,
  details: {
    operationId: [32m'req-dfa120e4-sess-queue-age-2'[39m,
    backendSessionId: [32m'sess-queue-age'[39m,
    paneIdentity: [32m'pane-1'[39m,
    bindingKey: [32m'bk-1'[39m,
    attemptGeneration: [33m1[39m,
    daemonEpoch: [1mnull[22m,
    incarnation: [1mnull[22m,
    dispatchedAt: [33m1791069349896[39m
  }
}

 ✓ src/lib/nativeTerminalInputQueue.test.ts (17 tests) 11ms
stderr | src/lib/useDagWatchLifecycle.test.tsx > retries a rejected subscription without requiring a project change
DAG subscription failed ssh:workspace:/remote:repo Error: daemon restarting
    at [90m/Users/I552267/ferryx-pane-completion/source-5464da0d/ui/[39msrc/lib/useDagWatchLifecycle.test.tsx:113:28
    at [90mfile:///Users/I552267/ferryx-pane-completion/source-5464da0d/ui/[39mnode_modules/[4m@vitest/runner[24m/dist/chunk-hooks.js:155:11
    at [90mfile:///Users/I552267/ferryx-pane-completion/source-5464da0d/ui/[39mnode_modules/[4m@vitest/runner[24m/dist/chunk-hooks.js:752:26
    at [90mfile:///Users/I552267/ferryx-pane-completion/source-5464da0d/ui/[39mnode_modules/[4m@vitest/runner[24m/dist/chunk-hooks.js:1897:20
    at new Promise (<anonymous>)
    at runWithTimeout [90m(file:///Users/I552267/ferryx-pane-completion/source-5464da0d/ui/[39mnode_modules/[4m@vitest/runner[24m/dist/chunk-hooks.js:1863:10[90m)[39m
    at runTest [90m(file:///Users/I552267/ferryx-pane-completion/source-5464da0d/ui/[39mnode_modules/[4m@vitest/runner[24m/dist/chunk-hooks.js:1574:12[90m)[39m
    at runSuite [90m(file:///Users/I552267/ferryx-pane-completion/source-5464da0d/ui/[39mnode_modules/[4m@vitest/runner[24m/dist/chunk-hooks.js:1729:8[90m)[39m
    at runFiles [90m(file:///Users/I552267/ferryx-pane-completion/source-5464da0d/ui/[39mnode_modules/[4m@vitest/runner[24m/dist/chunk-hooks.js:1787:3[90m)[39m
    at startTests [90m(file:///Users/I552267/ferryx-pane-completion/source-5464da0d/ui/[39mnode_modules/[4m@vitest/runner[24m/dist/chunk-hooks.js:1820:3[90m)[39m

stderr | src/lib/useDagWatchLifecycle.test.tsx > retries listener registration before opening subscriptions
DAG listener registration failed Error: event service restarting
    at [90m/Users/I552267/ferryx-pane-completion/source-5464da0d/ui/[39msrc/lib/useDagWatchLifecycle.test.tsx:125:28
    at [90mfile:///Users/I552267/ferryx-pane-completion/source-5464da0d/ui/[39mnode_modules/[4m@vitest/runner[24m/dist/chunk-hooks.js:155:11
    at [90mfile:///Users/I552267/ferryx-pane-completion/source-5464da0d/ui/[39mnode_modules/[4m@vitest/runner[24m/dist/chunk-hooks.js:752:26
    at [90mfile:///Users/I552267/ferryx-pane-completion/source-5464da0d/ui/[39mnode_modules/[4m@vitest/runner[24m/dist/chunk-hooks.js:1897:20
    at new Promise (<anonymous>)
    at runWithTimeout [90m(file:///Users/I552267/ferryx-pane-completion/source-5464da0d/ui/[39mnode_modules/[4m@vitest/runner[24m/dist/chunk-hooks.js:1863:10[90m)[39m
    at runTest [90m(file:///Users/I552267/ferryx-pane-completion/source-5464da0d/ui/[39mnode_modules/[4m@vitest/runner[24m/dist/chunk-hooks.js:1574:12[90m)[39m
    at runSuite [90m(file:///Users/I552267/ferryx-pane-completion/source-5464da0d/ui/[39mnode_modules/[4m@vitest/runner[24m/dist/chunk-hooks.js:1729:8[90m)[39m
    at runFiles [90m(file:///Users/I552267/ferryx-pane-completion/source-5464da0d/ui/[39mnode_modules/[4m@vitest/runner[24m/dist/chunk-hooks.js:1787:3[90m)[39m
    at startTests [90m(file:///Users/I552267/ferryx-pane-completion/source-5464da0d/ui/[39mnode_modules/[4m@vitest/runner[24m/dist/chunk-hooks.js:1820:3[90m)[39m

stderr | src/lib/useDagWatchLifecycle.test.tsx > cancels a scheduled retry when the hook unmounts
DAG subscription failed ssh:workspace:/remote:repo Error: offline
    at [90m/Users/I552267/ferryx-pane-completion/source-5464da0d/ui/[39msrc/lib/useDagWatchLifecycle.test.tsx:139:58
    at [90mfile:///Users/I552267/ferryx-pane-completion/source-5464da0d/ui/[39mnode_modules/[4m@vitest/runner[24m/dist/chunk-hooks.js:155:11
    at [90mfile:///Users/I552267/ferryx-pane-completion/source-5464da0d/ui/[39mnode_modules/[4m@vitest/runner[24m/dist/chunk-hooks.js:752:26
    at [90mfile:///Users/I552267/ferryx-pane-completion/source-5464da0d/ui/[39mnode_modules/[4m@vitest/runner[24m/dist/chunk-hooks.js:1897:20
    at new Promise (<anonymous>)
    at runWithTimeout [90m(file:///Users/I552267/ferryx-pane-completion/source-5464da0d/ui/[39mnode_modules/[4m@vitest/runner[24m/dist/chunk-hooks.js:1863:10[90m)[39m
    at runTest [90m(file:///Users/I552267/ferryx-pane-completion/source-5464da0d/ui/[39mnode_modules/[4m@vitest/runner[24m/dist/chunk-hooks.js:1574:12[90m)[39m
    at runSuite [90m(file:///Users/I552267/ferryx-pane-completion/source-5464da0d/ui/[39mnode_modules/[4m@vitest/runner[24m/dist/chunk-hooks.js:1729:8[90m)[39m
    at runFiles [90m(file:///Users/I552267/ferryx-pane-completion/source-5464da0d/ui/[39mnode_modules/[4m@vitest/runner[24m/dist/chunk-hooks.js:1787:3[90m)[39m
    at startTests [90m(file:///Users/I552267/ferryx-pane-completion/source-5464da0d/ui/[39mnode_modules/[4m@vitest/runner[24m/dist/chunk-hooks.js:1820:3[90m)[39m

 ✓ src/lib/useDagWatchLifecycle.test.tsx (17 tests) 27ms
 ✓ src/state/workspaceStore.browserLifecycle.test.tsx (8 tests) 23ms
 ✓ src/state/screenActivity.test.ts (18 tests) 10ms
 ✓ src/remote/RemoteTerminal.mobile.test.tsx (20 tests) 179ms
 ✓ src/App.remoteHostShortcuts.test.tsx (4 tests) 274ms
 ✓ src/remote/chat/MobileChatMessage.test.tsx (27 tests) 137ms
 ✓ src/lib/filePreview.test.ts (16 tests) 7ms
 ❯ src/App.pairedDaemon.test.tsx (8 tests | 1 failed) 243ms
   ✓ App paired desktop shell > routes deletion of an inactive paired project's worktree through its owning project 87ms
   ✓ App paired desktop shell > preserves paired ownership and reports disabled native support without local registration 6ms
   ✓ App paired desktop shell > refreshes unavailable paired inventory when selecting its project without refocusing the window 13ms
   ✓ App paired desktop shell > refreshes unavailable inventory when selecting a different worktree in the active paired project 13ms
   × App paired desktop shell > keeps local tabs and the palette mounted when inventory selection changes 49ms
     → expected "spy" to be called 1 times, but got 0 times
   ✓ App paired desktop shell > selects a worktree on a paired machine and requests terminal spawn with worktree path and identity 20ms
   ✓ App paired desktop shell > routes two different paired worktree selections to distinct backend spawn paths 28ms
   ✓ App paired desktop shell > switches to paired project and preserves pending worktree when selected from another project 25ms
 ❯ src/lib/agentReconnect.integration.test.ts (7 tests | 1 failed) 22ms
   ✓ agent reconnect cross-layer contracts > persists recovered OMO CWD and transcript without changing the workspace root 5ms
   × agent reconnect cross-layer contracts > spans stale persisted load through typed reconnect and saved snapshot 6ms
     → expected { id: 'local-agent', …(17) } to match object { backendSessionId: null, …(2) }
(15 matching properties omitted from actual)
   ✓ agent reconnect cross-layer contracts > loads a legacy agentSessionId and completes reconnect with the canonical provider identity 1ms
   ✓ agent reconnect cross-layer contracts > runs typed spawn, attach, proposed persistence, and same-local-id rebind 1ms
   ✓ agent reconnect cross-layer contracts > keeps cold identity and structured failure when attach rejects 1ms
   ✓ agent reconnect cross-layer contracts > auto-resumes deserialized exited agent sessions through scheduleAgentAutoResume in Eager mode 8ms
   ✓ agent reconnect cross-layer contracts > adopts live existing daemon session on AGENT_SESSION_CONFLICT without calling closeTerminal 1ms
 ✓ src/components/WorktreeDeleteDialog.test.tsx (14 tests) 136ms
 ✓ src/lib/linkRouting.test.ts (33 tests) 13ms
 ✓ src/lib/agentResumeAffordance.test.ts (21 tests) 6ms
stderr | src/lib/sessionLifecycle.test.ts > sessionLifecycle > idle sweep > vetoes suspension when the output ground truth cannot be verified
Failed to read daemon suspension state: Error: ipc down
    at [90m/Users/I552267/ferryx-pane-completion/source-5464da0d/ui/[39msrc/lib/sessionLifecycle.test.ts:356:50
    at mockCall [90m(file:///Users/I552267/ferryx-pane-completion/source-5464da0d/ui/[39mnode_modules/[4m@vitest/spy[24m/dist/index.js:96:15[90m)[39m
    at describeTerminal [90m(file:///Users/I552267/ferryx-pane-completion/source-5464da0d/ui/[39mnode_modules/[4mtinyspy[24m/dist/index.js:47:80[90m)[39m
    at [90m/Users/I552267/ferryx-pane-completion/source-5464da0d/ui/[39msrc/lib/sessionLifecycle.ts:191:17

 ❯ src/lib/sessionLifecycle.test.ts (20 tests | 1 failed) 125ms
   ✓ sessionLifecycle > EOF listener mutation cannot notify removed or newly registered owners 1ms
   ✓ sessionLifecycle > displays authoritative suspension without resuming on activation 1ms
   ✓ sessionLifecycle > failed explicit resume preserves the suspended state 1ms
   ✓ sessionLifecycle > represents a restored shell as standby without allocating a real backend 0ms
   ✓ sessionLifecycle > distinguishes running and hibernated resource state 0ms
   ✓ sessionLifecycle > preserves an explicitly persisted hibernated standby identity 0ms
   ✓ sessionLifecycle > clears hibernated state after a process is resumed 0ms
   ✓ sessionLifecycle > explicit resume invokes resumeTerminal on backend 0ms
   ✓ sessionLifecycle > preserves durable session across unmount without destroying backing PTY 0ms
   ✓ sessionLifecycle > manual Hibernate holds an active pane asleep until a real focus transition 0ms
   ✓ sessionLifecycle > retains only bounded recent scrollback for persisted hibernated sessions 0ms
   ✓ sessionLifecycle > adopts a daemon-reported suspension the GUI did not perform (restart case) 53ms
   ✓ sessionLifecycle > leaves a running daemon session awake 51ms
   ✓ sessionLifecycle > suspendRegisteredSession preserves backendSessionId and marks processState suspended 0ms
   ✓ sessionLifecycle > resumeRegisteredSession clears sleeping bit and restores running state 0ms
   ✓ sessionLifecycle > restartRegisteredSession closes old backend and allocates a fresh running shell, invoking rebind handler 1ms
   ✓ sessionLifecycle > idle sweep > never suspends when the idle timeout is 0 (off) 3ms
   ✓ sessionLifecycle > idle sweep > vetoes suspension when the session produced recent PTY output despite an idle classifier 2ms
   × sessionLifecycle > idle sweep > suspends when classifier and output ground truth agree on inactivity 7ms
     → expected "suspendTerminal" to be called with arguments: [ 'backend-live-1' ][90m

Number of calls: [1m0[22m
[39m
   ✓ sessionLifecycle > idle sweep > vetoes suspension when the output ground truth cannot be verified 3ms
 ✓ src/components/notification/NotificationCenterPopover.test.tsx (16 tests) 251ms
 ✓ src/remote/RemoteBrowser.reconnect.test.tsx (8 tests) 363ms
 ✓ src/components/FilePreviewText.test.tsx (20 tests) 209ms
 ✓ src/remote/AccountLoginPage.test.tsx (10 tests) 61ms
 ✓ src/state/inactiveProjectWorktrees.test.tsx (13 tests) 19ms
 ✓ src/lib/browserTauri.test.ts (26 tests) 7ms
 ✓ src/components/AgentHistoryDialog.test.tsx (8 tests) 196ms
 ✓ src/components/Sidebar.remote.test.tsx (12 tests) 191ms
stderr | src/components/FilePreviewDialog.test.tsx > FilePreviewDialog > renders an audio payload with a read-only audio element, not the video renderer
Error: Not implemented: HTMLMediaElement.prototype.pause
    at module.exports (/Users/I552267/ferryx-pane-completion/source-5464da0d/ui/node_modules/jsdom/lib/jsdom/browser/not-implemented.js:9:17)
    at HTMLAudioElementImpl.pause (/Users/I552267/ferryx-pane-completion/source-5464da0d/ui/node_modules/jsdom/lib/jsdom/living/nodes/HTMLMediaElement-impl.js:121:5)
    at HTMLAudioElement.pause (/Users/I552267/ferryx-pane-completion/source-5464da0d/ui/node_modules/jsdom/lib/jsdom/living/generated/HTMLMediaElement.js:160:34)
    at /Users/I552267/ferryx-pane-completion/source-5464da0d/ui/src/components/FilePreviewAudio.tsx:17:13
    at safelyCallDestroy (/Users/I552267/ferryx-pane-completion/source-5464da0d/ui/node_modules/react-dom/cjs/react-dom.development.js:22971:5)
    at commitHookEffectListUnmount (/Users/I552267/ferryx-pane-completion/source-5464da0d/ui/node_modules/react-dom/cjs/react-dom.development.js:23139:11)
    at commitPassiveUnmountInsideDeletedTreeOnFiber (/Users/I552267/ferryx-pane-completion/source-5464da0d/ui/node_modules/react-dom/cjs/react-dom.development.js:25140:11)
    at commitPassiveUnmountEffectsInsideOfDeletedTree_begin (/Users/I552267/ferryx-pane-completion/source-5464da0d/ui/node_modules/react-dom/cjs/react-dom.development.js:25087:5)
    at commitPassiveUnmountEffects_begin (/Users/I552267/ferryx-pane-completion/source-5464da0d/ui/node_modules/react-dom/cjs/react-dom.development.js:24995:11)
    at commitPassiveUnmountEffects (/Users/I552267/ferryx-pane-completion/source-5464da0d/ui/node_modules/react-dom/cjs/react-dom.development.js:24980:3) [90mundefined[39m
Error: Not implemented: HTMLMediaElement.prototype.load
    at module.exports (/Users/I552267/ferryx-pane-completion/source-5464da0d/ui/node_modules/jsdom/lib/jsdom/browser/not-implemented.js:9:17)
    at HTMLAudioElementImpl.load (/Users/I552267/ferryx-pane-completion/source-5464da0d/ui/node_modules/jsdom/lib/jsdom/living/nodes/HTMLMediaElement-impl.js:112:5)
    at HTMLAudioElement.load (/Users/I552267/ferryx-pane-completion/source-5464da0d/ui/node_modules/jsdom/lib/jsdom/living/generated/HTMLMediaElement.js:109:34)
    at /Users/I552267/ferryx-pane-completion/source-5464da0d/ui/src/components/FilePreviewAudio.tsx:19:13
    at safelyCallDestroy (/Users/I552267/ferryx-pane-completion/source-5464da0d/ui/node_modules/react-dom/cjs/react-dom.development.js:22971:5)
    at commitHookEffectListUnmount (/Users/I552267/ferryx-pane-completion/source-5464da0d/ui/node_modules/react-dom/cjs/react-dom.development.js:23139:11)
    at commitPassiveUnmountInsideDeletedTreeOnFiber (/Users/I552267/ferryx-pane-completion/source-5464da0d/ui/node_modules/react-dom/cjs/react-dom.development.js:25140:11)
    at commitPassiveUnmountEffectsInsideOfDeletedTree_begin (/Users/I552267/ferryx-pane-completion/source-5464da0d/ui/node_modules/react-dom/cjs/react-dom.development.js:25087:5)
    at commitPassiveUnmountEffects_begin (/Users/I552267/ferryx-pane-completion/source-5464da0d/ui/node_modules/react-dom/cjs/react-dom.development.js:24995:11)
    at commitPassiveUnmountEffects (/Users/I552267/ferryx-pane-completion/source-5464da0d/ui/node_modules/react-dom/cjs/react-dom.development.js:24980:3) [90mundefined[39m

 ✓ src/components/FilePreviewDialog.test.tsx (15 tests) 162ms
 ✓ src/components/TerminalSplitView.paneToTabRow.runtime.test.tsx (7 tests) 62ms
 ✓ src/lib/localSplitLifecycle.test.ts (19 tests) 12ms
 ✓ src/lib/notificationCenter/notificationCenter.test.ts (37 tests) 23ms
 ✓ src/components/WorktreeDiskDialog.test.tsx (8 tests) 154ms
 ✓ src/state/workspaceRuntime.test.tsx (11 tests) 625ms
 ✓ src/components/FilePreviewImage.test.tsx (17 tests) 206ms
 ❯ src/components/TerminalSearchOverlay.test.tsx (11 tests | 1 failed) 98ms
   ✓ TerminalSearchOverlay native session search > renders search input, navigation buttons, and close button 39ms
   ✓ TerminalSearchOverlay native session search > triggers native search on query input and parses camelCase Rust DTO object 9ms
   ✓ TerminalSearchOverlay native session search > triggers native search on query input and displays match counter 7ms
   ✓ TerminalSearchOverlay native session search > handles zero matches DTO object cleanly with 0/0 7ms
   ✓ TerminalSearchOverlay native session search > handles invoke rejection gracefully by showing 0/0 5ms
   ✓ TerminalSearchOverlay native session search > parses snake_case DTO matches gracefully 4ms
   ✓ TerminalSearchOverlay native session search > navigates matches with Enter, Shift+Enter, and arrow buttons 8ms
   ✓ TerminalSearchOverlay native session search > ignores an out-of-order stale search result and keeps the newest query's counts 4ms
   ✓ TerminalSearchOverlay native session search > does not let a stale rejection overwrite a newer successful result 4ms
   × TerminalSearchOverlay native session search > resets stale counts and re-searches the new session on sessionId change 8ms
     → expected [ …(3) ] to have a length of 2 but got 3
   ✓ TerminalSearchOverlay native session search > closes on Escape and close button, triggering onFocusTerminal 3ms
 ✓ src/components/settings/PermissionsSection.test.tsx (11 tests) 114ms
 ✓ src/remote/RemoteTerminalGestures.test.tsx (10 tests) 107ms
stderr | src/components/NativeTerminalPane.presentation.test.tsx > native terminal presentation retention > does not steal dialog focus when an earlier attachment finishes
Native terminal IPC command failed {
  command: [32m'cmd_native_terminal_attach'[39m,
  error: {
    code: [32m'SPAWN_ATTEMPT_TIMEOUT'[39m,
    message: [32m'Shell startup was not confirmed. Retry to reconcile the same shell.'[39m,
    details: { stage: [32m'missingDurablePersistence'[39m, delivery: [32m'ambiguous'[39m }
  }
}

stderr | src/components/NativeTerminalPane.presentation.test.tsx > native terminal presentation retention > keeps a presented macOS surface under a dialog without accepting terminal keys
Native terminal IPC command failed {
  command: [32m'cmd_native_terminal_attach'[39m,
  error: {
    code: [32m'SPAWN_ATTEMPT_TIMEOUT'[39m,
    message: [32m'Shell startup was not confirmed. Retry to reconcile the same shell.'[39m,
    details: { stage: [32m'missingDurablePersistence'[39m, delivery: [32m'ambiguous'[39m }
  }
}

stderr | src/components/NativeTerminalPane.presentation.test.tsx > native terminal presentation retention > does not recover an in-flight input after a dialog takes ownership
Native terminal IPC command failed {
  command: [32m'cmd_native_terminal_attach'[39m,
  error: {
    code: [32m'SPAWN_ATTEMPT_TIMEOUT'[39m,
    message: [32m'Shell startup was not confirmed. Retry to reconcile the same shell.'[39m,
    details: { stage: [32m'missingDurablePersistence'[39m, delivery: [32m'ambiguous'[39m }
  }
}

stdout | src/components/NativeTerminalPane.presentation.test.tsx > native terminal presentation retention > does not recover an in-flight input after a dialog takes ownership
[ferryx:switch] {
  runId: [32m'5b1b9edb-eeb8-460a-a1f3-e9b26abb5f77'[39m,
  sequence: [33m1[39m,
  event: [32m'terminal.surface.input.accepted'[39m,
  wallTimeMs: [33m1791069379852[39m,
  details: {
    operationId: [32m'req-3abdcd70-backend-a-1'[39m,
    backendSessionId: [32m'backend-a'[39m,
    paneIdentity: [1mnull[22m,
    bindingKey: [1mnull[22m,
    attemptGeneration: [1mnull[22m,
    daemonEpoch: [1mnull[22m,
    incarnation: [1mnull[22m,
    payloadBytes: [33m1[39m,
    queuedAt: [33m1791069379852[39m
  }
}
[ferryx:switch] {
  runId: [32m'5b1b9edb-eeb8-460a-a1f3-e9b26abb5f77'[39m,
  sequence: [33m2[39m,
  event: [32m'terminal.surface.input.dispatch'[39m,
  wallTimeMs: [33m1791069379852[39m,
  details: {
    operationId: [32m'req-3abdcd70-backend-a-1'[39m,
    backendSessionId: [32m'backend-a'[39m,
    paneIdentity: [1mnull[22m,
    bindingKey: [1mnull[22m,
    attemptGeneration: [1mnull[22m,
    daemonEpoch: [1mnull[22m,
    incarnation: [1mnull[22m,
    dispatchedAt: [33m1791069379852[39m
  }
}

stderr | src/components/NativeTerminalPane.presentation.test.tsx > native terminal presentation retention > retains a shown final frame on exit, blocks input, and releases it on unmount ({})
Native terminal IPC command failed {
  command: [32m'cmd_native_terminal_attach'[39m,
  error: {
    code: [32m'SPAWN_ATTEMPT_TIMEOUT'[39m,
    message: [32m'Shell startup was not confirmed. Retry to reconcile the same shell.'[39m,
    details: { stage: [32m'missingDurablePersistence'[39m, delivery: [32m'ambiguous'[39m }
  }
}

stderr | src/components/NativeTerminalPane.presentation.test.tsx > native terminal presentation retention > retains a shown final frame on exit, blocks input, and releases it on unmount ({"daemonEpoch":"epoch-a","remoteGeneration":7,"remoteConnectionState":"connected"})
Native terminal IPC command failed {
  command: [32m'cmd_native_terminal_attach'[39m,
  error: {
    code: [32m'SPAWN_ATTEMPT_TIMEOUT'[39m,
    message: [32m'Shell startup was not confirmed. Retry to reconcile the same shell.'[39m,
    details: { stage: [32m'missingDurablePersistence'[39m, delivery: [32m'ambiguous'[39m }
  }
}

stderr | src/components/NativeTerminalPane.presentation.test.tsx > native terminal presentation retention > rebinds the same backend ID and fences the previous attach completion ({"daemonEpoch":"epoch-b","remoteGeneration":1})
Native terminal IPC command failed {
  command: [32m'cmd_native_terminal_attach'[39m,
  error: {
    code: [32m'SPAWN_ATTEMPT_TIMEOUT'[39m,
    message: [32m'Shell startup was not confirmed. Retry to reconcile the same shell.'[39m,
    details: { stage: [32m'missingDurablePersistence'[39m, delivery: [32m'ambiguous'[39m }
  }
}

stderr | src/components/NativeTerminalPane.presentation.test.tsx > native terminal presentation retention > rebinds the same backend ID and fences the previous attach completion ({"daemonEpoch":"epoch-a","remoteGeneration":2})
Native terminal IPC command failed {
  command: [32m'cmd_native_terminal_attach'[39m,
  error: {
    code: [32m'SPAWN_ATTEMPT_TIMEOUT'[39m,
    message: [32m'Shell startup was not confirmed. Retry to reconcile the same shell.'[39m,
    details: { stage: [32m'missingDurablePersistence'[39m, delivery: [32m'ambiguous'[39m }
  }
}

stderr | src/components/NativeTerminalPane.presentation.test.tsx > native terminal presentation retention > fences pending input recovery across a same-ID binding change ({"daemonEpoch":"epoch-b","remoteGeneration":1})
Native terminal IPC command failed {
  command: [32m'cmd_native_terminal_attach'[39m,
  error: {
    code: [32m'SPAWN_ATTEMPT_TIMEOUT'[39m,
    message: [32m'Shell startup was not confirmed. Retry to reconcile the same shell.'[39m,
    details: { stage: [32m'missingDurablePersistence'[39m, delivery: [32m'ambiguous'[39m }
  }
}

stdout | src/components/NativeTerminalPane.presentation.test.tsx > native terminal presentation retention > fences pending input recovery across a same-ID binding change ({"daemonEpoch":"epoch-b","remoteGeneration":1})
[ferryx:switch] {
  runId: [32m'5b1b9edb-eeb8-460a-a1f3-e9b26abb5f77'[39m,
  sequence: [33m3[39m,
  event: [32m'terminal.surface.input.accepted'[39m,
  wallTimeMs: [33m1791069379863[39m,
  details: {
    operationId: [32m'req-3abdcd70-backend-a-2'[39m,
    backendSessionId: [32m'backend-a'[39m,
    paneIdentity: [1mnull[22m,
    bindingKey: [1mnull[22m,
    attemptGeneration: [1mnull[22m,
    daemonEpoch: [1mnull[22m,
    incarnation: [1mnull[22m,
    payloadBytes: [33m1[39m,
    queuedAt: [33m1791069379863[39m
  }
}
[ferryx:switch] {
  runId: [32m'5b1b9edb-eeb8-460a-a1f3-e9b26abb5f77'[39m,
  sequence: [33m4[39m,
  event: [32m'terminal.surface.input.dispatch'[39m,
  wallTimeMs: [33m1791069379863[39m,
  details: {
    operationId: [32m'req-3abdcd70-backend-a-2'[39m,
    backendSessionId: [32m'backend-a'[39m,
    paneIdentity: [1mnull[22m,
    bindingKey: [1mnull[22m,
    attemptGeneration: [1mnull[22m,
    daemonEpoch: [1mnull[22m,
    incarnation: [1mnull[22m,
    dispatchedAt: [33m1791069379863[39m
  }
}

stderr | src/components/NativeTerminalPane.presentation.test.tsx > native terminal presentation retention > fences pending input recovery across a same-ID binding change ({"daemonEpoch":"epoch-b","remoteGeneration":1})
Native terminal IPC command failed {
  command: [32m'cmd_native_terminal_attach'[39m,
  error: {
    code: [32m'SPAWN_ATTEMPT_TIMEOUT'[39m,
    message: [32m'Shell startup was not confirmed. Retry to reconcile the same shell.'[39m,
    details: { stage: [32m'missingDurablePersistence'[39m, delivery: [32m'ambiguous'[39m }
  }
}

stderr | src/components/NativeTerminalPane.presentation.test.tsx > native terminal presentation retention > fences pending input recovery across a same-ID binding change ({"daemonEpoch":"epoch-a","remoteGeneration":2})
Native terminal IPC command failed {
  command: [32m'cmd_native_terminal_attach'[39m,
  error: {
    code: [32m'SPAWN_ATTEMPT_TIMEOUT'[39m,
    message: [32m'Shell startup was not confirmed. Retry to reconcile the same shell.'[39m,
    details: { stage: [32m'missingDurablePersistence'[39m, delivery: [32m'ambiguous'[39m }
  }
}

stdout | src/components/NativeTerminalPane.presentation.test.tsx > native terminal presentation retention > fences pending input recovery across a same-ID binding change ({"daemonEpoch":"epoch-a","remoteGeneration":2})
[ferryx:switch] {
  runId: [32m'5b1b9edb-eeb8-460a-a1f3-e9b26abb5f77'[39m,
  sequence: [33m5[39m,
  event: [32m'terminal.surface.input.accepted'[39m,
  wallTimeMs: [33m1791069379867[39m,
  details: {
    operationId: [32m'req-3abdcd70-backend-a-3'[39m,
    backendSessionId: [32m'backend-a'[39m,
    paneIdentity: [1mnull[22m,
    bindingKey: [1mnull[22m,
    attemptGeneration: [1mnull[22m,
    daemonEpoch: [1mnull[22m,
    incarnation: [1mnull[22m,
    payloadBytes: [33m1[39m,
    queuedAt: [33m1791069379867[39m
  }
}
[ferryx:switch] {
  runId: [32m'5b1b9edb-eeb8-460a-a1f3-e9b26abb5f77'[39m,
  sequence: [33m6[39m,
  event: [32m'terminal.surface.input.dispatch'[39m,
  wallTimeMs: [33m1791069379867[39m,
  details: {
    operationId: [32m'req-3abdcd70-backend-a-3'[39m,
    backendSessionId: [32m'backend-a'[39m,
    paneIdentity: [1mnull[22m,
    bindingKey: [1mnull[22m,
    attemptGeneration: [1mnull[22m,
    daemonEpoch: [1mnull[22m,
    incarnation: [1mnull[22m,
    dispatchedAt: [33m1791069379867[39m
  }
}

stderr | src/components/NativeTerminalPane.presentation.test.tsx > native terminal presentation retention > fences pending input recovery across a same-ID binding change ({"daemonEpoch":"epoch-a","remoteGeneration":2})
Native terminal IPC command failed {
  command: [32m'cmd_native_terminal_attach'[39m,
  error: {
    code: [32m'SPAWN_ATTEMPT_TIMEOUT'[39m,
    message: [32m'Shell startup was not confirmed. Retry to reconcile the same shell.'[39m,
    details: { stage: [32m'missingDurablePersistence'[39m, delivery: [32m'ambiguous'[39m }
  }
}

stderr | src/components/NativeTerminalPane.presentation.test.tsx > native terminal presentation retention > yields an exited native surface outside macOS so the disconnect overlay is not occluded
Native terminal IPC command failed {
  command: [32m'cmd_native_terminal_attach'[39m,
  error: {
    code: [32m'SPAWN_ATTEMPT_TIMEOUT'[39m,
    message: [32m'Shell startup was not confirmed. Retry to reconcile the same shell.'[39m,
    details: { stage: [32m'missingDurablePersistence'[39m, delivery: [32m'ambiguous'[39m }
  }
}

stderr | src/components/NativeTerminalPane.presentation.test.tsx > native terminal presentation retention > does not retain a first frame that arrives after the session exited
Native terminal IPC command failed {
  command: [32m'cmd_native_terminal_attach'[39m,
  error: {
    code: [32m'SPAWN_ATTEMPT_TIMEOUT'[39m,
    message: [32m'Shell startup was not confirmed. Retry to reconcile the same shell.'[39m,
    details: { stage: [32m'missingDurablePersistence'[39m, delivery: [32m'ambiguous'[39m }
  }
}

stderr | src/components/NativeTerminalPane.presentation.test.tsx > native terminal presentation retention > holds the final frame until a reconnected replacement is presented
Native terminal IPC command failed {
  command: [32m'cmd_native_terminal_attach'[39m,
  error: {
    code: [32m'SPAWN_ATTEMPT_TIMEOUT'[39m,
    message: [32m'Shell startup was not confirmed. Retry to reconcile the same shell.'[39m,
    details: { stage: [32m'missingDurablePersistence'[39m, delivery: [32m'ambiguous'[39m }
  }
}

stderr | src/components/NativeTerminalPane.presentation.test.tsx > native terminal presentation retention > holds the final frame until a reconnected replacement is presented
Native terminal IPC command failed {
  command: [32m'cmd_native_terminal_attach'[39m,
  error: {
    code: [32m'SPAWN_ATTEMPT_TIMEOUT'[39m,
    message: [32m'Shell startup was not confirmed. Retry to reconcile the same shell.'[39m,
    details: { stage: [32m'missingDurablePersistence'[39m, delivery: [32m'ambiguous'[39m }
  }
}

 ❯ src/components/NativeTerminalPane.presentation.test.tsx (14 tests | 12 failed) 89ms
   ✓ native terminal presentation retention > does not steal dialog focus when an earlier attachment finishes 20ms
   × native terminal presentation retention > keeps a presented macOS surface under a dialog without accepting terminal keys 9ms
     → expected [] to have a length of 1 but got +0
   × native terminal presentation retention > does not recover an in-flight input after a dialog takes ownership 7ms
     → expected [] to have a length of 1 but got +0
   × native terminal presentation retention > retains a shown final frame on exit, blocks input, and releases it on unmount ({}) 2ms
     → expected [] to have a length of 1 but got +0
   × native terminal presentation retention > retains a shown final frame on exit, blocks input, and releases it on unmount ({"daemonEpoch":"epoch-a","remoteGeneration":7,"remoteConnectionState":"connected"}) 2ms
     → expected [] to have a length of 1 but got +0
   × native terminal presentation retention > rebinds the same backend ID and fences the previous attach completion ({"daemonEpoch":"epoch-b","remoteGeneration":1}) 1ms
     → expected [] to have a length of 1 but got +0
   × native terminal presentation retention > rebinds the same backend ID and fences the previous attach completion ({"daemonEpoch":"epoch-a","remoteGeneration":2}) 2ms
     → expected [] to have a length of 1 but got +0
   × native terminal presentation retention > fences pending input recovery across a same-ID binding change ({"daemonEpoch":"epoch-b","remoteGeneration":1}) 3ms
     → expected [] to have a length of 2 but got +0
   × native terminal presentation retention > fences pending input recovery across a same-ID binding change ({"daemonEpoch":"epoch-a","remoteGeneration":2}) 3ms
     → expected [] to have a length of 2 but got +0
   ✓ native terminal presentation retention > does not attach a cold exited pane and leaves an opaque fallback 1ms
   × native terminal presentation retention > yields an exited native surface outside macOS so the disconnect overlay is not occluded 2ms
     → expected [] to have a length of 1 but got +0
   × native terminal presentation retention > never reattaches a dead PTY when retained-frame geometry recovery is requested 29ms
     → Unable to find an accessible element with the role "alert"

Here are the accessible roles:

  textbox:

  Name "Native terminal input":
  [36m<textarea[39m
    [33maria-label[39m=[32m"Native terminal input"[39m
    [33mclass[39m=[32m"pointer-events-none absolute left-0 top-0 h-px w-px resize-none border-0 bg-transparent p-0 opacity-0"[39m
    [33mdata-testid[39m=[32m"native-terminal-focus-sink"[39m
  [36m/>[39m

  --------------------------------------------------

Ignored nodes: comments, script, style
[36m<body>[39m
  [36m<div>[39m
    [36m<div[39m
      [33mclass[39m=[32m"terminal-host relative h-full w-full min-h-0 min-w-0 bg-transparent"[39m
      [33mdata-native-terminal-input-enabled[39m=[32m"false"[39m
      [33mdata-native-terminal-presented[39m=[32m"false"[39m
      [33mdata-native-terminal-visible[39m=[32m"true"[39m
      [33mdata-testid[39m=[32m"native-terminal-pane"[39m
    [36m>[39m
      [36m<div[39m
        [33mclass[39m=[32m"absolute inset-0"[39m
        [33mdata-testid[39m=[32m"native-terminal-viewport"[39m
      [36m>[39m
        [36m<textarea[39m
          [33maria-label[39m=[32m"Native terminal input"[39m
          [33mclass[39m=[32m"pointer-events-none absolute left-0 top-0 h-px w-px resize-none border-0 bg-transparent p-0 opacity-0"[39m
          [33mdata-testid[39m=[32m"native-terminal-focus-sink"[39m
        [36m/>[39m
      [36m</div>[39m
      [36m<div[39m
        [33mclass[39m=[32m"absolute inset-y-0 right-0 w-3 transition-opacity duration-150 opacity-0 pointer-events-none"[39m
        [33mdata-testid[39m=[32m"native-terminal-scrollbar-track"[39m
      [36m/>[39m
    [36m</div>[39m
  [36m</div>[39m
[36m</body>[39m
   × native terminal presentation retention > does not retain a first frame that arrives after the session exited 2ms
     → expected [] to have a length of 1 but got +0
   × native terminal presentation retention > holds the final frame until a reconnected replacement is presented 3ms
     → expected [] to deeply equal [ [ …(2) ] ]
 ✓ src/state/projectSwitchBack.test.tsx (7 tests) 189ms
 ✓ src/components/onboarding/WelcomeWizard.test.tsx (18 tests) 144ms
 ✓ src/lib/nativeTerminalVisibility.test.tsx (19 tests) 77ms
 ✓ src/state/workspaceStore.hmrRetention.test.tsx (2 tests) 14ms
 ✓ src/lib/pairedDaemonProject.test.ts (22 tests) 18ms
 ✓ src/components/settings/RemoteAccessSection.test.tsx (16 tests) 191ms
 ✓ src/components/TerminalFileLinkActions.test.tsx (15 tests) 382ms
 ✓ src/lib/sshHosts.test.tsx (16 tests) 24ms
 ✓ src/state/activityRenderChain.test.tsx (3 tests) 58ms
 ✓ src/remote/accountSessionRetention.test.tsx (6 tests) 19ms
 ❯ src/lib/updater.test.ts (23 tests | 1 failed) 17ms
   ✓ updater status machine > offers plugin updates when the channel is installer 3ms
   ✓ updater status machine > offers plugin updates when the channel is native 1ms
   ✓ updater status machine > starts idle 1ms
   ✓ updater status machine > moves through checking to available when an update exists 1ms
   ✓ updater status machine > returns to idle when the endpoint reports no update 0ms
   ✓ updater status machine > surfaces a check failure as an error state instead of throwing 1ms
   × updater status machine > reports monotonic download progress and relaunches after installation 3ms
     → expected "spy" to be called 1 times, but got 0 times
   ✓ updater status machine > surfaces a download failure as an error state 0ms
   ✓ updater status machine > refuses to download before an update has been found 0ms
   ✓ updater status machine > stops notifying an unsubscribed listener 0ms
   ✓ updater status machine > relaunches through the process plugin 0ms
   ✓ updater status machine > flushes workspace persistence guards before restarting for an installed update 0ms
   ✓ updater status machine > reads the running app version 0ms
   ✓ updater status machine > skips the update check when the install is Store-managed 0ms
   ✓ updater status machine > caches the Store-managed probe across checks 0ms
   ✓ updater status machine > treats a failed Store-managed probe as updater-owned 0ms
   ✓ periodic update polling > checks immediately, then once per interval until stopped 1ms
   ✓ periodic update polling > keeps re-checking while an update is offered so a newer release replaces it 1ms
   ✓ periodic update polling > does not re-check once an update is staged for install 1ms
   ✓ periodic update polling > never polls outside the desktop shell 0ms
   ✓ non-Tauri runtime > never touches the updater plugin outside the desktop shell 0ms
   ✓ non-Tauri runtime > reports an unknown version instead of calling into Tauri 0ms
   ✓ window close guards > keeps running every registered guard 0ms
 ✓ src/state/paneTree.test.ts (48 tests) 5ms
 ✓ src/components/settings/NotificationsSection.test.tsx (18 tests) 326ms
 ✓ src/components/BrowserToolbar.test.tsx (18 tests) 143ms
 ✓ src/lib/terminalTransport/terminalTransport.test.ts (11 tests) 6ms
 ✓ src/components/onboarding/PermissionsStep.test.tsx (13 tests) 97ms
 ✓ src/lib/terminalSettings.test.tsx (15 tests) 28ms
 ✓ src/lib/agentTitle.test.ts (22 tests) 6ms
 ✓ src/state/inactiveProjectWorktrees.paired.test.tsx (4 tests) 18ms
 ✓ src/lib/agentAutoResume.test.ts (13 tests) 15ms
 ✓ src/lib/directPathUpgrade.test.ts (42 tests) 13ms
 ✓ src/state/agentLifecycleTruth.test.ts (21 tests) 6ms
 ✓ src/state/workspaceStore.filePreviewTab.test.tsx (6 tests) 20ms
 ✓ src/features/ferryx/attention/attentionModel.test.ts (19 tests) 9ms
 ✓ src/components/onboarding/AgentsCliStep.test.tsx (15 tests) 118ms
 ✓ src/lib/linkRouting.fileRouting.test.ts (12 tests) 6ms
 ✓ src/lib/tabTitle.test.ts (25 tests) 7ms
 ✓ src/lib/terminalEvents.bus.test.ts (9 tests) 18ms
 ✓ src/components/TerminalSplitView.paneDrop.runtime.test.tsx (4 tests) 47ms
 ✓ src/remote/RemoteRouting.test.tsx (6 tests) 85ms
stderr | src/components/NativeTerminalPane.remoteDrop.test.tsx > NativeTerminalPane remote file drop integration > uploads dropped files to remote host and pastes remote paths on ssh session
Native terminal IPC command failed {
  command: [32m'cmd_native_terminal_attach'[39m,
  error: {
    code: [32m'SPAWN_ATTEMPT_TIMEOUT'[39m,
    message: [32m'Shell startup was not confirmed. Retry to reconcile the same shell.'[39m,
    details: { stage: [32m'missingDurablePersistence'[39m, delivery: [32m'ambiguous'[39m }
  }
}

stdout | src/components/NativeTerminalPane.remoteDrop.test.tsx > NativeTerminalPane remote file drop integration > uploads dropped files to remote host and pastes remote paths on ssh session
[ferryx:switch] {
  runId: [32m'6dc9a934-1e00-41db-8630-451c6511ef83'[39m,
  sequence: [33m1[39m,
  event: [32m'terminal.surface.input.accepted'[39m,
  wallTimeMs: [33m1791069404659[39m,
  details: {
    operationId: [32m'req-87628a98-term-drop-ssh-1'[39m,
    backendSessionId: [32m'term-drop-ssh'[39m,
    paneIdentity: [1mnull[22m,
    bindingKey: [1mnull[22m,
    attemptGeneration: [1mnull[22m,
    daemonEpoch: [1mnull[22m,
    incarnation: [1mnull[22m,
    payloadBytes: [33m67[39m,
    queuedAt: [33m1791069404659[39m
  }
}
[ferryx:switch] {
  runId: [32m'6dc9a934-1e00-41db-8630-451c6511ef83'[39m,
  sequence: [33m2[39m,
  event: [32m'terminal.surface.input.dispatch'[39m,
  wallTimeMs: [33m1791069404659[39m,
  details: {
    operationId: [32m'req-87628a98-term-drop-ssh-1'[39m,
    backendSessionId: [32m'term-drop-ssh'[39m,
    paneIdentity: [1mnull[22m,
    bindingKey: [1mnull[22m,
    attemptGeneration: [1mnull[22m,
    daemonEpoch: [1mnull[22m,
    incarnation: [1mnull[22m,
    dispatchedAt: [33m1791069404659[39m
  }
}

stderr | src/components/NativeTerminalPane.remoteDrop.test.tsx > NativeTerminalPane remote file drop integration > quotes Windows paths correctly with double quotes when path contains spaces
Native terminal IPC command failed {
  command: [32m'cmd_native_terminal_attach'[39m,
  error: {
    code: [32m'SPAWN_ATTEMPT_TIMEOUT'[39m,
    message: [32m'Shell startup was not confirmed. Retry to reconcile the same shell.'[39m,
    details: { stage: [32m'missingDurablePersistence'[39m, delivery: [32m'ambiguous'[39m }
  }
}

stdout | src/components/NativeTerminalPane.remoteDrop.test.tsx > NativeTerminalPane remote file drop integration > quotes Windows paths correctly with double quotes when path contains spaces
[ferryx:switch] {
  runId: [32m'6dc9a934-1e00-41db-8630-451c6511ef83'[39m,
  sequence: [33m3[39m,
  event: [32m'terminal.surface.input.accepted'[39m,
  wallTimeMs: [33m1791069404668[39m,
  details: {
    operationId: [32m'req-87628a98-term-drop-win-2'[39m,
    backendSessionId: [32m'term-drop-win'[39m,
    paneIdentity: [1mnull[22m,
    bindingKey: [1mnull[22m,
    attemptGeneration: [1mnull[22m,
    daemonEpoch: [1mnull[22m,
    incarnation: [1mnull[22m,
    payloadBytes: [33m40[39m,
    queuedAt: [33m1791069404668[39m
  }
}
[ferryx:switch] {
  runId: [32m'6dc9a934-1e00-41db-8630-451c6511ef83'[39m,
  sequence: [33m4[39m,
  event: [32m'terminal.surface.input.dispatch'[39m,
  wallTimeMs: [33m1791069404668[39m,
  details: {
    operationId: [32m'req-87628a98-term-drop-win-2'[39m,
    backendSessionId: [32m'term-drop-win'[39m,
    paneIdentity: [1mnull[22m,
    bindingKey: [1mnull[22m,
    attemptGeneration: [1mnull[22m,
    daemonEpoch: [1mnull[22m,
    incarnation: [1mnull[22m,
    dispatchedAt: [33m1791069404668[39m
  }
}

stderr | src/components/NativeTerminalPane.remoteDrop.test.tsx > NativeTerminalPane remote file drop integration > handles upload failure by showing toast error without pasting
Native terminal IPC command failed {
  command: [32m'cmd_native_terminal_attach'[39m,
  error: {
    code: [32m'SPAWN_ATTEMPT_TIMEOUT'[39m,
    message: [32m'Shell startup was not confirmed. Retry to reconcile the same shell.'[39m,
    details: { stage: [32m'missingDurablePersistence'[39m, delivery: [32m'ambiguous'[39m }
  }
}

stderr | src/components/NativeTerminalPane.remoteDrop.test.tsx > NativeTerminalPane remote file drop integration > cancels an in-flight upload through the progress toast and stays silent on UPLOAD_CANCELLED
Native terminal IPC command failed {
  command: [32m'cmd_native_terminal_attach'[39m,
  error: {
    code: [32m'SPAWN_ATTEMPT_TIMEOUT'[39m,
    message: [32m'Shell startup was not confirmed. Retry to reconcile the same shell.'[39m,
    details: { stage: [32m'missingDurablePersistence'[39m, delivery: [32m'ambiguous'[39m }
  }
}

 ✓ src/components/NativeTerminalPane.remoteDrop.test.tsx (4 tests) 147ms
stderr | src/remote/accountSessionFollowups.test.ts > Account Follow-ups: Sign-out, Auth Classification, and Last Target Persistence > Item A: Server-side sign-out (logoutAccountSession) > never throws when the server responds with 500 or 401 (best-effort)
Account session logout returned HTTP 500

stderr | src/remote/accountSessionFollowups.test.ts > Account Follow-ups: Sign-out, Auth Classification, and Last Target Persistence > Item A: Server-side sign-out (logoutAccountSession) > never throws when network fetch rejects (best-effort)
Account session logout request failed Network offline

 ✓ src/remote/accountSessionFollowups.test.ts (14 tests) 8ms
 ✓ src/lib/nativeTerminalLifecycle.test.ts (11 tests) 5ms
 ✓ src/lib/nativeMenu.test.ts (12 tests) 34ms
 ✓ src/components/dag/dagViewUtils.test.ts (20 tests) 3ms
 ✓ src/components/TerminalSplitView.mixedPaneLeaf.runtime.test.tsx (2 tests) 85ms
 ✓ src/remote/chat/MobileChatComposer.test.tsx (11 tests) 89ms
 ✓ src/state/workspaceStore.tabDrop.test.tsx (4 tests) 18ms
 ✓ src/state/paneGeometry.test.ts (16 tests) 5ms
 ✓ src/remote/chat/MobileChatWorkspace.test.tsx (14 tests) 114ms
 ✓ src/state/workspaceStore.browserPaneDrop.runtime.test.tsx (2 tests) 15ms
 ✓ src/components/dag/DagGraphView.test.tsx (15 tests) 153ms
 ✓ src/lib/sshRecovery.test.ts (14 tests) 8ms
