$ vitest run --maxWorkers=1

 RUN  v3.2.7 /Users/I552267/ferryx-pane-completion/source-5464da0d/ui

stderr | src/components/NativeTerminalPane.test.tsx > NativeTerminalPane bounded wheel normalization > normalizes 'zero' through mounted onWheel
Native terminal IPC command failed {
  command: [32m'cmd_native_terminal_attach'[39m,
  error: {
    code: [32m'SPAWN_ATTEMPT_TIMEOUT'[39m,
    message: [32m'Shell startup was not confirmed. Retry to reconcile the same shell.'[39m,
    details: { stage: [32m'missingDurablePersistence'[39m, delivery: [32m'ambiguous'[39m }
  }
}

stderr | src/components/NativeTerminalPane.test.tsx > NativeTerminalPane bounded wheel normalization > normalizes 'zero' through mounted onWheel
Native terminal IPC command failed {
  command: [32m'cmd_native_terminal_attach'[39m,
  error: {
    code: [32m'SPAWN_ATTEMPT_TIMEOUT'[39m,
    message: [32m'Shell startup was not confirmed. Retry to reconcile the same shell.'[39m,
    details: { stage: [32m'missingDurablePersistence'[39m, delivery: [32m'ambiguous'[39m }
  }
}

stderr | src/components/NativeTerminalPane.test.tsx > NativeTerminalPane bounded wheel normalization > normalizes 'zero' through mounted onWheel
Native terminal IPC command failed {
  command: [32m'cmd_native_terminal_attach'[39m,
  error: {
    code: [32m'SPAWN_ATTEMPT_TIMEOUT'[39m,
    message: [32m'Shell startup was not confirmed. Retry to reconcile the same shell.'[39m,
    details: { stage: [32m'missingDurablePersistence'[39m, delivery: [32m'ambiguous'[39m }
  }
}

stderr | src/components/NativeTerminalPane.test.tsx > NativeTerminalPane bounded wheel normalization > normalizes 'zero' through mounted onWheel
Native terminal IPC command failed {
  command: [32m'cmd_native_terminal_attach'[39m,
  error: {
    code: [32m'SPAWN_ATTEMPT_TIMEOUT'[39m,
    message: [32m'Shell startup was not confirmed. Retry to reconcile the same shell.'[39m,
    details: { stage: [32m'missingDurablePersistence'[39m, delivery: [32m'ambiguous'[39m }
  }
}

stderr | src/components/NativeTerminalPane.test.tsx > NativeTerminalPane bounded wheel normalization > normalizes 'zero' through mounted onWheel
Native terminal IPC command failed {
  command: [32m'cmd_native_terminal_attach'[39m,
  error: {
    code: [32m'SPAWN_ATTEMPT_TIMEOUT'[39m,
    message: [32m'Shell startup was not confirmed. Retry to reconcile the same shell.'[39m,
    details: { stage: [32m'missingDurablePersistence'[39m, delivery: [32m'ambiguous'[39m }
  }
}

 ❯ src/components/NativeTerminalPane.test.tsx (197 tests | 187 failed) 110531ms
   × NativeTerminalPane IPC failure reporting and visible error state > suppresses the attach error banner across fast retries, surfaces it once the failure persists, and clears it on retry 32ms
     → expected "error" to be called with arguments: [ …(2) ][90m

Received: 

[1m  1st error call:

[22m[2m  [[22m
[2m    "Native terminal IPC command failed",[22m
[2m    {[22m
[2m      "command": "cmd_native_terminal_attach",[22m
[32m-     "error": Any<Error>,[90m
[31m+     "error": {[90m
[31m+       "code": "SPAWN_ATTEMPT_TIMEOUT",[90m
[31m+       "details": {[90m
[31m+         "delivery": "ambiguous",[90m
[31m+         "stage": "missingDurablePersistence",[90m
[31m+       },[90m
[31m+       "message": "Shell startup was not confirmed. Retry to reconcile the same shell.",[90m
[31m+     },[90m
[2m    },[22m
[2m  ][22m
[39m[90m

Number of calls: [1m1[22m
[39m
   × NativeTerminalPane IPC failure reporting and visible error state > allows clicking the attach error banner to retry connection immediately 29ms
     → [2mexpect([22m[31melement[39m[2m).not.toBeInTheDocument()[22m

[31mexpected document not to contain element, found <button
  class="pointer-events-auto cursor-pointer absolute bottom-3 right-3 z-50 max-w-error rounded-md border border-destructive/30 bg-popover px-2 py-1 text-[11px] text-destructive shadow-sm hover:bg-accent transition-colors"
  role="alert"
  title="Click to retry connecting terminal"
  type="button"
>
  Failed to attach native terminal
</button> instead[39m
   ✓ NativeTerminalPane IPC failure reporting and visible error state > does not attempt attach or show error banner when session lifecycle is exited 2ms
   × NativeTerminalPane IPC failure reporting and visible error state > re-attempts attach when same backendSessionId receives a new daemonEpoch 6ms
     → expected +0 to be 1 // Object.is equality
   × NativeTerminalPane IPC failure reporting and visible error state > displays an accessible error banner when bounds IPC fails and does not show detach errors on unmount 776ms
     → [2mexpect([22m[31melement[39m[2m).toHaveTextContent()[22m

Expected element to have text content:
[32m  Failed to update native terminal bounds[39m
Received:
[31m  Failed to attach native terminal[39m
   × NativeTerminalPane IPC failure reporting and visible error state > keeps the terminal uncovered when a bounds failure is shown 17ms
     → Unable to find an accessible element with the role "alert"

Here are the accessible roles:

  textbox:

  Name "Native terminal input":
  [36m<textarea[39m
    [33maria-label[39m=[32m"Native terminal input"[39m
    [33mclass[39m=[32m"pointer-events-none absolute left-0 top-0 h-px w-px resize-none border-0 bg-transparent p-0 opacity-0"[39m
    [33mdata-testid[39m=[32m"native-terminal-focus-sink"[39m
  [36m/>[39m

  --------------------------------------------------

Ignored nodes: comments, script, style
[36m<body>[39m
  [36m<div>[39m
    [36m<div[39m
      [33mclass[39m=[32m"terminal-host relative h-full w-full min-h-0 min-w-0 bg-transparent"[39m
      [33mdata-native-terminal-input-enabled[39m=[32m"true"[39m
      [33mdata-native-terminal-presented[39m=[32m"false"[39m
      [33mdata-native-terminal-visible[39m=[32m"true"[39m
      [33mdata-testid[39m=[32m"native-terminal-pane"[39m
    [36m>[39m
      [36m<div[39m
        [33mclass[39m=[32m"absolute inset-0"[39m
        [33mdata-testid[39m=[32m"native-terminal-viewport"[39m
      [36m>[39m
        [36m<textarea[39m
          [33maria-label[39m=[32m"Native terminal input"[39m
          [33mclass[39m=[32m"pointer-events-none absolute left-0 top-0 h-px w-px resize-none border-0 bg-transparent p-0 opacity-0"[39m
          [33mdata-testid[39m=[32m"native-terminal-focus-sink"[39m
        [36m/>[39m
      [36m</div>[39m
      [36m<div[39m
        [33mclass[39m=[32m"absolute inset-y-0 right-0 w-3 transition-opacity duration-150 opacity-0 pointer-events-none"[39m
        [33mdata-testid[39m=[32m"native-terminal-scrollbar-track"[39m
      [36m/>[39m
    [36m</div>[39m
  [36m</div>[39m
[36m</body>[39m
   × NativeTerminalPane IPC failure reporting and visible error state > stays silent when a bounds update loses the race with its own detach 1012ms
     → expected "spy" to be called with arguments: [ …(2) ][90m

Received: 

[1m  1st spy call:

[22m[2m  [[22m
[32m-   "cmd_native_terminal_set_bounds",[90m
[32m-   Anything,[90m
[31m+   "cmd_native_terminal_set_focus",[90m
[31m+   {[90m
[31m+     "focused": false,[90m
[31m+     "sessionId": "term-session-1",[90m
[31m+   },[90m
[2m  ][22m
[39m[90m

Number of calls: [1m1[22m
[39m

Ignored nodes: comments, script, style
[36m<html>[39m
  [36m<head />[39m
  [36m<body>[39m
    [36m<div>[39m
      [36m<div[39m
        [33mclass[39m=[32m"terminal-host relative h-full w-full min-h-0 min-w-0 bg-transparent"[39m
        [33mdata-native-terminal-input-enabled[39m=[32m"true"[39m
        [33mdata-native-terminal-presented[39m=[32m"false"[39m
        [33mdata-native-terminal-visible[39m=[32m"true"[39m
        [33mdata-testid[39m=[32m"native-terminal-pane"[39m
      [36m>[39m
        [36m<div[39m
          [33mclass[39m=[32m"absolute inset-0"[39m
          [33mdata-testid[39m=[32m"native-terminal-viewport"[39m
        [36m>[39m
          [36m<textarea[39m
            [33maria-label[39m=[32m"Native terminal input"[39m
            [33mclass[39m=[32m"pointer-events-none absolute left-0 top-0 h-px w-px resize-none border-0 bg-transparent p-0 opacity-0"[39m
            [33mdata-testid[39m=[32m"native-terminal-focus-sink"[39m
          [36m/>[39m
        [36m</div>[39m
        [36m<div[39m
          [33mclass[39m=[32m"absolute inset-y-0 right-0 w-3 transition-opacity duration-150 opacity-0 pointer-events-none"[39m
          [33mdata-testid[39m=[32m"native-terminal-scrollbar-track"[39m
        [36m/>[39m
        [36m<button[39m
          [33mclass[39m=[32m"pointer-events-auto cursor-pointer absolute bottom-3 right-3 z-50 max-w-error rounded-md border border-destructive/30 bg-popover px-2 py-1 text-[11px] text-destructive shadow-sm hover:bg-accent transition-colors"[39m
          [33mrole[39m=[32m"alert"[39m
          [33mtitle[39m=[32m"Click to retry connecting terminal"[39m
          [33mtype[39m=[32m"button"[39m
        [36m>[39m
          [0mFailed to attach native terminal[0m
        [36m</button>[39m
      [36m</div>[39m
    [36m</div>[39m
  [36m</body>[39m
[36m</html>[39m
   × NativeTerminalPane bounded wheel normalization > normalizes 'zero' through mounted onWheel 5007ms
     → Test timed out in 5000ms.
If this is a long-running test, pass a timeout value as the last argument or configure it globally with "testTimeout".
   × NativeTerminalPane bounded wheel normalization > normalizes 'horizontal-only' through mounted onWheel 5007ms
     → Test timed out in 5000ms.
If this is a long-running test, pass a timeout value as the last argument or configure it globally with "testTimeout".
   × NativeTerminalPane bounded wheel normalization > normalizes 'line notches' through mounted onWheel 5006ms
     → Test timed out in 5000ms.
If this is a long-running test, pass a timeout value as the last argument or configure it globally with "testTimeout".
   × NativeTerminalPane bounded wheel normalization > normalizes 'visible pages' through mounted onWheel 5004ms
     → Test timed out in 5000ms.
If this is a long-running test, pass a timeout value as the last argument or configure it globally with "testTimeout".
   × NativeTerminalPane bounded wheel normalization > normalizes 'fractional pixels' through mounted onWheel 5004ms
     → Test timed out in 5000ms.
If this is a long-running test, pass a timeout value as the last argument or configure it globally with "testTimeout".
   × NativeTerminalPane bounded wheel normalization > normalizes 'negative fractional pixels' through mounted onWheel 5001ms
     → Test timed out in 5000ms.
If this is a long-running test, pass a timeout value as the last argument or configure it globally with "testTimeout".
   × NativeTerminalPane bounded wheel normalization > normalizes 'direction cancellation' through mounted onWheel 5003ms
     → Test timed out in 5000ms.
If this is a long-running test, pass a timeout value as the last argument or configure it globally with "testTimeout".
   × NativeTerminalPane bounded wheel normalization > normalizes 'pixel i16 saturation' through mounted onWheel 5003ms
     → Test timed out in 5000ms.
If this is a long-running test, pass a timeout value as the last argument or configure it globally with "testTimeout".
   × NativeTerminalPane bounded wheel normalization > normalizes 'line i16 saturation' through mounted onWheel 5003ms
     → Test timed out in 5000ms.
If this is a long-running test, pass a timeout value as the last argument or configure it globally with "testTimeout".
   × NativeTerminalPane bounded wheel normalization > normalizes 'page i16 saturation' through mounted onWheel 5004ms
     → Test timed out in 5000ms.
If this is a long-running test, pass a timeout value as the last argument or configure it globally with "testTimeout".
   × NativeTerminalPane bounded wheel normalization > forwards pane-local wheel position and all modifier states 5004ms
     → Test timed out in 5000ms.
If this is a long-running test, pass a timeout value as the last argument or configure it globally with "testTimeout".
   × NativeTerminalPane bounded wheel normalization > uses updated visible rows and ignores sibling scrollbar metrics 5003ms
     → Test timed out in 5000ms.
If this is a long-running test, pass a timeout value as the last argument or configure it globally with "testTimeout".
   × NativeTerminalPane bounded wheel normalization > discards fractional movement across a session transition 5004ms
     → Test timed out in 5000ms.
If this is a long-running test, pass a timeout value as the last argument or configure it globally with "testTimeout".
   × NativeTerminalPane bounded wheel normalization > discards fractional movement across a generation transition 5003ms
     → Test timed out in 5000ms.
If this is a long-running test, pass a timeout value as the last argument or configure it globally with "testTimeout".
   × NativeTerminalPane bounded wheel normalization > discards fractional movement across a daemon epoch transition 5003ms
     → Test timed out in 5000ms.
If this is a long-running test, pass a timeout value as the last argument or configure it globally with "testTimeout".
   × NativeTerminalPane bounded wheel normalization > discards fractional movement across a hidden transition 5002ms
     → Test timed out in 5000ms.
If this is a long-running test, pass a timeout value as the last argument or configure it globally with "testTimeout".
   × NativeTerminalPane bounded wheel normalization > does not send wheel IPC outside Tauri 6ms
     → Unable to find an element by: [data-testid="native-terminal-pane"]

Ignored nodes: comments, script, style
[36m<body>[39m
  [36m<div />[39m
[36m</body>[39m
   ✓ snapBoundsToDevicePixels > leaves an already pixel-aligned rect untouched 1ms
   ✓ snapBoundsToDevicePixels > treats a half CSS pixel as aligned at 2x because it is a whole device pixel 2ms
   ✓ snapBoundsToDevicePixels > clamps negative origin coordinates to 0 to prevent compositor layout errors 0ms
   ✓ snapBoundsToDevicePixels > snaps the fractional origin a later split pane inherits 0ms
   ✓ snapBoundsToDevicePixels > preserves the 1px divider gap between adjacent panes 0ms
   ✓ snapBoundsToDevicePixels > returns the rect unchanged when the scale factor is not usable 0ms
   × NativeTerminalPane geometry reporting contract > measures viewport DOM geometry and passes bounds and scaleFactor in cmd_native_terminal_attach on mount 2ms
     → expected "spy" to be called with arguments: [ 'cmd_native_terminal_attach', …(1) ][90m

Number of calls: [1m0[22m
[39m
   × NativeTerminalPane geometry reporting contract > snaps a fractional split-pane rect to whole device pixels before attaching 2ms
     → expected "spy" to be called with arguments: [ 'cmd_native_terminal_attach', …(1) ][90m

Number of calls: [1m0[22m
[39m
   × NativeTerminalPane geometry reporting contract > omits geometry in cmd_native_terminal_attach when viewport has zero-area dimensions on mount 2ms
     → expected "spy" to be called with arguments: [ 'cmd_native_terminal_attach', …(1) ][90m

Number of calls: [1m0[22m
[39m
   × NativeTerminalPane geometry reporting contract > observes DOM rectangle, explicitly attaches session, and reports initial bounds on mount in Tauri mode 2ms
     → expected "spy" to be called with arguments: [ 'cmd_native_terminal_attach', …(1) ][90m

Number of calls: [1m0[22m
[39m
   × NativeTerminalPane geometry reporting contract > uses the entire pane height beneath the handle and bottom overlays 5004ms
     → Test timed out in 5000ms.
If this is a long-running test, pass a timeout value as the last argument or configure it globally with "testTimeout".
   × NativeTerminalPane geometry reporting contract > reports changed bounds payload once when geometry changes 1007ms
     → expected 0 to be greater than 0

Ignored nodes: comments, script, style
[36m<html>[39m
  [36m<head />[39m
  [36m<body>[39m
    [36m<div />[39m
  [36m</body>[39m
[36m</html>[39m
   × NativeTerminalPane geometry reporting contract > does not retry a resize frame deferred by synchronized output 3ms
     → expected undefined to be defined
   × NativeTerminalPane geometry reporting contract > coalesces rapid height increases until the prior native resize completes 1004ms
     → expected [] to have a length of 1 but got +0

Ignored nodes: comments, script, style
[36m<html>[39m
  [36m<head />[39m
  [36m<body>[39m
    [36m<div />[39m
  [36m</body>[39m
[36m</html>[39m
   × NativeTerminalPane geometry reporting contract > refreshes the thumb metrics after a height resize changes visible rows 1005ms
     → Unable to find an element by: [data-testid="native-terminal-scrollbar-thumb"]

Ignored nodes: comments, script, style
[36m<body>[39m
  [36m<div />[39m
[36m</body>[39m

Ignored nodes: comments, script, style
[36m<html>[39m
  [36m<head />[39m
  [36m<body>[39m
    [36m<div />[39m
  [36m</body>[39m
[36m</html>[39m
   × NativeTerminalPane geometry reporting contract > skips the rejected zero-area measurement and reports the first real one 1006ms
     → expected 0 to be greater than 0

Ignored nodes: comments, script, style
[36m<html>[39m
  [36m<head />[39m
  [36m<body>[39m
    [36m<div />[39m
  [36m</body>[39m
[36m</html>[39m
   × NativeTerminalPane geometry reporting contract > retries an identical measurement after a rejected bounds request 1005ms
     → expected [] to have a length of 1 but got +0

Ignored nodes: comments, script, style
[36m<html>[39m
  [36m<head />[39m
  [36m<body>[39m
    [36m<div />[39m
  [36m</body>[39m
[36m</html>[39m
   × NativeTerminalPane geometry reporting contract > disconnects ResizeObserver and invokes detach on unmount 1004ms
     → expected 0 to be greater than 0

Ignored nodes: comments, script, style
[36m<html>[39m
  [36m<head />[39m
  [36m<body>[39m
    [36m<div />[39m
  [36m</body>[39m
[36m</html>[39m
   × NativeTerminalPane geometry reporting contract > presents the replacement terminal before detaching the outgoing terminal 1004ms
     → expected "spy" to be called with arguments: [ …(2) ][90m

Number of calls: [1m0[22m
[39m

Ignored nodes: comments, script, style
[36m<html>[39m
  [36m<head />[39m
  [36m<body>[39m
    [36m<div />[39m
  [36m</body>[39m
[36m</html>[39m
   × NativeTerminalPane geometry reporting contract > keeps the outgoing terminal until the last rapid replacement is presented 1006ms
     → expected "spy" to be called with arguments: [ …(2) ][90m

Number of calls: [1m0[22m
[39m

Ignored nodes: comments, script, style
[36m<html>[39m
  [36m<head />[39m
  [36m<body>[39m
    [36m<div />[39m
  [36m</body>[39m
[36m</html>[39m
   ✓ NativeTerminalPane geometry reporting contract > does not report Tauri geometry bounds in remote/web non-Tauri mode 2ms
   × NativeTerminalPane geometry reporting contract > converts physical native cursor cells to a high-DPI IME anchor 3ms
     → Unable to find an element by: [data-testid="native-terminal-focus-sink"]

Ignored nodes: comments, script, style
[36m<body>[39m
  [36m<div />[39m
[36m</body>[39m
   × NativeTerminalPane focus, keyboard, and IME prototype contract > focuses the hidden input sink and notifies native focus after successful attach 2ms
     → Unable to find an element by: [data-testid="native-terminal-focus-sink"]

Ignored nodes: comments, script, style
[36m<body>[39m
  [36m<div />[39m
[36m</body>[39m
   × NativeTerminalPane focus, keyboard, and IME prototype contract > positions the IME input sink at the native cursor receipt 2ms
     → Unable to find an element by: [data-testid="native-terminal-focus-sink"]

Ignored nodes: comments, script, style
[36m<body>[39m
  [36m<div />[39m
[36m</body>[39m
   × NativeTerminalPane focus, keyboard, and IME prototype contract > moves the IME anchor from an out-of-band input receipt, and ignores receipts for other sessions 4ms
     → Unable to find an element by: [data-testid="native-terminal-focus-sink"]

Ignored nodes: comments, script, style
[36m<body>[39m
  [36m<div />[39m
[36m</body>[39m
   × NativeTerminalPane focus, keyboard, and IME prototype contract > forwards a primary pointer press for native selection without cancelling the gesture 2ms
     → Unable to find an element by: [data-testid="native-terminal-focus-sink"]

Ignored nodes: comments, script, style
[36m<body>[39m
  [36m<div />[39m
[36m</body>[39m
   × NativeTerminalPane focus, keyboard, and IME prototype contract > forwards drag motion and release for native selection without cancelling pointer events 2ms
     → Unable to find an element by: [data-testid="native-terminal-focus-sink"]

Ignored nodes: comments, script, style
[36m<body>[39m
  [36m<div />[39m
[36m</body>[39m
   × NativeTerminalPane focus, keyboard, and IME prototype contract > sends typed native focus and blur intent through IPC 2ms
     → Unable to find an element by: [data-testid="native-terminal-focus-sink"]

Ignored nodes: comments, script, style
[36m<body>[39m
  [36m<div />[39m
[36m</body>[39m
   × NativeTerminalPane focus, keyboard, and IME prototype contract > reports rejected native input IPC commands 2ms
     → Unable to find an element by: [data-testid="native-terminal-focus-sink"]

Ignored nodes: comments, script, style
[36m<body>[39m
  [36m<div />[39m
[36m</body>[39m
   × NativeTerminalPane focus, keyboard, and IME prototype contract > self-heals detached session on send_input error by re-attaching and retrying input once 2ms
     → Unable to find an element by: [data-testid="native-terminal-focus-sink"]

Ignored nodes: comments, script, style
[36m<body>[39m
  [36m<div />[39m
[36m</body>[39m
   × NativeTerminalPane focus, keyboard, and IME prototype contract > does not loop infinitely when input retry repeatedly fails 1ms
     → Unable to find an element by: [data-testid="native-terminal-focus-sink"]

Ignored nodes: comments, script, style
[36m<body>[39m
  [36m<div />[39m
[36m</body>[39m
   × NativeTerminalPane focus, keyboard, and IME prototype contract > tells the user when input was dropped by queue overflow instead of failing silently 1ms
     → Unable to find an element by: [data-testid="native-terminal-focus-sink"]

Ignored nodes: comments, script, style
[36m<body>[39m
  [36m<div />[39m
[36m</body>[39m
   × NativeTerminalPane focus, keyboard, and IME prototype contract > encodes and forwards non-printable control keys on keydown without duplicating printable input 2ms
     → Unable to find an element by: [data-testid="native-terminal-focus-sink"]

Ignored nodes: comments, script, style
[36m<body>[39m
  [36m<div />[39m
[36m</body>[39m
   × NativeTerminalPane focus, keyboard, and IME prototype contract > forwards macOS word-navigation and word-deletion chords instead of letting the focus sink edit itself 1ms
     → Unable to find an element by: [data-testid="native-terminal-focus-sink"]

Ignored nodes: comments, script, style
[36m<body>[39m
  [36m<div />[39m
[36m</body>[39m
   × NativeTerminalPane focus, keyboard, and IME prototype contract > recovers the physical key when macOS translates an Option chord into a glyph 2ms
     → Unable to find an element by: [data-testid="native-terminal-focus-sink"]

Ignored nodes: comments, script, style
[36m<body>[39m
  [36m<div />[39m
[36m</body>[39m
   × NativeTerminalPane focus, keyboard, and IME prototype contract > forwards modified character keys through the typed key IPC payload 1ms
     → Unable to find an element by: [data-testid="native-terminal-focus-sink"]

Ignored nodes: comments, script, style
[36m<body>[39m
  [36m<div />[39m
[36m</body>[39m
   × NativeTerminalPane focus, keyboard, and IME prototype contract > sends DOM text paste as one bracketed paste IPC payload 0ms
     → Unable to find an element by: [data-testid="native-terminal-focus-sink"]

Ignored nodes: comments, script, style
[36m<body>[39m
  [36m<div />[39m
[36m</body>[39m
   × NativeTerminalPane focus, keyboard, and IME prototype contract > sends multiline DOM text paste as a single payload to cmd_native_terminal_paste 1ms
     → Unable to find an element by: [data-testid="native-terminal-focus-sink"]

Ignored nodes: comments, script, style
[36m<body>[39m
  [36m<div />[39m
[36m</body>[39m
   × NativeTerminalPane focus, keyboard, and IME prototype contract > claims macOS Cmd+V ('Latin v') on focused textarea and routes native text clipboard content without DOM paste 1ms
     → Unable to find an element by: [data-testid="native-terminal-focus-sink"]

Ignored nodes: comments, script, style
[36m<body>[39m
  [36m<div />[39m
[36m</body>[39m
   × NativeTerminalPane focus, keyboard, and IME prototype contract > claims macOS Cmd+V ('Korean character ㅍ') on focused textarea and routes native text clipboard content without DOM paste 0ms
     → Unable to find an element by: [data-testid="native-terminal-focus-sink"]

Ignored nodes: comments, script, style
[36m<body>[39m
  [36m<div />[39m
[36m</body>[39m
   × NativeTerminalPane focus, keyboard, and IME prototype contract > claims macOS Cmd+V ('IME Process key') on focused textarea and routes native text clipboard content without DOM paste 0ms
     → Unable to find an element by: [data-testid="native-terminal-focus-sink"]

Ignored nodes: comments, script, style
[36m<body>[39m
  [36m<div />[39m
[36m</body>[39m
   × NativeTerminalPane focus, keyboard, and IME prototype contract > claims macOS Cmd+V on focused textarea and saves clipboard image locally, pasting the local path 1ms
     → Unable to find an element by: [data-testid="native-terminal-focus-sink"]

Ignored nodes: comments, script, style
[36m<body>[39m
  [36m<div />[39m
[36m</body>[39m
   × NativeTerminalPane focus, keyboard, and IME prototype contract > sends a clipboard image to the SSH host owning a remote pane and 'pastes the uploaded remote path' 0ms
     → Unable to find an element by: [data-testid="native-terminal-focus-sink"]

Ignored nodes: comments, script, style
[36m<body>[39m
  [36m<div />[39m
[36m</body>[39m
   × NativeTerminalPane focus, keyboard, and IME prototype contract > sends a clipboard image to the SSH host owning a remote pane and 'degrades to the agent\'s paste chord …' 1ms
     → Unable to find an element by: [data-testid="native-terminal-focus-sink"]

Ignored nodes: comments, script, style
[36m<body>[39m
  [36m<div />[39m
[36m</body>[39m
   × NativeTerminalPane focus, keyboard, and IME prototype contract > saves a local pane clipboard image and never uploads it over SSH or daemon 1ms
     → Unable to find an element by: [data-testid="native-terminal-focus-sink"]

Ignored nodes: comments, script, style
[36m<body>[39m
  [36m<div />[39m
[36m</body>[39m
   × NativeTerminalPane focus, keyboard, and IME prototype contract > claims Ctrl+V with Korean layout key ㅍ on focused textarea and routes native text clipboard content 0ms
     → Unable to find an element by: [data-testid="native-terminal-focus-sink"]

Ignored nodes: comments, script, style
[36m<body>[39m
  [36m<div />[39m
[36m</body>[39m
   × NativeTerminalPane focus, keyboard, and IME prototype contract > claims Ctrl+V with Latin v on focused textarea and routes native text clipboard content 0ms
     → Unable to find an element by: [data-testid="native-terminal-focus-sink"]

Ignored nodes: comments, script, style
[36m<body>[39m
  [36m<div />[39m
[36m</body>[39m
   × NativeTerminalPane focus, keyboard, and IME prototype contract > claims Ctrl+Shift+V on focused textarea and routes native text clipboard content 0ms
     → Unable to find an element by: [data-testid="native-terminal-focus-sink"]

Ignored nodes: comments, script, style
[36m<body>[39m
  [36m<div />[39m
[36m</body>[39m
   × NativeTerminalPane focus, keyboard, and IME prototype contract > claims Shift+Insert on focused textarea and routes native text clipboard content 0ms
     → Unable to find an element by: [data-testid="native-terminal-focus-sink"]

Ignored nodes: comments, script, style
[36m<body>[39m
  [36m<div />[39m
[36m</body>[39m
   × NativeTerminalPane focus, keyboard, and IME prototype contract > claims Ctrl+V on focused textarea and saves clipboard image locally, pasting the local path 1ms
     → Unable to find an element by: [data-testid="native-terminal-focus-sink"]

Ignored nodes: comments, script, style
[36m<body>[39m
  [36m<div />[39m
[36m</body>[39m
   × NativeTerminalPane focus, keyboard, and IME prototype contract > routes AppKit-consumed macOS Cmd+V to the last-focused split terminal exactly once 0ms
     → Unable to find an element by: [data-testid="native-terminal-focus-sink"]

Ignored nodes: comments, script, style
[36m<body>[39m
  [36m<div />[39m
[36m</body>[39m
   × NativeTerminalPane focus, keyboard, and IME prototype contract > leaves AppKit-consumed Cmd+V to an external editable instead of a terminal 0ms
     → Unable to find an element by: [data-testid="external-native-paste-input"]

Ignored nodes: comments, script, style
[36m<body>[39m
  [36m<div />[39m
[36m</body>[39m
   × NativeTerminalPane focus, keyboard, and IME prototype contract > claims macOS Cmd+V on focused textarea and sends no terminal input when clipboard is empty 0ms
     → Unable to find an element by: [data-testid="native-terminal-focus-sink"]

Ignored nodes: comments, script, style
[36m<body>[39m
  [36m<div />[39m
[36m</body>[39m
   × NativeTerminalPane focus, keyboard, and IME prototype contract > recognizes macOS Korean layout Cmd+V ('Korean character ㅍ') through neutral document capture fallback, claims focus, and routes native paste without DOM paste 0ms
     → Unable to find an element by: [data-testid="native-terminal-focus-sink"]

Ignored nodes: comments, script, style
[36m<body>[39m
  [36m<div />[39m
[36m</body>[39m
   × NativeTerminalPane focus, keyboard, and IME prototype contract > recognizes macOS Korean layout Cmd+V ('IME Process key') through neutral document capture fallback, claims focus, and routes native paste without DOM paste 0ms
     → Unable to find an element by: [data-testid="native-terminal-focus-sink"]

Ignored nodes: comments, script, style
[36m<body>[39m
  [36m<div />[39m
[36m</body>[39m
   × NativeTerminalPane focus, keyboard, and IME prototype contract > suppresses a subsequent DOM paste event exactly once after macOS Cmd+V keydown fallback 0ms
     → Unable to find an element by: [data-testid="native-terminal-focus-sink"]

Ignored nodes: comments, script, style
[36m<body>[39m
  [36m<div />[39m
[36m</body>[39m
   × NativeTerminalPane focus, keyboard, and IME prototype contract > keeps duplicate-paste suppression through async clipboard inspection until KeyV keyup 0ms
     → Unable to find an element by: [data-testid="native-terminal-focus-sink"]

Ignored nodes: comments, script, style
[36m<body>[39m
  [36m<div />[39m
[36m</body>[39m
   × NativeTerminalPane focus, keyboard, and IME prototype contract > clears native paste suppression when the window loses focus before KeyV keyup 0ms
     → Unable to find an element by: [data-testid="native-terminal-focus-sink"]

Ignored nodes: comments, script, style
[36m<body>[39m
  [36m<div />[39m
[36m</body>[39m
   × NativeTerminalPane focus, keyboard, and IME prototype contract > routes neutral BODY Cmd+V native clipboard fallback only to the last-focused split terminal 0ms
     → Unable to find an element by: [data-testid="native-terminal-focus-sink"]

Ignored nodes: comments, script, style
[36m<body>[39m
  [36m<div />[39m
[36m</body>[39m
   × NativeTerminalPane focus, keyboard, and IME prototype contract > does not claim macOS Cmd+V when an external editable input is focused 0ms
     → Unable to find an element by: [data-testid="external-search-input"]

Ignored nodes: comments, script, style
[36m<body>[39m
  [36m<div />[39m
[36m</body>[39m
   × NativeTerminalPane focus, keyboard, and IME prototype contract > claims native fallback on non-macOS platforms for Ctrl+V 0ms
     → Unable to find an element by: [data-testid="native-terminal-focus-sink"]

Ignored nodes: comments, script, style
[36m<body>[39m
  [36m<div />[39m
[36m</body>[39m
   × NativeTerminalPane focus, keyboard, and IME prototype contract > ignores standalone Meta key before Korean Cmd+V (ㅍ) across capture fallback and textarea 0ms
     → Unable to find an element by: [data-testid="native-terminal-focus-sink"]

Ignored nodes: comments, script, style
[36m<body>[39m
  [36m<div />[39m
[36m</body>[39m
   × NativeTerminalPane focus, keyboard, and IME prototype contract > forwards a DOM image paste through the agent's Ctrl+V shortcut 1ms
     → Unable to find an element by: [data-testid="native-terminal-focus-sink"]

Ignored nodes: comments, script, style
[36m<body>[39m
  [36m<div />[39m
[36m</body>[39m
   × NativeTerminalPane focus, keyboard, and IME prototype contract > forwards a fixture PNG paste at the DOM paste seam through the agent's Ctrl+V shortcut 1ms
     → Unable to find an element by: [data-testid="native-terminal-focus-sink"]

Ignored nodes: comments, script, style
[36m<body>[39m
  [36m<div />[39m
[36m</body>[39m
   × NativeTerminalPane focus, keyboard, and IME prototype contract > routes an image-only paste targeting the terminal pane when the focus sink is not active exclusively through Ctrl+V exactly once 1ms
     → Unable to find an element by: [data-testid="native-terminal-pane"]

Ignored nodes: comments, script, style
[36m<body>[39m
  [36m<div />[39m
[36m</body>[39m
   × NativeTerminalPane focus, keyboard, and IME prototype contract > DOM paste with an image on an ssh pane invokes cmd_ssh_paste_clipboard_image and sends no 0x16 1ms
     → Unable to find an element by: [data-testid="native-terminal-focus-sink"]

Ignored nodes: comments, script, style
[36m<body>[39m
  [36m<div />[39m
[36m</body>[39m
   × NativeTerminalPane focus, keyboard, and IME prototype contract > DOM paste with an image on a daemon pane invokes cmd_daemon_paste_clipboard_image and sends no 0x16 0ms
     → Unable to find an element by: [data-testid="native-terminal-focus-sink"]

Ignored nodes: comments, script, style
[36m<body>[39m
  [36m<div />[39m
[36m</body>[39m
   × NativeTerminalPane focus, keyboard, and IME prototype contract > DOM paste with an image on a local pane invokes cmd_local_paste_clipboard_image and sends no 0x16 0ms
     → Unable to find an element by: [data-testid="native-terminal-focus-sink"]

Ignored nodes: comments, script, style
[36m<body>[39m
  [36m<div />[39m
[36m</body>[39m
   × NativeTerminalPane focus, keyboard, and IME prototype contract > degrades to the agent's paste chord with no error toast when the remote host cannot read a clipboard image 1ms
     → Unable to find an element by: [data-testid="native-terminal-focus-sink"]

Ignored nodes: comments, script, style
[36m<body>[39m
  [36m<div />[39m
[36m</body>[39m
   × NativeTerminalPane focus, keyboard, and IME prototype contract > degrades to the agent's paste chord with no error toast when this platform cannot read a clipboard image 1ms
     → Unable to find an element by: [data-testid="native-terminal-focus-sink"]

Ignored nodes: comments, script, style
[36m<body>[39m
  [36m<div />[39m
[36m</body>[39m
   × NativeTerminalPane focus, keyboard, and IME prototype contract > sends the pane's backend session ID (not the frontend ID) and pastes 'a POSIX path on a manually typed SSH …' 1ms
     → Unable to find an element by: [data-testid="native-terminal-focus-sink"]

Ignored nodes: comments, script, style
[36m<body>[39m
  [36m<div />[39m
[36m</body>[39m
   × NativeTerminalPane focus, keyboard, and IME prototype contract > sends the pane's backend session ID (not the frontend ID) and pastes 'a Windows path on a manually typed SS…' 0ms
     → Unable to find an element by: [data-testid="native-terminal-focus-sink"]

Ignored nodes: comments, script, style
[36m<body>[39m
  [36m<div />[39m
[36m</body>[39m
   × NativeTerminalPane focus, keyboard, and IME prototype contract > does not paste any path when the session-aware upload fails 1ms
     → Unable to find an element by: [data-testid="native-terminal-focus-sink"]

Ignored nodes: comments, script, style
[36m<body>[39m
  [36m<div />[39m
[36m</body>[39m
   × NativeTerminalPane focus, keyboard, and IME prototype contract > a clipboard upload resolving after transition='none' pastes only into the pane that requested it 1ms
     → Unable to find an element by: [data-testid="native-terminal-focus-sink"]

Ignored nodes: comments, script, style
[36m<body>[39m
  [36m<div />[39m
[36m</body>[39m
   × NativeTerminalPane focus, keyboard, and IME prototype contract > a clipboard upload resolving after transition='rebind' pastes only into the pane that requested it 0ms
     → Unable to find an element by: [data-testid="native-terminal-focus-sink"]

Ignored nodes: comments, script, style
[36m<body>[39m
  [36m<div />[39m
[36m</body>[39m
   × NativeTerminalPane focus, keyboard, and IME prototype contract > a clipboard upload resolving after transition='unmount' pastes only into the pane that requested it 0ms
     → Unable to find an element by: [data-testid="native-terminal-focus-sink"]

Ignored nodes: comments, script, style
[36m<body>[39m
  [36m<div />[39m
[36m</body>[39m
   × NativeTerminalPane focus, keyboard, and IME prototype contract > routes a text paste targeting the terminal pane when the focus sink is not active to cmd_native_terminal_paste 0ms
     → Unable to find an element by: [data-testid="native-terminal-pane"]

Ignored nodes: comments, script, style
[36m<body>[39m
  [36m<div />[39m
[36m</body>[39m
   × NativeTerminalPane focus, keyboard, and IME prototype contract > routes a body-target image paste only to the last-focused split terminal 1ms
     → Unable to find an element by: [data-testid="native-terminal-focus-sink"]

Ignored nodes: comments, script, style
[36m<body>[39m
  [36m<div />[39m
[36m</body>[39m
   × NativeTerminalPane focus, keyboard, and IME prototype contract > routes neutral BODY keyboard input only to the last-focused split terminal 1ms
     → Unable to find an element by: [data-testid="native-terminal-focus-sink"]

Ignored nodes: comments, script, style
[36m<body>[39m
  [36m<div />[39m
[36m</body>[39m
   × NativeTerminalPane focus, keyboard, and IME prototype contract > gives a pane-target paste precedence over a previously focused sibling 1ms
     → Unable to find an element by: [data-testid="native-terminal-focus-sink"]

Ignored nodes: comments, script, style
[36m<body>[39m
  [36m<div />[39m
[36m</body>[39m
   × NativeTerminalPane focus, keyboard, and IME prototype contract > lets the sole remaining pane claim BODY paste after the previous owner unmounts 1ms
     → Unable to find an element by: [data-testid="native-terminal-focus-sink"]

Ignored nodes: comments, script, style
[36m<body>[39m
  [36m<div />[39m
[36m</body>[39m
   × NativeTerminalPane focus, keyboard, and IME prototype contract > uses half-open native drop bounds so a split divider belongs to only the right pane 1ms
     → Unable to find an element by: [data-testid="native-terminal-pane"]

Ignored nodes: comments, script, style
[36m<body>[39m
  [36m<div />[39m
[36m</body>[39m
   × NativeTerminalPane focus, keyboard, and IME prototype contract > subscribes to Tauri onDragDropEvent, atomically pasting dropped files inside bounds and ignoring drops outside bounds 1001ms
     → expected "spy" to be called at least once

Ignored nodes: comments, script, style
[36m<html>[39m
  [36m<head />[39m
  [36m<body>[39m
    [36m<div />[39m
  [36m</body>[39m
[36m</html>[39m
   × NativeTerminalPane focus, keyboard, and IME prototype contract > handles Cmd+click to resolve line text and open URLs 1ms
     → Unable to find an element by: [data-testid="native-terminal-pane"]

Ignored nodes: comments, script, style
[36m<body>[39m
  [36m<div />[39m
[36m</body>[39m
   × NativeTerminalPane focus, keyboard, and IME prototype contract > handles Cmd+click to resolve line text and open file paths with line/column 0ms
     → Unable to find an element by: [data-testid="native-terminal-pane"]

Ignored nodes: comments, script, style
[36m<body>[39m
  [36m<div />[39m
[36m</body>[39m
   × NativeTerminalPane focus, keyboard, and IME prototype contract > handles Cmd+click without Shift by opening a file tab instead of the preview modal 0ms
     → Unable to find an element by: [data-testid="native-terminal-pane"]

Ignored nodes: comments, script, style
[36m<body>[39m
  [36m<div />[39m
[36m</body>[39m
   × NativeTerminalPane focus, keyboard, and IME prototype contract > shows a link underline only while hovering a token with the modifier 0ms
     → Unable to find an element by: [data-testid="native-terminal-pane"]

Ignored nodes: comments, script, style
[36m<body>[39m
  [36m<div />[39m
[36m</body>[39m
   × NativeTerminalPane focus, keyboard, and IME prototype contract > handles Cmd+click on indented lines without coordinate drift 0ms
     → Unable to find an element by: [data-testid="native-terminal-pane"]

Ignored nodes: comments, script, style
[36m<body>[39m
  [36m<div />[39m
[36m</body>[39m
   × NativeTerminalPane focus, keyboard, and IME prototype contract > handles onWheel scrolling by issuing native scroll IPC command 0ms
     → Unable to find an element by: [data-testid="native-terminal-pane"]

Ignored nodes: comments, script, style
[36m<body>[39m
  [36m<div />[39m
[36m</body>[39m
   × NativeTerminalPane focus, keyboard, and IME prototype contract > shows, repositions, and drags the native scrollback thumb 1003ms
     → Unable to find role="scrollbar" and name "Terminal scrollback"

Ignored nodes: comments, script, style
[36m<body>[39m
  [36m<div />[39m
[36m</body>[39m

Ignored nodes: comments, script, style
[36m<html>[39m
  [36m<head />[39m
  [36m<body>[39m
    [36m<div />[39m
  [36m</body>[39m
[36m</html>[39m
   × NativeTerminalPane focus, keyboard, and IME prototype contract > hides native scrollbar track by default, reveals on wheel, and fades out after hide timer 1087ms
     → Unable to find an element by: [data-testid="native-terminal-scrollbar-track"]

Ignored nodes: comments, script, style
[36m<body>[39m
  [36m<div />[39m
[36m</body>[39m

Ignored nodes: comments, script, style
[36m<html>[39m
  [36m<head />[39m
  [36m<body>[39m
    [36m<div />[39m
  [36m</body>[39m
[36m</html>[39m
   × NativeTerminalPane focus, keyboard, and IME prototype contract > reveals the native scrollbar on pointer down on the container 1075ms
     → Unable to find an element by: [data-testid="native-terminal-scrollbar-track"]

Ignored nodes: comments, script, style
[36m<body>[39m
  [36m<div />[39m
[36m</body>[39m

Ignored nodes: comments, script, style
[36m<html>[39m
  [36m<head />[39m
  [36m<body>[39m
    [36m<div />[39m
  [36m</body>[39m
[36m</html>[39m
   × NativeTerminalPane focus, keyboard, and IME prototype contract > does not hide native scrollbar while dragging the thumb 1086ms
     → Unable to find an element by: [data-testid="native-terminal-scrollbar-track"]

Ignored nodes: comments, script, style
[36m<body>[39m
  [36m<div />[39m
[36m</body>[39m

Ignored nodes: comments, script, style
[36m<html>[39m
  [36m<head />[39m
  [36m<body>[39m
    [36m<div />[39m
  [36m</body>[39m
[36m</html>[39m
   × NativeTerminalPane focus, keyboard, and IME prototype contract > keeps native scrollbar visible while hovered on track 1085ms
     → Unable to find an element by: [data-testid="native-terminal-scrollbar-track"]

Ignored nodes: comments, script, style
[36m<body>[39m
  [36m<div />[39m
[36m</body>[39m

Ignored nodes: comments, script, style
[36m<html>[39m
  [36m<head />[39m
  [36m<body>[39m
    [36m<div />[39m
  [36m</body>[39m
[36m</html>[39m
   × NativeTerminalPane focus, keyboard, and IME prototype contract > copies native selection to navigator.clipboard on platform copy shortcut 2ms
     → Unable to find an element by: [data-testid="native-terminal-focus-sink"]

Ignored nodes: comments, script, style
[36m<body>[39m
  [36m<div />[39m
[36m</body>[39m
   × NativeTerminalPane focus, keyboard, and IME prototype contract > copies native selection on macOS Korean layout Cmd+C (ㅊ and Process) 2ms
     → Unable to find an element by: [data-testid="native-terminal-focus-sink"]

Ignored nodes: comments, script, style
[36m<body>[39m
  [36m<div />[39m
[36m</body>[39m
   × NativeTerminalPane focus, keyboard, and IME prototype contract > copy-or-interrupt event with empty selection does not send input to PTY 2ms
     → expected "spy" to be called with arguments: [ …(2) ][90m

Number of calls: [1m0[22m
[39m
   × NativeTerminalPane focus, keyboard, and IME prototype contract > copy-or-interrupt event with selection copies 3ms
     → expected "spy" to be called with arguments: [ …(2) ][90m

Number of calls: [1m0[22m
[39m
   × NativeTerminalPane focus, keyboard, and IME prototype contract > delivers copy request on first native copy event without depending on browser clipboard user activation on macOS 3ms
     → expected "spy" to be called with arguments: [ …(2) ][90m

Number of calls: [1m0[22m
[39m
   × NativeTerminalPane focus, keyboard, and IME prototype contract > surfaces browser clipboard write rejection on non-macOS platforms 2ms
     → expected "spy" to be called with arguments: [ …(2) ][90m

Number of calls: [1m0[22m
[39m
   × NativeTerminalPane focus, keyboard, and IME prototype contract > does not send standalone modifier and lock keys through IPC 1ms
     → Unable to find an element by: [data-testid="native-terminal-focus-sink"]

Ignored nodes: comments, script, style
[36m<body>[39m
  [36m<div />[39m
[36m</body>[39m
   × NativeTerminalPane focus, keyboard, and IME prototype contract > renders composition updates as native terminal preedit 4ms
     → Unable to find an element by: [data-testid="native-terminal-focus-sink"]

Ignored nodes: comments, script, style
[36m<body>[39m
  [36m<div />[39m
[36m</body>[39m
   × NativeTerminalPane focus, keyboard, and IME prototype contract > clears native preedit before committing composition text 2ms
     → Unable to find an element by: [data-testid="native-terminal-focus-sink"]

Ignored nodes: comments, script, style
[36m<body>[39m
  [36m<div />[39m
[36m</body>[39m
   × NativeTerminalPane focus, keyboard, and IME prototype contract > clears a cancelled composition when focus leaves the input sink 1ms
     → Unable to find an element by: [data-testid="native-terminal-focus-sink"]

Ignored nodes: comments, script, style
[36m<body>[39m
  [36m<div />[39m
[36m</body>[39m
   × NativeTerminalPane focus, keyboard, and IME prototype contract > forwards ordinary non-composed printable text on input event and clears the sink 1ms
     → Unable to find an element by: [data-testid="native-terminal-focus-sink"]

Ignored nodes: comments, script, style
[36m<body>[39m
  [36m<div />[39m
[36m</body>[39m
   × NativeTerminalPane focus, keyboard, and IME prototype contract > forwards printable character keydown directly and prevents default without firing input event 1ms
     → Unable to find an element by: [data-testid="native-terminal-focus-sink"]

Ignored nodes: comments, script, style
[36m<body>[39m
  [36m<div />[39m
[36m</body>[39m
   × NativeTerminalPane focus, keyboard, and IME prototype contract > leaves IME-owned keydowns on the focused sink to the IME and commits the composition text once 0ms
     → Unable to find an element by: [data-testid="native-terminal-focus-sink"]

Ignored nodes: comments, script, style
[36m<body>[39m
  [36m<div />[39m
[36m</body>[39m
   × NativeTerminalPane focus, keyboard, and IME prototype contract > leaves a legacy keyCode 229 keydown on the focused sink to the IME 0ms
     → Unable to find an element by: [data-testid="native-terminal-focus-sink"]

Ignored nodes: comments, script, style
[36m<body>[39m
  [36m<div />[39m
[36m</body>[39m
   × NativeTerminalPane focus, keyboard, and IME prototype contract > leaves IME-owned keydowns in the document fallback to the IME 0ms
     → Unable to find an element by: [data-testid="native-terminal-focus-sink"]

Ignored nodes: comments, script, style
[36m<body>[39m
  [36m<div />[39m
[36m</body>[39m
   × NativeTerminalPane focus, keyboard, and IME prototype contract > focuses the owning sink on a composition-starting IME keydown in the document fallback 0ms
     → Unable to find an element by: [data-testid="native-terminal-focus-sink"]

Ignored nodes: comments, script, style
[36m<body>[39m
  [36m<div />[39m
[36m</body>[39m
   × NativeTerminalPane focus, keyboard, and IME prototype contract > treats an AltGr text key with only the AltGraph modifier set as text input 0ms
     → Unable to find an element by: [data-testid="native-terminal-focus-sink"]

Ignored nodes: comments, script, style
[36m<body>[39m
  [36m<div />[39m
[36m</body>[39m
   × NativeTerminalPane focus, keyboard, and IME prototype contract > treats an AltGr chord on the focused sink as text input, not a Ctrl+Alt shortcut 0ms
     → Unable to find an element by: [data-testid="native-terminal-focus-sink"]

Ignored nodes: comments, script, style
[36m<body>[39m
  [36m<div />[39m
[36m</body>[39m
   × NativeTerminalPane focus, keyboard, and IME prototype contract > treats an AltGr chord in the document fallback as text input and focuses the sink 0ms
     → Unable to find an element by: [data-testid="native-terminal-focus-sink"]

Ignored nodes: comments, script, style
[36m<body>[39m
  [36m<div />[39m
[36m</body>[39m
   × NativeTerminalPane focus, keyboard, and IME prototype contract > still forwards a genuine Ctrl+Alt chord when AltGraph is not active 0ms
     → Unable to find an element by: [data-testid="native-terminal-focus-sink"]

Ignored nodes: comments, script, style
[36m<body>[39m
  [36m<div />[39m
[36m</body>[39m
   × NativeTerminalPane focus, keyboard, and IME prototype contract > includes terminal-host class name on container to allow global shortcut handlers to target terminal 0ms
     → Unable to find an element by: [data-testid="native-terminal-pane"]

Ignored nodes: comments, script, style
[36m<body>[39m
  [36m<div />[39m
[36m</body>[39m
   × NativeTerminalPane focus, keyboard, and IME prototype contract > does not forward keyboard events when default has already been prevented by global shortcuts 0ms
     → Unable to find an element by: [data-testid="native-terminal-focus-sink"]

Ignored nodes: comments, script, style
[36m<body>[39m
  [36m<div />[39m
[36m</body>[39m
   × NativeTerminalPane focus, keyboard, and IME prototype contract > does not forward split-pane shortcut key when default has been prevented 0ms
     → Unable to find an element by: [data-testid="native-terminal-focus-sink"]

Ignored nodes: comments, script, style
[36m<body>[39m
  [36m<div />[39m
[36m</body>[39m
   × NativeTerminalPane focus, keyboard, and IME prototype contract > integrates with useShortcuts: New Tab and Split shortcuts trigger app handlers without leaking to native input 0ms
     → Unable to find an element by: [data-testid="native-terminal-focus-sink"]

Ignored nodes: comments, script, style
[36m<body>[39m
  [36m<div />[39m
[36m</body>[39m
   × active prop and pane focus event dispatch > focuses the input sink and sends focus when active becomes true 0ms
     → Unable to find an element by: [data-testid="native-terminal-focus-sink"]

Ignored nodes: comments, script, style
[36m<body>[39m
  [36m<div />[39m
[36m</body>[39m
   × active prop and pane focus event dispatch > sends focus false when active transitions to false 0ms
     → expected "spy" to be called with arguments: [ …(2) ][90m

Number of calls: [1m0[22m
[39m
   × active prop and pane focus event dispatch > claims window keydown and forwards input to the active pane when document.activeElement is document.body 1005ms
     → expected "spy" to be called with arguments: [ …(2) ][90m

Number of calls: [1m0[22m
[39m

Ignored nodes: comments, script, style
[36m<html>[39m
  [36m<head />[39m
  [36m<body>[39m
    [36m<div />[39m
  [36m</body>[39m
[36m</html>[39m
   ✓ active prop and pane focus event dispatch > does not claim fallback keydown when active is false even if hovered 3ms
   × NativeTerminalPane daemon and session identity mapping > routes attach, bounds, focus, input, and detach to backendSessionId when id and backendSessionId intentionally differ 2ms
     → expected "spy" to be called with arguments: [ 'cmd_native_terminal_attach', …(1) ][90m

Number of calls: [1m0[22m
[39m
   × NativeTerminalPane daemon and session identity mapping > preserves fallback behavior when callers only supply sessionId without session object 2ms
     → expected "spy" to be called with arguments: [ 'cmd_native_terminal_attach', …(1) ][90m

Number of calls: [1m0[22m
[39m
   × NativeTerminalPane daemon and session identity mapping > makes no attach, focus, or input IPC calls when session has null backendSessionId, then attaches once upon receiving backendSessionId 3ms
     → Unable to find an element by: [data-testid="native-terminal-focus-sink"]

Ignored nodes: comments, script, style
[36m<body>[39m
  [36m<div />[39m
[36m</body>[39m
   × NativeTerminalPane daemon and session identity mapping > focuses and routes input only to the pane receiving a reconnect binding 2ms
     → Unable to find an element by: [data-testid="native-terminal-focus-sink"]

Ignored nodes: comments, script, style
[36m<body>[39m
  [36m<div />[39m
[36m</body>[39m
   ✓ NativeTerminalPane daemon and session identity mapping > resets daemon replay before a reconnect result is bound 1ms
   × NativeTerminalPane daemon and session identity mapping > does not detach a replacement owner when the rebound pane reparents in the same turn 1004ms
     → expected "spy" to be called with arguments: [ 'cmd_native_terminal_attach', …(1) ][90m

Number of calls: [1m0[22m
[39m

Ignored nodes: comments, script, style
[36m<html>[39m
  [36m<head />[39m
  [36m<body>[39m
    [36m<div />[39m
  [36m</body>[39m
[36m</html>[39m
   × NativeTerminalPane daemon and session identity mapping > retries mount attach on rejection with exponential backoff and attaches on eventual success 2ms
     → expected +0 to be 1 // Object.is equality
   × NativeTerminalPane daemon and session identity mapping > redirects printable keydown fallback when activeElement is document.body 1005ms
     → expected "spy" to be called with arguments: [ …(2) ][90m

Number of calls: [1m0[22m
[39m

Ignored nodes: comments, script, style
[36m<html>[39m
  [36m<head />[39m
  [36m<body>[39m
    [36m<div />[39m
  [36m</body>[39m
[36m</html>[39m
   × NativeTerminalPane daemon and session identity mapping > does not let an inactive last-focused pane steal body keydowns 1005ms
     → expected 0 to be greater than 0

Ignored nodes: comments, script, style
[36m<html>[39m
  [36m<head />[39m
  [36m<body>[39m
    [36m<div />[39m
  [36m</body>[39m
[36m</html>[39m
   × NativeTerminalPane daemon and session identity mapping > forwards Enter through the keydown fallback when activeElement is document.body 1006ms
     → expected false to be true // Object.is equality

Ignored nodes: comments, script, style
[36m<html>[39m
  [36m<head />[39m
  [36m<body>[39m
    [36m<div />[39m
  [36m</body>[39m
[36m</html>[39m
   × NativeTerminalPane daemon and session identity mapping > forwards Ctrl+C through the keydown fallback when activeElement is document.body 1008ms
     → expected false to be true // Object.is equality

Ignored nodes: comments, script, style
[36m<html>[39m
  [36m<head />[39m
  [36m<body>[39m
    [36m<div />[39m
  [36m</body>[39m
[36m</html>[39m
   × NativeTerminalPane daemon and session identity mapping > delivers a fallback Enter to exactly one pane when two split panes are mounted 1006ms
     → expected 0 to be greater than 0

Ignored nodes: comments, script, style
[36m<html>[39m
  [36m<head />[39m
  [36m<body>[39m
    [36m<div />[39m
  [36m</body>[39m
[36m</html>[39m
   × NativeTerminalPane daemon and session identity mapping > routes a keystroke to the swapped-in session after a workspace switch, never the outgoing one 1002ms
     → expected false to be true // Object.is equality

Ignored nodes: comments, script, style
[36m<html>[39m
  [36m<head />[39m
  [36m<body>[39m
    [36m<div />[39m
  [36m</body>[39m
[36m</html>[39m
   × NativeTerminalPane daemon and session identity mapping > preserves native mouse-up focus after WebKit mouse-down handling moves focus to BODY 2ms
     → Unable to find an element by: [data-testid="native-terminal-focus-sink"]

Ignored nodes: comments, script, style
[36m<body>[39m
  [36m<div />[39m
[36m</body>[39m
   × NativeTerminalPane daemon and session identity mapping > lets immediate Hangul input start composition after a native pane switch 4ms
     → Unable to find an element by: [data-testid="native-terminal-focus-sink"]

Ignored nodes: comments, script, style
[36m<body>[39m
  [36m<div />[39m
[36m</body>[39m
   × NativeTerminalPane daemon and session identity mapping > forwards plain Ctrl+C with no activity prop as key 'c' with ctrl true 2ms
     → Unable to find an element by: [data-testid="native-terminal-focus-sink"]

Ignored nodes: comments, script, style
[36m<body>[39m
  [36m<div />[39m
[36m</body>[39m
   × NativeTerminalPane daemon and session identity mapping > forwards Ctrl+C unchanged when agent state is waiting 2ms
     → Unable to find an element by: [data-testid="native-terminal-focus-sink"]

Ignored nodes: comments, script, style
[36m<body>[39m
  [36m<div />[39m
[36m</body>[39m
   × NativeTerminalPane daemon and session identity mapping > forwards Ctrl+C unchanged when agent state is working 2ms
     → Unable to find an element by: [data-testid="native-terminal-focus-sink"]

Ignored nodes: comments, script, style
[36m<body>[39m
  [36m<div />[39m
[36m</body>[39m
   × NativeTerminalPane daemon and session identity mapping > forwards Ctrl+C unchanged when agent state is done 2ms
     → Unable to find an element by: [data-testid="native-terminal-focus-sink"]

Ignored nodes: comments, script, style
[36m<body>[39m
  [36m<div />[39m
[36m</body>[39m
   × NativeTerminalPane daemon and session identity mapping > forwards two quick Ctrl+C presses without scheduling an extra interrupt when agent is waiting 3ms
     → Unable to find an element by: [data-testid="native-terminal-focus-sink"]

Ignored nodes: comments, script, style
[36m<body>[39m
  [36m<div />[39m
[36m</body>[39m
   × NativeTerminalPane daemon and session identity mapping > forwards two spaced Ctrl+C presses unchanged when agent is waiting 2ms
     → Unable to find an element by: [data-testid="native-terminal-focus-sink"]

Ignored nodes: comments, script, style
[36m<body>[39m
  [36m<div />[39m
[36m</body>[39m
   × NativeTerminalPane daemon and session identity mapping > sends key 'c' twice immediately with no delayed third send for quick plain Ctrl+C in a plain shell 1ms
     → Unable to find an element by: [data-testid="native-terminal-focus-sink"]

Ignored nodes: comments, script, style
[36m<body>[39m
  [36m<div />[39m
[36m</body>[39m
   × NativeTerminalPane daemon and session identity mapping > sends key 'c' twice immediately with no delayed third send for quick Ctrl+C when agent is working 2ms
     → Unable to find an element by: [data-testid="native-terminal-focus-sink"]

Ignored nodes: comments, script, style
[36m<body>[39m
  [36m<div />[39m
[36m</body>[39m
   × NativeTerminalPane daemon and session identity mapping > forwards fallback document.body Ctrl+C presses without synthetic interrupts when agent is waiting 3ms
     → expected [] to deeply equal [ 'c', 'c' ]
   × NativeTerminalPane daemon and session identity mapping > keeps interrupt key 'c' on plain Ctrl+C when activity indicates agent is working 1ms
     → Unable to find an element by: [data-testid="native-terminal-focus-sink"]

Ignored nodes: comments, script, style
[36m<body>[39m
  [36m<div />[39m
[36m</body>[39m
   × NativeTerminalPane daemon and session identity mapping > normalizes Korean layout Ctrl+C (key ㅊ and code KeyC) to key 'c' instead of 'ㅊ' 1ms
     → Unable to find an element by: [data-testid="native-terminal-focus-sink"]

Ignored nodes: comments, script, style
[36m<body>[39m
  [36m<div />[39m
[36m</body>[39m
   × NativeTerminalPane daemon and session identity mapping > normalizes Korean layout Ctrl+L (key ㅣ and code KeyL) to key 'l' instead of 'ㅣ' 0ms
     → Unable to find an element by: [data-testid="native-terminal-focus-sink"]

Ignored nodes: comments, script, style
[36m<body>[39m
  [36m<div />[39m
[36m</body>[39m
   × NativeTerminalPane daemon and session identity mapping > forwards Ctrl+C unchanged when session has agentType and no activity prop 1ms
     → Unable to find an element by: [data-testid="native-terminal-focus-sink"]

Ignored nodes: comments, script, style
[36m<body>[39m
  [36m<div />[39m
[36m</body>[39m
   × NativeTerminalPane daemon and session identity mapping > keeps interrupt key 'c' on plain Ctrl+C when session has agentType and activity indicates agent is working 1ms
     → Unable to find an element by: [data-testid="native-terminal-focus-sink"]

Ignored nodes: comments, script, style
[36m<body>[39m
  [36m<div />[39m
[36m</body>[39m
   × NativeTerminalPane daemon and session identity mapping > does not send input or write clipboard on Cmd+C with empty selection when activity indicates agent is waiting 1ms
     → Unable to find an element by: [data-testid="native-terminal-focus-sink"]

Ignored nodes: comments, script, style
[36m<body>[39m
  [36m<div />[39m
[36m</body>[39m
   × NativeTerminalPane daemon and session identity mapping > copies selection to clipboard on Cmd+C with non-empty selection without sending input when agent is waiting 1ms
     → Unable to find an element by: [data-testid="native-terminal-focus-sink"]

Ignored nodes: comments, script, style
[36m<body>[39m
  [36m<div />[39m
[36m</body>[39m
   × NativeTerminalPane daemon and session identity mapping > copies selection to clipboard on Ctrl+Shift+C without sending input 0ms
     → Unable to find an element by: [data-testid="native-terminal-focus-sink"]

Ignored nodes: comments, script, style
[36m<body>[39m
  [36m<div />[39m
[36m</body>[39m
   × NativeTerminalPane daemon and session identity mapping > syncs attention frame state to backend when needsAttention changes or component unmounts 1003ms
     → expected "spy" to be called with arguments: [ 'term-session-attention', true ][90m

Number of calls: [1m0[22m
[39m

Ignored nodes: comments, script, style
[36m<html>[39m
  [36m<head />[39m
  [36m<body>[39m
    [36m<div />[39m
  [36m</body>[39m
[36m</html>[39m
   × NativeTerminalPane daemon and session identity mapping > swallows the keydown that terminates an IME composition 1ms
     → Unable to find an element by: [data-testid="native-terminal-focus-sink"]

Ignored nodes: comments, script, style
[36m<body>[39m
  [36m<div />[39m
[36m</body>[39m
   × NativeTerminalPane daemon and session identity mapping > still sends standalone spaces after a committed composition 1ms
     → Unable to find an element by: [data-testid="native-terminal-focus-sink"]

Ignored nodes: comments, script, style
[36m<body>[39m
  [36m<div />[39m
[36m</body>[39m
   × NativeTerminalPane daemon and session identity mapping > disarms the tail suppression when a different key arrives 1ms
     → Unable to find an element by: [data-testid="native-terminal-focus-sink"]

Ignored nodes: comments, script, style
[36m<body>[39m
  [36m<div />[39m
[36m</body>[39m
   × NativeTerminalPane daemon and session identity mapping > sends plain space without any composition 0ms
     → Unable to find an element by: [data-testid="native-terminal-focus-sink"]

Ignored nodes: comments, script, style
[36m<body>[39m
  [36m<div />[39m
[36m</body>[39m
   × NativeTerminalPane daemon and session identity mapping > does not swallow the first jamo of a new composition after a jamo-tailed commit 0ms
     → Unable to find an element by: [data-testid="native-terminal-focus-sink"]

Ignored nodes: comments, script, style
[36m<body>[39m
  [36m<div />[39m
[36m</body>[39m
   × NativeTerminalPane daemon and session identity mapping > does not trigger performAttach when send_input fails with Busy and inputWritten:false 0ms
     → Unable to find an element by: [data-testid="native-terminal-focus-sink"]

Ignored nodes: comments, script, style
[36m<body>[39m
  [36m<div />[39m
[36m</body>[39m
   × NativeTerminalPane daemon and session identity mapping > delivers preedit update enqueued while input send is in flight strictly after input in NativeTerminalPane 0ms
     → Unable to find an element by: [data-testid="native-terminal-focus-sink"]

Ignored nodes: comments, script, style
[36m<body>[39m
  [36m<div />[39m
[36m</body>[39m
   × NativeTerminalPane daemon and session identity mapping > coalesces consecutive preedit updates into one delivered call while input is in flight in NativeTerminalPane 1ms
     → Unable to find an element by: [data-testid="native-terminal-focus-sink"]

Ignored nodes: comments, script, style
[36m<body>[39m
  [36m<div />[39m
[36m</body>[39m
   × NativeTerminalPane daemon and session identity mapping > increments each drop reason counter exactly once for its scenario in NativeTerminalPane 1ms
     → Unable to find an element by: [data-testid="native-terminal-focus-sink"]

Ignored nodes: comments, script, style
[36m<body>[39m
  [36m<div />[39m
[36m</body>[39m
   × terminal link UX (U1-U3) > opens file preview on Cmd+click for OSC 8 file hyperlink 0ms
     → Unable to find an element by: [data-testid="native-terminal-pane"]

Ignored nodes: comments, script, style
[36m<body>[39m
  [36m<div />[39m
[36m</body>[39m
   × terminal link UX (U1-U3) > ignores OSC 8 hyperlinks with a foreign host and does not open file or resolve 0ms
     → Unable to find an element by: [data-testid="native-terminal-pane"]

Ignored nodes: comments, script, style
[36m<body>[39m
  [36m<div />[39m
  [36m<div />[39m
[36m</body>[39m
   × terminal link UX (U1-U3) > fetches remote file in ssh workspace on Cmd+click without showing failure toast 0ms
     → Unable to find an element by: [data-testid="native-terminal-pane"]

Ignored nodes: comments, script, style
[36m<body>[39m
  [36m<div />[39m
  [36m<div />[39m
  [36m<div />[39m
[36m</body>[39m
   × terminal link UX (U1-U3) > dispatches terminal link actions on plain click unless mouse tracking is enabled 0ms
     → Unable to find an element by: [data-testid="native-terminal-pane"]

Ignored nodes: comments, script, style
[36m<body>[39m
  [36m<div />[39m
  [36m<div />[39m
  [36m<div />[39m
  [36m<div />[39m
[36m</body>[39m
   × terminal link UX (U1-U3) > shows hover hint when resolve exists:true and hides underline when exists:false 0ms
     → Unable to find an element by: [data-testid="native-terminal-pane"]

Ignored nodes: comments, script, style
[36m<body>[39m
  [36m<div />[39m
  [36m<div />[39m
  [36m<div />[39m
  [36m<div />[39m
  [36m<div />[39m
[36m</body>[39m
   × terminal link UX (U1-U3) > session interaction event dispatch > dispatches ferryx:session-interacted on user input 5ms
     → Unable to find an element by: [data-testid="native-terminal-focus-sink"]

Ignored nodes: comments, script, style
[36m<body>[39m
  [36m<div />[39m
  [36m<div />[39m
  [36m<div />[39m
  [36m<div />[39m
  [36m<div />[39m
  [36m<div />[39m
[36m</body>[39m
   × terminal link UX (U1-U3) > session interaction event dispatch > dispatches ferryx:session-interacted on paste 1ms
     → Unable to find an element by: [data-testid="native-terminal-focus-sink"]

Ignored nodes: comments, script, style
[36m<body>[39m
  [36m<div />[39m
[36m</body>[39m
   × terminal link UX (U1-U3) > session interaction event dispatch > dispatches ferryx:session-interacted on pointer down 0ms
     → Unable to find an element by: [data-testid="native-terminal-pane"]

Ignored nodes: comments, script, style
[36m<body>[39m
  [36m<div />[39m
[36m</body>[39m
   × terminal link UX (U1-U3) > session interaction event dispatch > dispatches ferryx:session-interacted on native terminal focus 0ms
     → expected [] to include 'frontend-focus-session'
stderr | src/App.test.tsx > App project workspace flow > shows a retryable error when a stored project fails to register at startup
Local workspace registration skipped: heal-fail-a Error: repo path is gone
    at [90m/Users/I552267/ferryx-pane-completion/source-5464da0d/ui/[39msrc/App.test.tsx:668:50
    at [90mfile:///Users/I552267/ferryx-pane-completion/source-5464da0d/ui/[39mnode_modules/[4m@vitest/runner[24m/dist/chunk-hooks.js:155:11
    at [90mfile:///Users/I552267/ferryx-pane-completion/source-5464da0d/ui/[39mnode_modules/[4m@vitest/runner[24m/dist/chunk-hooks.js:752:26
    at [90mfile:///Users/I552267/ferryx-pane-completion/source-5464da0d/ui/[39mnode_modules/[4m@vitest/runner[24m/dist/chunk-hooks.js:1897:20
    at new Promise (<anonymous>)
    at runWithTimeout [90m(file:///Users/I552267/ferryx-pane-completion/source-5464da0d/ui/[39mnode_modules/[4m@vitest/runner[24m/dist/chunk-hooks.js:1863:10[90m)[39m
    at runTest [90m(file:///Users/I552267/ferryx-pane-completion/source-5464da0d/ui/[39mnode_modules/[4m@vitest/runner[24m/dist/chunk-hooks.js:1574:12[90m)[39m
[90m    at processTicksAndRejections (node:internal/process/task_queues:103:5)[39m
    at runSuite [90m(file:///Users/I552267/ferryx-pane-completion/source-5464da0d/ui/[39mnode_modules/[4m@vitest/runner[24m/dist/chunk-hooks.js:1729:8[90m)[39m
    at runSuite [90m(file:///Users/I552267/ferryx-pane-completion/source-5464da0d/ui/[39mnode_modules/[4m@vitest/runner[24m/dist/chunk-hooks.js:1729:8[90m)[39m

 ❯ src/App.test.tsx (154 tests | 5 failed) 12729ms
   ✓ App project workspace flow > awaits the local registration heal before publishing the bootstrap in both boot branches 2ms
   ✓ App project workspace flow > dedupes repeated local registration heals and skips placeholder projects 2ms
   ✓ App project workspace flow > shows a retryable error when a stored project fails to register at startup 7ms
   ✓ App project workspace flow > P05 focused browser shortcut targeting on Windows > routes mounted receivers for nested content 143ms
   ✓ App project workspace flow > P05 focused browser shortcut targeting on Windows > routes mounted receivers for flat content 25ms
   ✓ App project workspace flow > P05 focused browser shortcut targeting on Windows > routes mounted receivers for top-level content 23ms
   ✓ App project workspace flow > P05 focused browser shortcut targeting on Windows > routes mounted receivers for terminal content 20ms
   ✓ App project workspace flow > P05 focused browser shortcut targeting on Windows > routes mounted receivers for missing-content content 16ms
   ✓ App project workspace flow > P05 optional-kind focused close wiring on Windows > Ctrl+W > targets only the focused pane: tagged=true pinned=true split=true 5ms
   ✓ App project workspace flow > P05 optional-kind focused close wiring on Windows > Ctrl+W > targets only the focused pane: tagged=true pinned=true split=false 4ms
   ✓ App project workspace flow > P05 optional-kind focused close wiring on Windows > Ctrl+W > targets only the focused pane: tagged=true pinned=false split=true 3ms
   ✓ App project workspace flow > P05 optional-kind focused close wiring on Windows > Ctrl+W > targets only the focused pane: tagged=true pinned=false split=false 4ms
   ✓ App project workspace flow > P05 optional-kind focused close wiring on Windows > Ctrl+W > targets only the focused pane: tagged=false pinned=true split=true 3ms
   ✓ App project workspace flow > P05 optional-kind focused close wiring on Windows > Ctrl+W > targets only the focused pane: tagged=false pinned=true split=false 3ms
   ✓ App project workspace flow > P05 optional-kind focused close wiring on Windows > Ctrl+W > targets only the focused pane: tagged=false pinned=false split=true 3ms
   ✓ App project workspace flow > P05 optional-kind focused close wiring on Windows > Ctrl+W > targets only the focused pane: tagged=false pinned=false split=false 5ms
   ✓ App project workspace flow > P05 optional-kind focused close wiring on Windows > Ctrl+W > closes focused working agent pane in a split without confirmation 4ms
   ✓ App project workspace flow > P05 optional-kind focused close wiring on Windows > Ctrl+W > closes focused waiting agent pane in a split without confirmation 7ms
   ✓ App project workspace flow > P05 optional-kind focused close wiring on Windows > Ctrl+W > does not ask for confirmation for an untagged pane's busy sibling 4ms
   ✓ App project workspace flow > P05 optional-kind focused close wiring on Windows > Ctrl+W > preserves browser whole-tab guard with pinned=false even with a layout 3ms
   ✓ App project workspace flow > P05 optional-kind focused close wiring on Windows > Ctrl+W > preserves browser whole-tab guard with pinned=true even with a layout 3ms
   ✓ App project workspace flow > P05 optional-kind focused close wiring on Windows > Ctrl+W > ignores a nonexistent active tab even with a leftover layout 5ms
   ✓ App project workspace flow > P05 optional-kind focused close wiring on Windows > native menu > targets only the focused pane: tagged=true pinned=true split=true 3ms
   ✓ App project workspace flow > P05 optional-kind focused close wiring on Windows > native menu > targets only the focused pane: tagged=true pinned=true split=false 2ms
   ✓ App project workspace flow > P05 optional-kind focused close wiring on Windows > native menu > targets only the focused pane: tagged=true pinned=false split=true 2ms
   ✓ App project workspace flow > P05 optional-kind focused close wiring on Windows > native menu > targets only the focused pane: tagged=true pinned=false split=false 2ms
   ✓ App project workspace flow > P05 optional-kind focused close wiring on Windows > native menu > targets only the focused pane: tagged=false pinned=true split=true 4ms
   ✓ App project workspace flow > P05 optional-kind focused close wiring on Windows > native menu > targets only the focused pane: tagged=false pinned=true split=false 3ms
   ✓ App project workspace flow > P05 optional-kind focused close wiring on Windows > native menu > targets only the focused pane: tagged=false pinned=false split=true 2ms
   ✓ App project workspace flow > P05 optional-kind focused close wiring on Windows > native menu > targets only the focused pane: tagged=false pinned=false split=false 2ms
   ✓ App project workspace flow > P05 optional-kind focused close wiring on Windows > native menu > closes focused working agent pane in a split without confirmation 2ms
   ✓ App project workspace flow > P05 optional-kind focused close wiring on Windows > native menu > closes focused waiting agent pane in a split without confirmation 2ms
   ✓ App project workspace flow > P05 optional-kind focused close wiring on Windows > native menu > does not ask for confirmation for an untagged pane's busy sibling 2ms
   ✓ App project workspace flow > P05 optional-kind focused close wiring on Windows > native menu > preserves browser whole-tab guard with pinned=false even with a layout 4ms
   ✓ App project workspace flow > P05 optional-kind focused close wiring on Windows > native menu > preserves browser whole-tab guard with pinned=true even with a layout 2ms
   ✓ App project workspace flow > P05 optional-kind focused close wiring on Windows > native menu > ignores a nonexistent active tab even with a leftover layout 2ms
   ✓ App project workspace flow > passes live tabless workspace state to the sidebar 3ms
   ✓ App project workspace flow > does not select tabless workspace rows through Cmd+digit 3ms
   ✓ App project workspace flow > skips tabless background worktrees when indexing Cmd+N targets 5ms
   ✓ App project workspace flow > returns reconnect failure to the pane instead of discarding its promise 4ms
   ✓ App project workspace flow > routes the native Cmd+T menu accelerator through the normal new-terminal callback 5ms
   ✓ App project workspace flow > routes the native Cmd+W menu accelerator to close the active tab 3ms
   ✓ App project workspace flow > routes web Cmd+W on a leaf-root terminal tab to its pane when focus is unset 3ms
   ✓ App project workspace flow > confirms closing a single-pane tab with a working agent as a tab close 24ms
   ✓ App project workspace flow > confirms closing a single-pane tab with a waiting agent as a tab close 17ms
   ✓ App project workspace flow > closes a single pane in a split view with a working agent without confirmation 10ms
   ✓ App project workspace flow > closes a single pane in a split view with a waiting agent without confirmation 9ms
   ✓ App project workspace flow > confirms tab close for a working agent even with confirmCloseTab disabled 21ms
   ✓ App project workspace flow > confirms tab close for a waiting agent even with confirmCloseTab disabled 20ms
   ✓ App project workspace flow > closes an idle focused pane through native Cmd+W without confirming for a busy sibling 10ms
   ✓ App project workspace flow > routes the native Cmd+W menu accelerator to close the focused pane in a split terminal tab 4ms
   ✓ App project workspace flow > routes the web Cmd+W shortcut to close the focused pane in a split terminal tab 2ms
   ✓ App project workspace flow > routes the native Cmd+W menu accelerator to close an active browser tab 4ms
   ✓ App project workspace flow > routes http links to a built-in browser tab through the app-registered opener 3ms
   ✓ App project workspace flow > shows tab close confirmation when confirmCloseTab is enabled, cancelling on reject and closing on confirm 28ms
   ✓ App project workspace flow > uses the canonical folder-derived project on an empty native startup 6ms
   ✓ App project workspace flow > falls back to stored projects and initializes bootstrap when getInitialProject rejects 5ms
   ✓ App project workspace flow > starts update polling on native mount and stops it on unmount 3ms
   ✓ App project workspace flow > renders genuine empty state and does not create phantom default workspace when getInitialProject rejects without stored projects 7ms
   ✓ App project workspace flow > checks for a signed update when the native app starts 3ms
   ✓ App project workspace flow > restores projects lost from WebView storage using the native session catalog 12ms
   ✓ App project workspace flow > restores multi-project native session catalog when single persisted project differs from startup 11ms
   ✓ App project workspace flow > does not restore historical projects into an existing multi-project catalog 10ms
   ✓ App project workspace flow > keeps the native shell initializing until persisted workspace tabs are preloaded 59ms
   ✓ App project workspace flow > migrates the legacy default placeholder to the canonical native project 5ms
   ✓ App project workspace flow > removes a project via RemoveProjectDialog and switches active project when removing the active one 35ms
   ✓ App project workspace flow > shows a genuine empty state and does not re-register the default project after removing the last project 26ms
   ✓ App project workspace flow > scopes WorktreeDeleteDialog workspaceId to the owning project of the deleted worktree 10ms
   ✓ App project workspace flow > migrates legacy rorca/orca storage keys to ferryx namespace on startup (F10) 5ms
   ✓ App project workspace flow > heals a legacy project entry (no gitRoot) into a git-backed project on startup 9ms
   ✓ App project workspace flow > re-registers the active persisted project before refreshing its worktrees 6ms
   ✓ App project workspace flow > opens a registered project's real branch-dropdown worktree flow 40ms
   ✓ App project workspace flow > opens worktree creation for the clicked non-active project 17ms
   ✓ App project workspace flow > switches to the non-active project before opening its created worktree 35ms
   ✓ App project workspace flow > switches the active project when selecting a project row in the nested tree 13ms
   ✓ App project workspace flow > shows the original project's worktrees again after switching away and clicking back 31ms
   ✓ App project workspace flow > adopts the canonical workspaceId the backend returns for an already-registered root 6ms
   ✓ App project workspace flow > retries registration on window focus after a transient failure instead of gating forever 8ms
   ✓ App project workspace flow > persists the outgoing project's session when switching away 65ms
   ✓ App project workspace flow > discards a parked worktree selection that belongs to a project no longer active 23ms
   ✓ App project workspace flow > surfaces a genuine same-id different-root registration conflict instead of silently listing 5ms
   ✓ App project workspace flow > switches project instead of activating when the worktree belongs to another project 13ms
   ✓ App project workspace flow > switches project for a branch-less worktree nested under another project's root 12ms
   ✓ App project workspace flow > activates a worktree directly when it belongs to the active project 9ms
   ✓ App project workspace flow > walks visible worktrees top to bottom across expanded projects with Cmd+1.. 10ms
   ✓ App project workspace flow > skips a collapsed project's rows when counting Cmd+N positions 7ms
   ✓ App project workspace flow > selects a worktree when macOS forwards Cmd+N through the native key monitor 5ms
   ✓ App project workspace flow > targets the synthesized root row of a visible non-Git project via native Cmd+digit 9ms
   ✓ App project workspace flow > targets inactive cached rows before extra owned rows matching Sidebar top-to-bottom order via native Cmd+digit 9ms
   ✓ App project workspace flow > keeps out-of-range Cmd+N presses a no-op 3ms
   ✓ App project workspace flow > navigates workspaces with Cmd+1..4 and terminal tabs with Ctrl+1..4 ignoring out-of-range keys 3ms
   ✓ App project workspace flow > toggles sidebar visibility with Cmd+B and persists state across mounts 22ms
   × App project workspace flow > keeps restored missing sessions in standby under the default Lazy policy 59ms
     → expected { id: 'dead-sess-1', …(17) } to match object { id: 'dead-sess-1', …(3) }
(14 matching properties omitted from actual)
   ✓ App project workspace flow > waits until registration and worktree refresh complete before restoring Lazy standby sessions 6ms
   ✓ App project workspace flow > restores persisted terminal sessions only once when restored state changes effect dependencies 57ms
   ✓ App project workspace flow > preserves live backend sessions when restoring during dev/HMR 55ms
   × App project workspace flow > reconciles live and missing sessions across split panes without auto-respawning dead sessions 61ms
     → expected { id: 'dead-sess-2', …(17) } to match object { id: 'dead-sess-2', …(2) }
(15 matching properties omitted from actual)
   × App project workspace flow > reconciles daemonEpoch and lastOutputSequence on startup, marking epoch mismatch as exited 65ms
     → expected { id: 'sess-mismatch', …(17) } to match object { id: 'sess-mismatch', …(4) }
(13 matching properties omitted from actual)
   ✓ App project workspace flow > toggles the settings dialog with Cmd+, 27ms
   ✓ App project workspace flow > activates in-terminal search on active pane with Cmd+F 5ms
   ✓ App project workspace flow > moves pane focus next and previous with Cmd+] and Cmd+[ 4ms
   ✓ App project workspace flow > detects agents on mount and launches agent via spawnTerminal and writeTerminal  630ms
   ✓ App project workspace flow > surfaces the stored defaultAgentId first with a Default label in the New Tab agent list 38ms
   ✓ App project workspace flow > opens a browser tab at the configured homepage from the new-tab menu 22ms
   ✓ App project workspace flow > opens a blank browser tab from the new-tab menu when no homepage is set 16ms
   ✓ App project workspace flow > preserves every registered workspace when saving session instead of clobbering inactive workspaces 6ms
   ✓ App project workspace flow > conditionally mounts SettingsDialog and CommandPalette only when open 3ms
   ✓ App project workspace flow > lazy-loads SettingsDialog via React.lazy with Suspense 1ms
   ✓ App project workspace flow > does not list state in registerWindowCloseGuard effect dependencies 0ms
   ✓ App project workspace flow > does not starve debounced session persistence when transient title/activity ticks arrive faster than debounce interval 22ms
   ✓ App project workspace flow > does not pass inline arrow functions for onOpenSettings or onCloseSearch 1ms
   ✓ App project workspace flow > preserves layout ownership and marks dead sessions exited across active and parked layouts without auto-respawning 58ms
   ✓ App project workspace flow > successfully completes session restore under React StrictMode double-mount without skipping 57ms
   ✓ App project workspace flow > skips native disk session restore when store was hydrated from HMR handoff and no HMR state exists 13ms
   × App project workspace flow > reconciles stale sessions and triggers ensureSessionBackends on HMR handoff when daemon restarted 1063ms
     → expected "spy" to be called with arguments: [ [ 'dead-sess-1' ] ][90m

Number of calls: [1m0[22m
[39m

Ignored nodes: comments, script, style
[36m<html[39m
  [33mdata-accent[39m=[32m"default"[39m
  [33mdata-density[39m=[32m"compact"[39m
  [33mdata-theme[39m=[32m"charcoal"[39m
  [33mdata-theme-preference[39m=[32m"charcoal"[39m
  [33mstyle[39m=[32m"color-scheme: dark; --terminal: #282c34; --terminal-rgb: 40 44 52;"[39m
[36m>[39m
  [36m<head />[39m
  [36m<body>[39m
    [36m<div>[39m
      [36m<div[39m
        [33mclass[39m=[32m"flex h-screen w-screen select-none overflow-hidden bg-background font-sans text-foreground"[39m
      [36m>[39m
        [36m<div[39m
          [33mclass[39m=[32m"selectable"[39m
          [33mdata-native-terminal-yield[39m=[32m"off"[39m
        [36m>[39m
          [36m<section[39m
            [33maria-atomic[39m=[32m"false"[39m
            [33maria-label[39m=[32m"Notifications alt+T"[39m
            [33maria-live[39m=[32m"polite"[39m
            [33maria-relevant[39m=[32m"additions text"[39m
            [33mdata-react-aria-top-layer[39m=[32m"true"[39m
            [33mtabindex[39m=[32m"-1"[39m
          [36m/>[39m
        [36m</div>[39m
        [36m<div[39m
          [33mdata-empty-workspaces[39m=[32m"[]"[39m
          [33mdata-open[39m=[32m"true"[39m
          [33mdata-testid[39m=[32m"mock-sidebar"[39m
        [36m>[39m
          [36m<button[39m
            [33mtype[39m=[32m"button"[39m
          [36m>[39m
            [0mHide sidebar[0m
          [36m</button>[39m
          [36m<button[39m
            [33mtype[39m=[32m"button"[39m
          [36m>[39m
            [0mOpen settings[0m
          [36m</button>[39m
          [36m<button[39m
            [33mtype[39m=[32m"button"[39m
          [36m>[39m
            [0mAdd project[0m
          [36m</button>[39m
          [36m<span>[39m
            [0mActive project [0m
            [0mdefault[0m
          [36m</span>[39m
          [36m<div>[39m
            [36m<button[39m
              [33mtype[39m=[32m"button"[39m
            [36m>[39m
              [0mProject [0m
              [0mdefault[0m
            [36m</button>[39m
            [36m<button[39m
              [33mtype[39m=[32m"button"[39m
            [36m>[39m
              [0mAdd worktree to [0m
              [0mdefault[0m
            [36m</button>[39m
            [36m<button[39m
              [33mtype[39m=[32m"button"[39m
            [36m>[39m
              [0mRemove project [0m
              [0mdefault[0m
            [36m</button>[39m
            [36m<div>[39m
              [36m<button[39m
                [33mtype[39m=[32m"button"[39m
              [36m>[39m
                [0mWorktree [0m
                [0m/repo/main[0m
              [36m</button>[39m
              [36m<button[39m
                [33mtype[39m=[32m"button"[39m
              [36m>[39m
                [0mDelete worktree [0m
                [0m/repo/main[0m
              [36m</button>[39m
            [36m</div>[39m
            [36m<div>[39m
              [36m<button[39m
                [33mtype[39m=[32m"button"[39m
              [36m>[39m
                [0mWorktree [0m
                [0m/repo/feature[0m
              [36m</button>[39m
              [36m<button[39m
                [33mtype[39m=[32m"button"[39m
              [36m>[39m
                [0mDelete worktree [0m
                [0m/repo/feature[0m
              [36m</button>[39m
            [36m</div>[39m
            [36m<div>[39m
              [36m<button[39m
                [33mtype[39m=[32m"button"[39m
              [36m>[39m
                [0mWorktree [0m
                [0m/repo/bugfix[0m
              [36m</button>[39m
              [36m<button[39m
                [33mtype[39m=[32m"button"[39m
              [36m>[39m
                [0mDelete worktree [0m
                [0m/repo/bugfix[0m
              [36m</button>[39m
            [36m</div>[39m
            [36m<div>[39m
              [36m<button[39m
                [33mtype[39m=[32m"button"[39m
              [36m>[39m
                [0mWorktree [0m
                [0m/repo/docs[0m
              [36m</button>[39m
              [36m<button[39m
                [33mtype[39m=[32m"button"[39m
              [36m>[39m
                [0mDelete worktree [0m
                [0m/repo/docs[0m
              [36m</button>[39m
            [36m</div>[39m
          [36m</div>[39m
        [36m</div>[39m
        [36m<main[39m
          [33mclass[39m=[32m"flex h-full min-w-0 flex-1 flex-col overflow-hidden bg-background"[39m
        [36m>[39m
          [36m<div[39m
            [33mdata-default-agent-id[39m=[32m""[39m
            [33mdata-search-leaf-id[39m=[32m""[39m
            [33mdata-testid[39m=[32m"terminal-split-view"[39m
          [36m>[39m
            [36m<button[39m
              [33mtype[39m=[32m"button"[39m
            [36m>[39m
              [0mClose fixture pane[0m
            [36m</button>[39m
            [36m<button[39m
              [33mtype[39m=[32m"button"[39m
            [36m>[39m
              [0mClose fixture tab[0m
            [36m</button>[39m
            [36m<button[39m
              [33mtype[39m=[32m"button"[39m
            [36m>[39m
              [0mNew browser tab[0m
            [36m</button>[39m
          [36m</div>[39m
        [36m</main>[39m
      [36m</div>[39m
    [36m</div>[39m
    [36m<div[39m
      [33maria-hidden[39m=[32m"true"[39m
      [33mclass[39m=[32m"pointer-events-none fixed inset-0 z-50"[39m
      [33mdata-shortcut-hints[39m=[32m"true"[39m
    [36m/>[39m
  [36m</body>[39m
[36m</html>[39m...
   ✓ App project workspace flow > Ferryx desktop focused-terminal publisher and remote selection listener > derives focused terminal payload through focused group -> active tab -> active leaf -> session -> backendSessionId 1ms
   ✓ App project workspace flow > Ferryx desktop focused-terminal publisher and remote selection listener > publishes terminal tabs from every worktree with safe labels 0ms
   ✓ App project workspace flow > Ferryx desktop focused-terminal publisher and remote selection listener > publishes the primary worktree with no managed slug 0ms
   ✓ App project workspace flow > Ferryx desktop focused-terminal publisher and remote selection listener > activates the exact pane when a remote selection names a leaf-addressed entry 5ms
   ✓ App project workspace flow > Ferryx desktop focused-terminal publisher and remote selection listener > exposes every split pane of a tab as its own remote entry addressed by leaf 1ms
   ✓ App project workspace flow > Ferryx desktop focused-terminal publisher and remote selection listener > keeps a single-pane tab addressed by its plain tab id 0ms
   ✓ App project workspace flow > Ferryx desktop focused-terminal publisher and remote selection listener > derives per-tab activityState and agentType when present in activityBySessionId 0ms
   ✓ App project workspace flow > Ferryx desktop focused-terminal publisher and remote selection listener > keeps publishing the terminal inventory with an empty focus when a browser tab is active 0ms
   ✓ App project workspace flow > Ferryx desktop focused-terminal publisher and remote selection listener > returns null only when the desktop has no terminal tab at all 0ms
   ✓ App project workspace flow > Ferryx desktop focused-terminal publisher and remote selection listener > does not republish unchanged terminal inventory on unrelated workspace renders 5ms
   ✓ App project workspace flow > Ferryx desktop focused-terminal publisher and remote selection listener > publishes focused terminal to native IPC on mount and layout changes 4ms
   ✓ App project workspace flow > Ferryx desktop focused-terminal publisher and remote selection listener > publishes per-tab agent activity state and agent type to native IPC 3ms
   ✓ App project workspace flow > Ferryx desktop focused-terminal publisher and remote selection listener > publishes real backendSessionId after session backend is bound or rebound 5ms
   ✓ App project workspace flow > Ferryx desktop focused-terminal publisher and remote selection listener > routes publishFocusedTerminal rejection to reportRuntimeError 56ms
   ✓ App project workspace flow > Ferryx desktop focused-terminal publisher and remote selection listener > creates a new remote terminal through openTab instead of reusing an existing worktree tab 8ms
   ✓ App project workspace flow > Ferryx desktop focused-terminal publisher and remote selection listener > handles native remote_selection_requested and activates requested worktree context 6ms
   ✓ App project workspace flow > Ferryx desktop focused-terminal publisher and remote selection listener > handles same-worktree tab selection request and activates exact tab 3ms
   ✓ App project workspace flow > Ferryx desktop focused-terminal publisher and remote selection listener > handles primary worktree selection within current project when on secondary worktree 4ms
   ✓ App project workspace flow > Ferryx desktop focused-terminal publisher and remote selection listener > handles cross-worktree selection with tabId activating tab after worktree switch 57ms
   ✓ App project workspace flow > Ferryx desktop focused-terminal publisher and remote selection listener > handles cross-project remote selection by switching project and then activating worktree 7ms
   ✓ App project workspace flow > Ferryx desktop focused-terminal publisher and remote selection listener > drops a queued remote slug when the user switches to a third project first 7ms
   ✓ App project workspace flow > Ferryx desktop focused-terminal publisher and remote selection listener > activates the exact pane after a queued cross-project selection names a leaf entry 58ms
   ✓ App project workspace flow > badge count synchronization > synchronizes badge count from unique true unreadTabIds in workspace state 4ms
   ✓ App project workspace flow > badge count synchronization > routes native badge synchronization errors to reportRuntimeError 56ms
   ✓ App project workspace flow > Automatic agent session resume on workspace restore > auto-resumes exited agent sessions in staggered order, while plain shell sessions and unsupported agents are not auto-resumed  929ms
   ✓ App project workspace flow > Automatic agent session resume on workspace restore > does not crash and degrades silently when auto-resume spawn fails 69ms
   ✓ App project workspace flow > T2 onBrowserSessionCreated skipped adoption notifications > (1) when a remote host is active, calls toast.warning exactly once and adoptBrowserSession zero times 29ms
   ✓ App project workspace flow > T2 onBrowserSessionCreated skipped adoption notifications > (2) when no remote host is active and adoptBrowserSession returns null, calls the second toast warning exactly once 3ms
   ✓ App project workspace flow > T2 onBrowserSessionCreated skipped adoption notifications > (3) when no remote host is active and adoptBrowserSession returns a tab id, no toast warning fires 3ms
   ✓ App project workspace flow > T2 clause (a) adoption reporting reaches the CLI > reports adopted=false with remote-host-active when a remote host owns the window 6ms
   ✓ App project workspace flow > T2 clause (a) adoption reporting reaches the CLI > reports adopted=false with adopt-failed when the session could not be adopted 6ms
   ✓ App project workspace flow > T2 clause (a) adoption reporting reaches the CLI > reports adopted=true when the tab was shown 5ms
   ✓ App project workspace flow > T9 browser_tab_switch activates the owning layout tab > activates the tab owning the browserId, not the tab at the CLI index 4ms
   ✓ App project workspace flow > T9 browser_tab_switch activates the owning layout tab > activates the terminal tab that hosts the browser in a pane 4ms
   ✓ App project workspace flow > T9 browser_tab_switch activates the owning layout tab > warns instead of staying silent when no tab owns the browserId 4ms
   × App project workspace flow > Wave 3a Onboarding and Welcome > auto-opens WelcomeWizard for a macOS status with missing permissions and zero projects 8010ms
     → Unable to find role="dialog" and name "Welcome to Ferryx"

Ignored nodes: comments, script, style
[36m<body>[39m
  [36m<div>[39m
    [36m<div[39m
      [33mclass[39m=[32m"flex h-screen w-screen select-none overflow-hidden bg-background font-sans text-foreground"[39m
    [36m>[39m
      [36m<div[39m
        [33mclass[39m=[32m"selectable"[39m
        [33mdata-native-terminal-yield[39m=[32m"off"[39m
      [36m>[39m
        [36m<section[39m
          [33maria-atomic[39m=[32m"false"[39m
          [33maria-label[39m=[32m"Notifications alt+T"[39m
          [33maria-live[39m=[32m"polite"[39m
          [33maria-relevant[39m=[32m"additions text"[39m
          [33mdata-react-aria-top-layer[39m=[32m"true"[39m
          [33mtabindex[39m=[32m"-1"[39m
        [36m/>[39m
      [36m</div>[39m
      [36m<div[39m
        [33mdata-empty-workspaces[39m=[32m"[]"[39m
        [33mdata-open[39m=[32m"true"[39m
        [33mdata-testid[39m=[32m"mock-sidebar"[39m
      [36m>[39m
        [36m<button[39m
          [33mtype[39m=[32m"button"[39m
        [36m>[39m
          [0mHide sidebar[0m
        [36m</button>[39m
        [36m<button[39m
          [33mtype[39m=[32m"button"[39m
        [36m>[39m
          [0mOpen settings[0m
        [36m</button>[39m
        [36m<button[39m
          [33mtype[39m=[32m"button"[39m
        [36m>[39m
          [0mAdd project[0m
        [36m</button>[39m
        [36m<span>[39m
          [0mActive project [0m
          [0mdefault[0m
        [36m</span>[39m
      [36m</div>[39m
      [36m<main[39m
        [33mclass[39m=[32m"flex h-full min-w-0 flex-1 flex-col overflow-hidden bg-background"[39m
      [36m>[39m
        [36m<div[39m
          [33mclass[39m=[32m"flex h-full flex-1 flex-col items-center justify-center gap-4 overflow-y-auto bg-background py-6"[39m
          [33mdata-testid[39m=[32m"no-projects-view"[39m
        [36m>[39m
          [36m<div[39m
            [33mclass[39m=[32m"w-full max-w-md px-4"[39m
          [36m>[39m
            [36m<div>[39m
              [36m<p[39m
                [33mclass[39m=[32m"text-[15px] font-semibold tracking-tight text-foreground"[39m
              [36m>[39m
                [0mNo projects[0m
              [36m</p>[39m
              [36m<p[39m
                [33mclass[39m=[32m"mt-1 text-[13px] text-muted-foreground"[39m
              [36m>[39m
                [0mAdd a project to open a terminal workspace.[0m
              [36m</p>[39m
            [36m</div>[39m
            [36m<div[39m
              [33mclass[39m=[32m"mt-4 grid gap-2"[39m
            [36m>[39m
              [36m<button[39m
                [33maria-label[39m=[32m"Add Project"[39m
                [33mclass[39m=[32m"group flex w-full items-center gap-3 rounded-md border border-border px-4 py-3 text-left transition-colors hover:bg-accent focus-visible:outline-none focus-visible:ring-1 focus-visible:ring-ring"[39m
                [33mdata-testid[39m=[32m"checklist-add-project"[39m
                [33mtype[39m=[32m"button"[39m
              [36m>[39m
                [36m<div[39m
                  [33mclass[39m=[32m"grid size-8 shrink-0 place-items-center rounded-md bg-accent/60"[39m
                [36m>[39m
                  [36m<svg[39m
                    [33mclass[39m=[32m"lucide lucide-folder-plus size-4 text-foreground"[39m
                    [33mfill[39m=[32m"none"[39m
                    [33mheight[39m=[32m"24"[39m
                    [33mstroke[39m=[32m"currentColor"[39m
                    [33mstroke-linecap[39m=[32m"round"[39m
                    [33mstroke-linejoin[39m=[32m"round"[39m
                    [33mstroke-width[39m=[32m"2"[39m
                    [33mviewBox[39m=[32m"0 0 24 24"[39m
                    [33mwidth[39m=[32m"24"[39m
                    [33mxmlns[39m=[32m"http://www.w3.org/2000/svg"[39m
                  [36m>[39m
                    [36m<path[39m
                      [33md[39m=[32m"M12 10v6"[39m
                    [36m/>[39m
                    [36m<path[39m
                      [33md[39m=[32m"M9 13h6"[39m
                    [36m/>[39m
                    [36m<path[39m
                      [33md[39m=[32m"M20 20a2 2 0 0 0 2-2V8a2 2 0 0 0-2-2h-7.9a2 2 0 0 1-1.69-.9L9.6 3.9A2 2 0 0 0 7.93 3H4a2 2 0 0 0-2 2v13a2 2 0 0 0 2 2Z"[39m
                    [36m/>[39m
                  [36m</svg>[39m
                [36m</div>[39m
                [36m<div[39m
                  [33mclass[39m=[32m"min-w-0 flex-1"[39m
                [36m>[39m
                  [36m<div[39m
                    [33mclass[39m=[32m"text-[13px] font-medium text-foreground"[39m
                  [36m>[39m
                    [0mAdd Project[0m
                  [36m</div>[39m
                  [36m<div[39m
                    [33mclass[39m=[32m"mt-0.5 text-[12px] leading-relaxed text-muted-foreground"[39m
                  [36m>[39m
                    [0mPick a folder on this computer. Git repositories unlock worktrees.[0m
                  [36m</div>[39m
                [36m</div>[39m
                [36m<svg[39m
                  [33mclass[39m=[32m"lucide lucide-chevron-right ml-auto size-4 shrink-0 text-muted-foreground"[39m
                  [33mfill[39m=[32m"none"[39m
                  [33mheight[39m=[32m"24"[39m
                  [33mstroke[39m=[32m"currentColor"[39m
                  [33mstroke-linecap[39m=[32m"round"[39m
                  [33mstroke-linejoin[39m=[32m"round"[39m
                  [33mstroke-width[39m=[32m"2"[39m
                  [33mviewBox[39m=[32m"0 0 24 24"[39m
                  [33mwidth[39m=[32m"24"[39m
                  [33mxmlns[39m=[32m"http://www.w3.org/2000/svg"[39m
                [36m>[39m
                  [36m<path[39m
                    [33md[39m=[32m"m9 18 6-6-6-6"[39m
                  [36m/>[39m
                [36m</svg>[39m
              [36m</button>[39m
              [36m<button[39m
                [33maria-label[39m=[32m"Connect machine"[39m
                [33mclass[39m=[32m"group flex w-full items-center gap-3 rounded-md border border-border px-4 py-3 text-left transition-colors hover:bg-accent focus-visible:outline-none focus-visible:ring-1 focus-visible:ring-ring"[39m
                [33mdata-testid[39m=[32m"checklist-connect-machine"[39m
                [33mtype[39m=[32m"button"[39m
              [36m>[39m
                [36m<div[39m
                  [33mclass[39m=[32m"grid size-8 shrink-0 place-items-center rounded-md bg-accent/60"[39m
                [36m>[39m
                  [36m<svg[39m
                    [33mclass[39m=[32m"lucide lucide-monitor size-4 text-foreground"[39m
                    [33mfill[39m=[32m"none"[39m
                    [33mheight[39m=[32m"24"[39m
                    [33mstroke[39m=[32m"currentColor"[39m
                    [33mstroke-linecap[39m=[32m"round"[39m
                    [33mstroke-linejoin[39m=[32m"round"[39m
                    [33mstroke-width[39m=[32m"2"[39m
                    [33mviewBox[39m=[32m"0 0 24 24"[39m
                    [33mwidth[39m=[32m"24"[39m
                    [33mxmlns[39m=[32m"http://www.w3.org/2000/svg"[39m
                  [36m>[39m
                    [36m<rect[39m
                      [33mheight[39m=[32m"14"[39m
                      [33mrx[39m=[32m"2"[39m
                      [33mwidth[39m=[32m"20"[39m
                      [33mx[39m=[32m"2"[39m
                      [33my[39m=[32m"3"[39m
                    [36m/>[39m
                    [36m<line[39m
                      [33mx1[39m=[32m"8"[39m
                      [33mx2[39m=[32m"16"[39m
                      [33my1[39m=[32m"21"[39m
                      [33my2[39m=[32m"21"[39m
                    [36m/>[39m
                    [36m<line[39m
                      [33mx1[39m=[32m"12"[39m
                      [33mx2[39m=[32m"12"[39m
                      [33my1[39m=[32m"17"[39m
                      [33my2[39m=[32m"21"[39m
                    [36m/>[39m
                  [36m</svg>[39m
                [36m</div>[39m
                [36m<div[39m
                  [33mclass[39m=[32m"min-w-0 flex-1"[39m
                [36m>[39m
                  [36m<div[39m
                    [33mclass[39m=[32m"text-[13px] font-medium text-foreground"[39m
                  [36m>[39m
                    [0mConnect a machine[0m
                  [36m</div>[39m
                  [36m<div[39m
                    [33mclass[39m=[32m"mt-0.5 text-[12px] leading-relaxed text-muted-foreground"[39m
                  [36m>[39m
                    [0mPair another computer through your Ferryx account.[0m
                  [36m</div>[39m
                [36m</div>[39m
                [36m<svg[39m
                  [33mclass[39m=[32m"lucide lucide-chevron-right ml-auto size-4 shrink-0 text-muted-foreground"[39m
                  [33mfill[39m=[32m"none"[39m
                  [33mheight[39m=[32m"24"[39m
                  [33mstroke[39m=[32m"currentColor"[39m
                  [33mstroke-linecap[39m=[32m"round"[39m
                  [33mstroke-linejoin[39m=[32m"round"[39m
                  [33mstroke-width[39m=[32m"2"[39m
                  [33mviewBox[39m=[32m"0 0 24 24"[39m
                  [33mwidth[39m=[32m"24"[39m
                  [33mxmlns[39m=[32m"http://www.w3.org/2000/svg"[39m
                [36m>[39m
                  [36m<path[39m
                    [33md[39m=[32m"m9 18 6-6-6-6"[39m
                  [36m/>[39m
                [36m</svg>[39m
              [36m</button>[39m
            [36m</div>[39m
            [36m<div[39m
              [33mclass[39m=[32m"mt-4 flex items-center justify-between gap-3 border-t border-border pt-4"[39m
              [33mdata-testid[39m=[32m"checklist-review-setup"[39m
            [36m>[39m
              [36m<span[39m
                [33mclass[39m=[32m"text-[12px] text-muted-foreground"[39m
              [36m>[39m
                [0mPermissions, agents, and CLI[0m
              [36m</span>[39m
              [36m<button[39m
                [33mclass[39m=[32m"inline-flex items-center justify-center gap-2 whitespace-nowrap font-medium transition-colors focus-visible:outline-none focus-visible:ring-1 focus-visible:ring-ring disabled:pointer-events-none disabled:opacity-50 [&_svg]:pointer-events-none [&_svg]:size-4 [&_svg]:shrink-0 hover:bg-accent hover:text-accent-foreground h-8 rounded-md px-3 text-xs"[39m
                [33mtype[39m=[32m"button"[39m
              [36m>[39m
                [0mOpen Welcome Setup[0m
              [36m</button>[39m
            [36m</div>[39m
          [36m</div>[39m
        [36m</div>[39m
      [36m</main>[39m
    [36m</div>[39m
  [36m</div>[39m
  [36m<div[39m
    [33maria-hidden[39m=[32m"true"[39m
    [33mclass[39m=[32m"pointer-events-none fixed inset-0 z-50"[39m
    [33mdata-shortcut-hints[39m=[32m"true"[39m
  [36m/>[39m
[36m</body>[39m

Ignored nodes: comments, script, style
[36m<body>[39m
  [36m<div>[39m
    [36m<div[39m
      [33mclass[39m=[32m"flex h-screen w-screen select-none overflow-hidden bg-background font-sans text-foreground"[39m
    [36m>[39m
      [36m<div[39m
        [33mclass[39m=[32m"selectable"[39m
        [33mdata-native-terminal-yield[39m=[32m"off"[39m
      [36m>[39m
        [36m<section[39m
          [33maria-atomic[39m=[32m"false"[39m
          [33maria-label[39m=[32m"Notifications alt+T"[39m
          [33maria-live[39m=[32m"polite"[39m
          [33maria-relevant[39m=[32m"additions text"[39m
          [33mdata-react-aria-top-layer[39m=[32m"true"[39m
          [33mtabindex[39m=[32m"-1"[39m
        [36m/>[39m
      [36m</div>[39m
      [36m<div[39m
        [33mdata-empty-workspaces[39m=[32m"[]"[39m
        [33mdata-open[39m=[32m"true"[39m
        [33mdata-testid[39m=[32m"mock-sidebar"[39m
      [36m>[39m
        [36m<button[39m
          [33mtype[39m=[32m"button"[39m
        [36m>[39m
          [0mHide sidebar[0m
        [36m</button>[39m
        [36m<button[39m
          [33mtype[39m=[32m"button"[39m
        [36m>[39m
          [0mOpen settings[0m
        [36m</button>[39m
        [36m<button[39m
          [33mtype[39m=[32m"button"[39m
        [36m>[39m
          [0mAdd project[0m
        [36m</button>[39m
        [36m<span>[39m
          [0mActive project [0m
          [0mdefault[0m
        [36m</span>[39m
      [36m</div>[39m
      [36m<main[39m
        [33mclass[39m=[32m"flex h-full min-w-0 flex-1 flex-col overflow-hidden bg-background"[39m
      [36m>[39m
        [36m<div[39m
          [33mclass[39m=[32m"flex h-full flex-1 flex-col items-center justify-center gap-4 overflow-y-auto bg-background py-6"[39m
          [33mdata-testid[39m=[32m"no-projects-view"[39m
        [36m>[39m
          [36m<div[39m
            [33mclass[39m=[32m"w-full max-w-md px-4"[39m
          [36m>[39m
            [36m<div>[39m
              [36m<p[39m
                [33mclass[39m=[32m"text-[15px] font-semibold tracking-tight text-foreground"[39m
              [36m>[39m
                [0mNo projects[0m
              [36m</p>[39m
              [36m<p[39m
                [33mclass[39m=[32m"mt-1 text-[13px] text-muted-foreground"[39m
              [36m>[39m
                [0mAdd a project to open a terminal workspace.[0m
              [36m</p>[39m
            [36m</div>[39m
            [36m<div[39m
              [33mclass[39m=[32m"mt-4 grid gap-2"[39m
            [36m>[39m
              [36m<button[39m
                [33maria-label[39m=[32m"Add Project"[39m
                [33mclass[39m=[32m"group flex w-full items-center gap-3 rounded-md border border-border px-4 py-3 text-left transition-colors hover:bg-accent focus-visible:outline-none focus-visible:ring-1 focus-visible:ring-ring"[39m
                [33mdata-testid[39m=[32m"checklist-add-project"[39m
                [33mtype[39m=[32m"button"[39m
              [36m>[39m
                [36m<div[39m
                  [33mclass[39m=[32m"grid size-8 shrink-0 place-items-center rounded-md bg-accent/60"[39m
                [36m>[39m
                  [36m<svg[39m
                    [33mclass[39m=[32m"lucide lucide-folder-plus size-4 text-foreground"[39m
                    [33mfill[39m=[32m"none"[39m
                    [33mheight[39m=[32m"24"[39m
                    [33mstroke[39m=[32m"currentColor"[39m
                    [33mstroke-linecap[39m=[32m"round"[39m
                    [33mstroke-linejoin[39m=[32m"round"[39m
                    [33mstroke-width[39m=[32m"2"[39m
                    [33mviewBox[39m=[32m"0 0 24 24"[39m
                    [33mwidth[39m=[32m"24"[39m
                    [33mxmlns[39m=[32m"http://www.w3.org/2000/svg"[39m
                  [36m>[39m
                    [36m<path[39m
                      [33md[39m=[32m"M12 10v6"[39m
                    [36m/>[39m
                    [36m<path[39m
                      [33md[39m=[32m"M9 13h6"[39m
                    [36m/>[39m
                    [36m<path[39m
                      [33md[39m=[32m"M20 20a2 2 0 0 0 2-2V8a2 2 0 0 0-2-2h-7.9a2 2 0 0 1-1.69-.9L9.6 3.9A2 2 0 0 0 7.93 3H4a2 2 0 0 0-2 2v13a2 2 0 0 0 2 2Z"[39m
                    [36m/>[39m
                  [36m</svg>[39m
                [36m</div>[39m
                [36m<div[39m
                  [33mclass[39m=[32m"min-w-0 flex-1"[39m
                [36m>[39m
                  [36m<div[39m
                    [33mclass[39m=[32m"text-[13px] font-medium text-foreground"[39m
                  [36m>[39m
                    [0mAdd Project[0m
                  [36m</div>[39m
                  [36m<div[39m
                    [33mclass[39m=[32m"mt-0.5 text-[12px] leading-relaxed text-muted-foreground"[39m
                  [36m>[39m
                    [0mPick a folder on this computer. Git repositories unlock worktrees.[0m
                  [36m</div>[39m
                [36m</div>[39m
                [36m<svg[39m
                  [33mclass[39m=[32m"lucide lucide-chevron-right ml-auto size-4 shrink-0 text-muted-foreground"[39m
                  [33mfill[39m=[32m"none"[39m
                  [33mheight[39m=[32m"24"[39m
                  [33mstroke[39m=[32m"currentColor"[39m
                  [33mstroke-linecap[39m=[32m"round"[39m
                  [33mstroke-linejoin[39m=[32m"round"[39m
                  [33mstroke-width[39m=[32m"2"[39m
                  [33mviewBox[39m=[32m"0 0 24 24"[39m
                  [33mwidth[39m=[32m"24"[39m
                  [33mxmlns[39m=[32m"http://www.w3.org/2000/svg"[39m
                [36m>[39m
                  [36m<path[39m
                    [33md[39m=[32m"m9 18 6-6-6-6"[39m
                  [36m/>[39m
                [36m</svg>[39m
              [36m</button>[39m
              [36m<button[39m
                [33maria-label[39m=[32m"Connect machine"[39m
                [33mclass[39m=[32m"group flex w-full items-center gap-3 rounded-md border border-border px-4 py-3 text-left transition-colors hover:bg-accent focus-visible:outline-none focus-visible:ring-1 focus-visible:ring-ring"[39m
                [33mdata-testid[39m=[32m"checklist-connect-machine"[39m
                [33mtype[39m=[32m"button"[39m
              [36m>[39m
                [36m<div[39m
                  [33mclass[39m=[32m"grid size-8 shrink-0 place-items-center rounded-md bg-accent/60"[39m
                [36m>[39m
                  [36m<svg[39m
                    [33mclass[39m=[32m"lucide lucide-monitor size-4 text-foreground"[39m
                    [33mfill[39m=[32m"none"[39m
                    [33mheight[39m=[32m"24"[39m
                    [33mstroke[39m=[32m"currentColor"[39m
                    [33mstroke-linecap[39m=[32m"round"[39m
                    [33mstroke-linejoin[39m=[32m"round"[39m
                    [33mstroke-width[39m=[32m"2"[39m
                    [33mviewBox[39m=[32m"0 0 24 24"[39m
                    [33mwidth[39m=[32m"24"[39m
                    [33mxmlns[39m=[32m"http://www.w3.org/2000/svg"[39m
                  [36m>[39m
                    [36m<rect[39m
                      [33mheight[39m=[32m"14"[39m
                      [33mrx[39m=[32m"2"[39m
                      [33mwidth[39m=[32m"20"[39m
                      [33mx[39m=[32m"2"[39m
                      [33my[39m=[32m"3"[39m
                    [36m/>[39m
                    [36m<line[39m
                      [33mx1[39m=[32m"8"[39m
                      [33mx2[39m=[32m"16"[39m
                      [33my1[39m=[32m"21"[39m
                      [33my2[39m=[32m"21"[39m
                    [36m/>[39m
                    [36m<line[39m
                      [33mx1[39m=[32m"12"[39m
                      [33mx2[39m=[32m"12"[39m
                      [33my1[39m=[32m"17"[39m
                      [33my2[39m=[32m"21"[39m
                    [36m/>[39m
                  [36m</svg>[39m
                [36m</div>[39m
                [36m<div[39m
                  [33mclass[39m=[32m"min-w-0 flex-1"[39m
                [36m>[39m
                  [36m<div[39m
                    [33mclass[39m=[32m"text-[13px] font-medium text-foreground"[39m
                  [36m>[39m
                    [0mConnect a machine[0m
                  [36m</div>[39m
                  [36m<div[39m
                    [33mclass[39m=[32m"mt-0.5 text-[12px] leading-relaxed text-muted-foreground"[39m
                  [36m>[39m
                    [0mPair another computer through your Ferryx account.[0m
                  [36m</div>[39m
                [36m</div>[39m
                [36m<svg[39m
                  [33mclass[39m=[32m"lucide lucide-chevron-right ml-auto size-4 shrink-0 text-muted-foreground"[39m
                  [33mfill[39m=[32m"none"[39m
                  [33mheight[39m=[32m"24"[39m
                  [33mstroke[39m=[32m"currentColor"[39m
                  [33mstroke-linecap[39m=[32m"round"[39m
                  [33mstroke-linejoin[39m=[32m"round"[39m
                  [33mstroke-width[39m=[32m"2"[39m
                  [33mviewBox[39m=[32m"0 0 24 24"[39m
                  [33mwidth[39m=[32m"24"[39m
                  [33mxmlns[39m=[32m"http://www.w3.org/2000/svg"[39m
                [36m>[39m
                  [36m<path[39m
                    [33md[39m=[32m"m9 18 6-6-6-6"[39m
                  [36m/>[39m
                [36m</svg>[39m
              [36m</button>[39m
            [36m</div>[39m
            [36m<div[39m
              [33mclass[39m=[32m"mt-4 flex items-center justify-between gap-3 border-t border-border pt-4"[39m
              [33mdata-testid[39m=[32m"checklist-review-setup"[39m
            [36m>[39m
              [36m<span[39m
                [33mclass[39m=[32m"text-[12px] text-muted-foreground"[39m
              [36m>[39m
                [0mPermissions, agents, and CLI[0m
              [36m</span>[39m
              [36m<button[39m
                [33mclass[39m=[32m"inline-flex items-center justify-center gap-2 whitespace-nowrap font-medium transition-colors focus-visible:outline-none focus-visible:ring-1 focus-visible:ring-ring disabled:pointer-events-none disabled:opacity-50 [&_svg]:pointer-events-none [&_svg]:size-4 [&_svg]:shrink-0 hover:bg-accent hover:text-accent-foreground h-8 rounded-md px-3 text-xs"[39m
                [33mtype[39m=[32m"button"[39m
              [36m>[39m
                [0mOpen Welcome Setup[0m
              [36m</button>[39m
            [36m</div>[39m
          [36m</div>[39m
        [36m</div>[39m
      [36m</main>[39m
    [36m</div>[39m
  [36m</div>[39m
  [36m<div[39m
    [33maria-hidden[39m=[32m"true"[39m
    [33mclass[39m=[32m"pointer-events-none fixed inset-0 z-50"[39m
    [33mdata-shortcut-hints[39m=[32m"true"[39m
  [36m/>[39m
[36m</body>[39m
   ✓ App project workspace flow > Wave 3a Onboarding and Welcome > does not auto-open WelcomeWizard for platform web 17ms
   ✓ App project workspace flow > Wave 3a Onboarding and Welcome > renders GettingStartedChecklist with 'No projects' and 'Add Project' button when projects list is empty 13ms
   ✓ App project workspace flow > Wave 3a Onboarding and Welcome > renders DaemonConnectionBanner on local project registration failure with DAEMON_UNAVAILABLE 8ms
 ✓ src/remote/RemoteUI.test.tsx (52 tests) 912ms
 ❯ src/state/workspaceStore.test.tsx (63 tests | 7 failed) 91ms
   ✓ useWorkspaceStore terminal ownership > preserves the sibling backend while closing '1' (tagged=false pinned=false) 11ms
   ✓ useWorkspaceStore terminal ownership > preserves the sibling backend while closing '2' (tagged=false pinned=false) 2ms
   ✓ useWorkspaceStore terminal ownership > preserves the sibling backend while closing '1' (tagged=false pinned=true) 3ms
   ✓ useWorkspaceStore terminal ownership > preserves the sibling backend while closing '2' (tagged=false pinned=true) 1ms
   ✓ useWorkspaceStore terminal ownership > preserves the sibling backend while closing '1' (tagged=true pinned=false) 2ms
   ✓ useWorkspaceStore terminal ownership > preserves the sibling backend while closing '2' (tagged=true pinned=false) 1ms
   ✓ useWorkspaceStore terminal ownership > preserves the sibling backend while closing '1' (tagged=true pinned=true) 1ms
   ✓ useWorkspaceStore terminal ownership > preserves the sibling backend while closing '2' (tagged=true pinned=true) 1ms
   ✓ useWorkspaceStore terminal ownership > forwards a per-tab shell override to the backend spawn 3ms
   ✓ useWorkspaceStore terminal ownership > updates worktree activity when a rebound session changes its worktree path 2ms
   ✓ useWorkspaceStore terminal ownership > preserves unseen activities on RESTORE_WORKSPACE during project switch 1ms
   × useWorkspaceStore terminal ownership > splits a pane by creating an independent backend PTY and local session 11ms
     → expected "spy" to be called 1 times, but got 0 times
   × useWorkspaceStore terminal ownership > dispatches split layout immediately while deferred spawn is unresolved, then rebinds when spawn resolves 2ms
     → expected null to be 'backend-deferred-split' // Object.is equality
   × useWorkspaceStore terminal ownership > closes deferred spawned backend session if the pane is closed before spawn resolves 1ms
     → Shell startup was not confirmed. Retry to reconcile the same shell.
   × useWorkspaceStore terminal ownership > uses the target leaf session when splitting restored independent panes 1ms
     → expected null to be 'backend-1' // Object.is equality
   ✓ useWorkspaceStore terminal ownership > moves a dragged tab into a new split group without closing its PTY, matching Orca dropUnifiedTab 1ms
   ✓ useWorkspaceStore terminal ownership > moves the active tab into its own split group when another terminal tab exists, matching Orca same-group behavior 3ms
   ✓ useWorkspaceStore terminal ownership > keeps a sole active terminal tab unsplit when it is dragged onto itself, matching Orca's no-op guard 1ms
   × useWorkspaceStore terminal ownership > keeps a split session alive while referenced and closes it after its final leaf is removed 1ms
     → Shell startup was not confirmed. Retry to reconcile the same shell.
   ✓ useWorkspaceStore terminal ownership > promotes a surviving pane session when the tab's primary leaf is closed 1ms
   × useWorkspaceStore terminal ownership > closes individual panes in a tab layout 1ms
     → Shell startup was not confirmed. Retry to reconcile the same shell.
   × useWorkspaceStore terminal ownership > reorders, renames, pins, and bulk-closes tabs without closing pinned tabs 2ms
     → expected [ …(4) ] to deeply equal [ …(3) ]
   ✓ useWorkspaceStore terminal ownership > closes every unshared backend session owned by a tab 1ms
   ✓ useWorkspaceStore terminal ownership > closes the last tab only after lifecycle-confirmed writer release 3ms
   ✓ useWorkspaceStore terminal ownership > derives visible agents only from live terminal session metadata 1ms
   ✓ useWorkspaceStore terminal ownership > removes deleted-worktree tabs, sessions, and agents during synchronization 1ms
   ✓ session screen activity > pins activity identity to the session's authoritative agent type 0ms
   ✓ session screen activity > adopts a supported screen manifest when the session has no agent type 0ms
   ✓ session activity attention transitions and seen carry-over > does not carry over seen status when transitioning from restored done to waiting via screen activity 0ms
   ✓ session activity attention transitions and seen carry-over > does not carry over seen status when transitioning from restored done to waiting via title activity 0ms
   ✓ session activity attention transitions and seen carry-over > preserves seen status when updating title within the same attention state 0ms
   ✓ session title activity > clears the working indicator when the title carries no activity signal 1ms
   ✓ session title activity > does not create an indicator for a bare agent-name title 1ms
   ✓ session title activity > closes the backend session when closing a tab 1ms
   ✓ session title activity > closes the backend session when closing a pane 1ms
   ✓ session title activity > closes the backend session when closing a sole tab 1ms
   ✓ worktree tab and session isolation > never exposes the outgoing workspace state under the incoming workspace id 1ms
   ✓ worktree tab and session isolation > retains target workspace tabs and avoids spawning terminals across alpha -> beta -> alpha switch under render retries 1ms
   ✓ worktree tab and session isolation > immediately updates activeWorktreePath when ensureTabForWorktree switches to an unpopulated worktree while spawn is pending 1ms
   ✓ worktree tab and session isolation > dispatches SELECT_WORKTREE and adds worktree to worktrees list immediately when ensureTabForWorktree called for new worktree 1ms
   ✓ worktree tab and session isolation > maintains independent tabs and sessions per worktree when switching between worktrees 1ms
   ✓ worktree tab and session isolation > isolates browser tabs to the worktree in which they were created 1ms
   ✓ worktree tab and session isolation > navigates across five parked workspaces with 20 live terminal tabs each as a state-only operation 12ms
   ✓ worktree tab and session isolation > closes browser when closing the sole browser tab 1ms
   ✓ worktree tab and session isolation > REBIND_SESSION_BACKEND reducer and ensureSessionBackends > updates only the target session with backendSessionId and running lifecycle, missing sessionId is a no-op 0ms
   ✓ worktree tab and session isolation > REBIND_SESSION_BACKEND reducer and ensureSessionBackends > REBIND_SESSION_BACKEND on paired workspace updates remoteConnectionState to connected 0ms
   ✓ worktree tab and session isolation > REBIND_SESSION_BACKEND reducer and ensureSessionBackends > SESSION_REMOTE_STATUS missing records the transport state without ending the session 0ms
   ✓ worktree tab and session isolation > REBIND_SESSION_BACKEND reducer and ensureSessionBackends > ensureSessionBackends calls spawnTerminal exactly once for sessions with null backendSessionId and rebinds them 1ms
   ✓ worktree tab and session isolation > REBIND_SESSION_BACKEND reducer and ensureSessionBackends > guards against concurrent double-spawns and retries on spawn failure after clearing in-flight guard 1ms
   ✓ worktree tab and session isolation > REBIND_SESSION_BACKEND reducer and ensureSessionBackends > SESSION_SCREEN_ACTIVITY sets session.agentType when agentType is inferred from manifestId and session.agentType was unset 0ms
   ✓ worktree tab and session isolation > REBIND_SESSION_BACKEND reducer and ensureSessionBackends > SESSION_SCREEN_ACTIVITY does not latch session.agentType without providerSession for authoritative agents 0ms
   ✓ worktree tab and session isolation > REBIND_SESSION_BACKEND reducer and ensureSessionBackends > APPLY_PROVIDER_SESSION sets providerSession and agentType when session.agentType is unset 0ms
   ✓ worktree tab and session isolation > REBIND_SESSION_BACKEND reducer and ensureSessionBackends > APPLY_PROVIDER_SESSION adopts the id of a conversation the agent opened later 0ms
   ✓ worktree tab and session isolation > REBIND_SESSION_BACKEND reducer and ensureSessionBackends > APPLY_PROVIDER_SESSION keeps state identity when a repeated probe reports the same id 0ms
   ✓ worktree tab and session isolation > REBIND_SESSION_BACKEND reducer and ensureSessionBackends > SESSION_SCREEN_ACTIVITY adopts a rotated provider session from a self-reporting agent 0ms
   ✓ FOCUS_EXISTING_SESSION navigation > activates a background tab and focuses its leaf for the target session 0ms
   ✓ FOCUS_EXISTING_SESSION navigation > focuses a sibling split pane and acknowledges only the intended session 0ms
   ✓ FOCUS_EXISTING_SESSION navigation > keeps every other pane's attention in the same worktree, across split siblings and other tabs 0ms
   ✓ FOCUS_EXISTING_SESSION navigation > selects the parked owning worktree, then its tab and leaf 0ms
   ✓ FOCUS_EXISTING_SESSION navigation > rejects a stale/closed session without navigating or spawning 0ms
   ✓ FOCUS_EXISTING_SESSION navigation > reveals the target when a sibling split pane is zoomed to fill the tab 0ms
   ✓ FOCUS_EXISTING_SESSION navigation > treats a stale primary sessionId with no live root leaf as not navigable 0ms
   ✓ FOCUS_EXISTING_SESSION navigation > badge seam: focusing the exact target lowers the count while an unseen sibling stays counted 0ms
 ✓ src/remote/RemoteBrowser.test.tsx (41 tests) 1163ms
 ❯ src/lib/sessionPersistence.test.ts (44 tests | 8 failed) 25ms
   ✓ sessionPersistence v3 serialization and migration > round trips all seven durable native binding fields 3ms
   ✓ sessionPersistence v3 serialization and migration > accepts a handover epoch only with the same authoritative incarnation 1ms
   ✓ sessionPersistence v3 serialization and migration > keeps unknown predecessor identity recoverable rather than dead 1ms
   ✓ sessionPersistence v3 serialization and migration > stale restoration cannot overwrite the current backend binding 1ms
   ✓ sessionPersistence v3 serialization and migration > restores a successfully presented split through normal live-session restoration 1ms
   ✓ sessionPersistence v3 serialization and migration > round trips hidden prepared intent with cancellation false and save key 1ms
   ✓ sessionPersistence v3 serialization and migration > round trips hidden prepared intent with cancellation true and save key 0ms
   ✓ sessionPersistence v3 serialization and migration > persists and restores incarnation across save and deserialize 0ms
   ✓ sessionPersistence v3 serialization and migration > persists recent scrollback captured for hibernated sessions across restore/resave 0ms
   ✓ sessionPersistence v3 serialization and migration > preserves paired ownership and proxy identity despite local inventory absence 0ms
   ✓ sessionPersistence v3 serialization and migration > projects paired targets without embedding credential fields 0ms
   ✓ sessionPersistence v3 serialization and migration > does not trust incomplete inventory as proof of local process death 0ms
   ✓ sessionPersistence v3 serialization and migration > quarantines an invalid paired workspace without affecting another row 0ms
   ✓ sessionPersistence v3 serialization and migration > retains Git grouping metadata in session snapshots and subsequent saves 0ms
   ✓ sessionPersistence v3 serialization and migration > serializes typed terminal tabs, pane ownership, pinned/expanded state, and separate local/backend identities 0ms
   ✓ sessionPersistence v3 serialization and migration > does not serialize terminal sessions that no tab or pane references 0ms
   ✓ sessionPersistence v3 serialization and migration > round-trips Orca-style split tab groups without changing either tab's pane ownership 1ms
   × sessionPersistence v3 serialization and migration > matches live native PTYs by backendSessionId instead of the frontend-local session id 4ms
     → expected 'backend-2' to be null
   ✓ sessionPersistence v3 serialization and migration > drops persisted terminal sessions that no restored tab or pane references 0ms
   ✓ sessionPersistence v3 serialization and migration > round-trips explicit browser metadata rather than guessing browser kind from a pane tree 1ms
   ✓ sessionPersistence v3 serialization and migration > migrates v1 worktree identity and legacy session identifiers 0ms
   ✓ sessionPersistence v3 serialization and migration > maps a v1 pane tree with no per-leaf mapping by leafId rather than tab id 0ms
   ✓ sessionPersistence v3 serialization and migration > round-trips multi-worktree workspace state with active and parked worktree layouts without session leakage 1ms
   ✓ sessionPersistence v3 serialization and migration > deserializes existing v2 terminal sessionIdsByLeafId into terminal PaneContent for every leaf 0ms
   ✓ sessionPersistence v3 serialization and migration > round-trips mixed terminal/browser content preserving tree, browser metadata, and terminal session ownership with runtime browserId policy 0ms
   ✓ sessionPersistence v3 serialization and migration > persists decimal-string daemonEpoch and lastOutputSequence separately from local/backend IDs 0ms
   × sessionPersistence v3 serialization and migration > reconciles only when both daemon epoch and backendSessionId match current daemon ListSessions result 3ms
     → expected { id: 'sess-3', …(17) } to match object { id: 'sess-3', …(4) }
(13 matching properties omitted from actual)
   × sessionPersistence v3 serialization and migration > marks sessions exited/lost on daemon epoch change without auto-respawn 1ms
     → expected { id: 'sess-1', …(17) } to match object { id: 'sess-1', …(4) }
(13 matching properties omitted from actual)
   ✓ sessionPersistence v3 serialization and migration > persists and restores activityBySessionId for active referenced tabs and drops orphan session activity 0ms
   × sessionPersistence v3 serialization and migration > preserves live working and waiting claims for surviving daemon sessions, but drops working claim for dead sessions 1ms
     → expected 'working' to be 'done' // Object.is equality
   × sessionPersistence v3 serialization and migration > marks session exited and settles working activity to done when daemon reports running: false 0ms
     → expected 'working' to be 'exited' // Object.is equality
   ✓ sessionPersistence v3 serialization and migration > restores activities with seen: true so startup does not trigger attention frames on any pane 0ms
   ✓ sessionPersistence v3 serialization and migration > persists and restores agentType and agentSessionId across serialization and deserialization 0ms
   × sessionPersistence v3 serialization and migration > preserves agentType and agentSessionId when daemon epoch mismatch marks session exited and nulls backendSessionId 0ms
     → expected 'backend-1' to be null
   ✓ sessionPersistence v3 serialization and migration > loads legacy save files without agent fields without throwing and sets agentType/agentSessionId to null 0ms
   × sessionPersistence v3 serialization and migration > keeps live backend identity, pane leaf ownership, agent metadata, CWD, and output sequence across warm disk restore 0ms
     → expected 'backend-2' to be null
   × sessionPersistence v3 serialization and migration > persists providerSession and never serializes transient reconnect locks or in-flight state 2ms
     → expected '{"version":3,"timestamp":179106929087…' not to contain 'reconnectRequestId'
   ✓ sessionPersistence v3 serialization and migration > falls back to activityBySessionId agentType during serialization and deserialization when session.agentType is unset 0ms
   ✓ sessionPersistence v3 serialization and migration > migrateLegacyAgentType > migrates legacy gemini agent type to antigravity and preserves other inputs 0ms
   ✓ sessionPersistence v3 serialization and migration > migrates legacy gemini agentType to antigravity and generates providerSession during restore 0ms
   ✓ sessionPersistence v3 serialization and migration > migrates restored activityBySessionId agentType from gemini to antigravity while leaving non-legacy untouched 0ms
   ✓ sessionPersistenceKey > changes when an agent rotates its conversation id inside the same pane 0ms
   ✓ sessionPersistenceKey > is stable while nothing persistable changed 0ms
   ✓ sessionPersistenceKey > still changes on backend rebinding and lifecycle transitions 0ms
stderr | src/App.notifications.test.tsx > App notification coordinator wiring > manual reset outcome routes tab notifications (1 sessions, 0 failures)
DAG watch-status listener registration failed Error: [vitest] No "listenDagWatchStatus" export is defined on the "./lib/tauri" mock. Did you forget to return it from "vi.mock"?
If you need to partially mock a module, you can use "importOriginal" helper inside:

    at VitestMocker.createError [90m(file:///Users/I552267/ferryx-pane-completion/source-5464da0d/ui/[39mnode_modules/[4mvitest[24m/dist/chunks/execute.B7h3T_Hc.js:284:17[90m)[39m
    at Object.get [90m(file:///Users/I552267/ferryx-pane-completion/source-5464da0d/ui/[39mnode_modules/[4mvitest[24m/dist/chunks/execute.B7h3T_Hc.js:330:16[90m)[39m
    at [90m/Users/I552267/ferryx-pane-completion/source-5464da0d/ui/[39msrc/lib/useDagWatchLifecycle.ts:94:32
    at [90m/Users/I552267/ferryx-pane-completion/source-5464da0d/ui/[39msrc/lib/useDagWatchLifecycle.ts:112:9 {
  codeFrame: [32m'vi\x1B[33m.\x1B[39m\x1B[34mmock\x1B[39m(\x1B[35mimport\x1B[39m(\x1B[32m"./lib/tauri"\x1B[39m)\x1B[33m,\x1B[39m \x1B[35masync\x1B[39m (importOriginal) \x1B[33m=>\x1B[39m {\n'[39m +
    [32m'  \x1B[35mconst\x1B[39m actual \x1B[33m=\x1B[39m \x1B[35mawait\x1B[39m \x1B[34mimportOriginal\x1B[39m()\n'[39m +
    [32m'  \x1B[35mreturn\x1B[39m {\n'[39m +
    [32m'    \x1B[33m...\x1B[39mactual\x1B[33m,\x1B[39m\n'[39m +
    [32m'    \x1B[90m// your mocked methods\x1B[39m\n'[39m +
    [32m'  }\n'[39m +
    [32m'})'[39m
}

stderr | src/App.notifications.test.tsx > App notification coordinator wiring > manual reset outcome routes tab notifications (1 sessions, 1 failures)
DAG watch-status listener registration failed Error: [vitest] No "listenDagWatchStatus" export is defined on the "./lib/tauri" mock. Did you forget to return it from "vi.mock"?
If you need to partially mock a module, you can use "importOriginal" helper inside:

    at VitestMocker.createError [90m(file:///Users/I552267/ferryx-pane-completion/source-5464da0d/ui/[39mnode_modules/[4mvitest[24m/dist/chunks/execute.B7h3T_Hc.js:284:17[90m)[39m
    at Object.get [90m(file:///Users/I552267/ferryx-pane-completion/source-5464da0d/ui/[39mnode_modules/[4mvitest[24m/dist/chunks/execute.B7h3T_Hc.js:330:16[90m)[39m
    at [90m/Users/I552267/ferryx-pane-completion/source-5464da0d/ui/[39msrc/lib/useDagWatchLifecycle.ts:94:32
    at [90m/Users/I552267/ferryx-pane-completion/source-5464da0d/ui/[39msrc/lib/useDagWatchLifecycle.ts:112:9 {
  codeFrame: [32m'vi\x1B[33m.\x1B[39m\x1B[34mmock\x1B[39m(\x1B[35mimport\x1B[39m(\x1B[32m"./lib/tauri"\x1B[39m)\x1B[33m,\x1B[39m \x1B[35masync\x1B[39m (importOriginal) \x1B[33m=>\x1B[39m {\n'[39m +
    [32m'  \x1B[35mconst\x1B[39m actual \x1B[33m=\x1B[39m \x1B[35mawait\x1B[39m \x1B[34mimportOriginal\x1B[39m()\n'[39m +
    [32m'  \x1B[35mreturn\x1B[39m {\n'[39m +
    [32m'    \x1B[33m...\x1B[39mactual\x1B[33m,\x1B[39m\n'[39m +
    [32m'    \x1B[90m// your mocked methods\x1B[39m\n'[39m +
    [32m'  }\n'[39m +
    [32m'})'[39m
}

stderr | src/App.notifications.test.tsx > App notification coordinator wiring > manual reset outcome routes tab notifications (3 sessions, 1 failures)
DAG watch-status listener registration failed Error: [vitest] No "listenDagWatchStatus" export is defined on the "./lib/tauri" mock. Did you forget to return it from "vi.mock"?
If you need to partially mock a module, you can use "importOriginal" helper inside:

    at VitestMocker.createError [90m(file:///Users/I552267/ferryx-pane-completion/source-5464da0d/ui/[39mnode_modules/[4mvitest[24m/dist/chunks/execute.B7h3T_Hc.js:284:17[90m)[39m
    at Object.get [90m(file:///Users/I552267/ferryx-pane-completion/source-5464da0d/ui/[39mnode_modules/[4mvitest[24m/dist/chunks/execute.B7h3T_Hc.js:330:16[90m)[39m
    at [90m/Users/I552267/ferryx-pane-completion/source-5464da0d/ui/[39msrc/lib/useDagWatchLifecycle.ts:94:32
    at [90m/Users/I552267/ferryx-pane-completion/source-5464da0d/ui/[39msrc/lib/useDagWatchLifecycle.ts:112:9 {
  codeFrame: [32m'vi\x1B[33m.\x1B[39m\x1B[34mmock\x1B[39m(\x1B[35mimport\x1B[39m(\x1B[32m"./lib/tauri"\x1B[39m)\x1B[33m,\x1B[39m \x1B[35masync\x1B[39m (importOriginal) \x1B[33m=>\x1B[39m {\n'[39m +
    [32m'  \x1B[35mconst\x1B[39m actual \x1B[33m=\x1B[39m \x1B[35mawait\x1B[39m \x1B[34mimportOriginal\x1B[39m()\n'[39m +
    [32m'  \x1B[35mreturn\x1B[39m {\n'[39m +
    [32m'    \x1B[33m...\x1B[39mactual\x1B[33m,\x1B[39m\n'[39m +
    [32m'    \x1B[90m// your mocked methods\x1B[39m\n'[39m +
    [32m'  }\n'[39m +
    [32m'})'[39m
}

stderr | src/App.notifications.test.tsx > App notification coordinator wiring > manual reset outcome routes tab notifications (3 sessions, 3 failures)
DAG watch-status listener registration failed Error: [vitest] No "listenDagWatchStatus" export is defined on the "./lib/tauri" mock. Did you forget to return it from "vi.mock"?
If you need to partially mock a module, you can use "importOriginal" helper inside:

    at VitestMocker.createError [90m(file:///Users/I552267/ferryx-pane-completion/source-5464da0d/ui/[39mnode_modules/[4mvitest[24m/dist/chunks/execute.B7h3T_Hc.js:284:17[90m)[39m
    at Object.get [90m(file:///Users/I552267/ferryx-pane-completion/source-5464da0d/ui/[39mnode_modules/[4mvitest[24m/dist/chunks/execute.B7h3T_Hc.js:330:16[90m)[39m
    at [90m/Users/I552267/ferryx-pane-completion/source-5464da0d/ui/[39msrc/lib/useDagWatchLifecycle.ts:94:32
    at [90m/Users/I552267/ferryx-pane-completion/source-5464da0d/ui/[39msrc/lib/useDagWatchLifecycle.ts:112:9 {
  codeFrame: [32m'vi\x1B[33m.\x1B[39m\x1B[34mmock\x1B[39m(\x1B[35mimport\x1B[39m(\x1B[32m"./lib/tauri"\x1B[39m)\x1B[33m,\x1B[39m \x1B[35masync\x1B[39m (importOriginal) \x1B[33m=>\x1B[39m {\n'[39m +
    [32m'  \x1B[35mconst\x1B[39m actual \x1B[33m=\x1B[39m \x1B[35mawait\x1B[39m \x1B[34mimportOriginal\x1B[39m()\n'[39m +
    [32m'  \x1B[35mreturn\x1B[39m {\n'[39m +
    [32m'    \x1B[33m...\x1B[39mactual\x1B[33m,\x1B[39m\n'[39m +
    [32m'    \x1B[90m// your mocked methods\x1B[39m\n'[39m +
    [32m'  }\n'[39m +
    [32m'})'[39m
}

stderr | src/App.notifications.test.tsx > App notification coordinator wiring > manual reset outcome routes tab notifications (3 sessions, 0 failures)
DAG watch-status listener registration failed Error: [vitest] No "listenDagWatchStatus" export is defined on the "./lib/tauri" mock. Did you forget to return it from "vi.mock"?
If you need to partially mock a module, you can use "importOriginal" helper inside:

    at VitestMocker.createError [90m(file:///Users/I552267/ferryx-pane-completion/source-5464da0d/ui/[39mnode_modules/[4mvitest[24m/dist/chunks/execute.B7h3T_Hc.js:284:17[90m)[39m
    at Object.get [90m(file:///Users/I552267/ferryx-pane-completion/source-5464da0d/ui/[39mnode_modules/[4mvitest[24m/dist/chunks/execute.B7h3T_Hc.js:330:16[90m)[39m
    at [90m/Users/I552267/ferryx-pane-completion/source-5464da0d/ui/[39msrc/lib/useDagWatchLifecycle.ts:94:32
    at [90m/Users/I552267/ferryx-pane-completion/source-5464da0d/ui/[39msrc/lib/useDagWatchLifecycle.ts:112:9 {
  codeFrame: [32m'vi\x1B[33m.\x1B[39m\x1B[34mmock\x1B[39m(\x1B[35mimport\x1B[39m(\x1B[32m"./lib/tauri"\x1B[39m)\x1B[33m,\x1B[39m \x1B[35masync\x1B[39m (importOriginal) \x1B[33m=>\x1B[39m {\n'[39m +
    [32m'  \x1B[35mconst\x1B[39m actual \x1B[33m=\x1B[39m \x1B[35mawait\x1B[39m \x1B[34mimportOriginal\x1B[39m()\n'[39m +
    [32m'  \x1B[35mreturn\x1B[39m {\n'[39m +
    [32m'    \x1B[33m...\x1B[39mactual\x1B[33m,\x1B[39m\n'[39m +
    [32m'    \x1B[90m// your mocked methods\x1B[39m\n'[39m +
    [32m'  }\n'[39m +
    [32m'})'[39m
}

stderr | src/App.notifications.test.tsx > App notification coordinator wiring > manual reset outcome routes worktree notifications (1 sessions, 0 failures)
DAG watch-status listener registration failed Error: [vitest] No "listenDagWatchStatus" export is defined on the "./lib/tauri" mock. Did you forget to return it from "vi.mock"?
If you need to partially mock a module, you can use "importOriginal" helper inside:

    at VitestMocker.createError [90m(file:///Users/I552267/ferryx-pane-completion/source-5464da0d/ui/[39mnode_modules/[4mvitest[24m/dist/chunks/execute.B7h3T_Hc.js:284:17[90m)[39m
    at Object.get [90m(file:///Users/I552267/ferryx-pane-completion/source-5464da0d/ui/[39mnode_modules/[4mvitest[24m/dist/chunks/execute.B7h3T_Hc.js:330:16[90m)[39m
    at [90m/Users/I552267/ferryx-pane-completion/source-5464da0d/ui/[39msrc/lib/useDagWatchLifecycle.ts:94:32
    at [90m/Users/I552267/ferryx-pane-completion/source-5464da0d/ui/[39msrc/lib/useDagWatchLifecycle.ts:112:9 {
  codeFrame: [32m'vi\x1B[33m.\x1B[39m\x1B[34mmock\x1B[39m(\x1B[35mimport\x1B[39m(\x1B[32m"./lib/tauri"\x1B[39m)\x1B[33m,\x1B[39m \x1B[35masync\x1B[39m (importOriginal) \x1B[33m=>\x1B[39m {\n'[39m +
    [32m'  \x1B[35mconst\x1B[39m actual \x1B[33m=\x1B[39m \x1B[35mawait\x1B[39m \x1B[34mimportOriginal\x1B[39m()\n'[39m +
    [32m'  \x1B[35mreturn\x1B[39m {\n'[39m +
    [32m'    \x1B[33m...\x1B[39mactual\x1B[33m,\x1B[39m\n'[39m +
    [32m'    \x1B[90m// your mocked methods\x1B[39m\n'[39m +
    [32m'  }\n'[39m +
    [32m'})'[39m
}

stderr | src/App.notifications.test.tsx > App notification coordinator wiring > manual reset outcome routes worktree notifications (1 sessions, 1 failures)
DAG watch-status listener registration failed Error: [vitest] No "listenDagWatchStatus" export is defined on the "./lib/tauri" mock. Did you forget to return it from "vi.mock"?
If you need to partially mock a module, you can use "importOriginal" helper inside:

    at VitestMocker.createError [90m(file:///Users/I552267/ferryx-pane-completion/source-5464da0d/ui/[39mnode_modules/[4mvitest[24m/dist/chunks/execute.B7h3T_Hc.js:284:17[90m)[39m
    at Object.get [90m(file:///Users/I552267/ferryx-pane-completion/source-5464da0d/ui/[39mnode_modules/[4mvitest[24m/dist/chunks/execute.B7h3T_Hc.js:330:16[90m)[39m
    at [90m/Users/I552267/ferryx-pane-completion/source-5464da0d/ui/[39msrc/lib/useDagWatchLifecycle.ts:94:32
    at [90m/Users/I552267/ferryx-pane-completion/source-5464da0d/ui/[39msrc/lib/useDagWatchLifecycle.ts:112:9 {
  codeFrame: [32m'vi\x1B[33m.\x1B[39m\x1B[34mmock\x1B[39m(\x1B[35mimport\x1B[39m(\x1B[32m"./lib/tauri"\x1B[39m)\x1B[33m,\x1B[39m \x1B[35masync\x1B[39m (importOriginal) \x1B[33m=>\x1B[39m {\n'[39m +
    [32m'  \x1B[35mconst\x1B[39m actual \x1B[33m=\x1B[39m \x1B[35mawait\x1B[39m \x1B[34mimportOriginal\x1B[39m()\n'[39m +
    [32m'  \x1B[35mreturn\x1B[39m {\n'[39m +
    [32m'    \x1B[33m...\x1B[39mactual\x1B[33m,\x1B[39m\n'[39m +
    [32m'    \x1B[90m// your mocked methods\x1B[39m\n'[39m +
    [32m'  }\n'[39m +
    [32m'})'[39m
}

stderr | src/App.notifications.test.tsx > App notification coordinator wiring > manual reset outcome routes worktree notifications (3 sessions, 1 failures)
DAG watch-status listener registration failed Error: [vitest] No "listenDagWatchStatus" export is defined on the "./lib/tauri" mock. Did you forget to return it from "vi.mock"?
If you need to partially mock a module, you can use "importOriginal" helper inside:

    at VitestMocker.createError [90m(file:///Users/I552267/ferryx-pane-completion/source-5464da0d/ui/[39mnode_modules/[4mvitest[24m/dist/chunks/execute.B7h3T_Hc.js:284:17[90m)[39m
    at Object.get [90m(file:///Users/I552267/ferryx-pane-completion/source-5464da0d/ui/[39mnode_modules/[4mvitest[24m/dist/chunks/execute.B7h3T_Hc.js:330:16[90m)[39m
    at [90m/Users/I552267/ferryx-pane-completion/source-5464da0d/ui/[39msrc/lib/useDagWatchLifecycle.ts:94:32
    at [90m/Users/I552267/ferryx-pane-completion/source-5464da0d/ui/[39msrc/lib/useDagWatchLifecycle.ts:112:9 {
  codeFrame: [32m'vi\x1B[33m.\x1B[39m\x1B[34mmock\x1B[39m(\x1B[35mimport\x1B[39m(\x1B[32m"./lib/tauri"\x1B[39m)\x1B[33m,\x1B[39m \x1B[35masync\x1B[39m (importOriginal) \x1B[33m=>\x1B[39m {\n'[39m +
    [32m'  \x1B[35mconst\x1B[39m actual \x1B[33m=\x1B[39m \x1B[35mawait\x1B[39m \x1B[34mimportOriginal\x1B[39m()\n'[39m +
    [32m'  \x1B[35mreturn\x1B[39m {\n'[39m +
    [32m'    \x1B[33m...\x1B[39mactual\x1B[33m,\x1B[39m\n'[39m +
    [32m'    \x1B[90m// your mocked methods\x1B[39m\n'[39m +
    [32m'  }\n'[39m +
    [32m'})'[39m
}

stderr | src/App.notifications.test.tsx > App notification coordinator wiring > manual reset outcome routes worktree notifications (3 sessions, 3 failures)
DAG watch-status listener registration failed Error: [vitest] No "listenDagWatchStatus" export is defined on the "./lib/tauri" mock. Did you forget to return it from "vi.mock"?
If you need to partially mock a module, you can use "importOriginal" helper inside:

    at VitestMocker.createError [90m(file:///Users/I552267/ferryx-pane-completion/source-5464da0d/ui/[39mnode_modules/[4mvitest[24m/dist/chunks/execute.B7h3T_Hc.js:284:17[90m)[39m
    at Object.get [90m(file:///Users/I552267/ferryx-pane-completion/source-5464da0d/ui/[39mnode_modules/[4mvitest[24m/dist/chunks/execute.B7h3T_Hc.js:330:16[90m)[39m
    at [90m/Users/I552267/ferryx-pane-completion/source-5464da0d/ui/[39msrc/lib/useDagWatchLifecycle.ts:94:32
    at [90m/Users/I552267/ferryx-pane-completion/source-5464da0d/ui/[39msrc/lib/useDagWatchLifecycle.ts:112:9 {
  codeFrame: [32m'vi\x1B[33m.\x1B[39m\x1B[34mmock\x1B[39m(\x1B[35mimport\x1B[39m(\x1B[32m"./lib/tauri"\x1B[39m)\x1B[33m,\x1B[39m \x1B[35masync\x1B[39m (importOriginal) \x1B[33m=>\x1B[39m {\n'[39m +
    [32m'  \x1B[35mconst\x1B[39m actual \x1B[33m=\x1B[39m \x1B[35mawait\x1B[39m \x1B[34mimportOriginal\x1B[39m()\n'[39m +
    [32m'  \x1B[35mreturn\x1B[39m {\n'[39m +
    [32m'    \x1B[33m...\x1B[39mactual\x1B[33m,\x1B[39m\n'[39m +
    [32m'    \x1B[90m// your mocked methods\x1B[39m\n'[39m +
    [32m'  }\n'[39m +
    [32m'})'[39m
}

stderr | src/App.notifications.test.tsx > App notification coordinator wiring > manual reset outcome routes worktree notifications (3 sessions, 0 failures)
DAG watch-status listener registration failed Error: [vitest] No "listenDagWatchStatus" export is defined on the "./lib/tauri" mock. Did you forget to return it from "vi.mock"?
If you need to partially mock a module, you can use "importOriginal" helper inside:

    at VitestMocker.createError [90m(file:///Users/I552267/ferryx-pane-completion/source-5464da0d/ui/[39mnode_modules/[4mvitest[24m/dist/chunks/execute.B7h3T_Hc.js:284:17[90m)[39m
    at Object.get [90m(file:///Users/I552267/ferryx-pane-completion/source-5464da0d/ui/[39mnode_modules/[4mvitest[24m/dist/chunks/execute.B7h3T_Hc.js:330:16[90m)[39m
    at [90m/Users/I552267/ferryx-pane-completion/source-5464da0d/ui/[39msrc/lib/useDagWatchLifecycle.ts:94:32
    at [90m/Users/I552267/ferryx-pane-completion/source-5464da0d/ui/[39msrc/lib/useDagWatchLifecycle.ts:112:9 {
  codeFrame: [32m'vi\x1B[33m.\x1B[39m\x1B[34mmock\x1B[39m(\x1B[35mimport\x1B[39m(\x1B[32m"./lib/tauri"\x1B[39m)\x1B[33m,\x1B[39m \x1B[35masync\x1B[39m (importOriginal) \x1B[33m=>\x1B[39m {\n'[39m +
    [32m'  \x1B[35mconst\x1B[39m actual \x1B[33m=\x1B[39m \x1B[35mawait\x1B[39m \x1B[34mimportOriginal\x1B[39m()\n'[39m +
    [32m'  \x1B[35mreturn\x1B[39m {\n'[39m +
    [32m'    \x1B[33m...\x1B[39mactual\x1B[33m,\x1B[39m\n'[39m +
    [32m'    \x1B[90m// your mocked methods\x1B[39m\n'[39m +
    [32m'  }\n'[39m +
    [32m'})'[39m
}

stderr | src/App.notifications.test.tsx > App notification coordinator wiring > CRITERION 2: clicking the bell button while the window is UNFOCUSED calls dispatchNotification with source: 'terminal-bell' and marks tab and worktree unread
DAG watch-status listener registration failed Error: [vitest] No "listenDagWatchStatus" export is defined on the "./lib/tauri" mock. Did you forget to return it from "vi.mock"?
If you need to partially mock a module, you can use "importOriginal" helper inside:

    at VitestMocker.createError [90m(file:///Users/I552267/ferryx-pane-completion/source-5464da0d/ui/[39mnode_modules/[4mvitest[24m/dist/chunks/execute.B7h3T_Hc.js:284:17[90m)[39m
    at Object.get [90m(file:///Users/I552267/ferryx-pane-completion/source-5464da0d/ui/[39mnode_modules/[4mvitest[24m/dist/chunks/execute.B7h3T_Hc.js:330:16[90m)[39m
    at [90m/Users/I552267/ferryx-pane-completion/source-5464da0d/ui/[39msrc/lib/useDagWatchLifecycle.ts:94:32
    at [90m/Users/I552267/ferryx-pane-completion/source-5464da0d/ui/[39msrc/lib/useDagWatchLifecycle.ts:112:9 {
  codeFrame: [32m'vi\x1B[33m.\x1B[39m\x1B[34mmock\x1B[39m(\x1B[35mimport\x1B[39m(\x1B[32m"./lib/tauri"\x1B[39m)\x1B[33m,\x1B[39m \x1B[35masync\x1B[39m (importOriginal) \x1B[33m=>\x1B[39m {\n'[39m +
    [32m'  \x1B[35mconst\x1B[39m actual \x1B[33m=\x1B[39m \x1B[35mawait\x1B[39m \x1B[34mimportOriginal\x1B[39m()\n'[39m +
    [32m'  \x1B[35mreturn\x1B[39m {\n'[39m +
    [32m'    \x1B[33m...\x1B[39mactual\x1B[33m,\x1B[39m\n'[39m +
    [32m'    \x1B[90m// your mocked methods\x1B[39m\n'[39m +
    [32m'  }\n'[39m +
    [32m'})'[39m
}

stderr | src/App.notifications.test.tsx > App notification coordinator wiring > starts DAG subscriptions when the registered project list is remote-only
DAG watch-status listener registration failed Error: [vitest] No "listenDagWatchStatus" export is defined on the "./lib/tauri" mock. Did you forget to return it from "vi.mock"?
If you need to partially mock a module, you can use "importOriginal" helper inside:

    at VitestMocker.createError [90m(file:///Users/I552267/ferryx-pane-completion/source-5464da0d/ui/[39mnode_modules/[4mvitest[24m/dist/chunks/execute.B7h3T_Hc.js:284:17[90m)[39m
    at Object.get [90m(file:///Users/I552267/ferryx-pane-completion/source-5464da0d/ui/[39mnode_modules/[4mvitest[24m/dist/chunks/execute.B7h3T_Hc.js:330:16[90m)[39m
    at [90m/Users/I552267/ferryx-pane-completion/source-5464da0d/ui/[39msrc/lib/useDagWatchLifecycle.ts:94:32
    at [90m/Users/I552267/ferryx-pane-completion/source-5464da0d/ui/[39msrc/lib/useDagWatchLifecycle.ts:112:9 {
  codeFrame: [32m'vi\x1B[33m.\x1B[39m\x1B[34mmock\x1B[39m(\x1B[35mimport\x1B[39m(\x1B[32m"./lib/tauri"\x1B[39m)\x1B[33m,\x1B[39m \x1B[35masync\x1B[39m (importOriginal) \x1B[33m=>\x1B[39m {\n'[39m +
    [32m'  \x1B[35mconst\x1B[39m actual \x1B[33m=\x1B[39m \x1B[35mawait\x1B[39m \x1B[34mimportOriginal\x1B[39m()\n'[39m +
    [32m'  \x1B[35mreturn\x1B[39m {\n'[39m +
    [32m'    \x1B[33m...\x1B[39mactual\x1B[33m,\x1B[39m\n'[39m +
    [32m'    \x1B[90m// your mocked methods\x1B[39m\n'[39m +
    [32m'  }\n'[39m +
    [32m'})'[39m
}

stderr | src/App.notifications.test.tsx > App notification coordinator wiring > forwards SSH labels for agent completion and both bell paths: 'Orca (Build machine)' at '/srv/Orca/'
DAG watch-status listener registration failed Error: [vitest] No "listenDagWatchStatus" export is defined on the "./lib/tauri" mock. Did you forget to return it from "vi.mock"?
If you need to partially mock a module, you can use "importOriginal" helper inside:

    at VitestMocker.createError [90m(file:///Users/I552267/ferryx-pane-completion/source-5464da0d/ui/[39mnode_modules/[4mvitest[24m/dist/chunks/execute.B7h3T_Hc.js:284:17[90m)[39m
    at Object.get [90m(file:///Users/I552267/ferryx-pane-completion/source-5464da0d/ui/[39mnode_modules/[4mvitest[24m/dist/chunks/execute.B7h3T_Hc.js:330:16[90m)[39m
    at [90m/Users/I552267/ferryx-pane-completion/source-5464da0d/ui/[39msrc/lib/useDagWatchLifecycle.ts:94:32
    at [90m/Users/I552267/ferryx-pane-completion/source-5464da0d/ui/[39msrc/lib/useDagWatchLifecycle.ts:112:9 {
  codeFrame: [32m'vi\x1B[33m.\x1B[39m\x1B[34mmock\x1B[39m(\x1B[35mimport\x1B[39m(\x1B[32m"./lib/tauri"\x1B[39m)\x1B[33m,\x1B[39m \x1B[35masync\x1B[39m (importOriginal) \x1B[33m=>\x1B[39m {\n'[39m +
    [32m'  \x1B[35mconst\x1B[39m actual \x1B[33m=\x1B[39m \x1B[35mawait\x1B[39m \x1B[34mimportOriginal\x1B[39m()\n'[39m +
    [32m'  \x1B[35mreturn\x1B[39m {\n'[39m +
    [32m'    \x1B[33m...\x1B[39mactual\x1B[33m,\x1B[39m\n'[39m +
    [32m'    \x1B[90m// your mocked methods\x1B[39m\n'[39m +
    [32m'  }\n'[39m +
    [32m'})'[39m
}

stderr | src/App.notifications.test.tsx > App notification coordinator wiring > forwards SSH labels for agent completion and both bell paths: 'Orca (Build machine)' at 'C:\work\Orca\'
DAG watch-status listener registration failed Error: [vitest] No "listenDagWatchStatus" export is defined on the "./lib/tauri" mock. Did you forget to return it from "vi.mock"?
If you need to partially mock a module, you can use "importOriginal" helper inside:

    at VitestMocker.createError [90m(file:///Users/I552267/ferryx-pane-completion/source-5464da0d/ui/[39mnode_modules/[4mvitest[24m/dist/chunks/execute.B7h3T_Hc.js:284:17[90m)[39m
    at Object.get [90m(file:///Users/I552267/ferryx-pane-completion/source-5464da0d/ui/[39mnode_modules/[4mvitest[24m/dist/chunks/execute.B7h3T_Hc.js:330:16[90m)[39m
    at [90m/Users/I552267/ferryx-pane-completion/source-5464da0d/ui/[39msrc/lib/useDagWatchLifecycle.ts:94:32
    at [90m/Users/I552267/ferryx-pane-completion/source-5464da0d/ui/[39msrc/lib/useDagWatchLifecycle.ts:112:9 {
  codeFrame: [32m'vi\x1B[33m.\x1B[39m\x1B[34mmock\x1B[39m(\x1B[35mimport\x1B[39m(\x1B[32m"./lib/tauri"\x1B[39m)\x1B[33m,\x1B[39m \x1B[35masync\x1B[39m (importOriginal) \x1B[33m=>\x1B[39m {\n'[39m +
    [32m'  \x1B[35mconst\x1B[39m actual \x1B[33m=\x1B[39m \x1B[35mawait\x1B[39m \x1B[34mimportOriginal\x1B[39m()\n'[39m +
    [32m'  \x1B[35mreturn\x1B[39m {\n'[39m +
    [32m'    \x1B[33m...\x1B[39mactual\x1B[33m,\x1B[39m\n'[39m +
    [32m'    \x1B[90m// your mocked methods\x1B[39m\n'[39m +
    [32m'  }\n'[39m +
    [32m'})'[39m
}

stderr | src/App.notifications.test.tsx > App notification coordinator wiring > forwards SSH labels for agent completion and both bell paths: '/ (build)' at '/'
DAG watch-status listener registration failed Error: [vitest] No "listenDagWatchStatus" export is defined on the "./lib/tauri" mock. Did you forget to return it from "vi.mock"?
If you need to partially mock a module, you can use "importOriginal" helper inside:

    at VitestMocker.createError [90m(file:///Users/I552267/ferryx-pane-completion/source-5464da0d/ui/[39mnode_modules/[4mvitest[24m/dist/chunks/execute.B7h3T_Hc.js:284:17[90m)[39m
    at Object.get [90m(file:///Users/I552267/ferryx-pane-completion/source-5464da0d/ui/[39mnode_modules/[4mvitest[24m/dist/chunks/execute.B7h3T_Hc.js:330:16[90m)[39m
    at [90m/Users/I552267/ferryx-pane-completion/source-5464da0d/ui/[39msrc/lib/useDagWatchLifecycle.ts:94:32
    at [90m/Users/I552267/ferryx-pane-completion/source-5464da0d/ui/[39msrc/lib/useDagWatchLifecycle.ts:112:9 {
  codeFrame: [32m'vi\x1B[33m.\x1B[39m\x1B[34mmock\x1B[39m(\x1B[35mimport\x1B[39m(\x1B[32m"./lib/tauri"\x1B[39m)\x1B[33m,\x1B[39m \x1B[35masync\x1B[39m (importOriginal) \x1B[33m=>\x1B[39m {\n'[39m +
    [32m'  \x1B[35mconst\x1B[39m actual \x1B[33m=\x1B[39m \x1B[35mawait\x1B[39m \x1B[34mimportOriginal\x1B[39m()\n'[39m +
    [32m'  \x1B[35mreturn\x1B[39m {\n'[39m +
    [32m'    \x1B[33m...\x1B[39mactual\x1B[33m,\x1B[39m\n'[39m +
    [32m'    \x1B[90m// your mocked methods\x1B[39m\n'[39m +
    [32m'  }\n'[39m +
    [32m'})'[39m
}

stderr | src/App.notifications.test.tsx > App notification coordinator wiring > forwards SSH labels for agent completion and both bell paths: 'Orca' at '/srv/Orca'
DAG watch-status listener registration failed Error: [vitest] No "listenDagWatchStatus" export is defined on the "./lib/tauri" mock. Did you forget to return it from "vi.mock"?
If you need to partially mock a module, you can use "importOriginal" helper inside:

    at VitestMocker.createError [90m(file:///Users/I552267/ferryx-pane-completion/source-5464da0d/ui/[39mnode_modules/[4mvitest[24m/dist/chunks/execute.B7h3T_Hc.js:284:17[90m)[39m
    at Object.get [90m(file:///Users/I552267/ferryx-pane-completion/source-5464da0d/ui/[39mnode_modules/[4mvitest[24m/dist/chunks/execute.B7h3T_Hc.js:330:16[90m)[39m
    at [90m/Users/I552267/ferryx-pane-completion/source-5464da0d/ui/[39msrc/lib/useDagWatchLifecycle.ts:94:32
    at [90m/Users/I552267/ferryx-pane-completion/source-5464da0d/ui/[39msrc/lib/useDagWatchLifecycle.ts:112:9 {
  codeFrame: [32m'vi\x1B[33m.\x1B[39m\x1B[34mmock\x1B[39m(\x1B[35mimport\x1B[39m(\x1B[32m"./lib/tauri"\x1B[39m)\x1B[33m,\x1B[39m \x1B[35masync\x1B[39m (importOriginal) \x1B[33m=>\x1B[39m {\n'[39m +
    [32m'  \x1B[35mconst\x1B[39m actual \x1B[33m=\x1B[39m \x1B[35mawait\x1B[39m \x1B[34mimportOriginal\x1B[39m()\n'[39m +
    [32m'  \x1B[35mreturn\x1B[39m {\n'[39m +
    [32m'    \x1B[33m...\x1B[39mactual\x1B[33m,\x1B[39m\n'[39m +
    [32m'    \x1B[90m// your mocked methods\x1B[39m\n'[39m +
    [32m'  }\n'[39m +
    [32m'})'[39m
}

stderr | src/App.notifications.test.tsx > App notification coordinator wiring > CRITERION 2b: clicking the bell button while the window is FOCUSED calls dispatchNotification ZERO times
DAG watch-status listener registration failed Error: [vitest] No "listenDagWatchStatus" export is defined on the "./lib/tauri" mock. Did you forget to return it from "vi.mock"?
If you need to partially mock a module, you can use "importOriginal" helper inside:

    at VitestMocker.createError [90m(file:///Users/I552267/ferryx-pane-completion/source-5464da0d/ui/[39mnode_modules/[4mvitest[24m/dist/chunks/execute.B7h3T_Hc.js:284:17[90m)[39m
    at Object.get [90m(file:///Users/I552267/ferryx-pane-completion/source-5464da0d/ui/[39mnode_modules/[4mvitest[24m/dist/chunks/execute.B7h3T_Hc.js:330:16[90m)[39m
    at [90m/Users/I552267/ferryx-pane-completion/source-5464da0d/ui/[39msrc/lib/useDagWatchLifecycle.ts:94:32
    at [90m/Users/I552267/ferryx-pane-completion/source-5464da0d/ui/[39msrc/lib/useDagWatchLifecycle.ts:112:9 {
  codeFrame: [32m'vi\x1B[33m.\x1B[39m\x1B[34mmock\x1B[39m(\x1B[35mimport\x1B[39m(\x1B[32m"./lib/tauri"\x1B[39m)\x1B[33m,\x1B[39m \x1B[35masync\x1B[39m (importOriginal) \x1B[33m=>\x1B[39m {\n'[39m +
    [32m'  \x1B[35mconst\x1B[39m actual \x1B[33m=\x1B[39m \x1B[35mawait\x1B[39m \x1B[34mimportOriginal\x1B[39m()\n'[39m +
    [32m'  \x1B[35mreturn\x1B[39m {\n'[39m +
    [32m'    \x1B[33m...\x1B[39mactual\x1B[33m,\x1B[39m\n'[39m +
    [32m'    \x1B[90m// your mocked methods\x1B[39m\n'[39m +
    [32m'  }\n'[39m +
    [32m'})'[39m
}

stderr | src/App.notifications.test.tsx > App notification coordinator wiring > CRITERION 1: a background agent transitioning working -> done calls dispatchNotification with source: 'agent-task-complete' while unfocused
DAG watch-status listener registration failed Error: [vitest] No "listenDagWatchStatus" export is defined on the "./lib/tauri" mock. Did you forget to return it from "vi.mock"?
If you need to partially mock a module, you can use "importOriginal" helper inside:

    at VitestMocker.createError [90m(file:///Users/I552267/ferryx-pane-completion/source-5464da0d/ui/[39mnode_modules/[4mvitest[24m/dist/chunks/execute.B7h3T_Hc.js:284:17[90m)[39m
    at Object.get [90m(file:///Users/I552267/ferryx-pane-completion/source-5464da0d/ui/[39mnode_modules/[4mvitest[24m/dist/chunks/execute.B7h3T_Hc.js:330:16[90m)[39m
    at [90m/Users/I552267/ferryx-pane-completion/source-5464da0d/ui/[39msrc/lib/useDagWatchLifecycle.ts:94:32
    at [90m/Users/I552267/ferryx-pane-completion/source-5464da0d/ui/[39msrc/lib/useDagWatchLifecycle.ts:112:9 {
  codeFrame: [32m'vi\x1B[33m.\x1B[39m\x1B[34mmock\x1B[39m(\x1B[35mimport\x1B[39m(\x1B[32m"./lib/tauri"\x1B[39m)\x1B[33m,\x1B[39m \x1B[35masync\x1B[39m (importOriginal) \x1B[33m=>\x1B[39m {\n'[39m +
    [32m'  \x1B[35mconst\x1B[39m actual \x1B[33m=\x1B[39m \x1B[35mawait\x1B[39m \x1B[34mimportOriginal\x1B[39m()\n'[39m +
    [32m'  \x1B[35mreturn\x1B[39m {\n'[39m +
    [32m'    \x1B[33m...\x1B[39mactual\x1B[33m,\x1B[39m\n'[39m +
    [32m'    \x1B[90m// your mocked methods\x1B[39m\n'[39m +
    [32m'  }\n'[39m +
    [32m'})'[39m
}

stderr | src/App.notifications.test.tsx > App notification coordinator wiring > uses native background focus when the DOM incorrectly reports focused
DAG watch-status listener registration failed Error: [vitest] No "listenDagWatchStatus" export is defined on the "./lib/tauri" mock. Did you forget to return it from "vi.mock"?
If you need to partially mock a module, you can use "importOriginal" helper inside:

    at VitestMocker.createError [90m(file:///Users/I552267/ferryx-pane-completion/source-5464da0d/ui/[39mnode_modules/[4mvitest[24m/dist/chunks/execute.B7h3T_Hc.js:284:17[90m)[39m
    at Object.get [90m(file:///Users/I552267/ferryx-pane-completion/source-5464da0d/ui/[39mnode_modules/[4mvitest[24m/dist/chunks/execute.B7h3T_Hc.js:330:16[90m)[39m
    at [90m/Users/I552267/ferryx-pane-completion/source-5464da0d/ui/[39msrc/lib/useDagWatchLifecycle.ts:94:32
    at [90m/Users/I552267/ferryx-pane-completion/source-5464da0d/ui/[39msrc/lib/useDagWatchLifecycle.ts:112:9 {
  codeFrame: [32m'vi\x1B[33m.\x1B[39m\x1B[34mmock\x1B[39m(\x1B[35mimport\x1B[39m(\x1B[32m"./lib/tauri"\x1B[39m)\x1B[33m,\x1B[39m \x1B[35masync\x1B[39m (importOriginal) \x1B[33m=>\x1B[39m {\n'[39m +
    [32m'  \x1B[35mconst\x1B[39m actual \x1B[33m=\x1B[39m \x1B[35mawait\x1B[39m \x1B[34mimportOriginal\x1B[39m()\n'[39m +
    [32m'  \x1B[35mreturn\x1B[39m {\n'[39m +
    [32m'    \x1B[33m...\x1B[39mactual\x1B[33m,\x1B[39m\n'[39m +
    [32m'    \x1B[90m// your mocked methods\x1B[39m\n'[39m +
    [32m'  }\n'[39m +
    [32m'})'[39m
}

stderr | src/App.notifications.test.tsx > App notification coordinator wiring > CRITERION 1b: a background agent transitioning working -> done while FOCUSED dispatches nothing
DAG watch-status listener registration failed Error: [vitest] No "listenDagWatchStatus" export is defined on the "./lib/tauri" mock. Did you forget to return it from "vi.mock"?
If you need to partially mock a module, you can use "importOriginal" helper inside:

    at VitestMocker.createError [90m(file:///Users/I552267/ferryx-pane-completion/source-5464da0d/ui/[39mnode_modules/[4mvitest[24m/dist/chunks/execute.B7h3T_Hc.js:284:17[90m)[39m
    at Object.get [90m(file:///Users/I552267/ferryx-pane-completion/source-5464da0d/ui/[39mnode_modules/[4mvitest[24m/dist/chunks/execute.B7h3T_Hc.js:330:16[90m)[39m
    at [90m/Users/I552267/ferryx-pane-completion/source-5464da0d/ui/[39msrc/lib/useDagWatchLifecycle.ts:94:32
    at [90m/Users/I552267/ferryx-pane-completion/source-5464da0d/ui/[39msrc/lib/useDagWatchLifecycle.ts:112:9 {
  codeFrame: [32m'vi\x1B[33m.\x1B[39m\x1B[34mmock\x1B[39m(\x1B[35mimport\x1B[39m(\x1B[32m"./lib/tauri"\x1B[39m)\x1B[33m,\x1B[39m \x1B[35masync\x1B[39m (importOriginal) \x1B[33m=>\x1B[39m {\n'[39m +
    [32m'  \x1B[35mconst\x1B[39m actual \x1B[33m=\x1B[39m \x1B[35mawait\x1B[39m \x1B[34mimportOriginal\x1B[39m()\n'[39m +
    [32m'  \x1B[35mreturn\x1B[39m {\n'[39m +
    [32m'    \x1B[33m...\x1B[39mactual\x1B[33m,\x1B[39m\n'[39m +
    [32m'    \x1B[90m// your mocked methods\x1B[39m\n'[39m +
    [32m'  }\n'[39m +
    [32m'})'[39m
}

stderr | src/App.notifications.test.tsx > App notification coordinator wiring > notification center recording and seen bridge > records focused observed done as seen despite the focus gate
DAG watch-status listener registration failed Error: [vitest] No "listenDagWatchStatus" export is defined on the "./lib/tauri" mock. Did you forget to return it from "vi.mock"?
If you need to partially mock a module, you can use "importOriginal" helper inside:

    at VitestMocker.createError [90m(file:///Users/I552267/ferryx-pane-completion/source-5464da0d/ui/[39mnode_modules/[4mvitest[24m/dist/chunks/execute.B7h3T_Hc.js:284:17[90m)[39m
    at Object.get [90m(file:///Users/I552267/ferryx-pane-completion/source-5464da0d/ui/[39mnode_modules/[4mvitest[24m/dist/chunks/execute.B7h3T_Hc.js:330:16[90m)[39m
    at [90m/Users/I552267/ferryx-pane-completion/source-5464da0d/ui/[39msrc/lib/useDagWatchLifecycle.ts:94:32
    at [90m/Users/I552267/ferryx-pane-completion/source-5464da0d/ui/[39msrc/lib/useDagWatchLifecycle.ts:112:9 {
  codeFrame: [32m'vi\x1B[33m.\x1B[39m\x1B[34mmock\x1B[39m(\x1B[35mimport\x1B[39m(\x1B[32m"./lib/tauri"\x1B[39m)\x1B[33m,\x1B[39m \x1B[35masync\x1B[39m (importOriginal) \x1B[33m=>\x1B[39m {\n'[39m +
    [32m'  \x1B[35mconst\x1B[39m actual \x1B[33m=\x1B[39m \x1B[35mawait\x1B[39m \x1B[34mimportOriginal\x1B[39m()\n'[39m +
    [32m'  \x1B[35mreturn\x1B[39m {\n'[39m +
    [32m'    \x1B[33m...\x1B[39mactual\x1B[33m,\x1B[39m\n'[39m +
    [32m'    \x1B[90m// your mocked methods\x1B[39m\n'[39m +
    [32m'  }\n'[39m +
    [32m'})'[39m
}

stderr | src/App.notifications.test.tsx > App notification coordinator wiring > notification center recording and seen bridge > records unfocused done as unread independently of desktop dispatch outcome
DAG watch-status listener registration failed Error: [vitest] No "listenDagWatchStatus" export is defined on the "./lib/tauri" mock. Did you forget to return it from "vi.mock"?
If you need to partially mock a module, you can use "importOriginal" helper inside:

    at VitestMocker.createError [90m(file:///Users/I552267/ferryx-pane-completion/source-5464da0d/ui/[39mnode_modules/[4mvitest[24m/dist/chunks/execute.B7h3T_Hc.js:284:17[90m)[39m
    at Object.get [90m(file:///Users/I552267/ferryx-pane-completion/source-5464da0d/ui/[39mnode_modules/[4mvitest[24m/dist/chunks/execute.B7h3T_Hc.js:330:16[90m)[39m
    at [90m/Users/I552267/ferryx-pane-completion/source-5464da0d/ui/[39msrc/lib/useDagWatchLifecycle.ts:94:32
    at [90m/Users/I552267/ferryx-pane-completion/source-5464da0d/ui/[39msrc/lib/useDagWatchLifecycle.ts:112:9 {
  codeFrame: [32m'vi\x1B[33m.\x1B[39m\x1B[34mmock\x1B[39m(\x1B[35mimport\x1B[39m(\x1B[32m"./lib/tauri"\x1B[39m)\x1B[33m,\x1B[39m \x1B[35masync\x1B[39m (importOriginal) \x1B[33m=>\x1B[39m {\n'[39m +
    [32m'  \x1B[35mconst\x1B[39m actual \x1B[33m=\x1B[39m \x1B[35mawait\x1B[39m \x1B[34mimportOriginal\x1B[39m()\n'[39m +
    [32m'  \x1B[35mreturn\x1B[39m {\n'[39m +
    [32m'    \x1B[33m...\x1B[39mactual\x1B[33m,\x1B[39m\n'[39m +
    [32m'    \x1B[90m// your mocked methods\x1B[39m\n'[39m +
    [32m'  }\n'[39m +
    [32m'})'[39m
}

stderr | src/App.notifications.test.tsx > App notification coordinator wiring > notification center recording and seen bridge > records focused background tabs as unread and rejects suppressed baseline events
DAG watch-status listener registration failed Error: [vitest] No "listenDagWatchStatus" export is defined on the "./lib/tauri" mock. Did you forget to return it from "vi.mock"?
If you need to partially mock a module, you can use "importOriginal" helper inside:

    at VitestMocker.createError [90m(file:///Users/I552267/ferryx-pane-completion/source-5464da0d/ui/[39mnode_modules/[4mvitest[24m/dist/chunks/execute.B7h3T_Hc.js:284:17[90m)[39m
    at Object.get [90m(file:///Users/I552267/ferryx-pane-completion/source-5464da0d/ui/[39mnode_modules/[4mvitest[24m/dist/chunks/execute.B7h3T_Hc.js:330:16[90m)[39m
    at [90m/Users/I552267/ferryx-pane-completion/source-5464da0d/ui/[39msrc/lib/useDagWatchLifecycle.ts:94:32
    at [90m/Users/I552267/ferryx-pane-completion/source-5464da0d/ui/[39msrc/lib/useDagWatchLifecycle.ts:112:9 {
  codeFrame: [32m'vi\x1B[33m.\x1B[39m\x1B[34mmock\x1B[39m(\x1B[35mimport\x1B[39m(\x1B[32m"./lib/tauri"\x1B[39m)\x1B[33m,\x1B[39m \x1B[35masync\x1B[39m (importOriginal) \x1B[33m=>\x1B[39m {\n'[39m +
    [32m'  \x1B[35mconst\x1B[39m actual \x1B[33m=\x1B[39m \x1B[35mawait\x1B[39m \x1B[34mimportOriginal\x1B[39m()\n'[39m +
    [32m'  \x1B[35mreturn\x1B[39m {\n'[39m +
    [32m'    \x1B[33m...\x1B[39mactual\x1B[33m,\x1B[39m\n'[39m +
    [32m'    \x1B[90m// your mocked methods\x1B[39m\n'[39m +
    [32m'  }\n'[39m +
    [32m'})'[39m
}

stderr | src/App.notifications.test.tsx > App notification coordinator wiring > notification center recording and seen bridge > records focused bells with fallback workspace identity and filters throttled bells
DAG watch-status listener registration failed Error: [vitest] No "listenDagWatchStatus" export is defined on the "./lib/tauri" mock. Did you forget to return it from "vi.mock"?
If you need to partially mock a module, you can use "importOriginal" helper inside:

    at VitestMocker.createError [90m(file:///Users/I552267/ferryx-pane-completion/source-5464da0d/ui/[39mnode_modules/[4mvitest[24m/dist/chunks/execute.B7h3T_Hc.js:284:17[90m)[39m
    at Object.get [90m(file:///Users/I552267/ferryx-pane-completion/source-5464da0d/ui/[39mnode_modules/[4mvitest[24m/dist/chunks/execute.B7h3T_Hc.js:330:16[90m)[39m
    at [90m/Users/I552267/ferryx-pane-completion/source-5464da0d/ui/[39msrc/lib/useDagWatchLifecycle.ts:94:32
    at [90m/Users/I552267/ferryx-pane-completion/source-5464da0d/ui/[39msrc/lib/useDagWatchLifecycle.ts:112:9 {
  codeFrame: [32m'vi\x1B[33m.\x1B[39m\x1B[34mmock\x1B[39m(\x1B[35mimport\x1B[39m(\x1B[32m"./lib/tauri"\x1B[39m)\x1B[33m,\x1B[39m \x1B[35masync\x1B[39m (importOriginal) \x1B[33m=>\x1B[39m {\n'[39m +
    [32m'  \x1B[35mconst\x1B[39m actual \x1B[33m=\x1B[39m \x1B[35mawait\x1B[39m \x1B[34mimportOriginal\x1B[39m()\n'[39m +
    [32m'  \x1B[35mreturn\x1B[39m {\n'[39m +
    [32m'    \x1B[33m...\x1B[39mactual\x1B[33m,\x1B[39m\n'[39m +
    [32m'    \x1B[90m// your mocked methods\x1B[39m\n'[39m +
    [32m'  }\n'[39m +
    [32m'})'[39m
}

stderr | src/App.notifications.test.tsx > App notification coordinator wiring > notification center recording and seen bridge > acknowledges the clicked revision only after focusing a live target
DAG watch-status listener registration failed Error: [vitest] No "listenDagWatchStatus" export is defined on the "./lib/tauri" mock. Did you forget to return it from "vi.mock"?
If you need to partially mock a module, you can use "importOriginal" helper inside:

    at VitestMocker.createError [90m(file:///Users/I552267/ferryx-pane-completion/source-5464da0d/ui/[39mnode_modules/[4mvitest[24m/dist/chunks/execute.B7h3T_Hc.js:284:17[90m)[39m
    at Object.get [90m(file:///Users/I552267/ferryx-pane-completion/source-5464da0d/ui/[39mnode_modules/[4mvitest[24m/dist/chunks/execute.B7h3T_Hc.js:330:16[90m)[39m
    at [90m/Users/I552267/ferryx-pane-completion/source-5464da0d/ui/[39msrc/lib/useDagWatchLifecycle.ts:94:32
    at [90m/Users/I552267/ferryx-pane-completion/source-5464da0d/ui/[39msrc/lib/useDagWatchLifecycle.ts:112:9 {
  codeFrame: [32m'vi\x1B[33m.\x1B[39m\x1B[34mmock\x1B[39m(\x1B[35mimport\x1B[39m(\x1B[32m"./lib/tauri"\x1B[39m)\x1B[33m,\x1B[39m \x1B[35masync\x1B[39m (importOriginal) \x1B[33m=>\x1B[39m {\n'[39m +
    [32m'  \x1B[35mconst\x1B[39m actual \x1B[33m=\x1B[39m \x1B[35mawait\x1B[39m \x1B[34mimportOriginal\x1B[39m()\n'[39m +
    [32m'  \x1B[35mreturn\x1B[39m {\n'[39m +
    [32m'    \x1B[33m...\x1B[39mactual\x1B[33m,\x1B[39m\n'[39m +
    [32m'    \x1B[90m// your mocked methods\x1B[39m\n'[39m +
    [32m'  }\n'[39m +
    [32m'})'[39m
}

stderr | src/App.notifications.test.tsx > App notification coordinator wiring > notification center recording and seen bridge > does not acknowledge a newer occurrence when a stale revision is clicked
DAG watch-status listener registration failed Error: [vitest] No "listenDagWatchStatus" export is defined on the "./lib/tauri" mock. Did you forget to return it from "vi.mock"?
If you need to partially mock a module, you can use "importOriginal" helper inside:

    at VitestMocker.createError [90m(file:///Users/I552267/ferryx-pane-completion/source-5464da0d/ui/[39mnode_modules/[4mvitest[24m/dist/chunks/execute.B7h3T_Hc.js:284:17[90m)[39m
    at Object.get [90m(file:///Users/I552267/ferryx-pane-completion/source-5464da0d/ui/[39mnode_modules/[4mvitest[24m/dist/chunks/execute.B7h3T_Hc.js:330:16[90m)[39m
    at [90m/Users/I552267/ferryx-pane-completion/source-5464da0d/ui/[39msrc/lib/useDagWatchLifecycle.ts:94:32
    at [90m/Users/I552267/ferryx-pane-completion/source-5464da0d/ui/[39msrc/lib/useDagWatchLifecycle.ts:112:9 {
  codeFrame: [32m'vi\x1B[33m.\x1B[39m\x1B[34mmock\x1B[39m(\x1B[35mimport\x1B[39m(\x1B[32m"./lib/tauri"\x1B[39m)\x1B[33m,\x1B[39m \x1B[35masync\x1B[39m (importOriginal) \x1B[33m=>\x1B[39m {\n'[39m +
    [32m'  \x1B[35mconst\x1B[39m actual \x1B[33m=\x1B[39m \x1B[35mawait\x1B[39m \x1B[34mimportOriginal\x1B[39m()\n'[39m +
    [32m'  \x1B[35mreturn\x1B[39m {\n'[39m +
    [32m'    \x1B[33m...\x1B[39mactual\x1B[33m,\x1B[39m\n'[39m +
    [32m'    \x1B[90m// your mocked methods\x1B[39m\n'[39m +
    [32m'  }\n'[39m +
    [32m'})'[39m
}

stderr | src/App.notifications.test.tsx > App notification coordinator wiring > notification center recording and seen bridge > drops a row whose target ghost/sess-1 is gone instead of navigating
DAG watch-status listener registration failed Error: [vitest] No "listenDagWatchStatus" export is defined on the "./lib/tauri" mock. Did you forget to return it from "vi.mock"?
If you need to partially mock a module, you can use "importOriginal" helper inside:

    at VitestMocker.createError [90m(file:///Users/I552267/ferryx-pane-completion/source-5464da0d/ui/[39mnode_modules/[4mvitest[24m/dist/chunks/execute.B7h3T_Hc.js:284:17[90m)[39m
    at Object.get [90m(file:///Users/I552267/ferryx-pane-completion/source-5464da0d/ui/[39mnode_modules/[4mvitest[24m/dist/chunks/execute.B7h3T_Hc.js:330:16[90m)[39m
    at [90m/Users/I552267/ferryx-pane-completion/source-5464da0d/ui/[39msrc/lib/useDagWatchLifecycle.ts:94:32
    at [90m/Users/I552267/ferryx-pane-completion/source-5464da0d/ui/[39msrc/lib/useDagWatchLifecycle.ts:112:9 {
  codeFrame: [32m'vi\x1B[33m.\x1B[39m\x1B[34mmock\x1B[39m(\x1B[35mimport\x1B[39m(\x1B[32m"./lib/tauri"\x1B[39m)\x1B[33m,\x1B[39m \x1B[35masync\x1B[39m (importOriginal) \x1B[33m=>\x1B[39m {\n'[39m +
    [32m'  \x1B[35mconst\x1B[39m actual \x1B[33m=\x1B[39m \x1B[35mawait\x1B[39m \x1B[34mimportOriginal\x1B[39m()\n'[39m +
    [32m'  \x1B[35mreturn\x1B[39m {\n'[39m +
    [32m'    \x1B[33m...\x1B[39mactual\x1B[33m,\x1B[39m\n'[39m +
    [32m'    \x1B[90m// your mocked methods\x1B[39m\n'[39m +
    [32m'  }\n'[39m +
    [32m'})'[39m
}

stderr | src/App.notifications.test.tsx > App notification coordinator wiring > notification center recording and seen bridge > drops a row whose target default/closed is gone instead of navigating
DAG watch-status listener registration failed Error: [vitest] No "listenDagWatchStatus" export is defined on the "./lib/tauri" mock. Did you forget to return it from "vi.mock"?
If you need to partially mock a module, you can use "importOriginal" helper inside:

    at VitestMocker.createError [90m(file:///Users/I552267/ferryx-pane-completion/source-5464da0d/ui/[39mnode_modules/[4mvitest[24m/dist/chunks/execute.B7h3T_Hc.js:284:17[90m)[39m
    at Object.get [90m(file:///Users/I552267/ferryx-pane-completion/source-5464da0d/ui/[39mnode_modules/[4mvitest[24m/dist/chunks/execute.B7h3T_Hc.js:330:16[90m)[39m
    at [90m/Users/I552267/ferryx-pane-completion/source-5464da0d/ui/[39msrc/lib/useDagWatchLifecycle.ts:94:32
    at [90m/Users/I552267/ferryx-pane-completion/source-5464da0d/ui/[39msrc/lib/useDagWatchLifecycle.ts:112:9 {
  codeFrame: [32m'vi\x1B[33m.\x1B[39m\x1B[34mmock\x1B[39m(\x1B[35mimport\x1B[39m(\x1B[32m"./lib/tauri"\x1B[39m)\x1B[33m,\x1B[39m \x1B[35masync\x1B[39m (importOriginal) \x1B[33m=>\x1B[39m {\n'[39m +
    [32m'  \x1B[35mconst\x1B[39m actual \x1B[33m=\x1B[39m \x1B[35mawait\x1B[39m \x1B[34mimportOriginal\x1B[39m()\n'[39m +
    [32m'  \x1B[35mreturn\x1B[39m {\n'[39m +
    [32m'    \x1B[33m...\x1B[39mactual\x1B[33m,\x1B[39m\n'[39m +
    [32m'    \x1B[90m// your mocked methods\x1B[39m\n'[39m +
    [32m'  }\n'[39m +
    [32m'})'[39m
}

stderr | src/App.notifications.test.tsx > App notification coordinator wiring > notification center recording and seen bridge > drops a row whose target other/closed is gone instead of navigating
DAG watch-status listener registration failed Error: [vitest] No "listenDagWatchStatus" export is defined on the "./lib/tauri" mock. Did you forget to return it from "vi.mock"?
If you need to partially mock a module, you can use "importOriginal" helper inside:

    at VitestMocker.createError [90m(file:///Users/I552267/ferryx-pane-completion/source-5464da0d/ui/[39mnode_modules/[4mvitest[24m/dist/chunks/execute.B7h3T_Hc.js:284:17[90m)[39m
    at Object.get [90m(file:///Users/I552267/ferryx-pane-completion/source-5464da0d/ui/[39mnode_modules/[4mvitest[24m/dist/chunks/execute.B7h3T_Hc.js:330:16[90m)[39m
    at [90m/Users/I552267/ferryx-pane-completion/source-5464da0d/ui/[39msrc/lib/useDagWatchLifecycle.ts:94:32
    at [90m/Users/I552267/ferryx-pane-completion/source-5464da0d/ui/[39msrc/lib/useDagWatchLifecycle.ts:112:9 {
  codeFrame: [32m'vi\x1B[33m.\x1B[39m\x1B[34mmock\x1B[39m(\x1B[35mimport\x1B[39m(\x1B[32m"./lib/tauri"\x1B[39m)\x1B[33m,\x1B[39m \x1B[35masync\x1B[39m (importOriginal) \x1B[33m=>\x1B[39m {\n'[39m +
    [32m'  \x1B[35mconst\x1B[39m actual \x1B[33m=\x1B[39m \x1B[35mawait\x1B[39m \x1B[34mimportOriginal\x1B[39m()\n'[39m +
    [32m'  \x1B[35mreturn\x1B[39m {\n'[39m +
    [32m'    \x1B[33m...\x1B[39mactual\x1B[33m,\x1B[39m\n'[39m +
    [32m'    \x1B[90m// your mocked methods\x1B[39m\n'[39m +
    [32m'  }\n'[39m +
    [32m'})'[39m
}

stderr | src/App.notifications.test.tsx > App notification coordinator wiring > notification center recording and seen bridge > acknowledges a cross-project click after the target workspace mounts
DAG watch-status listener registration failed Error: [vitest] No "listenDagWatchStatus" export is defined on the "./lib/tauri" mock. Did you forget to return it from "vi.mock"?
If you need to partially mock a module, you can use "importOriginal" helper inside:

    at VitestMocker.createError [90m(file:///Users/I552267/ferryx-pane-completion/source-5464da0d/ui/[39mnode_modules/[4mvitest[24m/dist/chunks/execute.B7h3T_Hc.js:284:17[90m)[39m
    at Object.get [90m(file:///Users/I552267/ferryx-pane-completion/source-5464da0d/ui/[39mnode_modules/[4mvitest[24m/dist/chunks/execute.B7h3T_Hc.js:330:16[90m)[39m
    at [90m/Users/I552267/ferryx-pane-completion/source-5464da0d/ui/[39msrc/lib/useDagWatchLifecycle.ts:94:32
    at [90m/Users/I552267/ferryx-pane-completion/source-5464da0d/ui/[39msrc/lib/useDagWatchLifecycle.ts:112:9 {
  codeFrame: [32m'vi\x1B[33m.\x1B[39m\x1B[34mmock\x1B[39m(\x1B[35mimport\x1B[39m(\x1B[32m"./lib/tauri"\x1B[39m)\x1B[33m,\x1B[39m \x1B[35masync\x1B[39m (importOriginal) \x1B[33m=>\x1B[39m {\n'[39m +
    [32m'  \x1B[35mconst\x1B[39m actual \x1B[33m=\x1B[39m \x1B[35mawait\x1B[39m \x1B[34mimportOriginal\x1B[39m()\n'[39m +
    [32m'  \x1B[35mreturn\x1B[39m {\n'[39m +
    [32m'    \x1B[33m...\x1B[39mactual\x1B[33m,\x1B[39m\n'[39m +
    [32m'    \x1B[90m// your mocked methods\x1B[39m\n'[39m +
    [32m'  }\n'[39m +
    [32m'})'[39m
}

stderr | src/App.notifications.test.tsx > App notification coordinator wiring > notification center recording and seen bridge > acknowledges a cross-project click after the target workspace mounts
DAG watch-status listener registration failed Error: [vitest] No "listenDagWatchStatus" export is defined on the "./lib/tauri" mock. Did you forget to return it from "vi.mock"?
If you need to partially mock a module, you can use "importOriginal" helper inside:

    at VitestMocker.createError [90m(file:///Users/I552267/ferryx-pane-completion/source-5464da0d/ui/[39mnode_modules/[4mvitest[24m/dist/chunks/execute.B7h3T_Hc.js:284:17[90m)[39m
    at Object.get [90m(file:///Users/I552267/ferryx-pane-completion/source-5464da0d/ui/[39mnode_modules/[4mvitest[24m/dist/chunks/execute.B7h3T_Hc.js:330:16[90m)[39m
    at [90m/Users/I552267/ferryx-pane-completion/source-5464da0d/ui/[39msrc/lib/useDagWatchLifecycle.ts:94:32
    at [90m/Users/I552267/ferryx-pane-completion/source-5464da0d/ui/[39msrc/lib/useDagWatchLifecycle.ts:112:9 {
  codeFrame: [32m'vi\x1B[33m.\x1B[39m\x1B[34mmock\x1B[39m(\x1B[35mimport\x1B[39m(\x1B[32m"./lib/tauri"\x1B[39m)\x1B[33m,\x1B[39m \x1B[35masync\x1B[39m (importOriginal) \x1B[33m=>\x1B[39m {\n'[39m +
    [32m'  \x1B[35mconst\x1B[39m actual \x1B[33m=\x1B[39m \x1B[35mawait\x1B[39m \x1B[34mimportOriginal\x1B[39m()\n'[39m +
    [32m'  \x1B[35mreturn\x1B[39m {\n'[39m +
    [32m'    \x1B[33m...\x1B[39mactual\x1B[33m,\x1B[39m\n'[39m +
    [32m'    \x1B[90m// your mocked methods\x1B[39m\n'[39m +
    [32m'  }\n'[39m +
    [32m'})'[39m
}

stderr | src/App.notifications.test.tsx > App notification coordinator wiring > notification center recording and seen bridge > handles newer occurrence while a cross-project target is mounting
DAG watch-status listener registration failed Error: [vitest] No "listenDagWatchStatus" export is defined on the "./lib/tauri" mock. Did you forget to return it from "vi.mock"?
If you need to partially mock a module, you can use "importOriginal" helper inside:

    at VitestMocker.createError [90m(file:///Users/I552267/ferryx-pane-completion/source-5464da0d/ui/[39mnode_modules/[4mvitest[24m/dist/chunks/execute.B7h3T_Hc.js:284:17[90m)[39m
    at Object.get [90m(file:///Users/I552267/ferryx-pane-completion/source-5464da0d/ui/[39mnode_modules/[4mvitest[24m/dist/chunks/execute.B7h3T_Hc.js:330:16[90m)[39m
    at [90m/Users/I552267/ferryx-pane-completion/source-5464da0d/ui/[39msrc/lib/useDagWatchLifecycle.ts:94:32
    at [90m/Users/I552267/ferryx-pane-completion/source-5464da0d/ui/[39msrc/lib/useDagWatchLifecycle.ts:112:9 {
  codeFrame: [32m'vi\x1B[33m.\x1B[39m\x1B[34mmock\x1B[39m(\x1B[35mimport\x1B[39m(\x1B[32m"./lib/tauri"\x1B[39m)\x1B[33m,\x1B[39m \x1B[35masync\x1B[39m (importOriginal) \x1B[33m=>\x1B[39m {\n'[39m +
    [32m'  \x1B[35mconst\x1B[39m actual \x1B[33m=\x1B[39m \x1B[35mawait\x1B[39m \x1B[34mimportOriginal\x1B[39m()\n'[39m +
    [32m'  \x1B[35mreturn\x1B[39m {\n'[39m +
    [32m'    \x1B[33m...\x1B[39mactual\x1B[33m,\x1B[39m\n'[39m +
    [32m'    \x1B[90m// your mocked methods\x1B[39m\n'[39m +
    [32m'  }\n'[39m +
    [32m'})'[39m
}

stderr | src/App.notifications.test.tsx > App notification coordinator wiring > notification center recording and seen bridge > handles newer occurrence while a cross-project target is mounting
Warning: Cannot update a component (`WorkspaceApp`) while rendering a different component (`WorkspaceApp`). To locate the bad setState() call inside `WorkspaceApp`, follow the stack trace as described in https://reactjs.org/link/setstate-in-render
    at WorkspaceApp (/Users/I552267/ferryx-pane-completion/source-5464da0d/ui/src/App.tsx:547:3)
    at App (/Users/I552267/ferryx-pane-completion/source-5464da0d/ui/src/App.tsx:329:56)

stderr | src/App.notifications.test.tsx > App notification coordinator wiring > notification center recording and seen bridge > handles newer occurrence while a cross-project target is mounting
DAG watch-status listener registration failed Error: [vitest] No "listenDagWatchStatus" export is defined on the "./lib/tauri" mock. Did you forget to return it from "vi.mock"?
If you need to partially mock a module, you can use "importOriginal" helper inside:

    at VitestMocker.createError [90m(file:///Users/I552267/ferryx-pane-completion/source-5464da0d/ui/[39mnode_modules/[4mvitest[24m/dist/chunks/execute.B7h3T_Hc.js:284:17[90m)[39m
    at Object.get [90m(file:///Users/I552267/ferryx-pane-completion/source-5464da0d/ui/[39mnode_modules/[4mvitest[24m/dist/chunks/execute.B7h3T_Hc.js:330:16[90m)[39m
    at [90m/Users/I552267/ferryx-pane-completion/source-5464da0d/ui/[39msrc/lib/useDagWatchLifecycle.ts:94:32
    at [90m/Users/I552267/ferryx-pane-completion/source-5464da0d/ui/[39msrc/lib/useDagWatchLifecycle.ts:112:9 {
  codeFrame: [32m'vi\x1B[33m.\x1B[39m\x1B[34mmock\x1B[39m(\x1B[35mimport\x1B[39m(\x1B[32m"./lib/tauri"\x1B[39m)\x1B[33m,\x1B[39m \x1B[35masync\x1B[39m (importOriginal) \x1B[33m=>\x1B[39m {\n'[39m +
    [32m'  \x1B[35mconst\x1B[39m actual \x1B[33m=\x1B[39m \x1B[35mawait\x1B[39m \x1B[34mimportOriginal\x1B[39m()\n'[39m +
    [32m'  \x1B[35mreturn\x1B[39m {\n'[39m +
    [32m'    \x1B[33m...\x1B[39mactual\x1B[33m,\x1B[39m\n'[39m +
    [32m'    \x1B[90m// your mocked methods\x1B[39m\n'[39m +
    [32m'  }\n'[39m +
    [32m'})'[39m
}

stderr | src/App.notifications.test.tsx > App notification coordinator wiring > notification center recording and seen bridge > handles closed target while a cross-project target is mounting
DAG watch-status listener registration failed Error: [vitest] No "listenDagWatchStatus" export is defined on the "./lib/tauri" mock. Did you forget to return it from "vi.mock"?
If you need to partially mock a module, you can use "importOriginal" helper inside:

    at VitestMocker.createError [90m(file:///Users/I552267/ferryx-pane-completion/source-5464da0d/ui/[39mnode_modules/[4mvitest[24m/dist/chunks/execute.B7h3T_Hc.js:284:17[90m)[39m
    at Object.get [90m(file:///Users/I552267/ferryx-pane-completion/source-5464da0d/ui/[39mnode_modules/[4mvitest[24m/dist/chunks/execute.B7h3T_Hc.js:330:16[90m)[39m
    at [90m/Users/I552267/ferryx-pane-completion/source-5464da0d/ui/[39msrc/lib/useDagWatchLifecycle.ts:94:32
    at [90m/Users/I552267/ferryx-pane-completion/source-5464da0d/ui/[39msrc/lib/useDagWatchLifecycle.ts:112:9 {
  codeFrame: [32m'vi\x1B[33m.\x1B[39m\x1B[34mmock\x1B[39m(\x1B[35mimport\x1B[39m(\x1B[32m"./lib/tauri"\x1B[39m)\x1B[33m,\x1B[39m \x1B[35masync\x1B[39m (importOriginal) \x1B[33m=>\x1B[39m {\n'[39m +
    [32m'  \x1B[35mconst\x1B[39m actual \x1B[33m=\x1B[39m \x1B[35mawait\x1B[39m \x1B[34mimportOriginal\x1B[39m()\n'[39m +
    [32m'  \x1B[35mreturn\x1B[39m {\n'[39m +
    [32m'    \x1B[33m...\x1B[39mactual\x1B[33m,\x1B[39m\n'[39m +
    [32m'    \x1B[90m// your mocked methods\x1B[39m\n'[39m +
    [32m'  }\n'[39m +
    [32m'})'[39m
}

stderr | src/App.notifications.test.tsx > App notification coordinator wiring > notification center recording and seen bridge > handles closed target while a cross-project target is mounting
DAG watch-status listener registration failed Error: [vitest] No "listenDagWatchStatus" export is defined on the "./lib/tauri" mock. Did you forget to return it from "vi.mock"?
If you need to partially mock a module, you can use "importOriginal" helper inside:

    at VitestMocker.createError [90m(file:///Users/I552267/ferryx-pane-completion/source-5464da0d/ui/[39mnode_modules/[4mvitest[24m/dist/chunks/execute.B7h3T_Hc.js:284:17[90m)[39m
    at Object.get [90m(file:///Users/I552267/ferryx-pane-completion/source-5464da0d/ui/[39mnode_modules/[4mvitest[24m/dist/chunks/execute.B7h3T_Hc.js:330:16[90m)[39m
    at [90m/Users/I552267/ferryx-pane-completion/source-5464da0d/ui/[39msrc/lib/useDagWatchLifecycle.ts:94:32
    at [90m/Users/I552267/ferryx-pane-completion/source-5464da0d/ui/[39msrc/lib/useDagWatchLifecycle.ts:112:9 {
  codeFrame: [32m'vi\x1B[33m.\x1B[39m\x1B[34mmock\x1B[39m(\x1B[35mimport\x1B[39m(\x1B[32m"./lib/tauri"\x1B[39m)\x1B[33m,\x1B[39m \x1B[35masync\x1B[39m (importOriginal) \x1B[33m=>\x1B[39m {\n'[39m +
    [32m'  \x1B[35mconst\x1B[39m actual \x1B[33m=\x1B[39m \x1B[35mawait\x1B[39m \x1B[34mimportOriginal\x1B[39m()\n'[39m +
    [32m'  \x1B[35mreturn\x1B[39m {\n'[39m +
    [32m'    \x1B[33m...\x1B[39mactual\x1B[33m,\x1B[39m\n'[39m +
    [32m'    \x1B[90m// your mocked methods\x1B[39m\n'[39m +
    [32m'  }\n'[39m +
    [32m'})'[39m
}

stderr | src/App.notifications.test.tsx > App notification coordinator wiring > notification center recording and seen bridge > lists the unread completion in the sidebar inbox and removes it once the row is opened
DAG watch-status listener registration failed Error: [vitest] No "listenDagWatchStatus" export is defined on the "./lib/tauri" mock. Did you forget to return it from "vi.mock"?
If you need to partially mock a module, you can use "importOriginal" helper inside:

    at VitestMocker.createError [90m(file:///Users/I552267/ferryx-pane-completion/source-5464da0d/ui/[39mnode_modules/[4mvitest[24m/dist/chunks/execute.B7h3T_Hc.js:284:17[90m)[39m
    at Object.get [90m(file:///Users/I552267/ferryx-pane-completion/source-5464da0d/ui/[39mnode_modules/[4mvitest[24m/dist/chunks/execute.B7h3T_Hc.js:330:16[90m)[39m
    at [90m/Users/I552267/ferryx-pane-completion/source-5464da0d/ui/[39msrc/lib/useDagWatchLifecycle.ts:94:32
    at [90m/Users/I552267/ferryx-pane-completion/source-5464da0d/ui/[39msrc/lib/useDagWatchLifecycle.ts:112:9 {
  codeFrame: [32m'vi\x1B[33m.\x1B[39m\x1B[34mmock\x1B[39m(\x1B[35mimport\x1B[39m(\x1B[32m"./lib/tauri"\x1B[39m)\x1B[33m,\x1B[39m \x1B[35masync\x1B[39m (importOriginal) \x1B[33m=>\x1B[39m {\n'[39m +
    [32m'  \x1B[35mconst\x1B[39m actual \x1B[33m=\x1B[39m \x1B[35mawait\x1B[39m \x1B[34mimportOriginal\x1B[39m()\n'[39m +
    [32m'  \x1B[35mreturn\x1B[39m {\n'[39m +
    [32m'    \x1B[33m...\x1B[39mactual\x1B[33m,\x1B[39m\n'[39m +
    [32m'    \x1B[90m// your mocked methods\x1B[39m\n'[39m +
    [32m'  }\n'[39m +
    [32m'})'[39m
}

stderr | src/App.notifications.test.tsx > App notification coordinator wiring > notification center recording and seen bridge > dismisses a row from the inbox without navigating
DAG watch-status listener registration failed Error: [vitest] No "listenDagWatchStatus" export is defined on the "./lib/tauri" mock. Did you forget to return it from "vi.mock"?
If you need to partially mock a module, you can use "importOriginal" helper inside:

    at VitestMocker.createError [90m(file:///Users/I552267/ferryx-pane-completion/source-5464da0d/ui/[39mnode_modules/[4mvitest[24m/dist/chunks/execute.B7h3T_Hc.js:284:17[90m)[39m
    at Object.get [90m(file:///Users/I552267/ferryx-pane-completion/source-5464da0d/ui/[39mnode_modules/[4mvitest[24m/dist/chunks/execute.B7h3T_Hc.js:330:16[90m)[39m
    at [90m/Users/I552267/ferryx-pane-completion/source-5464da0d/ui/[39msrc/lib/useDagWatchLifecycle.ts:94:32
    at [90m/Users/I552267/ferryx-pane-completion/source-5464da0d/ui/[39msrc/lib/useDagWatchLifecycle.ts:112:9 {
  codeFrame: [32m'vi\x1B[33m.\x1B[39m\x1B[34mmock\x1B[39m(\x1B[35mimport\x1B[39m(\x1B[32m"./lib/tauri"\x1B[39m)\x1B[33m,\x1B[39m \x1B[35masync\x1B[39m (importOriginal) \x1B[33m=>\x1B[39m {\n'[39m +
    [32m'  \x1B[35mconst\x1B[39m actual \x1B[33m=\x1B[39m \x1B[35mawait\x1B[39m \x1B[34mimportOriginal\x1B[39m()\n'[39m +
    [32m'  \x1B[35mreturn\x1B[39m {\n'[39m +
    [32m'    \x1B[33m...\x1B[39mactual\x1B[33m,\x1B[39m\n'[39m +
    [32m'    \x1B[90m// your mocked methods\x1B[39m\n'[39m +
    [32m'  }\n'[39m +
    [32m'})'[39m
}

stderr | src/App.notifications.test.tsx > App notification coordinator wiring > notification center recording and seen bridge > keeps the worktree list as the default and toggles the inbox with the notifications shortcut
DAG watch-status listener registration failed Error: [vitest] No "listenDagWatchStatus" export is defined on the "./lib/tauri" mock. Did you forget to return it from "vi.mock"?
If you need to partially mock a module, you can use "importOriginal" helper inside:

    at VitestMocker.createError [90m(file:///Users/I552267/ferryx-pane-completion/source-5464da0d/ui/[39mnode_modules/[4mvitest[24m/dist/chunks/execute.B7h3T_Hc.js:284:17[90m)[39m
    at Object.get [90m(file:///Users/I552267/ferryx-pane-completion/source-5464da0d/ui/[39mnode_modules/[4mvitest[24m/dist/chunks/execute.B7h3T_Hc.js:330:16[90m)[39m
    at [90m/Users/I552267/ferryx-pane-completion/source-5464da0d/ui/[39msrc/lib/useDagWatchLifecycle.ts:94:32
    at [90m/Users/I552267/ferryx-pane-completion/source-5464da0d/ui/[39msrc/lib/useDagWatchLifecycle.ts:112:9 {
  codeFrame: [32m'vi\x1B[33m.\x1B[39m\x1B[34mmock\x1B[39m(\x1B[35mimport\x1B[39m(\x1B[32m"./lib/tauri"\x1B[39m)\x1B[33m,\x1B[39m \x1B[35masync\x1B[39m (importOriginal) \x1B[33m=>\x1B[39m {\n'[39m +
    [32m'  \x1B[35mconst\x1B[39m actual \x1B[33m=\x1B[39m \x1B[35mawait\x1B[39m \x1B[34mimportOriginal\x1B[39m()\n'[39m +
    [32m'  \x1B[35mreturn\x1B[39m {\n'[39m +
    [32m'    \x1B[33m...\x1B[39mactual\x1B[33m,\x1B[39m\n'[39m +
    [32m'    \x1B[90m// your mocked methods\x1B[39m\n'[39m +
    [32m'  }\n'[39m +
    [32m'})'[39m
}

stderr | src/App.notifications.test.tsx > App notification coordinator wiring > notification center recording and seen bridge > shows the attention count on the collapsed sidebar and reopens the inbox from it
DAG watch-status listener registration failed Error: [vitest] No "listenDagWatchStatus" export is defined on the "./lib/tauri" mock. Did you forget to return it from "vi.mock"?
If you need to partially mock a module, you can use "importOriginal" helper inside:

    at VitestMocker.createError [90m(file:///Users/I552267/ferryx-pane-completion/source-5464da0d/ui/[39mnode_modules/[4mvitest[24m/dist/chunks/execute.B7h3T_Hc.js:284:17[90m)[39m
    at Object.get [90m(file:///Users/I552267/ferryx-pane-completion/source-5464da0d/ui/[39mnode_modules/[4mvitest[24m/dist/chunks/execute.B7h3T_Hc.js:330:16[90m)[39m
    at [90m/Users/I552267/ferryx-pane-completion/source-5464da0d/ui/[39msrc/lib/useDagWatchLifecycle.ts:94:32
    at [90m/Users/I552267/ferryx-pane-completion/source-5464da0d/ui/[39msrc/lib/useDagWatchLifecycle.ts:112:9 {
  codeFrame: [32m'vi\x1B[33m.\x1B[39m\x1B[34mmock\x1B[39m(\x1B[35mimport\x1B[39m(\x1B[32m"./lib/tauri"\x1B[39m)\x1B[33m,\x1B[39m \x1B[35masync\x1B[39m (importOriginal) \x1B[33m=>\x1B[39m {\n'[39m +
    [32m'  \x1B[35mconst\x1B[39m actual \x1B[33m=\x1B[39m \x1B[35mawait\x1B[39m \x1B[34mimportOriginal\x1B[39m()\n'[39m +
    [32m'  \x1B[35mreturn\x1B[39m {\n'[39m +
    [32m'    \x1B[33m...\x1B[39mactual\x1B[33m,\x1B[39m\n'[39m +
    [32m'    \x1B[90m// your mocked methods\x1B[39m\n'[39m +
    [32m'  }\n'[39m +
    [32m'})'[39m
}

stderr | src/App.notifications.test.tsx > App notification coordinator wiring > notification center recording and seen bridge > preserves unread history across unmount and restart from persisted storage
DAG watch-status listener registration failed Error: [vitest] No "listenDagWatchStatus" export is defined on the "./lib/tauri" mock. Did you forget to return it from "vi.mock"?
If you need to partially mock a module, you can use "importOriginal" helper inside:

    at VitestMocker.createError [90m(file:///Users/I552267/ferryx-pane-completion/source-5464da0d/ui/[39mnode_modules/[4mvitest[24m/dist/chunks/execute.B7h3T_Hc.js:284:17[90m)[39m
    at Object.get [90m(file:///Users/I552267/ferryx-pane-completion/source-5464da0d/ui/[39mnode_modules/[4mvitest[24m/dist/chunks/execute.B7h3T_Hc.js:330:16[90m)[39m
    at [90m/Users/I552267/ferryx-pane-completion/source-5464da0d/ui/[39msrc/lib/useDagWatchLifecycle.ts:94:32
    at [90m/Users/I552267/ferryx-pane-completion/source-5464da0d/ui/[39msrc/lib/useDagWatchLifecycle.ts:112:9 {
  codeFrame: [32m'vi\x1B[33m.\x1B[39m\x1B[34mmock\x1B[39m(\x1B[35mimport\x1B[39m(\x1B[32m"./lib/tauri"\x1B[39m)\x1B[33m,\x1B[39m \x1B[35masync\x1B[39m (importOriginal) \x1B[33m=>\x1B[39m {\n'[39m +
    [32m'  \x1B[35mconst\x1B[39m actual \x1B[33m=\x1B[39m \x1B[35mawait\x1B[39m \x1B[34mimportOriginal\x1B[39m()\n'[39m +
    [32m'  \x1B[35mreturn\x1B[39m {\n'[39m +
    [32m'    \x1B[33m...\x1B[39mactual\x1B[33m,\x1B[39m\n'[39m +
    [32m'    \x1B[90m// your mocked methods\x1B[39m\n'[39m +
    [32m'  }\n'[39m +
    [32m'})'[39m
}

stderr | src/App.notifications.test.tsx > App notification coordinator wiring > notification center recording and seen bridge > preserves unread history across unmount and restart from persisted storage
DAG watch-status listener registration failed Error: [vitest] No "listenDagWatchStatus" export is defined on the "./lib/tauri" mock. Did you forget to return it from "vi.mock"?
If you need to partially mock a module, you can use "importOriginal" helper inside:

    at VitestMocker.createError [90m(file:///Users/I552267/ferryx-pane-completion/source-5464da0d/ui/[39mnode_modules/[4mvitest[24m/dist/chunks/execute.B7h3T_Hc.js:284:17[90m)[39m
    at Object.get [90m(file:///Users/I552267/ferryx-pane-completion/source-5464da0d/ui/[39mnode_modules/[4mvitest[24m/dist/chunks/execute.B7h3T_Hc.js:330:16[90m)[39m
    at [90m/Users/I552267/ferryx-pane-completion/source-5464da0d/ui/[39msrc/lib/useDagWatchLifecycle.ts:94:32
    at [90m/Users/I552267/ferryx-pane-completion/source-5464da0d/ui/[39msrc/lib/useDagWatchLifecycle.ts:112:9 {
  codeFrame: [32m'vi\x1B[33m.\x1B[39m\x1B[34mmock\x1B[39m(\x1B[35mimport\x1B[39m(\x1B[32m"./lib/tauri"\x1B[39m)\x1B[33m,\x1B[39m \x1B[35masync\x1B[39m (importOriginal) \x1B[33m=>\x1B[39m {\n'[39m +
    [32m'  \x1B[35mconst\x1B[39m actual \x1B[33m=\x1B[39m \x1B[35mawait\x1B[39m \x1B[34mimportOriginal\x1B[39m()\n'[39m +
    [32m'  \x1B[35mreturn\x1B[39m {\n'[39m +
    [32m'    \x1B[33m...\x1B[39mactual\x1B[33m,\x1B[39m\n'[39m +
    [32m'    \x1B[90m// your mocked methods\x1B[39m\n'[39m +
    [32m'  }\n'[39m +
    [32m'})'[39m
}

stderr | src/App.notifications.test.tsx > App notification coordinator wiring > notification center recording and seen bridge > marks inbox entry read when session is interacted via custom event
DAG watch-status listener registration failed Error: [vitest] No "listenDagWatchStatus" export is defined on the "./lib/tauri" mock. Did you forget to return it from "vi.mock"?
If you need to partially mock a module, you can use "importOriginal" helper inside:

    at VitestMocker.createError [90m(file:///Users/I552267/ferryx-pane-completion/source-5464da0d/ui/[39mnode_modules/[4mvitest[24m/dist/chunks/execute.B7h3T_Hc.js:284:17[90m)[39m
    at Object.get [90m(file:///Users/I552267/ferryx-pane-completion/source-5464da0d/ui/[39mnode_modules/[4mvitest[24m/dist/chunks/execute.B7h3T_Hc.js:330:16[90m)[39m
    at [90m/Users/I552267/ferryx-pane-completion/source-5464da0d/ui/[39msrc/lib/useDagWatchLifecycle.ts:94:32
    at [90m/Users/I552267/ferryx-pane-completion/source-5464da0d/ui/[39msrc/lib/useDagWatchLifecycle.ts:112:9 {
  codeFrame: [32m'vi\x1B[33m.\x1B[39m\x1B[34mmock\x1B[39m(\x1B[35mimport\x1B[39m(\x1B[32m"./lib/tauri"\x1B[39m)\x1B[33m,\x1B[39m \x1B[35masync\x1B[39m (importOriginal) \x1B[33m=>\x1B[39m {\n'[39m +
    [32m'  \x1B[35mconst\x1B[39m actual \x1B[33m=\x1B[39m \x1B[35mawait\x1B[39m \x1B[34mimportOriginal\x1B[39m()\n'[39m +
    [32m'  \x1B[35mreturn\x1B[39m {\n'[39m +
    [32m'    \x1B[33m...\x1B[39mactual\x1B[33m,\x1B[39m\n'[39m +
    [32m'    \x1B[90m// your mocked methods\x1B[39m\n'[39m +
    [32m'  }\n'[39m +
    [32m'})'[39m
}

stderr | src/App.notifications.test.tsx > App notification coordinator wiring > activation navigation > recovers a startup click and focuses the active project's target
DAG watch-status listener registration failed Error: [vitest] No "listenDagWatchStatus" export is defined on the "./lib/tauri" mock. Did you forget to return it from "vi.mock"?
If you need to partially mock a module, you can use "importOriginal" helper inside:

    at VitestMocker.createError [90m(file:///Users/I552267/ferryx-pane-completion/source-5464da0d/ui/[39mnode_modules/[4mvitest[24m/dist/chunks/execute.B7h3T_Hc.js:284:17[90m)[39m
    at Object.get [90m(file:///Users/I552267/ferryx-pane-completion/source-5464da0d/ui/[39mnode_modules/[4mvitest[24m/dist/chunks/execute.B7h3T_Hc.js:330:16[90m)[39m
    at [90m/Users/I552267/ferryx-pane-completion/source-5464da0d/ui/[39msrc/lib/useDagWatchLifecycle.ts:94:32
    at [90m/Users/I552267/ferryx-pane-completion/source-5464da0d/ui/[39msrc/lib/useDagWatchLifecycle.ts:112:9 {
  codeFrame: [32m'vi\x1B[33m.\x1B[39m\x1B[34mmock\x1B[39m(\x1B[35mimport\x1B[39m(\x1B[32m"./lib/tauri"\x1B[39m)\x1B[33m,\x1B[39m \x1B[35masync\x1B[39m (importOriginal) \x1B[33m=>\x1B[39m {\n'[39m +
    [32m'  \x1B[35mconst\x1B[39m actual \x1B[33m=\x1B[39m \x1B[35mawait\x1B[39m \x1B[34mimportOriginal\x1B[39m()\n'[39m +
    [32m'  \x1B[35mreturn\x1B[39m {\n'[39m +
    [32m'    \x1B[33m...\x1B[39mactual\x1B[33m,\x1B[39m\n'[39m +
    [32m'    \x1B[90m// your mocked methods\x1B[39m\n'[39m +
    [32m'  }\n'[39m +
    [32m'})'[39m
}

stderr | src/App.notifications.test.tsx > App notification coordinator wiring > activation navigation > navigates on a live click by draining the same queue
DAG watch-status listener registration failed Error: [vitest] No "listenDagWatchStatus" export is defined on the "./lib/tauri" mock. Did you forget to return it from "vi.mock"?
If you need to partially mock a module, you can use "importOriginal" helper inside:

    at VitestMocker.createError [90m(file:///Users/I552267/ferryx-pane-completion/source-5464da0d/ui/[39mnode_modules/[4mvitest[24m/dist/chunks/execute.B7h3T_Hc.js:284:17[90m)[39m
    at Object.get [90m(file:///Users/I552267/ferryx-pane-completion/source-5464da0d/ui/[39mnode_modules/[4mvitest[24m/dist/chunks/execute.B7h3T_Hc.js:330:16[90m)[39m
    at [90m/Users/I552267/ferryx-pane-completion/source-5464da0d/ui/[39msrc/lib/useDagWatchLifecycle.ts:94:32
    at [90m/Users/I552267/ferryx-pane-completion/source-5464da0d/ui/[39msrc/lib/useDagWatchLifecycle.ts:112:9 {
  codeFrame: [32m'vi\x1B[33m.\x1B[39m\x1B[34mmock\x1B[39m(\x1B[35mimport\x1B[39m(\x1B[32m"./lib/tauri"\x1B[39m)\x1B[33m,\x1B[39m \x1B[35masync\x1B[39m (importOriginal) \x1B[33m=>\x1B[39m {\n'[39m +
    [32m'  \x1B[35mconst\x1B[39m actual \x1B[33m=\x1B[39m \x1B[35mawait\x1B[39m \x1B[34mimportOriginal\x1B[39m()\n'[39m +
    [32m'  \x1B[35mreturn\x1B[39m {\n'[39m +
    [32m'    \x1B[33m...\x1B[39mactual\x1B[33m,\x1B[39m\n'[39m +
    [32m'    \x1B[90m// your mocked methods\x1B[39m\n'[39m +
    [32m'  }\n'[39m +
    [32m'})'[39m
}

stderr | src/App.notifications.test.tsx > App notification coordinator wiring > activation navigation > rejects a stale click 'ghost-project'/'sess-1' without navigating
DAG watch-status listener registration failed Error: [vitest] No "listenDagWatchStatus" export is defined on the "./lib/tauri" mock. Did you forget to return it from "vi.mock"?
If you need to partially mock a module, you can use "importOriginal" helper inside:

    at VitestMocker.createError [90m(file:///Users/I552267/ferryx-pane-completion/source-5464da0d/ui/[39mnode_modules/[4mvitest[24m/dist/chunks/execute.B7h3T_Hc.js:284:17[90m)[39m
    at Object.get [90m(file:///Users/I552267/ferryx-pane-completion/source-5464da0d/ui/[39mnode_modules/[4mvitest[24m/dist/chunks/execute.B7h3T_Hc.js:330:16[90m)[39m
    at [90m/Users/I552267/ferryx-pane-completion/source-5464da0d/ui/[39msrc/lib/useDagWatchLifecycle.ts:94:32
    at [90m/Users/I552267/ferryx-pane-completion/source-5464da0d/ui/[39msrc/lib/useDagWatchLifecycle.ts:112:9 {
  codeFrame: [32m'vi\x1B[33m.\x1B[39m\x1B[34mmock\x1B[39m(\x1B[35mimport\x1B[39m(\x1B[32m"./lib/tauri"\x1B[39m)\x1B[33m,\x1B[39m \x1B[35masync\x1B[39m (importOriginal) \x1B[33m=>\x1B[39m {\n'[39m +
    [32m'  \x1B[35mconst\x1B[39m actual \x1B[33m=\x1B[39m \x1B[35mawait\x1B[39m \x1B[34mimportOriginal\x1B[39m()\n'[39m +
    [32m'  \x1B[35mreturn\x1B[39m {\n'[39m +
    [32m'    \x1B[33m...\x1B[39mactual\x1B[33m,\x1B[39m\n'[39m +
    [32m'    \x1B[90m// your mocked methods\x1B[39m\n'[39m +
    [32m'  }\n'[39m +
    [32m'})'[39m
}

stderr | src/App.notifications.test.tsx > App notification coordinator wiring > activation navigation > rejects a stale click 'default'/'ghost-session' without navigating
DAG watch-status listener registration failed Error: [vitest] No "listenDagWatchStatus" export is defined on the "./lib/tauri" mock. Did you forget to return it from "vi.mock"?
If you need to partially mock a module, you can use "importOriginal" helper inside:

    at VitestMocker.createError [90m(file:///Users/I552267/ferryx-pane-completion/source-5464da0d/ui/[39mnode_modules/[4mvitest[24m/dist/chunks/execute.B7h3T_Hc.js:284:17[90m)[39m
    at Object.get [90m(file:///Users/I552267/ferryx-pane-completion/source-5464da0d/ui/[39mnode_modules/[4mvitest[24m/dist/chunks/execute.B7h3T_Hc.js:330:16[90m)[39m
    at [90m/Users/I552267/ferryx-pane-completion/source-5464da0d/ui/[39msrc/lib/useDagWatchLifecycle.ts:94:32
    at [90m/Users/I552267/ferryx-pane-completion/source-5464da0d/ui/[39msrc/lib/useDagWatchLifecycle.ts:112:9 {
  codeFrame: [32m'vi\x1B[33m.\x1B[39m\x1B[34mmock\x1B[39m(\x1B[35mimport\x1B[39m(\x1B[32m"./lib/tauri"\x1B[39m)\x1B[33m,\x1B[39m \x1B[35masync\x1B[39m (importOriginal) \x1B[33m=>\x1B[39m {\n'[39m +
    [32m'  \x1B[35mconst\x1B[39m actual \x1B[33m=\x1B[39m \x1B[35mawait\x1B[39m \x1B[34mimportOriginal\x1B[39m()\n'[39m +
    [32m'  \x1B[35mreturn\x1B[39m {\n'[39m +
    [32m'    \x1B[33m...\x1B[39mactual\x1B[33m,\x1B[39m\n'[39m +
    [32m'    \x1B[90m// your mocked methods\x1B[39m\n'[39m +
    [32m'  }\n'[39m +
    [32m'})'[39m
}

stderr | src/App.notifications.test.tsx > App notification coordinator wiring > activation navigation > switches to a parked project and focuses its target after the workspace mounts
DAG watch-status listener registration failed Error: [vitest] No "listenDagWatchStatus" export is defined on the "./lib/tauri" mock. Did you forget to return it from "vi.mock"?
If you need to partially mock a module, you can use "importOriginal" helper inside:

    at VitestMocker.createError [90m(file:///Users/I552267/ferryx-pane-completion/source-5464da0d/ui/[39mnode_modules/[4mvitest[24m/dist/chunks/execute.B7h3T_Hc.js:284:17[90m)[39m
    at Object.get [90m(file:///Users/I552267/ferryx-pane-completion/source-5464da0d/ui/[39mnode_modules/[4mvitest[24m/dist/chunks/execute.B7h3T_Hc.js:330:16[90m)[39m
    at [90m/Users/I552267/ferryx-pane-completion/source-5464da0d/ui/[39msrc/lib/useDagWatchLifecycle.ts:94:32
    at [90m/Users/I552267/ferryx-pane-completion/source-5464da0d/ui/[39msrc/lib/useDagWatchLifecycle.ts:112:9 {
  codeFrame: [32m'vi\x1B[33m.\x1B[39m\x1B[34mmock\x1B[39m(\x1B[35mimport\x1B[39m(\x1B[32m"./lib/tauri"\x1B[39m)\x1B[33m,\x1B[39m \x1B[35masync\x1B[39m (importOriginal) \x1B[33m=>\x1B[39m {\n'[39m +
    [32m'  \x1B[35mconst\x1B[39m actual \x1B[33m=\x1B[39m \x1B[35mawait\x1B[39m \x1B[34mimportOriginal\x1B[39m()\n'[39m +
    [32m'  \x1B[35mreturn\x1B[39m {\n'[39m +
    [32m'    \x1B[33m...\x1B[39mactual\x1B[33m,\x1B[39m\n'[39m +
    [32m'    \x1B[90m// your mocked methods\x1B[39m\n'[39m +
    [32m'  }\n'[39m +
    [32m'})'[39m
}

stderr | src/App.notifications.test.tsx > App notification coordinator wiring > activation navigation > switches to a parked project and focuses its target after the workspace mounts
DAG watch-status listener registration failed Error: [vitest] No "listenDagWatchStatus" export is defined on the "./lib/tauri" mock. Did you forget to return it from "vi.mock"?
If you need to partially mock a module, you can use "importOriginal" helper inside:

    at VitestMocker.createError [90m(file:///Users/I552267/ferryx-pane-completion/source-5464da0d/ui/[39mnode_modules/[4mvitest[24m/dist/chunks/execute.B7h3T_Hc.js:284:17[90m)[39m
    at Object.get [90m(file:///Users/I552267/ferryx-pane-completion/source-5464da0d/ui/[39mnode_modules/[4mvitest[24m/dist/chunks/execute.B7h3T_Hc.js:330:16[90m)[39m
    at [90m/Users/I552267/ferryx-pane-completion/source-5464da0d/ui/[39msrc/lib/useDagWatchLifecycle.ts:94:32
    at [90m/Users/I552267/ferryx-pane-completion/source-5464da0d/ui/[39msrc/lib/useDagWatchLifecycle.ts:112:9
[90m    at processTicksAndRejections (node:internal/process/task_queues:103:5)[39m
[90m    at runNextTicks (node:internal/process/task_queues:68:3)[39m
[90m    at listOnTimeout (node:internal/timers:547:9)[39m
[90m    at processTimers (node:internal/timers:521:7)[39m {
  codeFrame: [32m'vi\x1B[33m.\x1B[39m\x1B[34mmock\x1B[39m(\x1B[35mimport\x1B[39m(\x1B[32m"./lib/tauri"\x1B[39m)\x1B[33m,\x1B[39m \x1B[35masync\x1B[39m (importOriginal) \x1B[33m=>\x1B[39m {\n'[39m +
    [32m'  \x1B[35mconst\x1B[39m actual \x1B[33m=\x1B[39m \x1B[35mawait\x1B[39m \x1B[34mimportOriginal\x1B[39m()\n'[39m +
    [32m'  \x1B[35mreturn\x1B[39m {\n'[39m +
    [32m'    \x1B[33m...\x1B[39mactual\x1B[33m,\x1B[39m\n'[39m +
    [32m'    \x1B[90m// your mocked methods\x1B[39m\n'[39m +
    [32m'  }\n'[39m +
    [32m'})'[39m
}

stderr | src/App.notifications.test.tsx > App notification coordinator wiring > activation navigation > does not switch projects for a closed target in another project
DAG watch-status listener registration failed Error: [vitest] No "listenDagWatchStatus" export is defined on the "./lib/tauri" mock. Did you forget to return it from "vi.mock"?
If you need to partially mock a module, you can use "importOriginal" helper inside:

    at VitestMocker.createError [90m(file:///Users/I552267/ferryx-pane-completion/source-5464da0d/ui/[39mnode_modules/[4mvitest[24m/dist/chunks/execute.B7h3T_Hc.js:284:17[90m)[39m
    at Object.get [90m(file:///Users/I552267/ferryx-pane-completion/source-5464da0d/ui/[39mnode_modules/[4mvitest[24m/dist/chunks/execute.B7h3T_Hc.js:330:16[90m)[39m
    at [90m/Users/I552267/ferryx-pane-completion/source-5464da0d/ui/[39msrc/lib/useDagWatchLifecycle.ts:94:32
    at [90m/Users/I552267/ferryx-pane-completion/source-5464da0d/ui/[39msrc/lib/useDagWatchLifecycle.ts:112:9 {
  codeFrame: [32m'vi\x1B[33m.\x1B[39m\x1B[34mmock\x1B[39m(\x1B[35mimport\x1B[39m(\x1B[32m"./lib/tauri"\x1B[39m)\x1B[33m,\x1B[39m \x1B[35masync\x1B[39m (importOriginal) \x1B[33m=>\x1B[39m {\n'[39m +
    [32m'  \x1B[35mconst\x1B[39m actual \x1B[33m=\x1B[39m \x1B[35mawait\x1B[39m \x1B[34mimportOriginal\x1B[39m()\n'[39m +
    [32m'  \x1B[35mreturn\x1B[39m {\n'[39m +
    [32m'    \x1B[33m...\x1B[39mactual\x1B[33m,\x1B[39m\n'[39m +
    [32m'    \x1B[90m// your mocked methods\x1B[39m\n'[39m +
    [32m'  }\n'[39m +
    [32m'})'[39m
}

stderr | src/App.notifications.test.tsx > App notification coordinator wiring > activation navigation > clears inbox entry on user interaction even when session has no agent activity
DAG watch-status listener registration failed Error: [vitest] No "listenDagWatchStatus" export is defined on the "./lib/tauri" mock. Did you forget to return it from "vi.mock"?
If you need to partially mock a module, you can use "importOriginal" helper inside:

    at VitestMocker.createError [90m(file:///Users/I552267/ferryx-pane-completion/source-5464da0d/ui/[39mnode_modules/[4mvitest[24m/dist/chunks/execute.B7h3T_Hc.js:284:17[90m)[39m
    at Object.get [90m(file:///Users/I552267/ferryx-pane-completion/source-5464da0d/ui/[39mnode_modules/[4mvitest[24m/dist/chunks/execute.B7h3T_Hc.js:330:16[90m)[39m
    at [90m/Users/I552267/ferryx-pane-completion/source-5464da0d/ui/[39msrc/lib/useDagWatchLifecycle.ts:94:32
    at [90m/Users/I552267/ferryx-pane-completion/source-5464da0d/ui/[39msrc/lib/useDagWatchLifecycle.ts:112:9 {
  codeFrame: [32m'vi\x1B[33m.\x1B[39m\x1B[34mmock\x1B[39m(\x1B[35mimport\x1B[39m(\x1B[32m"./lib/tauri"\x1B[39m)\x1B[33m,\x1B[39m \x1B[35masync\x1B[39m (importOriginal) \x1B[33m=>\x1B[39m {\n'[39m +
    [32m'  \x1B[35mconst\x1B[39m actual \x1B[33m=\x1B[39m \x1B[35mawait\x1B[39m \x1B[34mimportOriginal\x1B[39m()\n'[39m +
    [32m'  \x1B[35mreturn\x1B[39m {\n'[39m +
    [32m'    \x1B[33m...\x1B[39mactual\x1B[33m,\x1B[39m\n'[39m +
    [32m'    \x1B[90m// your mocked methods\x1B[39m\n'[39m +
    [32m'  }\n'[39m +
    [32m'})'[39m
}

stderr | src/App.notifications.test.tsx > App notification coordinator wiring > activation navigation > does not clear inbox entry of another session or background pane when interaction happens in focused pane
DAG watch-status listener registration failed Error: [vitest] No "listenDagWatchStatus" export is defined on the "./lib/tauri" mock. Did you forget to return it from "vi.mock"?
If you need to partially mock a module, you can use "importOriginal" helper inside:

    at VitestMocker.createError [90m(file:///Users/I552267/ferryx-pane-completion/source-5464da0d/ui/[39mnode_modules/[4mvitest[24m/dist/chunks/execute.B7h3T_Hc.js:284:17[90m)[39m
    at Object.get [90m(file:///Users/I552267/ferryx-pane-completion/source-5464da0d/ui/[39mnode_modules/[4mvitest[24m/dist/chunks/execute.B7h3T_Hc.js:330:16[90m)[39m
    at [90m/Users/I552267/ferryx-pane-completion/source-5464da0d/ui/[39msrc/lib/useDagWatchLifecycle.ts:94:32
    at [90m/Users/I552267/ferryx-pane-completion/source-5464da0d/ui/[39msrc/lib/useDagWatchLifecycle.ts:112:9 {
  codeFrame: [32m'vi\x1B[33m.\x1B[39m\x1B[34mmock\x1B[39m(\x1B[35mimport\x1B[39m(\x1B[32m"./lib/tauri"\x1B[39m)\x1B[33m,\x1B[39m \x1B[35masync\x1B[39m (importOriginal) \x1B[33m=>\x1B[39m {\n'[39m +
    [32m'  \x1B[35mconst\x1B[39m actual \x1B[33m=\x1B[39m \x1B[35mawait\x1B[39m \x1B[34mimportOriginal\x1B[39m()\n'[39m +
    [32m'  \x1B[35mreturn\x1B[39m {\n'[39m +
    [32m'    \x1B[33m...\x1B[39mactual\x1B[33m,\x1B[39m\n'[39m +
    [32m'    \x1B[90m// your mocked methods\x1B[39m\n'[39m +
    [32m'  }\n'[39m +
    [32m'})'[39m
}

stderr | src/App.notifications.test.tsx > App notification coordinator wiring > activation navigation > uses frontend workspaceId rather than remote session.workspaceId when acknowledging
DAG watch-status listener registration failed Error: [vitest] No "listenDagWatchStatus" export is defined on the "./lib/tauri" mock. Did you forget to return it from "vi.mock"?
If you need to partially mock a module, you can use "importOriginal" helper inside:

    at VitestMocker.createError [90m(file:///Users/I552267/ferryx-pane-completion/source-5464da0d/ui/[39mnode_modules/[4mvitest[24m/dist/chunks/execute.B7h3T_Hc.js:284:17[90m)[39m
    at Object.get [90m(file:///Users/I552267/ferryx-pane-completion/source-5464da0d/ui/[39mnode_modules/[4mvitest[24m/dist/chunks/execute.B7h3T_Hc.js:330:16[90m)[39m
    at [90m/Users/I552267/ferryx-pane-completion/source-5464da0d/ui/[39msrc/lib/useDagWatchLifecycle.ts:94:32
    at [90m/Users/I552267/ferryx-pane-completion/source-5464da0d/ui/[39msrc/lib/useDagWatchLifecycle.ts:112:9 {
  codeFrame: [32m'vi\x1B[33m.\x1B[39m\x1B[34mmock\x1B[39m(\x1B[35mimport\x1B[39m(\x1B[32m"./lib/tauri"\x1B[39m)\x1B[33m,\x1B[39m \x1B[35masync\x1B[39m (importOriginal) \x1B[33m=>\x1B[39m {\n'[39m +
    [32m'  \x1B[35mconst\x1B[39m actual \x1B[33m=\x1B[39m \x1B[35mawait\x1B[39m \x1B[34mimportOriginal\x1B[39m()\n'[39m +
    [32m'  \x1B[35mreturn\x1B[39m {\n'[39m +
    [32m'    \x1B[33m...\x1B[39mactual\x1B[33m,\x1B[39m\n'[39m +
    [32m'    \x1B[90m// your mocked methods\x1B[39m\n'[39m +
    [32m'  }\n'[39m +
    [32m'})'[39m
}

stderr | src/App.notifications.test.tsx > App notification coordinator wiring > activation navigation > does not acknowledge newer revision if a later notification arrives after interaction
DAG watch-status listener registration failed Error: [vitest] No "listenDagWatchStatus" export is defined on the "./lib/tauri" mock. Did you forget to return it from "vi.mock"?
If you need to partially mock a module, you can use "importOriginal" helper inside:

    at VitestMocker.createError [90m(file:///Users/I552267/ferryx-pane-completion/source-5464da0d/ui/[39mnode_modules/[4mvitest[24m/dist/chunks/execute.B7h3T_Hc.js:284:17[90m)[39m
    at Object.get [90m(file:///Users/I552267/ferryx-pane-completion/source-5464da0d/ui/[39mnode_modules/[4mvitest[24m/dist/chunks/execute.B7h3T_Hc.js:330:16[90m)[39m
    at [90m/Users/I552267/ferryx-pane-completion/source-5464da0d/ui/[39msrc/lib/useDagWatchLifecycle.ts:94:32
    at [90m/Users/I552267/ferryx-pane-completion/source-5464da0d/ui/[39msrc/lib/useDagWatchLifecycle.ts:112:9 {
  codeFrame: [32m'vi\x1B[33m.\x1B[39m\x1B[34mmock\x1B[39m(\x1B[35mimport\x1B[39m(\x1B[32m"./lib/tauri"\x1B[39m)\x1B[33m,\x1B[39m \x1B[35masync\x1B[39m (importOriginal) \x1B[33m=>\x1B[39m {\n'[39m +
    [32m'  \x1B[35mconst\x1B[39m actual \x1B[33m=\x1B[39m \x1B[35mawait\x1B[39m \x1B[34mimportOriginal\x1B[39m()\n'[39m +
    [32m'  \x1B[35mreturn\x1B[39m {\n'[39m +
    [32m'    \x1B[33m...\x1B[39mactual\x1B[33m,\x1B[39m\n'[39m +
    [32m'    \x1B[90m// your mocked methods\x1B[39m\n'[39m +
    [32m'  }\n'[39m +
    [32m'})'[39m
}

 ✓ src/App.notifications.test.tsx (50 tests) 528ms
 ✓ src/remote/RemoteTerminal.contract.test.tsx (69 tests) 454ms
 ✓ src/components/dag/DagGraphView.viewport.test.tsx (54 tests) 831ms
 ✓ src/components/ProjectDialogs.test.tsx (44 tests) 364ms
stdout | src/components/NativeTerminalPane.lifecycle.test.tsx > NativeTerminalPane compositor ownership lifecycle > reattaches the same backend when its output stream ends without user input
[ferryx:switch] {
  runId: [32m'75786da2-88ec-400b-8f63-9a10bd8075df'[39m,
  sequence: [33m1[39m,
  event: [32m'terminal.surface.presentation.stale'[39m,
  wallTimeMs: [33m1791069298028[39m,
  details: {
    localSessionId: [90mundefined[39m,
    backendSessionId: [32m'stream-ended'[39m,
    paneIdentity: [32m'frontend-stream-ended'[39m,
    bindingKey: [32m'stream-ended::0:'[39m,
    attemptGeneration: [33m0[39m,
    currentPaneIdentity: [32m'frontend-stream-ended'[39m,
    currentBackendSessionId: [32m'stream-ended'[39m,
    currentBindingKey: [32m'stream-ended::0:'[39m
  }
}
[ferryx:switch] {
  runId: [32m'75786da2-88ec-400b-8f63-9a10bd8075df'[39m,
  sequence: [33m2[39m,
  event: [32m'terminal.surface.presented'[39m,
  wallTimeMs: [33m1791069298028[39m,
  details: {
    localSessionId: [90mundefined[39m,
    backendSessionId: [32m'stream-ended'[39m,
    cursorCol: [33m2[39m,
    cursorRow: [33m3[39m,
    cellWidthPx: [33m10[39m,
    cellHeightPx: [33m20[39m
  }
}

stdout | src/components/NativeTerminalPane.lifecycle.test.tsx > NativeTerminalPane compositor ownership lifecycle > held positive bounds cannot present a newer attempt or incarnation
[ferryx:switch] {
  runId: [32m'75786da2-88ec-400b-8f63-9a10bd8075df'[39m,
  sequence: [33m3[39m,
  event: [32m'terminal.surface.presentation.stale'[39m,
  wallTimeMs: [33m1791069298040[39m,
  details: {
    localSessionId: [90mundefined[39m,
    backendSessionId: [32m'held-receipt'[39m,
    paneIdentity: [32m'frontend-held-receipt'[39m,
    bindingKey: [32m'held-receipt:7:0:'[39m,
    attemptGeneration: [33m1[39m,
    currentPaneIdentity: [32m'frontend-held-receipt'[39m,
    currentBackendSessionId: [32m'held-receipt'[39m,
    currentBindingKey: [32m'held-receipt:7:0:'[39m
  }
}
[ferryx:switch] {
  runId: [32m'75786da2-88ec-400b-8f63-9a10bd8075df'[39m,
  sequence: [33m4[39m,
  event: [32m'terminal.surface.presented'[39m,
  wallTimeMs: [33m1791069298040[39m,
  details: {
    localSessionId: [90mundefined[39m,
    backendSessionId: [32m'held-receipt'[39m,
    cursorCol: [33m2[39m,
    cursorRow: [33m3[39m,
    cellWidthPx: [33m10[39m,
    cellHeightPx: [33m20[39m
  }
}

stdout | src/components/NativeTerminalPane.lifecycle.test.tsx > NativeTerminalPane compositor ownership lifecycle > held positive bounds cannot present a newer attempt or incarnation
[ferryx:switch] {
  runId: [32m'75786da2-88ec-400b-8f63-9a10bd8075df'[39m,
  sequence: [33m5[39m,
  event: [32m'terminal.surface.presented'[39m,
  wallTimeMs: [33m1791069298041[39m,
  details: {
    localSessionId: [90mundefined[39m,
    backendSessionId: [32m'held-receipt'[39m,
    cursorCol: [33m2[39m,
    cursorRow: [33m3[39m,
    cellWidthPx: [33m10[39m,
    cellHeightPx: [33m20[39m
  }
}

stdout | src/components/NativeTerminalPane.lifecycle.test.tsx > NativeTerminalPane compositor ownership lifecycle > recovers a stream that ends while its recovery attachment is pending
[ferryx:switch] {
  runId: [32m'75786da2-88ec-400b-8f63-9a10bd8075df'[39m,
  sequence: [33m6[39m,
  event: [32m'terminal.surface.presentation.stale'[39m,
  wallTimeMs: [33m1791069298045[39m,
  details: {
    localSessionId: [90mundefined[39m,
    backendSessionId: [32m'overlapping-stream-end'[39m,
    paneIdentity: [32m'frontend-overlapping-stream-end'[39m,
    bindingKey: [32m'overlapping-stream-end::0:'[39m,
    attemptGeneration: [33m0[39m,
    currentPaneIdentity: [32m'frontend-overlapping-stream-end'[39m,
    currentBackendSessionId: [32m'overlapping-stream-end'[39m,
    currentBindingKey: [32m'overlapping-stream-end::0:'[39m
  }
}
[ferryx:switch] {
  runId: [32m'75786da2-88ec-400b-8f63-9a10bd8075df'[39m,
  sequence: [33m7[39m,
  event: [32m'terminal.surface.presented'[39m,
  wallTimeMs: [33m1791069298045[39m,
  details: {
    localSessionId: [90mundefined[39m,
    backendSessionId: [32m'overlapping-stream-end'[39m,
    cursorCol: [33m2[39m,
    cursorRow: [33m3[39m,
    cellWidthPx: [33m10[39m,
    cellHeightPx: [33m20[39m
  }
}

stdout | src/components/NativeTerminalPane.lifecycle.test.tsx > NativeTerminalPane compositor ownership lifecycle > bounds repeated stream recovery and permits an explicit retry
[ferryx:switch] {
  runId: [32m'75786da2-88ec-400b-8f63-9a10bd8075df'[39m,
  sequence: [33m8[39m,
  event: [32m'terminal.surface.presentation.stale'[39m,
  wallTimeMs: [33m1791069298048[39m,
  details: {
    localSessionId: [90mundefined[39m,
    backendSessionId: [32m'bounded-stream'[39m,
    paneIdentity: [32m'frontend-bounded-stream'[39m,
    bindingKey: [32m'bounded-stream::0:'[39m,
    attemptGeneration: [33m0[39m,
    currentPaneIdentity: [32m'frontend-bounded-stream'[39m,
    currentBackendSessionId: [32m'bounded-stream'[39m,
    currentBindingKey: [32m'bounded-stream::0:'[39m
  }
}
[ferryx:switch] {
  runId: [32m'75786da2-88ec-400b-8f63-9a10bd8075df'[39m,
  sequence: [33m9[39m,
  event: [32m'terminal.surface.presented'[39m,
  wallTimeMs: [33m1791069298048[39m,
  details: {
    localSessionId: [90mundefined[39m,
    backendSessionId: [32m'bounded-stream'[39m,
    cursorCol: [33m2[39m,
    cursorRow: [33m3[39m,
    cellWidthPx: [33m10[39m,
    cellHeightPx: [33m20[39m
  }
}

stdout | src/components/NativeTerminalPane.lifecycle.test.tsx > NativeTerminalPane compositor ownership lifecycle > bounds repeated stream recovery and permits an explicit retry
[ferryx:switch] {
  runId: [32m'75786da2-88ec-400b-8f63-9a10bd8075df'[39m,
  sequence: [33m10[39m,
  event: [32m'terminal.surface.presentation.stale'[39m,
  wallTimeMs: [33m1791069298072[39m,
  details: {
    localSessionId: [90mundefined[39m,
    backendSessionId: [32m'bounded-stream'[39m,
    paneIdentity: [32m'frontend-bounded-stream'[39m,
    bindingKey: [32m'bounded-stream::0:'[39m,
    attemptGeneration: [33m6[39m,
    currentPaneIdentity: [32m'frontend-bounded-stream'[39m,
    currentBackendSessionId: [32m'bounded-stream'[39m,
    currentBindingKey: [32m'bounded-stream::0:'[39m
  }
}
[ferryx:switch] {
  runId: [32m'75786da2-88ec-400b-8f63-9a10bd8075df'[39m,
  sequence: [33m11[39m,
  event: [32m'terminal.surface.presented'[39m,
  wallTimeMs: [33m1791069298072[39m,
  details: {
    localSessionId: [90mundefined[39m,
    backendSessionId: [32m'bounded-stream'[39m,
    cursorCol: [33m2[39m,
    cursorRow: [33m3[39m,
    cellWidthPx: [33m10[39m,
    cellHeightPx: [33m20[39m
  }
}

stderr | src/components/NativeTerminalPane.lifecycle.test.tsx > NativeTerminalPane compositor ownership lifecycle > does not attach without an output recovery listener when registration fails
Native terminal IPC command failed {
  command: [32m'cmd_native_terminal_attach'[39m,
  error: Error: listener unavailable
      at [90m/Users/I552267/ferryx-pane-completion/source-5464da0d/ui/[39msrc/components/NativeTerminalPane.lifecycle.test.tsx:322:59
      at mockCall [90m(file:///Users/I552267/ferryx-pane-completion/source-5464da0d/ui/[39mnode_modules/[4m@vitest/spy[24m/dist/index.js:96:15[90m)[39m
      at spy [90m(file:///Users/I552267/ferryx-pane-completion/source-5464da0d/ui/[39mnode_modules/[4mtinyspy[24m/dist/index.js:47:80[90m)[39m
      at listen [90m(/Users/I552267/ferryx-pane-completion/source-5464da0d/ui/[39msrc/components/NativeTerminalPane.lifecycle.test.tsx:53:44[90m)[39m
      at Object.ensureStreamListenerRef.current [90m(/Users/I552267/ferryx-pane-completion/source-5464da0d/ui/[39msrc/components/NativeTerminalPane.tsx:2858:28[90m)[39m
      at Object.operation [90m(/Users/I552267/ferryx-pane-completion/source-5464da0d/ui/[39msrc/components/NativeTerminalPane.tsx:1200:37[90m)[39m
      at [90m/Users/I552267/ferryx-pane-completion/source-5464da0d/ui/[39msrc/lib/nativeTerminalLifecycle.ts:265:19
      at startLifecycleOperation [90m(/Users/I552267/ferryx-pane-completion/source-5464da0d/ui/[39msrc/lib/nativeTerminalLifecycle.ts:180:30[90m)[39m
      at enqueueNativeTerminalLifecycle [90m(/Users/I552267/ferryx-pane-completion/source-5464da0d/ui/[39msrc/lib/nativeTerminalLifecycle.ts:497:12[90m)[39m
      at attachNativeTerminalLifecycle [90m(/Users/I552267/ferryx-pane-completion/source-5464da0d/ui/[39msrc/lib/nativeTerminalLifecycle.ts:263:22[90m)[39m
}

stdout | src/components/NativeTerminalPane.lifecycle.test.tsx > NativeTerminalPane compositor ownership lifecycle > does not attach without an output recovery listener when registration fails
[ferryx:switch] {
  runId: [32m'75786da2-88ec-400b-8f63-9a10bd8075df'[39m,
  sequence: [33m12[39m,
  event: [32m'terminal.surface.presentation.stale'[39m,
  wallTimeMs: [33m1791069298084[39m,
  details: {
    localSessionId: [90mundefined[39m,
    backendSessionId: [32m'listener-failure'[39m,
    paneIdentity: [32m'frontend-listener-failure'[39m,
    bindingKey: [32m'listener-failure::0:'[39m,
    attemptGeneration: [33m1[39m,
    currentPaneIdentity: [32m'frontend-listener-failure'[39m,
    currentBackendSessionId: [32m'listener-failure'[39m,
    currentBindingKey: [32m'listener-failure::0:'[39m
  }
}
[ferryx:switch] {
  runId: [32m'75786da2-88ec-400b-8f63-9a10bd8075df'[39m,
  sequence: [33m13[39m,
  event: [32m'terminal.surface.presented'[39m,
  wallTimeMs: [33m1791069298084[39m,
  details: {
    localSessionId: [90mundefined[39m,
    backendSessionId: [32m'listener-failure'[39m,
    cursorCol: [33m2[39m,
    cursorRow: [33m3[39m,
    cellWidthPx: [33m10[39m,
    cellHeightPx: [33m20[39m
  }
}

stderr | src/components/NativeTerminalPane.lifecycle.test.tsx > NativeTerminalPane compositor ownership lifecycle > retries failed bounds with a fresh attachment and waits for presentation
Native terminal IPC command failed {
  command: [32m'cmd_native_terminal_set_bounds'[39m,
  error: { code: [32m'INTERNAL_ERROR'[39m, message: [32m'native surface unavailable'[39m }
}

stdout | src/components/NativeTerminalPane.lifecycle.test.tsx > NativeTerminalPane compositor ownership lifecycle > retries failed bounds with a fresh attachment and waits for presentation
[ferryx:switch] {
  runId: [32m'75786da2-88ec-400b-8f63-9a10bd8075df'[39m,
  sequence: [33m14[39m,
  event: [32m'terminal.surface.presentation.stale'[39m,
  wallTimeMs: [33m1791069298091[39m,
  details: {
    localSessionId: [90mundefined[39m,
    backendSessionId: [32m'bounds-retry'[39m,
    paneIdentity: [32m'frontend-bounds-retry'[39m,
    bindingKey: [32m'bounds-retry::0:'[39m,
    attemptGeneration: [33m1[39m,
    currentPaneIdentity: [32m'frontend-bounds-retry'[39m,
    currentBackendSessionId: [32m'bounds-retry'[39m,
    currentBindingKey: [32m'bounds-retry::0:'[39m
  }
}
[ferryx:switch] {
  runId: [32m'75786da2-88ec-400b-8f63-9a10bd8075df'[39m,
  sequence: [33m15[39m,
  event: [32m'terminal.surface.presented'[39m,
  wallTimeMs: [33m1791069298092[39m,
  details: {
    localSessionId: [90mundefined[39m,
    backendSessionId: [32m'bounds-retry'[39m,
    cursorCol: [33m2[39m,
    cursorRow: [33m3[39m,
    cellWidthPx: [33m10[39m,
    cellHeightPx: [33m20[39m
  }
}

stderr | src/components/NativeTerminalPane.lifecycle.test.tsx > NativeTerminalPane compositor ownership lifecycle > preserves the structured cause of a bounds failure in the visible error
Native terminal IPC command failed {
  command: [32m'cmd_native_terminal_set_bounds'[39m,
  error: {
    code: [32m'INVALID_ARGUMENT'[39m,
    message: [32m'Native terminal viewport is outside the configured surface'[39m
  }
}

stdout | src/components/NativeTerminalPane.lifecycle.test.tsx > NativeTerminalPane compositor ownership lifecycle > uses effective native scale for IME anchor at fractional webview density
[ferryx:switch] {
  runId: [32m'75786da2-88ec-400b-8f63-9a10bd8075df'[39m,
  sequence: [33m16[39m,
  event: [32m'terminal.surface.presentation.stale'[39m,
  wallTimeMs: [33m1791069298099[39m,
  details: {
    localSessionId: [90mundefined[39m,
    backendSessionId: [32m'ime-scale'[39m,
    paneIdentity: [32m'frontend-ime-scale'[39m,
    bindingKey: [32m'ime-scale::0:'[39m,
    attemptGeneration: [33m0[39m,
    currentPaneIdentity: [32m'frontend-ime-scale'[39m,
    currentBackendSessionId: [32m'ime-scale'[39m,
    currentBindingKey: [32m'ime-scale::0:'[39m
  }
}
[ferryx:switch] {
  runId: [32m'75786da2-88ec-400b-8f63-9a10bd8075df'[39m,
  sequence: [33m17[39m,
  event: [32m'terminal.surface.presented'[39m,
  wallTimeMs: [33m1791069298099[39m,
  details: {
    localSessionId: [90mundefined[39m,
    backendSessionId: [32m'ime-scale'[39m,
    cursorCol: [33m2[39m,
    cursorRow: [33m3[39m,
    cellWidthPx: [33m16[39m,
    cellHeightPx: [33m32[39m
  }
}

stdout | src/components/NativeTerminalPane.lifecycle.test.tsx > NativeTerminalPane compositor ownership lifecycle > keeps ordinary equal-scale IME anchors
[ferryx:switch] {
  runId: [32m'75786da2-88ec-400b-8f63-9a10bd8075df'[39m,
  sequence: [33m18[39m,
  event: [32m'terminal.surface.presentation.stale'[39m,
  wallTimeMs: [33m1791069298102[39m,
  details: {
    localSessionId: [90mundefined[39m,
    backendSessionId: [32m'ime-scale'[39m,
    paneIdentity: [32m'frontend-ime-scale'[39m,
    bindingKey: [32m'ime-scale::0:'[39m,
    attemptGeneration: [33m0[39m,
    currentPaneIdentity: [32m'frontend-ime-scale'[39m,
    currentBackendSessionId: [32m'ime-scale'[39m,
    currentBindingKey: [32m'ime-scale::0:'[39m
  }
}
[ferryx:switch] {
  runId: [32m'75786da2-88ec-400b-8f63-9a10bd8075df'[39m,
  sequence: [33m19[39m,
  event: [32m'terminal.surface.presented'[39m,
  wallTimeMs: [33m1791069298102[39m,
  details: {
    localSessionId: [90mundefined[39m,
    backendSessionId: [32m'ime-scale'[39m,
    cursorCol: [33m2[39m,
    cursorRow: [33m3[39m,
    cellWidthPx: [33m16[39m,
    cellHeightPx: [33m32[39m
  }
}

stdout | src/components/NativeTerminalPane.lifecycle.test.tsx > NativeTerminalPane compositor ownership lifecycle > falls back to raw density for legacy IME receipts
[ferryx:switch] {
  runId: [32m'75786da2-88ec-400b-8f63-9a10bd8075df'[39m,
  sequence: [33m20[39m,
  event: [32m'terminal.surface.presentation.stale'[39m,
  wallTimeMs: [33m1791069298104[39m,
  details: {
    localSessionId: [90mundefined[39m,
    backendSessionId: [32m'ime-scale'[39m,
    paneIdentity: [32m'frontend-ime-scale'[39m,
    bindingKey: [32m'ime-scale::0:'[39m,
    attemptGeneration: [33m0[39m,
    currentPaneIdentity: [32m'frontend-ime-scale'[39m,
    currentBackendSessionId: [32m'ime-scale'[39m,
    currentBindingKey: [32m'ime-scale::0:'[39m
  }
}
[ferryx:switch] {
  runId: [32m'75786da2-88ec-400b-8f63-9a10bd8075df'[39m,
  sequence: [33m21[39m,
  event: [32m'terminal.surface.presented'[39m,
  wallTimeMs: [33m1791069298104[39m,
  details: {
    localSessionId: [90mundefined[39m,
    backendSessionId: [32m'ime-scale'[39m,
    cursorCol: [33m2[39m,
    cursorRow: [33m3[39m,
    cellWidthPx: [33m16[39m,
    cellHeightPx: [33m32[39m
  }
}

stdout | src/components/NativeTerminalPane.lifecycle.test.tsx > NativeTerminalPane compositor ownership lifecycle > falls back to raw density when native geometry is absent
[ferryx:switch] {
  runId: [32m'75786da2-88ec-400b-8f63-9a10bd8075df'[39m,
  sequence: [33m22[39m,
  event: [32m'terminal.surface.presentation.stale'[39m,
  wallTimeMs: [33m1791069298106[39m,
  details: {
    localSessionId: [90mundefined[39m,
    backendSessionId: [32m'ime-scale'[39m,
    paneIdentity: [32m'frontend-ime-scale'[39m,
    bindingKey: [32m'ime-scale::0:'[39m,
    attemptGeneration: [33m0[39m,
    currentPaneIdentity: [32m'frontend-ime-scale'[39m,
    currentBackendSessionId: [32m'ime-scale'[39m,
    currentBindingKey: [32m'ime-scale::0:'[39m
  }
}
[ferryx:switch] {
  runId: [32m'75786da2-88ec-400b-8f63-9a10bd8075df'[39m,
  sequence: [33m23[39m,
  event: [32m'terminal.surface.presented'[39m,
  wallTimeMs: [33m1791069298106[39m,
  details: {
    localSessionId: [90mundefined[39m,
    backendSessionId: [32m'ime-scale'[39m,
    cursorCol: [33m2[39m,
    cursorRow: [33m3[39m,
    cellWidthPx: [33m16[39m,
    cellHeightPx: [33m32[39m
  }
}

stdout | src/components/NativeTerminalPane.lifecycle.test.tsx > NativeTerminalPane compositor ownership lifecycle > does not reclaim the outgoing surface when input fails after tab replacement
[ferryx:switch] {
  runId: [32m'75786da2-88ec-400b-8f63-9a10bd8075df'[39m,
  sequence: [33m24[39m,
  event: [32m'terminal.surface.presentation.stale'[39m,
  wallTimeMs: [33m1791069298107[39m,
  details: {
    localSessionId: [90mundefined[39m,
    backendSessionId: [32m'owner-a'[39m,
    paneIdentity: [32m'frontend-owner-a'[39m,
    bindingKey: [32m'owner-a::0:'[39m,
    attemptGeneration: [33m0[39m,
    currentPaneIdentity: [32m'frontend-owner-a'[39m,
    currentBackendSessionId: [32m'owner-a'[39m,
    currentBindingKey: [32m'owner-a::0:'[39m
  }
}
[ferryx:switch] {
  runId: [32m'75786da2-88ec-400b-8f63-9a10bd8075df'[39m,
  sequence: [33m25[39m,
  event: [32m'terminal.surface.presented'[39m,
  wallTimeMs: [33m1791069298107[39m,
  details: {
    localSessionId: [90mundefined[39m,
    backendSessionId: [32m'owner-a'[39m,
    cursorCol: [33m2[39m,
    cursorRow: [33m3[39m,
    cellWidthPx: [33m10[39m,
    cellHeightPx: [33m20[39m
  }
}

stdout | src/components/NativeTerminalPane.lifecycle.test.tsx > NativeTerminalPane compositor ownership lifecycle > does not reclaim the outgoing surface when input fails after tab replacement
[ferryx:switch] {
  runId: [32m'75786da2-88ec-400b-8f63-9a10bd8075df'[39m,
  sequence: [33m26[39m,
  event: [32m'terminal.surface.input.accepted'[39m,
  wallTimeMs: [33m1791069298108[39m,
  details: {
    operationId: [32m'req-c11edb55-owner-a-1'[39m,
    backendSessionId: [32m'owner-a'[39m,
    paneIdentity: [1mnull[22m,
    bindingKey: [1mnull[22m,
    attemptGeneration: [1mnull[22m,
    daemonEpoch: [1mnull[22m,
    incarnation: [1mnull[22m,
    payloadBytes: [33m1[39m,
    queuedAt: [33m1791069298108[39m
  }
}
[ferryx:switch] {
  runId: [32m'75786da2-88ec-400b-8f63-9a10bd8075df'[39m,
  sequence: [33m27[39m,
  event: [32m'terminal.surface.input.dispatch'[39m,
  wallTimeMs: [33m1791069298108[39m,
  details: {
    operationId: [32m'req-c11edb55-owner-a-1'[39m,
    backendSessionId: [32m'owner-a'[39m,
    paneIdentity: [1mnull[22m,
    bindingKey: [1mnull[22m,
    attemptGeneration: [1mnull[22m,
    daemonEpoch: [1mnull[22m,
    incarnation: [1mnull[22m,
    dispatchedAt: [33m1791069298108[39m
  }
}

stdout | src/components/NativeTerminalPane.lifecycle.test.tsx > NativeTerminalPane compositor ownership lifecycle > does not reclaim the outgoing surface when input fails after tab replacement
[ferryx:switch] {
  runId: [32m'75786da2-88ec-400b-8f63-9a10bd8075df'[39m,
  sequence: [33m28[39m,
  event: [32m'terminal.surface.presentation.stale'[39m,
  wallTimeMs: [33m1791069298109[39m,
  details: {
    localSessionId: [90mundefined[39m,
    backendSessionId: [32m'owner-b'[39m,
    paneIdentity: [32m'frontend-owner-b'[39m,
    bindingKey: [32m'owner-b::0:'[39m,
    attemptGeneration: [33m0[39m,
    currentPaneIdentity: [32m'frontend-owner-b'[39m,
    currentBackendSessionId: [32m'owner-b'[39m,
    currentBindingKey: [32m'owner-b::0:'[39m
  }
}
[ferryx:switch] {
  runId: [32m'75786da2-88ec-400b-8f63-9a10bd8075df'[39m,
  sequence: [33m29[39m,
  event: [32m'terminal.surface.presented'[39m,
  wallTimeMs: [33m1791069298109[39m,
  details: {
    localSessionId: [90mundefined[39m,
    backendSessionId: [32m'owner-b'[39m,
    cursorCol: [33m2[39m,
    cursorRow: [33m3[39m,
    cellWidthPx: [33m10[39m,
    cellHeightPx: [33m20[39m
  }
}

stdout | src/components/NativeTerminalPane.lifecycle.test.tsx > NativeTerminalPane compositor ownership lifecycle > does not recover input when its owner becomes hidden
[ferryx:switch] {
  runId: [32m'75786da2-88ec-400b-8f63-9a10bd8075df'[39m,
  sequence: [33m30[39m,
  event: [32m'terminal.surface.presentation.stale'[39m,
  wallTimeMs: [33m1791069298111[39m,
  details: {
    localSessionId: [90mundefined[39m,
    backendSessionId: [32m'owner-a'[39m,
    paneIdentity: [32m'frontend-owner-a'[39m,
    bindingKey: [32m'owner-a::0:'[39m,
    attemptGeneration: [33m0[39m,
    currentPaneIdentity: [32m'frontend-owner-a'[39m,
    currentBackendSessionId: [32m'owner-a'[39m,
    currentBindingKey: [32m'owner-a::0:'[39m
  }
}
[ferryx:switch] {
  runId: [32m'75786da2-88ec-400b-8f63-9a10bd8075df'[39m,
  sequence: [33m31[39m,
  event: [32m'terminal.surface.presented'[39m,
  wallTimeMs: [33m1791069298111[39m,
  details: {
    localSessionId: [90mundefined[39m,
    backendSessionId: [32m'owner-a'[39m,
    cursorCol: [33m2[39m,
    cursorRow: [33m3[39m,
    cellWidthPx: [33m10[39m,
    cellHeightPx: [33m20[39m
  }
}

stdout | src/components/NativeTerminalPane.lifecycle.test.tsx > NativeTerminalPane compositor ownership lifecycle > does not recover input when its owner becomes hidden
[ferryx:switch] {
  runId: [32m'75786da2-88ec-400b-8f63-9a10bd8075df'[39m,
  sequence: [33m32[39m,
  event: [32m'terminal.surface.input.accepted'[39m,
  wallTimeMs: [33m1791069298111[39m,
  details: {
    operationId: [32m'req-c11edb55-owner-a-2'[39m,
    backendSessionId: [32m'owner-a'[39m,
    paneIdentity: [1mnull[22m,
    bindingKey: [1mnull[22m,
    attemptGeneration: [1mnull[22m,
    daemonEpoch: [1mnull[22m,
    incarnation: [1mnull[22m,
    payloadBytes: [33m1[39m,
    queuedAt: [33m1791069298111[39m
  }
}
[ferryx:switch] {
  runId: [32m'75786da2-88ec-400b-8f63-9a10bd8075df'[39m,
  sequence: [33m33[39m,
  event: [32m'terminal.surface.input.dispatch'[39m,
  wallTimeMs: [33m1791069298111[39m,
  details: {
    operationId: [32m'req-c11edb55-owner-a-2'[39m,
    backendSessionId: [32m'owner-a'[39m,
    paneIdentity: [1mnull[22m,
    bindingKey: [1mnull[22m,
    attemptGeneration: [1mnull[22m,
    daemonEpoch: [1mnull[22m,
    incarnation: [1mnull[22m,
    dispatchedAt: [33m1791069298111[39m
  }
}

stdout | src/components/NativeTerminalPane.lifecycle.test.tsx > NativeTerminalPane compositor ownership lifecycle > does not retry input after its owner leaves during recovery
[ferryx:switch] {
  runId: [32m'75786da2-88ec-400b-8f63-9a10bd8075df'[39m,
  sequence: [33m34[39m,
  event: [32m'terminal.surface.presentation.stale'[39m,
  wallTimeMs: [33m1791069298113[39m,
  details: {
    localSessionId: [90mundefined[39m,
    backendSessionId: [32m'owner-a'[39m,
    paneIdentity: [32m'frontend-owner-a'[39m,
    bindingKey: [32m'owner-a::0:'[39m,
    attemptGeneration: [33m0[39m,
    currentPaneIdentity: [32m'frontend-owner-a'[39m,
    currentBackendSessionId: [32m'owner-a'[39m,
    currentBindingKey: [32m'owner-a::0:'[39m
  }
}
[ferryx:switch] {
  runId: [32m'75786da2-88ec-400b-8f63-9a10bd8075df'[39m,
  sequence: [33m35[39m,
  event: [32m'terminal.surface.presented'[39m,
  wallTimeMs: [33m1791069298113[39m,
  details: {
    localSessionId: [90mundefined[39m,
    backendSessionId: [32m'owner-a'[39m,
    cursorCol: [33m2[39m,
    cursorRow: [33m3[39m,
    cellWidthPx: [33m10[39m,
    cellHeightPx: [33m20[39m
  }
}

stdout | src/components/NativeTerminalPane.lifecycle.test.tsx > NativeTerminalPane compositor ownership lifecycle > does not retry input after its owner leaves during recovery
[ferryx:switch] {
  runId: [32m'75786da2-88ec-400b-8f63-9a10bd8075df'[39m,
  sequence: [33m36[39m,
  event: [32m'terminal.surface.input.accepted'[39m,
  wallTimeMs: [33m1791069298113[39m,
  details: {
    operationId: [32m'req-c11edb55-owner-a-3'[39m,
    backendSessionId: [32m'owner-a'[39m,
    paneIdentity: [1mnull[22m,
    bindingKey: [1mnull[22m,
    attemptGeneration: [1mnull[22m,
    daemonEpoch: [1mnull[22m,
    incarnation: [1mnull[22m,
    payloadBytes: [33m1[39m,
    queuedAt: [33m1791069298113[39m
  }
}
[ferryx:switch] {
  runId: [32m'75786da2-88ec-400b-8f63-9a10bd8075df'[39m,
  sequence: [33m37[39m,
  event: [32m'terminal.surface.input.dispatch'[39m,
  wallTimeMs: [33m1791069298113[39m,
  details: {
    operationId: [32m'req-c11edb55-owner-a-3'[39m,
    backendSessionId: [32m'owner-a'[39m,
    paneIdentity: [1mnull[22m,
    bindingKey: [1mnull[22m,
    attemptGeneration: [1mnull[22m,
    daemonEpoch: [1mnull[22m,
    incarnation: [1mnull[22m,
    dispatchedAt: [33m1791069298113[39m
  }
}

stdout | src/components/NativeTerminalPane.lifecycle.test.tsx > NativeTerminalPane compositor ownership lifecycle > does not retry input after its owner leaves during recovery
[ferryx:switch] {
  runId: [32m'75786da2-88ec-400b-8f63-9a10bd8075df'[39m,
  sequence: [33m38[39m,
  event: [32m'terminal.surface.input.error.recovering'[39m,
  wallTimeMs: [33m1791069298113[39m,
  details: { backendSessionId: [32m'owner-a'[39m, error: [32m'[object Object]'[39m }
}

stdout | src/components/NativeTerminalPane.lifecycle.test.tsx > NativeTerminalPane compositor ownership lifecycle > does not retry input after its owner leaves during recovery
[ferryx:switch] {
  runId: [32m'75786da2-88ec-400b-8f63-9a10bd8075df'[39m,
  sequence: [33m39[39m,
  event: [32m'terminal.surface.presentation.stale'[39m,
  wallTimeMs: [33m1791069298114[39m,
  details: {
    localSessionId: [90mundefined[39m,
    backendSessionId: [32m'owner-b'[39m,
    paneIdentity: [32m'frontend-owner-b'[39m,
    bindingKey: [32m'owner-b::0:'[39m,
    attemptGeneration: [33m0[39m,
    currentPaneIdentity: [32m'frontend-owner-b'[39m,
    currentBackendSessionId: [32m'owner-b'[39m,
    currentBindingKey: [32m'owner-b::0:'[39m
  }
}
[ferryx:switch] {
  runId: [32m'75786da2-88ec-400b-8f63-9a10bd8075df'[39m,
  sequence: [33m40[39m,
  event: [32m'terminal.surface.presented'[39m,
  wallTimeMs: [33m1791069298114[39m,
  details: {
    localSessionId: [90mundefined[39m,
    backendSessionId: [32m'owner-b'[39m,
    cursorCol: [33m2[39m,
    cursorRow: [33m3[39m,
    cellWidthPx: [33m10[39m,
    cellHeightPx: [33m20[39m
  }
}

stdout | src/components/NativeTerminalPane.lifecycle.test.tsx > NativeTerminalPane compositor ownership lifecycle > guards queued recovery attachment while preserving a returning owner (returns=false)
[ferryx:switch] {
  runId: [32m'75786da2-88ec-400b-8f63-9a10bd8075df'[39m,
  sequence: [33m41[39m,
  event: [32m'terminal.surface.input.accepted'[39m,
  wallTimeMs: [33m1791069298115[39m,
  details: {
    operationId: [32m'req-c11edb55-owner-a-4'[39m,
    backendSessionId: [32m'owner-a'[39m,
    paneIdentity: [1mnull[22m,
    bindingKey: [1mnull[22m,
    attemptGeneration: [1mnull[22m,
    daemonEpoch: [1mnull[22m,
    incarnation: [1mnull[22m,
    payloadBytes: [33m1[39m,
    queuedAt: [33m1791069298115[39m
  }
}
[ferryx:switch] {
  runId: [32m'75786da2-88ec-400b-8f63-9a10bd8075df'[39m,
  sequence: [33m42[39m,
  event: [32m'terminal.surface.input.dispatch'[39m,
  wallTimeMs: [33m1791069298115[39m,
  details: {
    operationId: [32m'req-c11edb55-owner-a-4'[39m,
    backendSessionId: [32m'owner-a'[39m,
    paneIdentity: [1mnull[22m,
    bindingKey: [1mnull[22m,
    attemptGeneration: [1mnull[22m,
    daemonEpoch: [1mnull[22m,
    incarnation: [1mnull[22m,
    dispatchedAt: [33m1791069298115[39m
  }
}

stdout | src/components/NativeTerminalPane.lifecycle.test.tsx > NativeTerminalPane compositor ownership lifecycle > guards queued recovery attachment while preserving a returning owner (returns=false)
[ferryx:switch] {
  runId: [32m'75786da2-88ec-400b-8f63-9a10bd8075df'[39m,
  sequence: [33m43[39m,
  event: [32m'terminal.surface.input.error.recovering'[39m,
  wallTimeMs: [33m1791069298115[39m,
  details: { backendSessionId: [32m'owner-a'[39m, error: [32m'[object Object]'[39m }
}

stdout | src/components/NativeTerminalPane.lifecycle.test.tsx > NativeTerminalPane compositor ownership lifecycle > guards queued recovery attachment while preserving a returning owner (returns=true)
[ferryx:switch] {
  runId: [32m'75786da2-88ec-400b-8f63-9a10bd8075df'[39m,
  sequence: [33m44[39m,
  event: [32m'terminal.surface.input.accepted'[39m,
  wallTimeMs: [33m1791069298117[39m,
  details: {
    operationId: [32m'req-c11edb55-owner-a-5'[39m,
    backendSessionId: [32m'owner-a'[39m,
    paneIdentity: [1mnull[22m,
    bindingKey: [1mnull[22m,
    attemptGeneration: [1mnull[22m,
    daemonEpoch: [1mnull[22m,
    incarnation: [1mnull[22m,
    payloadBytes: [33m1[39m,
    queuedAt: [33m1791069298117[39m
  }
}
[ferryx:switch] {
  runId: [32m'75786da2-88ec-400b-8f63-9a10bd8075df'[39m,
  sequence: [33m45[39m,
  event: [32m'terminal.surface.input.dispatch'[39m,
  wallTimeMs: [33m1791069298117[39m,
  details: {
    operationId: [32m'req-c11edb55-owner-a-5'[39m,
    backendSessionId: [32m'owner-a'[39m,
    paneIdentity: [1mnull[22m,
    bindingKey: [1mnull[22m,
    attemptGeneration: [1mnull[22m,
    daemonEpoch: [1mnull[22m,
    incarnation: [1mnull[22m,
    dispatchedAt: [33m1791069298117[39m
  }
}

stdout | src/components/NativeTerminalPane.lifecycle.test.tsx > NativeTerminalPane compositor ownership lifecycle > guards queued recovery attachment while preserving a returning owner (returns=true)
[ferryx:switch] {
  runId: [32m'75786da2-88ec-400b-8f63-9a10bd8075df'[39m,
  sequence: [33m46[39m,
  event: [32m'terminal.surface.input.error.recovering'[39m,
  wallTimeMs: [33m1791069298117[39m,
  details: { backendSessionId: [32m'owner-a'[39m, error: [32m'[object Object]'[39m }
}

stdout | src/components/NativeTerminalPane.lifecycle.test.tsx > NativeTerminalPane compositor ownership lifecycle > guards queued recovery attachment while preserving a returning owner (returns=true)
[ferryx:switch] {
  runId: [32m'75786da2-88ec-400b-8f63-9a10bd8075df'[39m,
  sequence: [33m47[39m,
  event: [32m'terminal.surface.presentation.stale'[39m,
  wallTimeMs: [33m1791069298118[39m,
  details: {
    localSessionId: [90mundefined[39m,
    backendSessionId: [32m'owner-a'[39m,
    paneIdentity: [32m'frontend-owner-a'[39m,
    bindingKey: [32m'owner-a::0:'[39m,
    attemptGeneration: [33m0[39m,
    currentPaneIdentity: [32m'frontend-owner-a'[39m,
    currentBackendSessionId: [32m'owner-a'[39m,
    currentBindingKey: [32m'owner-a::0:'[39m
  }
}
[ferryx:switch] {
  runId: [32m'75786da2-88ec-400b-8f63-9a10bd8075df'[39m,
  sequence: [33m48[39m,
  event: [32m'terminal.surface.presented'[39m,
  wallTimeMs: [33m1791069298118[39m,
  details: {
    localSessionId: [90mundefined[39m,
    backendSessionId: [32m'owner-a'[39m,
    cursorCol: [33m2[39m,
    cursorRow: [33m3[39m,
    cellWidthPx: [33m10[39m,
    cellHeightPx: [33m20[39m
  }
}

stdout | src/components/NativeTerminalPane.lifecycle.test.tsx > NativeTerminalPane compositor ownership lifecycle > does not publish a stale input receipt after replacement
[ferryx:switch] {
  runId: [32m'75786da2-88ec-400b-8f63-9a10bd8075df'[39m,
  sequence: [33m49[39m,
  event: [32m'terminal.surface.presentation.stale'[39m,
  wallTimeMs: [33m1791069298120[39m,
  details: {
    localSessionId: [90mundefined[39m,
    backendSessionId: [32m'owner-a'[39m,
    paneIdentity: [32m'frontend-owner-a'[39m,
    bindingKey: [32m'owner-a::0:'[39m,
    attemptGeneration: [33m0[39m,
    currentPaneIdentity: [32m'frontend-owner-a'[39m,
    currentBackendSessionId: [32m'owner-a'[39m,
    currentBindingKey: [32m'owner-a::0:'[39m
  }
}
[ferryx:switch] {
  runId: [32m'75786da2-88ec-400b-8f63-9a10bd8075df'[39m,
  sequence: [33m50[39m,
  event: [32m'terminal.surface.presented'[39m,
  wallTimeMs: [33m1791069298120[39m,
  details: {
    localSessionId: [90mundefined[39m,
    backendSessionId: [32m'owner-a'[39m,
    cursorCol: [33m2[39m,
    cursorRow: [33m3[39m,
    cellWidthPx: [33m10[39m,
    cellHeightPx: [33m20[39m
  }
}

stdout | src/components/NativeTerminalPane.lifecycle.test.tsx > NativeTerminalPane compositor ownership lifecycle > does not publish a stale input receipt after replacement
[ferryx:switch] {
  runId: [32m'75786da2-88ec-400b-8f63-9a10bd8075df'[39m,
  sequence: [33m51[39m,
  event: [32m'terminal.surface.input.accepted'[39m,
  wallTimeMs: [33m1791069298120[39m,
  details: {
    operationId: [32m'req-c11edb55-owner-a-6'[39m,
    backendSessionId: [32m'owner-a'[39m,
    paneIdentity: [1mnull[22m,
    bindingKey: [1mnull[22m,
    attemptGeneration: [1mnull[22m,
    daemonEpoch: [1mnull[22m,
    incarnation: [1mnull[22m,
    payloadBytes: [33m1[39m,
    queuedAt: [33m1791069298120[39m
  }
}
[ferryx:switch] {
  runId: [32m'75786da2-88ec-400b-8f63-9a10bd8075df'[39m,
  sequence: [33m52[39m,
  event: [32m'terminal.surface.input.dispatch'[39m,
  wallTimeMs: [33m1791069298120[39m,
  details: {
    operationId: [32m'req-c11edb55-owner-a-6'[39m,
    backendSessionId: [32m'owner-a'[39m,
    paneIdentity: [1mnull[22m,
    bindingKey: [1mnull[22m,
    attemptGeneration: [1mnull[22m,
    daemonEpoch: [1mnull[22m,
    incarnation: [1mnull[22m,
    dispatchedAt: [33m1791069298120[39m
  }
}

stdout | src/components/NativeTerminalPane.lifecycle.test.tsx > NativeTerminalPane compositor ownership lifecycle > does not publish a stale input receipt after replacement
[ferryx:switch] {
  runId: [32m'75786da2-88ec-400b-8f63-9a10bd8075df'[39m,
  sequence: [33m53[39m,
  event: [32m'terminal.surface.presentation.stale'[39m,
  wallTimeMs: [33m1791069298121[39m,
  details: {
    localSessionId: [90mundefined[39m,
    backendSessionId: [32m'owner-b'[39m,
    paneIdentity: [32m'frontend-owner-b'[39m,
    bindingKey: [32m'owner-b::0:'[39m,
    attemptGeneration: [33m0[39m,
    currentPaneIdentity: [32m'frontend-owner-b'[39m,
    currentBackendSessionId: [32m'owner-b'[39m,
    currentBindingKey: [32m'owner-b::0:'[39m
  }
}
[ferryx:switch] {
  runId: [32m'75786da2-88ec-400b-8f63-9a10bd8075df'[39m,
  sequence: [33m54[39m,
  event: [32m'terminal.surface.presented'[39m,
  wallTimeMs: [33m1791069298121[39m,
  details: {
    localSessionId: [90mundefined[39m,
    backendSessionId: [32m'owner-b'[39m,
    cursorCol: [33m2[39m,
    cursorRow: [33m3[39m,
    cellWidthPx: [33m10[39m,
    cellHeightPx: [33m20[39m
  }
}

stdout | src/components/NativeTerminalPane.lifecycle.test.tsx > NativeTerminalPane compositor ownership lifecycle > does not publish a stale recovery error after replacement
[ferryx:switch] {
  runId: [32m'75786da2-88ec-400b-8f63-9a10bd8075df'[39m,
  sequence: [33m55[39m,
  event: [32m'terminal.surface.presentation.stale'[39m,
  wallTimeMs: [33m1791069298124[39m,
  details: {
    localSessionId: [90mundefined[39m,
    backendSessionId: [32m'owner-a'[39m,
    paneIdentity: [32m'frontend-owner-a'[39m,
    bindingKey: [32m'owner-a::0:'[39m,
    attemptGeneration: [33m0[39m,
    currentPaneIdentity: [32m'frontend-owner-a'[39m,
    currentBackendSessionId: [32m'owner-a'[39m,
    currentBindingKey: [32m'owner-a::0:'[39m
  }
}
[ferryx:switch] {
  runId: [32m'75786da2-88ec-400b-8f63-9a10bd8075df'[39m,
  sequence: [33m56[39m,
  event: [32m'terminal.surface.presented'[39m,
  wallTimeMs: [33m1791069298124[39m,
  details: {
    localSessionId: [90mundefined[39m,
    backendSessionId: [32m'owner-a'[39m,
    cursorCol: [33m2[39m,
    cursorRow: [33m3[39m,
    cellWidthPx: [33m10[39m,
    cellHeightPx: [33m20[39m
  }
}

stdout | src/components/NativeTerminalPane.lifecycle.test.tsx > NativeTerminalPane compositor ownership lifecycle > does not publish a stale recovery error after replacement
[ferryx:switch] {
  runId: [32m'75786da2-88ec-400b-8f63-9a10bd8075df'[39m,
  sequence: [33m57[39m,
  event: [32m'terminal.surface.input.accepted'[39m,
  wallTimeMs: [33m1791069298125[39m,
  details: {
    operationId: [32m'req-c11edb55-owner-a-7'[39m,
    backendSessionId: [32m'owner-a'[39m,
    paneIdentity: [1mnull[22m,
    bindingKey: [1mnull[22m,
    attemptGeneration: [1mnull[22m,
    daemonEpoch: [1mnull[22m,
    incarnation: [1mnull[22m,
    payloadBytes: [33m1[39m,
    queuedAt: [33m1791069298125[39m
  }
}
[ferryx:switch] {
  runId: [32m'75786da2-88ec-400b-8f63-9a10bd8075df'[39m,
  sequence: [33m58[39m,
  event: [32m'terminal.surface.input.dispatch'[39m,
  wallTimeMs: [33m1791069298125[39m,
  details: {
    operationId: [32m'req-c11edb55-owner-a-7'[39m,
    backendSessionId: [32m'owner-a'[39m,
    paneIdentity: [1mnull[22m,
    bindingKey: [1mnull[22m,
    attemptGeneration: [1mnull[22m,
    daemonEpoch: [1mnull[22m,
    incarnation: [1mnull[22m,
    dispatchedAt: [33m1791069298125[39m
  }
}

stdout | src/components/NativeTerminalPane.lifecycle.test.tsx > NativeTerminalPane compositor ownership lifecycle > does not publish a stale recovery error after replacement
[ferryx:switch] {
  runId: [32m'75786da2-88ec-400b-8f63-9a10bd8075df'[39m,
  sequence: [33m59[39m,
  event: [32m'terminal.surface.input.error.recovering'[39m,
  wallTimeMs: [33m1791069298125[39m,
  details: { backendSessionId: [32m'owner-a'[39m, error: [32m'[object Object]'[39m }
}

stdout | src/components/NativeTerminalPane.lifecycle.test.tsx > NativeTerminalPane compositor ownership lifecycle > does not publish a stale recovery error after replacement
[ferryx:switch] {
  runId: [32m'75786da2-88ec-400b-8f63-9a10bd8075df'[39m,
  sequence: [33m60[39m,
  event: [32m'terminal.surface.presentation.stale'[39m,
  wallTimeMs: [33m1791069298125[39m,
  details: {
    localSessionId: [90mundefined[39m,
    backendSessionId: [32m'owner-b'[39m,
    paneIdentity: [32m'frontend-owner-b'[39m,
    bindingKey: [32m'owner-b::0:'[39m,
    attemptGeneration: [33m0[39m,
    currentPaneIdentity: [32m'frontend-owner-b'[39m,
    currentBackendSessionId: [32m'owner-b'[39m,
    currentBindingKey: [32m'owner-b::0:'[39m
  }
}
[ferryx:switch] {
  runId: [32m'75786da2-88ec-400b-8f63-9a10bd8075df'[39m,
  sequence: [33m61[39m,
  event: [32m'terminal.surface.presented'[39m,
  wallTimeMs: [33m1791069298125[39m,
  details: {
    localSessionId: [90mundefined[39m,
    backendSessionId: [32m'owner-b'[39m,
    cursorCol: [33m2[39m,
    cursorRow: [33m3[39m,
    cellWidthPx: [33m10[39m,
    cellHeightPx: [33m20[39m
  }
}

stdout | src/components/NativeTerminalPane.lifecycle.test.tsx > NativeTerminalPane compositor ownership lifecycle > does not publish a stale retry receipt after replacement
[ferryx:switch] {
  runId: [32m'75786da2-88ec-400b-8f63-9a10bd8075df'[39m,
  sequence: [33m62[39m,
  event: [32m'terminal.surface.presentation.stale'[39m,
  wallTimeMs: [33m1791069298127[39m,
  details: {
    localSessionId: [90mundefined[39m,
    backendSessionId: [32m'owner-a'[39m,
    paneIdentity: [32m'frontend-owner-a'[39m,
    bindingKey: [32m'owner-a::0:'[39m,
    attemptGeneration: [33m0[39m,
    currentPaneIdentity: [32m'frontend-owner-a'[39m,
    currentBackendSessionId: [32m'owner-a'[39m,
    currentBindingKey: [32m'owner-a::0:'[39m
  }
}
[ferryx:switch] {
  runId: [32m'75786da2-88ec-400b-8f63-9a10bd8075df'[39m,
  sequence: [33m63[39m,
  event: [32m'terminal.surface.presented'[39m,
  wallTimeMs: [33m1791069298127[39m,
  details: {
    localSessionId: [90mundefined[39m,
    backendSessionId: [32m'owner-a'[39m,
    cursorCol: [33m2[39m,
    cursorRow: [33m3[39m,
    cellWidthPx: [33m10[39m,
    cellHeightPx: [33m20[39m
  }
}

stdout | src/components/NativeTerminalPane.lifecycle.test.tsx > NativeTerminalPane compositor ownership lifecycle > does not publish a stale retry receipt after replacement
[ferryx:switch] {
  runId: [32m'75786da2-88ec-400b-8f63-9a10bd8075df'[39m,
  sequence: [33m64[39m,
  event: [32m'terminal.surface.input.accepted'[39m,
  wallTimeMs: [33m1791069298127[39m,
  details: {
    operationId: [32m'req-c11edb55-owner-a-8'[39m,
    backendSessionId: [32m'owner-a'[39m,
    paneIdentity: [1mnull[22m,
    bindingKey: [1mnull[22m,
    attemptGeneration: [1mnull[22m,
    daemonEpoch: [1mnull[22m,
    incarnation: [1mnull[22m,
    payloadBytes: [33m1[39m,
    queuedAt: [33m1791069298127[39m
  }
}
[ferryx:switch] {
  runId: [32m'75786da2-88ec-400b-8f63-9a10bd8075df'[39m,
  sequence: [33m65[39m,
  event: [32m'terminal.surface.input.dispatch'[39m,
  wallTimeMs: [33m1791069298127[39m,
  details: {
    operationId: [32m'req-c11edb55-owner-a-8'[39m,
    backendSessionId: [32m'owner-a'[39m,
    paneIdentity: [1mnull[22m,
    bindingKey: [1mnull[22m,
    attemptGeneration: [1mnull[22m,
    daemonEpoch: [1mnull[22m,
    incarnation: [1mnull[22m,
    dispatchedAt: [33m1791069298127[39m
  }
}

stdout | src/components/NativeTerminalPane.lifecycle.test.tsx > NativeTerminalPane compositor ownership lifecycle > does not publish a stale retry receipt after replacement
[ferryx:switch] {
  runId: [32m'75786da2-88ec-400b-8f63-9a10bd8075df'[39m,
  sequence: [33m66[39m,
  event: [32m'terminal.surface.input.error.recovering'[39m,
  wallTimeMs: [33m1791069298127[39m,
  details: { backendSessionId: [32m'owner-a'[39m, error: [32m'[object Object]'[39m }
}

stdout | src/components/NativeTerminalPane.lifecycle.test.tsx > NativeTerminalPane compositor ownership lifecycle > does not publish a stale retry receipt after replacement
[ferryx:switch] {
  runId: [32m'75786da2-88ec-400b-8f63-9a10bd8075df'[39m,
  sequence: [33m67[39m,
  event: [32m'terminal.surface.input.accepted'[39m,
  wallTimeMs: [33m1791069298127[39m,
  details: {
    operationId: [32m'req-c11edb55-owner-a-9'[39m,
    backendSessionId: [32m'owner-a'[39m,
    paneIdentity: [1mnull[22m,
    bindingKey: [1mnull[22m,
    attemptGeneration: [1mnull[22m,
    daemonEpoch: [1mnull[22m,
    incarnation: [1mnull[22m,
    payloadBytes: [33m1[39m,
    queuedAt: [33m1791069298127[39m
  }
}
[ferryx:switch] {
  runId: [32m'75786da2-88ec-400b-8f63-9a10bd8075df'[39m,
  sequence: [33m68[39m,
  event: [32m'terminal.surface.input.dispatch'[39m,
  wallTimeMs: [33m1791069298127[39m,
  details: {
    operationId: [32m'req-c11edb55-owner-a-9'[39m,
    backendSessionId: [32m'owner-a'[39m,
    paneIdentity: [1mnull[22m,
    bindingKey: [1mnull[22m,
    attemptGeneration: [1mnull[22m,
    daemonEpoch: [1mnull[22m,
    incarnation: [1mnull[22m,
    dispatchedAt: [33m1791069298127[39m
  }
}

stdout | src/components/NativeTerminalPane.lifecycle.test.tsx > NativeTerminalPane compositor ownership lifecycle > does not publish a stale retry receipt after replacement
[ferryx:switch] {
  runId: [32m'75786da2-88ec-400b-8f63-9a10bd8075df'[39m,
  sequence: [33m69[39m,
  event: [32m'terminal.surface.presentation.stale'[39m,
  wallTimeMs: [33m1791069298128[39m,
  details: {
    localSessionId: [90mundefined[39m,
    backendSessionId: [32m'owner-b'[39m,
    paneIdentity: [32m'frontend-owner-b'[39m,
    bindingKey: [32m'owner-b::0:'[39m,
    attemptGeneration: [33m0[39m,
    currentPaneIdentity: [32m'frontend-owner-b'[39m,
    currentBackendSessionId: [32m'owner-b'[39m,
    currentBindingKey: [32m'owner-b::0:'[39m
  }
}
[ferryx:switch] {
  runId: [32m'75786da2-88ec-400b-8f63-9a10bd8075df'[39m,
  sequence: [33m70[39m,
  event: [32m'terminal.surface.presented'[39m,
  wallTimeMs: [33m1791069298128[39m,
  details: {
    localSessionId: [90mundefined[39m,
    backendSessionId: [32m'owner-b'[39m,
    cursorCol: [33m2[39m,
    cursorRow: [33m3[39m,
    cellWidthPx: [33m10[39m,
    cellHeightPx: [33m20[39m
  }
}

stdout | src/components/NativeTerminalPane.lifecycle.test.tsx > NativeTerminalPane compositor ownership lifecycle > does not publish a stale retry error after replacement
[ferryx:switch] {
  runId: [32m'75786da2-88ec-400b-8f63-9a10bd8075df'[39m,
  sequence: [33m71[39m,
  event: [32m'terminal.surface.presentation.stale'[39m,
  wallTimeMs: [33m1791069298129[39m,
  details: {
    localSessionId: [90mundefined[39m,
    backendSessionId: [32m'owner-a'[39m,
    paneIdentity: [32m'frontend-owner-a'[39m,
    bindingKey: [32m'owner-a::0:'[39m,
    attemptGeneration: [33m0[39m,
    currentPaneIdentity: [32m'frontend-owner-a'[39m,
    currentBackendSessionId: [32m'owner-a'[39m,
    currentBindingKey: [32m'owner-a::0:'[39m
  }
}
[ferryx:switch] {
  runId: [32m'75786da2-88ec-400b-8f63-9a10bd8075df'[39m,
  sequence: [33m72[39m,
  event: [32m'terminal.surface.presented'[39m,
  wallTimeMs: [33m1791069298129[39m,
  details: {
    localSessionId: [90mundefined[39m,
    backendSessionId: [32m'owner-a'[39m,
    cursorCol: [33m2[39m,
    cursorRow: [33m3[39m,
    cellWidthPx: [33m10[39m,
    cellHeightPx: [33m20[39m
  }
}

stdout | src/components/NativeTerminalPane.lifecycle.test.tsx > NativeTerminalPane compositor ownership lifecycle > does not publish a stale retry error after replacement
[ferryx:switch] {
  runId: [32m'75786da2-88ec-400b-8f63-9a10bd8075df'[39m,
  sequence: [33m73[39m,
  event: [32m'terminal.surface.input.accepted'[39m,
  wallTimeMs: [33m1791069298130[39m,
  details: {
    operationId: [32m'req-c11edb55-owner-a-10'[39m,
    backendSessionId: [32m'owner-a'[39m,
    paneIdentity: [1mnull[22m,
    bindingKey: [1mnull[22m,
    attemptGeneration: [1mnull[22m,
    daemonEpoch: [1mnull[22m,
    incarnation: [1mnull[22m,
    payloadBytes: [33m1[39m,
    queuedAt: [33m1791069298130[39m
  }
}
[ferryx:switch] {
  runId: [32m'75786da2-88ec-400b-8f63-9a10bd8075df'[39m,
  sequence: [33m74[39m,
  event: [32m'terminal.surface.input.dispatch'[39m,
  wallTimeMs: [33m1791069298130[39m,
  details: {
    operationId: [32m'req-c11edb55-owner-a-10'[39m,
    backendSessionId: [32m'owner-a'[39m,
    paneIdentity: [1mnull[22m,
    bindingKey: [1mnull[22m,
    attemptGeneration: [1mnull[22m,
    daemonEpoch: [1mnull[22m,
    incarnation: [1mnull[22m,
    dispatchedAt: [33m1791069298130[39m
  }
}

stdout | src/components/NativeTerminalPane.lifecycle.test.tsx > NativeTerminalPane compositor ownership lifecycle > does not publish a stale retry error after replacement
[ferryx:switch] {
  runId: [32m'75786da2-88ec-400b-8f63-9a10bd8075df'[39m,
  sequence: [33m75[39m,
  event: [32m'terminal.surface.input.error.recovering'[39m,
  wallTimeMs: [33m1791069298130[39m,
  details: { backendSessionId: [32m'owner-a'[39m, error: [32m'[object Object]'[39m }
}

stdout | src/components/NativeTerminalPane.lifecycle.test.tsx > NativeTerminalPane compositor ownership lifecycle > does not publish a stale retry error after replacement
[ferryx:switch] {
  runId: [32m'75786da2-88ec-400b-8f63-9a10bd8075df'[39m,
  sequence: [33m76[39m,
  event: [32m'terminal.surface.input.accepted'[39m,
  wallTimeMs: [33m1791069298130[39m,
  details: {
    operationId: [32m'req-c11edb55-owner-a-11'[39m,
    backendSessionId: [32m'owner-a'[39m,
    paneIdentity: [1mnull[22m,
    bindingKey: [1mnull[22m,
    attemptGeneration: [1mnull[22m,
    daemonEpoch: [1mnull[22m,
    incarnation: [1mnull[22m,
    payloadBytes: [33m1[39m,
    queuedAt: [33m1791069298130[39m
  }
}
[ferryx:switch] {
  runId: [32m'75786da2-88ec-400b-8f63-9a10bd8075df'[39m,
  sequence: [33m77[39m,
  event: [32m'terminal.surface.input.dispatch'[39m,
  wallTimeMs: [33m1791069298130[39m,
  details: {
    operationId: [32m'req-c11edb55-owner-a-11'[39m,
    backendSessionId: [32m'owner-a'[39m,
    paneIdentity: [1mnull[22m,
    bindingKey: [1mnull[22m,
    attemptGeneration: [1mnull[22m,
    daemonEpoch: [1mnull[22m,
    incarnation: [1mnull[22m,
    dispatchedAt: [33m1791069298130[39m
  }
}

stdout | src/components/NativeTerminalPane.lifecycle.test.tsx > NativeTerminalPane compositor ownership lifecycle > does not publish a stale retry error after replacement
[ferryx:switch] {
  runId: [32m'75786da2-88ec-400b-8f63-9a10bd8075df'[39m,
  sequence: [33m78[39m,
  event: [32m'terminal.surface.presentation.stale'[39m,
  wallTimeMs: [33m1791069298130[39m,
  details: {
    localSessionId: [90mundefined[39m,
    backendSessionId: [32m'owner-b'[39m,
    paneIdentity: [32m'frontend-owner-b'[39m,
    bindingKey: [32m'owner-b::0:'[39m,
    attemptGeneration: [33m0[39m,
    currentPaneIdentity: [32m'frontend-owner-b'[39m,
    currentBackendSessionId: [32m'owner-b'[39m,
    currentBindingKey: [32m'owner-b::0:'[39m
  }
}
[ferryx:switch] {
  runId: [32m'75786da2-88ec-400b-8f63-9a10bd8075df'[39m,
  sequence: [33m79[39m,
  event: [32m'terminal.surface.presented'[39m,
  wallTimeMs: [33m1791069298130[39m,
  details: {
    localSessionId: [90mundefined[39m,
    backendSessionId: [32m'owner-b'[39m,
    cursorCol: [33m2[39m,
    cursorRow: [33m3[39m,
    cellWidthPx: [33m10[39m,
    cellHeightPx: [33m20[39m
  }
}

stdout | src/components/NativeTerminalPane.lifecycle.test.tsx > NativeTerminalPane compositor ownership lifecycle > shares one recovery for concurrent inputs from a live owner
[ferryx:switch] {
  runId: [32m'75786da2-88ec-400b-8f63-9a10bd8075df'[39m,
  sequence: [33m80[39m,
  event: [32m'terminal.surface.presentation.stale'[39m,
  wallTimeMs: [33m1791069298132[39m,
  details: {
    localSessionId: [90mundefined[39m,
    backendSessionId: [32m'owner-a'[39m,
    paneIdentity: [32m'frontend-owner-a'[39m,
    bindingKey: [32m'owner-a::0:'[39m,
    attemptGeneration: [33m0[39m,
    currentPaneIdentity: [32m'frontend-owner-a'[39m,
    currentBackendSessionId: [32m'owner-a'[39m,
    currentBindingKey: [32m'owner-a::0:'[39m
  }
}
[ferryx:switch] {
  runId: [32m'75786da2-88ec-400b-8f63-9a10bd8075df'[39m,
  sequence: [33m81[39m,
  event: [32m'terminal.surface.presented'[39m,
  wallTimeMs: [33m1791069298132[39m,
  details: {
    localSessionId: [90mundefined[39m,
    backendSessionId: [32m'owner-a'[39m,
    cursorCol: [33m2[39m,
    cursorRow: [33m3[39m,
    cellWidthPx: [33m10[39m,
    cellHeightPx: [33m20[39m
  }
}

stdout | src/components/NativeTerminalPane.lifecycle.test.tsx > NativeTerminalPane compositor ownership lifecycle > shares one recovery for concurrent inputs from a live owner
[ferryx:switch] {
  runId: [32m'75786da2-88ec-400b-8f63-9a10bd8075df'[39m,
  sequence: [33m82[39m,
  event: [32m'terminal.surface.input.accepted'[39m,
  wallTimeMs: [33m1791069298132[39m,
  details: {
    operationId: [32m'req-c11edb55-owner-a-12'[39m,
    backendSessionId: [32m'owner-a'[39m,
    paneIdentity: [1mnull[22m,
    bindingKey: [1mnull[22m,
    attemptGeneration: [1mnull[22m,
    daemonEpoch: [1mnull[22m,
    incarnation: [1mnull[22m,
    payloadBytes: [33m1[39m,
    queuedAt: [33m1791069298132[39m
  }
}
[ferryx:switch] {
  runId: [32m'75786da2-88ec-400b-8f63-9a10bd8075df'[39m,
  sequence: [33m83[39m,
  event: [32m'terminal.surface.input.dispatch'[39m,
  wallTimeMs: [33m1791069298133[39m,
  details: {
    operationId: [32m'req-c11edb55-owner-a-12'[39m,
    backendSessionId: [32m'owner-a'[39m,
    paneIdentity: [1mnull[22m,
    bindingKey: [1mnull[22m,
    attemptGeneration: [1mnull[22m,
    daemonEpoch: [1mnull[22m,
    incarnation: [1mnull[22m,
    dispatchedAt: [33m1791069298133[39m
  }
}

stdout | src/components/NativeTerminalPane.lifecycle.test.tsx > NativeTerminalPane compositor ownership lifecycle > shares one recovery for concurrent inputs from a live owner
[ferryx:switch] {
  runId: [32m'75786da2-88ec-400b-8f63-9a10bd8075df'[39m,
  sequence: [33m84[39m,
  event: [32m'terminal.surface.input.accepted'[39m,
  wallTimeMs: [33m1791069298133[39m,
  details: {
    operationId: [32m'req-c11edb55-owner-a-13'[39m,
    backendSessionId: [32m'owner-a'[39m,
    paneIdentity: [1mnull[22m,
    bindingKey: [1mnull[22m,
    attemptGeneration: [1mnull[22m,
    daemonEpoch: [1mnull[22m,
    incarnation: [1mnull[22m,
    payloadBytes: [33m1[39m,
    queuedAt: [33m1791069298133[39m
  }
}

stdout | src/components/NativeTerminalPane.lifecycle.test.tsx > NativeTerminalPane compositor ownership lifecycle > shares one recovery for concurrent inputs from a live owner
[ferryx:switch] {
  runId: [32m'75786da2-88ec-400b-8f63-9a10bd8075df'[39m,
  sequence: [33m85[39m,
  event: [32m'terminal.surface.input.dispatch'[39m,
  wallTimeMs: [33m1791069298133[39m,
  details: {
    operationId: [32m'req-c11edb55-owner-a-13'[39m,
    backendSessionId: [32m'owner-a'[39m,
    paneIdentity: [1mnull[22m,
    bindingKey: [1mnull[22m,
    attemptGeneration: [1mnull[22m,
    daemonEpoch: [1mnull[22m,
    incarnation: [1mnull[22m,
    dispatchedAt: [33m1791069298133[39m
  }
}
[ferryx:switch] {
  runId: [32m'75786da2-88ec-400b-8f63-9a10bd8075df'[39m,
  sequence: [33m86[39m,
  event: [32m'terminal.surface.input.error.recovering'[39m,
  wallTimeMs: [33m1791069298133[39m,
  details: { backendSessionId: [32m'owner-a'[39m, error: [32m'[object Object]'[39m }
}

stdout | src/components/NativeTerminalPane.lifecycle.test.tsx > NativeTerminalPane compositor ownership lifecycle > shares one recovery for concurrent inputs from a live owner
[ferryx:switch] {
  runId: [32m'75786da2-88ec-400b-8f63-9a10bd8075df'[39m,
  sequence: [33m87[39m,
  event: [32m'terminal.surface.input.error.recovering'[39m,
  wallTimeMs: [33m1791069298133[39m,
  details: { backendSessionId: [32m'owner-a'[39m, error: [32m'[object Object]'[39m }
}

stdout | src/components/NativeTerminalPane.lifecycle.test.tsx > NativeTerminalPane compositor ownership lifecycle > shares one recovery for concurrent inputs from a live owner
[ferryx:switch] {
  runId: [32m'75786da2-88ec-400b-8f63-9a10bd8075df'[39m,
  sequence: [33m88[39m,
  event: [32m'terminal.surface.input.accepted'[39m,
  wallTimeMs: [33m1791069298133[39m,
  details: {
    operationId: [32m'req-c11edb55-owner-a-14'[39m,
    backendSessionId: [32m'owner-a'[39m,
    paneIdentity: [1mnull[22m,
    bindingKey: [1mnull[22m,
    attemptGeneration: [1mnull[22m,
    daemonEpoch: [1mnull[22m,
    incarnation: [1mnull[22m,
    payloadBytes: [33m1[39m,
    queuedAt: [33m1791069298133[39m
  }
}
[ferryx:switch] {
  runId: [32m'75786da2-88ec-400b-8f63-9a10bd8075df'[39m,
  sequence: [33m89[39m,
  event: [32m'terminal.surface.input.dispatch'[39m,
  wallTimeMs: [33m1791069298133[39m,
  details: {
    operationId: [32m'req-c11edb55-owner-a-14'[39m,
    backendSessionId: [32m'owner-a'[39m,
    paneIdentity: [1mnull[22m,
    bindingKey: [1mnull[22m,
    attemptGeneration: [1mnull[22m,
    daemonEpoch: [1mnull[22m,
    incarnation: [1mnull[22m,
    dispatchedAt: [33m1791069298133[39m
  }
}
[ferryx:switch] {
  runId: [32m'75786da2-88ec-400b-8f63-9a10bd8075df'[39m,
  sequence: [33m90[39m,
  event: [32m'terminal.surface.input.accepted'[39m,
  wallTimeMs: [33m1791069298133[39m,
  details: {
    operationId: [32m'req-c11edb55-owner-a-15'[39m,
    backendSessionId: [32m'owner-a'[39m,
    paneIdentity: [1mnull[22m,
    bindingKey: [1mnull[22m,
    attemptGeneration: [1mnull[22m,
    daemonEpoch: [1mnull[22m,
    incarnation: [1mnull[22m,
    payloadBytes: [33m1[39m,
    queuedAt: [33m1791069298133[39m
  }
}

stdout | src/components/NativeTerminalPane.lifecycle.test.tsx > NativeTerminalPane compositor ownership lifecycle > shares one recovery for concurrent inputs from a live owner
[ferryx:switch] {
  runId: [32m'75786da2-88ec-400b-8f63-9a10bd8075df'[39m,
  sequence: [33m91[39m,
  event: [32m'terminal.surface.input.dispatch'[39m,
  wallTimeMs: [33m1791069298133[39m,
  details: {
    operationId: [32m'req-c11edb55-owner-a-15'[39m,
    backendSessionId: [32m'owner-a'[39m,
    paneIdentity: [1mnull[22m,
    bindingKey: [1mnull[22m,
    attemptGeneration: [1mnull[22m,
    daemonEpoch: [1mnull[22m,
    incarnation: [1mnull[22m,
    dispatchedAt: [33m1791069298133[39m
  }
}
[ferryx:switch] {
  runId: [32m'75786da2-88ec-400b-8f63-9a10bd8075df'[39m,
  sequence: [33m92[39m,
  event: [32m'terminal.surface.input.sent'[39m,
  wallTimeMs: [33m1791069298133[39m,
  details: { backendSessionId: [32m'owner-a'[39m, hasKeyEvent: [33mfalse[39m, textLength: [33m1[39m }
}

stdout | src/components/NativeTerminalPane.lifecycle.test.tsx > NativeTerminalPane compositor ownership lifecycle > shares one recovery for concurrent inputs from a live owner
[ferryx:switch] {
  runId: [32m'75786da2-88ec-400b-8f63-9a10bd8075df'[39m,
  sequence: [33m93[39m,
  event: [32m'terminal.surface.input.sent'[39m,
  wallTimeMs: [33m1791069298133[39m,
  details: { backendSessionId: [32m'owner-a'[39m, hasKeyEvent: [33mfalse[39m, textLength: [33m1[39m }
}

stdout | src/components/NativeTerminalPane.lifecycle.test.tsx > NativeTerminalPane compositor ownership lifecycle > does not replay Ctrl+C when delivery is ambiguous: {}
[ferryx:switch] {
  runId: [32m'75786da2-88ec-400b-8f63-9a10bd8075df'[39m,
  sequence: [33m94[39m,
  event: [32m'terminal.surface.presentation.stale'[39m,
  wallTimeMs: [33m1791069298134[39m,
  details: {
    localSessionId: [90mundefined[39m,
    backendSessionId: [32m'accepted-input'[39m,
    paneIdentity: [32m'frontend-accepted-input'[39m,
    bindingKey: [32m'accepted-input::0:'[39m,
    attemptGeneration: [33m0[39m,
    currentPaneIdentity: [32m'frontend-accepted-input'[39m,
    currentBackendSessionId: [32m'accepted-input'[39m,
    currentBindingKey: [32m'accepted-input::0:'[39m
  }
}
[ferryx:switch] {
  runId: [32m'75786da2-88ec-400b-8f63-9a10bd8075df'[39m,
  sequence: [33m95[39m,
  event: [32m'terminal.surface.presented'[39m,
  wallTimeMs: [33m1791069298134[39m,
  details: {
    localSessionId: [90mundefined[39m,
    backendSessionId: [32m'accepted-input'[39m,
    cursorCol: [33m2[39m,
    cursorRow: [33m3[39m,
    cellWidthPx: [33m10[39m,
    cellHeightPx: [33m20[39m
  }
}

stdout | src/components/NativeTerminalPane.lifecycle.test.tsx > NativeTerminalPane compositor ownership lifecycle > does not replay Ctrl+C when delivery is ambiguous: {}
[ferryx:switch] {
  runId: [32m'75786da2-88ec-400b-8f63-9a10bd8075df'[39m,
  sequence: [33m96[39m,
  event: [32m'terminal.surface.input.accepted'[39m,
  wallTimeMs: [33m1791069298136[39m,
  details: {
    operationId: [32m'req-c11edb55-accepted-input-16'[39m,
    backendSessionId: [32m'accepted-input'[39m,
    paneIdentity: [1mnull[22m,
    bindingKey: [1mnull[22m,
    attemptGeneration: [1mnull[22m,
    daemonEpoch: [1mnull[22m,
    incarnation: [1mnull[22m,
    payloadBytes: [33m32[39m,
    queuedAt: [33m1791069298136[39m
  }
}
[ferryx:switch] {
  runId: [32m'75786da2-88ec-400b-8f63-9a10bd8075df'[39m,
  sequence: [33m97[39m,
  event: [32m'terminal.surface.input.dispatch'[39m,
  wallTimeMs: [33m1791069298136[39m,
  details: {
    operationId: [32m'req-c11edb55-accepted-input-16'[39m,
    backendSessionId: [32m'accepted-input'[39m,
    paneIdentity: [1mnull[22m,
    bindingKey: [1mnull[22m,
    attemptGeneration: [1mnull[22m,
    daemonEpoch: [1mnull[22m,
    incarnation: [1mnull[22m,
    dispatchedAt: [33m1791069298136[39m
  }
}

stderr | src/components/NativeTerminalPane.lifecycle.test.tsx > NativeTerminalPane compositor ownership lifecycle > does not replay Ctrl+C when delivery is ambiguous: {}
Native terminal IPC command failed {
  command: [32m'cmd_native_terminal_send_input'[39m,
  error: Error: Input receipt failed after delivery
      at [90m/Users/I552267/ferryx-pane-completion/source-5464da0d/ui/[39msrc/components/NativeTerminalPane.lifecycle.test.tsx:616:5
      at [90mfile:///Users/I552267/ferryx-pane-completion/source-5464da0d/ui/[39mnode_modules/[4m@vitest/runner[24m/dist/chunk-hooks.js:734:40
      at runWithSuite [90m(file:///Users/I552267/ferryx-pane-completion/source-5464da0d/ui/[39mnode_modules/[4m@vitest/runner[24m/dist/chunk-hooks.js:1849:8[90m)[39m
      at Object.collect [90m(file:///Users/I552267/ferryx-pane-completion/source-5464da0d/ui/[39mnode_modules/[4m@vitest/runner[24m/dist/chunk-hooks.js:734:10[90m)[39m
      at Object.collect [90m(file:///Users/I552267/ferryx-pane-completion/source-5464da0d/ui/[39mnode_modules/[4m@vitest/runner[24m/dist/chunk-hooks.js:738:54[90m)[39m
  [90m    at processTicksAndRejections (node:internal/process/task_queues:103:5)[39m
      at collectTests [90m(file:///Users/I552267/ferryx-pane-completion/source-5464da0d/ui/[39mnode_modules/[4m@vitest/runner[24m/dist/chunk-hooks.js:1179:25[90m)[39m
      at startTests [90m(file:///Users/I552267/ferryx-pane-completion/source-5464da0d/ui/[39mnode_modules/[4m@vitest/runner[24m/dist/chunk-hooks.js:1817:17[90m)[39m
      at [90mfile:///Users/I552267/ferryx-pane-completion/source-5464da0d/ui/[39mnode_modules/[4mvitest[24m/dist/chunks/runBaseTests.9Ij9_de-.js:117:26
      at withEnv [90m(file:///Users/I552267/ferryx-pane-completion/source-5464da0d/ui/[39mnode_modules/[4mvitest[24m/dist/chunks/runBaseTests.9Ij9_de-.js:84:3[90m)[39m
}

stdout | src/components/NativeTerminalPane.lifecycle.test.tsx > NativeTerminalPane compositor ownership lifecycle > does not replay Ctrl+C when delivery is ambiguous: {}
[ferryx:switch] {
  runId: [32m'75786da2-88ec-400b-8f63-9a10bd8075df'[39m,
  sequence: [33m98[39m,
  event: [32m'terminal.surface.input.failed'[39m,
  wallTimeMs: [33m1791069298136[39m,
  details: {
    backendSessionId: [32m'accepted-input'[39m,
    error: [32m'Error: Input receipt failed after delivery'[39m
  }
}

stdout | src/components/NativeTerminalPane.lifecycle.test.tsx > NativeTerminalPane compositor ownership lifecycle > does not replay Ctrl+C when delivery is ambiguous: {"code":"INTERNAL_ERROR","message":"Receipt unavailable"}
[ferryx:switch] {
  runId: [32m'75786da2-88ec-400b-8f63-9a10bd8075df'[39m,
  sequence: [33m99[39m,
  event: [32m'terminal.surface.presentation.stale'[39m,
  wallTimeMs: [33m1791069298141[39m,
  details: {
    localSessionId: [90mundefined[39m,
    backendSessionId: [32m'accepted-input'[39m,
    paneIdentity: [32m'frontend-accepted-input'[39m,
    bindingKey: [32m'accepted-input::0:'[39m,
    attemptGeneration: [33m0[39m,
    currentPaneIdentity: [32m'frontend-accepted-input'[39m,
    currentBackendSessionId: [32m'accepted-input'[39m,
    currentBindingKey: [32m'accepted-input::0:'[39m
  }
}
[ferryx:switch] {
  runId: [32m'75786da2-88ec-400b-8f63-9a10bd8075df'[39m,
  sequence: [33m100[39m,
  event: [32m'terminal.surface.presented'[39m,
  wallTimeMs: [33m1791069298141[39m,
  details: {
    localSessionId: [90mundefined[39m,
    backendSessionId: [32m'accepted-input'[39m,
    cursorCol: [33m2[39m,
    cursorRow: [33m3[39m,
    cellWidthPx: [33m10[39m,
    cellHeightPx: [33m20[39m
  }
}

stdout | src/components/NativeTerminalPane.lifecycle.test.tsx > NativeTerminalPane compositor ownership lifecycle > does not replay Ctrl+C when delivery is ambiguous: {"code":"INTERNAL_ERROR","message":"Receipt unavailable"}
[ferryx:switch] {
  runId: [32m'75786da2-88ec-400b-8f63-9a10bd8075df'[39m,
  sequence: [33m101[39m,
  event: [32m'terminal.surface.input.accepted'[39m,
  wallTimeMs: [33m1791069298142[39m,
  details: {
    operationId: [32m'req-c11edb55-accepted-input-17'[39m,
    backendSessionId: [32m'accepted-input'[39m,
    paneIdentity: [1mnull[22m,
    bindingKey: [1mnull[22m,
    attemptGeneration: [1mnull[22m,
    daemonEpoch: [1mnull[22m,
    incarnation: [1mnull[22m,
    payloadBytes: [33m32[39m,
    queuedAt: [33m1791069298142[39m
  }
}
[ferryx:switch] {
  runId: [32m'75786da2-88ec-400b-8f63-9a10bd8075df'[39m,
  sequence: [33m102[39m,
  event: [32m'terminal.surface.input.dispatch'[39m,
  wallTimeMs: [33m1791069298142[39m,
  details: {
    operationId: [32m'req-c11edb55-accepted-input-17'[39m,
    backendSessionId: [32m'accepted-input'[39m,
    paneIdentity: [1mnull[22m,
    bindingKey: [1mnull[22m,
    attemptGeneration: [1mnull[22m,
    daemonEpoch: [1mnull[22m,
    incarnation: [1mnull[22m,
    dispatchedAt: [33m1791069298142[39m
  }
}

stderr | src/components/NativeTerminalPane.lifecycle.test.tsx > NativeTerminalPane compositor ownership lifecycle > does not replay Ctrl+C when delivery is ambiguous: {"code":"INTERNAL_ERROR","message":"Receipt unavailable"}
Native terminal IPC command failed {
  command: [32m'cmd_native_terminal_send_input'[39m,
  error: { code: [32m'INTERNAL_ERROR'[39m, message: [32m'Receipt unavailable'[39m }
}

stdout | src/components/NativeTerminalPane.lifecycle.test.tsx > NativeTerminalPane compositor ownership lifecycle > does not replay Ctrl+C when delivery is ambiguous: {"code":"INTERNAL_ERROR","message":"Receipt unavailable"}
[ferryx:switch] {
  runId: [32m'75786da2-88ec-400b-8f63-9a10bd8075df'[39m,
  sequence: [33m103[39m,
  event: [32m'terminal.surface.input.failed'[39m,
  wallTimeMs: [33m1791069298142[39m,
  details: { backendSessionId: [32m'accepted-input'[39m, error: [32m'[object Object]'[39m }
}

stdout | src/components/NativeTerminalPane.lifecycle.test.tsx > NativeTerminalPane compositor ownership lifecycle > does not replay Ctrl+C when delivery is ambiguous: {"code":"PTY_IO_ERROR","message":"Write acknowledgement unavailable","details":{"inputWritten":true}}
[ferryx:switch] {
  runId: [32m'75786da2-88ec-400b-8f63-9a10bd8075df'[39m,
  sequence: [33m104[39m,
  event: [32m'terminal.surface.presentation.stale'[39m,
  wallTimeMs: [33m1791069298145[39m,
  details: {
    localSessionId: [90mundefined[39m,
    backendSessionId: [32m'accepted-input'[39m,
    paneIdentity: [32m'frontend-accepted-input'[39m,
    bindingKey: [32m'accepted-input::0:'[39m,
    attemptGeneration: [33m0[39m,
    currentPaneIdentity: [32m'frontend-accepted-input'[39m,
    currentBackendSessionId: [32m'accepted-input'[39m,
    currentBindingKey: [32m'accepted-input::0:'[39m
  }
}
[ferryx:switch] {
  runId: [32m'75786da2-88ec-400b-8f63-9a10bd8075df'[39m,
  sequence: [33m105[39m,
  event: [32m'terminal.surface.presented'[39m,
  wallTimeMs: [33m1791069298145[39m,
  details: {
    localSessionId: [90mundefined[39m,
    backendSessionId: [32m'accepted-input'[39m,
    cursorCol: [33m2[39m,
    cursorRow: [33m3[39m,
    cellWidthPx: [33m10[39m,
    cellHeightPx: [33m20[39m
  }
}

stdout | src/components/NativeTerminalPane.lifecycle.test.tsx > NativeTerminalPane compositor ownership lifecycle > does not replay Ctrl+C when delivery is ambiguous: {"code":"PTY_IO_ERROR","message":"Write acknowledgement unavailable","details":{"inputWritten":true}}
[ferryx:switch] {
  runId: [32m'75786da2-88ec-400b-8f63-9a10bd8075df'[39m,
  sequence: [33m106[39m,
  event: [32m'terminal.surface.input.accepted'[39m,
  wallTimeMs: [33m1791069298146[39m,
  details: {
    operationId: [32m'req-c11edb55-accepted-input-18'[39m,
    backendSessionId: [32m'accepted-input'[39m,
    paneIdentity: [1mnull[22m,
    bindingKey: [1mnull[22m,
    attemptGeneration: [1mnull[22m,
    daemonEpoch: [1mnull[22m,
    incarnation: [1mnull[22m,
    payloadBytes: [33m32[39m,
    queuedAt: [33m1791069298146[39m
  }
}
[ferryx:switch] {
  runId: [32m'75786da2-88ec-400b-8f63-9a10bd8075df'[39m,
  sequence: [33m107[39m,
  event: [32m'terminal.surface.input.dispatch'[39m,
  wallTimeMs: [33m1791069298146[39m,
  details: {
    operationId: [32m'req-c11edb55-accepted-input-18'[39m,
    backendSessionId: [32m'accepted-input'[39m,
    paneIdentity: [1mnull[22m,
    bindingKey: [1mnull[22m,
    attemptGeneration: [1mnull[22m,
    daemonEpoch: [1mnull[22m,
    incarnation: [1mnull[22m,
    dispatchedAt: [33m1791069298146[39m
  }
}

stdout | src/components/NativeTerminalPane.lifecycle.test.tsx > NativeTerminalPane compositor ownership lifecycle > retains the outgoing pane until a dropped frame is retried and presented
[ferryx:switch] {
  runId: [32m'75786da2-88ec-400b-8f63-9a10bd8075df'[39m,
  sequence: [33m108[39m,
  event: [32m'terminal.surface.presentation.stale'[39m,
  wallTimeMs: [33m1791069298147[39m,
  details: {
    localSessionId: [90mundefined[39m,
    backendSessionId: [32m'frame-outgoing'[39m,
    paneIdentity: [32m'frontend-frame-outgoing'[39m,
    bindingKey: [32m'frame-outgoing::0:'[39m,
    attemptGeneration: [33m0[39m,
    currentPaneIdentity: [32m'frontend-frame-outgoing'[39m,
    currentBackendSessionId: [32m'frame-outgoing'[39m,
    currentBindingKey: [32m'frame-outgoing::0:'[39m
  }
}
[ferryx:switch] {
  runId: [32m'75786da2-88ec-400b-8f63-9a10bd8075df'[39m,
  sequence: [33m109[39m,
  event: [32m'terminal.surface.presented'[39m,
  wallTimeMs: [33m1791069298147[39m,
  details: {
    localSessionId: [90mundefined[39m,
    backendSessionId: [32m'frame-outgoing'[39m,
    cursorCol: [33m0[39m,
    cursorRow: [33m0[39m,
    cellWidthPx: [33m10[39m,
    cellHeightPx: [33m20[39m
  }
}

stdout | src/components/NativeTerminalPane.lifecycle.test.tsx > NativeTerminalPane compositor ownership lifecycle > retains the outgoing pane until a dropped frame is retried and presented
[ferryx:switch] {
  runId: [32m'75786da2-88ec-400b-8f63-9a10bd8075df'[39m,
  sequence: [33m110[39m,
  event: [32m'terminal.surface.presentation.stale'[39m,
  wallTimeMs: [33m1791069298148[39m,
  details: {
    localSessionId: [90mundefined[39m,
    backendSessionId: [32m'frame-incoming'[39m,
    paneIdentity: [32m'frontend-frame-incoming'[39m,
    bindingKey: [32m'frame-incoming::0:'[39m,
    attemptGeneration: [33m0[39m,
    currentPaneIdentity: [32m'frontend-frame-incoming'[39m,
    currentBackendSessionId: [32m'frame-incoming'[39m,
    currentBindingKey: [32m'frame-incoming::0:'[39m
  }
}
[ferryx:switch] {
  runId: [32m'75786da2-88ec-400b-8f63-9a10bd8075df'[39m,
  sequence: [33m111[39m,
  event: [32m'terminal.surface.presented'[39m,
  wallTimeMs: [33m1791069298148[39m,
  details: {
    localSessionId: [90mundefined[39m,
    backendSessionId: [32m'frame-incoming'[39m,
    cursorCol: [33m0[39m,
    cursorRow: [33m0[39m,
    cellWidthPx: [33m10[39m,
    cellHeightPx: [33m20[39m
  }
}

 ✓ src/components/NativeTerminalPane.lifecycle.test.tsx (36 tests) 1149ms
 ✓ src/components/settings/RemoteSection.test.tsx (27 tests) 576ms
 ✓ src/components/TerminalSplitView.test.tsx (34 tests) 311ms
 ✓ src/components/settings/SshSection.test.tsx (31 tests) 590ms
 ✓ src/remote/browserProtocol.test.ts (59 tests) 12ms
 ✓ src/remote/RemoteBrowser.mobile.test.tsx (13 tests) 545ms
 ✓ src/remote/accountSession.test.ts (27 tests) 18ms
 ✓ src/components/Sidebar.test.tsx (39 tests) 591ms
stderr | src/remote/RemoteAppWorktreeRestore.test.tsx > RemoteApp Account Worktree Follow-ups: Sign-out and Worktree Reload Restore > Item A: explicit Sign out in the host drawer calls logoutAccountSession and clears storage even if network fetch rejects
Account session logout request failed NetworkError when attempting to fetch resource.

 ✓ src/remote/RemoteAppWorktreeRestore.test.tsx (15 tests) 383ms
stderr | src/remote/RemoteApp.accountSession.test.tsx > RemoteApp - Account Session Phone Flow > renders top context selector with empty initial body after login, then opens terminal pane on selecting worktree
Cannot connect terminal: daemonEpoch is missing for session term-sess-77

stderr | src/remote/RemoteApp.accountSession.test.tsx > RemoteApp - Account Session Phone Flow > does not prematurely mount old terminal when chosen target is wsB while host state remains wsA
Cannot connect terminal: daemonEpoch is missing for session sess-new-wsB

stderr | src/remote/RemoteApp.accountSession.test.tsx > RemoteApp - Account Session Phone Flow > does not prematurely mount old terminal when chosen target is wsB while host state remains wsA
Cannot connect terminal: daemonEpoch is missing for session sess-new-wsB

stderr | src/remote/RemoteApp.accountSession.test.tsx > RemoteApp - Account Session Phone Flow > confirms the selection when the desktop event lands while the post-select state read is in flight
Cannot connect terminal: daemonEpoch is missing for session sess-new-wsB

 ✓ src/remote/RemoteApp.accountSession.test.tsx (5 tests) 194ms
stderr | src/state/workspaceRestore.test.tsx > workspaceRestore coordinator > preloads mixed local and paired layouts while the local daemon is unavailable
Remote restore deferred daemon reconciliation: Error: offline
    at [90m/Users/I552267/ferryx-pane-completion/source-5464da0d/ui/[39msrc/state/workspaceRestore.test.tsx:92:101
    at Module.preloadWorkspaceSnapshots [90m(/Users/I552267/ferryx-pane-completion/source-5464da0d/ui/[39msrc/state/workspaceRestore.ts:172:32[90m)[39m
[90m    at processTicksAndRejections (node:internal/process/task_queues:103:5)[39m
    at [90m/Users/I552267/ferryx-pane-completion/source-5464da0d/ui/[39msrc/state/workspaceRestore.test.tsx:92:5
    at [90mfile:///Users/I552267/ferryx-pane-completion/source-5464da0d/ui/[39mnode_modules/[4m@vitest/runner[24m/dist/chunk-hooks.js:752:20

 ❯ src/state/workspaceRestore.test.tsx (20 tests | 3 failed) 41ms
   ✓ workspaceRestore coordinator > preloads mixed local and paired layouts while the local daemon is unavailable 8ms
   ✓ workspaceRestore coordinator > preserves newer HMR state and does not restore stale preloaded snapshot when recoveredFromHmr is true 6ms
   ✓ workspaceRestore coordinator > preloads every persisted workspace snapshot before project switching 3ms
   ✓ workspaceRestore coordinator > exposes preloaded tabs on the first render of a project switch 4ms
   ✓ workspaceRestore coordinator > transitions from idle -> loading -> restored on successful disk restore 2ms
   ✓ workspaceRestore coordinator > does not start restore when enabled is false, and runs restore when enabled becomes true 1ms
   ✓ workspaceRestore coordinator > safely cancels in-flight restore on StrictMode unmount and allows second mount to complete 2ms
   ✓ workspaceRestore coordinator > marks workspace as restored immediately on HMR recovery without disk read when no HMR state is registered 1ms
   × workspaceRestore coordinator > reconciles stale session to null backendId on HMR recovery when live daemon session list is empty 6ms
     → expected { id: 'sess-stale', …(17) } to match object { id: 'sess-stale', …(2) }
(15 matching properties omitted from actual)
   ✓ workspaceRestore coordinator > preserves live backendId on HMR recovery when daemon session remains live 1ms
   ✓ workspaceRestore coordinator > restores again after the workspace was switched away and back 1ms
   ✓ workspaceRestore coordinator > isolates restore status per workspace 0ms
   ✓ workspaceRestore coordinator > transitions to failed status if loadSession throws an unhandled error 1ms
   ✓ workspaceRestore coordinator > propagates daemon list failure instead of treating it as an empty live-session set 0ms
   ✓ workspaceRestore coordinator > restores SSH pane identity while the daemon list is temporarily unavailable 1ms
   ✓ workspaceRestore coordinator > keeps persisted backend mappings untouched and fails restore when daemon listing fails 0ms
   ✓ workspaceRestore coordinator > reconciles sessions with daemon epoch and backend ID matching from live session query 0ms
   × workspaceRestore coordinator > marks session as exited without auto-respawn when daemon epoch has changed 1ms
     → expected { id: 'sess-1', …(17) } to match object { id: 'sess-1', …(4) }
(13 matching properties omitted from actual)
   ✓ workspaceRestore coordinator > preserves live backend session identity, agent metadata, and tab ownership without calling spawnTerminal 1ms
   × workspaceRestore coordinator > under Active Only policy, puts non-active tab missing sessions into standby while leaving active tab session eager 1ms
     → expected 'backend-1' to be null
 ✓ src/components/SettingsDialog.test.tsx (28 tests) 1796ms
 ✓ src/remote/attachTunnel.test.ts (13 tests) 211ms
 ✓ src/lib/notificationCoordinator.test.ts (51 tests) 13ms
 ✓ src/lib/shortcuts.test.tsx (84 tests) 187ms
 ❯ src/lib/tauri.test.ts (41 tests | 3 failed) 18ms
   ✓ describeRejection > serializes structured rejection objects as JSON 1ms
   ✓ describeRejection > formats Error rejections as name and message 0ms
   ✓ describeRejection > falls back to String for circular and undefined reasons 0ms
   ✓ Tauri IPC wrapper contract > routes remote status, retry and generation-fenced control without remapping arguments 1ms
   ✓ Tauri IPC wrapper contract > gets the native initial project without a request 0ms
   ✓ Tauri IPC wrapper contract > registers projects and lists real local branches through typed native DTOs 0ms
   ✓ Tauri IPC wrapper contract > fetches the native effective Ghostty terminal preferences 0ms
   × Tauri IPC wrapper contract > spawns terminals with caller-stable clientRequestId, workspace/worktree identity, and an optional cwd slot 6ms
     → expected "spy" to be called with arguments: [ 'cmd_terminal_spawn', …(1) ][90m

Received: 

[1m  1st spy call:

[22m[33m@@ -1,12 +1,15 @@[90m
[2m  [[22m
[2m    "cmd_terminal_spawn",[22m
[2m    {[22m
[2m      "request": {[22m
[2m        "clientRequestId": "spawn-logical-action-1",[22m
[31m+       "createOnly": null,[90m
[2m        "cwd": null,[22m
[2m        "inheritFromSessionId": null,[22m
[31m+       "preparedLocalSplit": null,[90m
[31m+       "remainingMs": null,[90m
[2m        "shell": null,[22m
[2m        "startup": null,[22m
[2m        "workspaceId": "workspace-main",[22m
[2m        "worktree": {[22m
[2m          "slug": "main",[22m
[39m[90m

Number of calls: [1m1[22m
[39m
   × Tauri IPC wrapper contract > spawns terminals with custom shell override 1ms
     → expected "spy" to be called with arguments: [ 'cmd_terminal_spawn', …(1) ][90m

Received: 

[1m  1st spy call:

[22m[33m@@ -1,12 +1,15 @@[90m
[2m  [[22m
[2m    "cmd_terminal_spawn",[22m
[2m    {[22m
[2m      "request": {[22m
[2m        "clientRequestId": null,[22m
[31m+       "createOnly": null,[90m
[2m        "cwd": null,[22m
[2m        "inheritFromSessionId": null,[22m
[31m+       "preparedLocalSplit": null,[90m
[31m+       "remainingMs": null,[90m
[2m        "shell": "pwsh",[22m
[2m        "startup": null,[22m
[2m        "workspaceId": "workspace-main",[22m
[2m        "worktree": null,[22m
[2m      },[22m
[39m[90m

Number of calls: [1m1[22m
[39m
   × Tauri IPC wrapper contract > preserves typed agent-resume startup and binding metadata 1ms
     → expected "spy" to be called with arguments: [ 'cmd_terminal_spawn', …(1) ][90m

Received: 

[1m  1st spy call:

[22m[33m@@ -1,12 +1,15 @@[90m
[2m  [[22m
[2m    "cmd_terminal_spawn",[22m
[2m    {[22m
[2m      "request": {[22m
[2m        "clientRequestId": "resume-request-1",[22m
[31m+       "createOnly": null,[90m
[2m        "cwd": null,[22m
[2m        "inheritFromSessionId": null,[22m
[31m+       "preparedLocalSplit": null,[90m
[31m+       "remainingMs": null,[90m
[2m        "shell": null,[22m
[2m        "startup": {[22m
[2m          "agentType": "claude",[22m
[2m          "kind": "agentResume",[22m
[2m          "providerSession": {[22m
[39m[90m

Number of calls: [1m1[22m
[39m
   ✓ Tauri IPC wrapper contract > strips non-serializable values from the spawn request instead of failing IPC 0ms
   ✓ Tauri IPC wrapper contract > sends worktree create DTOs in camelCase 0ms
   ✓ Tauri IPC wrapper contract > lists worktrees through a registered workspace identity 0ms
   ✓ Tauri IPC wrapper contract > wraps worktree status, preview, safe delete, and destructive delete commands 0ms
   ✓ Tauri IPC wrapper contract > wraps worktree disk scan commands and progress listener 0ms
   ✓ Tauri IPC wrapper contract > wraps terminal signal and terminal session listing 0ms
   ✓ Tauri IPC wrapper contract > bridges the native Cmd+T menu event into the frontend callback 3ms
   ✓ Tauri IPC wrapper contract > bridges the native Cmd+W menu event into the frontend callback 0ms
   ✓ Tauri IPC wrapper contract > bridges the native copy or interrupt event into the frontend callback 0ms
   ✓ Tauri IPC wrapper contract > normalizes rejected command invocations at the wrapper boundary 0ms
   ✓ Tauri IPC wrapper contract > preserves structured errors and does not parse message strings 0ms
   ✓ Tauri IPC wrapper contract > attaches to a terminal session with typed protocol-v2 DTO and optional resume sequence 0ms
   ✓ Tauri IPC wrapper contract > handles non-tauri runtime fallback for attachTerminal 0ms
   ✓ Tauri IPC wrapper contract > publishes focused terminal payload to native IPC 0ms
   ✓ Tauri IPC wrapper contract > publishes focused terminal with optional activityState and agentType on terminal tabs 0ms
   ✓ Tauri IPC wrapper contract > propagates publishFocusedTerminal rejection instead of swallowing errors 0ms
   ✓ Tauri IPC wrapper contract > listens for remote selection requests and triggers callback 0ms
   ✓ Tauri IPC wrapper contract > listens for native terminal scrollbar updates 0ms
   ✓ Tauri IPC wrapper contract > invokes backend command to set native terminal scrollbar overlay visibility 0ms
   ✓ Tauri IPC wrapper contract > invokes backend command to set native terminal attention frame 0ms
   ✓ Tauri IPC wrapper contract > reports DOM overlay input ownership to the host once per transition 0ms
   ✓ Tauri IPC wrapper contract > re-sends DOM overlay input ownership the host never acknowledged 0ms
   ✓ Tauri IPC wrapper contract > invokes backend command to scroll native terminal viewport 0ms
   ✓ Tauri IPC wrapper contract > sets native app badge count with normalized integer payload 0ms
   ✓ Tauri IPC wrapper contract > normalizes boundary badge counts safely within u32 bounds 0ms
   ✓ Tauri IPC wrapper contract > handles non-tauri fallback for setBadgeCount 0ms
   ✓ probeNotificationDelivery > names the argument the Rust command actually binds, so a test notification is really sent 0ms
   ✓ probeNotificationDelivery > forwards explicit silent delivery without replacing it with system sound 0ms
   ✓ dispatchNotification > binds payload under 'request' parameter expected by Rust cmd_notification_dispatch 0ms
   ✓ account enrollment API > invokes cmd_account_enrollment_status and returns status 0ms
   ✓ account enrollment API > invokes cmd_account_enroll_this_machine with origin and code 0ms
 ✓ src/components/dag/DagPaneBadge.test.tsx (32 tests) 116ms
 ✓ src/remote/remoteAppChatFrames.test.tsx (13 tests) 555ms
 ✓ src/lib/onboarding.test.ts (52 tests) 6ms
stderr | src/App.remote.test.tsx > App SSH project lifecycle > reattaches remote sessions after native startup without replacement and preserves their target and identity in the next save
Error: Uncaught [Error: [vitest] No "subscribeUpdateStatus" export is defined on the "./lib/updater" mock. Did you forget to return it from "vi.mock"?
If you need to partially mock a module, you can use "importOriginal" helper inside:
]
    at reportException (/Users/I552267/ferryx-pane-completion/source-5464da0d/ui/node_modules/jsdom/lib/jsdom/living/helpers/runtime-script-errors.js:66:24)
    at innerInvokeEventListeners (/Users/I552267/ferryx-pane-completion/source-5464da0d/ui/node_modules/jsdom/lib/jsdom/living/events/EventTarget-impl.js:353:9)
    at invokeEventListeners (/Users/I552267/ferryx-pane-completion/source-5464da0d/ui/node_modules/jsdom/lib/jsdom/living/events/EventTarget-impl.js:286:3)
    at HTMLUnknownElementImpl._dispatch (/Users/I552267/ferryx-pane-completion/source-5464da0d/ui/node_modules/jsdom/lib/jsdom/living/events/EventTarget-impl.js:233:9)
    at HTMLUnknownElementImpl.dispatchEvent (/Users/I552267/ferryx-pane-completion/source-5464da0d/ui/node_modules/jsdom/lib/jsdom/living/events/EventTarget-impl.js:104:17)
    at HTMLUnknownElement.dispatchEvent (/Users/I552267/ferryx-pane-completion/source-5464da0d/ui/node_modules/jsdom/lib/jsdom/living/generated/EventTarget.js:241:34)
    at HTMLUnknownElement.EventTarget.dispatchEvent (/Users/I552267/ferryx-pane-completion/source-5464da0d/ui/src/test/setup.ts:119:26)
    at Object.invokeGuardedCallbackDev (/Users/I552267/ferryx-pane-completion/source-5464da0d/ui/node_modules/react-dom/cjs/react-dom.development.js:4213:16)
    at invokeGuardedCallback (/Users/I552267/ferryx-pane-completion/source-5464da0d/ui/node_modules/react-dom/cjs/react-dom.development.js:4277:31)
    at reportUncaughtErrorInDEV (/Users/I552267/ferryx-pane-completion/source-5464da0d/ui/node_modules/react-dom/cjs/react-dom.development.js:22877:5) Error: [vitest] No "subscribeUpdateStatus" export is defined on the "./lib/updater" mock. Did you forget to return it from "vi.mock"?
If you need to partially mock a module, you can use "importOriginal" helper inside:

    at VitestMocker.createError [90m(file:///Users/I552267/ferryx-pane-completion/source-5464da0d/ui/[39mnode_modules/[4mvitest[24m/dist/chunks/execute.B7h3T_Hc.js:284:17[90m)[39m
    at Object.get [90m(file:///Users/I552267/ferryx-pane-completion/source-5464da0d/ui/[39mnode_modules/[4mvitest[24m/dist/chunks/execute.B7h3T_Hc.js:330:16[90m)[39m
    at startWhatsNewRecorder [90m(/Users/I552267/ferryx-pane-completion/source-5464da0d/ui/[39msrc/lib/whatsNew.ts:65:10[90m)[39m
    at [90m/Users/I552267/ferryx-pane-completion/source-5464da0d/ui/[39msrc/App.tsx:2553:12
    at commitHookEffectListMount [90m(/Users/I552267/ferryx-pane-completion/source-5464da0d/ui/[39mnode_modules/[4mreact-dom[24m/cjs/react-dom.development.js:23189:26[90m)[39m
    at commitPassiveMountOnFiber [90m(/Users/I552267/ferryx-pane-completion/source-5464da0d/ui/[39mnode_modules/[4mreact-dom[24m/cjs/react-dom.development.js:24970:11[90m)[39m
    at commitPassiveMountEffects_complete [90m(/Users/I552267/ferryx-pane-completion/source-5464da0d/ui/[39mnode_modules/[4mreact-dom[24m/cjs/react-dom.development.js:24930:9[90m)[39m
    at commitPassiveMountEffects_begin [90m(/Users/I552267/ferryx-pane-completion/source-5464da0d/ui/[39mnode_modules/[4mreact-dom[24m/cjs/react-dom.development.js:24917:7[90m)[39m
    at commitPassiveMountEffects [90m(/Users/I552267/ferryx-pane-completion/source-5464da0d/ui/[39mnode_modules/[4mreact-dom[24m/cjs/react-dom.development.js:24905:3[90m)[39m
    at flushPassiveEffectsImpl [90m(/Users/I552267/ferryx-pane-completion/source-5464da0d/ui/[39mnode_modules/[4mreact-dom[24m/cjs/react-dom.development.js:27078:3[90m)[39m {
  codeFrame: [32m'vi\x1B[33m.\x1B[39m\x1B[34mmock\x1B[39m(\x1B[35mimport\x1B[39m(\x1B[32m"./lib/updater"\x1B[39m)\x1B[33m,\x1B[39m \x1B[35masync\x1B[39m (importOriginal) \x1B[33m=>\x1B[39m {\n'[39m +
    [32m'  \x1B[35mconst\x1B[39m actual \x1B[33m=\x1B[39m \x1B[35mawait\x1B[39m \x1B[34mimportOriginal\x1B[39m()\n'[39m +
    [32m'  \x1B[35mreturn\x1B[39m {\n'[39m +
    [32m'    \x1B[33m...\x1B[39mactual\x1B[33m,\x1B[39m\n'[39m +
    [32m'    \x1B[90m// your mocked methods\x1B[39m\n'[39m +
    [32m'  }\n'[39m +
    [32m'})'[39m
}
The above error occurred in the <WorkspaceApp> component:

    at WorkspaceApp (/Users/I552267/ferryx-pane-completion/source-5464da0d/ui/src/App.tsx:547:3)
    at App (/Users/I552267/ferryx-pane-completion/source-5464da0d/ui/src/App.tsx:329:56)

Consider adding an error boundary to your tree to customize error handling behavior.
Visit https://reactjs.org/link/error-boundaries to learn more about error boundaries.

 ❯ src/App.remote.test.tsx (20 tests | 1 failed) 715ms
   ✓ App SSH project lifecycle > shows progress throughout registration, restore, and first SSH tab creation 145ms
   ✓ App SSH project lifecycle > shows progress for manual first-tab creation and allows retry after failure 40ms
   ✓ App SSH project lifecycle > replaces registration failure with progress on explicit retry 32ms
   ✓ App SSH project lifecycle > does not leak a late SSH failure into the selected local workspace 35ms
   ✓ App SSH project lifecycle > focuses the existing SSH terminal addressed by its backend identity 38ms
   ✓ App SSH project lifecycle > loads a stored remote target without registering its path locally 25ms
   ✓ App SSH project lifecycle > returns from a local project to the requested existing SSH session 47ms
   ✓ App SSH project lifecycle > opens the registered SSH project from remote without a preexisting terminal 22ms
   ✓ App SSH project lifecycle > opens an SSH folder inside a parent Git repository without selecting the local project 44ms
   ✓ App SSH project lifecycle > handles the chooser's registered remote project through actual App registration 46ms
   ✓ App SSH project lifecycle > routes the chooser Settings CTA to SSH machines, not inbound Remote Access 21ms
   ✓ App SSH project lifecycle > adopts the server's canonical host-qualified ID and path before new tabs and splits 46ms
   ✓ App SSH project lifecycle > selects inactive remote roots by workspace identity even when a local root has the same path 64ms
   ✓ App SSH project lifecycle > leaves a rejected host unavailable instead of spawning locally 35ms
   ✓ App SSH project lifecycle > ignores remote registration that resolves after switching to a local project 27ms
   ✓ App SSH project lifecycle > rejects malformed stored targets without converting them to local: {"kind":"ssh"} 8ms
   ✓ App SSH project lifecycle > rejects malformed stored targets without converting them to local: {"kind":"ssh","hostId":""} 7ms
   ✓ App SSH project lifecycle > rejects malformed stored targets without converting them to local: null 9ms
   ✓ App SSH project lifecycle > rejects malformed stored targets without converting them to local: {"kind":"unknown"} 7ms
   × App SSH project lifecycle > reattaches remote sessions after native startup without replacement and preserves their target and identity in the next save 16ms
     → [vitest] No "subscribeUpdateStatus" export is defined on the "./lib/updater" mock. Did you forget to return it from "vi.mock"?
If you need to partially mock a module, you can use "importOriginal" helper inside:

 ✓ src/remote/agentConversation.test.ts (30 tests) 8ms
 ✓ src/components/WorktreeList.test.tsx (26 tests) 116ms
 ✓ src/lib/pairedHostInventory.test.ts (34 tests) 18ms
 ✓ src/lib/nativeTerminalAttachPolicy.test.ts (51 tests) 5ms
 ✓ src/state/workspaceActivity.test.tsx (16 tests) 25ms
 ✓ src/remote/RemoteAttention.test.tsx (16 tests) 265ms
 ✓ src/components/TabBar.test.tsx (23 tests) 137ms
stderr | src/state/workspaceNativeActivity.test.tsx > workspace store native activity subscription > ignores native focus events for sessions parked in a non-active worktree layout
Error: Uncaught [Error: [vitest] No "spawnTerminalSplitOperation" export is defined on the "../lib/tauri" mock. Did you forget to return it from "vi.mock"?
If you need to partially mock a module, you can use "importOriginal" helper inside:
]
    at reportException (/Users/I552267/ferryx-pane-completion/source-5464da0d/ui/node_modules/jsdom/lib/jsdom/living/helpers/runtime-script-errors.js:66:24)
    at innerInvokeEventListeners (/Users/I552267/ferryx-pane-completion/source-5464da0d/ui/node_modules/jsdom/lib/jsdom/living/events/EventTarget-impl.js:353:9)
    at invokeEventListeners (/Users/I552267/ferryx-pane-completion/source-5464da0d/ui/node_modules/jsdom/lib/jsdom/living/events/EventTarget-impl.js:286:3)
    at HTMLUnknownElementImpl._dispatch (/Users/I552267/ferryx-pane-completion/source-5464da0d/ui/node_modules/jsdom/lib/jsdom/living/events/EventTarget-impl.js:233:9)
    at HTMLUnknownElementImpl.dispatchEvent (/Users/I552267/ferryx-pane-completion/source-5464da0d/ui/node_modules/jsdom/lib/jsdom/living/events/EventTarget-impl.js:104:17)
    at HTMLUnknownElement.dispatchEvent (/Users/I552267/ferryx-pane-completion/source-5464da0d/ui/node_modules/jsdom/lib/jsdom/living/generated/EventTarget.js:241:34)
    at HTMLUnknownElement.EventTarget.dispatchEvent (/Users/I552267/ferryx-pane-completion/source-5464da0d/ui/src/test/setup.ts:119:26)
    at Object.invokeGuardedCallbackDev (/Users/I552267/ferryx-pane-completion/source-5464da0d/ui/node_modules/react-dom/cjs/react-dom.development.js:4213:16)
    at invokeGuardedCallback (/Users/I552267/ferryx-pane-completion/source-5464da0d/ui/node_modules/react-dom/cjs/react-dom.development.js:4277:31)
    at reportUncaughtErrorInDEV (/Users/I552267/ferryx-pane-completion/source-5464da0d/ui/node_modules/react-dom/cjs/react-dom.development.js:22877:5) Error: [vitest] No "spawnTerminalSplitOperation" export is defined on the "../lib/tauri" mock. Did you forget to return it from "vi.mock"?
If you need to partially mock a module, you can use "importOriginal" helper inside:

    at VitestMocker.createError [90m(file:///Users/I552267/ferryx-pane-completion/source-5464da0d/ui/[39mnode_modules/[4mvitest[24m/dist/chunks/execute.B7h3T_Hc.js:284:17[90m)[39m
    at Object.get [90m(file:///Users/I552267/ferryx-pane-completion/source-5464da0d/ui/[39mnode_modules/[4mvitest[24m/dist/chunks/execute.B7h3T_Hc.js:330:16[90m)[39m
    at [90m/Users/I552267/ferryx-pane-completion/source-5464da0d/ui/[39msrc/state/workspaceStore.ts:784:58
    at [90m/Users/I552267/ferryx-pane-completion/source-5464da0d/ui/[39msrc/state/workspaceStore.ts:809:26
    at commitHookEffectListMount [90m(/Users/I552267/ferryx-pane-completion/source-5464da0d/ui/[39mnode_modules/[4mreact-dom[24m/cjs/react-dom.development.js:23189:26[90m)[39m
    at commitPassiveMountOnFiber [90m(/Users/I552267/ferryx-pane-completion/source-5464da0d/ui/[39mnode_modules/[4mreact-dom[24m/cjs/react-dom.development.js:24970:11[90m)[39m
    at commitPassiveMountEffects_complete [90m(/Users/I552267/ferryx-pane-completion/source-5464da0d/ui/[39mnode_modules/[4mreact-dom[24m/cjs/react-dom.development.js:24930:9[90m)[39m
    at commitPassiveMountEffects_begin [90m(/Users/I552267/ferryx-pane-completion/source-5464da0d/ui/[39mnode_modules/[4mreact-dom[24m/cjs/react-dom.development.js:24917:7[90m)[39m
    at commitPassiveMountEffects [90m(/Users/I552267/ferryx-pane-completion/source-5464da0d/ui/[39mnode_modules/[4mreact-dom[24m/cjs/react-dom.development.js:24905:3[90m)[39m
    at flushPassiveEffectsImpl [90m(/Users/I552267/ferryx-pane-completion/source-5464da0d/ui/[39mnode_modules/[4mreact-dom[24m/cjs/react-dom.development.js:27078:3[90m)[39m {
  codeFrame: [32m'vi\x1B[33m.\x1B[39m\x1B[34mmock\x1B[39m(\x1B[35mimport\x1B[39m(\x1B[32m"../lib/tauri"\x1B[39m)\x1B[33m,\x1B[39m \x1B[35masync\x1B[39m (importOriginal) \x1B[33m=>\x1B[39m {\n'[39m +
    [32m'  \x1B[35mconst\x1B[39m actual \x1B[33m=\x1B[39m \x1B[35mawait\x1B[39m \x1B[34mimportOriginal\x1B[39m()\n'[39m +
    [32m'  \x1B[35mreturn\x1B[39m {\n'[39m +
    [32m'    \x1B[33m...\x1B[39mactual\x1B[33m,\x1B[39m\n'[39m +
    [32m'    \x1B[90m// your mocked methods\x1B[39m\n'[39m +
    [32m'  }\n'[39m +
    [32m'})'[39m
}
The above error occurred in the <TestComponent> component:

    at TestComponent (/Users/I552267/ferryx-pane-completion/source-5464da0d/ui/node_modules/@testing-library/react/dist/pure.js:337:5)

Consider adding an error boundary to your tree to customize error handling behavior.
Visit https://reactjs.org/link/error-boundaries to learn more about error boundaries.

 ❯ src/state/workspaceNativeActivity.test.tsx (14 tests | 3 failed) 66ms
   ✓ workspace store native activity subscription > keeps active-pane completion unread while the whole window is unfocused 11ms
   ✓ workspace store native activity subscription > restores mounted agent snapshots quietly, then reports the next live completion once 7ms
   ✓ workspace store native activity subscription > clears stale unread completion edges when a mounted idle snapshot is replayed 2ms
   ✓ workspace store native activity subscription > restores an initial blocked snapshot as already-seen attention 2ms
   ✓ workspace store native activity subscription > restores parked snapshots quietly and preserves the next live notification edge 2ms
   ✓ workspace store native activity subscription > routes parked project edges and bells immediately without replay on project switch 2ms
   ✓ workspace store native activity subscription > turns a native title event addressed by BACKEND session id into tab activity 5ms
   ✓ workspace store native activity subscription > ignores a native title event for a backend session no local session owns 2ms
   ✓ workspace store native activity subscription > delivers a native bell to subscribers with the LOCAL session id and its tab id 3ms
   ✓ workspace store native activity subscription > marks a finished session's activity as seen when native focus event is emitted for its backend session 3ms
   ✓ workspace store native activity subscription > preserves independent terminal bell unread when quiet snapshot arrives 1ms
   × workspace store native activity subscription > syncs store focus to clicked pane when native focus event is emitted for its backend session 10ms
     → [vitest] No "spawnTerminalSplitOperation" export is defined on the "../lib/tauri" mock. Did you forget to return it from "vi.mock"?
If you need to partially mock a module, you can use "importOriginal" helper inside:

   × workspace store native activity subscription > ignores native focus events for sessions parked in a non-active worktree layout 8ms
     → [vitest] No "spawnTerminalSplitOperation" export is defined on the "../lib/tauri" mock. Did you forget to return it from "vi.mock"?
If you need to partially mock a module, you can use "importOriginal" helper inside:

   × workspace store native activity subscription > dispatches ferryx:session-interacted with activeSessionId upon ACTIVATE_TAB, FOCUS_PANE, and SELECT_WORKTREE 6ms
     → [vitest] No "spawnTerminalSplitOperation" export is defined on the "../lib/tauri" mock. Did you forget to return it from "vi.mock"?
If you need to partially mock a module, you can use "importOriginal" helper inside:

 ✓ src/state/layout.test.ts (27 tests) 9ms
 ✓ src/state/workspaceStore.sshSpawnOwnership.test.tsx (7 tests) 25ms
 ✓ src/lib/agentSessionDiscovery.test.ts (35 tests) 6ms
 ✓ src/lib/agentResume.test.ts (38 tests) 6ms
 ✓ src/components/TerminalPane.test.tsx (27 tests) 132ms
stdout | src/lib/nativeTerminalInputQueue.test.ts > NativeTerminalInputQueueManager > executes tasks strictly in FIFO order per session without concurrent overlap
[ferryx:switch] {
  runId: [32m'7ebbd947-70ab-47e0-89eb-1f00e06df2b9'[39m,
  sequence: [33m1[39m,
  event: [32m'terminal.surface.input.accepted'[39m,
  wallTimeMs: [33m1791069349817[39m,
  details: {
    operationId: [32m'req-dfa120e4-session-1-1'[39m,
    backendSessionId: [32m'session-1'[39m,
    paneIdentity: [1mnull[22m,
    bindingKey: [1mnull[22m,
    attemptGeneration: [33m1[39m,
    daemonEpoch: [1mnull[22m,
    incarnation: [1mnull[22m,
    payloadBytes: [33m10[39m,
    queuedAt: [33m1791069349817[39m
  }
}
[ferryx:switch] {
  runId: [32m'7ebbd947-70ab-47e0-89eb-1f00e06df2b9'[39m,
  sequence: [33m2[39m,
  event: [32m'terminal.surface.input.dispatch'[39m,
  wallTimeMs: [33m1791069349817[39m,
  details: {
    operationId: [32m'req-dfa120e4-session-1-1'[39m,
    backendSessionId: [32m'session-1'[39m,
    paneIdentity: [1mnull[22m,
    bindingKey: [1mnull[22m,
    attemptGeneration: [33m1[39m,
    daemonEpoch: [1mnull[22m,
    incarnation: [1mnull[22m,
    dispatchedAt: [33m1791069349817[39m
  }
}
[ferryx:switch] {
  runId: [32m'7ebbd947-70ab-47e0-89eb-1f00e06df2b9'[39m,
  sequence: [33m3[39m,
  event: [32m'terminal.surface.input.accepted'[39m,
  wallTimeMs: [33m1791069349817[39m,
  details: {
    operationId: [32m'req-dfa120e4-session-1-2'[39m,
    backendSessionId: [32m'session-1'[39m,
    paneIdentity: [1mnull[22m,
    bindingKey: [1mnull[22m,
    attemptGeneration: [33m1[39m,
    daemonEpoch: [1mnull[22m,
    incarnation: [1mnull[22m,
    payloadBytes: [33m10[39m,
    queuedAt: [33m1791069349817[39m
  }
}
[ferryx:switch] {
  runId: [32m'7ebbd947-70ab-47e0-89eb-1f00e06df2b9'[39m,
  sequence: [33m4[39m,
  event: [32m'terminal.surface.input.accepted'[39m,
  wallTimeMs: [33m1791069349818[39m,
  details: {
    operationId: [32m'req-dfa120e4-session-1-3'[39m,
    backendSessionId: [32m'session-1'[39m,
    paneIdentity: [1mnull[22m,
    bindingKey: [1mnull[22m,
    attemptGeneration: [33m1[39m,
    daemonEpoch: [1mnull[22m,
    incarnation: [1mnull[22m,
    payloadBytes: [33m10[39m,
    queuedAt: [33m1791069349818[39m
  }
}

stdout | src/lib/nativeTerminalInputQueue.test.ts > NativeTerminalInputQueueManager > executes tasks strictly in FIFO order per session without concurrent overlap
[ferryx:switch] {
  runId: [32m'7ebbd947-70ab-47e0-89eb-1f00e06df2b9'[39m,
  sequence: [33m5[39m,
  event: [32m'terminal.surface.input.dispatch'[39m,
  wallTimeMs: [33m1791069349818[39m,
  details: {
    operationId: [32m'req-dfa120e4-session-1-2'[39m,
    backendSessionId: [32m'session-1'[39m,
    paneIdentity: [1mnull[22m,
    bindingKey: [1mnull[22m,
    attemptGeneration: [33m1[39m,
    daemonEpoch: [1mnull[22m,
    incarnation: [1mnull[22m,
    dispatchedAt: [33m1791069349818[39m
  }
}

stdout | src/lib/nativeTerminalInputQueue.test.ts > NativeTerminalInputQueueManager > executes tasks strictly in FIFO order per session without concurrent overlap
[ferryx:switch] {
  runId: [32m'7ebbd947-70ab-47e0-89eb-1f00e06df2b9'[39m,
  sequence: [33m6[39m,
  event: [32m'terminal.surface.input.dispatch'[39m,
  wallTimeMs: [33m1791069349818[39m,
  details: {
    operationId: [32m'req-dfa120e4-session-1-3'[39m,
    backendSessionId: [32m'session-1'[39m,
    paneIdentity: [1mnull[22m,
    bindingKey: [1mnull[22m,
    attemptGeneration: [33m1[39m,
    daemonEpoch: [1mnull[22m,
    incarnation: [1mnull[22m,
    dispatchedAt: [33m1791069349818[39m
  }
}

stdout | src/lib/nativeTerminalInputQueue.test.ts > NativeTerminalInputQueueManager > isolates queues across different sessions without head-of-line blocking
[ferryx:switch] {
  runId: [32m'7ebbd947-70ab-47e0-89eb-1f00e06df2b9'[39m,
  sequence: [33m7[39m,
  event: [32m'terminal.surface.input.accepted'[39m,
  wallTimeMs: [33m1791069349819[39m,
  details: {
    operationId: [32m'req-dfa120e4-session-1-1'[39m,
    backendSessionId: [32m'session-1'[39m,
    paneIdentity: [1mnull[22m,
    bindingKey: [1mnull[22m,
    attemptGeneration: [33m1[39m,
    daemonEpoch: [1mnull[22m,
    incarnation: [1mnull[22m,
    payloadBytes: [33m10[39m,
    queuedAt: [33m1791069349819[39m
  }
}
[ferryx:switch] {
  runId: [32m'7ebbd947-70ab-47e0-89eb-1f00e06df2b9'[39m,
  sequence: [33m8[39m,
  event: [32m'terminal.surface.input.dispatch'[39m,
  wallTimeMs: [33m1791069349819[39m,
  details: {
    operationId: [32m'req-dfa120e4-session-1-1'[39m,
    backendSessionId: [32m'session-1'[39m,
    paneIdentity: [1mnull[22m,
    bindingKey: [1mnull[22m,
    attemptGeneration: [33m1[39m,
    daemonEpoch: [1mnull[22m,
    incarnation: [1mnull[22m,
    dispatchedAt: [33m1791069349819[39m
  }
}
[ferryx:switch] {
  runId: [32m'7ebbd947-70ab-47e0-89eb-1f00e06df2b9'[39m,
  sequence: [33m9[39m,
  event: [32m'terminal.surface.input.accepted'[39m,
  wallTimeMs: [33m1791069349819[39m,
  details: {
    operationId: [32m'req-dfa120e4-session-2-2'[39m,
    backendSessionId: [32m'session-2'[39m,
    paneIdentity: [1mnull[22m,
    bindingKey: [1mnull[22m,
    attemptGeneration: [33m1[39m,
    daemonEpoch: [1mnull[22m,
    incarnation: [1mnull[22m,
    payloadBytes: [33m10[39m,
    queuedAt: [33m1791069349819[39m
  }
}
[ferryx:switch] {
  runId: [32m'7ebbd947-70ab-47e0-89eb-1f00e06df2b9'[39m,
  sequence: [33m10[39m,
  event: [32m'terminal.surface.input.dispatch'[39m,
  wallTimeMs: [33m1791069349819[39m,
  details: {
    operationId: [32m'req-dfa120e4-session-2-2'[39m,
    backendSessionId: [32m'session-2'[39m,
    paneIdentity: [1mnull[22m,
    bindingKey: [1mnull[22m,
    attemptGeneration: [33m1[39m,
    daemonEpoch: [1mnull[22m,
    incarnation: [1mnull[22m,
    dispatchedAt: [33m1791069349819[39m
  }
}

stdout | src/lib/nativeTerminalInputQueue.test.ts > NativeTerminalInputQueueManager > enforces byte-bounded queue limit and explicitly rejects with overflow error
[ferryx:switch] {
  runId: [32m'7ebbd947-70ab-47e0-89eb-1f00e06df2b9'[39m,
  sequence: [33m11[39m,
  event: [32m'terminal.surface.input.accepted'[39m,
  wallTimeMs: [33m1791069349820[39m,
  details: {
    operationId: [32m'req-dfa120e4-session-1-1'[39m,
    backendSessionId: [32m'session-1'[39m,
    paneIdentity: [1mnull[22m,
    bindingKey: [1mnull[22m,
    attemptGeneration: [33m1[39m,
    daemonEpoch: [1mnull[22m,
    incarnation: [1mnull[22m,
    payloadBytes: [33m600[39m,
    queuedAt: [33m1791069349820[39m
  }
}
[ferryx:switch] {
  runId: [32m'7ebbd947-70ab-47e0-89eb-1f00e06df2b9'[39m,
  sequence: [33m12[39m,
  event: [32m'terminal.surface.input.dispatch'[39m,
  wallTimeMs: [33m1791069349820[39m,
  details: {
    operationId: [32m'req-dfa120e4-session-1-1'[39m,
    backendSessionId: [32m'session-1'[39m,
    paneIdentity: [1mnull[22m,
    bindingKey: [1mnull[22m,
    attemptGeneration: [33m1[39m,
    daemonEpoch: [1mnull[22m,
    incarnation: [1mnull[22m,
    dispatchedAt: [33m1791069349820[39m
  }
}
[ferryx:switch] {
  runId: [32m'7ebbd947-70ab-47e0-89eb-1f00e06df2b9'[39m,
  sequence: [33m13[39m,
  event: [32m'terminal.surface.input.accepted'[39m,
  wallTimeMs: [33m1791069349820[39m,
  details: {
    operationId: [32m'req-dfa120e4-session-1-2'[39m,
    backendSessionId: [32m'session-1'[39m,
    paneIdentity: [1mnull[22m,
    bindingKey: [1mnull[22m,
    attemptGeneration: [33m1[39m,
    daemonEpoch: [1mnull[22m,
    incarnation: [1mnull[22m,
    payloadBytes: [33m400[39m,
    queuedAt: [33m1791069349820[39m
  }
}

stdout | src/lib/nativeTerminalInputQueue.test.ts > NativeTerminalInputQueueManager > enforces byte-bounded queue limit and explicitly rejects with overflow error
[ferryx:switch] {
  runId: [32m'7ebbd947-70ab-47e0-89eb-1f00e06df2b9'[39m,
  sequence: [33m14[39m,
  event: [32m'terminal.surface.input.dispatch'[39m,
  wallTimeMs: [33m1791069349820[39m,
  details: {
    operationId: [32m'req-dfa120e4-session-1-2'[39m,
    backendSessionId: [32m'session-1'[39m,
    paneIdentity: [1mnull[22m,
    bindingKey: [1mnull[22m,
    attemptGeneration: [33m1[39m,
    daemonEpoch: [1mnull[22m,
    incarnation: [1mnull[22m,
    dispatchedAt: [33m1791069349820[39m
  }
}

stdout | src/lib/nativeTerminalInputQueue.test.ts > NativeTerminalInputQueueManager > enforces byte-bounded queue limit and explicitly rejects with overflow error
[ferryx:switch] {
  runId: [32m'7ebbd947-70ab-47e0-89eb-1f00e06df2b9'[39m,
  sequence: [33m15[39m,
  event: [32m'terminal.surface.input.accepted'[39m,
  wallTimeMs: [33m1791069349820[39m,
  details: {
    operationId: [32m'req-dfa120e4-session-1-3'[39m,
    backendSessionId: [32m'session-1'[39m,
    paneIdentity: [1mnull[22m,
    bindingKey: [1mnull[22m,
    attemptGeneration: [33m1[39m,
    daemonEpoch: [1mnull[22m,
    incarnation: [1mnull[22m,
    payloadBytes: [33m200[39m,
    queuedAt: [33m1791069349820[39m
  }
}
[ferryx:switch] {
  runId: [32m'7ebbd947-70ab-47e0-89eb-1f00e06df2b9'[39m,
  sequence: [33m16[39m,
  event: [32m'terminal.surface.input.dispatch'[39m,
  wallTimeMs: [33m1791069349820[39m,
  details: {
    operationId: [32m'req-dfa120e4-session-1-3'[39m,
    backendSessionId: [32m'session-1'[39m,
    paneIdentity: [1mnull[22m,
    bindingKey: [1mnull[22m,
    attemptGeneration: [33m1[39m,
    daemonEpoch: [1mnull[22m,
    incarnation: [1mnull[22m,
    dispatchedAt: [33m1791069349820[39m
  }
}

stdout | src/lib/nativeTerminalInputQueue.test.ts > NativeTerminalInputQueueManager > enforces entry-bounded queue limit and rejects when entries exceed maxQueueEntries
[ferryx:switch] {
  runId: [32m'7ebbd947-70ab-47e0-89eb-1f00e06df2b9'[39m,
  sequence: [33m17[39m,
  event: [32m'terminal.surface.input.accepted'[39m,
  wallTimeMs: [33m1791069349820[39m,
  details: {
    operationId: [32m'req-dfa120e4-session-1-1'[39m,
    backendSessionId: [32m'session-1'[39m,
    paneIdentity: [1mnull[22m,
    bindingKey: [1mnull[22m,
    attemptGeneration: [33m1[39m,
    daemonEpoch: [1mnull[22m,
    incarnation: [1mnull[22m,
    payloadBytes: [33m10[39m,
    queuedAt: [33m1791069349820[39m
  }
}
[ferryx:switch] {
  runId: [32m'7ebbd947-70ab-47e0-89eb-1f00e06df2b9'[39m,
  sequence: [33m18[39m,
  event: [32m'terminal.surface.input.dispatch'[39m,
  wallTimeMs: [33m1791069349820[39m,
  details: {
    operationId: [32m'req-dfa120e4-session-1-1'[39m,
    backendSessionId: [32m'session-1'[39m,
    paneIdentity: [1mnull[22m,
    bindingKey: [1mnull[22m,
    attemptGeneration: [33m1[39m,
    daemonEpoch: [1mnull[22m,
    incarnation: [1mnull[22m,
    dispatchedAt: [33m1791069349820[39m
  }
}
[ferryx:switch] {
  runId: [32m'7ebbd947-70ab-47e0-89eb-1f00e06df2b9'[39m,
  sequence: [33m19[39m,
  event: [32m'terminal.surface.input.accepted'[39m,
  wallTimeMs: [33m1791069349821[39m,
  details: {
    operationId: [32m'req-dfa120e4-session-1-2'[39m,
    backendSessionId: [32m'session-1'[39m,
    paneIdentity: [1mnull[22m,
    bindingKey: [1mnull[22m,
    attemptGeneration: [33m1[39m,
    daemonEpoch: [1mnull[22m,
    incarnation: [1mnull[22m,
    payloadBytes: [33m10[39m,
    queuedAt: [33m1791069349821[39m
  }
}
[ferryx:switch] {
  runId: [32m'7ebbd947-70ab-47e0-89eb-1f00e06df2b9'[39m,
  sequence: [33m20[39m,
  event: [32m'terminal.surface.input.accepted'[39m,
  wallTimeMs: [33m1791069349821[39m,
  details: {
    operationId: [32m'req-dfa120e4-session-1-3'[39m,
    backendSessionId: [32m'session-1'[39m,
    paneIdentity: [1mnull[22m,
    bindingKey: [1mnull[22m,
    attemptGeneration: [33m1[39m,
    daemonEpoch: [1mnull[22m,
    incarnation: [1mnull[22m,
    payloadBytes: [33m10[39m,
    queuedAt: [33m1791069349821[39m
  }
}
[ferryx:switch] {
  runId: [32m'7ebbd947-70ab-47e0-89eb-1f00e06df2b9'[39m,
  sequence: [33m21[39m,
  event: [32m'terminal.surface.input.accepted'[39m,
  wallTimeMs: [33m1791069349821[39m,
  details: {
    operationId: [32m'req-dfa120e4-session-1-4'[39m,
    backendSessionId: [32m'session-1'[39m,
    paneIdentity: [1mnull[22m,
    bindingKey: [1mnull[22m,
    attemptGeneration: [33m1[39m,
    daemonEpoch: [1mnull[22m,
    incarnation: [1mnull[22m,
    payloadBytes: [33m10[39m,
    queuedAt: [33m1791069349821[39m
  }
}

stdout | src/lib/nativeTerminalInputQueue.test.ts > NativeTerminalInputQueueManager > enforces entry-bounded queue limit and rejects when entries exceed maxQueueEntries
[ferryx:switch] {
  runId: [32m'7ebbd947-70ab-47e0-89eb-1f00e06df2b9'[39m,
  sequence: [33m22[39m,
  event: [32m'terminal.surface.input.dispatch'[39m,
  wallTimeMs: [33m1791069349821[39m,
  details: {
    operationId: [32m'req-dfa120e4-session-1-2'[39m,
    backendSessionId: [32m'session-1'[39m,
    paneIdentity: [1mnull[22m,
    bindingKey: [1mnull[22m,
    attemptGeneration: [33m1[39m,
    daemonEpoch: [1mnull[22m,
    incarnation: [1mnull[22m,
    dispatchedAt: [33m1791069349821[39m
  }
}

stdout | src/lib/nativeTerminalInputQueue.test.ts > NativeTerminalInputQueueManager > enforces entry-bounded queue limit and rejects when entries exceed maxQueueEntries
[ferryx:switch] {
  runId: [32m'7ebbd947-70ab-47e0-89eb-1f00e06df2b9'[39m,
  sequence: [33m23[39m,
  event: [32m'terminal.surface.input.dispatch'[39m,
  wallTimeMs: [33m1791069349821[39m,
  details: {
    operationId: [32m'req-dfa120e4-session-1-3'[39m,
    backendSessionId: [32m'session-1'[39m,
    paneIdentity: [1mnull[22m,
    bindingKey: [1mnull[22m,
    attemptGeneration: [33m1[39m,
    daemonEpoch: [1mnull[22m,
    incarnation: [1mnull[22m,
    dispatchedAt: [33m1791069349821[39m
  }
}

stdout | src/lib/nativeTerminalInputQueue.test.ts > NativeTerminalInputQueueManager > enforces entry-bounded queue limit and rejects when entries exceed maxQueueEntries
[ferryx:switch] {
  runId: [32m'7ebbd947-70ab-47e0-89eb-1f00e06df2b9'[39m,
  sequence: [33m24[39m,
  event: [32m'terminal.surface.input.dispatch'[39m,
  wallTimeMs: [33m1791069349821[39m,
  details: {
    operationId: [32m'req-dfa120e4-session-1-4'[39m,
    backendSessionId: [32m'session-1'[39m,
    paneIdentity: [1mnull[22m,
    bindingKey: [1mnull[22m,
    attemptGeneration: [33m1[39m,
    daemonEpoch: [1mnull[22m,
    incarnation: [1mnull[22m,
    dispatchedAt: [33m1791069349821[39m
  }
}

stdout | src/lib/nativeTerminalInputQueue.test.ts > NativeTerminalInputQueueManager > preserves original structured error object unchanged without stringifying
[ferryx:switch] {
  runId: [32m'7ebbd947-70ab-47e0-89eb-1f00e06df2b9'[39m,
  sequence: [33m25[39m,
  event: [32m'terminal.surface.input.accepted'[39m,
  wallTimeMs: [33m1791069349821[39m,
  details: {
    operationId: [32m'req-dfa120e4-session-1-1'[39m,
    backendSessionId: [32m'session-1'[39m,
    paneIdentity: [1mnull[22m,
    bindingKey: [1mnull[22m,
    attemptGeneration: [33m1[39m,
    daemonEpoch: [1mnull[22m,
    incarnation: [1mnull[22m,
    payloadBytes: [33m10[39m,
    queuedAt: [33m1791069349821[39m
  }
}
[ferryx:switch] {
  runId: [32m'7ebbd947-70ab-47e0-89eb-1f00e06df2b9'[39m,
  sequence: [33m26[39m,
  event: [32m'terminal.surface.input.dispatch'[39m,
  wallTimeMs: [33m1791069349821[39m,
  details: {
    operationId: [32m'req-dfa120e4-session-1-1'[39m,
    backendSessionId: [32m'session-1'[39m,
    paneIdentity: [1mnull[22m,
    bindingKey: [1mnull[22m,
    attemptGeneration: [33m1[39m,
    daemonEpoch: [1mnull[22m,
    incarnation: [1mnull[22m,
    dispatchedAt: [33m1791069349821[39m
  }
}

stdout | src/lib/nativeTerminalInputQueue.test.ts > NativeTerminalInputQueueManager > explicitly rejects queued old-generation operations when generation advances
[ferryx:switch] {
  runId: [32m'7ebbd947-70ab-47e0-89eb-1f00e06df2b9'[39m,
  sequence: [33m27[39m,
  event: [32m'terminal.surface.input.accepted'[39m,
  wallTimeMs: [33m1791069349821[39m,
  details: {
    operationId: [32m'req-dfa120e4-session-1-1'[39m,
    backendSessionId: [32m'session-1'[39m,
    paneIdentity: [1mnull[22m,
    bindingKey: [1mnull[22m,
    attemptGeneration: [33m1[39m,
    daemonEpoch: [1mnull[22m,
    incarnation: [1mnull[22m,
    payloadBytes: [33m10[39m,
    queuedAt: [33m1791069349821[39m
  }
}
[ferryx:switch] {
  runId: [32m'7ebbd947-70ab-47e0-89eb-1f00e06df2b9'[39m,
  sequence: [33m28[39m,
  event: [32m'terminal.surface.input.dispatch'[39m,
  wallTimeMs: [33m1791069349821[39m,
  details: {
    operationId: [32m'req-dfa120e4-session-1-1'[39m,
    backendSessionId: [32m'session-1'[39m,
    paneIdentity: [1mnull[22m,
    bindingKey: [1mnull[22m,
    attemptGeneration: [33m1[39m,
    daemonEpoch: [1mnull[22m,
    incarnation: [1mnull[22m,
    dispatchedAt: [33m1791069349821[39m
  }
}
[ferryx:switch] {
  runId: [32m'7ebbd947-70ab-47e0-89eb-1f00e06df2b9'[39m,
  sequence: [33m29[39m,
  event: [32m'terminal.surface.input.accepted'[39m,
  wallTimeMs: [33m1791069349821[39m,
  details: {
    operationId: [32m'req-dfa120e4-session-1-2'[39m,
    backendSessionId: [32m'session-1'[39m,
    paneIdentity: [1mnull[22m,
    bindingKey: [1mnull[22m,
    attemptGeneration: [33m1[39m,
    daemonEpoch: [1mnull[22m,
    incarnation: [1mnull[22m,
    payloadBytes: [33m10[39m,
    queuedAt: [33m1791069349821[39m
  }
}

stdout | src/lib/nativeTerminalInputQueue.test.ts > NativeTerminalInputQueueManager > clearing a session cancels pending admissions without corrupting in-flight completion accounting
[ferryx:switch] {
  runId: [32m'7ebbd947-70ab-47e0-89eb-1f00e06df2b9'[39m,
  sequence: [33m30[39m,
  event: [32m'terminal.surface.input.accepted'[39m,
  wallTimeMs: [33m1791069349822[39m,
  details: {
    operationId: [32m'req-dfa120e4-session-1-1'[39m,
    backendSessionId: [32m'session-1'[39m,
    paneIdentity: [1mnull[22m,
    bindingKey: [1mnull[22m,
    attemptGeneration: [33m1[39m,
    daemonEpoch: [1mnull[22m,
    incarnation: [1mnull[22m,
    payloadBytes: [33m10[39m,
    queuedAt: [33m1791069349822[39m
  }
}
[ferryx:switch] {
  runId: [32m'7ebbd947-70ab-47e0-89eb-1f00e06df2b9'[39m,
  sequence: [33m31[39m,
  event: [32m'terminal.surface.input.dispatch'[39m,
  wallTimeMs: [33m1791069349822[39m,
  details: {
    operationId: [32m'req-dfa120e4-session-1-1'[39m,
    backendSessionId: [32m'session-1'[39m,
    paneIdentity: [1mnull[22m,
    bindingKey: [1mnull[22m,
    attemptGeneration: [33m1[39m,
    daemonEpoch: [1mnull[22m,
    incarnation: [1mnull[22m,
    dispatchedAt: [33m1791069349822[39m
  }
}
[ferryx:switch] {
  runId: [32m'7ebbd947-70ab-47e0-89eb-1f00e06df2b9'[39m,
  sequence: [33m32[39m,
  event: [32m'terminal.surface.input.accepted'[39m,
  wallTimeMs: [33m1791069349822[39m,
  details: {
    operationId: [32m'req-dfa120e4-session-1-2'[39m,
    backendSessionId: [32m'session-1'[39m,
    paneIdentity: [1mnull[22m,
    bindingKey: [1mnull[22m,
    attemptGeneration: [33m1[39m,
    daemonEpoch: [1mnull[22m,
    incarnation: [1mnull[22m,
    payloadBytes: [33m20[39m,
    queuedAt: [33m1791069349822[39m
  }
}

stdout | src/lib/nativeTerminalInputQueue.test.ts > NativeTerminalInputQueueManager > delivers a preedit update enqueued while input send is in flight strictly after that input
[ferryx:switch] {
  runId: [32m'7ebbd947-70ab-47e0-89eb-1f00e06df2b9'[39m,
  sequence: [33m33[39m,
  event: [32m'terminal.surface.input.accepted'[39m,
  wallTimeMs: [33m1791069349822[39m,
  details: {
    operationId: [32m'req-dfa120e4-session-1-1'[39m,
    backendSessionId: [32m'session-1'[39m,
    paneIdentity: [1mnull[22m,
    bindingKey: [1mnull[22m,
    attemptGeneration: [33m1[39m,
    daemonEpoch: [1mnull[22m,
    incarnation: [1mnull[22m,
    payloadBytes: [33m10[39m,
    queuedAt: [33m1791069349822[39m
  }
}
[ferryx:switch] {
  runId: [32m'7ebbd947-70ab-47e0-89eb-1f00e06df2b9'[39m,
  sequence: [33m34[39m,
  event: [32m'terminal.surface.input.dispatch'[39m,
  wallTimeMs: [33m1791069349822[39m,
  details: {
    operationId: [32m'req-dfa120e4-session-1-1'[39m,
    backendSessionId: [32m'session-1'[39m,
    paneIdentity: [1mnull[22m,
    bindingKey: [1mnull[22m,
    attemptGeneration: [33m1[39m,
    daemonEpoch: [1mnull[22m,
    incarnation: [1mnull[22m,
    dispatchedAt: [33m1791069349822[39m
  }
}
[ferryx:switch] {
  runId: [32m'7ebbd947-70ab-47e0-89eb-1f00e06df2b9'[39m,
  sequence: [33m35[39m,
  event: [32m'terminal.surface.input.accepted'[39m,
  wallTimeMs: [33m1791069349822[39m,
  details: {
    operationId: [32m'req-preedit-dfa120e4-session-1-2'[39m,
    backendSessionId: [32m'session-1'[39m,
    paneIdentity: [1mnull[22m,
    bindingKey: [1mnull[22m,
    attemptGeneration: [33m1[39m,
    daemonEpoch: [1mnull[22m,
    incarnation: [1mnull[22m,
    payloadBytes: [33m10[39m,
    queuedAt: [33m1791069349822[39m
  }
}

stdout | src/lib/nativeTerminalInputQueue.test.ts > NativeTerminalInputQueueManager > delivers a preedit update enqueued while input send is in flight strictly after that input
[ferryx:switch] {
  runId: [32m'7ebbd947-70ab-47e0-89eb-1f00e06df2b9'[39m,
  sequence: [33m36[39m,
  event: [32m'terminal.surface.input.dispatch'[39m,
  wallTimeMs: [33m1791069349822[39m,
  details: {
    operationId: [32m'req-preedit-dfa120e4-session-1-2'[39m,
    backendSessionId: [32m'session-1'[39m,
    paneIdentity: [1mnull[22m,
    bindingKey: [1mnull[22m,
    attemptGeneration: [33m1[39m,
    daemonEpoch: [1mnull[22m,
    incarnation: [1mnull[22m,
    dispatchedAt: [33m1791069349822[39m
  }
}

stdout | src/lib/nativeTerminalInputQueue.test.ts > NativeTerminalInputQueueManager > coalesces consecutive preedit updates into one delivered call
[ferryx:switch] {
  runId: [32m'7ebbd947-70ab-47e0-89eb-1f00e06df2b9'[39m,
  sequence: [33m37[39m,
  event: [32m'terminal.surface.input.accepted'[39m,
  wallTimeMs: [33m1791069349823[39m,
  details: {
    operationId: [32m'req-dfa120e4-session-1-1'[39m,
    backendSessionId: [32m'session-1'[39m,
    paneIdentity: [1mnull[22m,
    bindingKey: [1mnull[22m,
    attemptGeneration: [33m1[39m,
    daemonEpoch: [1mnull[22m,
    incarnation: [1mnull[22m,
    payloadBytes: [33m10[39m,
    queuedAt: [33m1791069349823[39m
  }
}
[ferryx:switch] {
  runId: [32m'7ebbd947-70ab-47e0-89eb-1f00e06df2b9'[39m,
  sequence: [33m38[39m,
  event: [32m'terminal.surface.input.dispatch'[39m,
  wallTimeMs: [33m1791069349823[39m,
  details: {
    operationId: [32m'req-dfa120e4-session-1-1'[39m,
    backendSessionId: [32m'session-1'[39m,
    paneIdentity: [1mnull[22m,
    bindingKey: [1mnull[22m,
    attemptGeneration: [33m1[39m,
    daemonEpoch: [1mnull[22m,
    incarnation: [1mnull[22m,
    dispatchedAt: [33m1791069349823[39m
  }
}
[ferryx:switch] {
  runId: [32m'7ebbd947-70ab-47e0-89eb-1f00e06df2b9'[39m,
  sequence: [33m39[39m,
  event: [32m'terminal.surface.input.accepted'[39m,
  wallTimeMs: [33m1791069349823[39m,
  details: {
    operationId: [32m'req-preedit-dfa120e4-session-1-2'[39m,
    backendSessionId: [32m'session-1'[39m,
    paneIdentity: [1mnull[22m,
    bindingKey: [1mnull[22m,
    attemptGeneration: [33m1[39m,
    daemonEpoch: [1mnull[22m,
    incarnation: [1mnull[22m,
    payloadBytes: [33m10[39m,
    queuedAt: [33m1791069349823[39m
  }
}
[ferryx:switch] {
  runId: [32m'7ebbd947-70ab-47e0-89eb-1f00e06df2b9'[39m,
  sequence: [33m40[39m,
  event: [32m'terminal.surface.input.accepted'[39m,
  wallTimeMs: [33m1791069349823[39m,
  details: {
    operationId: [32m'req-preedit-dfa120e4-session-1-3'[39m,
    backendSessionId: [32m'session-1'[39m,
    paneIdentity: [1mnull[22m,
    bindingKey: [1mnull[22m,
    attemptGeneration: [33m1[39m,
    daemonEpoch: [1mnull[22m,
    incarnation: [1mnull[22m,
    payloadBytes: [33m10[39m,
    queuedAt: [33m1791069349823[39m
  }
}
[ferryx:switch] {
  runId: [32m'7ebbd947-70ab-47e0-89eb-1f00e06df2b9'[39m,
  sequence: [33m41[39m,
  event: [32m'terminal.surface.input.accepted'[39m,
  wallTimeMs: [33m1791069349823[39m,
  details: {
    operationId: [32m'req-preedit-dfa120e4-session-1-4'[39m,
    backendSessionId: [32m'session-1'[39m,
    paneIdentity: [1mnull[22m,
    bindingKey: [1mnull[22m,
    attemptGeneration: [33m1[39m,
    daemonEpoch: [1mnull[22m,
    incarnation: [1mnull[22m,
    payloadBytes: [33m10[39m,
    queuedAt: [33m1791069349823[39m
  }
}

stdout | src/lib/nativeTerminalInputQueue.test.ts > NativeTerminalInputQueueManager > coalesces consecutive preedit updates into one delivered call
[ferryx:switch] {
  runId: [32m'7ebbd947-70ab-47e0-89eb-1f00e06df2b9'[39m,
  sequence: [33m42[39m,
  event: [32m'terminal.surface.input.dispatch'[39m,
  wallTimeMs: [33m1791069349823[39m,
  details: {
    operationId: [32m'req-preedit-dfa120e4-session-1-4'[39m,
    backendSessionId: [32m'session-1'[39m,
    paneIdentity: [1mnull[22m,
    bindingKey: [1mnull[22m,
    attemptGeneration: [33m1[39m,
    daemonEpoch: [1mnull[22m,
    incarnation: [1mnull[22m,
    dispatchedAt: [33m1791069349823[39m
  }
}

stdout | src/lib/nativeTerminalInputQueue.test.ts > NativeTerminalInputQueueManager > does not dispatch a committed input until the unresolved preedit settles
[ferryx:switch] {
  runId: [32m'7ebbd947-70ab-47e0-89eb-1f00e06df2b9'[39m,
  sequence: [33m43[39m,
  event: [32m'terminal.surface.input.accepted'[39m,
  wallTimeMs: [33m1791069349824[39m,
  details: {
    operationId: [32m'req-preedit-dfa120e4-session-1-1'[39m,
    backendSessionId: [32m'session-1'[39m,
    paneIdentity: [1mnull[22m,
    bindingKey: [1mnull[22m,
    attemptGeneration: [33m1[39m,
    daemonEpoch: [1mnull[22m,
    incarnation: [1mnull[22m,
    payloadBytes: [33m10[39m,
    queuedAt: [33m1791069349824[39m
  }
}
[ferryx:switch] {
  runId: [32m'7ebbd947-70ab-47e0-89eb-1f00e06df2b9'[39m,
  sequence: [33m44[39m,
  event: [32m'terminal.surface.input.dispatch'[39m,
  wallTimeMs: [33m1791069349824[39m,
  details: {
    operationId: [32m'req-preedit-dfa120e4-session-1-1'[39m,
    backendSessionId: [32m'session-1'[39m,
    paneIdentity: [1mnull[22m,
    bindingKey: [1mnull[22m,
    attemptGeneration: [33m1[39m,
    daemonEpoch: [1mnull[22m,
    incarnation: [1mnull[22m,
    dispatchedAt: [33m1791069349824[39m
  }
}
[ferryx:switch] {
  runId: [32m'7ebbd947-70ab-47e0-89eb-1f00e06df2b9'[39m,
  sequence: [33m45[39m,
  event: [32m'terminal.surface.input.accepted'[39m,
  wallTimeMs: [33m1791069349824[39m,
  details: {
    operationId: [32m'req-dfa120e4-session-1-2'[39m,
    backendSessionId: [32m'session-1'[39m,
    paneIdentity: [1mnull[22m,
    bindingKey: [1mnull[22m,
    attemptGeneration: [33m1[39m,
    daemonEpoch: [1mnull[22m,
    incarnation: [1mnull[22m,
    payloadBytes: [33m10[39m,
    queuedAt: [33m1791069349824[39m
  }
}

stdout | src/lib/nativeTerminalInputQueue.test.ts > NativeTerminalInputQueueManager > does not dispatch a committed input until the unresolved preedit settles
[ferryx:switch] {
  runId: [32m'7ebbd947-70ab-47e0-89eb-1f00e06df2b9'[39m,
  sequence: [33m46[39m,
  event: [32m'terminal.surface.input.dispatch'[39m,
  wallTimeMs: [33m1791069349824[39m,
  details: {
    operationId: [32m'req-dfa120e4-session-1-2'[39m,
    backendSessionId: [32m'session-1'[39m,
    paneIdentity: [1mnull[22m,
    bindingKey: [1mnull[22m,
    attemptGeneration: [33m1[39m,
    daemonEpoch: [1mnull[22m,
    incarnation: [1mnull[22m,
    dispatchedAt: [33m1791069349824[39m
  }
}

stdout | src/lib/nativeTerminalInputQueue.test.ts > NativeTerminalInputQueueManager > explicitly settles displaced preedit and records drop when replacement preedit exceeds queue capacity
[ferryx:switch] {
  runId: [32m'7ebbd947-70ab-47e0-89eb-1f00e06df2b9'[39m,
  sequence: [33m47[39m,
  event: [32m'terminal.surface.input.accepted'[39m,
  wallTimeMs: [33m1791069349824[39m,
  details: {
    operationId: [32m'req-dfa120e4-session-1-1'[39m,
    backendSessionId: [32m'session-1'[39m,
    paneIdentity: [1mnull[22m,
    bindingKey: [1mnull[22m,
    attemptGeneration: [33m1[39m,
    daemonEpoch: [1mnull[22m,
    incarnation: [1mnull[22m,
    payloadBytes: [33m10[39m,
    queuedAt: [33m1791069349824[39m
  }
}
[ferryx:switch] {
  runId: [32m'7ebbd947-70ab-47e0-89eb-1f00e06df2b9'[39m,
  sequence: [33m48[39m,
  event: [32m'terminal.surface.input.dispatch'[39m,
  wallTimeMs: [33m1791069349824[39m,
  details: {
    operationId: [32m'req-dfa120e4-session-1-1'[39m,
    backendSessionId: [32m'session-1'[39m,
    paneIdentity: [1mnull[22m,
    bindingKey: [1mnull[22m,
    attemptGeneration: [33m1[39m,
    daemonEpoch: [1mnull[22m,
    incarnation: [1mnull[22m,
    dispatchedAt: [33m1791069349824[39m
  }
}
[ferryx:switch] {
  runId: [32m'7ebbd947-70ab-47e0-89eb-1f00e06df2b9'[39m,
  sequence: [33m49[39m,
  event: [32m'terminal.surface.input.accepted'[39m,
  wallTimeMs: [33m1791069349824[39m,
  details: {
    operationId: [32m'req-preedit-dfa120e4-session-1-2'[39m,
    backendSessionId: [32m'session-1'[39m,
    paneIdentity: [1mnull[22m,
    bindingKey: [1mnull[22m,
    attemptGeneration: [33m1[39m,
    daemonEpoch: [1mnull[22m,
    incarnation: [1mnull[22m,
    payloadBytes: [33m10[39m,
    queuedAt: [33m1791069349824[39m
  }
}

stdout | src/lib/nativeTerminalInputQueue.test.ts > NativeTerminalInputQueueManager > maintains isolated per-lane in-flight request ID and running age when input and preedit overlap
[ferryx:switch] {
  runId: [32m'7ebbd947-70ab-47e0-89eb-1f00e06df2b9'[39m,
  sequence: [33m50[39m,
  event: [32m'terminal.surface.input.accepted'[39m,
  wallTimeMs: [33m1791069349825[39m,
  details: {
    operationId: [32m'req-dfa120e4-session-concurrent-1'[39m,
    backendSessionId: [32m'session-concurrent'[39m,
    paneIdentity: [1mnull[22m,
    bindingKey: [1mnull[22m,
    attemptGeneration: [33m1[39m,
    daemonEpoch: [1mnull[22m,
    incarnation: [1mnull[22m,
    payloadBytes: [33m10[39m,
    queuedAt: [33m1791069349824[39m
  }
}
[ferryx:switch] {
  runId: [32m'7ebbd947-70ab-47e0-89eb-1f00e06df2b9'[39m,
  sequence: [33m51[39m,
  event: [32m'terminal.surface.input.dispatch'[39m,
  wallTimeMs: [33m1791069349825[39m,
  details: {
    operationId: [32m'req-dfa120e4-session-concurrent-1'[39m,
    backendSessionId: [32m'session-concurrent'[39m,
    paneIdentity: [1mnull[22m,
    bindingKey: [1mnull[22m,
    attemptGeneration: [33m1[39m,
    daemonEpoch: [1mnull[22m,
    incarnation: [1mnull[22m,
    dispatchedAt: [33m1791069349824[39m
  }
}
[ferryx:switch] {
  runId: [32m'7ebbd947-70ab-47e0-89eb-1f00e06df2b9'[39m,
  sequence: [33m52[39m,
  event: [32m'terminal.surface.input.accepted'[39m,
  wallTimeMs: [33m1791069349825[39m,
  details: {
    operationId: [32m'req-preedit-dfa120e4-session-concurrent-2'[39m,
    backendSessionId: [32m'session-concurrent'[39m,
    paneIdentity: [1mnull[22m,
    bindingKey: [1mnull[22m,
    attemptGeneration: [33m1[39m,
    daemonEpoch: [1mnull[22m,
    incarnation: [1mnull[22m,
    payloadBytes: [33m10[39m,
    queuedAt: [33m1791069349874[39m
  }
}

stdout | src/lib/nativeTerminalInputQueue.test.ts > NativeTerminalInputQueueManager > maintains isolated per-lane in-flight request ID and running age when input and preedit overlap
[ferryx:switch] {
  runId: [32m'7ebbd947-70ab-47e0-89eb-1f00e06df2b9'[39m,
  sequence: [33m53[39m,
  event: [32m'terminal.surface.input.dispatch'[39m,
  wallTimeMs: [33m1791069349825[39m,
  details: {
    operationId: [32m'req-preedit-dfa120e4-session-concurrent-2'[39m,
    backendSessionId: [32m'session-concurrent'[39m,
    paneIdentity: [1mnull[22m,
    bindingKey: [1mnull[22m,
    attemptGeneration: [33m1[39m,
    daemonEpoch: [1mnull[22m,
    incarnation: [1mnull[22m,
    dispatchedAt: [33m1791069349899[39m
  }
}

stdout | src/lib/nativeTerminalInputQueue.test.ts > NativeTerminalInputQueueManager > propagates custom requestId and operationName through enqueue and reports custom ID during in-flight execution
[ferryx:switch] {
  runId: [32m'7ebbd947-70ab-47e0-89eb-1f00e06df2b9'[39m,
  sequence: [33m54[39m,
  event: [32m'terminal.surface.input.accepted'[39m,
  wallTimeMs: [33m1791069349825[39m,
  details: {
    operationId: [32m'custom-req-mouse-down-1'[39m,
    backendSessionId: [32m'session-custom'[39m,
    paneIdentity: [1mnull[22m,
    bindingKey: [1mnull[22m,
    attemptGeneration: [33m1[39m,
    daemonEpoch: [1mnull[22m,
    incarnation: [1mnull[22m,
    payloadBytes: [33m64[39m,
    queuedAt: [33m1791069349825[39m
  }
}
[ferryx:switch] {
  runId: [32m'7ebbd947-70ab-47e0-89eb-1f00e06df2b9'[39m,
  sequence: [33m55[39m,
  event: [32m'terminal.surface.input.dispatch'[39m,
  wallTimeMs: [33m1791069349825[39m,
  details: {
    operationId: [32m'custom-req-mouse-down-1'[39m,
    backendSessionId: [32m'session-custom'[39m,
    paneIdentity: [1mnull[22m,
    bindingKey: [1mnull[22m,
    attemptGeneration: [33m1[39m,
    daemonEpoch: [1mnull[22m,
    incarnation: [1mnull[22m,
    dispatchedAt: [33m1791069349825[39m
  }
}

stdout | src/lib/nativeTerminalInputQueue.test.ts > NativeTerminalInputQueueManager > resets in-flight request ID and running age to null when in-flight operation rejects and proceeds to next queued operation
[ferryx:switch] {
  runId: [32m'7ebbd947-70ab-47e0-89eb-1f00e06df2b9'[39m,
  sequence: [33m56[39m,
  event: [32m'terminal.surface.input.accepted'[39m,
  wallTimeMs: [33m1791069349825[39m,
  details: {
    operationId: [32m'req-dfa120e4-session-fail-1'[39m,
    backendSessionId: [32m'session-fail'[39m,
    paneIdentity: [1mnull[22m,
    bindingKey: [1mnull[22m,
    attemptGeneration: [33m1[39m,
    daemonEpoch: [1mnull[22m,
    incarnation: [1mnull[22m,
    payloadBytes: [33m10[39m,
    queuedAt: [33m1791069349825[39m
  }
}
[ferryx:switch] {
  runId: [32m'7ebbd947-70ab-47e0-89eb-1f00e06df2b9'[39m,
  sequence: [33m57[39m,
  event: [32m'terminal.surface.input.dispatch'[39m,
  wallTimeMs: [33m1791069349825[39m,
  details: {
    operationId: [32m'req-dfa120e4-session-fail-1'[39m,
    backendSessionId: [32m'session-fail'[39m,
    paneIdentity: [1mnull[22m,
    bindingKey: [1mnull[22m,
    attemptGeneration: [33m1[39m,
    daemonEpoch: [1mnull[22m,
    incarnation: [1mnull[22m,
    dispatchedAt: [33m1791069349825[39m
  }
}
[ferryx:switch] {
  runId: [32m'7ebbd947-70ab-47e0-89eb-1f00e06df2b9'[39m,
  sequence: [33m58[39m,
  event: [32m'terminal.surface.input.accepted'[39m,
  wallTimeMs: [33m1791069349825[39m,
  details: {
    operationId: [32m'req-dfa120e4-session-fail-2'[39m,
    backendSessionId: [32m'session-fail'[39m,
    paneIdentity: [1mnull[22m,
    bindingKey: [1mnull[22m,
    attemptGeneration: [33m1[39m,
    daemonEpoch: [1mnull[22m,
    incarnation: [1mnull[22m,
    payloadBytes: [33m10[39m,
    queuedAt: [33m1791069349825[39m
  }
}

stdout | src/lib/nativeTerminalInputQueue.test.ts > NativeTerminalInputQueueManager > resets in-flight request ID and running age to null when in-flight operation rejects and proceeds to next queued operation
[ferryx:switch] {
  runId: [32m'7ebbd947-70ab-47e0-89eb-1f00e06df2b9'[39m,
  sequence: [33m59[39m,
  event: [32m'terminal.surface.input.dispatch'[39m,
  wallTimeMs: [33m1791069349825[39m,
  details: {
    operationId: [32m'req-dfa120e4-session-fail-2'[39m,
    backendSessionId: [32m'session-fail'[39m,
    paneIdentity: [1mnull[22m,
    bindingKey: [1mnull[22m,
    attemptGeneration: [33m1[39m,
    daemonEpoch: [1mnull[22m,
    incarnation: [1mnull[22m,
    dispatchedAt: [33m1791069349825[39m
  }
}

stdout | src/lib/nativeTerminalInputQueue.test.ts > NativeTerminalInputQueueManager > preserves independent in-flight tracking across distinct sessions during concurrent progress and adversarial stale generation rejection
[ferryx:switch] {
  runId: [32m'7ebbd947-70ab-47e0-89eb-1f00e06df2b9'[39m,
  sequence: [33m60[39m,
  event: [32m'terminal.surface.input.accepted'[39m,
  wallTimeMs: [33m1791069349826[39m,
  details: {
    operationId: [32m'req-dfa120e4-session-A-1'[39m,
    backendSessionId: [32m'session-A'[39m,
    paneIdentity: [1mnull[22m,
    bindingKey: [1mnull[22m,
    attemptGeneration: [33m1[39m,
    daemonEpoch: [1mnull[22m,
    incarnation: [1mnull[22m,
    payloadBytes: [33m10[39m,
    queuedAt: [33m1791069349826[39m
  }
}
[ferryx:switch] {
  runId: [32m'7ebbd947-70ab-47e0-89eb-1f00e06df2b9'[39m,
  sequence: [33m61[39m,
  event: [32m'terminal.surface.input.dispatch'[39m,
  wallTimeMs: [33m1791069349826[39m,
  details: {
    operationId: [32m'req-dfa120e4-session-A-1'[39m,
    backendSessionId: [32m'session-A'[39m,
    paneIdentity: [1mnull[22m,
    bindingKey: [1mnull[22m,
    attemptGeneration: [33m1[39m,
    daemonEpoch: [1mnull[22m,
    incarnation: [1mnull[22m,
    dispatchedAt: [33m1791069349826[39m
  }
}
[ferryx:switch] {
  runId: [32m'7ebbd947-70ab-47e0-89eb-1f00e06df2b9'[39m,
  sequence: [33m62[39m,
  event: [32m'terminal.surface.input.accepted'[39m,
  wallTimeMs: [33m1791069349826[39m,
  details: {
    operationId: [32m'req-dfa120e4-session-A-2'[39m,
    backendSessionId: [32m'session-A'[39m,
    paneIdentity: [1mnull[22m,
    bindingKey: [1mnull[22m,
    attemptGeneration: [33m1[39m,
    daemonEpoch: [1mnull[22m,
    incarnation: [1mnull[22m,
    payloadBytes: [33m10[39m,
    queuedAt: [33m1791069349826[39m
  }
}
[ferryx:switch] {
  runId: [32m'7ebbd947-70ab-47e0-89eb-1f00e06df2b9'[39m,
  sequence: [33m63[39m,
  event: [32m'terminal.surface.input.accepted'[39m,
  wallTimeMs: [33m1791069349826[39m,
  details: {
    operationId: [32m'req-dfa120e4-session-B-3'[39m,
    backendSessionId: [32m'session-B'[39m,
    paneIdentity: [1mnull[22m,
    bindingKey: [1mnull[22m,
    attemptGeneration: [33m1[39m,
    daemonEpoch: [1mnull[22m,
    incarnation: [1mnull[22m,
    payloadBytes: [33m10[39m,
    queuedAt: [33m1791069349826[39m
  }
}
[ferryx:switch] {
  runId: [32m'7ebbd947-70ab-47e0-89eb-1f00e06df2b9'[39m,
  sequence: [33m64[39m,
  event: [32m'terminal.surface.input.dispatch'[39m,
  wallTimeMs: [33m1791069349826[39m,
  details: {
    operationId: [32m'req-dfa120e4-session-B-3'[39m,
    backendSessionId: [32m'session-B'[39m,
    paneIdentity: [1mnull[22m,
    bindingKey: [1mnull[22m,
    attemptGeneration: [33m1[39m,
    daemonEpoch: [1mnull[22m,
    incarnation: [1mnull[22m,
    dispatchedAt: [33m1791069349826[39m
  }
}

stdout | src/lib/nativeTerminalInputQueue.test.ts > NativeTerminalInputQueueManager > distinguishes in-flight execution age from waiting queued head age
[ferryx:switch] {
  runId: [32m'7ebbd947-70ab-47e0-89eb-1f00e06df2b9'[39m,
  sequence: [33m65[39m,
  event: [32m'terminal.surface.input.accepted'[39m,
  wallTimeMs: [33m1791069349826[39m,
  details: {
    operationId: [32m'req-dfa120e4-sess-queue-age-1'[39m,
    backendSessionId: [32m'sess-queue-age'[39m,
    paneIdentity: [1mnull[22m,
    bindingKey: [1mnull[22m,
    attemptGeneration: [33m1[39m,
    daemonEpoch: [1mnull[22m,
    incarnation: [1mnull[22m,
    payloadBytes: [33m10[39m,
    queuedAt: [33m1791069349826[39m
  }
}
[ferryx:switch] {
  runId: [32m'7ebbd947-70ab-47e0-89eb-1f00e06df2b9'[39m,
  sequence: [33m66[39m,
  event: [32m'terminal.surface.input.dispatch'[39m,
  wallTimeMs: [33m1791069349826[39m,
  details: {
    operationId: [32m'req-dfa120e4-sess-queue-age-1'[39m,
    backendSessionId: [32m'sess-queue-age'[39m,
    paneIdentity: [1mnull[22m,
    bindingKey: [1mnull[22m,
    attemptGeneration: [33m1[39m,
    daemonEpoch: [1mnull[22m,
    incarnation: [1mnull[22m,
    dispatchedAt: [33m1791069349826[39m
  }
}
[ferryx:switch] {
  runId: [32m'7ebbd947-70ab-47e0-89eb-1f00e06df2b9'[39m,
  sequence: [33m67[39m,
  event: [32m'terminal.surface.input.accepted'[39m,
  wallTimeMs: [33m1791069349826[39m,
  details: {
    operationId: [32m'req-dfa120e4-sess-queue-age-2'[39m,
    backendSessionId: [32m'sess-queue-age'[39m,
    paneIdentity: [32m'pane-1'[39m,
    bindingKey: [32m'bk-1'[39m,
    attemptGeneration: [33m1[39m,
    daemonEpoch: [1mnull[22m,
    incarnation: [1mnull[22m,
    payloadBytes: [33m10[39m,
    queuedAt: [33m1791069349846[39m
  }
}

stdout | src/lib/nativeTerminalInputQueue.test.ts > NativeTerminalInputQueueManager > distinguishes in-flight execution age from waiting queued head age
[ferryx:switch] {
  runId: [32m'7ebbd947-70ab-47e0-89eb-1f00e06df2b9'[39m,
  sequence: [33m68[39m,
  event: [32m'terminal.surface.input.dispatch'[39m,
  wallTimeMs: [33m1791069349826[39m,
  details: {
    operationId: [32m'req-dfa120e4-sess-queue-age-2'[39m,
    backendSessionId: [32m'sess-queue-age'[39m,
    paneIdentity: [32m'pane-1'[39m,
    bindingKey: [32m'bk-1'[39m,
    attemptGeneration: [33m1[39m,
    daemonEpoch: [1mnull[22m,
    incarnation: [1mnull[22m,
    dispatchedAt: [33m1791069349896[39m
  }
}

 ✓ src/lib/nativeTerminalInputQueue.test.ts (17 tests) 11ms
stderr | src/lib/useDagWatchLifecycle.test.tsx > retries a rejected subscription without requiring a project change
DAG subscription failed ssh:workspace:/remote:repo Error: daemon restarting
    at [90m/Users/I552267/ferryx-pane-completion/source-5464da0d/ui/[39msrc/lib/useDagWatchLifecycle.test.tsx:113:28
    at [90mfile:///Users/I552267/ferryx-pane-completion/source-5464da0d/ui/[39mnode_modules/[4m@vitest/runner[24m/dist/chunk-hooks.js:155:11
    at [90mfile:///Users/I552267/ferryx-pane-completion/source-5464da0d/ui/[39mnode_modules/[4m@vitest/runner[24m/dist/chunk-hooks.js:752:26
    at [90mfile:///Users/I552267/ferryx-pane-completion/source-5464da0d/ui/[39mnode_modules/[4m@vitest/runner[24m/dist/chunk-hooks.js:1897:20
    at new Promise (<anonymous>)
    at runWithTimeout [90m(file:///Users/I552267/ferryx-pane-completion/source-5464da0d/ui/[39mnode_modules/[4m@vitest/runner[24m/dist/chunk-hooks.js:1863:10[90m)[39m
    at runTest [90m(file:///Users/I552267/ferryx-pane-completion/source-5464da0d/ui/[39mnode_modules/[4m@vitest/runner[24m/dist/chunk-hooks.js:1574:12[90m)[39m
    at runSuite [90m(file:///Users/I552267/ferryx-pane-completion/source-5464da0d/ui/[39mnode_modules/[4m@vitest/runner[24m/dist/chunk-hooks.js:1729:8[90m)[39m
    at runFiles [90m(file:///Users/I552267/ferryx-pane-completion/source-5464da0d/ui/[39mnode_modules/[4m@vitest/runner[24m/dist/chunk-hooks.js:1787:3[90m)[39m
    at startTests [90m(file:///Users/I552267/ferryx-pane-completion/source-5464da0d/ui/[39mnode_modules/[4m@vitest/runner[24m/dist/chunk-hooks.js:1820:3[90m)[39m

stderr | src/lib/useDagWatchLifecycle.test.tsx > retries listener registration before opening subscriptions
DAG listener registration failed Error: event service restarting
    at [90m/Users/I552267/ferryx-pane-completion/source-5464da0d/ui/[39msrc/lib/useDagWatchLifecycle.test.tsx:125:28
    at [90mfile:///Users/I552267/ferryx-pane-completion/source-5464da0d/ui/[39mnode_modules/[4m@vitest/runner[24m/dist/chunk-hooks.js:155:11
    at [90mfile:///Users/I552267/ferryx-pane-completion/source-5464da0d/ui/[39mnode_modules/[4m@vitest/runner[24m/dist/chunk-hooks.js:752:26
    at [90mfile:///Users/I552267/ferryx-pane-completion/source-5464da0d/ui/[39mnode_modules/[4m@vitest/runner[24m/dist/chunk-hooks.js:1897:20
    at new Promise (<anonymous>)
    at runWithTimeout [90m(file:///Users/I552267/ferryx-pane-completion/source-5464da0d/ui/[39mnode_modules/[4m@vitest/runner[24m/dist/chunk-hooks.js:1863:10[90m)[39m
    at runTest [90m(file:///Users/I552267/ferryx-pane-completion/source-5464da0d/ui/[39mnode_modules/[4m@vitest/runner[24m/dist/chunk-hooks.js:1574:12[90m)[39m
    at runSuite [90m(file:///Users/I552267/ferryx-pane-completion/source-5464da0d/ui/[39mnode_modules/[4m@vitest/runner[24m/dist/chunk-hooks.js:1729:8[90m)[39m
    at runFiles [90m(file:///Users/I552267/ferryx-pane-completion/source-5464da0d/ui/[39mnode_modules/[4m@vitest/runner[24m/dist/chunk-hooks.js:1787:3[90m)[39m
    at startTests [90m(file:///Users/I552267/ferryx-pane-completion/source-5464da0d/ui/[39mnode_modules/[4m@vitest/runner[24m/dist/chunk-hooks.js:1820:3[90m)[39m

stderr | src/lib/useDagWatchLifecycle.test.tsx > cancels a scheduled retry when the hook unmounts
DAG subscription failed ssh:workspace:/remote:repo Error: offline
    at [90m/Users/I552267/ferryx-pane-completion/source-5464da0d/ui/[39msrc/lib/useDagWatchLifecycle.test.tsx:139:58
    at [90mfile:///Users/I552267/ferryx-pane-completion/source-5464da0d/ui/[39mnode_modules/[4m@vitest/runner[24m/dist/chunk-hooks.js:155:11
    at [90mfile:///Users/I552267/ferryx-pane-completion/source-5464da0d/ui/[39mnode_modules/[4m@vitest/runner[24m/dist/chunk-hooks.js:752:26
    at [90mfile:///Users/I552267/ferryx-pane-completion/source-5464da0d/ui/[39mnode_modules/[4m@vitest/runner[24m/dist/chunk-hooks.js:1897:20
    at new Promise (<anonymous>)
    at runWithTimeout [90m(file:///Users/I552267/ferryx-pane-completion/source-5464da0d/ui/[39mnode_modules/[4m@vitest/runner[24m/dist/chunk-hooks.js:1863:10[90m)[39m
    at runTest [90m(file:///Users/I552267/ferryx-pane-completion/source-5464da0d/ui/[39mnode_modules/[4m@vitest/runner[24m/dist/chunk-hooks.js:1574:12[90m)[39m
    at runSuite [90m(file:///Users/I552267/ferryx-pane-completion/source-5464da0d/ui/[39mnode_modules/[4m@vitest/runner[24m/dist/chunk-hooks.js:1729:8[90m)[39m
    at runFiles [90m(file:///Users/I552267/ferryx-pane-completion/source-5464da0d/ui/[39mnode_modules/[4m@vitest/runner[24m/dist/chunk-hooks.js:1787:3[90m)[39m
    at startTests [90m(file:///Users/I552267/ferryx-pane-completion/source-5464da0d/ui/[39mnode_modules/[4m@vitest/runner[24m/dist/chunk-hooks.js:1820:3[90m)[39m

 ✓ src/lib/useDagWatchLifecycle.test.tsx (17 tests) 27ms
 ✓ src/state/workspaceStore.browserLifecycle.test.tsx (8 tests) 23ms
 ✓ src/state/screenActivity.test.ts (18 tests) 10ms
 ✓ src/remote/RemoteTerminal.mobile.test.tsx (20 tests) 179ms
 ✓ src/App.remoteHostShortcuts.test.tsx (4 tests) 274ms
 ✓ src/remote/chat/MobileChatMessage.test.tsx (27 tests) 137ms
 ✓ src/lib/filePreview.test.ts (16 tests) 7ms
 ❯ src/App.pairedDaemon.test.tsx (8 tests | 1 failed) 243ms
   ✓ App paired desktop shell > routes deletion of an inactive paired project's worktree through its owning project 87ms
   ✓ App paired desktop shell > preserves paired ownership and reports disabled native support without local registration 6ms
   ✓ App paired desktop shell > refreshes unavailable paired inventory when selecting its project without refocusing the window 13ms
   ✓ App paired desktop shell > refreshes unavailable inventory when selecting a different worktree in the active paired project 13ms
   × App paired desktop shell > keeps local tabs and the palette mounted when inventory selection changes 49ms
     → expected "spy" to be called 1 times, but got 0 times
   ✓ App paired desktop shell > selects a worktree on a paired machine and requests terminal spawn with worktree path and identity 20ms
   ✓ App paired desktop shell > routes two different paired worktree selections to distinct backend spawn paths 28ms
   ✓ App paired desktop shell > switches to paired project and preserves pending worktree when selected from another project 25ms
 ❯ src/lib/agentReconnect.integration.test.ts (7 tests | 1 failed) 22ms
   ✓ agent reconnect cross-layer contracts > persists recovered OMO CWD and transcript without changing the workspace root 5ms
   × agent reconnect cross-layer contracts > spans stale persisted load through typed reconnect and saved snapshot 6ms
     → expected { id: 'local-agent', …(17) } to match object { backendSessionId: null, …(2) }
(15 matching properties omitted from actual)
   ✓ agent reconnect cross-layer contracts > loads a legacy agentSessionId and completes reconnect with the canonical provider identity 1ms
   ✓ agent reconnect cross-layer contracts > runs typed spawn, attach, proposed persistence, and same-local-id rebind 1ms
   ✓ agent reconnect cross-layer contracts > keeps cold identity and structured failure when attach rejects 1ms
   ✓ agent reconnect cross-layer contracts > auto-resumes deserialized exited agent sessions through scheduleAgentAutoResume in Eager mode 8ms
   ✓ agent reconnect cross-layer contracts > adopts live existing daemon session on AGENT_SESSION_CONFLICT without calling closeTerminal 1ms
 ✓ src/components/WorktreeDeleteDialog.test.tsx (14 tests) 136ms
 ✓ src/lib/linkRouting.test.ts (33 tests) 13ms
 ✓ src/lib/agentResumeAffordance.test.ts (21 tests) 6ms
stderr | src/lib/sessionLifecycle.test.ts > sessionLifecycle > idle sweep > vetoes suspension when the output ground truth cannot be verified
Failed to read daemon suspension state: Error: ipc down
    at [90m/Users/I552267/ferryx-pane-completion/source-5464da0d/ui/[39msrc/lib/sessionLifecycle.test.ts:356:50
    at mockCall [90m(file:///Users/I552267/ferryx-pane-completion/source-5464da0d/ui/[39mnode_modules/[4m@vitest/spy[24m/dist/index.js:96:15[90m)[39m
    at describeTerminal [90m(file:///Users/I552267/ferryx-pane-completion/source-5464da0d/ui/[39mnode_modules/[4mtinyspy[24m/dist/index.js:47:80[90m)[39m
    at [90m/Users/I552267/ferryx-pane-completion/source-5464da0d/ui/[39msrc/lib/sessionLifecycle.ts:191:17

 ❯ src/lib/sessionLifecycle.test.ts (20 tests | 1 failed) 125ms
   ✓ sessionLifecycle > EOF listener mutation cannot notify removed or newly registered owners 1ms
   ✓ sessionLifecycle > displays authoritative suspension without resuming on activation 1ms
   ✓ sessionLifecycle > failed explicit resume preserves the suspended state 1ms
   ✓ sessionLifecycle > represents a restored shell as standby without allocating a real backend 0ms
   ✓ sessionLifecycle > distinguishes running and hibernated resource state 0ms
   ✓ sessionLifecycle > preserves an explicitly persisted hibernated standby identity 0ms
   ✓ sessionLifecycle > clears hibernated state after a process is resumed 0ms
   ✓ sessionLifecycle > explicit resume invokes resumeTerminal on backend 0ms
   ✓ sessionLifecycle > preserves durable session across unmount without destroying backing PTY 0ms
   ✓ sessionLifecycle > manual Hibernate holds an active pane asleep until a real focus transition 0ms
   ✓ sessionLifecycle > retains only bounded recent scrollback for persisted hibernated sessions 0ms
   ✓ sessionLifecycle > adopts a daemon-reported suspension the GUI did not perform (restart case) 53ms
   ✓ sessionLifecycle > leaves a running daemon session awake 51ms
   ✓ sessionLifecycle > suspendRegisteredSession preserves backendSessionId and marks processState suspended 0ms
   ✓ sessionLifecycle > resumeRegisteredSession clears sleeping bit and restores running state 0ms
   ✓ sessionLifecycle > restartRegisteredSession closes old backend and allocates a fresh running shell, invoking rebind handler 1ms
   ✓ sessionLifecycle > idle sweep > never suspends when the idle timeout is 0 (off) 3ms
   ✓ sessionLifecycle > idle sweep > vetoes suspension when the session produced recent PTY output despite an idle classifier 2ms
   × sessionLifecycle > idle sweep > suspends when classifier and output ground truth agree on inactivity 7ms
     → expected "suspendTerminal" to be called with arguments: [ 'backend-live-1' ][90m

Number of calls: [1m0[22m
[39m
   ✓ sessionLifecycle > idle sweep > vetoes suspension when the output ground truth cannot be verified 3ms
 ✓ src/components/notification/NotificationCenterPopover.test.tsx (16 tests) 251ms
 ✓ src/remote/RemoteBrowser.reconnect.test.tsx (8 tests) 363ms
 ✓ src/components/FilePreviewText.test.tsx (20 tests) 209ms
 ✓ src/remote/AccountLoginPage.test.tsx (10 tests) 61ms
 ✓ src/state/inactiveProjectWorktrees.test.tsx (13 tests) 19ms
 ✓ src/lib/browserTauri.test.ts (26 tests) 7ms
 ✓ src/components/AgentHistoryDialog.test.tsx (8 tests) 196ms
 ✓ src/components/Sidebar.remote.test.tsx (12 tests) 191ms
stderr | src/components/FilePreviewDialog.test.tsx > FilePreviewDialog > renders an audio payload with a read-only audio element, not the video renderer
Error: Not implemented: HTMLMediaElement.prototype.pause
    at module.exports (/Users/I552267/ferryx-pane-completion/source-5464da0d/ui/node_modules/jsdom/lib/jsdom/browser/not-implemented.js:9:17)
    at HTMLAudioElementImpl.pause (/Users/I552267/ferryx-pane-completion/source-5464da0d/ui/node_modules/jsdom/lib/jsdom/living/nodes/HTMLMediaElement-impl.js:121:5)
    at HTMLAudioElement.pause (/Users/I552267/ferryx-pane-completion/source-5464da0d/ui/node_modules/jsdom/lib/jsdom/living/generated/HTMLMediaElement.js:160:34)
    at /Users/I552267/ferryx-pane-completion/source-5464da0d/ui/src/components/FilePreviewAudio.tsx:17:13
    at safelyCallDestroy (/Users/I552267/ferryx-pane-completion/source-5464da0d/ui/node_modules/react-dom/cjs/react-dom.development.js:22971:5)
    at commitHookEffectListUnmount (/Users/I552267/ferryx-pane-completion/source-5464da0d/ui/node_modules/react-dom/cjs/react-dom.development.js:23139:11)
    at commitPassiveUnmountInsideDeletedTreeOnFiber (/Users/I552267/ferryx-pane-completion/source-5464da0d/ui/node_modules/react-dom/cjs/react-dom.development.js:25140:11)
    at commitPassiveUnmountEffectsInsideOfDeletedTree_begin (/Users/I552267/ferryx-pane-completion/source-5464da0d/ui/node_modules/react-dom/cjs/react-dom.development.js:25087:5)
    at commitPassiveUnmountEffects_begin (/Users/I552267/ferryx-pane-completion/source-5464da0d/ui/node_modules/react-dom/cjs/react-dom.development.js:24995:11)
    at commitPassiveUnmountEffects (/Users/I552267/ferryx-pane-completion/source-5464da0d/ui/node_modules/react-dom/cjs/react-dom.development.js:24980:3) [90mundefined[39m
Error: Not implemented: HTMLMediaElement.prototype.load
    at module.exports (/Users/I552267/ferryx-pane-completion/source-5464da0d/ui/node_modules/jsdom/lib/jsdom/browser/not-implemented.js:9:17)
    at HTMLAudioElementImpl.load (/Users/I552267/ferryx-pane-completion/source-5464da0d/ui/node_modules/jsdom/lib/jsdom/living/nodes/HTMLMediaElement-impl.js:112:5)
    at HTMLAudioElement.load (/Users/I552267/ferryx-pane-completion/source-5464da0d/ui/node_modules/jsdom/lib/jsdom/living/generated/HTMLMediaElement.js:109:34)
    at /Users/I552267/ferryx-pane-completion/source-5464da0d/ui/src/components/FilePreviewAudio.tsx:19:13
    at safelyCallDestroy (/Users/I552267/ferryx-pane-completion/source-5464da0d/ui/node_modules/react-dom/cjs/react-dom.development.js:22971:5)
    at commitHookEffectListUnmount (/Users/I552267/ferryx-pane-completion/source-5464da0d/ui/node_modules/react-dom/cjs/react-dom.development.js:23139:11)
    at commitPassiveUnmountInsideDeletedTreeOnFiber (/Users/I552267/ferryx-pane-completion/source-5464da0d/ui/node_modules/react-dom/cjs/react-dom.development.js:25140:11)
    at commitPassiveUnmountEffectsInsideOfDeletedTree_begin (/Users/I552267/ferryx-pane-completion/source-5464da0d/ui/node_modules/react-dom/cjs/react-dom.development.js:25087:5)
    at commitPassiveUnmountEffects_begin (/Users/I552267/ferryx-pane-completion/source-5464da0d/ui/node_modules/react-dom/cjs/react-dom.development.js:24995:11)
    at commitPassiveUnmountEffects (/Users/I552267/ferryx-pane-completion/source-5464da0d/ui/node_modules/react-dom/cjs/react-dom.development.js:24980:3) [90mundefined[39m

 ✓ src/components/FilePreviewDialog.test.tsx (15 tests) 162ms
 ✓ src/components/TerminalSplitView.paneToTabRow.runtime.test.tsx (7 tests) 62ms
 ✓ src/lib/localSplitLifecycle.test.ts (19 tests) 12ms
 ✓ src/lib/notificationCenter/notificationCenter.test.ts (37 tests) 23ms
 ✓ src/components/WorktreeDiskDialog.test.tsx (8 tests) 154ms
 ✓ src/state/workspaceRuntime.test.tsx (11 tests) 625ms
 ✓ src/components/FilePreviewImage.test.tsx (17 tests) 206ms
 ❯ src/components/TerminalSearchOverlay.test.tsx (11 tests | 1 failed) 98ms
   ✓ TerminalSearchOverlay native session search > renders search input, navigation buttons, and close button 39ms
   ✓ TerminalSearchOverlay native session search > triggers native search on query input and parses camelCase Rust DTO object 9ms
   ✓ TerminalSearchOverlay native session search > triggers native search on query input and displays match counter 7ms
   ✓ TerminalSearchOverlay native session search > handles zero matches DTO object cleanly with 0/0 7ms
   ✓ TerminalSearchOverlay native session search > handles invoke rejection gracefully by showing 0/0 5ms
   ✓ TerminalSearchOverlay native session search > parses snake_case DTO matches gracefully 4ms
   ✓ TerminalSearchOverlay native session search > navigates matches with Enter, Shift+Enter, and arrow buttons 8ms
   ✓ TerminalSearchOverlay native session search > ignores an out-of-order stale search result and keeps the newest query's counts 4ms
   ✓ TerminalSearchOverlay native session search > does not let a stale rejection overwrite a newer successful result 4ms
   × TerminalSearchOverlay native session search > resets stale counts and re-searches the new session on sessionId change 8ms
     → expected [ …(3) ] to have a length of 2 but got 3
   ✓ TerminalSearchOverlay native session search > closes on Escape and close button, triggering onFocusTerminal 3ms
 ✓ src/components/settings/PermissionsSection.test.tsx (11 tests) 114ms
 ✓ src/remote/RemoteTerminalGestures.test.tsx (10 tests) 107ms
stderr | src/components/NativeTerminalPane.presentation.test.tsx > native terminal presentation retention > does not steal dialog focus when an earlier attachment finishes
Native terminal IPC command failed {
  command: [32m'cmd_native_terminal_attach'[39m,
  error: {
    code: [32m'SPAWN_ATTEMPT_TIMEOUT'[39m,
    message: [32m'Shell startup was not confirmed. Retry to reconcile the same shell.'[39m,
    details: { stage: [32m'missingDurablePersistence'[39m, delivery: [32m'ambiguous'[39m }
  }
}

stderr | src/components/NativeTerminalPane.presentation.test.tsx > native terminal presentation retention > keeps a presented macOS surface under a dialog without accepting terminal keys
Native terminal IPC command failed {
  command: [32m'cmd_native_terminal_attach'[39m,
  error: {
    code: [32m'SPAWN_ATTEMPT_TIMEOUT'[39m,
    message: [32m'Shell startup was not confirmed. Retry to reconcile the same shell.'[39m,
    details: { stage: [32m'missingDurablePersistence'[39m, delivery: [32m'ambiguous'[39m }
  }
}

stderr | src/components/NativeTerminalPane.presentation.test.tsx > native terminal presentation retention > does not recover an in-flight input after a dialog takes ownership
Native terminal IPC command failed {
  command: [32m'cmd_native_terminal_attach'[39m,
  error: {
    code: [32m'SPAWN_ATTEMPT_TIMEOUT'[39m,
    message: [32m'Shell startup was not confirmed. Retry to reconcile the same shell.'[39m,
    details: { stage: [32m'missingDurablePersistence'[39m, delivery: [32m'ambiguous'[39m }
  }
}

stdout | src/components/NativeTerminalPane.presentation.test.tsx > native terminal presentation retention > does not recover an in-flight input after a dialog takes ownership
[ferryx:switch] {
  runId: [32m'5b1b9edb-eeb8-460a-a1f3-e9b26abb5f77'[39m,
  sequence: [33m1[39m,
  event: [32m'terminal.surface.input.accepted'[39m,
  wallTimeMs: [33m1791069379852[39m,
  details: {
    operationId: [32m'req-3abdcd70-backend-a-1'[39m,
    backendSessionId: [32m'backend-a'[39m,
    paneIdentity: [1mnull[22m,
    bindingKey: [1mnull[22m,
    attemptGeneration: [1mnull[22m,
    daemonEpoch: [1mnull[22m,
    incarnation: [1mnull[22m,
    payloadBytes: [33m1[39m,
    queuedAt: [33m1791069379852[39m
  }
}
[ferryx:switch] {
  runId: [32m'5b1b9edb-eeb8-460a-a1f3-e9b26abb5f77'[39m,
  sequence: [33m2[39m,
  event: [32m'terminal.surface.input.dispatch'[39m,
  wallTimeMs: [33m1791069379852[39m,
  details: {
    operationId: [32m'req-3abdcd70-backend-a-1'[39m,
    backendSessionId: [32m'backend-a'[39m,
    paneIdentity: [1mnull[22m,
    bindingKey: [1mnull[22m,
    attemptGeneration: [1mnull[22m,
    daemonEpoch: [1mnull[22m,
    incarnation: [1mnull[22m,
    dispatchedAt: [33m1791069379852[39m
  }
}

stderr | src/components/NativeTerminalPane.presentation.test.tsx > native terminal presentation retention > retains a shown final frame on exit, blocks input, and releases it on unmount ({})
Native terminal IPC command failed {
  command: [32m'cmd_native_terminal_attach'[39m,
  error: {
    code: [32m'SPAWN_ATTEMPT_TIMEOUT'[39m,
    message: [32m'Shell startup was not confirmed. Retry to reconcile the same shell.'[39m,
    details: { stage: [32m'missingDurablePersistence'[39m, delivery: [32m'ambiguous'[39m }
  }
}

stderr | src/components/NativeTerminalPane.presentation.test.tsx > native terminal presentation retention > retains a shown final frame on exit, blocks input, and releases it on unmount ({"daemonEpoch":"epoch-a","remoteGeneration":7,"remoteConnectionState":"connected"})
Native terminal IPC command failed {
  command: [32m'cmd_native_terminal_attach'[39m,
  error: {
    code: [32m'SPAWN_ATTEMPT_TIMEOUT'[39m,
    message: [32m'Shell startup was not confirmed. Retry to reconcile the same shell.'[39m,
    details: { stage: [32m'missingDurablePersistence'[39m, delivery: [32m'ambiguous'[39m }
  }
}

stderr | src/components/NativeTerminalPane.presentation.test.tsx > native terminal presentation retention > rebinds the same backend ID and fences the previous attach completion ({"daemonEpoch":"epoch-b","remoteGeneration":1})
Native terminal IPC command failed {
  command: [32m'cmd_native_terminal_attach'[39m,
  error: {
    code: [32m'SPAWN_ATTEMPT_TIMEOUT'[39m,
    message: [32m'Shell startup was not confirmed. Retry to reconcile the same shell.'[39m,
    details: { stage: [32m'missingDurablePersistence'[39m, delivery: [32m'ambiguous'[39m }
  }
}

stderr | src/components/NativeTerminalPane.presentation.test.tsx > native terminal presentation retention > rebinds the same backend ID and fences the previous attach completion ({"daemonEpoch":"epoch-a","remoteGeneration":2})
Native terminal IPC command failed {
  command: [32m'cmd_native_terminal_attach'[39m,
  error: {
    code: [32m'SPAWN_ATTEMPT_TIMEOUT'[39m,
    message: [32m'Shell startup was not confirmed. Retry to reconcile the same shell.'[39m,
    details: { stage: [32m'missingDurablePersistence'[39m, delivery: [32m'ambiguous'[39m }
  }
}

stderr | src/components/NativeTerminalPane.presentation.test.tsx > native terminal presentation retention > fences pending input recovery across a same-ID binding change ({"daemonEpoch":"epoch-b","remoteGeneration":1})
Native terminal IPC command failed {
  command: [32m'cmd_native_terminal_attach'[39m,
  error: {
    code: [32m'SPAWN_ATTEMPT_TIMEOUT'[39m,
    message: [32m'Shell startup was not confirmed. Retry to reconcile the same shell.'[39m,
    details: { stage: [32m'missingDurablePersistence'[39m, delivery: [32m'ambiguous'[39m }
  }
}

stdout | src/components/NativeTerminalPane.presentation.test.tsx > native terminal presentation retention > fences pending input recovery across a same-ID binding change ({"daemonEpoch":"epoch-b","remoteGeneration":1})
[ferryx:switch] {
  runId: [32m'5b1b9edb-eeb8-460a-a1f3-e9b26abb5f77'[39m,
  sequence: [33m3[39m,
  event: [32m'terminal.surface.input.accepted'[39m,
  wallTimeMs: [33m1791069379863[39m,
  details: {
    operationId: [32m'req-3abdcd70-backend-a-2'[39m,
    backendSessionId: [32m'backend-a'[39m,
    paneIdentity: [1mnull[22m,
    bindingKey: [1mnull[22m,
    attemptGeneration: [1mnull[22m,
    daemonEpoch: [1mnull[22m,
    incarnation: [1mnull[22m,
    payloadBytes: [33m1[39m,
    queuedAt: [33m1791069379863[39m
  }
}
[ferryx:switch] {
  runId: [32m'5b1b9edb-eeb8-460a-a1f3-e9b26abb5f77'[39m,
  sequence: [33m4[39m,
  event: [32m'terminal.surface.input.dispatch'[39m,
  wallTimeMs: [33m1791069379863[39m,
  details: {
    operationId: [32m'req-3abdcd70-backend-a-2'[39m,
    backendSessionId: [32m'backend-a'[39m,
    paneIdentity: [1mnull[22m,
    bindingKey: [1mnull[22m,
    attemptGeneration: [1mnull[22m,
    daemonEpoch: [1mnull[22m,
    incarnation: [1mnull[22m,
    dispatchedAt: [33m1791069379863[39m
  }
}

stderr | src/components/NativeTerminalPane.presentation.test.tsx > native terminal presentation retention > fences pending input recovery across a same-ID binding change ({"daemonEpoch":"epoch-b","remoteGeneration":1})
Native terminal IPC command failed {
  command: [32m'cmd_native_terminal_attach'[39m,
  error: {
    code: [32m'SPAWN_ATTEMPT_TIMEOUT'[39m,
    message: [32m'Shell startup was not confirmed. Retry to reconcile the same shell.'[39m,
    details: { stage: [32m'missingDurablePersistence'[39m, delivery: [32m'ambiguous'[39m }
  }
}

stderr | src/components/NativeTerminalPane.presentation.test.tsx > native terminal presentation retention > fences pending input recovery across a same-ID binding change ({"daemonEpoch":"epoch-a","remoteGeneration":2})
Native terminal IPC command failed {
  command: [32m'cmd_native_terminal_attach'[39m,
  error: {
    code: [32m'SPAWN_ATTEMPT_TIMEOUT'[39m,
    message: [32m'Shell startup was not confirmed. Retry to reconcile the same shell.'[39m,
    details: { stage: [32m'missingDurablePersistence'[39m, delivery: [32m'ambiguous'[39m }
  }
}

stdout | src/components/NativeTerminalPane.presentation.test.tsx > native terminal presentation retention > fences pending input recovery across a same-ID binding change ({"daemonEpoch":"epoch-a","remoteGeneration":2})
[ferryx:switch] {
  runId: [32m'5b1b9edb-eeb8-460a-a1f3-e9b26abb5f77'[39m,
  sequence: [33m5[39m,
  event: [32m'terminal.surface.input.accepted'[39m,
  wallTimeMs: [33m1791069379867[39m,
  details: {
    operationId: [32m'req-3abdcd70-backend-a-3'[39m,
    backendSessionId: [32m'backend-a'[39m,
    paneIdentity: [1mnull[22m,
    bindingKey: [1mnull[22m,
    attemptGeneration: [1mnull[22m,
    daemonEpoch: [1mnull[22m,
    incarnation: [1mnull[22m,
    payloadBytes: [33m1[39m,
    queuedAt: [33m1791069379867[39m
  }
}
[ferryx:switch] {
  runId: [32m'5b1b9edb-eeb8-460a-a1f3-e9b26abb5f77'[39m,
  sequence: [33m6[39m,
  event: [32m'terminal.surface.input.dispatch'[39m,
  wallTimeMs: [33m1791069379867[39m,
  details: {
    operationId: [32m'req-3abdcd70-backend-a-3'[39m,
    backendSessionId: [32m'backend-a'[39m,
    paneIdentity: [1mnull[22m,
    bindingKey: [1mnull[22m,
    attemptGeneration: [1mnull[22m,
    daemonEpoch: [1mnull[22m,
    incarnation: [1mnull[22m,
    dispatchedAt: [33m1791069379867[39m
  }
}

stderr | src/components/NativeTerminalPane.presentation.test.tsx > native terminal presentation retention > fences pending input recovery across a same-ID binding change ({"daemonEpoch":"epoch-a","remoteGeneration":2})
Native terminal IPC command failed {
  command: [32m'cmd_native_terminal_attach'[39m,
  error: {
    code: [32m'SPAWN_ATTEMPT_TIMEOUT'[39m,
    message: [32m'Shell startup was not confirmed. Retry to reconcile the same shell.'[39m,
    details: { stage: [32m'missingDurablePersistence'[39m, delivery: [32m'ambiguous'[39m }
  }
}

stderr | src/components/NativeTerminalPane.presentation.test.tsx > native terminal presentation retention > yields an exited native surface outside macOS so the disconnect overlay is not occluded
Native terminal IPC command failed {
  command: [32m'cmd_native_terminal_attach'[39m,
  error: {
    code: [32m'SPAWN_ATTEMPT_TIMEOUT'[39m,
    message: [32m'Shell startup was not confirmed. Retry to reconcile the same shell.'[39m,
    details: { stage: [32m'missingDurablePersistence'[39m, delivery: [32m'ambiguous'[39m }
  }
}

stderr | src/components/NativeTerminalPane.presentation.test.tsx > native terminal presentation retention > does not retain a first frame that arrives after the session exited
Native terminal IPC command failed {
  command: [32m'cmd_native_terminal_attach'[39m,
  error: {
    code: [32m'SPAWN_ATTEMPT_TIMEOUT'[39m,
    message: [32m'Shell startup was not confirmed. Retry to reconcile the same shell.'[39m,
    details: { stage: [32m'missingDurablePersistence'[39m, delivery: [32m'ambiguous'[39m }
  }
}

stderr | src/components/NativeTerminalPane.presentation.test.tsx > native terminal presentation retention > holds the final frame until a reconnected replacement is presented
Native terminal IPC command failed {
  command: [32m'cmd_native_terminal_attach'[39m,
  error: {
    code: [32m'SPAWN_ATTEMPT_TIMEOUT'[39m,
    message: [32m'Shell startup was not confirmed. Retry to reconcile the same shell.'[39m,
    details: { stage: [32m'missingDurablePersistence'[39m, delivery: [32m'ambiguous'[39m }
  }
}

stderr | src/components/NativeTerminalPane.presentation.test.tsx > native terminal presentation retention > holds the final frame until a reconnected replacement is presented
Native terminal IPC command failed {
  command: [32m'cmd_native_terminal_attach'[39m,
  error: {
    code: [32m'SPAWN_ATTEMPT_TIMEOUT'[39m,
    message: [32m'Shell startup was not confirmed. Retry to reconcile the same shell.'[39m,
    details: { stage: [32m'missingDurablePersistence'[39m, delivery: [32m'ambiguous'[39m }
  }
}

 ❯ src/components/NativeTerminalPane.presentation.test.tsx (14 tests | 12 failed) 89ms
   ✓ native terminal presentation retention > does not steal dialog focus when an earlier attachment finishes 20ms
   × native terminal presentation retention > keeps a presented macOS surface under a dialog without accepting terminal keys 9ms
     → expected [] to have a length of 1 but got +0
   × native terminal presentation retention > does not recover an in-flight input after a dialog takes ownership 7ms
     → expected [] to have a length of 1 but got +0
   × native terminal presentation retention > retains a shown final frame on exit, blocks input, and releases it on unmount ({}) 2ms
     → expected [] to have a length of 1 but got +0
   × native terminal presentation retention > retains a shown final frame on exit, blocks input, and releases it on unmount ({"daemonEpoch":"epoch-a","remoteGeneration":7,"remoteConnectionState":"connected"}) 2ms
     → expected [] to have a length of 1 but got +0
   × native terminal presentation retention > rebinds the same backend ID and fences the previous attach completion ({"daemonEpoch":"epoch-b","remoteGeneration":1}) 1ms
     → expected [] to have a length of 1 but got +0
   × native terminal presentation retention > rebinds the same backend ID and fences the previous attach completion ({"daemonEpoch":"epoch-a","remoteGeneration":2}) 2ms
     → expected [] to have a length of 1 but got +0
   × native terminal presentation retention > fences pending input recovery across a same-ID binding change ({"daemonEpoch":"epoch-b","remoteGeneration":1}) 3ms
     → expected [] to have a length of 2 but got +0
   × native terminal presentation retention > fences pending input recovery across a same-ID binding change ({"daemonEpoch":"epoch-a","remoteGeneration":2}) 3ms
     → expected [] to have a length of 2 but got +0
   ✓ native terminal presentation retention > does not attach a cold exited pane and leaves an opaque fallback 1ms
   × native terminal presentation retention > yields an exited native surface outside macOS so the disconnect overlay is not occluded 2ms
     → expected [] to have a length of 1 but got +0
   × native terminal presentation retention > never reattaches a dead PTY when retained-frame geometry recovery is requested 29ms
     → Unable to find an accessible element with the role "alert"

Here are the accessible roles:

  textbox:

  Name "Native terminal input":
  [36m<textarea[39m
    [33maria-label[39m=[32m"Native terminal input"[39m
    [33mclass[39m=[32m"pointer-events-none absolute left-0 top-0 h-px w-px resize-none border-0 bg-transparent p-0 opacity-0"[39m
    [33mdata-testid[39m=[32m"native-terminal-focus-sink"[39m
  [36m/>[39m

  --------------------------------------------------

Ignored nodes: comments, script, style
[36m<body>[39m
  [36m<div>[39m
    [36m<div[39m
      [33mclass[39m=[32m"terminal-host relative h-full w-full min-h-0 min-w-0 bg-transparent"[39m
      [33mdata-native-terminal-input-enabled[39m=[32m"false"[39m
      [33mdata-native-terminal-presented[39m=[32m"false"[39m
      [33mdata-native-terminal-visible[39m=[32m"true"[39m
      [33mdata-testid[39m=[32m"native-terminal-pane"[39m
    [36m>[39m
      [36m<div[39m
        [33mclass[39m=[32m"absolute inset-0"[39m
        [33mdata-testid[39m=[32m"native-terminal-viewport"[39m
      [36m>[39m
        [36m<textarea[39m
          [33maria-label[39m=[32m"Native terminal input"[39m
          [33mclass[39m=[32m"pointer-events-none absolute left-0 top-0 h-px w-px resize-none border-0 bg-transparent p-0 opacity-0"[39m
          [33mdata-testid[39m=[32m"native-terminal-focus-sink"[39m
        [36m/>[39m
      [36m</div>[39m
      [36m<div[39m
        [33mclass[39m=[32m"absolute inset-y-0 right-0 w-3 transition-opacity duration-150 opacity-0 pointer-events-none"[39m
        [33mdata-testid[39m=[32m"native-terminal-scrollbar-track"[39m
      [36m/>[39m
    [36m</div>[39m
  [36m</div>[39m
[36m</body>[39m
   × native terminal presentation retention > does not retain a first frame that arrives after the session exited 2ms
     → expected [] to have a length of 1 but got +0
   × native terminal presentation retention > holds the final frame until a reconnected replacement is presented 3ms
     → expected [] to deeply equal [ [ …(2) ] ]
 ✓ src/state/projectSwitchBack.test.tsx (7 tests) 189ms
 ✓ src/components/onboarding/WelcomeWizard.test.tsx (18 tests) 144ms
 ✓ src/lib/nativeTerminalVisibility.test.tsx (19 tests) 77ms
 ✓ src/state/workspaceStore.hmrRetention.test.tsx (2 tests) 14ms
 ✓ src/lib/pairedDaemonProject.test.ts (22 tests) 18ms
 ✓ src/components/settings/RemoteAccessSection.test.tsx (16 tests) 191ms
 ✓ src/components/TerminalFileLinkActions.test.tsx (15 tests) 382ms
 ✓ src/lib/sshHosts.test.tsx (16 tests) 24ms
 ✓ src/state/activityRenderChain.test.tsx (3 tests) 58ms
 ✓ src/remote/accountSessionRetention.test.tsx (6 tests) 19ms
 ❯ src/lib/updater.test.ts (23 tests | 1 failed) 17ms
   ✓ updater status machine > offers plugin updates when the channel is installer 3ms
   ✓ updater status machine > offers plugin updates when the channel is native 1ms
   ✓ updater status machine > starts idle 1ms
   ✓ updater status machine > moves through checking to available when an update exists 1ms
   ✓ updater status machine > returns to idle when the endpoint reports no update 0ms
   ✓ updater status machine > surfaces a check failure as an error state instead of throwing 1ms
   × updater status machine > reports monotonic download progress and relaunches after installation 3ms
     → expected "spy" to be called 1 times, but got 0 times
   ✓ updater status machine > surfaces a download failure as an error state 0ms
   ✓ updater status machine > refuses to download before an update has been found 0ms
   ✓ updater status machine > stops notifying an unsubscribed listener 0ms
   ✓ updater status machine > relaunches through the process plugin 0ms
   ✓ updater status machine > flushes workspace persistence guards before restarting for an installed update 0ms
   ✓ updater status machine > reads the running app version 0ms
   ✓ updater status machine > skips the update check when the install is Store-managed 0ms
   ✓ updater status machine > caches the Store-managed probe across checks 0ms
   ✓ updater status machine > treats a failed Store-managed probe as updater-owned 0ms
   ✓ periodic update polling > checks immediately, then once per interval until stopped 1ms
   ✓ periodic update polling > keeps re-checking while an update is offered so a newer release replaces it 1ms
   ✓ periodic update polling > does not re-check once an update is staged for install 1ms
   ✓ periodic update polling > never polls outside the desktop shell 0ms
   ✓ non-Tauri runtime > never touches the updater plugin outside the desktop shell 0ms
   ✓ non-Tauri runtime > reports an unknown version instead of calling into Tauri 0ms
   ✓ window close guards > keeps running every registered guard 0ms
 ✓ src/state/paneTree.test.ts (48 tests) 5ms
 ✓ src/components/settings/NotificationsSection.test.tsx (18 tests) 326ms
 ✓ src/components/BrowserToolbar.test.tsx (18 tests) 143ms
 ✓ src/lib/terminalTransport/terminalTransport.test.ts (11 tests) 6ms
 ✓ src/components/onboarding/PermissionsStep.test.tsx (13 tests) 97ms
 ✓ src/lib/terminalSettings.test.tsx (15 tests) 28ms
 ✓ src/lib/agentTitle.test.ts (22 tests) 6ms
 ✓ src/state/inactiveProjectWorktrees.paired.test.tsx (4 tests) 18ms
 ✓ src/lib/agentAutoResume.test.ts (13 tests) 15ms
 ✓ src/lib/directPathUpgrade.test.ts (42 tests) 13ms
 ✓ src/state/agentLifecycleTruth.test.ts (21 tests) 6ms
 ✓ src/state/workspaceStore.filePreviewTab.test.tsx (6 tests) 20ms
 ✓ src/features/ferryx/attention/attentionModel.test.ts (19 tests) 9ms
 ✓ src/components/onboarding/AgentsCliStep.test.tsx (15 tests) 118ms
 ✓ src/lib/linkRouting.fileRouting.test.ts (12 tests) 6ms
 ✓ src/lib/tabTitle.test.ts (25 tests) 7ms
 ✓ src/lib/terminalEvents.bus.test.ts (9 tests) 18ms
 ✓ src/components/TerminalSplitView.paneDrop.runtime.test.tsx (4 tests) 47ms
 ✓ src/remote/RemoteRouting.test.tsx (6 tests) 85ms
stderr | src/components/NativeTerminalPane.remoteDrop.test.tsx > NativeTerminalPane remote file drop integration > uploads dropped files to remote host and pastes remote paths on ssh session
Native terminal IPC command failed {
  command: [32m'cmd_native_terminal_attach'[39m,
  error: {
    code: [32m'SPAWN_ATTEMPT_TIMEOUT'[39m,
    message: [32m'Shell startup was not confirmed. Retry to reconcile the same shell.'[39m,
    details: { stage: [32m'missingDurablePersistence'[39m, delivery: [32m'ambiguous'[39m }
  }
}

stdout | src/components/NativeTerminalPane.remoteDrop.test.tsx > NativeTerminalPane remote file drop integration > uploads dropped files to remote host and pastes remote paths on ssh session
[ferryx:switch] {
  runId: [32m'6dc9a934-1e00-41db-8630-451c6511ef83'[39m,
  sequence: [33m1[39m,
  event: [32m'terminal.surface.input.accepted'[39m,
  wallTimeMs: [33m1791069404659[39m,
  details: {
    operationId: [32m'req-87628a98-term-drop-ssh-1'[39m,
    backendSessionId: [32m'term-drop-ssh'[39m,
    paneIdentity: [1mnull[22m,
    bindingKey: [1mnull[22m,
    attemptGeneration: [1mnull[22m,
    daemonEpoch: [1mnull[22m,
    incarnation: [1mnull[22m,
    payloadBytes: [33m67[39m,
    queuedAt: [33m1791069404659[39m
  }
}
[ferryx:switch] {
  runId: [32m'6dc9a934-1e00-41db-8630-451c6511ef83'[39m,
  sequence: [33m2[39m,
  event: [32m'terminal.surface.input.dispatch'[39m,
  wallTimeMs: [33m1791069404659[39m,
  details: {
    operationId: [32m'req-87628a98-term-drop-ssh-1'[39m,
    backendSessionId: [32m'term-drop-ssh'[39m,
    paneIdentity: [1mnull[22m,
    bindingKey: [1mnull[22m,
    attemptGeneration: [1mnull[22m,
    daemonEpoch: [1mnull[22m,
    incarnation: [1mnull[22m,
    dispatchedAt: [33m1791069404659[39m
  }
}

stderr | src/components/NativeTerminalPane.remoteDrop.test.tsx > NativeTerminalPane remote file drop integration > quotes Windows paths correctly with double quotes when path contains spaces
Native terminal IPC command failed {
  command: [32m'cmd_native_terminal_attach'[39m,
  error: {
    code: [32m'SPAWN_ATTEMPT_TIMEOUT'[39m,
    message: [32m'Shell startup was not confirmed. Retry to reconcile the same shell.'[39m,
    details: { stage: [32m'missingDurablePersistence'[39m, delivery: [32m'ambiguous'[39m }
  }
}

stdout | src/components/NativeTerminalPane.remoteDrop.test.tsx > NativeTerminalPane remote file drop integration > quotes Windows paths correctly with double quotes when path contains spaces
[ferryx:switch] {
  runId: [32m'6dc9a934-1e00-41db-8630-451c6511ef83'[39m,
  sequence: [33m3[39m,
  event: [32m'terminal.surface.input.accepted'[39m,
  wallTimeMs: [33m1791069404668[39m,
  details: {
    operationId: [32m'req-87628a98-term-drop-win-2'[39m,
    backendSessionId: [32m'term-drop-win'[39m,
    paneIdentity: [1mnull[22m,
    bindingKey: [1mnull[22m,
    attemptGeneration: [1mnull[22m,
    daemonEpoch: [1mnull[22m,
    incarnation: [1mnull[22m,
    payloadBytes: [33m40[39m,
    queuedAt: [33m1791069404668[39m
  }
}
[ferryx:switch] {
  runId: [32m'6dc9a934-1e00-41db-8630-451c6511ef83'[39m,
  sequence: [33m4[39m,
  event: [32m'terminal.surface.input.dispatch'[39m,
  wallTimeMs: [33m1791069404668[39m,
  details: {
    operationId: [32m'req-87628a98-term-drop-win-2'[39m,
    backendSessionId: [32m'term-drop-win'[39m,
    paneIdentity: [1mnull[22m,
    bindingKey: [1mnull[22m,
    attemptGeneration: [1mnull[22m,
    daemonEpoch: [1mnull[22m,
    incarnation: [1mnull[22m,
    dispatchedAt: [33m1791069404668[39m
  }
}

stderr | src/components/NativeTerminalPane.remoteDrop.test.tsx > NativeTerminalPane remote file drop integration > handles upload failure by showing toast error without pasting
Native terminal IPC command failed {
  command: [32m'cmd_native_terminal_attach'[39m,
  error: {
    code: [32m'SPAWN_ATTEMPT_TIMEOUT'[39m,
    message: [32m'Shell startup was not confirmed. Retry to reconcile the same shell.'[39m,
    details: { stage: [32m'missingDurablePersistence'[39m, delivery: [32m'ambiguous'[39m }
  }
}

stderr | src/components/NativeTerminalPane.remoteDrop.test.tsx > NativeTerminalPane remote file drop integration > cancels an in-flight upload through the progress toast and stays silent on UPLOAD_CANCELLED
Native terminal IPC command failed {
  command: [32m'cmd_native_terminal_attach'[39m,
  error: {
    code: [32m'SPAWN_ATTEMPT_TIMEOUT'[39m,
    message: [32m'Shell startup was not confirmed. Retry to reconcile the same shell.'[39m,
    details: { stage: [32m'missingDurablePersistence'[39m, delivery: [32m'ambiguous'[39m }
  }
}

 ✓ src/components/NativeTerminalPane.remoteDrop.test.tsx (4 tests) 147ms
stderr | src/remote/accountSessionFollowups.test.ts > Account Follow-ups: Sign-out, Auth Classification, and Last Target Persistence > Item A: Server-side sign-out (logoutAccountSession) > never throws when the server responds with 500 or 401 (best-effort)
Account session logout returned HTTP 500

stderr | src/remote/accountSessionFollowups.test.ts > Account Follow-ups: Sign-out, Auth Classification, and Last Target Persistence > Item A: Server-side sign-out (logoutAccountSession) > never throws when network fetch rejects (best-effort)
Account session logout request failed Network offline

 ✓ src/remote/accountSessionFollowups.test.ts (14 tests) 8ms
 ✓ src/lib/nativeTerminalLifecycle.test.ts (11 tests) 5ms
 ✓ src/lib/nativeMenu.test.ts (12 tests) 34ms
 ✓ src/components/dag/dagViewUtils.test.ts (20 tests) 3ms
 ✓ src/components/TerminalSplitView.mixedPaneLeaf.runtime.test.tsx (2 tests) 85ms
 ✓ src/remote/chat/MobileChatComposer.test.tsx (11 tests) 89ms
 ✓ src/state/workspaceStore.tabDrop.test.tsx (4 tests) 18ms
 ✓ src/state/paneGeometry.test.ts (16 tests) 5ms
 ✓ src/remote/chat/MobileChatWorkspace.test.tsx (14 tests) 114ms
 ✓ src/state/workspaceStore.browserPaneDrop.runtime.test.tsx (2 tests) 15ms
 ✓ src/components/dag/DagGraphView.test.tsx (15 tests) 153ms
 ✓ src/lib/sshRecovery.test.ts (14 tests) 8ms
 ✓ src/lib/browserWorktreeRestore.test.ts (6 tests) 7ms
 ✓ src/lib/notificationCenter/activityRecording.test.ts (10 tests) 7ms
 ✓ src/remote/AccountMachinesPage.test.tsx (4 tests) 14ms
 ✓ src/state/workspaceStore.paneDrop.runtime.test.tsx (3 tests) 16ms
 ✓ src/components/settings/TerminalSection.test.tsx (14 tests) 111ms
 ✓ src/remote/attachFraming.test.ts (6 tests) 11ms
 ✓ src/lib/fileTabPaths.test.ts (13 tests) 4ms
 ✓ src/lib/agentsSettings.test.ts (13 tests) 5ms
 ✓ src/state/workspaceStore.browserPaneLeafMove.runtime.test.tsx (2 tests) 12ms
 ✓ src/components/TerminalPane.sshReconnect.test.tsx (8 tests) 66ms
 ✓ src/lib/terminalLinkTarget.test.ts (19 tests) 7ms
stderr | src/components/TerminalSplitView.dragFeedbackVisibility.test.tsx > drop feedback visibility over native terminal surfaces > hides old native panes and shows the selected pane when switching tabs
Native terminal IPC command failed {
  command: [32m'cmd_native_terminal_attach'[39m,
  error: {
    code: [32m'SPAWN_ATTEMPT_TIMEOUT'[39m,
    message: [32m'Shell startup was not confirmed. Retry to reconcile the same shell.'[39m,
    details: { stage: [32m'missingDurablePersistence'[39m, delivery: [32m'ambiguous'[39m }
  }
}
Native terminal IPC command failed {
  command: [32m'cmd_native_terminal_attach'[39m,
  error: {
    code: [32m'SPAWN_ATTEMPT_TIMEOUT'[39m,
    message: [32m'Shell startup was not confirmed. Retry to reconcile the same shell.'[39m,
    details: { stage: [32m'missingDurablePersistence'[39m, delivery: [32m'ambiguous'[39m }
  }
}

stderr | src/components/TerminalSplitView.dragFeedbackVisibility.test.tsx > drop feedback visibility over native terminal surfaces > hides old native panes and shows the selected pane when switching tabs
Native terminal IPC command failed {
  command: [32m'cmd_native_terminal_attach'[39m,
  error: {
    code: [32m'SPAWN_ATTEMPT_TIMEOUT'[39m,
    message: [32m'Shell startup was not confirmed. Retry to reconcile the same shell.'[39m,
    details: { stage: [32m'missingDurablePersistence'[39m, delivery: [32m'ambiguous'[39m }
  }
}

stderr | src/components/TerminalSplitView.dragFeedbackVisibility.test.tsx > drop feedback visibility over native terminal surfaces > hides old native panes and shows the selected pane when switching tabs
Native terminal IPC command failed {
  command: [32m'cmd_native_terminal_attach'[39m,
  error: {
    code: [32m'SPAWN_ATTEMPT_TIMEOUT'[39m,
    message: [32m'Shell startup was not confirmed. Retry to reconcile the same shell.'[39m,
    details: { stage: [32m'missingDurablePersistence'[39m, delivery: [32m'ambiguous'[39m }
  }
}
Native terminal IPC command failed {
  command: [32m'cmd_native_terminal_attach'[39m,
  error: {
    code: [32m'SPAWN_ATTEMPT_TIMEOUT'[39m,
    message: [32m'Shell startup was not confirmed. Retry to reconcile the same shell.'[39m,
    details: { stage: [32m'missingDurablePersistence'[39m, delivery: [32m'ambiguous'[39m }
  }
}

stderr | src/components/TerminalSplitView.dragFeedbackVisibility.test.tsx > drop feedback visibility over native terminal surfaces > keeps both macOS panes visible while the targeted pane paints drop feedback
Native terminal IPC command failed {
  command: [32m'cmd_native_terminal_attach'[39m,
  error: {
    code: [32m'SPAWN_ATTEMPT_TIMEOUT'[39m,
    message: [32m'Shell startup was not confirmed. Retry to reconcile the same shell.'[39m,
    details: { stage: [32m'missingDurablePersistence'[39m, delivery: [32m'ambiguous'[39m }
  }
}
Native terminal IPC command failed {
  command: [32m'cmd_native_terminal_attach'[39m,
  error: {
    code: [32m'SPAWN_ATTEMPT_TIMEOUT'[39m,
    message: [32m'Shell startup was not confirmed. Retry to reconcile the same shell.'[39m,
    details: { stage: [32m'missingDurablePersistence'[39m, delivery: [32m'ambiguous'[39m }
  }
}

stderr | src/components/TerminalSplitView.dragFeedbackVisibility.test.tsx > drop feedback visibility over native terminal surfaces > suppresses only the targeted pane so other terminals stay visible during a drag
Native terminal IPC command failed {
  command: [32m'cmd_native_terminal_attach'[39m,
  error: {
    code: [32m'SPAWN_ATTEMPT_TIMEOUT'[39m,
    message: [32m'Shell startup was not confirmed. Retry to reconcile the same shell.'[39m,
    details: { stage: [32m'missingDurablePersistence'[39m, delivery: [32m'ambiguous'[39m }
  }
}
Native terminal IPC command failed {
  command: [32m'cmd_native_terminal_attach'[39m,
  error: {
    code: [32m'SPAWN_ATTEMPT_TIMEOUT'[39m,
    message: [32m'Shell startup was not confirmed. Retry to reconcile the same shell.'[39m,
    details: { stage: [32m'missingDurablePersistence'[39m, delivery: [32m'ambiguous'[39m }
  }
}

stderr | src/components/TerminalSplitView.dragFeedbackVisibility.test.tsx > drop feedback visibility over native terminal surfaces > restores the targeted pane surface when the pointer leaves every pane target
Native terminal IPC command failed {
  command: [32m'cmd_native_terminal_attach'[39m,
  error: {
    code: [32m'SPAWN_ATTEMPT_TIMEOUT'[39m,
    message: [32m'Shell startup was not confirmed. Retry to reconcile the same shell.'[39m,
    details: { stage: [32m'missingDurablePersistence'[39m, delivery: [32m'ambiguous'[39m }
  }
}
Native terminal IPC command failed {
  command: [32m'cmd_native_terminal_attach'[39m,
  error: {
    code: [32m'SPAWN_ATTEMPT_TIMEOUT'[39m,
    message: [32m'Shell startup was not confirmed. Retry to reconcile the same shell.'[39m,
    details: { stage: [32m'missingDurablePersistence'[39m, delivery: [32m'ambiguous'[39m }
  }
}

stderr | src/components/TerminalSplitView.dragFeedbackVisibility.test.tsx > drop feedback visibility over native terminal surfaces > restores native terminal surfaces when a drag is cancelled
Native terminal IPC command failed {
  command: [32m'cmd_native_terminal_attach'[39m,
  error: {
    code: [32m'SPAWN_ATTEMPT_TIMEOUT'[39m,
    message: [32m'Shell startup was not confirmed. Retry to reconcile the same shell.'[39m,
    details: { stage: [32m'missingDurablePersistence'[39m, delivery: [32m'ambiguous'[39m }
  }
}
Native terminal IPC command failed {
  command: [32m'cmd_native_terminal_attach'[39m,
  error: {
    code: [32m'SPAWN_ATTEMPT_TIMEOUT'[39m,
    message: [32m'Shell startup was not confirmed. Retry to reconcile the same shell.'[39m,
    details: { stage: [32m'missingDurablePersistence'[39m, delivery: [32m'ambiguous'[39m }
  }
}

 ✓ src/components/TerminalSplitView.dragFeedbackVisibility.test.tsx (5 tests) 105ms
 ✓ src/lib/agentConflictAdoption.test.ts (9 tests) 5ms
 ✓ src/remote/zeroConfigSecurityProbe.test.tsx (7 tests) 143ms
 ✓ src/components/RemoteDirectoryPicker.test.tsx (13 tests) 156ms
 ✓ src/remote/MobileHostDrawer.test.tsx (12 tests) 62ms
 ✓ src/state/workspaceStore.browserAdoption.test.tsx (5 tests) 17ms
 ✓ src/components/FilePreviewVideo.test.tsx (9 tests) 70ms
 ✓ src/lib/projectGrouping.test.ts (19 tests) 6ms
 ✓ src/lib/browserHistory.test.ts (18 tests) 6ms
 ✓ src/components/TabBar.fileTab.test.tsx (7 tests) 67ms
 ✓ src/lib/dagTypes.test.ts (9 tests) 4ms
 ✓ src/lib/agentReconnect.test.ts (9 tests) 112ms
 ✓ src/components/TerminalSplitView.shell.test.tsx (4 tests) 113ms
 ✓ src/remote/RemotePreferences.contract.test.tsx (3 tests) 107ms
 ✓ src/components/FilePreviewPane.openWith.test.tsx (6 tests) 75ms
 ✓ src/lib/terminalThroughput.regression.test.ts (4 tests) 64ms
 ✓ src/components/Sidebar.dnd.test.tsx (7 tests) 189ms
 ✓ src/components/dag/DagNodeInspector.test.tsx (13 tests) 143ms
 ✓ src/components/TerminalSplitView.paneHandleDrop.runtime.test.tsx (3 tests) 49ms
 ✓ src/components/settings/AgentsSection.test.tsx (12 tests) 563ms
 ✓ src/state/remoteHostStore.test.ts (13 tests) 10ms
 ✓ src/remote/remoteTerminalFrames.test.ts (34 tests) 4ms
 ✓ src/state/daemonRestartBatchRecovery.test.tsx (3 tests) 16ms
 ✓ src/lib/remoteProject.test.ts (12 tests) 5ms
 ✓ src/components/ShortcutHints.test.tsx (18 tests) 159ms
 ✓ src/lib/updateToast.test.ts (11 tests) 4ms
 ✓ src/lib/terminalOutput.test.ts (11 tests) 5ms
 ✓ src/state/browserSessionHydration.test.ts (6 tests) 6ms
 ✓ src/lib/notificationActivation.test.ts (7 tests) 4ms
 ✓ src/components/ProjectDialogs.pairedDaemon.test.tsx (10 tests) 131ms
 ✓ src/components/notification/AttentionAskPanel.test.tsx (11 tests) 87ms
 ✓ src/lib/previewMarkdown.test.ts (16 tests) 5ms
 ✓ src/components/SettingsDialog.update.test.tsx (5 tests) 725ms
   ✓ Settings > General software update control > shows running version, renders exactly two update buttons, and checks for updates on demand  563ms
 ✓ src/components/settings/BrowserSection.test.tsx (9 tests) 502ms
stdout | src/lib/paneLiveness.test.ts > classifyPaneLiveness > observePaneLiveness tracks real in-flight execution barrier
[ferryx:switch] {
  runId: [32m'20c5cf49-5318-40b6-9bbe-29a860a209ab'[39m,
  sequence: [33m1[39m,
  event: [32m'terminal.surface.input.accepted'[39m,
  wallTimeMs: [33m1791069453523[39m,
  details: {
    operationId: [32m'req-a5886a7d-session-real-barrier-1'[39m,
    backendSessionId: [32m'session-real-barrier'[39m,
    paneIdentity: [1mnull[22m,
    bindingKey: [1mnull[22m,
    attemptGeneration: [1mnull[22m,
    daemonEpoch: [1mnull[22m,
    incarnation: [1mnull[22m,
    payloadBytes: [33m10[39m,
    queuedAt: [33m1791069453523[39m
  }
}
[ferryx:switch] {
  runId: [32m'20c5cf49-5318-40b6-9bbe-29a860a209ab'[39m,
  sequence: [33m2[39m,
  event: [32m'terminal.surface.input.dispatch'[39m,
  wallTimeMs: [33m1791069453523[39m,
  details: {
    operationId: [32m'req-a5886a7d-session-real-barrier-1'[39m,
    backendSessionId: [32m'session-real-barrier'[39m,
    paneIdentity: [1mnull[22m,
    bindingKey: [1mnull[22m,
    attemptGeneration: [1mnull[22m,
    daemonEpoch: [1mnull[22m,
    incarnation: [1mnull[22m,
    dispatchedAt: [33m1791069453523[39m
  }
}

stdout | src/lib/paneLiveness.test.ts > classifyPaneLiveness > prioritizes held execution over queue backlog and asserts explicit ages with controlled clock
[ferryx:switch] {
  runId: [32m'20c5cf49-5318-40b6-9bbe-29a860a209ab'[39m,
  sequence: [33m3[39m,
  event: [32m'terminal.surface.input.accepted'[39m,
  wallTimeMs: [33m1791069453524[39m,
  details: {
    operationId: [32m'req-a5886a7d-sess-precedence-2'[39m,
    backendSessionId: [32m'sess-precedence'[39m,
    paneIdentity: [1mnull[22m,
    bindingKey: [1mnull[22m,
    attemptGeneration: [1mnull[22m,
    daemonEpoch: [1mnull[22m,
    incarnation: [1mnull[22m,
    payloadBytes: [33m10[39m,
    queuedAt: [33m1791069453524[39m
  }
}
[ferryx:switch] {
  runId: [32m'20c5cf49-5318-40b6-9bbe-29a860a209ab'[39m,
  sequence: [33m4[39m,
  event: [32m'terminal.surface.input.dispatch'[39m,
  wallTimeMs: [33m1791069453524[39m,
  details: {
    operationId: [32m'req-a5886a7d-sess-precedence-2'[39m,
    backendSessionId: [32m'sess-precedence'[39m,
    paneIdentity: [1mnull[22m,
    bindingKey: [1mnull[22m,
    attemptGeneration: [1mnull[22m,
    daemonEpoch: [1mnull[22m,
    incarnation: [1mnull[22m,
    dispatchedAt: [33m1791069453524[39m
  }
}
[ferryx:switch] {
  runId: [32m'20c5cf49-5318-40b6-9bbe-29a860a209ab'[39m,
  sequence: [33m5[39m,
  event: [32m'terminal.surface.input.accepted'[39m,
  wallTimeMs: [33m1791069453525[39m,
  details: {
    operationId: [32m'req-a5886a7d-sess-precedence-3'[39m,
    backendSessionId: [32m'sess-precedence'[39m,
    paneIdentity: [1mnull[22m,
    bindingKey: [1mnull[22m,
    attemptGeneration: [1mnull[22m,
    daemonEpoch: [1mnull[22m,
    incarnation: [1mnull[22m,
    payloadBytes: [33m10[39m,
    queuedAt: [33m1791069453534[39m
  }
}

stdout | src/lib/paneLiveness.test.ts > classifyPaneLiveness > prioritizes held execution over queue backlog and asserts explicit ages with controlled clock
[ferryx:switch] {
  runId: [32m'20c5cf49-5318-40b6-9bbe-29a860a209ab'[39m,
  sequence: [33m6[39m,
  event: [32m'terminal.surface.input.dispatch'[39m,
  wallTimeMs: [33m1791069453525[39m,
  details: {
    operationId: [32m'req-a5886a7d-sess-precedence-3'[39m,
    backendSessionId: [32m'sess-precedence'[39m,
    paneIdentity: [1mnull[22m,
    bindingKey: [1mnull[22m,
    attemptGeneration: [1mnull[22m,
    daemonEpoch: [1mnull[22m,
    incarnation: [1mnull[22m,
    dispatchedAt: [33m1791069453834[39m
  }
}

 ✓ src/lib/paneLiveness.test.ts (13 tests) 5ms
stderr | src/components/NativeTerminalPane.exitAttach.test.tsx > NativeTerminalPane abnormal exit attach handling > suppresses error badge and cancels retry when cmd_native_terminal_attach returns SESSION_NOT_FOUND with typed details
Native terminal IPC command failed {
  command: [32m'cmd_native_terminal_attach'[39m,
  error: {
    code: [32m'SPAWN_ATTEMPT_TIMEOUT'[39m,
    message: [32m'Shell startup was not confirmed. Retry to reconcile the same shell.'[39m,
    details: { stage: [32m'missingDurablePersistence'[39m, delivery: [32m'ambiguous'[39m }
  }
}

stderr | src/components/NativeTerminalPane.exitAttach.test.tsx > NativeTerminalPane abnormal exit attach handling > suppresses error badge and cancels retry when cmd_native_terminal_attach returns SESSION_NOT_FOUND with typed details
Native terminal IPC command failed {
  command: [32m'cmd_native_terminal_attach'[39m,
  error: {
    code: [32m'SPAWN_ATTEMPT_TIMEOUT'[39m,
    message: [32m'Shell startup was not confirmed. Retry to reconcile the same shell.'[39m,
    details: { stage: [32m'missingDurablePersistence'[39m, delivery: [32m'ambiguous'[39m }
  }
}

stderr | src/components/NativeTerminalPane.exitAttach.test.tsx > NativeTerminalPane abnormal exit attach handling > suppresses error badge and cancels retry when cmd_native_terminal_attach returns SESSION_NOT_FOUND with typed details
Native terminal IPC command failed {
  command: [32m'cmd_native_terminal_attach'[39m,
  error: {
    code: [32m'SPAWN_ATTEMPT_TIMEOUT'[39m,
    message: [32m'Shell startup was not confirmed. Retry to reconcile the same shell.'[39m,
    details: { stage: [32m'missingDurablePersistence'[39m, delivery: [32m'ambiguous'[39m }
  }
}

stderr | src/components/NativeTerminalPane.exitAttach.test.tsx > NativeTerminalPane abnormal exit attach handling > ignores late attach rejection without surfacing alert badge when session exits during in-flight attach
Native terminal IPC command failed {
  command: [32m'cmd_native_terminal_attach'[39m,
  error: {
    code: [32m'SPAWN_ATTEMPT_TIMEOUT'[39m,
    message: [32m'Shell startup was not confirmed. Retry to reconcile the same shell.'[39m,
    details: { stage: [32m'missingDurablePersistence'[39m, delivery: [32m'ambiguous'[39m }
  }
}

stderr | src/components/NativeTerminalPane.exitAttach.test.tsx > NativeTerminalPane abnormal exit attach handling > suppresses error badge for legacy INTERNAL_ERROR with exact Session not found message
Native terminal IPC command failed {
  command: [32m'cmd_native_terminal_attach'[39m,
  error: {
    code: [32m'SPAWN_ATTEMPT_TIMEOUT'[39m,
    message: [32m'Shell startup was not confirmed. Retry to reconcile the same shell.'[39m,
    details: { stage: [32m'missingDurablePersistence'[39m, delivery: [32m'ambiguous'[39m }
  }
}

stderr | src/components/NativeTerminalPane.exitAttach.test.tsx > NativeTerminalPane abnormal exit attach handling > suppresses error badge for legacy INTERNAL_ERROR with exact Session not found message
Native terminal IPC command failed {
  command: [32m'cmd_native_terminal_attach'[39m,
  error: {
    code: [32m'SPAWN_ATTEMPT_TIMEOUT'[39m,
    message: [32m'Shell startup was not confirmed. Retry to reconcile the same shell.'[39m,
    details: { stage: [32m'missingDurablePersistence'[39m, delivery: [32m'ambiguous'[39m }
  }
}

stderr | src/components/NativeTerminalPane.exitAttach.test.tsx > NativeTerminalPane abnormal exit attach handling > suppresses error badge for legacy INTERNAL_ERROR with exact Session not found message
Native terminal IPC command failed {
  command: [32m'cmd_native_terminal_attach'[39m,
  error: {
    code: [32m'SPAWN_ATTEMPT_TIMEOUT'[39m,
    message: [32m'Shell startup was not confirmed. Retry to reconcile the same shell.'[39m,
    details: { stage: [32m'missingDurablePersistence'[39m, delivery: [32m'ambiguous'[39m }
  }
}

stderr | src/components/NativeTerminalPane.exitAttach.test.tsx > NativeTerminalPane abnormal exit attach handling > preserves visible error badge for genuine operational errors like IO_ERROR or GPU surface failure
Native terminal IPC command failed {
  command: [32m'cmd_native_terminal_attach'[39m,
  error: {
    code: [32m'SPAWN_ATTEMPT_TIMEOUT'[39m,
    message: [32m'Shell startup was not confirmed. Retry to reconcile the same shell.'[39m,
    details: { stage: [32m'missingDurablePersistence'[39m, delivery: [32m'ambiguous'[39m }
  }
}

stderr | src/components/NativeTerminalPane.exitAttach.test.tsx > NativeTerminalPane abnormal exit attach handling > preserves visible error badge for genuine operational errors like IO_ERROR or GPU surface failure
Native terminal IPC command failed {
  command: [32m'cmd_native_terminal_attach'[39m,
  error: {
    code: [32m'SPAWN_ATTEMPT_TIMEOUT'[39m,
    message: [32m'Shell startup was not confirmed. Retry to reconcile the same shell.'[39m,
    details: { stage: [32m'missingDurablePersistence'[39m, delivery: [32m'ambiguous'[39m }
  }
}

stderr | src/components/NativeTerminalPane.exitAttach.test.tsx > NativeTerminalPane abnormal exit attach handling > preserves visible error badge for genuine operational errors like IO_ERROR or GPU surface failure
Native terminal IPC command failed {
  command: [32m'cmd_native_terminal_attach'[39m,
  error: {
    code: [32m'SPAWN_ATTEMPT_TIMEOUT'[39m,
    message: [32m'Shell startup was not confirmed. Retry to reconcile the same shell.'[39m,
    details: { stage: [32m'missingDurablePersistence'[39m, delivery: [32m'ambiguous'[39m }
  }
}

 ❯ src/components/NativeTerminalPane.exitAttach.test.tsx (4 tests | 2 failed) 66ms
   × NativeTerminalPane abnormal exit attach handling > suppresses error badge and cancels retry when cmd_native_terminal_attach returns SESSION_NOT_FOUND with typed details 49ms
     → expected <button type="button" …(3)></button> to be null
   ✓ NativeTerminalPane abnormal exit attach handling > ignores late attach rejection without surfacing alert badge when session exits during in-flight attach 4ms
   × NativeTerminalPane abnormal exit attach handling > suppresses error badge for legacy INTERNAL_ERROR with exact Session not found message 7ms
     → expected <button type="button" …(3)></button> to be null
   ✓ NativeTerminalPane abnormal exit attach handling > preserves visible error badge for genuine operational errors like IO_ERROR or GPU surface failure 6ms
 ✓ src/components/WorktreeDiskDialog.lifecycle.test.tsx (12 tests) 154ms
 ✓ src/lib/nativeWindowFocus.test.ts (10 tests) 17ms
 ✓ src/components/tab-dnd/SplitEdgeDropZone.test.tsx (12 tests) 26ms
 ✓ src/components/TerminalSplitView.browserDragVisibility.runtime.test.tsx (2 tests) 168ms
 ✓ src/lib/settingsRuntime.test.ts (10 tests) 27ms
 ✓ src/components/TerminalSplitView.paneFocus.test.tsx (6 tests) 121ms
 ✓ src/lib/whatsNew.test.ts (15 tests) 3ms
 ✓ src/components/BrowserPane.parity.test.tsx (5 tests) 113ms
 ✓ src/state/pairedProjectWorktrees.test.ts (7 tests) 1820ms
   ✓ listPairedProjectWorktrees transport retry > retries PAIRED_HOST_INVALID_RESPONSE and lists rows once the tunnel recovers  907ms
   ✓ listPairedProjectWorktrees transport retry > caps retry attempts at 2 resubmits  908ms
 ✓ src/lib/projectIdentity.test.ts (7 tests) 5ms
 ✓ src/lib/fileOpenTargets.test.ts (13 tests) 4ms
 ✓ src/state/sshActivity.integration.test.tsx (4 tests) 119ms
 ✓ src/components/Sidebar.sortableIdentity.test.tsx (3 tests) 126ms
 ✓ src/features/ferryx/control/attentionRows.test.ts (12 tests) 3ms
 ✓ src/components/FilePreviewText.readingControls.test.tsx (5 tests) 60ms
 ✓ src/components/BrowserPane.displayError.test.tsx (5 tests) 57ms
 ✓ src/state/tabDisplay.test.ts (9 tests) 5ms
 ✓ src/components/settings/PairedMachinesSection.test.tsx (7 tests) 114ms
 ✓ src/components/tab-dnd/SortableTab.fileExtras.test.tsx (7 tests) 85ms
 ✓ src/components/onboarding/CliStep.test.tsx (8 tests) 86ms
 ✓ src/lib/pathExistenceCache.test.ts (7 tests) 3ms
 ✓ src/components/TabBar.browserTab.runtime.test.tsx (2 tests) 113ms
 ✓ src/components/BrowserPane.test.tsx (6 tests) 47ms
 ✓ src/components/TerminalSplitView.dragOver.runtime.test.tsx (1 test) 26ms
 ✓ src/components/settings/AccountSignIn.test.tsx (3 tests) 65ms
 ✓ src/components/SettingsDialog.cli.test.tsx (6 tests) 705ms
   ✓ Settings > General Ferryx CLI launcher > shows the launcher location and opt-in install control when missing  600ms
 ✓ src/components/NativeTerminalPane.focusOwnership.test.tsx (4 tests) 67ms
 ✓ src/state/activityStatePersistence.test.ts (5 tests) 6ms
 ✓ src/remote/RemoteApp.accountAttach.test.tsx (3 tests) 166ms
 ✓ src/components/BrowserDownloadsShelf.test.tsx (6 tests) 40ms
 ✓ src/components/BrowserPane.findRace.test.tsx (3 tests) 45ms
 ✓ src/remote/deviceIdentity.test.tsx (9 tests) 51ms
 ✓ src/components/tab-dnd/SortableTab.agentIcon.test.tsx (6 tests) 53ms
 ✓ src/lib/storageKeys.test.ts (6 tests) 3ms
stderr | src/components/TerminalPane.exitAttach.integration.test.tsx > TerminalPane exit attach integration > propagates session unavailable on attach failure, transitions session to exited, and displays Shell exited overlay without error badge
Native terminal IPC command failed {
  command: [32m'cmd_native_terminal_attach'[39m,
  error: {
    code: [32m'SPAWN_ATTEMPT_TIMEOUT'[39m,
    message: [32m'Shell startup was not confirmed. Retry to reconcile the same shell.'[39m,
    details: { stage: [32m'missingDurablePersistence'[39m, delivery: [32m'ambiguous'[39m }
  }
}

stderr | src/components/TerminalPane.exitAttach.integration.test.tsx > TerminalPane exit attach integration > propagates session unavailable on attach failure, transitions session to exited, and displays Shell exited overlay without error badge
Native terminal IPC command failed {
  command: [32m'cmd_native_terminal_attach'[39m,
  error: {
    code: [32m'SPAWN_ATTEMPT_TIMEOUT'[39m,
    message: [32m'Shell startup was not confirmed. Retry to reconcile the same shell.'[39m,
    details: { stage: [32m'missingDurablePersistence'[39m, delivery: [32m'ambiguous'[39m }
  }
}

 ❯ src/components/TerminalPane.exitAttach.integration.test.tsx (1 test | 1 failed) 26ms
   × TerminalPane exit attach integration > propagates session unavailable on attach failure, transitions session to exited, and displays Shell exited overlay without error badge 25ms
     → expected "spy" to be called with arguments: [ 'term-pane-1', …(3) ][90m

Number of calls: [1m0[22m
[39m
 ✓ src/lib/ipynbParse.test.ts (10 tests) 4ms
 ✓ src/state/workspaceStore.ensureDedup.test.tsx (3 tests) 21ms
 ✓ src/state/workspaceRestoreDuplicateTab.test.tsx (1 test) 15ms
 ✓ src/features/ferryx/attention/AttentionInbox.test.tsx (8 tests) 89ms
 ✓ src/state/dagStore.test.ts (6 tests) 4ms
 ✓ src/remote/noisePrimitives.test.ts (4 tests) 7ms
 ✓ src/lib/browserRestoreSettings.test.ts (4 tests) 6ms
 ✓ src/components/BrowserPane.masking.test.tsx (5 tests) 47ms
 ✓ src/remote/resolveAccountOriginRetention.test.ts (11 tests) 5ms
 ✓ src/components/SettingsDialog.escape.test.tsx (5 tests) 239ms
 ✓ src/state/workspaceStore.sshReattach.test.ts (3 tests) 3ms
 ✓ src/components/Sidebar.activity.test.tsx (4 tests) 110ms
 ✓ src/state/workspaceStore.terminalExit.test.ts (5 tests) 3ms
 ✓ src/components/FilePreviewPane.chrome.test.tsx (4 tests) 26ms
 ✓ src/state/worktreeActivityAcrossSwitch.test.ts (4 tests) 3ms
 ✓ src/components/settings/RemoteSectionSignOut.test.tsx (3 tests) 93ms
 ✓ src/lib/windowsStoreMigration.test.ts (8 tests) 7ms
 ✓ src/state/layout.paneHandleDrop.runtime.test.ts (2 tests) 3ms
 ✓ src/remote/deviceIdentity.opera.test.ts (8 tests) 78ms
 ✓ src/components/SettingsDialog.ssh.test.tsx (2 tests) 137ms
 ✓ src/components/FilePreviewNotebook.test.tsx (7 tests) 46ms
 ✓ src/lib/localSplitContract.test.ts (6 tests) 2ms
 ✓ src/components/settings/AddMachineModal.test.tsx (10 tests) 71ms
 ✓ src/lib/previewHighlight.test.ts (5 tests) 136ms
 ✓ src/lib/browserSettings.test.ts (8 tests) 5ms
 ✓ src/lib/filePreviewReadingSettings.test.ts (5 tests) 2ms
 ✓ src/lib/pairedWorktreeActions.test.ts (4 tests) 5ms
 ✓ src/components/BrowserToolbar.devtools.test.tsx (5 tests) 85ms
 ✓ src/components/TerminalSplitView.browserPaneDrop.runtime.test.tsx (1 test) 32ms
 ✓ src/components/notification/NotificationCenterButton.test.tsx (7 tests) 70ms
 ✓ src/lib/generalSettings.test.ts (8 tests) 3ms
 ✓ src/components/notification/AttentionCountUnification.test.tsx (2 tests) 33ms
 ✓ src/components/TerminalSplitView.modalFocus.test.tsx (5 tests) 147ms
 ✓ src/components/BrowserDesignFeedbackPopover.test.tsx (5 tests) 63ms
 ✓ src/lib/hardWrappedPath.test.ts (10 tests) 3ms
stdout | src/lib/terminalThroughputMetrics.test.ts > snapshot > retains only the most recent samples once capacity is exceeded
[terminal-output] receive->drained { count: [33m4096[39m, p50Ms: [33m2049[39m, p95Ms: [33m3892[39m, maxMs: [33m4096[39m }

 ✓ src/lib/terminalThroughputMetrics.test.ts (14 tests) 5ms
 ✓ src/state/startupPaneAttention.integration.test.tsx (1 test) 36ms
 ✓ src/lib/sshRegistrationHeal.test.ts (5 tests) 4ms
 ✓ src/lib/browserPopup.test.ts (5 tests) 4ms
 ✓ src/components/TabBar.lifecycle.test.tsx (2 tests) 27ms
 ✓ src/state/workspaceStore.browserNavigation.test.tsx (4 tests) 17ms
 ✓ src/components/FilePreviewCsv.test.tsx (5 tests) 420ms
   ✓ FilePreviewCsv > displays truncation footer when body row count exceeds 5000  395ms
 ✓ src/lib/notificationPermissionHint.test.ts (7 tests) 3ms
 ✓ src/lib/pairedDaemonContracts.test.ts (78 tests) 8ms
 ✓ src/components/dag/DagNodeCard.test.tsx (7 tests) 28ms
 ✓ src/state/inactiveProjectWorktrees.remote.test.tsx (3 tests) 12ms
 ✓ src/state/parkedLifecycleRouting.test.tsx (1 test) 12ms
 ✓ src/lib/worktreeOwnership.test.ts (9 tests) 2ms
 ✓ src/components/dag/DagPaneBadge.ownership.test.tsx (10 tests) 34ms
 ✓ src/lib/shellReplacement.test.ts (5 tests) 5ms
 ✓ src/components/TerminalSplitView.pointerDrag.test.tsx (5 tests) 2ms
 ✓ src/lib/shortcutDiagnostics.test.tsx (4 tests) 14ms
 ✓ src/lib/agentIcon.test.tsx (10 tests) 3ms
 ✓ src/lib/closedTabStack.test.ts (5 tests) 2ms
 ✓ src/lib/activity.test.ts (5 tests) 2ms
 ✓ src/components/TerminalLinkActions.remember.test.tsx (5 tests) 85ms
 ✓ src/components/BrowserPane.privateHistory.test.tsx (2 tests) 25ms
 ✓ src/lib/terminalLinkHints.test.ts (12 tests) 2ms
 ❯ src/lib/sessionEpochRestore.test.ts (4 tests | 4 failed) 8ms
   × restoring a session whose PTY is still alive in the daemon > reattaches the live PTY even though no reducer ever recorded a daemon epoch 5ms
     → expected null to be '42' // Object.is equality
   × restoring a session whose PTY is still alive in the daemon > adopts the live epoch so the next save can detect a real daemon restart 1ms
     → expected 'backend-alive' to be null
   × restoring a session whose PTY is still alive in the daemon > abandons a session whose recorded epoch belongs to an older daemon 1ms
     → expected 'backend-alive' to be null
   × restoring a session whose PTY is still alive in the daemon > abandons a session the daemon no longer lists 1ms
     → expected 'backend-alive' to be null
 ✓ src/remote/RemoteApp.threadsEntry.test.tsx (3 tests) 175ms
 ✓ src/components/ui/sonner.test.tsx (7 tests) 295ms
 ✓ src/lib/clipboard.test.ts (5 tests) 9ms
 ✓ src/components/settings/GeneralSection.test.tsx (3 tests) 34ms
 ✓ src/components/Sidebar.sshActivity.test.tsx (4 tests) 50ms
 ✓ src/appearanceThemeContract.test.ts (7 tests) 148ms
 ✓ src/components/tab-dnd/redundantSplitDrop.test.ts (5 tests) 3ms
 ✓ src/lib/switchDebug.test.ts (9 tests) 4ms
 ✓ src/features/ferryx/design/session.test.ts (3 tests) 3ms
 ✓ src/remote/terminalGridProtocol.test.ts (7 tests) 2ms
 ✓ src/lib/filePreviewTypes.test.ts (11 tests) 3ms
 ✓ src/lib/pairedActionBoundaries.test.tsx (6 tests) 18ms
 ✓ src/lib/remoteClient.test.ts (5 tests) 3ms
 ✓ src/lib/branchFilter.test.ts (20 tests) 3ms
 ✓ src/components/Sidebar.paired.test.tsx (2 tests) 102ms
 ✓ src/components/onboarding/GettingStartedChecklist.test.tsx (8 tests) 72ms
 ✓ src/features/ferryx/control/desktopInventory.test.ts (6 tests) 2ms
 ✓ src/components/TerminalLinkActions.test.tsx (4 tests) 27ms
stderr | src/components/TerminalSplitView.paneHandleReach.test.tsx > pane handle reachability over a native terminal > overlays the handle only inside the narrow hotspot without shrinking the terminal
Native terminal IPC command failed {
  command: [32m'cmd_native_terminal_attach'[39m,
  error: {
    code: [32m'SPAWN_ATTEMPT_TIMEOUT'[39m,
    message: [32m'Shell startup was not confirmed. Retry to reconcile the same shell.'[39m,
    details: { stage: [32m'missingDurablePersistence'[39m, delivery: [32m'ambiguous'[39m }
  }
}

 ❯ src/components/TerminalSplitView.paneHandleReach.test.tsx (1 test | 1 failed) 41ms
   × pane handle reachability over a native terminal > overlays the handle only inside the narrow hotspot without shrinking the terminal 41ms
     → [2mexpect([22m[31melement[39m[2m).toHaveClass([22m[32m[32m"h-3"[32m[39m[2m)[22m

Expected the element to have class:
[32m  h-3[39m
Received:
[31m  absolute inset-x-0 top-0 z-30 flex h-5 items-center justify-between overflow-visible border-b border-border/30 bg-background/85 px-2 text-[11px] text-muted-foreground transition-opacity duration-150 select-none cursor-grab touch-none active:cursor-grabbing pointer-events-none opacity-0[39m
 ✓ src/lib/uuid.test.ts (7 tests) 4ms
 ✓ src/components/BrowserToolbar.omnibox.test.tsx (2 tests) 65ms
 ✓ src/components/FilePreviewPane.viewers.test.tsx (3 tests) 24ms
stderr | src/remote/RemoteBrowserControls.test.tsx > RemoteBrowserControls eval refusal > refuses on the structured PERMISSION_DENIED code
Warning: You provided a `checked` prop to a form field without an `onChange` handler. This will render a read-only field. If the field should be mutable use `defaultChecked`. Otherwise, set either `onChange` or `readOnly`.
    at input
    at label
    at div
    at div
    at RemoteBrowserControls (/Users/I552267/ferryx-pane-completion/source-5464da0d/ui/src/remote/RemoteBrowserControls.tsx:36:3)

stderr | src/remote/RemoteBrowserControls.test.tsx > RemoteBrowserControls eval refusal > does not refuse on message text alone
Warning: You provided a `checked` prop to a form field without an `onChange` handler. This will render a read-only field. If the field should be mutable use `defaultChecked`. Otherwise, set either `onChange` or `readOnly`.
    at input
    at label
    at div
    at div
    at RemoteBrowserControls (/Users/I552267/ferryx-pane-completion/source-5464da0d/ui/src/remote/RemoteBrowserControls.tsx:36:3)

stderr | src/remote/RemoteBrowserControls.test.tsx > RemoteBrowserControls refusals it decides locally > refuses an oversized eval script before dispatch
Warning: You provided a `checked` prop to a form field without an `onChange` handler. This will render a read-only field. If the field should be mutable use `defaultChecked`. Otherwise, set either `onChange` or `readOnly`.
    at input
    at label
    at div
    at div
    at RemoteBrowserControls (/Users/I552267/ferryx-pane-completion/source-5464da0d/ui/src/remote/RemoteBrowserControls.tsx:36:3)

 ✓ src/remote/RemoteBrowserControls.test.tsx (3 tests) 40ms
 ✓ src/lib/dagWatchRoots.test.ts (7 tests) 2ms
 ✓ src/state/attentionAcknowledgment.test.ts (4 tests) 6ms
 ✓ src/remote/noiseInterop.test.ts (1 test) 6ms
 ✓ src/components/TerminalPane.slowTunnel.test.tsx (1 test) 13ms
 ❯ src/lib/pairedDaemonRollout.test.ts (5 tests | 1 failed) 13ms
   ✓ new local accepts an older epoch with fewer capabilities but never dispatches unsupported operations 3ms
   ✓ failed renegotiation revokes prior admission: {"apiVersion":0,"daemonEpoch":"1","capabilities":[]} 1ms
   × failed renegotiation revokes prior admission: {"capabilities":["directoryBrowseV1","futureV9"]} 6ms
     → promise resolved "{ apiVersion: 1, …(7) }" instead of rejecting
   ✓ failed renegotiation revokes prior admission: {"accessScope":"mirror"} 1ms
   ✓ failed renegotiation revokes prior admission: {"machineId":"other-machine"} 1ms
 ✓ src/components/WorkspaceHeader.test.tsx (4 tests) 51ms
 ✓ src/lib/markdownToc.test.ts (5 tests) 3ms
 ✓ src/state/workspaceStore.cwdGuard.test.ts (3 tests) 2ms
 ✓ src/remote/RemoteReconnect.test.tsx (1 test) 51ms
 ✓ src/components/DaemonConnectionBanner.test.tsx (3 tests) 44ms
 ✓ src/lib/scopedContracts.test.ts (2 tests) 2ms
 ✓ src/lib/dagRemoteBadge.integration.test.tsx (2 tests) 71ms
 ✓ src/components/onboarding/IntroAndProjectSteps.test.tsx (6 tests) 72ms
 ✓ src/lib/cliOpenFile.test.ts (7 tests) 3ms
 ✓ src/state/paneTree.redundantSplit.test.ts (6 tests) 2ms
 ✓ src/remote/RemoteSsh.test.tsx (2 tests) 97ms
 ✓ src/lib/csvParse.test.ts (11 tests) 3ms
 ✓ src/components/TerminalSplitView.tabDropFallback.test.tsx (1 test) 43ms
 ✓ src/components/onboarding/AccountStep.test.tsx (4 tests) 44ms
 ✓ src/components/Sidebar.projectIdentity.test.tsx (2 tests) 78ms
 ✓ src/state/sidebarWorkspaceState.test.ts (8 tests) 3ms
 ✓ src/lib/fileTabIcon.test.ts (11 tests) 3ms
 ✓ src/test/pointerCapture.test.ts (5 tests) 5ms
 ✓ src/lib/notificationSettings.test.ts (5 tests) 8ms
 ✓ src/lib/pushSubscription.test.ts (2 tests) 3ms
 ✓ src/workspaceThemeContract.test.ts (6 tests) 7ms
 ✓ src/components/settings/TerminalSection.interaction.test.tsx (3 tests) 59ms
stderr | src/components/TerminalPane.nativeAlways.test.tsx > TerminalPane always routes to the native terminal surface > mounts the native pane for an active pane
Native terminal IPC command failed {
  command: [32m'cmd_native_terminal_attach'[39m,
  error: {
    code: [32m'SPAWN_ATTEMPT_TIMEOUT'[39m,
    message: [32m'Shell startup was not confirmed. Retry to reconcile the same shell.'[39m,
    details: { stage: [32m'missingDurablePersistence'[39m, delivery: [32m'ambiguous'[39m }
  }
}

stderr | src/components/TerminalPane.nativeAlways.test.tsx > TerminalPane always routes to the native terminal surface > mounts the native pane for an inactive split leaf
Native terminal IPC command failed {
  command: [32m'cmd_native_terminal_attach'[39m,
  error: {
    code: [32m'SPAWN_ATTEMPT_TIMEOUT'[39m,
    message: [32m'Shell startup was not confirmed. Retry to reconcile the same shell.'[39m,
    details: { stage: [32m'missingDurablePersistence'[39m, delivery: [32m'ambiguous'[39m }
  }
}

stderr | src/components/TerminalPane.nativeAlways.test.tsx > TerminalPane always routes to the native terminal surface > preserves the native pane across activity changes
Native terminal IPC command failed {
  command: [32m'cmd_native_terminal_attach'[39m,
  error: {
    code: [32m'SPAWN_ATTEMPT_TIMEOUT'[39m,
    message: [32m'Shell startup was not confirmed. Retry to reconcile the same shell.'[39m,
    details: { stage: [32m'missingDurablePersistence'[39m, delivery: [32m'ambiguous'[39m }
  }
}

stderr | src/components/TerminalPane.nativeAlways.test.tsx > TerminalPane always routes to the native terminal surface > keeps two simultaneous split-leaf panes on the native surface at once
Native terminal IPC command failed {
  command: [32m'cmd_native_terminal_attach'[39m,
  error: {
    code: [32m'SPAWN_ATTEMPT_TIMEOUT'[39m,
    message: [32m'Shell startup was not confirmed. Retry to reconcile the same shell.'[39m,
    details: { stage: [32m'missingDurablePersistence'[39m, delivery: [32m'ambiguous'[39m }
  }
}
Native terminal IPC command failed {
  command: [32m'cmd_native_terminal_attach'[39m,
  error: {
    code: [32m'SPAWN_ATTEMPT_TIMEOUT'[39m,
    message: [32m'Shell startup was not confirmed. Retry to reconcile the same shell.'[39m,
    details: { stage: [32m'missingDurablePersistence'[39m, delivery: [32m'ambiguous'[39m }
  }
}

 ✓ src/components/TerminalPane.nativeAlways.test.tsx (4 tests) 31ms
 ✓ src/components/BrowserPane.findError.test.tsx (1 test) 30ms
 ✓ src/state/projectWorkspaceScope.test.tsx (2 tests) 66ms
 ✓ src/state/dagRunOwnership.test.ts (5 tests) 2ms
 ✓ src/lib/sshAgentState.test.ts (1 test) 26ms
 ✓ src/remote/hangulComposition.test.ts (30 tests) 3ms
 ✓ src/lib/fileTabLabels.test.ts (9 tests) 3ms
 ✓ src/features/ferryx/design/overlay.test.ts (6 tests) 28ms
 ✓ src/manifest.test.ts (3 tests) 10ms
 ✓ src/components/CommandPalette.test.tsx (2 tests) 68ms
 ✓ src/lib/filePreviewTabRegistry.test.ts (3 tests) 3ms
 ✓ src/lib/paneDebugInfo.test.ts (3 tests) 2ms
 ✓ src/features/ferryx/push/client.test.ts (4 tests) 4ms
 ✓ src/remote/remoteTransport.test.ts (1 test) 2ms
 ✓ src/lib/sessionPersistence.customLabel.test.ts (2 tests) 4ms
 ✓ src/state/remoteHostStore.native.test.ts (4 tests) 2ms
 ✓ src/lib/markdownDocLink.test.ts (4 tests) 2ms
 ✓ src/components/onboarding/WhatsNewDialog.test.tsx (4 tests) 62ms
 ✓ src/components/onboarding/FeaturesStep.test.tsx (3 tests) 47ms
 ✓ src/lib/agentManifestBranding.test.ts (3 tests) 40ms
 ✓ src/lib/contextMenuGuard.test.ts (6 tests) 7ms
 ✓ src/test/setup.selectors.test.ts (3 tests) 6ms
 ✓ src/components/settings/BrowserSection.silentFailures.test.tsx (1 test) 148ms
 ✓ src/lib/notificationSoundWire.test.ts (5 tests) 3ms
 ✓ src/features/ferryx/chat/ManagedChat.test.tsx (1 test) 26ms
 ✓ src/remote/attentionInventory.test.ts (2 tests) 2ms
 ✓ src/components/settings/BrowserSection.failures.test.tsx (2 tests) 218ms
 ✓ src/lib/terminalEvents.test.ts (4 tests) 2ms
 ✓ src/components/FilePreviewPane.test.tsx (1 test) 13ms
 ✓ src/test/pairedDaemonFixtures.test.ts (4 tests) 3ms
 ✓ src/components/WorktreeDeleteDialog.owner.test.tsx (3 tests) 54ms
 ✓ src/components/FilePreviewPane.restore.test.tsx (1 test) 15ms
 ✓ src/nativeTerminalPresentationBacking.test.ts (1 test) 34ms
 ✓ src/components/notification/NotificationCenterPopover.placement.test.ts (4 tests) 2ms
 ✓ src/components/EmptyWorkspaceView.test.tsx (3 tests) 54ms
 ✓ src/components/settings/designTokens.test.ts (3 tests) 4ms
 ✓ src/components/settings/pairedDaemonGate.test.ts (2 tests) 2ms
 ✓ src/features/ferryx/control/control.test.tsx (2 tests) 1ms
 ✓ src/features/ferryx/design/DesignFeedback.test.tsx (1 test) 39ms
 ✓ src/index-html.test.ts (3 tests) 14ms
 ✓ src/lib/types.test.ts (3 tests) 2ms
 ✓ src/components/SettingsDialog.escapeUsable.test.tsx (2 tests) 146ms
 ✓ src/linuxTauriWindowConfig.test.ts (1 test) 13ms
 ✓ src/devRuntimeContract.test.ts (2 tests) 7ms
 ✓ src/features/ferryx/control/client.test.ts (2 tests) 3ms
 ✓ src/features/ferryx/ssh/model.test.ts (3 tests) 2ms
 ✓ src/App.pairedProjectContracts.test.ts (2 tests) 2ms
 ✓ src/features/ferryx/ssh/components.test.tsx (2 tests) 49ms
 ✓ src/lib/sshHosts.identity.test.ts (1 test) 2ms
 ✓ src/components/TabBar.appearance.test.tsx (1 test) 20ms
 ✓ src/lib/fileLinkRegression.test.ts (5 tests) 7ms
 ✓ src/lib/withTimeout.test.ts (4 tests) 15ms
 ✓ src/lib/pairedDaemonParity.test.ts (2143 tests) 90ms
 ✓ src/lib/ipcErrors.test.ts (2 tests) 1ms
 ✓ src/lib/terminalCwd.test.ts (2 tests) 1ms
 ✓ src/features/ferryx/control/selection.test.tsx (1 test) 58ms
 ✓ src/features/ferryx/chat/drafts.test.ts (1 test) 2ms
 ✓ src/nativeTerminalPlatformTransparency.test.ts (1 test) 1ms
 ✓ src/agentTabLogoContrast.test.ts (1 test) 1ms
 ✓ src/assets/ferryx-icon.test.ts (1 test) 1ms
 ✓ src/lib/agentStateExtension.test.ts (5 tests) 500ms
   ✓ ferryx-agent-state extension > subscribes to the events senpi actually emits  367ms
fatal: not a git repository (or any of the parent directories): .git
 ✓ src/test/viteHmrConfig.test.ts (1 test) 348ms
   ✓ Tauri Vite HMR configuration > uses one deterministic IPv4 loopback endpoint and polling file watching  347ms

⎯⎯⎯⎯⎯⎯ Failed Tests 243 ⎯⎯⎯⎯⎯⎯

 FAIL  src/App.pairedDaemon.test.tsx > App paired desktop shell > keeps local tabs and the palette mounted when inventory selection changes
AssertionError: expected "spy" to be called 1 times, but got 0 times
 ❯ src/App.pairedDaemon.test.tsx:225:42
    223|     expect(native.split).toBeTypeOf("function");
    224|     await act(async () => { native.split!(); });
    225|     expect(native.spawnTerminalDetailed).toHaveBeenCalledTimes(1);
       |                                          ^
    226|     expect(native.spawnTerminalDetailed).toHaveBeenLastCalledWith(expe…
    227|     await act(async () => { fireEvent.keyDown(window, { key: "Escape",…

⎯⎯⎯⎯⎯⎯⎯⎯⎯⎯⎯⎯⎯⎯⎯⎯⎯⎯⎯⎯⎯⎯[1/243]⎯

 FAIL  src/App.remote.test.tsx > App SSH project lifecycle > reattaches remote sessions after native startup without replacement and preserves their target and identity in the next save
Error: [vitest] No "subscribeUpdateStatus" export is defined on the "./lib/updater" mock. Did you forget to return it from "vi.mock"?
If you need to partially mock a module, you can use "importOriginal" helper inside:

vi[33m.[39m[34mmock[39m([35mimport[39m([32m"./lib/updater"[39m)[33m,[39m [35masync[39m (importOriginal) [33m=>[39m {
  [35mconst[39m actual [33m=[39m [35mawait[39m [34mimportOriginal[39m()
  [35mreturn[39m {
    [33m...[39mactual[33m,[39m
    [90m// your mocked methods[39m
  }
})

 ❯ startWhatsNewRecorder src/lib/whatsNew.ts:65:10
     63| 
     64| export function startWhatsNewRecorder(storage: Storage | null = browse…
     65|   return subscribeUpdateStatus((status) => {
       |          ^
     66|     if (status.state !== "downloaded") return;
     67|     if (status.version === undefined || status.releaseNotes === undefi…
 ❯ src/App.tsx:2553:12
 ❯ commitHookEffectListMount node_modules/react-dom/cjs/react-dom.development.js:23189:26
 ❯ commitPassiveMountOnFiber node_modules/react-dom/cjs/react-dom.development.js:24970:11
 ❯ commitPassiveMountEffects_complete node_modules/react-dom/cjs/react-dom.development.js:24930:9
 ❯ commitPassiveMountEffects_begin node_modules/react-dom/cjs/react-dom.development.js:24917:7
 ❯ commitPassiveMountEffects node_modules/react-dom/cjs/react-dom.development.js:24905:3
 ❯ flushPassiveEffectsImpl node_modules/react-dom/cjs/react-dom.development.js:27078:3

⎯⎯⎯⎯⎯⎯⎯⎯⎯⎯⎯⎯⎯⎯⎯⎯⎯⎯⎯⎯⎯⎯[2/243]⎯

 FAIL  src/App.test.tsx > App project workspace flow > keeps restored missing sessions in standby under the default Lazy policy
AssertionError: expected { id: 'dead-sess-1', …(17) } to match object { id: 'dead-sess-1', …(3) }
(14 matching properties omitted from actual)

[32m- Expected[39m
[31m+ Received[39m

[2m  {[22m
[32m-   "backendSessionId": "standby:dead-sess-1",[39m
[31m+   "backendSessionId": "dead-sess-1",[39m
[2m    "cwd": "/repo/main",[22m
[2m    "id": "dead-sess-1",[22m
[32m-   "lifecycle": "exited",[39m
[31m+   "lifecycle": "working",[39m
[2m  }[22m

 ❯ src/App.test.tsx:2393:51
    2391|     const restoredState = workspace.restoreWorkspace.mock.calls[0]?.[0…
    2392|     expect(restoredState).toBeDefined();
    2393|     expect(restoredState.sessions["dead-sess-1"]).toMatchObject({
       |                                                   ^
    2394|       id: "dead-sess-1",
    2395|       backendSessionId: "standby:dead-sess-1",

⎯⎯⎯⎯⎯⎯⎯⎯⎯⎯⎯⎯⎯⎯⎯⎯⎯⎯⎯⎯⎯⎯[3/243]⎯

 FAIL  src/App.test.tsx > App project workspace flow > reconciles live and missing sessions across split panes without auto-respawning dead sessions
AssertionError: expected { id: 'dead-sess-2', …(17) } to match object { id: 'dead-sess-2', …(2) }
(15 matching properties omitted from actual)

[32m- Expected[39m
[31m+ Received[39m

[2m  {[22m
[32m-   "backendSessionId": "standby:dead-sess-2",[39m
[31m+   "backendSessionId": "dead-sess-2",[39m
[2m    "id": "dead-sess-2",[22m
[32m-   "lifecycle": "exited",[39m
[31m+   "lifecycle": "working",[39m
[2m  }[22m

 ❯ src/App.test.tsx:2649:51
    2647|       lifecycle: "working",
    2648|     });
    2649|     expect(restoredState.sessions["dead-sess-2"]).toMatchObject({
       |                                                   ^
    2650|       id: "dead-sess-2",
    2651|       backendSessionId: "standby:dead-sess-2",

⎯⎯⎯⎯⎯⎯⎯⎯⎯⎯⎯⎯⎯⎯⎯⎯⎯⎯⎯⎯⎯⎯[4/243]⎯

 FAIL  src/App.test.tsx > App project workspace flow > reconciles daemonEpoch and lastOutputSequence on startup, marking epoch mismatch as exited
AssertionError: expected { id: 'sess-mismatch', …(17) } to match object { id: 'sess-mismatch', …(4) }
(13 matching properties omitted from actual)

[32m- Expected[39m
[31m+ Received[39m

[2m  {[22m
[32m-   "backendSessionId": "standby:sess-mismatch",[39m
[32m-   "daemonEpoch": null,[39m
[31m+   "backendSessionId": "live-backend-2",[39m
[31m+   "daemonEpoch": "epoch-OLD",[39m
[2m    "id": "sess-mismatch",[22m
[2m    "lastOutputSequence": null,[22m
[32m-   "lifecycle": "exited",[39m
[31m+   "lifecycle": "working",[39m
[2m  }[22m

 ❯ src/App.test.tsx:2728:53
    2726|     });
    2727|     // Mismatching epoch -> exited / lost
    2728|     expect(restoredState.sessions["sess-mismatch"]).toMatchObject({
       |                                                     ^
    2729|       id: "sess-mismatch",
    2730|       backendSessionId: "standby:sess-mismatch",

⎯⎯⎯⎯⎯⎯⎯⎯⎯⎯⎯⎯⎯⎯⎯⎯⎯⎯⎯⎯⎯⎯[5/243]⎯

 FAIL  src/App.test.tsx > App project workspace flow > reconciles stale sessions and triggers ensureSessionBackends on HMR handoff when daemon restarted
AssertionError: expected "spy" to be called with arguments: [ [ 'dead-sess-1' ] ][90m

Number of calls: [1m0[22m
[39m

Ignored nodes: comments, script, style
[36m<html[39m
  [33mdata-accent[39m=[32m"default"[39m
  [33mdata-density[39m=[32m"compact"[39m
  [33mdata-theme[39m=[32m"charcoal"[39m
  [33mdata-theme-preference[39m=[32m"charcoal"[39m
  [33mstyle[39m=[32m"color-scheme: dark; --terminal: #282c34; --terminal-rgb: 40 44 52;"[39m
[36m>[39m
  [36m<head />[39m
  [36m<body>[39m
    [36m<div>[39m
      [36m<div[39m
        [33mclass[39m=[32m"flex h-screen w-screen select-none overflow-hidden bg-background font-sans text-foreground"[39m
      [36m>[39m
        [36m<div[39m
          [33mclass[39m=[32m"selectable"[39m
          [33mdata-native-terminal-yield[39m=[32m"off"[39m
        [36m>[39m
          [36m<section[39m
            [33maria-atomic[39m=[32m"false"[39m
            [33maria-label[39m=[32m"Notifications alt+T"[39m
            [33maria-live[39m=[32m"polite"[39m
            [33maria-relevant[39m=[32m"additions text"[39m
            [33mdata-react-aria-top-layer[39m=[32m"true"[39m
            [33mtabindex[39m=[32m"-1"[39m
          [36m/>[39m
        [36m</div>[39m
        [36m<div[39m
          [33mdata-empty-workspaces[39m=[32m"[]"[39m
          [33mdata-open[39m=[32m"true"[39m
          [33mdata-testid[39m=[32m"mock-sidebar"[39m
        [36m>[39m
          [36m<button[39m
            [33mtype[39m=[32m"button"[39m
          [36m>[39m
            [0mHide sidebar[0m
          [36m</button>[39m
          [36m<button[39m
            [33mtype[39m=[32m"button"[39m
          [36m>[39m
            [0mOpen settings[0m
          [36m</button>[39m
          [36m<button[39m
            [33mtype[39m=[32m"button"[39m
          [36m>[39m
            [0mAdd project[0m
          [36m</button>[39m
          [36m<span>[39m
            [0mActive project [0m
            [0mdefault[0m
          [36m</span>[39m
          [36m<div>[39m
            [36m<button[39m
              [33mtype[39m=[32m"button"[39m
            [36m>[39m
              [0mProject [0m
              [0mdefault[0m
            [36m</button>[39m
            [36m<button[39m
              [33mtype[39m=[32m"button"[39m
            [36m>[39m
              [0mAdd worktree to [0m
              [0mdefault[0m
            [36m</button>[39m
            [36m<button[39m
              [33mtype[39m=[32m"button"[39m
            [36m>[39m
              [0mRemove project [0m
              [0mdefault[0m
            [36m</button>[39m
            [36m<div>[39m
              [36m<button[39m
                [33mtype[39m=[32m"button"[39m
              [36m>[39m
                [0mWorktree [0m
                [0m/repo/main[0m
              [36m</button>[39m
              [36m<button[39m
                [33mtype[39m=[32m"button"[39m
              [36m>[39m
                [0mDelete worktree [0m
                [0m/repo/main[0m
              [36m</button>[39m
            [36m</div>[39m
            [36m<div>[39m
              [36m<button[39m
                [33mtype[39m=[32m"button"[39m
              [36m>[39m
                [0mWorktree [0m
                [0m/repo/feature[0m
              [36m</button>[39m
              [36m<button[39m
                [33mtype[39m=[32m"button"[39m
              [36m>[39m
                [0mDelete worktree [0m
                [0m/repo/feature[0m
              [36m</button>[39m
            [36m</div>[39m
            [36m<div>[39m
              [36m<button[39m
                [33mtype[39m=[32m"button"[39m
              [36m>[39m
                [0mWorktree [0m
                [0m/repo/bugfix[0m
              [36m</button>[39m
              [36m<button[39m
                [33mtype[39m=[32m"button"[39m
              [36m>[39m
                [0mDelete worktree [0m
                [0m/repo/bugfix[0m
              [36m</button>[39m
            [36m</div>[39m
            [36m<div>[39m
              [36m<button[39m
                [33mtype[39m=[32m"button"[39m
              [36m>[39m
                [0mWorktree [0m
                [0m/repo/docs[0m
              [36m</button>[39m
              [36m<button[39m
                [33mtype[39m=[32m"button"[39m
              [36m>[39m
                [0mDelete worktree [0m
                [0m/repo/docs[0m
              [36m</button>[39m
            [36m</div>[39m
          [36m</div>[39m
        [36m</div>[39m
        [36m<main[39m
          [33mclass[39m=[32m"flex h-full min-w-0 flex-1 flex-col overflow-hidden bg-background"[39m
        [36m>[39m
          [36m<div[39m
            [33mdata-default-agent-id[39m=[32m""[39m
            [33mdata-search-leaf-id[39m=[32m""[39m
            [33mdata-testid[39m=[32m"terminal-split-view"[39m
          [36m>[39m
            [36m<button[39m
              [33mtype[39m=[32m"button"[39m
            [36m>[39m
              [0mClose fixture pane[0m
            [36m</button>[39m
            [36m<button[39m
              [33mtype[39m=[32m"button"[39m
            [36m>[39m
              [0mClose fixture tab[0m
            [36m</button>[39m
            [36m<button[39m
              [33mtype[39m=[32m"button"[39m
            [36m>[39m
              [0mNew browser tab[0m
            [36m</button>[39m
          [36m</div>[39m
        [36m</main>[39m
      [36m</div>[39m
    [36m</div>[39m
    [36m<div[39m
      [33maria-hidden[39m=[32m"true"[39m
      [33mclass[39m=[32m"pointer-events-none fixed inset-0 z-50"[39m
      [33mdata-shortcut-hints[39m=[32m"true"[39m
    [36m/>[39m
  [36m</body>[39m
[36m</html>[39m...
 ❯ src/App.test.tsx:3333:67
    3331| 
    3332|       await waitFor(() => expect(workspace.restoreWorkspace).toHaveBee…
    3333|       await waitFor(() => expect(workspace.ensureSessionBackends).toHa…
       |                                                                   ^
    3334|       expect(native.loadSession).not.toHaveBeenCalled();
    3335| 
 ❯ runWithExpensiveErrorDiagnosticsDisabled node_modules/@testing-library/dom/dist/config.js:47:12
 ❯ checkCallback node_modules/@testing-library/dom/dist/wait-for.js:124:77
 ❯ Timeout.checkRealTimersCallback node_modules/@testing-library/dom/dist/wait-for.js:118:16

⎯⎯⎯⎯⎯⎯⎯⎯⎯⎯⎯⎯⎯⎯⎯⎯⎯⎯⎯⎯⎯⎯[6/243]⎯

 FAIL  src/App.test.tsx > App project workspace flow > Wave 3a Onboarding and Welcome > auto-opens WelcomeWizard for a macOS status with missing permissions and zero projects
TestingLibraryElementError: Unable to find role="dialog" and name "Welcome to Ferryx"

Ignored nodes: comments, script, style
[36m<body>[39m
  [36m<div>[39m
    [36m<div[39m
      [33mclass[39m=[32m"flex h-screen w-screen select-none overflow-hidden bg-background font-sans text-foreground"[39m
    [36m>[39m
      [36m<div[39m
        [33mclass[39m=[32m"selectable"[39m
        [33mdata-native-terminal-yield[39m=[32m"off"[39m
      [36m>[39m
        [36m<section[39m
          [33maria-atomic[39m=[32m"false"[39m
          [33maria-label[39m=[32m"Notifications alt+T"[39m
          [33maria-live[39m=[32m"polite"[39m
          [33maria-relevant[39m=[32m"additions text"[39m
          [33mdata-react-aria-top-layer[39m=[32m"true"[39m
          [33mtabindex[39m=[32m"-1"[39m
        [36m/>[39m
      [36m</div>[39m
      [36m<div[39m
        [33mdata-empty-workspaces[39m=[32m"[]"[39m
        [33mdata-open[39m=[32m"true"[39m
        [33mdata-testid[39m=[32m"mock-sidebar"[39m
      [36m>[39m
        [36m<button[39m
          [33mtype[39m=[32m"button"[39m
        [36m>[39m
          [0mHide sidebar[0m
        [36m</button>[39m
        [36m<button[39m
          [33mtype[39m=[32m"button"[39m
        [36m>[39m
          [0mOpen settings[0m
        [36m</button>[39m
        [36m<button[39m
          [33mtype[39m=[32m"button"[39m
        [36m>[39m
          [0mAdd project[0m
        [36m</button>[39m
        [36m<span>[39m
          [0mActive project [0m
          [0mdefault[0m
        [36m</span>[39m
      [36m</div>[39m
      [36m<main[39m
        [33mclass[39m=[32m"flex h-full min-w-0 flex-1 flex-col overflow-hidden bg-background"[39m
      [36m>[39m
        [36m<div[39m
          [33mclass[39m=[32m"flex h-full flex-1 flex-col items-center justify-center gap-4 overflow-y-auto bg-background py-6"[39m
          [33mdata-testid[39m=[32m"no-projects-view"[39m
        [36m>[39m
          [36m<div[39m
            [33mclass[39m=[32m"w-full max-w-md px-4"[39m
          [36m>[39m
            [36m<div>[39m
              [36m<p[39m
                [33mclass[39m=[32m"text-[15px] font-semibold tracking-tight text-foreground"[39m
              [36m>[39m
                [0mNo projects[0m
              [36m</p>[39m
              [36m<p[39m
                [33mclass[39m=[32m"mt-1 text-[13px] text-muted-foreground"[39m
              [36m>[39m
                [0mAdd a project to open a terminal workspace.[0m
              [36m</p>[39m
            [36m</div>[39m
            [36m<div[39m
              [33mclass[39m=[32m"mt-4 grid gap-2"[39m
            [36m>[39m
              [36m<button[39m
                [33maria-label[39m=[32m"Add Project"[39m
                [33mclass[39m=[32m"group flex w-full items-center gap-3 rounded-md border border-border px-4 py-3 text-left transition-colors hover:bg-accent focus-visible:outline-none focus-visible:ring-1 focus-visible:ring-ring"[39m
                [33mdata-testid[39m=[32m"checklist-add-project"[39m
                [33mtype[39m=[32m"button"[39m
              [36m>[39m
                [36m<div[39m
                  [33mclass[39m=[32m"grid size-8 shrink-0 place-items-center rounded-md bg-accent/60"[39m
                [36m>[39m
                  [36m<svg[39m
                    [33mclass[39m=[32m"lucide lucide-folder-plus size-4 text-foreground"[39m
                    [33mfill[39m=[32m"none"[39m
                    [33mheight[39m=[32m"24"[39m
                    [33mstroke[39m=[32m"currentColor"[39m
                    [33mstroke-linecap[39m=[32m"round"[39m
                    [33mstroke-linejoin[39m=[32m"round"[39m
                    [33mstroke-width[39m=[32m"2"[39m
                    [33mviewBox[39m=[32m"0 0 24 24"[39m
                    [33mwidth[39m=[32m"24"[39m
                    [33mxmlns[39m=[32m"http://www.w3.org/2000/svg"[39m
                  [36m>[39m
                    [36m<path[39m
                      [33md[39m=[32m"M12 10v6"[39m
                    [36m/>[39m
                    [36m<path[39m
                      [33md[39m=[32m"M9 13h6"[39m
                    [36m/>[39m
                    [36m<path[39m
                      [33md[39m=[32m"M20 20a2 2 0 0 0 2-2V8a2 2 0 0 0-2-2h-7.9a2 2 0 0 1-1.69-.9L9.6 3.9A2 2 0 0 0 7.93 3H4a2 2 0 0 0-2 2v13a2 2 0 0 0 2 2Z"[39m
                    [36m/>[39m
                  [36m</svg>[39m
                [36m</div>[39m
                [36m<div[39m
                  [33mclass[39m=[32m"min-w-0 flex-1"[39m
                [36m>[39m
                  [36m<div[39m
                    [33mclass[39m=[32m"text-[13px] font-medium text-foreground"[39m
                  [36m>[39m
                    [0mAdd Project[0m
                  [36m</div>[39m
                  [36m<div[39m
                    [33mclass[39m=[32m"mt-0.5 text-[12px] leading-relaxed text-muted-foreground"[39m
                  [36m>[39m
                    [0mPick a folder on this computer. Git repositories unlock worktrees.[0m
                  [36m</div>[39m
                [36m</div>[39m
                [36m<svg[39m
                  [33mclass[39m=[32m"lucide lucide-chevron-right ml-auto size-4 shrink-0 text-muted-foreground"[39m
                  [33mfill[39m=[32m"none"[39m
                  [33mheight[39m=[32m"24"[39m
                  [33mstroke[39m=[32m"currentColor"[39m
                  [33mstroke-linecap[39m=[32m"round"[39m
                  [33mstroke-linejoin[39m=[32m"round"[39m
                  [33mstroke-width[39m=[32m"2"[39m
                  [33mviewBox[39m=[32m"0 0 24 24"[39m
                  [33mwidth[39m=[32m"24"[39m
                  [33mxmlns[39m=[32m"http://www.w3.org/2000/svg"[39m
                [36m>[39m
                  [36m<path[39m
                    [33md[39m=[32m"m9 18 6-6-6-6"[39m
                  [36m/>[39m
                [36m</svg>[39m
              [36m</button>[39m
              [36m<button[39m
                [33maria-label[39m=[32m"Connect machine"[39m
                [33mclass[39m=[32m"group flex w-full items-center gap-3 rounded-md border border-border px-4 py-3 text-left transition-colors hover:bg-accent focus-visible:outline-none focus-visible:ring-1 focus-visible:ring-ring"[39m
                [33mdata-testid[39m=[32m"checklist-connect-machine"[39m
                [33mtype[39m=[32m"button"[39m
              [36m>[39m
                [36m<div[39m
                  [33mclass[39m=[32m"grid size-8 shrink-0 place-items-center rounded-md bg-accent/60"[39m
                [36m>[39m
                  [36m<svg[39m
                    [33mclass[39m=[32m"lucide lucide-monitor size-4 text-foreground"[39m
                    [33mfill[39m=[32m"none"[39m
                    [33mheight[39m=[32m"24"[39m
                    [33mstroke[39m=[32m"currentColor"[39m
                    [33mstroke-linecap[39m=[32m"round"[39m
                    [33mstroke-linejoin[39m=[32m"round"[39m
                    [33mstroke-width[39m=[32m"2"[39m
                    [33mviewBox[39m=[32m"0 0 24 24"[39m
                    [33mwidth[39m=[32m"24"[39m
                    [33mxmlns[39m=[32m"http://www.w3.org/2000/svg"[39m
                  [36m>[39m
                    [36m<rect[39m
                      [33mheight[39m=[32m"14"[39m
                      [33mrx[39m=[32m"2"[39m
                      [33mwidth[39m=[32m"20"[39m
                      [33mx[39m=[32m"2"[39m
                      [33my[39m=[32m"3"[39m
                    [36m/>[39m
                    [36m<line[39m
                      [33mx1[39m=[32m"8"[39m
                      [33mx2[39m=[32m"16"[39m
                      [33my1[39m=[32m"21"[39m
                      [33my2[39m=[32m"21"[39m
                    [36m/>[39m
                    [36m<line[39m
                      [33mx1[39m=[32m"12"[39m
                      [33mx2[39m=[32m"12"[39m
                      [33my1[39m=[32m"17"[39m
                      [33my2[39m=[32m"21"[39m
                    [36m/>[39m
                  [36m</svg>[39m
                [36m</div>[39m
                [36m<div[39m
                  [33mclass[39m=[32m"min-w-0 flex-1"[39m
                [36m>[39m
                  [36m<div[39m
                    [33mclass[39m=[32m"text-[13px] font-medium text-foreground"[39m
                  [36m>[39m
                    [0mConnect a machine[0m
                  [36m</div>[39m
                  [36m<div[39m
                    [33mclass[39m=[32m"mt-0.5 text-[12px] leading-relaxed text-muted-foreground"[39m
                  [36m>[39m
                    [0mPair another computer through your Ferryx account.[0m
                  [36m</div>[39m
                [36m</div>[39m
                [36m<svg[39m
                  [33mclass[39m=[32m"lucide lucide-chevron-right ml-auto size-4 shrink-0 text-muted-foreground"[39m
                  [33mfill[39m=[32m"none"[39m
                  [33mheight[39m=[32m"24"[39m
                  [33mstroke[39m=[32m"currentColor"[39m
                  [33mstroke-linecap[39m=[32m"round"[39m
                  [33mstroke-linejoin[39m=[32m"round"[39m
                  [33mstroke-width[39m=[32m"2"[39m
                  [33mviewBox[39m=[32m"0 0 24 24"[39m
                  [33mwidth[39m=[32m"24"[39m
                  [33mxmlns[39m=[32m"http://www.w3.org/2000/svg"[39m
                [36m>[39m
                  [36m<path[39m
                    [33md[39m=[32m"m9 18 6-6-6-6"[39m
                  [36m/>[39m
                [36m</svg>[39m
              [36m</button>[39m
            [36m</div>[39m
            [36m<div[39m
              [33mclass[39m=[32m"mt-4 flex items-center justify-between gap-3 border-t border-border pt-4"[39m
              [33mdata-testid[39m=[32m"checklist-review-setup"[39m
            [36m>[39m
              [36m<span[39m
                [33mclass[39m=[32m"text-[12px] text-muted-foreground"[39m
              [36m>[39m
                [0mPermissions, agents, and CLI[0m
              [36m</span>[39m
              [36m<button[39m
                [33mclass[39m=[32m"inline-flex items-center justify-center gap-2 whitespace-nowrap font-medium transition-colors focus-visible:outline-none focus-visible:ring-1 focus-visible:ring-ring disabled:pointer-events-none disabled:opacity-50 [&_svg]:pointer-events-none [&_svg]:size-4 [&_svg]:shrink-0 hover:bg-accent hover:text-accent-foreground h-8 rounded-md px-3 text-xs"[39m
                [33mtype[39m=[32m"button"[39m
              [36m>[39m
                [0mOpen Welcome Setup[0m
              [36m</button>[39m
            [36m</div>[39m
          [36m</div>[39m
        [36m</div>[39m
      [36m</main>[39m
    [36m</div>[39m
  [36m</div>[39m
  [36m<div[39m
    [33maria-hidden[39m=[32m"true"[39m
    [33mclass[39m=[32m"pointer-events-none fixed inset-0 z-50"[39m
    [33mdata-shortcut-hints[39m=[32m"true"[39m
  [36m/>[39m
[36m</body>[39m

Ignored nodes: comments, script, style
[36m<body>[39m
  [36m<div>[39m
    [36m<div[39m
      [33mclass[39m=[32m"flex h-screen w-screen select-none overflow-hidden bg-background font-sans text-foreground"[39m
    [36m>[39m
      [36m<div[39m
        [33mclass[39m=[32m"selectable"[39m
        [33mdata-native-terminal-yield[39m=[32m"off"[39m
      [36m>[39m
        [36m<section[39m
          [33maria-atomic[39m=[32m"false"[39m
          [33maria-label[39m=[32m"Notifications alt+T"[39m
          [33maria-live[39m=[32m"polite"[39m
          [33maria-relevant[39m=[32m"additions text"[39m
          [33mdata-react-aria-top-layer[39m=[32m"true"[39m
          [33mtabindex[39m=[32m"-1"[39m
        [36m/>[39m
      [36m</div>[39m
      [36m<div[39m
        [33mdata-empty-workspaces[39m=[32m"[]"[39m
        [33mdata-open[39m=[32m"true"[39m
        [33mdata-testid[39m=[32m"mock-sidebar"[39m
      [36m>[39m
        [36m<button[39m
          [33mtype[39m=[32m"button"[39m
        [36m>[39m
          [0mHide sidebar[0m
        [36m</button>[39m
        [36m<button[39m
          [33mtype[39m=[32m"button"[39m
        [36m>[39m
          [0mOpen settings[0m
        [36m</button>[39m
        [36m<button[39m
          [33mtype[39m=[32m"button"[39m
        [36m>[39m
          [0mAdd project[0m
        [36m</button>[39m
        [36m<span>[39m
          [0mActive project [0m
          [0mdefault[0m
        [36m</span>[39m
      [36m</div>[39m
      [36m<main[39m
        [33mclass[39m=[32m"flex h-full min-w-0 flex-1 flex-col overflow-hidden bg-background"[39m
      [36m>[39m
        [36m<div[39m
          [33mclass[39m=[32m"flex h-full flex-1 flex-col items-center justify-center gap-4 overflow-y-auto bg-background py-6"[39m
          [33mdata-testid[39m=[32m"no-projects-view"[39m
        [36m>[39m
          [36m<div[39m
            [33mclass[39m=[32m"w-full max-w-md px-4"[39m
          [36m>[39m
            [36m<div>[39m
              [36m<p[39m
                [33mclass[39m=[32m"text-[15px] font-semibold tracking-tight text-foreground"[39m
              [36m>[39m
                [0mNo projects[0m
              [36m</p>[39m
              [36m<p[39m
                [33mclass[39m=[32m"mt-1 text-[13px] text-muted-foreground"[39m
              [36m>[39m
                [0mAdd a project to open a terminal workspace.[0m
              [36m</p>[39m
            [36m</div>[39m
            [36m<div[39m
              [33mclass[39m=[32m"mt-4 grid gap-2"[39m
            [36m>[39m
              [36m<button[39m
                [33maria-label[39m=[32m"Add Project"[39m
                [33mclass[39m=[32m"group flex w-full items-center gap-3 rounded-md border border-border px-4 py-3 text-left transition-colors hover:bg-accent focus-visible:outline-none focus-visible:ring-1 focus-visible:ring-ring"[39m
                [33mdata-testid[39m=[32m"checklist-add-project"[39m
                [33mtype[39m=[32m"button"[39m
              [36m>[39m
                [36m<div[39m
                  [33mclass[39m=[32m"grid size-8 shrink-0 place-items-center rounded-md bg-accent/60"[39m
                [36m>[39m
                  [36m<svg[39m
                    [33mclass[39m=[32m"lucide lucide-folder-plus size-4 text-foreground"[39m
                    [33mfill[39m=[32m"none"[39m
                    [33mheight[39m=[32m"24"[39m
                    [33mstroke[39m=[32m"currentColor"[39m
                    [33mstroke-linecap[39m=[32m"round"[39m
                    [33mstroke-linejoin[39m=[32m"round"[39m
                    [33mstroke-width[39m=[32m"2"[39m
                    [33mviewBox[39m=[32m"0 0 24 24"[39m
                    [33mwidth[39m=[32m"24"[39m
                    [33mxmlns[39m=[32m"http://www.w3.org/2000/svg"[39m
                  [36m>[39m
                    [36m<path[39m
                      [33md[39m=[32m"M12 10v6"[39m
                    [36m/>[39m
                    [36m<path[39m
                      [33md[39m=[32m"M9 13h6"[39m
                    [36m/>[39m
                    [36m<path[39m
                      [33md[39m=[32m"M20 20a2 2 0 0 0 2-2V8a2 2 0 0 0-2-2h-7.9a2 2 0 0 1-1.69-.9L9.6 3.9A2 2 0 0 0 7.93 3H4a2 2 0 0 0-2 2v13a2 2 0 0 0 2 2Z"[39m
                    [36m/>[39m
                  [36m</svg>[39m
                [36m</div>[39m
                [36m<div[39m
                  [33mclass[39m=[32m"min-w-0 flex-1"[39m
                [36m>[39m
                  [36m<div[39m
                    [33mclass[39m=[32m"text-[13px] font-medium text-foreground"[39m
                  [36m>[39m
                    [0mAdd Project[0m
                  [36m</div>[39m
                  [36m<div[39m
                    [33mclass[39m=[32m"mt-0.5 text-[12px] leading-relaxed text-muted-foreground"[39m
                  [36m>[39m
                    [0mPick a folder on this computer. Git repositories unlock worktrees.[0m
                  [36m</div>[39m
                [36m</div>[39m
                [36m<svg[39m
                  [33mclass[39m=[32m"lucide lucide-chevron-right ml-auto size-4 shrink-0 text-muted-foreground"[39m
                  [33mfill[39m=[32m"none"[39m
                  [33mheight[39m=[32m"24"[39m
                  [33mstroke[39m=[32m"currentColor"[39m
                  [33mstroke-linecap[39m=[32m"round"[39m
                  [33mstroke-linejoin[39m=[32m"round"[39m
                  [33mstroke-width[39m=[32m"2"[39m
                  [33mviewBox[39m=[32m"0 0 24 24"[39m
                  [33mwidth[39m=[32m"24"[39m
                  [33mxmlns[39m=[32m"http://www.w3.org/2000/svg"[39m
                [36m>[39m
                  [36m<path[39m
                    [33md[39m=[32m"m9 18 6-6-6-6"[39m
                  [36m/>[39m
                [36m</svg>[39m
              [36m</button>[39m
              [36m<button[39m
                [33maria-label[39m=[32m"Connect machine"[39m
                [33mclass[39m=[32m"group flex w-full items-center gap-3 rounded-md border border-border px-4 py-3 text-left transition-colors hover:bg-accent focus-visible:outline-none focus-visible:ring-1 focus-visible:ring-ring"[39m
                [33mdata-testid[39m=[32m"checklist-connect-machine"[39m
                [33mtype[39m=[32m"button"[39m
              [36m>[39m
                [36m<div[39m
                  [33mclass[39m=[32m"grid size-8 shrink-0 place-items-center rounded-md bg-accent/60"[39m
                [36m>[39m
                  [36m<svg[39m
                    [33mclass[39m=[32m"lucide lucide-monitor size-4 text-foreground"[39m
                    [33mfill[39m=[32m"none"[39m
                    [33mheight[39m=[32m"24"[39m
                    [33mstroke[39m=[32m"currentColor"[39m
                    [33mstroke-linecap[39m=[32m"round"[39m
                    [33mstroke-linejoin[39m=[32m"round"[39m
                    [33mstroke-width[39m=[32m"2"[39m
                    [33mviewBox[39m=[32m"0 0 24 24"[39m
                    [33mwidth[39m=[32m"24"[39m
                    [33mxmlns[39m=[32m"http://www.w3.org/2000/svg"[39m
                  [36m>[39m
                    [36m<rect[39m
                      [33mheight[39m=[32m"14"[39m
                      [33mrx[39m=[32m"2"[39m
                      [33mwidth[39m=[32m"20"[39m
                      [33mx[39m=[32m"2"[39m
                      [33my[39m=[32m"3"[39m
                    [36m/>[39m
                    [36m<line[39m
                      [33mx1[39m=[32m"8"[39m
                      [33mx2[39m=[32m"16"[39m
                      [33my1[39m=[32m"21"[39m
                      [33my2[39m=[32m"21"[39m
                    [36m/>[39m
                    [36m<line[39m
                      [33mx1[39m=[32m"12"[39m
                      [33mx2[39m=[32m"12"[39m
                      [33my1[39m=[32m"17"[39m
                      [33my2[39m=[32m"21"[39m
                    [36m/>[39m
                  [36m</svg>[39m
                [36m</div>[39m
                [36m<div[39m
                  [33mclass[39m=[32m"min-w-0 flex-1"[39m
                [36m>[39m
                  [36m<div[39m
                    [33mclass[39m=[32m"text-[13px] font-medium text-foreground"[39m
                  [36m>[39m
                    [0mConnect a machine[0m
                  [36m</div>[39m
                  [36m<div[39m
                    [33mclass[39m=[32m"mt-0.5 text-[12px] leading-relaxed text-muted-foreground"[39m
                  [36m>[39m
                    [0mPair another computer through your Ferryx account.[0m
                  [36m</div>[39m
                [36m</div>[39m
                [36m<svg[39m
                  [33mclass[39m=[32m"lucide lucide-chevron-right ml-auto size-4 shrink-0 text-muted-foreground"[39m
                  [33mfill[39m=[32m"none"[39m
                  [33mheight[39m=[32m"24"[39m
                  [33mstroke[39m=[32m"currentColor"[39m
                  [33mstroke-linecap[39m=[32m"round"[39m
                  [33mstroke-linejoin[39m=[32m"round"[39m
                  [33mstroke-width[39m=[32m"2"[39m
                  [33mviewBox[39m=[32m"0 0 24 24"[39m
                  [33mwidth[39m=[32m"24"[39m
                  [33mxmlns[39m=[32m"http://www.w3.org/2000/svg"[39m
                [36m>[39m
                  [36m<path[39m
                    [33md[39m=[32m"m9 18 6-6-6-6"[39m
                  [36m/>[39m
                [36m</svg>[39m
              [36m</button>[39m
            [36m</div>[39m
            [36m<div[39m
              [33mclass[39m=[32m"mt-4 flex items-center justify-between gap-3 border-t border-border pt-4"[39m
              [33mdata-testid[39m=[32m"checklist-review-setup"[39m
            [36m>[39m
              [36m<span[39m
                [33mclass[39m=[32m"text-[12px] text-muted-foreground"[39m
              [36m>[39m
                [0mPermissions, agents, and CLI[0m
              [36m</span>[39m
              [36m<button[39m
                [33mclass[39m=[32m"inline-flex items-center justify-center gap-2 whitespace-nowrap font-medium transition-colors focus-visible:outline-none focus-visible:ring-1 focus-visible:ring-ring disabled:pointer-events-none disabled:opacity-50 [&_svg]:pointer-events-none [&_svg]:size-4 [&_svg]:shrink-0 hover:bg-accent hover:text-accent-foreground h-8 rounded-md px-3 text-xs"[39m
                [33mtype[39m=[32m"button"[39m
              [36m>[39m
                [0mOpen Welcome Setup[0m
              [36m</button>[39m
            [36m</div>[39m
          [36m</div>[39m
        [36m</div>[39m
      [36m</main>[39m
    [36m</div>[39m
  [36m</div>[39m
  [36m<div[39m
    [33maria-hidden[39m=[32m"true"[39m
    [33mclass[39m=[32m"pointer-events-none fixed inset-0 z-50"[39m
    [33mdata-shortcut-hints[39m=[32m"true"[39m
  [36m/>[39m
[36m</body>[39m
 ❯ waitForWrapper node_modules/@testing-library/dom/dist/wait-for.js:163:27
 ❯ node_modules/@testing-library/dom/dist/query-helpers.js:86:33
 ❯ src/App.test.tsx:4897:24
    4895|         // WelcomeWizard chunk is lazy-loaded, so wait for the dialog …
    4896|         expect(
    4897|           await screen.findByRole("dialog", { name: "Welcome to Ferryx…
       |                        ^
    4898|         ).toBeInTheDocument();
    4899|       } finally {

⎯⎯⎯⎯⎯⎯⎯⎯⎯⎯⎯⎯⎯⎯⎯⎯⎯⎯⎯⎯⎯⎯[7/243]⎯

 FAIL  src/components/NativeTerminalPane.exitAttach.test.tsx > NativeTerminalPane abnormal exit attach handling > suppresses error badge and cancels retry when cmd_native_terminal_attach returns SESSION_NOT_FOUND with typed details
AssertionError: expected <button type="button" …(3)></button> to be null

[32m- Expected:[39m 
null

[31m+ Received:[39m 
<button
  class="pointer-events-auto cursor-pointer absolute bottom-3 right-3 z-50 max-w-error rounded-md border border-destructive/30 bg-popover px-2 py-1 text-[11px] text-destructive shadow-sm hover:bg-accent transition-colors"
  role="alert"
  title="Click to retry connecting terminal"
  type="button"
>
  Failed to attach native terminal
</button>

 ❯ src/components/NativeTerminalPane.exitAttach.test.tsx:123:19
    121| 
    122|     const alert = queryByRole("alert");
    123|     expect(alert).toBeNull();
       |                   ^
    124|     expect(onUnavailable).toHaveBeenCalledWith(
    125|       "dead-backend-session",

⎯⎯⎯⎯⎯⎯⎯⎯⎯⎯⎯⎯⎯⎯⎯⎯⎯⎯⎯⎯⎯⎯[8/243]⎯

 FAIL  src/components/NativeTerminalPane.exitAttach.test.tsx > NativeTerminalPane abnormal exit attach handling > suppresses error badge for legacy INTERNAL_ERROR with exact Session not found message
AssertionError: expected <button type="button" …(3)></button> to be null

[32m- Expected:[39m 
null

[31m+ Received:[39m 
<button
  class="pointer-events-auto cursor-pointer absolute bottom-3 right-3 z-50 max-w-error rounded-md border border-destructive/30 bg-popover px-2 py-1 text-[11px] text-destructive shadow-sm hover:bg-accent transition-colors"
  role="alert"
  title="Click to retry connecting terminal"
  type="button"
>
  Failed to attach native terminal
</button>

 ❯ src/components/NativeTerminalPane.exitAttach.test.tsx:193:34
    191|     });
    192| 
    193|     expect(queryByRole("alert")).toBeNull();
       |                                  ^
    194|     expect(onUnavailable).toHaveBeenCalledWith(
    195|       "legacy-dead-session",

⎯⎯⎯⎯⎯⎯⎯⎯⎯⎯⎯⎯⎯⎯⎯⎯⎯⎯⎯⎯⎯⎯[9/243]⎯

 FAIL  src/components/NativeTerminalPane.presentation.test.tsx > native terminal presentation retention > keeps a presented macOS surface under a dialog without accepting terminal keys
AssertionError: expected [] to have a length of 1 but got +0

[32m- Expected[39m
[31m+ Received[39m

[32m- 1[39m
[31m+ 0[39m

 ❯ src/components/NativeTerminalPane.presentation.test.tsx:108:56
    106|     const view = render(<NativeTerminalPane session={session()} active…
    107|     await act(async () => {});
    108|     expect(commands("cmd_native_terminal_set_bounds")).toHaveLength(1);
       |                                                        ^
    109|     await act(async () => { document.body.appendChild(dialog()); });
    110|     expect(view.getByTestId("native-terminal-pane")).toHaveAttribute("…

⎯⎯⎯⎯⎯⎯⎯⎯⎯⎯⎯⎯⎯⎯⎯⎯⎯⎯⎯⎯⎯[10/243]⎯

 FAIL  src/components/NativeTerminalPane.presentation.test.tsx > native terminal presentation retention > does not recover an in-flight input after a dialog takes ownership
AssertionError: expected [] to have a length of 1 but got +0

[32m- Expected[39m
[31m+ Received[39m

[32m- 1[39m
[31m+ 0[39m

 ❯ src/components/NativeTerminalPane.presentation.test.tsx:134:52
    132|       rejectInput({ code: "SESSION_NOT_FOUND", message: "Gone", detail…
    133|     });
    134|     expect(commands("cmd_native_terminal_attach")).toHaveLength(1);
       |                                                    ^
    135|     expect(commands("cmd_native_terminal_send_input")).toHaveLength(1);
    136|   });

⎯⎯⎯⎯⎯⎯⎯⎯⎯⎯⎯⎯⎯⎯⎯⎯⎯⎯⎯⎯⎯[11/243]⎯

 FAIL  src/components/NativeTerminalPane.presentation.test.tsx > native terminal presentation retention > retains a shown final frame on exit, blocks input, and releases it on unmount ({})
 FAIL  src/components/NativeTerminalPane.presentation.test.tsx > native terminal presentation retention > retains a shown final frame on exit, blocks input, and releases it on unmount ({"daemonEpoch":"epoch-a","remoteGeneration":7,"remoteConnectionState":"connected"})
AssertionError: expected [] to have a length of 1 but got +0

[32m- Expected[39m
[31m+ Received[39m

[32m- 1[39m
[31m+ 0[39m

 ❯ src/components/NativeTerminalPane.presentation.test.tsx:144:56
    142|     const view = render(<NativeTerminalPane session={{ ...session(), .…
    143|     await act(async () => {});
    144|     expect(commands("cmd_native_terminal_set_bounds")).toHaveLength(1);
       |                                                        ^
    145|     await act(async () => { view.rerender(<NativeTerminalPane session=…
    146| 

⎯⎯⎯⎯⎯⎯⎯⎯⎯⎯⎯⎯⎯⎯⎯⎯⎯⎯⎯⎯⎯[12/243]⎯

 FAIL  src/components/NativeTerminalPane.presentation.test.tsx > native terminal presentation retention > rebinds the same backend ID and fences the previous attach completion ({"daemonEpoch":"epoch-b","remoteGeneration":1})
 FAIL  src/components/NativeTerminalPane.presentation.test.tsx > native terminal presentation retention > rebinds the same backend ID and fences the previous attach completion ({"daemonEpoch":"epoch-a","remoteGeneration":2})
AssertionError: expected [] to have a length of 1 but got +0

[32m- Expected[39m
[31m+ Received[39m

[32m- 1[39m
[31m+ 0[39m

 ❯ src/components/NativeTerminalPane.presentation.test.tsx:173:52
    171|     const view = render(<NativeTerminalPane session={{ ...session(), d…
    172|     await act(async () => {});
    173|     expect(commands("cmd_native_terminal_attach")).toHaveLength(1);
       |                                                    ^
    174|     await act(async () => {
    175|       view.rerender(<NativeTerminalPane session={{ ...session(), ...id…

⎯⎯⎯⎯⎯⎯⎯⎯⎯⎯⎯⎯⎯⎯⎯⎯⎯⎯⎯⎯⎯[13/243]⎯

 FAIL  src/components/NativeTerminalPane.presentation.test.tsx > native terminal presentation retention > fences pending input recovery across a same-ID binding change ({"daemonEpoch":"epoch-b","remoteGeneration":1})
 FAIL  src/components/NativeTerminalPane.presentation.test.tsx > native terminal presentation retention > fences pending input recovery across a same-ID binding change ({"daemonEpoch":"epoch-a","remoteGeneration":2})
AssertionError: expected [] to have a length of 2 but got +0

[32m- Expected[39m
[31m+ Received[39m

[32m- 2[39m
[31m+ 0[39m

 ❯ src/components/NativeTerminalPane.presentation.test.tsx:203:52
    201|       view.rerender(<NativeTerminalPane session={{ ...session(), ...id…
    202|     });
    203|     expect(commands("cmd_native_terminal_attach")).toHaveLength(2);
       |                                                    ^
    204|     await act(async () => {
    205|       rejectInput({ code: "SESSION_NOT_FOUND", message: "Gone", detail…

⎯⎯⎯⎯⎯⎯⎯⎯⎯⎯⎯⎯⎯⎯⎯⎯⎯⎯⎯⎯⎯[14/243]⎯

 FAIL  src/components/NativeTerminalPane.presentation.test.tsx > native terminal presentation retention > yields an exited native surface outside macOS so the disconnect overlay is not occluded
AssertionError: expected [] to have a length of 1 but got +0

[32m- Expected[39m
[31m+ Received[39m

[32m- 1[39m
[31m+ 0[39m

 ❯ src/components/NativeTerminalPane.presentation.test.tsx:224:52
    222|     await act(async () => {});
    223|     await act(async () => { view.rerender(<NativeTerminalPane session=…
    224|     expect(commands("cmd_native_terminal_detach")).toHaveLength(1);
       |                                                    ^
    225|     expect(view.getByTestId("native-terminal-pane")).toHaveAttribute("…
    226|   });

⎯⎯⎯⎯⎯⎯⎯⎯⎯⎯⎯⎯⎯⎯⎯⎯⎯⎯⎯⎯⎯[15/243]⎯

 FAIL  src/components/NativeTerminalPane.presentation.test.tsx > native terminal presentation retention > never reattaches a dead PTY when retained-frame geometry recovery is requested
TestingLibraryElementError: Unable to find an accessible element with the role "alert"

Here are the accessible roles:

  textbox:

  Name "Native terminal input":
  [36m<textarea[39m
    [33maria-label[39m=[32m"Native terminal input"[39m
    [33mclass[39m=[32m"pointer-events-none absolute left-0 top-0 h-px w-px resize-none border-0 bg-transparent p-0 opacity-0"[39m
    [33mdata-testid[39m=[32m"native-terminal-focus-sink"[39m
  [36m/>[39m

  --------------------------------------------------

Ignored nodes: comments, script, style
[36m<body>[39m
  [36m<div>[39m
    [36m<div[39m
      [33mclass[39m=[32m"terminal-host relative h-full w-full min-h-0 min-w-0 bg-transparent"[39m
      [33mdata-native-terminal-input-enabled[39m=[32m"false"[39m
      [33mdata-native-terminal-presented[39m=[32m"false"[39m
      [33mdata-native-terminal-visible[39m=[32m"true"[39m
      [33mdata-testid[39m=[32m"native-terminal-pane"[39m
    [36m>[39m
      [36m<div[39m
        [33mclass[39m=[32m"absolute inset-0"[39m
        [33mdata-testid[39m=[32m"native-terminal-viewport"[39m
      [36m>[39m
        [36m<textarea[39m
          [33maria-label[39m=[32m"Native terminal input"[39m
          [33mclass[39m=[32m"pointer-events-none absolute left-0 top-0 h-px w-px resize-none border-0 bg-transparent p-0 opacity-0"[39m
          [33mdata-testid[39m=[32m"native-terminal-focus-sink"[39m
        [36m/>[39m
      [36m</div>[39m
      [36m<div[39m
        [33mclass[39m=[32m"absolute inset-y-0 right-0 w-3 transition-opacity duration-150 opacity-0 pointer-events-none"[39m
        [33mdata-testid[39m=[32m"native-terminal-scrollbar-track"[39m
      [36m/>[39m
    [36m</div>[39m
  [36m</div>[39m
[36m</body>[39m
 ❯ Object.getElementError node_modules/@testing-library/dom/dist/config.js:37:19
 ❯ node_modules/@testing-library/dom/dist/query-helpers.js:76:38
 ❯ node_modules/@testing-library/dom/dist/query-helpers.js:52:17
 ❯ node_modules/@testing-library/dom/dist/query-helpers.js:95:19
 ❯ src/components/NativeTerminalPane.presentation.test.tsx:242:50
    240|       .mockReturnValue(new DOMRect(10, 20, 900, 600));
    241|     await act(async () => { window.dispatchEvent(new Event("resize"));…
    242|     await act(async () => { fireEvent.click(view.getByRole("alert")); …
       |                                                  ^
    243|     expect(commands("cmd_native_terminal_attach")).toHaveLength(1);
    244|   });
 ❯ node_modules/@testing-library/react/dist/act-compat.js:47:24
 ❯ act node_modules/react/cjs/react.development.js:2512:16
 ❯ Proxy.<anonymous> node_modules/@testing-library/react/dist/act-compat.js:46:25
 ❯ src/components/NativeTerminalPane.presentation.test.tsx:242:11

⎯⎯⎯⎯⎯⎯⎯⎯⎯⎯⎯⎯⎯⎯⎯⎯⎯⎯⎯⎯⎯[16/243]⎯

 FAIL  src/components/NativeTerminalPane.presentation.test.tsx > native terminal presentation retention > does not retain a first frame that arrives after the session exited
AssertionError: expected [] to have a length of 1 but got +0

[32m- Expected[39m
[31m+ Received[39m

[32m- 1[39m
[31m+ 0[39m

 ❯ src/components/NativeTerminalPane.presentation.test.tsx:257:52
    255|     await act(async () => { finishBounds(PRESENTED); });
    256|     expect(view.getByTestId("native-terminal-pane")).toHaveAttribute("…
    257|     expect(commands("cmd_native_terminal_attach")).toHaveLength(1);
       |                                                    ^
    258|     expect(commands("cmd_native_terminal_detach")).toHaveLength(1);
    259|   });

⎯⎯⎯⎯⎯⎯⎯⎯⎯⎯⎯⎯⎯⎯⎯⎯⎯⎯⎯⎯⎯[17/243]⎯

 FAIL  src/components/NativeTerminalPane.presentation.test.tsx > native terminal presentation retention > holds the final frame until a reconnected replacement is presented
AssertionError: expected [] to deeply equal [ [ …(2) ] ]

[32m- Expected[39m
[31m+ Received[39m

[32m- [[39m
[32m-   [[39m
[32m-     "cmd_native_terminal_detach",[39m
[32m-     {[39m
[32m-       "sessionId": "backend-a",[39m
[32m-     },[39m
[32m-   ],[39m
[32m- ][39m
[31m+ [][39m

 ❯ src/components/NativeTerminalPane.presentation.test.tsx:275:52
    273| 
    274|     await act(async () => { presentReplacement(PRESENTED); });
    275|     expect(commands("cmd_native_terminal_detach")).toEqual([
       |                                                    ^
    276|       ["cmd_native_terminal_detach", { sessionId: "backend-a" }],
    277|     ]);

⎯⎯⎯⎯⎯⎯⎯⎯⎯⎯⎯⎯⎯⎯⎯⎯⎯⎯⎯⎯⎯[18/243]⎯

 FAIL  src/components/NativeTerminalPane.test.tsx > NativeTerminalPane IPC failure reporting and visible error state > suppresses the attach error banner across fast retries, surfaces it once the failure persists, and clears it on retry
AssertionError: expected "error" to be called with arguments: [ …(2) ][90m

Received: 

[1m  1st error call:

[22m[2m  [[22m
[2m    "Native terminal IPC command failed",[22m
[2m    {[22m
[2m      "command": "cmd_native_terminal_attach",[22m
[32m-     "error": Any<Error>,[90m
[31m+     "error": {[90m
[31m+       "code": "SPAWN_ATTEMPT_TIMEOUT",[90m
[31m+       "details": {[90m
[31m+         "delivery": "ambiguous",[90m
[31m+         "stage": "missingDurablePersistence",[90m
[31m+       },[90m
[31m+       "message": "Shell startup was not confirmed. Retry to reconcile the same shell.",[90m
[31m+     },[90m
[2m    },[22m
[2m  ][22m
[39m[90m

Number of calls: [1m1[22m
[39m
 ❯ src/components/NativeTerminalPane.test.tsx:319:26
    317|         await Promise.resolve();
    318|       });
    319|       expect(consoleSpy).toHaveBeenCalledWith("Native terminal IPC com…
       |                          ^
    320|         command: "cmd_native_terminal_attach",
    321|         error: expect.any(Error),

⎯⎯⎯⎯⎯⎯⎯⎯⎯⎯⎯⎯⎯⎯⎯⎯⎯⎯⎯⎯⎯[19/243]⎯

 FAIL  src/components/NativeTerminalPane.test.tsx > NativeTerminalPane IPC failure reporting and visible error state > allows clicking the attach error banner to retry connection immediately
Error: [2mexpect([22m[31melement[39m[2m).not.toBeInTheDocument()[22m

[31mexpected document not to contain element, found <button
  class="pointer-events-auto cursor-pointer absolute bottom-3 right-3 z-50 max-w-error rounded-md border border-destructive/30 bg-popover px-2 py-1 text-[11px] text-destructive shadow-sm hover:bg-accent transition-colors"
  role="alert"
  title="Click to retry connecting terminal"
  type="button"
>
  Failed to attach native terminal
</button> instead[39m
 ❯ src/components/NativeTerminalPane.test.tsx:399:40
    397|       });
    398| 
    399|       expect(queryByRole("alert")).not.toBeInTheDocument();
       |                                        ^
    400|       expect(attempts).toBeGreaterThanOrEqual(4);
    401|     } finally {

⎯⎯⎯⎯⎯⎯⎯⎯⎯⎯⎯⎯⎯⎯⎯⎯⎯⎯⎯⎯⎯[20/243]⎯

 FAIL  src/components/NativeTerminalPane.test.tsx > NativeTerminalPane IPC failure reporting and visible error state > re-attempts attach when same backendSessionId receives a new daemonEpoch
AssertionError: expected +0 to be 1 // Object.is equality

[32m- Expected[39m
[31m+ Received[39m

[32m- 1[39m
[31m+ 0[39m

 ❯ src/components/NativeTerminalPane.test.tsx:461:30
    459|         await Promise.resolve();
    460|       });
    461|       expect(attachAttempts).toBe(1);
       |                              ^
    462| 
    463|       // Now same session and same backendSessionId receives a new dae…

⎯⎯⎯⎯⎯⎯⎯⎯⎯⎯⎯⎯⎯⎯⎯⎯⎯⎯⎯⎯⎯[21/243]⎯

 FAIL  src/components/NativeTerminalPane.test.tsx > NativeTerminalPane IPC failure reporting and visible error state > displays an accessible error banner when bounds IPC fails and does not show detach errors on unmount
Error: [2mexpect([22m[31melement[39m[2m).toHaveTextContent()[22m

Expected element to have text content:
[32m  Failed to update native terminal bounds[39m
Received:
[31m  Failed to attach native terminal[39m
 ❯ src/components/NativeTerminalPane.test.tsx:504:19
    502|     const alert = await findByRole("alert");
    503|     expect(alert).toBeInTheDocument();
    504|     expect(alert).toHaveTextContent("Failed to update native terminal …
       |                   ^
    505|     expect(alert).not.toHaveTextContent("/Users/secret/path/bounds");
    506| 

⎯⎯⎯⎯⎯⎯⎯⎯⎯⎯⎯⎯⎯⎯⎯⎯⎯⎯⎯⎯⎯[22/243]⎯

 FAIL  src/components/NativeTerminalPane.test.tsx > NativeTerminalPane IPC failure reporting and visible error state > keeps the terminal uncovered when a bounds failure is shown
TestingLibraryElementError: Unable to find an accessible element with the role "alert"

Here are the accessible roles:

  textbox:

  Name "Native terminal input":
  [36m<textarea[39m
    [33maria-label[39m=[32m"Native terminal input"[39m
    [33mclass[39m=[32m"pointer-events-none absolute left-0 top-0 h-px w-px resize-none border-0 bg-transparent p-0 opacity-0"[39m
    [33mdata-testid[39m=[32m"native-terminal-focus-sink"[39m
  [36m/>[39m

  --------------------------------------------------

Ignored nodes: comments, script, style
[36m<body>[39m
  [36m<div>[39m
    [36m<div[39m
      [33mclass[39m=[32m"terminal-host relative h-full w-full min-h-0 min-w-0 bg-transparent"[39m
      [33mdata-native-terminal-input-enabled[39m=[32m"true"[39m
      [33mdata-native-terminal-presented[39m=[32m"false"[39m
      [33mdata-native-terminal-visible[39m=[32m"true"[39m
      [33mdata-testid[39m=[32m"native-terminal-pane"[39m
    [36m>[39m
      [36m<div[39m
        [33mclass[39m=[32m"absolute inset-0"[39m
        [33mdata-testid[39m=[32m"native-terminal-viewport"[39m
      [36m>[39m
        [36m<textarea[39m
          [33maria-label[39m=[32m"Native terminal input"[39m
          [33mclass[39m=[32m"pointer-events-none absolute left-0 top-0 h-px w-px resize-none border-0 bg-transparent p-0 opacity-0"[39m
          [33mdata-testid[39m=[32m"native-terminal-focus-sink"[39m
        [36m/>[39m
      [36m</div>[39m
      [36m<div[39m
        [33mclass[39m=[32m"absolute inset-y-0 right-0 w-3 transition-opacity duration-150 opacity-0 pointer-events-none"[39m
        [33mdata-testid[39m=[32m"native-terminal-scrollbar-track"[39m
      [36m/>[39m
    [36m</div>[39m
  [36m</div>[39m
[36m</body>[39m
 ❯ Object.getElementError node_modules/@testing-library/dom/dist/config.js:37:19
 ❯ node_modules/@testing-library/dom/dist/query-helpers.js:76:38
 ❯ node_modules/@testing-library/dom/dist/query-helpers.js:52:17
 ❯ node_modules/@testing-library/dom/dist/query-helpers.js:95:19
 ❯ src/components/NativeTerminalPane.test.tsx:531:17
    529|     await act(async () => {});
    530| 
    531|     expect(view.getByRole("alert")).toBeInTheDocument();
       |                 ^
    532|     expect(view.getByTestId("native-terminal-pane")).toHaveAttribute(
    533|       "data-native-terminal-visible",

⎯⎯⎯⎯⎯⎯⎯⎯⎯⎯⎯⎯⎯⎯⎯⎯⎯⎯⎯⎯⎯[23/243]⎯

 FAIL  src/components/NativeTerminalPane.test.tsx > NativeTerminalPane IPC failure reporting and visible error state > stays silent when a bounds update loses the race with its own detach
AssertionError: expected "spy" to be called with arguments: [ …(2) ][90m

Received: 

[1m  1st spy call:

[22m[2m  [[22m
[32m-   "cmd_native_terminal_set_bounds",[90m
[32m-   Anything,[90m
[31m+   "cmd_native_terminal_set_focus",[90m
[31m+   {[90m
[31m+     "focused": false,[90m
[31m+     "sessionId": "term-session-1",[90m
[31m+   },[90m
[2m  ][22m
[39m[90m

Number of calls: [1m1[22m
[39m

Ignored nodes: comments, script, style
[36m<html>[39m
  [36m<head />[39m
  [36m<body>[39m
    [36m<div>[39m
      [36m<div[39m
        [33mclass[39m=[32m"terminal-host relative h-full w-full min-h-0 min-w-0 bg-transparent"[39m
        [33mdata-native-terminal-input-enabled[39m=[32m"true"[39m
        [33mdata-native-terminal-presented[39m=[32m"false"[39m
        [33mdata-native-terminal-visible[39m=[32m"true"[39m
        [33mdata-testid[39m=[32m"native-terminal-pane"[39m
      [36m>[39m
        [36m<div[39m
          [33mclass[39m=[32m"absolute inset-0"[39m
          [33mdata-testid[39m=[32m"native-terminal-viewport"[39m
        [36m>[39m
          [36m<textarea[39m
            [33maria-label[39m=[32m"Native terminal input"[39m
            [33mclass[39m=[32m"pointer-events-none absolute left-0 top-0 h-px w-px resize-none border-0 bg-transparent p-0 opacity-0"[39m
            [33mdata-testid[39m=[32m"native-terminal-focus-sink"[39m
          [36m/>[39m
        [36m</div>[39m
        [36m<div[39m
          [33mclass[39m=[32m"absolute inset-y-0 right-0 w-3 transition-opacity duration-150 opacity-0 pointer-events-none"[39m
          [33mdata-testid[39m=[32m"native-terminal-scrollbar-track"[39m
        [36m/>[39m
        [36m<button[39m
          [33mclass[39m=[32m"pointer-events-auto cursor-pointer absolute bottom-3 right-3 z-50 max-w-error rounded-md border border-destructive/30 bg-popover px-2 py-1 text-[11px] text-destructive shadow-sm hover:bg-accent transition-colors"[39m
          [33mrole[39m=[32m"alert"[39m
          [33mtitle[39m=[32m"Click to retry connecting terminal"[39m
          [33mtype[39m=[32m"button"[39m
        [36m>[39m
          [0mFailed to attach native terminal[0m
        [36m</button>[39m
      [36m</div>[39m
    [36m</div>[39m
  [36m</body>[39m
[36m</html>[39m
 ❯ src/components/NativeTerminalPane.test.tsx:564:37
    562| 
    563|     await waitFor(() => {
    564|       expect(tauriCoreMocks.invoke).toHaveBeenCalledWith(
       |                                     ^
    565|         "cmd_native_terminal_set_bounds",
    566|         expect.anything(),
 ❯ runWithExpensiveErrorDiagnosticsDisabled node_modules/@testing-library/dom/dist/config.js:47:12
 ❯ checkCallback node_modules/@testing-library/dom/dist/wait-for.js:124:77
 ❯ Timeout.checkRealTimersCallback node_modules/@testing-library/dom/dist/wait-for.js:118:16

⎯⎯⎯⎯⎯⎯⎯⎯⎯⎯⎯⎯⎯⎯⎯⎯⎯⎯⎯⎯⎯[24/243]⎯

 FAIL  src/components/NativeTerminalPane.test.tsx > NativeTerminalPane bounded wheel normalization > normalizes 'zero' through mounted onWheel
 FAIL  src/components/NativeTerminalPane.test.tsx > NativeTerminalPane bounded wheel normalization > normalizes 'horizontal-only' through mounted onWheel
 FAIL  src/components/NativeTerminalPane.test.tsx > NativeTerminalPane bounded wheel normalization > normalizes 'line notches' through mounted onWheel
 FAIL  src/components/NativeTerminalPane.test.tsx > NativeTerminalPane bounded wheel normalization > normalizes 'visible pages' through mounted onWheel
 FAIL  src/components/NativeTerminalPane.test.tsx > NativeTerminalPane bounded wheel normalization > normalizes 'fractional pixels' through mounted onWheel
 FAIL  src/components/NativeTerminalPane.test.tsx > NativeTerminalPane bounded wheel normalization > normalizes 'negative fractional pixels' through mounted onWheel
 FAIL  src/components/NativeTerminalPane.test.tsx > NativeTerminalPane bounded wheel normalization > normalizes 'direction cancellation' through mounted onWheel
 FAIL  src/components/NativeTerminalPane.test.tsx > NativeTerminalPane bounded wheel normalization > normalizes 'pixel i16 saturation' through mounted onWheel
 FAIL  src/components/NativeTerminalPane.test.tsx > NativeTerminalPane bounded wheel normalization > normalizes 'line i16 saturation' through mounted onWheel
 FAIL  src/components/NativeTerminalPane.test.tsx > NativeTerminalPane bounded wheel normalization > normalizes 'page i16 saturation' through mounted onWheel
Error: Test timed out in 5000ms.
If this is a long-running test, pass a timeout value as the last argument or configure it globally with "testTimeout".
 ❯ src/components/NativeTerminalPane.test.tsx:643:4
    641|     { name: "line i16 saturation", mode: 1, deltas: [1e9, -1e9], expec…
    642|     { name: "page i16 saturation", mode: 2, deltas: [1e9, -1e9], expec…
    643|   ])("normalizes $name through mounted onWheel", async ({ mode, deltas…
       |    ^
    644|     const view = await mountWheelPane();
    645|     await act(async () => {

⎯⎯⎯⎯⎯⎯⎯⎯⎯⎯⎯⎯⎯⎯⎯⎯⎯⎯⎯⎯⎯[25/243]⎯

 FAIL  src/components/NativeTerminalPane.test.tsx > NativeTerminalPane bounded wheel normalization > forwards pane-local wheel position and all modifier states
Error: Test timed out in 5000ms.
If this is a long-running test, pass a timeout value as the last argument or configure it globally with "testTimeout".
 ❯ src/components/NativeTerminalPane.test.tsx:656:3
    654|   });
    655| 
    656|   it("forwards pane-local wheel position and all modifier states", asy…
       |   ^
    657|     const view = await mountWheelPane();
    658|     vi.spyOn(view.getByTestId("native-terminal-viewport"), "getBoundin…

⎯⎯⎯⎯⎯⎯⎯⎯⎯⎯⎯⎯⎯⎯⎯⎯⎯⎯⎯⎯⎯[26/243]⎯

 FAIL  src/components/NativeTerminalPane.test.tsx > NativeTerminalPane bounded wheel normalization > uses updated visible rows and ignores sibling scrollbar metrics
Error: Test timed out in 5000ms.
If this is a long-running test, pass a timeout value as the last argument or configure it globally with "testTimeout".
 ❯ src/components/NativeTerminalPane.test.tsx:681:3
    679|   });
    680| 
    681|   it("uses updated visible rows and ignores sibling scrollbar metrics"…
       |   ^
    682|     const view = await mountWheelPane();
    683|     act(() => {

⎯⎯⎯⎯⎯⎯⎯⎯⎯⎯⎯⎯⎯⎯⎯⎯⎯⎯⎯⎯⎯[27/243]⎯

 FAIL  src/components/NativeTerminalPane.test.tsx > NativeTerminalPane bounded wheel normalization > discards fractional movement across a session transition
 FAIL  src/components/NativeTerminalPane.test.tsx > NativeTerminalPane bounded wheel normalization > discards fractional movement across a generation transition
 FAIL  src/components/NativeTerminalPane.test.tsx > NativeTerminalPane bounded wheel normalization > discards fractional movement across a daemon epoch transition
 FAIL  src/components/NativeTerminalPane.test.tsx > NativeTerminalPane bounded wheel normalization > discards fractional movement across a hidden transition
Error: Test timed out in 5000ms.
If this is a long-running test, pass a timeout value as the last argument or configure it globally with "testTimeout".
 ❯ src/components/NativeTerminalPane.test.tsx:695:62
    693|   });
    694| 
    695|   it.each(["session", "generation", "daemon epoch", "hidden"])("discar…
       |                                                              ^
    696|     const session = { ...createSession("wheel-pane", "wheel-backend"),…
    697|     const view = await mountWheelPane(session);

⎯⎯⎯⎯⎯⎯⎯⎯⎯⎯⎯⎯⎯⎯⎯⎯⎯⎯⎯⎯⎯[28/243]⎯

 FAIL  src/components/NativeTerminalPane.test.tsx > NativeTerminalPane bounded wheel normalization > does not send wheel IPC outside Tauri
TestingLibraryElementError: Unable to find an element by: [data-testid="native-terminal-pane"]

Ignored nodes: comments, script, style
[36m<body>[39m
  [36m<div />[39m
[36m</body>[39m
 ❯ Object.getElementError node_modules/@testing-library/dom/dist/config.js:37:19
 ❯ node_modules/@testing-library/dom/dist/query-helpers.js:76:38
 ❯ node_modules/@testing-library/dom/dist/query-helpers.js:52:17
 ❯ node_modules/@testing-library/dom/dist/query-helpers.js:95:19
 ❯ src/components/NativeTerminalPane.test.tsx:728:50
    726|     tauriCoreMocks.isTauri.mockReturnValue(false);
    727|     const view = render(<NativeTerminalPane session={createSession("we…
    728|     await act(async () => { fireEvent.wheel(view.getByTestId("native-t…
       |                                                  ^
    729|     expect(scrollCalls()).toEqual([]);
    730|     expect(nativeTerminalEventMocks.onNativeTerminalScrollbar).not.toH…
 ❯ node_modules/@testing-library/react/dist/act-compat.js:47:24
 ❯ act node_modules/react/cjs/react.development.js:2512:16
 ❯ Proxy.<anonymous> node_modules/@testing-library/react/dist/act-compat.js:46:25
 ❯ src/components/NativeTerminalPane.test.tsx:728:11

⎯⎯⎯⎯⎯⎯⎯⎯⎯⎯⎯⎯⎯⎯⎯⎯⎯⎯⎯⎯⎯[29/243]⎯

 FAIL  src/components/NativeTerminalPane.test.tsx > NativeTerminalPane geometry reporting contract > measures viewport DOM geometry and passes bounds and scaleFactor in cmd_native_terminal_attach on mount
AssertionError: expected "spy" to be called with arguments: [ 'cmd_native_terminal_attach', …(1) ][90m

Number of calls: [1m0[22m
[39m
 ❯ src/components/NativeTerminalPane.test.tsx:836:35
    834|     render(<NativeTerminalPane sessionId="term-session-presize" sessio…
    835| 
    836|     expect(tauriCoreMocks.invoke).toHaveBeenCalledWith("cmd_native_ter…
       |                                   ^
    837|       sessionId: "term-session-presize",
    838|       bounds: {

⎯⎯⎯⎯⎯⎯⎯⎯⎯⎯⎯⎯⎯⎯⎯⎯⎯⎯⎯⎯⎯[30/243]⎯

 FAIL  src/components/NativeTerminalPane.test.tsx > NativeTerminalPane geometry reporting contract > snaps a fractional split-pane rect to whole device pixels before attaching
AssertionError: expected "spy" to be called with arguments: [ 'cmd_native_terminal_attach', …(1) ][90m

Number of calls: [1m0[22m
[39m
 ❯ src/components/NativeTerminalPane.test.tsx:867:35
    865|     render(<NativeTerminalPane sessionId="term-session-fractional" ses…
    866| 
    867|     expect(tauriCoreMocks.invoke).toHaveBeenCalledWith("cmd_native_ter…
       |                                   ^
    868|       sessionId: "term-session-fractional",
    869|       bounds: { x: 1937, y: 45, width: 951, height: 900 },

⎯⎯⎯⎯⎯⎯⎯⎯⎯⎯⎯⎯⎯⎯⎯⎯⎯⎯⎯⎯⎯[31/243]⎯

 FAIL  src/components/NativeTerminalPane.test.tsx > NativeTerminalPane geometry reporting contract > omits geometry in cmd_native_terminal_attach when viewport has zero-area dimensions on mount
AssertionError: expected "spy" to be called with arguments: [ 'cmd_native_terminal_attach', …(1) ][90m

Number of calls: [1m0[22m
[39m
 ❯ src/components/NativeTerminalPane.test.tsx:892:35
    890|     render(<NativeTerminalPane sessionId="term-session-zero" session={…
    891| 
    892|     expect(tauriCoreMocks.invoke).toHaveBeenCalledWith("cmd_native_ter…
       |                                   ^
    893|       sessionId: "term-session-zero",
    894|     });

⎯⎯⎯⎯⎯⎯⎯⎯⎯⎯⎯⎯⎯⎯⎯⎯⎯⎯⎯⎯⎯[32/243]⎯

 FAIL  src/components/NativeTerminalPane.test.tsx > NativeTerminalPane geometry reporting contract > observes DOM rectangle, explicitly attaches session, and reports initial bounds on mount in Tauri mode
AssertionError: expected "spy" to be called with arguments: [ 'cmd_native_terminal_attach', …(1) ][90m

Number of calls: [1m0[22m
[39m
 ❯ src/components/NativeTerminalPane.test.tsx:902:35
    900|     render(<NativeTerminalPane sessionId="term-session-1" session={ses…
    901| 
    902|     expect(tauriCoreMocks.invoke).toHaveBeenCalledWith("cmd_native_ter…
       |                                   ^
    903|       sessionId: "term-session-1",
    904|       bounds: {

⎯⎯⎯⎯⎯⎯⎯⎯⎯⎯⎯⎯⎯⎯⎯⎯⎯⎯⎯⎯⎯[33/243]⎯

 FAIL  src/components/NativeTerminalPane.test.tsx > NativeTerminalPane geometry reporting contract > uses the entire pane height beneath the handle and bottom overlays
Error: Test timed out in 5000ms.
If this is a long-running test, pass a timeout value as the last argument or configure it globally with "testTimeout".
 ❯ src/components/NativeTerminalPane.test.tsx:934:3
    932|   });
    933| 
    934|   it("uses the entire pane height beneath the handle and bottom overla…
       |   ^
    935|     // Given: the browser measures the full pane slot.
    936|     const session = createSession("term-session-1");

⎯⎯⎯⎯⎯⎯⎯⎯⎯⎯⎯⎯⎯⎯⎯⎯⎯⎯⎯⎯⎯[34/243]⎯

 FAIL  src/components/NativeTerminalPane.test.tsx > NativeTerminalPane geometry reporting contract > reports changed bounds payload once when geometry changes
AssertionError: expected 0 to be greater than 0

Ignored nodes: comments, script, style
[36m<html>[39m
  [36m<head />[39m
  [36m<body>[39m
    [36m<div />[39m
  [36m</body>[39m
[36m</html>[39m
 ❯ src/components/NativeTerminalPane.test.tsx:966:36
    964| 
    965|     await waitFor(() => {
    966|       expect(resizeRecords.length).toBeGreaterThan(0);
       |                                    ^
    967|     });
    968| 
 ❯ runWithExpensiveErrorDiagnosticsDisabled node_modules/@testing-library/dom/dist/config.js:47:12
 ❯ checkCallback node_modules/@testing-library/dom/dist/wait-for.js:124:77
 ❯ Timeout.checkRealTimersCallback node_modules/@testing-library/dom/dist/wait-for.js:118:16

⎯⎯⎯⎯⎯⎯⎯⎯⎯⎯⎯⎯⎯⎯⎯⎯⎯⎯⎯⎯⎯[35/243]⎯

 FAIL  src/components/NativeTerminalPane.test.tsx > NativeTerminalPane geometry reporting contract > does not retry a resize frame deferred by synchronized output
AssertionError: expected undefined to be defined
 ❯ src/components/NativeTerminalPane.test.tsx:1035:20
    1033|     HTMLElement.prototype.getBoundingClientRect = () => new DOMRect(10…
    1034|     const record = resizeRecords[0];
    1035|     expect(record).toBeDefined();
       |                    ^
    1036| 
    1037|     await act(async () => {

⎯⎯⎯⎯⎯⎯⎯⎯⎯⎯⎯⎯⎯⎯⎯⎯⎯⎯⎯⎯⎯[36/243]⎯

 FAIL  src/components/NativeTerminalPane.test.tsx > NativeTerminalPane geometry reporting contract > coalesces rapid height increases until the prior native resize completes
AssertionError: expected [] to have a length of 1 but got +0

Ignored nodes: comments, script, style
[36m<html>[39m
  [36m<head />[39m
  [36m<body>[39m
    [36m<div />[39m
  [36m</body>[39m
[36m</html>[39m

[32m- Expected[39m
[31m+ Received[39m

[32m- 1[39m
[31m+ 0[39m

 ❯ src/components/NativeTerminalPane.test.tsx:1074:29
    1072| 
    1073|     await waitFor(() => {
    1074|       expect(boundsCalls()).toHaveLength(1);
       |                             ^
    1075|     });
    1076| 
 ❯ runWithExpensiveErrorDiagnosticsDisabled node_modules/@testing-library/dom/dist/config.js:47:12
 ❯ checkCallback node_modules/@testing-library/dom/dist/wait-for.js:124:77
 ❯ Timeout.checkRealTimersCallback node_modules/@testing-library/dom/dist/wait-for.js:118:16

⎯⎯⎯⎯⎯⎯⎯⎯⎯⎯⎯⎯⎯⎯⎯⎯⎯⎯⎯⎯⎯[37/243]⎯

 FAIL  src/components/NativeTerminalPane.test.tsx > NativeTerminalPane geometry reporting contract > refreshes the thumb metrics after a height resize changes visible rows
TestingLibraryElementError: Unable to find an element by: [data-testid="native-terminal-scrollbar-thumb"]

Ignored nodes: comments, script, style
[36m<body>[39m
  [36m<div />[39m
[36m</body>[39m

Ignored nodes: comments, script, style
[36m<html>[39m
  [36m<head />[39m
  [36m<body>[39m
    [36m<div />[39m
  [36m</body>[39m
[36m</html>[39m
 ❯ Proxy.waitForWrapper node_modules/@testing-library/dom/dist/wait-for.js:163:27
 ❯ src/components/NativeTerminalPane.test.tsx:1149:25
    1147|       <NativeTerminalPane sessionId={session.id} session={session} />,
    1148|     );
    1149|     const thumb = await waitFor(() => getByTestId("native-terminal-scr…
       |                         ^
    1150|     expect(thumb).toHaveStyle({ height: "10%" });
    1151| 

⎯⎯⎯⎯⎯⎯⎯⎯⎯⎯⎯⎯⎯⎯⎯⎯⎯⎯⎯⎯⎯[38/243]⎯

 FAIL  src/components/NativeTerminalPane.test.tsx > NativeTerminalPane geometry reporting contract > skips the rejected zero-area measurement and reports the first real one
AssertionError: expected 0 to be greater than 0

Ignored nodes: comments, script, style
[36m<html>[39m
  [36m<head />[39m
  [36m<body>[39m
    [36m<div />[39m
  [36m</body>[39m
[36m</html>[39m
 ❯ src/components/NativeTerminalPane.test.tsx:1218:36
    1216| 
    1217|     await waitFor(() => {
    1218|       expect(resizeRecords.length).toBeGreaterThan(0);
       |                                    ^
    1219|     });
    1220|     expect(boundsCalls()).toHaveLength(0);
 ❯ runWithExpensiveErrorDiagnosticsDisabled node_modules/@testing-library/dom/dist/config.js:47:12
 ❯ checkCallback node_modules/@testing-library/dom/dist/wait-for.js:124:77
 ❯ Timeout.checkRealTimersCallback node_modules/@testing-library/dom/dist/wait-for.js:118:16

⎯⎯⎯⎯⎯⎯⎯⎯⎯⎯⎯⎯⎯⎯⎯⎯⎯⎯⎯⎯⎯[39/243]⎯

 FAIL  src/components/NativeTerminalPane.test.tsx > NativeTerminalPane geometry reporting contract > retries an identical measurement after a rejected bounds request
AssertionError: expected [] to have a length of 1 but got +0

Ignored nodes: comments, script, style
[36m<html>[39m
  [36m<head />[39m
  [36m<body>[39m
    [36m<div />[39m
  [36m</body>[39m
[36m</html>[39m

[32m- Expected[39m
[31m+ Received[39m

[32m- 1[39m
[31m+ 0[39m

 ❯ src/components/NativeTerminalPane.test.tsx:1283:29
    1281|       );
    1282|     await waitFor(() => {
    1283|       expect(boundsCalls()).toHaveLength(1);
       |                             ^
    1284|     });
    1285| 
 ❯ runWithExpensiveErrorDiagnosticsDisabled node_modules/@testing-library/dom/dist/config.js:47:12
 ❯ checkCallback node_modules/@testing-library/dom/dist/wait-for.js:124:77
 ❯ Timeout.checkRealTimersCallback node_modules/@testing-library/dom/dist/wait-for.js:118:16

⎯⎯⎯⎯⎯⎯⎯⎯⎯⎯⎯⎯⎯⎯⎯⎯⎯⎯⎯⎯⎯[40/243]⎯

 FAIL  src/components/NativeTerminalPane.test.tsx > NativeTerminalPane geometry reporting contract > disconnects ResizeObserver and invokes detach on unmount
AssertionError: expected 0 to be greater than 0

Ignored nodes: comments, script, style
[36m<html>[39m
  [36m<head />[39m
  [36m<body>[39m
    [36m<div />[39m
  [36m</body>[39m
[36m</html>[39m
 ❯ src/components/NativeTerminalPane.test.tsx:1316:36
    1314| 
    1315|     await waitFor(() => {
    1316|       expect(resizeRecords.length).toBeGreaterThan(0);
       |                                    ^
    1317|     });
    1318|     const primaryRecord = resizeRecords[0];
 ❯ runWithExpensiveErrorDiagnosticsDisabled node_modules/@testing-library/dom/dist/config.js:47:12
 ❯ checkCallback node_modules/@testing-library/dom/dist/wait-for.js:124:77
 ❯ Timeout.checkRealTimersCallback node_modules/@testing-library/dom/dist/wait-for.js:118:16

⎯⎯⎯⎯⎯⎯⎯⎯⎯⎯⎯⎯⎯⎯⎯⎯⎯⎯⎯⎯⎯[41/243]⎯

 FAIL  src/components/NativeTerminalPane.test.tsx > NativeTerminalPane geometry reporting contract > presents the replacement terminal before detaching the outgoing terminal
AssertionError: expected "spy" to be called with arguments: [ …(2) ][90m

Number of calls: [1m0[22m
[39m

Ignored nodes: comments, script, style
[36m<html>[39m
  [36m<head />[39m
  [36m<body>[39m
    [36m<div />[39m
  [36m</body>[39m
[36m</html>[39m
 ❯ src/components/NativeTerminalPane.test.tsx:1338:37
    1336| 
    1337|     await waitFor(() => {
    1338|       expect(tauriCoreMocks.invoke).toHaveBeenCalledWith(
       |                                     ^
    1339|         "cmd_native_terminal_set_bounds",
    1340|         expect.objectContaining({ sessionId: firstSession.backendSessi…
 ❯ runWithExpensiveErrorDiagnosticsDisabled node_modules/@testing-library/dom/dist/config.js:47:12
 ❯ checkCallback node_modules/@testing-library/dom/dist/wait-for.js:124:77
 ❯ Timeout.checkRealTimersCallback node_modules/@testing-library/dom/dist/wait-for.js:118:16

⎯⎯⎯⎯⎯⎯⎯⎯⎯⎯⎯⎯⎯⎯⎯⎯⎯⎯⎯⎯⎯[42/243]⎯

 FAIL  src/components/NativeTerminalPane.test.tsx > NativeTerminalPane geometry reporting contract > keeps the outgoing terminal until the last rapid replacement is presented
AssertionError: expected "spy" to be called with arguments: [ …(2) ][90m

Number of calls: [1m0[22m
[39m

Ignored nodes: comments, script, style
[36m<html>[39m
  [36m<head />[39m
  [36m<body>[39m
    [36m<div />[39m
  [36m</body>[39m
[36m</html>[39m
 ❯ src/components/NativeTerminalPane.test.tsx:1385:37
    1383|     );
    1384|     await waitFor(() => {
    1385|       expect(tauriCoreMocks.invoke).toHaveBeenCalledWith(
       |                                     ^
    1386|         "cmd_native_terminal_set_bounds",
    1387|         expect.objectContaining({ sessionId: firstSession.backendSessi…
 ❯ runWithExpensiveErrorDiagnosticsDisabled node_modules/@testing-library/dom/dist/config.js:47:12
 ❯ checkCallback node_modules/@testing-library/dom/dist/wait-for.js:124:77
 ❯ Timeout.checkRealTimersCallback node_modules/@testing-library/dom/dist/wait-for.js:118:16

⎯⎯⎯⎯⎯⎯⎯⎯⎯⎯⎯⎯⎯⎯⎯⎯⎯⎯⎯⎯⎯[43/243]⎯

 FAIL  src/components/NativeTerminalPane.test.tsx > NativeTerminalPane geometry reporting contract > converts physical native cursor cells to a high-DPI IME anchor
TestingLibraryElementError: Unable to find an element by: [data-testid="native-terminal-focus-sink"]

Ignored nodes: comments, script, style
[36m<body>[39m
  [36m<div />[39m
[36m</body>[39m
 ❯ Object.getElementError node_modules/@testing-library/dom/dist/config.js:37:19
 ❯ node_modules/@testing-library/dom/dist/query-helpers.js:76:38
 ❯ node_modules/@testing-library/dom/dist/query-helpers.js:52:17
 ❯ node_modules/@testing-library/dom/dist/query-helpers.js:95:19
 ❯ src/components/NativeTerminalPane.test.tsx:1446:22
    1444|     const session = createSession("term-session-1");
    1445|     const { getByTestId } = render(<NativeTerminalPane sessionId="term…
    1446|     const textarea = getByTestId("native-terminal-focus-sink") as HTML…
       |                      ^
    1447| 
    1448|     await waitFor(() => {

⎯⎯⎯⎯⎯⎯⎯⎯⎯⎯⎯⎯⎯⎯⎯⎯⎯⎯⎯⎯⎯[44/243]⎯

 FAIL  src/components/NativeTerminalPane.test.tsx > NativeTerminalPane focus, keyboard, and IME prototype contract > focuses the hidden input sink and notifies native focus after successful attach
TestingLibraryElementError: Unable to find an element by: [data-testid="native-terminal-focus-sink"]

Ignored nodes: comments, script, style
[36m<body>[39m
  [36m<div />[39m
[36m</body>[39m
 ❯ Object.getElementError node_modules/@testing-library/dom/dist/config.js:37:19
 ❯ node_modules/@testing-library/dom/dist/query-helpers.js:76:38
 ❯ node_modules/@testing-library/dom/dist/query-helpers.js:52:17
 ❯ node_modules/@testing-library/dom/dist/query-helpers.js:95:19
 ❯ src/components/NativeTerminalPane.test.tsx:1489:22
    1487|       <NativeTerminalPane sessionId="term-session-1" session={session}…
    1488|     );
    1489|     const textarea = getByTestId("native-terminal-focus-sink") as HTML…
       |                      ^
    1490| 
    1491|     await waitFor(() => {

⎯⎯⎯⎯⎯⎯⎯⎯⎯⎯⎯⎯⎯⎯⎯⎯⎯⎯⎯⎯⎯[45/243]⎯

 FAIL  src/components/NativeTerminalPane.test.tsx > NativeTerminalPane focus, keyboard, and IME prototype contract > positions the IME input sink at the native cursor receipt
TestingLibraryElementError: Unable to find an element by: [data-testid="native-terminal-focus-sink"]

Ignored nodes: comments, script, style
[36m<body>[39m
  [36m<div />[39m
[36m</body>[39m
 ❯ Object.getElementError node_modules/@testing-library/dom/dist/config.js:37:19
 ❯ node_modules/@testing-library/dom/dist/query-helpers.js:76:38
 ❯ node_modules/@testing-library/dom/dist/query-helpers.js:52:17
 ❯ node_modules/@testing-library/dom/dist/query-helpers.js:95:19
 ❯ src/components/NativeTerminalPane.test.tsx:1513:22
    1511|     const session = createSession("term-session-1");
    1512|     const { getByTestId } = render(<NativeTerminalPane sessionId="term…
    1513|     const textarea = getByTestId("native-terminal-focus-sink") as HTML…
       |                      ^
    1514| 
    1515|     await waitFor(() => {

⎯⎯⎯⎯⎯⎯⎯⎯⎯⎯⎯⎯⎯⎯⎯⎯⎯⎯⎯⎯⎯[46/243]⎯

 FAIL  src/components/NativeTerminalPane.test.tsx > NativeTerminalPane focus, keyboard, and IME prototype contract > moves the IME anchor from an out-of-band input receipt, and ignores receipts for other sessions
TestingLibraryElementError: Unable to find an element by: [data-testid="native-terminal-focus-sink"]

Ignored nodes: comments, script, style
[36m<body>[39m
  [36m<div />[39m
[36m</body>[39m
 ❯ Object.getElementError node_modules/@testing-library/dom/dist/config.js:37:19
 ❯ node_modules/@testing-library/dom/dist/query-helpers.js:76:38
 ❯ node_modules/@testing-library/dom/dist/query-helpers.js:52:17
 ❯ node_modules/@testing-library/dom/dist/query-helpers.js:95:19
 ❯ src/components/NativeTerminalPane.test.tsx:1541:22
    1539|       <NativeTerminalPane sessionId="term-session-1" session={session}…
    1540|     );
    1541|     const textarea = getByTestId("native-terminal-focus-sink") as HTML…
       |                      ^
    1542| 
    1543|     await waitFor(() => {

⎯⎯⎯⎯⎯⎯⎯⎯⎯⎯⎯⎯⎯⎯⎯⎯⎯⎯⎯⎯⎯[47/243]⎯

 FAIL  src/components/NativeTerminalPane.test.tsx > NativeTerminalPane focus, keyboard, and IME prototype contract > forwards a primary pointer press for native selection without cancelling the gesture
TestingLibraryElementError: Unable to find an element by: [data-testid="native-terminal-focus-sink"]

Ignored nodes: comments, script, style
[36m<body>[39m
  [36m<div />[39m
[36m</body>[39m
 ❯ Object.getElementError node_modules/@testing-library/dom/dist/config.js:37:19
 ❯ node_modules/@testing-library/dom/dist/query-helpers.js:76:38
 ❯ node_modules/@testing-library/dom/dist/query-helpers.js:52:17
 ❯ node_modules/@testing-library/dom/dist/query-helpers.js:95:19
 ❯ src/components/NativeTerminalPane.test.tsx:1593:22
    1591|     const { getByTestId } = render(<NativeTerminalPane sessionId="term…
    1592| 
    1593|     const textarea = getByTestId("native-terminal-focus-sink") as HTML…
       |                      ^
    1594|     expect(textarea).toBeInTheDocument();
    1595|     expect(textarea.tagName).toBe("TEXTAREA");

⎯⎯⎯⎯⎯⎯⎯⎯⎯⎯⎯⎯⎯⎯⎯⎯⎯⎯⎯⎯⎯[48/243]⎯

 FAIL  src/components/NativeTerminalPane.test.tsx > NativeTerminalPane focus, keyboard, and IME prototype contract > forwards drag motion and release for native selection without cancelling pointer events
TestingLibraryElementError: Unable to find an element by: [data-testid="native-terminal-focus-sink"]

Ignored nodes: comments, script, style
[36m<body>[39m
  [36m<div />[39m
[36m</body>[39m
 ❯ Object.getElementError node_modules/@testing-library/dom/dist/config.js:37:19
 ❯ node_modules/@testing-library/dom/dist/query-helpers.js:76:38
 ❯ node_modules/@testing-library/dom/dist/query-helpers.js:52:17
 ❯ node_modules/@testing-library/dom/dist/query-helpers.js:95:19
 ❯ src/components/NativeTerminalPane.test.tsx:1652:22
    1650|     const session = createSession("term-session-1");
    1651|     const { getByTestId } = render(<NativeTerminalPane sessionId="term…
    1652|     const textarea = getByTestId("native-terminal-focus-sink") as HTML…
       |                      ^
    1653|     await waitFor(() => {
    1654|       expect(textarea.style.width).toBe("10px");

⎯⎯⎯⎯⎯⎯⎯⎯⎯⎯⎯⎯⎯⎯⎯⎯⎯⎯⎯⎯⎯[49/243]⎯

 FAIL  src/components/NativeTerminalPane.test.tsx > NativeTerminalPane focus, keyboard, and IME prototype contract > sends typed native focus and blur intent through IPC
TestingLibraryElementError: Unable to find an element by: [data-testid="native-terminal-focus-sink"]

Ignored nodes: comments, script, style
[36m<body>[39m
  [36m<div />[39m
[36m</body>[39m
 ❯ Object.getElementError node_modules/@testing-library/dom/dist/config.js:37:19
 ❯ node_modules/@testing-library/dom/dist/query-helpers.js:76:38
 ❯ node_modules/@testing-library/dom/dist/query-helpers.js:52:17
 ❯ node_modules/@testing-library/dom/dist/query-helpers.js:95:19
 ❯ src/components/NativeTerminalPane.test.tsx:1748:22
    1746|     const { getByTestId } = render(<NativeTerminalPane sessionId="term…
    1747| 
    1748|     const textarea = getByTestId("native-terminal-focus-sink");
       |                      ^
    1749| 
    1750|     act(() => {

⎯⎯⎯⎯⎯⎯⎯⎯⎯⎯⎯⎯⎯⎯⎯⎯⎯⎯⎯⎯⎯[50/243]⎯

 FAIL  src/components/NativeTerminalPane.test.tsx > NativeTerminalPane focus, keyboard, and IME prototype contract > reports rejected native input IPC commands
TestingLibraryElementError: Unable to find an element by: [data-testid="native-terminal-focus-sink"]

Ignored nodes: comments, script, style
[36m<body>[39m
  [36m<div />[39m
[36m</body>[39m
 ❯ Object.getElementError node_modules/@testing-library/dom/dist/config.js:37:19
 ❯ node_modules/@testing-library/dom/dist/query-helpers.js:76:38
 ❯ node_modules/@testing-library/dom/dist/query-helpers.js:52:17
 ❯ node_modules/@testing-library/dom/dist/query-helpers.js:95:19
 ❯ src/components/NativeTerminalPane.test.tsx:1774:22
    1772|     const consoleErrorSpy = vi.spyOn(console, "error").mockImplementat…
    1773|     const { getByTestId } = render(<NativeTerminalPane sessionId="term…
    1774|     const textarea = getByTestId("native-terminal-focus-sink") as HTML…
       |                      ^
    1775|     tauriCoreMocks.invoke.mockClear();
    1776|     tauriCoreMocks.invoke.mockRejectedValue(error);

⎯⎯⎯⎯⎯⎯⎯⎯⎯⎯⎯⎯⎯⎯⎯⎯⎯⎯⎯⎯⎯[51/243]⎯

 FAIL  src/components/NativeTerminalPane.test.tsx > NativeTerminalPane focus, keyboard, and IME prototype contract > self-heals detached session on send_input error by re-attaching and retrying input once
TestingLibraryElementError: Unable to find an element by: [data-testid="native-terminal-focus-sink"]

Ignored nodes: comments, script, style
[36m<body>[39m
  [36m<div />[39m
[36m</body>[39m
 ❯ Object.getElementError node_modules/@testing-library/dom/dist/config.js:37:19
 ❯ node_modules/@testing-library/dom/dist/query-helpers.js:76:38
 ❯ node_modules/@testing-library/dom/dist/query-helpers.js:52:17
 ❯ node_modules/@testing-library/dom/dist/query-helpers.js:95:19
 ❯ src/components/NativeTerminalPane.test.tsx:1798:22
    1796|     const session = createSession("term-session-self-heal");
    1797|     const { getByTestId } = render(<NativeTerminalPane sessionId="term…
    1798|     const textarea = getByTestId("native-terminal-focus-sink");
       |                      ^
    1799|     await act(async () => {});
    1800| 

⎯⎯⎯⎯⎯⎯⎯⎯⎯⎯⎯⎯⎯⎯⎯⎯⎯⎯⎯⎯⎯[52/243]⎯

 FAIL  src/components/NativeTerminalPane.test.tsx > NativeTerminalPane focus, keyboard, and IME prototype contract > does not loop infinitely when input retry repeatedly fails
TestingLibraryElementError: Unable to find an element by: [data-testid="native-terminal-focus-sink"]

Ignored nodes: comments, script, style
[36m<body>[39m
  [36m<div />[39m
[36m</body>[39m
 ❯ Object.getElementError node_modules/@testing-library/dom/dist/config.js:37:19
 ❯ node_modules/@testing-library/dom/dist/query-helpers.js:76:38
 ❯ node_modules/@testing-library/dom/dist/query-helpers.js:52:17
 ❯ node_modules/@testing-library/dom/dist/query-helpers.js:95:19
 ❯ src/components/NativeTerminalPane.test.tsx:1834:22
    1832|       <NativeTerminalPane sessionId="term-session-retry-fail" session=…
    1833|     );
    1834|     const textarea = getByTestId("native-terminal-focus-sink");
       |                      ^
    1835|     await act(async () => {});
    1836| 

⎯⎯⎯⎯⎯⎯⎯⎯⎯⎯⎯⎯⎯⎯⎯⎯⎯⎯⎯⎯⎯[53/243]⎯

 FAIL  src/components/NativeTerminalPane.test.tsx > NativeTerminalPane focus, keyboard, and IME prototype contract > tells the user when input was dropped by queue overflow instead of failing silently
TestingLibraryElementError: Unable to find an element by: [data-testid="native-terminal-focus-sink"]

Ignored nodes: comments, script, style
[36m<body>[39m
  [36m<div />[39m
[36m</body>[39m
 ❯ Object.getElementError node_modules/@testing-library/dom/dist/config.js:37:19
 ❯ node_modules/@testing-library/dom/dist/query-helpers.js:76:38
 ❯ node_modules/@testing-library/dom/dist/query-helpers.js:52:17
 ❯ node_modules/@testing-library/dom/dist/query-helpers.js:95:19
 ❯ src/components/NativeTerminalPane.test.tsx:1873:22
    1871|       <NativeTerminalPane sessionId="term-session-overflow" session={s…
    1872|     );
    1873|     const textarea = getByTestId("native-terminal-focus-sink");
       |                      ^
    1874|     await act(async () => {});
    1875| 

⎯⎯⎯⎯⎯⎯⎯⎯⎯⎯⎯⎯⎯⎯⎯⎯⎯⎯⎯⎯⎯[54/243]⎯

 FAIL  src/components/NativeTerminalPane.test.tsx > NativeTerminalPane focus, keyboard, and IME prototype contract > encodes and forwards non-printable control keys on keydown without duplicating printable input
TestingLibraryElementError: Unable to find an element by: [data-testid="native-terminal-focus-sink"]

Ignored nodes: comments, script, style
[36m<body>[39m
  [36m<div />[39m
[36m</body>[39m
 ❯ Object.getElementError node_modules/@testing-library/dom/dist/config.js:37:19
 ❯ node_modules/@testing-library/dom/dist/query-helpers.js:76:38
 ❯ node_modules/@testing-library/dom/dist/query-helpers.js:52:17
 ❯ node_modules/@testing-library/dom/dist/query-helpers.js:95:19
 ❯ src/components/NativeTerminalPane.test.tsx:1895:22
    1893|     const { getByTestId } = render(<NativeTerminalPane sessionId="term…
    1894| 
    1895|     const textarea = getByTestId("native-terminal-focus-sink");
       |                      ^
    1896| 
    1897|     act(() => {

⎯⎯⎯⎯⎯⎯⎯⎯⎯⎯⎯⎯⎯⎯⎯⎯⎯⎯⎯⎯⎯[55/243]⎯

 FAIL  src/components/NativeTerminalPane.test.tsx > NativeTerminalPane focus, keyboard, and IME prototype contract > forwards macOS word-navigation and word-deletion chords instead of letting the focus sink edit itself
TestingLibraryElementError: Unable to find an element by: [data-testid="native-terminal-focus-sink"]

Ignored nodes: comments, script, style
[36m<body>[39m
  [36m<div />[39m
[36m</body>[39m
 ❯ Object.getElementError node_modules/@testing-library/dom/dist/config.js:37:19
 ❯ node_modules/@testing-library/dom/dist/query-helpers.js:76:38
 ❯ node_modules/@testing-library/dom/dist/query-helpers.js:52:17
 ❯ node_modules/@testing-library/dom/dist/query-helpers.js:95:19
 ❯ src/components/NativeTerminalPane.test.tsx:1966:22
    1964|     const session = createSession("term-session-1");
    1965|     const { getByTestId } = render(<NativeTerminalPane sessionId="term…
    1966|     const textarea = getByTestId("native-terminal-focus-sink");
       |                      ^
    1967| 
    1968|     const chords = [

⎯⎯⎯⎯⎯⎯⎯⎯⎯⎯⎯⎯⎯⎯⎯⎯⎯⎯⎯⎯⎯[56/243]⎯

 FAIL  src/components/NativeTerminalPane.test.tsx > NativeTerminalPane focus, keyboard, and IME prototype contract > recovers the physical key when macOS translates an Option chord into a glyph
TestingLibraryElementError: Unable to find an element by: [data-testid="native-terminal-focus-sink"]

Ignored nodes: comments, script, style
[36m<body>[39m
  [36m<div />[39m
[36m</body>[39m
 ❯ Object.getElementError node_modules/@testing-library/dom/dist/config.js:37:19
 ❯ node_modules/@testing-library/dom/dist/query-helpers.js:76:38
 ❯ node_modules/@testing-library/dom/dist/query-helpers.js:52:17
 ❯ node_modules/@testing-library/dom/dist/query-helpers.js:95:19
 ❯ src/components/NativeTerminalPane.test.tsx:2019:22
    2017|     const session = createSession("term-session-1");
    2018|     const { getByTestId } = render(<NativeTerminalPane sessionId="term…
    2019|     const textarea = getByTestId("native-terminal-focus-sink");
       |                      ^
    2020| 
    2021|     const chords = [

⎯⎯⎯⎯⎯⎯⎯⎯⎯⎯⎯⎯⎯⎯⎯⎯⎯⎯⎯⎯⎯[57/243]⎯

 FAIL  src/components/NativeTerminalPane.test.tsx > NativeTerminalPane focus, keyboard, and IME prototype contract > forwards modified character keys through the typed key IPC payload
TestingLibraryElementError: Unable to find an element by: [data-testid="native-terminal-focus-sink"]

Ignored nodes: comments, script, style
[36m<body>[39m
  [36m<div />[39m
[36m</body>[39m
 ❯ Object.getElementError node_modules/@testing-library/dom/dist/config.js:37:19
 ❯ node_modules/@testing-library/dom/dist/query-helpers.js:76:38
 ❯ node_modules/@testing-library/dom/dist/query-helpers.js:52:17
 ❯ node_modules/@testing-library/dom/dist/query-helpers.js:95:19
 ❯ src/components/NativeTerminalPane.test.tsx:2070:22
    2068|     const session = createSession("term-session-1");
    2069|     const { getByTestId } = render(<NativeTerminalPane sessionId="term…
    2070|     const textarea = getByTestId("native-terminal-focus-sink");
       |                      ^
    2071|     tauriCoreMocks.invoke.mockClear();
    2072| 

⎯⎯⎯⎯⎯⎯⎯⎯⎯⎯⎯⎯⎯⎯⎯⎯⎯⎯⎯⎯⎯[58/243]⎯

 FAIL  src/components/NativeTerminalPane.test.tsx > NativeTerminalPane focus, keyboard, and IME prototype contract > sends DOM text paste as one bracketed paste IPC payload
TestingLibraryElementError: Unable to find an element by: [data-testid="native-terminal-focus-sink"]

Ignored nodes: comments, script, style
[36m<body>[39m
  [36m<div />[39m
[36m</body>[39m
 ❯ Object.getElementError node_modules/@testing-library/dom/dist/config.js:37:19
 ❯ node_modules/@testing-library/dom/dist/query-helpers.js:76:38
 ❯ node_modules/@testing-library/dom/dist/query-helpers.js:52:17
 ❯ node_modules/@testing-library/dom/dist/query-helpers.js:95:19
 ❯ src/components/NativeTerminalPane.test.tsx:2109:22
    2107|     const session = createSession("term-session-1");
    2108|     const { getByTestId } = render(<NativeTerminalPane sessionId="term…
    2109|     const textarea = getByTestId("native-terminal-focus-sink");
       |                      ^
    2110|     tauriCoreMocks.invoke.mockClear();
    2111| 

⎯⎯⎯⎯⎯⎯⎯⎯⎯⎯⎯⎯⎯⎯⎯⎯⎯⎯⎯⎯⎯[59/243]⎯

 FAIL  src/components/NativeTerminalPane.test.tsx > NativeTerminalPane focus, keyboard, and IME prototype contract > sends multiline DOM text paste as a single payload to cmd_native_terminal_paste
TestingLibraryElementError: Unable to find an element by: [data-testid="native-terminal-focus-sink"]

Ignored nodes: comments, script, style
[36m<body>[39m
  [36m<div />[39m
[36m</body>[39m
 ❯ Object.getElementError node_modules/@testing-library/dom/dist/config.js:37:19
 ❯ node_modules/@testing-library/dom/dist/query-helpers.js:76:38
 ❯ node_modules/@testing-library/dom/dist/query-helpers.js:52:17
 ❯ node_modules/@testing-library/dom/dist/query-helpers.js:95:19
 ❯ src/components/NativeTerminalPane.test.tsx:2132:22
    2130|     const session = createSession("term-session-multiline");
    2131|     const { getByTestId } = render(<NativeTerminalPane sessionId="term…
    2132|     const textarea = getByTestId("native-terminal-focus-sink");
       |                      ^
    2133|     tauriCoreMocks.invoke.mockClear();
    2134| 

⎯⎯⎯⎯⎯⎯⎯⎯⎯⎯⎯⎯⎯⎯⎯⎯⎯⎯⎯⎯⎯[60/243]⎯

 FAIL  src/components/NativeTerminalPane.test.tsx > NativeTerminalPane focus, keyboard, and IME prototype contract > claims macOS Cmd+V ('Latin v') on focused textarea and routes native text clipboard content without DOM paste
 FAIL  src/components/NativeTerminalPane.test.tsx > NativeTerminalPane focus, keyboard, and IME prototype contract > claims macOS Cmd+V ('Korean character ㅍ') on focused textarea and routes native text clipboard content without DOM paste
 FAIL  src/components/NativeTerminalPane.test.tsx > NativeTerminalPane focus, keyboard, and IME prototype contract > claims macOS Cmd+V ('IME Process key') on focused textarea and routes native text clipboard content without DOM paste
TestingLibraryElementError: Unable to find an element by: [data-testid="native-terminal-focus-sink"]

Ignored nodes: comments, script, style
[36m<body>[39m
  [36m<div />[39m
[36m</body>[39m
 ❯ Object.getElementError node_modules/@testing-library/dom/dist/config.js:37:19
 ❯ node_modules/@testing-library/dom/dist/query-helpers.js:76:38
 ❯ node_modules/@testing-library/dom/dist/query-helpers.js:52:17
 ❯ node_modules/@testing-library/dom/dist/query-helpers.js:95:19
 ❯ src/components/NativeTerminalPane.test.tsx:2175:24
    2173|         <NativeTerminalPane sessionId={`term-session-native-paste-${ke…
    2174|       );
    2175|       const textarea = getByTestId("native-terminal-focus-sink");
       |                        ^
    2176|       textarea.focus();
    2177|       tauriCoreMocks.invoke.mockClear();

⎯⎯⎯⎯⎯⎯⎯⎯⎯⎯⎯⎯⎯⎯⎯⎯⎯⎯⎯⎯⎯[61/243]⎯

 FAIL  src/components/NativeTerminalPane.test.tsx > NativeTerminalPane focus, keyboard, and IME prototype contract > claims macOS Cmd+V on focused textarea and saves clipboard image locally, pasting the local path
TestingLibraryElementError: Unable to find an element by: [data-testid="native-terminal-focus-sink"]

Ignored nodes: comments, script, style
[36m<body>[39m
  [36m<div />[39m
[36m</body>[39m
 ❯ Object.getElementError node_modules/@testing-library/dom/dist/config.js:37:19
 ❯ node_modules/@testing-library/dom/dist/query-helpers.js:76:38
 ❯ node_modules/@testing-library/dom/dist/query-helpers.js:52:17
 ❯ node_modules/@testing-library/dom/dist/query-helpers.js:95:19
 ❯ src/components/NativeTerminalPane.test.tsx:2223:22
    2221|       <NativeTerminalPane sessionId="term-session-native-image-paste" …
    2222|     );
    2223|     const textarea = getByTestId("native-terminal-focus-sink");
       |                      ^
    2224|     textarea.focus();
    2225|     tauriCoreMocks.invoke.mockClear();

⎯⎯⎯⎯⎯⎯⎯⎯⎯⎯⎯⎯⎯⎯⎯⎯⎯⎯⎯⎯⎯[62/243]⎯

 FAIL  src/components/NativeTerminalPane.test.tsx > NativeTerminalPane focus, keyboard, and IME prototype contract > sends a clipboard image to the SSH host owning a remote pane and 'pastes the uploaded remote path'
 FAIL  src/components/NativeTerminalPane.test.tsx > NativeTerminalPane focus, keyboard, and IME prototype contract > sends a clipboard image to the SSH host owning a remote pane and 'degrades to the agent\'s paste chord …'
TestingLibraryElementError: Unable to find an element by: [data-testid="native-terminal-focus-sink"]

Ignored nodes: comments, script, style
[36m<body>[39m
  [36m<div />[39m
[36m</body>[39m
 ❯ Object.getElementError node_modules/@testing-library/dom/dist/config.js:37:19
 ❯ node_modules/@testing-library/dom/dist/query-helpers.js:76:38
 ❯ node_modules/@testing-library/dom/dist/query-helpers.js:52:17
 ❯ node_modules/@testing-library/dom/dist/query-helpers.js:95:19
 ❯ src/components/NativeTerminalPane.test.tsx:2278:24
    2276|         <NativeTerminalPane sessionId={sessionId} session={session} />,
    2277|       );
    2278|       const textarea = getByTestId("native-terminal-focus-sink");
       |                        ^
    2279|       textarea.focus();
    2280|       tauriCoreMocks.invoke.mockClear();

⎯⎯⎯⎯⎯⎯⎯⎯⎯⎯⎯⎯⎯⎯⎯⎯⎯⎯⎯⎯⎯[63/243]⎯

 FAIL  src/components/NativeTerminalPane.test.tsx > NativeTerminalPane focus, keyboard, and IME prototype contract > saves a local pane clipboard image and never uploads it over SSH or daemon
TestingLibraryElementError: Unable to find an element by: [data-testid="native-terminal-focus-sink"]

Ignored nodes: comments, script, style
[36m<body>[39m
  [36m<div />[39m
[36m</body>[39m
 ❯ Object.getElementError node_modules/@testing-library/dom/dist/config.js:37:19
 ❯ node_modules/@testing-library/dom/dist/query-helpers.js:76:38
 ❯ node_modules/@testing-library/dom/dist/query-helpers.js:52:17
 ❯ node_modules/@testing-library/dom/dist/query-helpers.js:95:19
 ❯ src/components/NativeTerminalPane.test.tsx:2335:22
    2333|       <NativeTerminalPane sessionId="term-session-local-image-paste" s…
    2334|     );
    2335|     const textarea = getByTestId("native-terminal-focus-sink");
       |                      ^
    2336|     textarea.focus();
    2337|     tauriCoreMocks.invoke.mockClear();

⎯⎯⎯⎯⎯⎯⎯⎯⎯⎯⎯⎯⎯⎯⎯⎯⎯⎯⎯⎯⎯[64/243]⎯

 FAIL  src/components/NativeTerminalPane.test.tsx > NativeTerminalPane focus, keyboard, and IME prototype contract > claims Ctrl+V with Korean layout key ㅍ on focused textarea and routes native text clipboard content
TestingLibraryElementError: Unable to find an element by: [data-testid="native-terminal-focus-sink"]

Ignored nodes: comments, script, style
[36m<body>[39m
  [36m<div />[39m
[36m</body>[39m
 ❯ Object.getElementError node_modules/@testing-library/dom/dist/config.js:37:19
 ❯ node_modules/@testing-library/dom/dist/query-helpers.js:76:38
 ❯ node_modules/@testing-library/dom/dist/query-helpers.js:52:17
 ❯ node_modules/@testing-library/dom/dist/query-helpers.js:95:19
 ❯ src/components/NativeTerminalPane.test.tsx:2380:22
    2378|       <NativeTerminalPane sessionId="term-session-korean-ctrl-v" sessi…
    2379|     );
    2380|     const textarea = getByTestId("native-terminal-focus-sink");
       |                      ^
    2381|     textarea.focus();
    2382|     tauriCoreMocks.invoke.mockClear();

⎯⎯⎯⎯⎯⎯⎯⎯⎯⎯⎯⎯⎯⎯⎯⎯⎯⎯⎯⎯⎯[65/243]⎯

 FAIL  src/components/NativeTerminalPane.test.tsx > NativeTerminalPane focus, keyboard, and IME prototype contract > claims Ctrl+V with Latin v on focused textarea and routes native text clipboard content
TestingLibraryElementError: Unable to find an element by: [data-testid="native-terminal-focus-sink"]

Ignored nodes: comments, script, style
[36m<body>[39m
  [36m<div />[39m
[36m</body>[39m
 ❯ Object.getElementError node_modules/@testing-library/dom/dist/config.js:37:19
 ❯ node_modules/@testing-library/dom/dist/query-helpers.js:76:38
 ❯ node_modules/@testing-library/dom/dist/query-helpers.js:52:17
 ❯ node_modules/@testing-library/dom/dist/query-helpers.js:95:19
 ❯ src/components/NativeTerminalPane.test.tsx:2424:22
    2422|       <NativeTerminalPane sessionId="term-session-latin-ctrl-v" sessio…
    2423|     );
    2424|     const textarea = getByTestId("native-terminal-focus-sink");
       |                      ^
    2425|     textarea.focus();
    2426|     tauriCoreMocks.invoke.mockClear();

⎯⎯⎯⎯⎯⎯⎯⎯⎯⎯⎯⎯⎯⎯⎯⎯⎯⎯⎯⎯⎯[66/243]⎯

 FAIL  src/components/NativeTerminalPane.test.tsx > NativeTerminalPane focus, keyboard, and IME prototype contract > claims Ctrl+Shift+V on focused textarea and routes native text clipboard content
TestingLibraryElementError: Unable to find an element by: [data-testid="native-terminal-focus-sink"]

Ignored nodes: comments, script, style
[36m<body>[39m
  [36m<div />[39m
[36m</body>[39m
 ❯ Object.getElementError node_modules/@testing-library/dom/dist/config.js:37:19
 ❯ node_modules/@testing-library/dom/dist/query-helpers.js:76:38
 ❯ node_modules/@testing-library/dom/dist/query-helpers.js:52:17
 ❯ node_modules/@testing-library/dom/dist/query-helpers.js:95:19
 ❯ src/components/NativeTerminalPane.test.tsx:2468:22
    2466|       <NativeTerminalPane sessionId="term-session-ctrl-shift-v" sessio…
    2467|     );
    2468|     const textarea = getByTestId("native-terminal-focus-sink");
       |                      ^
    2469|     textarea.focus();
    2470|     tauriCoreMocks.invoke.mockClear();

⎯⎯⎯⎯⎯⎯⎯⎯⎯⎯⎯⎯⎯⎯⎯⎯⎯⎯⎯⎯⎯[67/243]⎯

 FAIL  src/components/NativeTerminalPane.test.tsx > NativeTerminalPane focus, keyboard, and IME prototype contract > claims Shift+Insert on focused textarea and routes native text clipboard content
TestingLibraryElementError: Unable to find an element by: [data-testid="native-terminal-focus-sink"]

Ignored nodes: comments, script, style
[36m<body>[39m
  [36m<div />[39m
[36m</body>[39m
 ❯ Object.getElementError node_modules/@testing-library/dom/dist/config.js:37:19
 ❯ node_modules/@testing-library/dom/dist/query-helpers.js:76:38
 ❯ node_modules/@testing-library/dom/dist/query-helpers.js:52:17
 ❯ node_modules/@testing-library/dom/dist/query-helpers.js:95:19
 ❯ src/components/NativeTerminalPane.test.tsx:2508:22
    2506|       <NativeTerminalPane sessionId="term-session-shift-insert" sessio…
    2507|     );
    2508|     const textarea = getByTestId("native-terminal-focus-sink");
       |                      ^
    2509|     textarea.focus();
    2510|     tauriCoreMocks.invoke.mockClear();

⎯⎯⎯⎯⎯⎯⎯⎯⎯⎯⎯⎯⎯⎯⎯⎯⎯⎯⎯⎯⎯[68/243]⎯

 FAIL  src/components/NativeTerminalPane.test.tsx > NativeTerminalPane focus, keyboard, and IME prototype contract > claims Ctrl+V on focused textarea and saves clipboard image locally, pasting the local path
TestingLibraryElementError: Unable to find an element by: [data-testid="native-terminal-focus-sink"]

Ignored nodes: comments, script, style
[36m<body>[39m
  [36m<div />[39m
[36m</body>[39m
 ❯ Object.getElementError node_modules/@testing-library/dom/dist/config.js:37:19
 ❯ node_modules/@testing-library/dom/dist/query-helpers.js:76:38
 ❯ node_modules/@testing-library/dom/dist/query-helpers.js:52:17
 ❯ node_modules/@testing-library/dom/dist/query-helpers.js:95:19
 ❯ src/components/NativeTerminalPane.test.tsx:2550:22
    2548|       <NativeTerminalPane sessionId="term-session-native-image-paste-c…
    2549|     );
    2550|     const textarea = getByTestId("native-terminal-focus-sink");
       |                      ^
    2551|     textarea.focus();
    2552|     tauriCoreMocks.invoke.mockClear();

⎯⎯⎯⎯⎯⎯⎯⎯⎯⎯⎯⎯⎯⎯⎯⎯⎯⎯⎯⎯⎯[69/243]⎯

 FAIL  src/components/NativeTerminalPane.test.tsx > NativeTerminalPane focus, keyboard, and IME prototype contract > routes AppKit-consumed macOS Cmd+V to the last-focused split terminal exactly once
TestingLibraryElementError: Unable to find an element by: [data-testid="native-terminal-focus-sink"]

Ignored nodes: comments, script, style
[36m<body>[39m
  [36m<div />[39m
[36m</body>[39m
 ❯ Object.getElementError node_modules/@testing-library/dom/dist/config.js:37:19
 ❯ node_modules/@testing-library/dom/dist/query-helpers.js:76:38
 ❯ node_modules/@testing-library/dom/dist/query-helpers.js:109:15
 ❯ src/components/NativeTerminalPane.test.tsx:2597:35
    2595|       </div>,
    2596|     );
    2597|     const [leftSink, rightSink] = getAllByTestId("native-terminal-focu…
       |                                   ^
    2598|     act(() => {
    2599|       leftSink.focus();

⎯⎯⎯⎯⎯⎯⎯⎯⎯⎯⎯⎯⎯⎯⎯⎯⎯⎯⎯⎯⎯[70/243]⎯

 FAIL  src/components/NativeTerminalPane.test.tsx > NativeTerminalPane focus, keyboard, and IME prototype contract > leaves AppKit-consumed Cmd+V to an external editable instead of a terminal
TestingLibraryElementError: Unable to find an element by: [data-testid="external-native-paste-input"]

Ignored nodes: comments, script, style
[36m<body>[39m
  [36m<div />[39m
[36m</body>[39m
 ❯ Object.getElementError node_modules/@testing-library/dom/dist/config.js:37:19
 ❯ node_modules/@testing-library/dom/dist/query-helpers.js:76:38
 ❯ node_modules/@testing-library/dom/dist/query-helpers.js:52:17
 ❯ node_modules/@testing-library/dom/dist/query-helpers.js:95:19
 ❯ src/components/NativeTerminalPane.test.tsx:2643:19
    2641|       </div>,
    2642|     );
    2643|     const input = getByTestId("external-native-paste-input");
       |                   ^
    2644|     input.focus();
    2645|     tauriCoreMocks.invoke.mockClear();

⎯⎯⎯⎯⎯⎯⎯⎯⎯⎯⎯⎯⎯⎯⎯⎯⎯⎯⎯⎯⎯[71/243]⎯

 FAIL  src/components/NativeTerminalPane.test.tsx > NativeTerminalPane focus, keyboard, and IME prototype contract > claims macOS Cmd+V on focused textarea and sends no terminal input when clipboard is empty
TestingLibraryElementError: Unable to find an element by: [data-testid="native-terminal-focus-sink"]

Ignored nodes: comments, script, style
[36m<body>[39m
  [36m<div />[39m
[36m</body>[39m
 ❯ Object.getElementError node_modules/@testing-library/dom/dist/config.js:37:19
 ❯ node_modules/@testing-library/dom/dist/query-helpers.js:76:38
 ❯ node_modules/@testing-library/dom/dist/query-helpers.js:52:17
 ❯ node_modules/@testing-library/dom/dist/query-helpers.js:95:19
 ❯ src/components/NativeTerminalPane.test.tsx:2674:22
    2672|       <NativeTerminalPane sessionId="term-session-native-empty-paste" …
    2673|     );
    2674|     const textarea = getByTestId("native-terminal-focus-sink");
       |                      ^
    2675|     textarea.focus();
    2676|     tauriCoreMocks.invoke.mockClear();

⎯⎯⎯⎯⎯⎯⎯⎯⎯⎯⎯⎯⎯⎯⎯⎯⎯⎯⎯⎯⎯[72/243]⎯

 FAIL  src/components/NativeTerminalPane.test.tsx > NativeTerminalPane focus, keyboard, and IME prototype contract > recognizes macOS Korean layout Cmd+V ('Korean character ㅍ') through neutral document capture fallback, claims focus, and routes native paste without DOM paste
 FAIL  src/components/NativeTerminalPane.test.tsx > NativeTerminalPane focus, keyboard, and IME prototype contract > recognizes macOS Korean layout Cmd+V ('IME Process key') through neutral document capture fallback, claims focus, and routes native paste without DOM paste
TestingLibraryElementError: Unable to find an element by: [data-testid="native-terminal-focus-sink"]

Ignored nodes: comments, script, style
[36m<body>[39m
  [36m<div />[39m
[36m</body>[39m
 ❯ Object.getElementError node_modules/@testing-library/dom/dist/config.js:37:19
 ❯ node_modules/@testing-library/dom/dist/query-helpers.js:76:38
 ❯ node_modules/@testing-library/dom/dist/query-helpers.js:52:17
 ❯ node_modules/@testing-library/dom/dist/query-helpers.js:95:19
 ❯ src/components/NativeTerminalPane.test.tsx:2723:24
    2721|         <NativeTerminalPane sessionId={`term-session-korean-fallback-$…
    2722|       );
    2723|       const textarea = getByTestId("native-terminal-focus-sink");
       |                        ^
    2724| 
    2725|       tauriCoreMocks.invoke.mockClear();

⎯⎯⎯⎯⎯⎯⎯⎯⎯⎯⎯⎯⎯⎯⎯⎯⎯⎯⎯⎯⎯[73/243]⎯

 FAIL  src/components/NativeTerminalPane.test.tsx > NativeTerminalPane focus, keyboard, and IME prototype contract > suppresses a subsequent DOM paste event exactly once after macOS Cmd+V keydown fallback
TestingLibraryElementError: Unable to find an element by: [data-testid="native-terminal-focus-sink"]

Ignored nodes: comments, script, style
[36m<body>[39m
  [36m<div />[39m
[36m</body>[39m
 ❯ Object.getElementError node_modules/@testing-library/dom/dist/config.js:37:19
 ❯ node_modules/@testing-library/dom/dist/query-helpers.js:76:38
 ❯ node_modules/@testing-library/dom/dist/query-helpers.js:52:17
 ❯ node_modules/@testing-library/dom/dist/query-helpers.js:95:19
 ❯ src/components/NativeTerminalPane.test.tsx:2766:22
    2764|       <NativeTerminalPane sessionId="term-session-suppress-duplicate-p…
    2765|     );
    2766|     const textarea = getByTestId("native-terminal-focus-sink");
       |                      ^
    2767|     textarea.focus();
    2768|     tauriCoreMocks.invoke.mockClear();

⎯⎯⎯⎯⎯⎯⎯⎯⎯⎯⎯⎯⎯⎯⎯⎯⎯⎯⎯⎯⎯[74/243]⎯

 FAIL  src/components/NativeTerminalPane.test.tsx > NativeTerminalPane focus, keyboard, and IME prototype contract > keeps duplicate-paste suppression through async clipboard inspection until KeyV keyup
TestingLibraryElementError: Unable to find an element by: [data-testid="native-terminal-focus-sink"]

Ignored nodes: comments, script, style
[36m<body>[39m
  [36m<div />[39m
[36m</body>[39m
 ❯ Object.getElementError node_modules/@testing-library/dom/dist/config.js:37:19
 ❯ node_modules/@testing-library/dom/dist/query-helpers.js:76:38
 ❯ node_modules/@testing-library/dom/dist/query-helpers.js:52:17
 ❯ node_modules/@testing-library/dom/dist/query-helpers.js:95:19
 ❯ src/components/NativeTerminalPane.test.tsx:2826:22
    2824|       />,
    2825|     );
    2826|     const textarea = getByTestId("native-terminal-focus-sink");
       |                      ^
    2827|     textarea.focus();
    2828|     tauriCoreMocks.invoke.mockClear();

⎯⎯⎯⎯⎯⎯⎯⎯⎯⎯⎯⎯⎯⎯⎯⎯⎯⎯⎯⎯⎯[75/243]⎯

 FAIL  src/components/NativeTerminalPane.test.tsx > NativeTerminalPane focus, keyboard, and IME prototype contract > clears native paste suppression when the window loses focus before KeyV keyup
TestingLibraryElementError: Unable to find an element by: [data-testid="native-terminal-focus-sink"]

Ignored nodes: comments, script, style
[36m<body>[39m
  [36m<div />[39m
[36m</body>[39m
 ❯ Object.getElementError node_modules/@testing-library/dom/dist/config.js:37:19
 ❯ node_modules/@testing-library/dom/dist/query-helpers.js:76:38
 ❯ node_modules/@testing-library/dom/dist/query-helpers.js:52:17
 ❯ node_modules/@testing-library/dom/dist/query-helpers.js:95:19
 ❯ src/components/NativeTerminalPane.test.tsx:2907:22
    2905|       />,
    2906|     );
    2907|     const textarea = getByTestId("native-terminal-focus-sink");
       |                      ^
    2908|     textarea.focus();
    2909|     tauriCoreMocks.invoke.mockClear();

⎯⎯⎯⎯⎯⎯⎯⎯⎯⎯⎯⎯⎯⎯⎯⎯⎯⎯⎯⎯⎯[76/243]⎯

 FAIL  src/components/NativeTerminalPane.test.tsx > NativeTerminalPane focus, keyboard, and IME prototype contract > routes neutral BODY Cmd+V native clipboard fallback only to the last-focused split terminal
TestingLibraryElementError: Unable to find an element by: [data-testid="native-terminal-focus-sink"]

Ignored nodes: comments, script, style
[36m<body>[39m
  [36m<div />[39m
[36m</body>[39m
 ❯ Object.getElementError node_modules/@testing-library/dom/dist/config.js:37:19
 ❯ node_modules/@testing-library/dom/dist/query-helpers.js:76:38
 ❯ node_modules/@testing-library/dom/dist/query-helpers.js:109:15
 ❯ src/components/NativeTerminalPane.test.tsx:2967:35
    2965|     );
    2966| 
    2967|     const [leftSink, rightSink] = getAllByTestId("native-terminal-focu…
       |                                   ^
    2968| 
    2969|     // Focus left, then focus right so right becomes last focused

⎯⎯⎯⎯⎯⎯⎯⎯⎯⎯⎯⎯⎯⎯⎯⎯⎯⎯⎯⎯⎯[77/243]⎯

 FAIL  src/components/NativeTerminalPane.test.tsx > NativeTerminalPane focus, keyboard, and IME prototype contract > does not claim macOS Cmd+V when an external editable input is focused
TestingLibraryElementError: Unable to find an element by: [data-testid="external-search-input"]

Ignored nodes: comments, script, style
[36m<body>[39m
  [36m<div />[39m
[36m</body>[39m
 ❯ Object.getElementError node_modules/@testing-library/dom/dist/config.js:37:19
 ❯ node_modules/@testing-library/dom/dist/query-helpers.js:76:38
 ❯ node_modules/@testing-library/dom/dist/query-helpers.js:52:17
 ❯ node_modules/@testing-library/dom/dist/query-helpers.js:95:19
 ❯ src/components/NativeTerminalPane.test.tsx:3022:19
    3020|     );
    3021| 
    3022|     const input = getByTestId("external-search-input");
       |                   ^
    3023|     input.focus();
    3024|     expect(document.activeElement).toBe(input);

⎯⎯⎯⎯⎯⎯⎯⎯⎯⎯⎯⎯⎯⎯⎯⎯⎯⎯⎯⎯⎯[78/243]⎯

 FAIL  src/components/NativeTerminalPane.test.tsx > NativeTerminalPane focus, keyboard, and IME prototype contract > claims native fallback on non-macOS platforms for Ctrl+V
TestingLibraryElementError: Unable to find an element by: [data-testid="native-terminal-focus-sink"]

Ignored nodes: comments, script, style
[36m<body>[39m
  [36m<div />[39m
[36m</body>[39m
 ❯ Object.getElementError node_modules/@testing-library/dom/dist/config.js:37:19
 ❯ node_modules/@testing-library/dom/dist/query-helpers.js:76:38
 ❯ node_modules/@testing-library/dom/dist/query-helpers.js:52:17
 ❯ node_modules/@testing-library/dom/dist/query-helpers.js:95:19
 ❯ src/components/NativeTerminalPane.test.tsx:3073:24
    3071|         <NativeTerminalPane sessionId="term-session-linux-ctrl-v" sess…
    3072|       );
    3073|       const textarea = getByTestId("native-terminal-focus-sink");
       |                        ^
    3074|       textarea.focus();
    3075|       tauriCoreMocks.invoke.mockClear();

⎯⎯⎯⎯⎯⎯⎯⎯⎯⎯⎯⎯⎯⎯⎯⎯⎯⎯⎯⎯⎯[79/243]⎯

 FAIL  src/components/NativeTerminalPane.test.tsx > NativeTerminalPane focus, keyboard, and IME prototype contract > ignores standalone Meta key before Korean Cmd+V (ㅍ) across capture fallback and textarea
TestingLibraryElementError: Unable to find an element by: [data-testid="native-terminal-focus-sink"]

Ignored nodes: comments, script, style
[36m<body>[39m
  [36m<div />[39m
[36m</body>[39m
 ❯ Object.getElementError node_modules/@testing-library/dom/dist/config.js:37:19
 ❯ node_modules/@testing-library/dom/dist/query-helpers.js:76:38
 ❯ node_modules/@testing-library/dom/dist/query-helpers.js:52:17
 ❯ node_modules/@testing-library/dom/dist/query-helpers.js:95:19
 ❯ src/components/NativeTerminalPane.test.tsx:3120:22
    3118| 
    3119|     const { getByTestId } = render(<NativeTerminalPane sessionId="term…
    3120|     const textarea = getByTestId("native-terminal-focus-sink");
       |                      ^
    3121| 
    3122|     (document.activeElement as HTMLElement)?.blur?.();

⎯⎯⎯⎯⎯⎯⎯⎯⎯⎯⎯⎯⎯⎯⎯⎯⎯⎯⎯⎯⎯[80/243]⎯

 FAIL  src/components/NativeTerminalPane.test.tsx > NativeTerminalPane focus, keyboard, and IME prototype contract > forwards a DOM image paste through the agent's Ctrl+V shortcut
TestingLibraryElementError: Unable to find an element by: [data-testid="native-terminal-focus-sink"]

Ignored nodes: comments, script, style
[36m<body>[39m
  [36m<div />[39m
[36m</body>[39m
 ❯ Object.getElementError node_modules/@testing-library/dom/dist/config.js:37:19
 ❯ node_modules/@testing-library/dom/dist/query-helpers.js:76:38
 ❯ node_modules/@testing-library/dom/dist/query-helpers.js:52:17
 ❯ node_modules/@testing-library/dom/dist/query-helpers.js:95:19
 ❯ src/components/NativeTerminalPane.test.tsx:3168:22
    3166|     const session = createSession("term-session-image-dom");
    3167|     const { getByTestId } = render(<NativeTerminalPane sessionId="term…
    3168|     const textarea = getByTestId("native-terminal-focus-sink");
       |                      ^
    3169|     tauriCoreMocks.invoke.mockClear();
    3170| 

⎯⎯⎯⎯⎯⎯⎯⎯⎯⎯⎯⎯⎯⎯⎯⎯⎯⎯⎯⎯⎯[81/243]⎯

 FAIL  src/components/NativeTerminalPane.test.tsx > NativeTerminalPane focus, keyboard, and IME prototype contract > forwards a fixture PNG paste at the DOM paste seam through the agent's Ctrl+V shortcut
TestingLibraryElementError: Unable to find an element by: [data-testid="native-terminal-focus-sink"]

Ignored nodes: comments, script, style
[36m<body>[39m
  [36m<div />[39m
[36m</body>[39m
 ❯ Object.getElementError node_modules/@testing-library/dom/dist/config.js:37:19
 ❯ node_modules/@testing-library/dom/dist/query-helpers.js:76:38
 ❯ node_modules/@testing-library/dom/dist/query-helpers.js:52:17
 ❯ node_modules/@testing-library/dom/dist/query-helpers.js:95:19
 ❯ src/components/NativeTerminalPane.test.tsx:3187:22
    3185|     const session = createSession("term-session-fixture-png");
    3186|     const { getByTestId } = render(<NativeTerminalPane sessionId="term…
    3187|     const textarea = getByTestId("native-terminal-focus-sink");
       |                      ^
    3188|     tauriCoreMocks.invoke.mockClear();
    3189| 

⎯⎯⎯⎯⎯⎯⎯⎯⎯⎯⎯⎯⎯⎯⎯⎯⎯⎯⎯⎯⎯[82/243]⎯

 FAIL  src/components/NativeTerminalPane.test.tsx > NativeTerminalPane focus, keyboard, and IME prototype contract > routes an image-only paste targeting the terminal pane when the focus sink is not active exclusively through Ctrl+V exactly once
TestingLibraryElementError: Unable to find an element by: [data-testid="native-terminal-pane"]

Ignored nodes: comments, script, style
[36m<body>[39m
  [36m<div />[39m
[36m</body>[39m
 ❯ Object.getElementError node_modules/@testing-library/dom/dist/config.js:37:19
 ❯ node_modules/@testing-library/dom/dist/query-helpers.js:76:38
 ❯ node_modules/@testing-library/dom/dist/query-helpers.js:52:17
 ❯ node_modules/@testing-library/dom/dist/query-helpers.js:95:19
 ❯ src/components/NativeTerminalPane.test.tsx:3224:18
    3222|     const session = createSession("term-session-image-pane-target");
    3223|     const { getByTestId } = render(<NativeTerminalPane sessionId="term…
    3224|     const pane = getByTestId("native-terminal-pane");
       |                  ^
    3225|     const textarea = getByTestId("native-terminal-focus-sink");
    3226|     // Ensure the textarea sink is not focused

⎯⎯⎯⎯⎯⎯⎯⎯⎯⎯⎯⎯⎯⎯⎯⎯⎯⎯⎯⎯⎯[83/243]⎯

 FAIL  src/components/NativeTerminalPane.test.tsx > NativeTerminalPane focus, keyboard, and IME prototype contract > DOM paste with an image on an ssh pane invokes cmd_ssh_paste_clipboard_image and sends no 0x16
TestingLibraryElementError: Unable to find an element by: [data-testid="native-terminal-focus-sink"]

Ignored nodes: comments, script, style
[36m<body>[39m
  [36m<div />[39m
[36m</body>[39m
 ❯ Object.getElementError node_modules/@testing-library/dom/dist/config.js:37:19
 ❯ node_modules/@testing-library/dom/dist/query-helpers.js:76:38
 ❯ node_modules/@testing-library/dom/dist/query-helpers.js:52:17
 ❯ node_modules/@testing-library/dom/dist/query-helpers.js:95:19
 ❯ src/components/NativeTerminalPane.test.tsx:3269:22
    3267| 
    3268|     const { getByTestId } = render(<NativeTerminalPane sessionId={sess…
    3269|     const textarea = getByTestId("native-terminal-focus-sink");
       |                      ^
    3270|     textarea.focus();
    3271|     tauriCoreMocks.invoke.mockClear();

⎯⎯⎯⎯⎯⎯⎯⎯⎯⎯⎯⎯⎯⎯⎯⎯⎯⎯⎯⎯⎯[84/243]⎯

 FAIL  src/components/NativeTerminalPane.test.tsx > NativeTerminalPane focus, keyboard, and IME prototype contract > DOM paste with an image on a daemon pane invokes cmd_daemon_paste_clipboard_image and sends no 0x16
TestingLibraryElementError: Unable to find an element by: [data-testid="native-terminal-focus-sink"]

Ignored nodes: comments, script, style
[36m<body>[39m
  [36m<div />[39m
[36m</body>[39m
 ❯ Object.getElementError node_modules/@testing-library/dom/dist/config.js:37:19
 ❯ node_modules/@testing-library/dom/dist/query-helpers.js:76:38
 ❯ node_modules/@testing-library/dom/dist/query-helpers.js:52:17
 ❯ node_modules/@testing-library/dom/dist/query-helpers.js:95:19
 ❯ src/components/NativeTerminalPane.test.tsx:3309:22
    3307| 
    3308|     const { getByTestId } = render(<NativeTerminalPane sessionId={sess…
    3309|     const textarea = getByTestId("native-terminal-focus-sink");
       |                      ^
    3310|     textarea.focus();
    3311|     tauriCoreMocks.invoke.mockClear();

⎯⎯⎯⎯⎯⎯⎯⎯⎯⎯⎯⎯⎯⎯⎯⎯⎯⎯⎯⎯⎯[85/243]⎯

 FAIL  src/components/NativeTerminalPane.test.tsx > NativeTerminalPane focus, keyboard, and IME prototype contract > DOM paste with an image on a local pane invokes cmd_local_paste_clipboard_image and sends no 0x16
TestingLibraryElementError: Unable to find an element by: [data-testid="native-terminal-focus-sink"]

Ignored nodes: comments, script, style
[36m<body>[39m
  [36m<div />[39m
[36m</body>[39m
 ❯ Object.getElementError node_modules/@testing-library/dom/dist/config.js:37:19
 ❯ node_modules/@testing-library/dom/dist/query-helpers.js:76:38
 ❯ node_modules/@testing-library/dom/dist/query-helpers.js:52:17
 ❯ node_modules/@testing-library/dom/dist/query-helpers.js:95:19
 ❯ src/components/NativeTerminalPane.test.tsx:3348:22
    3346| 
    3347|     const { getByTestId } = render(<NativeTerminalPane sessionId={sess…
    3348|     const textarea = getByTestId("native-terminal-focus-sink");
       |                      ^
    3349|     textarea.focus();
    3350|     tauriCoreMocks.invoke.mockClear();

⎯⎯⎯⎯⎯⎯⎯⎯⎯⎯⎯⎯⎯⎯⎯⎯⎯⎯⎯⎯⎯[86/243]⎯

 FAIL  src/components/NativeTerminalPane.test.tsx > NativeTerminalPane focus, keyboard, and IME prototype contract > degrades to the agent's paste chord with no error toast when the remote host cannot read a clipboard image
TestingLibraryElementError: Unable to find an element by: [data-testid="native-terminal-focus-sink"]

Ignored nodes: comments, script, style
[36m<body>[39m
  [36m<div />[39m
[36m</body>[39m
 ❯ Object.getElementError node_modules/@testing-library/dom/dist/config.js:37:19
 ❯ node_modules/@testing-library/dom/dist/query-helpers.js:76:38
 ❯ node_modules/@testing-library/dom/dist/query-helpers.js:52:17
 ❯ node_modules/@testing-library/dom/dist/query-helpers.js:95:19
 ❯ src/components/NativeTerminalPane.test.tsx:3390:22
    3388| 
    3389|     const { getByTestId } = render(<NativeTerminalPane sessionId={sess…
    3390|     const textarea = getByTestId("native-terminal-focus-sink");
       |                      ^
    3391|     textarea.focus();
    3392|     tauriCoreMocks.invoke.mockClear();

⎯⎯⎯⎯⎯⎯⎯⎯⎯⎯⎯⎯⎯⎯⎯⎯⎯⎯⎯⎯⎯[87/243]⎯

 FAIL  src/components/NativeTerminalPane.test.tsx > NativeTerminalPane focus, keyboard, and IME prototype contract > degrades to the agent's paste chord with no error toast when this platform cannot read a clipboard image
TestingLibraryElementError: Unable to find an element by: [data-testid="native-terminal-focus-sink"]

Ignored nodes: comments, script, style
[36m<body>[39m
  [36m<div />[39m
[36m</body>[39m
 ❯ Object.getElementError node_modules/@testing-library/dom/dist/config.js:37:19
 ❯ node_modules/@testing-library/dom/dist/query-helpers.js:76:38
 ❯ node_modules/@testing-library/dom/dist/query-helpers.js:52:17
 ❯ node_modules/@testing-library/dom/dist/query-helpers.js:95:19
 ❯ src/components/NativeTerminalPane.test.tsx:3429:22
    3427| 
    3428|     const { getByTestId } = render(<NativeTerminalPane sessionId={sess…
    3429|     const textarea = getByTestId("native-terminal-focus-sink");
       |                      ^
    3430|     textarea.focus();
    3431|     tauriCoreMocks.invoke.mockClear();

⎯⎯⎯⎯⎯⎯⎯⎯⎯⎯⎯⎯⎯⎯⎯⎯⎯⎯⎯⎯⎯[88/243]⎯

 FAIL  src/components/NativeTerminalPane.test.tsx > NativeTerminalPane focus, keyboard, and IME prototype contract > sends the pane's backend session ID (not the frontend ID) and pastes 'a POSIX path on a manually typed SSH …'
 FAIL  src/components/NativeTerminalPane.test.tsx > NativeTerminalPane focus, keyboard, and IME prototype contract > sends the pane's backend session ID (not the frontend ID) and pastes 'a Windows path on a manually typed SS…'
TestingLibraryElementError: Unable to find an element by: [data-testid="native-terminal-focus-sink"]

Ignored nodes: comments, script, style
[36m<body>[39m
  [36m<div />[39m
[36m</body>[39m
 ❯ Object.getElementError node_modules/@testing-library/dom/dist/config.js:37:19
 ❯ node_modules/@testing-library/dom/dist/query-helpers.js:76:38
 ❯ node_modules/@testing-library/dom/dist/query-helpers.js:52:17
 ❯ node_modules/@testing-library/dom/dist/query-helpers.js:95:19
 ❯ src/components/NativeTerminalPane.test.tsx:3488:24
    3486| 
    3487|       const { getByTestId } = render(<NativeTerminalPane sessionId="pa…
    3488|       const textarea = getByTestId("native-terminal-focus-sink");
       |                        ^
    3489|       textarea.focus();
    3490|       tauriCoreMocks.invoke.mockClear();

⎯⎯⎯⎯⎯⎯⎯⎯⎯⎯⎯⎯⎯⎯⎯⎯⎯⎯⎯⎯⎯[89/243]⎯

 FAIL  src/components/NativeTerminalPane.test.tsx > NativeTerminalPane focus, keyboard, and IME prototype contract > does not paste any path when the session-aware upload fails
TestingLibraryElementError: Unable to find an element by: [data-testid="native-terminal-focus-sink"]

Ignored nodes: comments, script, style
[36m<body>[39m
  [36m<div />[39m
[36m</body>[39m
 ❯ Object.getElementError node_modules/@testing-library/dom/dist/config.js:37:19
 ❯ node_modules/@testing-library/dom/dist/query-helpers.js:76:38
 ❯ node_modules/@testing-library/dom/dist/query-helpers.js:52:17
 ❯ node_modules/@testing-library/dom/dist/query-helpers.js:95:19
 ❯ src/components/NativeTerminalPane.test.tsx:3518:22
    3516| 
    3517|     const { getByTestId } = render(<NativeTerminalPane sessionId="pane…
    3518|     const textarea = getByTestId("native-terminal-focus-sink");
       |                      ^
    3519|     textarea.focus();
    3520|     tauriCoreMocks.invoke.mockClear();

⎯⎯⎯⎯⎯⎯⎯⎯⎯⎯⎯⎯⎯⎯⎯⎯⎯⎯⎯⎯⎯[90/243]⎯

 FAIL  src/components/NativeTerminalPane.test.tsx > NativeTerminalPane focus, keyboard, and IME prototype contract > a clipboard upload resolving after transition='none' pastes only into the pane that requested it
 FAIL  src/components/NativeTerminalPane.test.tsx > NativeTerminalPane focus, keyboard, and IME prototype contract > a clipboard upload resolving after transition='rebind' pastes only into the pane that requested it
 FAIL  src/components/NativeTerminalPane.test.tsx > NativeTerminalPane focus, keyboard, and IME prototype contract > a clipboard upload resolving after transition='unmount' pastes only into the pane that requested it
TestingLibraryElementError: Unable to find an element by: [data-testid="native-terminal-focus-sink"]

Ignored nodes: comments, script, style
[36m<body>[39m
  [36m<div />[39m
[36m</body>[39m
 ❯ Object.getElementError node_modules/@testing-library/dom/dist/config.js:37:19
 ❯ node_modules/@testing-library/dom/dist/query-helpers.js:76:38
 ❯ node_modules/@testing-library/dom/dist/query-helpers.js:52:17
 ❯ node_modules/@testing-library/dom/dist/query-helpers.js:95:19
 ❯ src/components/NativeTerminalPane.test.tsx:3558:24
    3556|         <NativeTerminalPane sessionId="pane-late-upload" session={sess…
    3557|       );
    3558|       const textarea = getByTestId("native-terminal-focus-sink");
       |                        ^
    3559|       textarea.focus();
    3560|       tauriCoreMocks.invoke.mockClear();

⎯⎯⎯⎯⎯⎯⎯⎯⎯⎯⎯⎯⎯⎯⎯⎯⎯⎯⎯⎯⎯[91/243]⎯

 FAIL  src/components/NativeTerminalPane.test.tsx > NativeTerminalPane focus, keyboard, and IME prototype contract > routes a text paste targeting the terminal pane when the focus sink is not active to cmd_native_terminal_paste
TestingLibraryElementError: Unable to find an element by: [data-testid="native-terminal-pane"]

Ignored nodes: comments, script, style
[36m<body>[39m
  [36m<div />[39m
[36m</body>[39m
 ❯ Object.getElementError node_modules/@testing-library/dom/dist/config.js:37:19
 ❯ node_modules/@testing-library/dom/dist/query-helpers.js:76:38
 ❯ node_modules/@testing-library/dom/dist/query-helpers.js:52:17
 ❯ node_modules/@testing-library/dom/dist/query-helpers.js:95:19
 ❯ src/components/NativeTerminalPane.test.tsx:3600:18
    3598|     const session = createSession("term-session-text-pane-target");
    3599|     const { getByTestId } = render(<NativeTerminalPane sessionId="term…
    3600|     const pane = getByTestId("native-terminal-pane");
       |                  ^
    3601|     const textarea = getByTestId("native-terminal-focus-sink");
    3602|     textarea.blur();

⎯⎯⎯⎯⎯⎯⎯⎯⎯⎯⎯⎯⎯⎯⎯⎯⎯⎯⎯⎯⎯[92/243]⎯

 FAIL  src/components/NativeTerminalPane.test.tsx > NativeTerminalPane focus, keyboard, and IME prototype contract > routes a body-target image paste only to the last-focused split terminal
TestingLibraryElementError: Unable to find an element by: [data-testid="native-terminal-focus-sink"]

Ignored nodes: comments, script, style
[36m<body>[39m
  [36m<div />[39m
[36m</body>[39m
 ❯ Object.getElementError node_modules/@testing-library/dom/dist/config.js:37:19
 ❯ node_modules/@testing-library/dom/dist/query-helpers.js:76:38
 ❯ node_modules/@testing-library/dom/dist/query-helpers.js:109:15
 ❯ src/components/NativeTerminalPane.test.tsx:3638:27
    3636|       </>,
    3637|     );
    3638|     const [, rightSink] = getAllByTestId("native-terminal-focus-sink");
       |                           ^
    3639| 
    3640|     act(() => {

⎯⎯⎯⎯⎯⎯⎯⎯⎯⎯⎯⎯⎯⎯⎯⎯⎯⎯⎯⎯⎯[93/243]⎯

 FAIL  src/components/NativeTerminalPane.test.tsx > NativeTerminalPane focus, keyboard, and IME prototype contract > routes neutral BODY keyboard input only to the last-focused split terminal
TestingLibraryElementError: Unable to find an element by: [data-testid="native-terminal-focus-sink"]

Ignored nodes: comments, script, style
[36m<body>[39m
  [36m<div />[39m
[36m</body>[39m
 ❯ Object.getElementError node_modules/@testing-library/dom/dist/config.js:37:19
 ❯ node_modules/@testing-library/dom/dist/query-helpers.js:76:38
 ❯ node_modules/@testing-library/dom/dist/query-helpers.js:109:15
 ❯ src/components/NativeTerminalPane.test.tsx:3671:27
    3669|       </>,
    3670|     );
    3671|     const [, rightSink] = getAllByTestId("native-terminal-focus-sink");
       |                           ^
    3672| 
    3673|     act(() => {

⎯⎯⎯⎯⎯⎯⎯⎯⎯⎯⎯⎯⎯⎯⎯⎯⎯⎯⎯⎯⎯[94/243]⎯

 FAIL  src/components/NativeTerminalPane.test.tsx > NativeTerminalPane focus, keyboard, and IME prototype contract > gives a pane-target paste precedence over a previously focused sibling
TestingLibraryElementError: Unable to find an element by: [data-testid="native-terminal-focus-sink"]

Ignored nodes: comments, script, style
[36m<body>[39m
  [36m<div />[39m
[36m</body>[39m
 ❯ Object.getElementError node_modules/@testing-library/dom/dist/config.js:37:19
 ❯ node_modules/@testing-library/dom/dist/query-helpers.js:76:38
 ❯ node_modules/@testing-library/dom/dist/query-helpers.js:109:15
 ❯ src/components/NativeTerminalPane.test.tsx:3712:24
    3710|       </>,
    3711|     );
    3712|     const [leftSink] = getAllByTestId("native-terminal-focus-sink");
       |                        ^
    3713|     const [, rightPane] = getAllByTestId("native-terminal-pane");
    3714| 

⎯⎯⎯⎯⎯⎯⎯⎯⎯⎯⎯⎯⎯⎯⎯⎯⎯⎯⎯⎯⎯[95/243]⎯

 FAIL  src/components/NativeTerminalPane.test.tsx > NativeTerminalPane focus, keyboard, and IME prototype contract > lets the sole remaining pane claim BODY paste after the previous owner unmounts
TestingLibraryElementError: Unable to find an element by: [data-testid="native-terminal-focus-sink"]

Ignored nodes: comments, script, style
[36m<body>[39m
  [36m<div />[39m
[36m</body>[39m
 ❯ Object.getElementError node_modules/@testing-library/dom/dist/config.js:37:19
 ❯ node_modules/@testing-library/dom/dist/query-helpers.js:76:38
 ❯ node_modules/@testing-library/dom/dist/query-helpers.js:109:15
 ❯ src/components/NativeTerminalPane.test.tsx:3749:27
    3747|       </>,
    3748|     );
    3749|     const [, rightSink] = getAllByTestId("native-terminal-focus-sink");
       |                           ^
    3750| 
    3751|     act(() => {

⎯⎯⎯⎯⎯⎯⎯⎯⎯⎯⎯⎯⎯⎯⎯⎯⎯⎯⎯⎯⎯[96/243]⎯

 FAIL  src/components/NativeTerminalPane.test.tsx > NativeTerminalPane focus, keyboard, and IME prototype contract > uses half-open native drop bounds so a split divider belongs to only the right pane
TestingLibraryElementError: Unable to find an element by: [data-testid="native-terminal-pane"]

Ignored nodes: comments, script, style
[36m<body>[39m
  [36m<div />[39m
[36m</body>[39m
 ❯ Object.getElementError node_modules/@testing-library/dom/dist/config.js:37:19
 ❯ node_modules/@testing-library/dom/dist/query-helpers.js:76:38
 ❯ node_modules/@testing-library/dom/dist/query-helpers.js:109:15
 ❯ src/components/NativeTerminalPane.test.tsx:3782:35
    3780|       </>,
    3781|     );
    3782|     const [leftPane, rightPane] = getAllByTestId("native-terminal-pane…
       |                                   ^
    3783|     leftPane.getBoundingClientRect = () => ({
    3784|       x: 0, y: 0, width: 400, height: 600,

⎯⎯⎯⎯⎯⎯⎯⎯⎯⎯⎯⎯⎯⎯⎯⎯⎯⎯⎯⎯⎯[97/243]⎯

 FAIL  src/components/NativeTerminalPane.test.tsx > NativeTerminalPane focus, keyboard, and IME prototype contract > subscribes to Tauri onDragDropEvent, atomically pasting dropped files inside bounds and ignoring drops outside bounds
AssertionError: expected "spy" to be called at least once

Ignored nodes: comments, script, style
[36m<html>[39m
  [36m<head />[39m
  [36m<body>[39m
    [36m<div />[39m
  [36m</body>[39m
[36m</html>[39m
 ❯ src/components/NativeTerminalPane.test.tsx:3834:52
    3832| 
    3833|         await waitFor(() => {
    3834|           expect(tauriWindowMocks.onDragDropEvent).toHaveBeenCalled();
       |                                                    ^
    3835|         });
    3836| 
 ❯ runWithExpensiveErrorDiagnosticsDisabled node_modules/@testing-library/dom/dist/config.js:47:12
 ❯ checkCallback node_modules/@testing-library/dom/dist/wait-for.js:124:77
 ❯ Timeout.checkRealTimersCallback node_modules/@testing-library/dom/dist/wait-for.js:118:16

⎯⎯⎯⎯⎯⎯⎯⎯⎯⎯⎯⎯⎯⎯⎯⎯⎯⎯⎯⎯⎯[98/243]⎯

 FAIL  src/components/NativeTerminalPane.test.tsx > NativeTerminalPane focus, keyboard, and IME prototype contract > handles Cmd+click to resolve line text and open URLs
TestingLibraryElementError: Unable to find an element by: [data-testid="native-terminal-pane"]

Ignored nodes: comments, script, style
[36m<body>[39m
  [36m<div />[39m
[36m</body>[39m
 ❯ Object.getElementError node_modules/@testing-library/dom/dist/config.js:37:19
 ❯ node_modules/@testing-library/dom/dist/query-helpers.js:76:38
 ❯ node_modules/@testing-library/dom/dist/query-helpers.js:52:17
 ❯ node_modules/@testing-library/dom/dist/query-helpers.js:95:19
 ❯ src/components/NativeTerminalPane.test.tsx:3954:22
    3952|           <NativeTerminalPane sessionId="term-session-cmd-click" sessi…
    3953|         );
    3954|         const pane = getByTestId("native-terminal-pane");
       |                      ^
    3955|         const viewport = getByTestId("native-terminal-viewport");
    3956| 
 ❯ withMacHost src/components/NativeTerminalPane.test.tsx:253:18
 ❯ src/components/NativeTerminalPane.test.tsx:3921:5

⎯⎯⎯⎯⎯⎯⎯⎯⎯⎯⎯⎯⎯⎯⎯⎯⎯⎯⎯⎯⎯[99/243]⎯

 FAIL  src/components/NativeTerminalPane.test.tsx > NativeTerminalPane focus, keyboard, and IME prototype contract > handles Cmd+click to resolve line text and open file paths with line/column
TestingLibraryElementError: Unable to find an element by: [data-testid="native-terminal-pane"]

Ignored nodes: comments, script, style
[36m<body>[39m
  [36m<div />[39m
[36m</body>[39m
 ❯ Object.getElementError node_modules/@testing-library/dom/dist/config.js:37:19
 ❯ node_modules/@testing-library/dom/dist/query-helpers.js:76:38
 ❯ node_modules/@testing-library/dom/dist/query-helpers.js:52:17
 ❯ node_modules/@testing-library/dom/dist/query-helpers.js:95:19
 ❯ src/components/NativeTerminalPane.test.tsx:4029:20
    4027|         <NativeTerminalPane sessionId="term-session-file-click" sessio…
    4028|       );
    4029|       const pane = getByTestId("native-terminal-pane");
       |                    ^
    4030|       const viewport = getByTestId("native-terminal-viewport");
    4031| 
 ❯ withMacHost src/components/NativeTerminalPane.test.tsx:253:18
 ❯ src/components/NativeTerminalPane.test.tsx:3997:5

⎯⎯⎯⎯⎯⎯⎯⎯⎯⎯⎯⎯⎯⎯⎯⎯⎯⎯⎯⎯[100/243]⎯

 FAIL  src/components/NativeTerminalPane.test.tsx > NativeTerminalPane focus, keyboard, and IME prototype contract > handles Cmd+click without Shift by opening a file tab instead of the preview modal
TestingLibraryElementError: Unable to find an element by: [data-testid="native-terminal-pane"]

Ignored nodes: comments, script, style
[36m<body>[39m
  [36m<div />[39m
[36m</body>[39m
 ❯ Object.getElementError node_modules/@testing-library/dom/dist/config.js:37:19
 ❯ node_modules/@testing-library/dom/dist/query-helpers.js:76:38
 ❯ node_modules/@testing-library/dom/dist/query-helpers.js:52:17
 ❯ node_modules/@testing-library/dom/dist/query-helpers.js:95:19
 ❯ src/components/NativeTerminalPane.test.tsx:4113:20
    4111|         <NativeTerminalPane sessionId="term-session-preview-click" ses…
    4112|       );
    4113|       const pane = getByTestId("native-terminal-pane");
       |                    ^
    4114|       const viewport = getByTestId("native-terminal-viewport");
    4115| 
 ❯ withMacHost src/components/NativeTerminalPane.test.tsx:253:18
 ❯ src/components/NativeTerminalPane.test.tsx:4080:5

⎯⎯⎯⎯⎯⎯⎯⎯⎯⎯⎯⎯⎯⎯⎯⎯⎯⎯⎯⎯[101/243]⎯

 FAIL  src/components/NativeTerminalPane.test.tsx > NativeTerminalPane focus, keyboard, and IME prototype contract > shows a link underline only while hovering a token with the modifier
TestingLibraryElementError: Unable to find an element by: [data-testid="native-terminal-pane"]

Ignored nodes: comments, script, style
[36m<body>[39m
  [36m<div />[39m
[36m</body>[39m
 ❯ Object.getElementError node_modules/@testing-library/dom/dist/config.js:37:19
 ❯ node_modules/@testing-library/dom/dist/query-helpers.js:76:38
 ❯ node_modules/@testing-library/dom/dist/query-helpers.js:52:17
 ❯ node_modules/@testing-library/dom/dist/query-helpers.js:95:19
 ❯ src/components/NativeTerminalPane.test.tsx:4174:25
    4172|       });
    4173|       const view = render(<NativeTerminalPane session={session} />);
    4174|       const pane = view.getByTestId("native-terminal-pane");
       |                         ^
    4175|       vi.spyOn(view.getByTestId("native-terminal-viewport"), "getBound…
    4176|         .mockReturnValue(new DOMRect(0, 0, 800, 480));
 ❯ withMacHost src/components/NativeTerminalPane.test.tsx:253:18
 ❯ src/components/NativeTerminalPane.test.tsx:4166:5

⎯⎯⎯⎯⎯⎯⎯⎯⎯⎯⎯⎯⎯⎯⎯⎯⎯⎯⎯⎯[102/243]⎯

 FAIL  src/components/NativeTerminalPane.test.tsx > NativeTerminalPane focus, keyboard, and IME prototype contract > handles Cmd+click on indented lines without coordinate drift
TestingLibraryElementError: Unable to find an element by: [data-testid="native-terminal-pane"]

Ignored nodes: comments, script, style
[36m<body>[39m
  [36m<div />[39m
[36m</body>[39m
 ❯ Object.getElementError node_modules/@testing-library/dom/dist/config.js:37:19
 ❯ node_modules/@testing-library/dom/dist/query-helpers.js:76:38
 ❯ node_modules/@testing-library/dom/dist/query-helpers.js:52:17
 ❯ node_modules/@testing-library/dom/dist/query-helpers.js:95:19
 ❯ src/components/NativeTerminalPane.test.tsx:4220:20
    4218|         <NativeTerminalPane sessionId="term-session-indented-click" se…
    4219|       );
    4220|       const pane = getByTestId("native-terminal-pane");
       |                    ^
    4221|       const viewport = getByTestId("native-terminal-viewport");
    4222| 
 ❯ withMacHost src/components/NativeTerminalPane.test.tsx:253:18
 ❯ src/components/NativeTerminalPane.test.tsx:4188:5

⎯⎯⎯⎯⎯⎯⎯⎯⎯⎯⎯⎯⎯⎯⎯⎯⎯⎯⎯⎯[103/243]⎯

 FAIL  src/components/NativeTerminalPane.test.tsx > NativeTerminalPane focus, keyboard, and IME prototype contract > handles onWheel scrolling by issuing native scroll IPC command
TestingLibraryElementError: Unable to find an element by: [data-testid="native-terminal-pane"]

Ignored nodes: comments, script, style
[36m<body>[39m
  [36m<div />[39m
[36m</body>[39m
 ❯ Object.getElementError node_modules/@testing-library/dom/dist/config.js:37:19
 ❯ node_modules/@testing-library/dom/dist/query-helpers.js:76:38
 ❯ node_modules/@testing-library/dom/dist/query-helpers.js:52:17
 ❯ node_modules/@testing-library/dom/dist/query-helpers.js:95:19
 ❯ src/components/NativeTerminalPane.test.tsx:4273:18
    4271|     const session = createSession("term-session-1");
    4272|     const { getByTestId } = render(<NativeTerminalPane sessionId="term…
    4273|     const pane = getByTestId("native-terminal-pane");
       |                  ^
    4274|     tauriCoreMocks.invoke.mockClear();
    4275| 

⎯⎯⎯⎯⎯⎯⎯⎯⎯⎯⎯⎯⎯⎯⎯⎯⎯⎯⎯⎯[104/243]⎯

 FAIL  src/components/NativeTerminalPane.test.tsx > NativeTerminalPane focus, keyboard, and IME prototype contract > shows, repositions, and drags the native scrollback thumb
TestingLibraryElementError: Unable to find role="scrollbar" and name "Terminal scrollback"

Ignored nodes: comments, script, style
[36m<body>[39m
  [36m<div />[39m
[36m</body>[39m

Ignored nodes: comments, script, style
[36m<html>[39m
  [36m<head />[39m
  [36m<body>[39m
    [36m<div />[39m
  [36m</body>[39m
[36m</html>[39m
 ❯ Proxy.waitForWrapper node_modules/@testing-library/dom/dist/wait-for.js:163:27
 ❯ src/components/NativeTerminalPane.test.tsx:4310:25
    4308|     );
    4309| 
    4310|     const track = await waitFor(() => getByRole("scrollbar", { name: "…
       |                         ^
    4311|     const thumb = getByTestId("native-terminal-scrollbar-thumb");
    4312|     expect(track).toHaveAttribute("aria-valuemin", "0");

⎯⎯⎯⎯⎯⎯⎯⎯⎯⎯⎯⎯⎯⎯⎯⎯⎯⎯⎯⎯[105/243]⎯

 FAIL  src/components/NativeTerminalPane.test.tsx > NativeTerminalPane focus, keyboard, and IME prototype contract > hides native scrollbar track by default, reveals on wheel, and fades out after hide timer
TestingLibraryElementError: Unable to find an element by: [data-testid="native-terminal-scrollbar-track"]

Ignored nodes: comments, script, style
[36m<body>[39m
  [36m<div />[39m
[36m</body>[39m

Ignored nodes: comments, script, style
[36m<html>[39m
  [36m<head />[39m
  [36m<body>[39m
    [36m<div />[39m
  [36m</body>[39m
[36m</html>[39m
 ❯ Proxy.waitForWrapper node_modules/@testing-library/dom/dist/wait-for.js:163:27
 ❯ src/components/NativeTerminalPane.test.tsx:4360:27
    4358|       );
    4359| 
    4360|       const track = await waitFor(() => getByTestId("native-terminal-s…
       |                           ^
    4361|       const pane = getByTestId("native-terminal-pane");
    4362| 

⎯⎯⎯⎯⎯⎯⎯⎯⎯⎯⎯⎯⎯⎯⎯⎯⎯⎯⎯⎯[106/243]⎯

 FAIL  src/components/NativeTerminalPane.test.tsx > NativeTerminalPane focus, keyboard, and IME prototype contract > reveals the native scrollbar on pointer down on the container
TestingLibraryElementError: Unable to find an element by: [data-testid="native-terminal-scrollbar-track"]

Ignored nodes: comments, script, style
[36m<body>[39m
  [36m<div />[39m
[36m</body>[39m

Ignored nodes: comments, script, style
[36m<html>[39m
  [36m<head />[39m
  [36m<body>[39m
    [36m<div />[39m
  [36m</body>[39m
[36m</html>[39m
 ❯ Proxy.waitForWrapper node_modules/@testing-library/dom/dist/wait-for.js:163:27
 ❯ src/components/NativeTerminalPane.test.tsx:4407:27
    4405|       );
    4406| 
    4407|       const track = await waitFor(() => getByTestId("native-terminal-s…
       |                           ^
    4408|       const pane = getByTestId("native-terminal-pane");
    4409| 

⎯⎯⎯⎯⎯⎯⎯⎯⎯⎯⎯⎯⎯⎯⎯⎯⎯⎯⎯⎯[107/243]⎯

 FAIL  src/components/NativeTerminalPane.test.tsx > NativeTerminalPane focus, keyboard, and IME prototype contract > does not hide native scrollbar while dragging the thumb
TestingLibraryElementError: Unable to find an element by: [data-testid="native-terminal-scrollbar-track"]

Ignored nodes: comments, script, style
[36m<body>[39m
  [36m<div />[39m
[36m</body>[39m

Ignored nodes: comments, script, style
[36m<html>[39m
  [36m<head />[39m
  [36m<body>[39m
    [36m<div />[39m
  [36m</body>[39m
[36m</html>[39m
 ❯ Proxy.waitForWrapper node_modules/@testing-library/dom/dist/wait-for.js:163:27
 ❯ src/components/NativeTerminalPane.test.tsx:4445:27
    4443|       );
    4444| 
    4445|       const track = await waitFor(() => getByTestId("native-terminal-s…
       |                           ^
    4446|       const thumb = getByTestId("native-terminal-scrollbar-thumb");
    4447| 

⎯⎯⎯⎯⎯⎯⎯⎯⎯⎯⎯⎯⎯⎯⎯⎯⎯⎯⎯⎯[108/243]⎯

 FAIL  src/components/NativeTerminalPane.test.tsx > NativeTerminalPane focus, keyboard, and IME prototype contract > keeps native scrollbar visible while hovered on track
TestingLibraryElementError: Unable to find an element by: [data-testid="native-terminal-scrollbar-track"]

Ignored nodes: comments, script, style
[36m<body>[39m
  [36m<div />[39m
[36m</body>[39m

Ignored nodes: comments, script, style
[36m<html>[39m
  [36m<head />[39m
  [36m<body>[39m
    [36m<div />[39m
  [36m</body>[39m
[36m</html>[39m
 ❯ Proxy.waitForWrapper node_modules/@testing-library/dom/dist/wait-for.js:163:27
 ❯ src/components/NativeTerminalPane.test.tsx:4491:27
    4489|       );
    4490| 
    4491|       const track = await waitFor(() => getByTestId("native-terminal-s…
       |                           ^
    4492| 
    4493|       act(() => {

⎯⎯⎯⎯⎯⎯⎯⎯⎯⎯⎯⎯⎯⎯⎯⎯⎯⎯⎯⎯[109/243]⎯

 FAIL  src/components/NativeTerminalPane.test.tsx > NativeTerminalPane focus, keyboard, and IME prototype contract > copies native selection to navigator.clipboard on platform copy shortcut
TestingLibraryElementError: Unable to find an element by: [data-testid="native-terminal-focus-sink"]

Ignored nodes: comments, script, style
[36m<body>[39m
  [36m<div />[39m
[36m</body>[39m
 ❯ Object.getElementError node_modules/@testing-library/dom/dist/config.js:37:19
 ❯ node_modules/@testing-library/dom/dist/query-helpers.js:76:38
 ❯ node_modules/@testing-library/dom/dist/query-helpers.js:52:17
 ❯ node_modules/@testing-library/dom/dist/query-helpers.js:95:19
 ❯ src/components/NativeTerminalPane.test.tsx:4557:24
    4555| 
    4556|       const { getByTestId } = render(<NativeTerminalPane sessionId="te…
    4557|       const textarea = getByTestId("native-terminal-focus-sink");
       |                        ^
    4558| 
    4559|       const copyShortcut = new KeyboardEvent("keydown", {

⎯⎯⎯⎯⎯⎯⎯⎯⎯⎯⎯⎯⎯⎯⎯⎯⎯⎯⎯⎯[110/243]⎯

 FAIL  src/components/NativeTerminalPane.test.tsx > NativeTerminalPane focus, keyboard, and IME prototype contract > copies native selection on macOS Korean layout Cmd+C (ㅊ and Process)
TestingLibraryElementError: Unable to find an element by: [data-testid="native-terminal-focus-sink"]

Ignored nodes: comments, script, style
[36m<body>[39m
  [36m<div />[39m
[36m</body>[39m
 ❯ Object.getElementError node_modules/@testing-library/dom/dist/config.js:37:19
 ❯ node_modules/@testing-library/dom/dist/query-helpers.js:76:38
 ❯ node_modules/@testing-library/dom/dist/query-helpers.js:52:17
 ❯ node_modules/@testing-library/dom/dist/query-helpers.js:95:19
 ❯ src/components/NativeTerminalPane.test.tsx:4621:24
    4619| 
    4620|       const { getByTestId } = render(<NativeTerminalPane sessionId="te…
    4621|       const textarea = getByTestId("native-terminal-focus-sink");
       |                        ^
    4622| 
    4623|       const copyShortcut = new KeyboardEvent("keydown", {
 ❯ withMacHost src/components/NativeTerminalPane.test.tsx:253:18
 ❯ src/components/NativeTerminalPane.test.tsx:4600:5

⎯⎯⎯⎯⎯⎯⎯⎯⎯⎯⎯⎯⎯⎯⎯⎯⎯⎯⎯⎯[111/243]⎯

 FAIL  src/components/NativeTerminalPane.test.tsx > NativeTerminalPane focus, keyboard, and IME prototype contract > copy-or-interrupt event with empty selection does not send input to PTY
AssertionError: expected "spy" to be called with arguments: [ …(2) ][90m

Number of calls: [1m0[22m
[39m
 ❯ src/components/NativeTerminalPane.test.tsx:4677:35
    4675|     });
    4676| 
    4677|     expect(tauriCoreMocks.invoke).toHaveBeenCalledWith("cmd_native_ter…
       |                                   ^
    4678|       sessionId: "term-session-copy-interrupt-empty",
    4679|     });

⎯⎯⎯⎯⎯⎯⎯⎯⎯⎯⎯⎯⎯⎯⎯⎯⎯⎯⎯⎯[112/243]⎯

 FAIL  src/components/NativeTerminalPane.test.tsx > NativeTerminalPane focus, keyboard, and IME prototype contract > copy-or-interrupt event with selection copies
AssertionError: expected "spy" to be called with arguments: [ …(2) ][90m

Number of calls: [1m0[22m
[39m
 ❯ src/components/NativeTerminalPane.test.tsx:4723:37
    4721|       });
    4722| 
    4723|       expect(tauriCoreMocks.invoke).toHaveBeenCalledWith("cmd_native_t…
       |                                     ^
    4724|         sessionId: "term-session-copy-interrupt-with-text",
    4725|       });
 ❯ withMacHost src/components/NativeTerminalPane.test.tsx:253:18
 ❯ src/components/NativeTerminalPane.test.tsx:4694:5

⎯⎯⎯⎯⎯⎯⎯⎯⎯⎯⎯⎯⎯⎯⎯⎯⎯⎯⎯⎯[113/243]⎯

 FAIL  src/components/NativeTerminalPane.test.tsx > NativeTerminalPane focus, keyboard, and IME prototype contract > delivers copy request on first native copy event without depending on browser clipboard user activation on macOS
AssertionError: expected "spy" to be called with arguments: [ …(2) ][90m

Number of calls: [1m0[22m
[39m
 ❯ src/components/NativeTerminalPane.test.tsx:4786:37
    4784|       });
    4785| 
    4786|       expect(tauriCoreMocks.invoke).toHaveBeenCalledWith("cmd_native_t…
       |                                     ^
    4787|         sessionId: "term-session-mac-copy-denied",
    4788|       });

⎯⎯⎯⎯⎯⎯⎯⎯⎯⎯⎯⎯⎯⎯⎯⎯⎯⎯⎯⎯[114/243]⎯

 FAIL  src/components/NativeTerminalPane.test.tsx > NativeTerminalPane focus, keyboard, and IME prototype contract > surfaces browser clipboard write rejection on non-macOS platforms
AssertionError: expected "spy" to be called with arguments: [ …(2) ][90m

Number of calls: [1m0[22m
[39m
 ❯ src/components/NativeTerminalPane.test.tsx:4858:37
    4856|       });
    4857| 
    4858|       expect(tauriCoreMocks.invoke).toHaveBeenCalledWith("cmd_native_t…
       |                                     ^
    4859|         sessionId: "term-session-linux-copy-fail",
    4860|       });

⎯⎯⎯⎯⎯⎯⎯⎯⎯⎯⎯⎯⎯⎯⎯⎯⎯⎯⎯⎯[115/243]⎯

 FAIL  src/components/NativeTerminalPane.test.tsx > NativeTerminalPane focus, keyboard, and IME prototype contract > does not send standalone modifier and lock keys through IPC
TestingLibraryElementError: Unable to find an element by: [data-testid="native-terminal-focus-sink"]

Ignored nodes: comments, script, style
[36m<body>[39m
  [36m<div />[39m
[36m</body>[39m
 ❯ Object.getElementError node_modules/@testing-library/dom/dist/config.js:37:19
 ❯ node_modules/@testing-library/dom/dist/query-helpers.js:76:38
 ❯ node_modules/@testing-library/dom/dist/query-helpers.js:52:17
 ❯ node_modules/@testing-library/dom/dist/query-helpers.js:95:19
 ❯ src/components/NativeTerminalPane.test.tsx:4894:22
    4892|     const session = createSession("term-session-1");
    4893|     const { getByTestId } = render(<NativeTerminalPane sessionId="term…
    4894|     const textarea = getByTestId("native-terminal-focus-sink");
       |                      ^
    4895|     tauriCoreMocks.invoke.mockClear();
    4896| 

⎯⎯⎯⎯⎯⎯⎯⎯⎯⎯⎯⎯⎯⎯⎯⎯⎯⎯⎯⎯[116/243]⎯

 FAIL  src/components/NativeTerminalPane.test.tsx > NativeTerminalPane focus, keyboard, and IME prototype contract > renders composition updates as native terminal preedit
TestingLibraryElementError: Unable to find an element by: [data-testid="native-terminal-focus-sink"]

Ignored nodes: comments, script, style
[36m<body>[39m
  [36m<div />[39m
[36m</body>[39m
 ❯ Object.getElementError node_modules/@testing-library/dom/dist/config.js:37:19
 ❯ node_modules/@testing-library/dom/dist/query-helpers.js:76:38
 ❯ node_modules/@testing-library/dom/dist/query-helpers.js:52:17
 ❯ node_modules/@testing-library/dom/dist/query-helpers.js:95:19
 ❯ src/components/NativeTerminalPane.test.tsx:4915:22
    4913|     const session = createSession("term-session-1");
    4914|     const { getByTestId } = render(<NativeTerminalPane sessionId="term…
    4915|     const textarea = getByTestId("native-terminal-focus-sink") as HTML…
       |                      ^
    4916|     tauriCoreMocks.invoke.mockClear();
    4917| 

⎯⎯⎯⎯⎯⎯⎯⎯⎯⎯⎯⎯⎯⎯⎯⎯⎯⎯⎯⎯[117/243]⎯

 FAIL  src/components/NativeTerminalPane.test.tsx > NativeTerminalPane focus, keyboard, and IME prototype contract > clears native preedit before committing composition text
TestingLibraryElementError: Unable to find an element by: [data-testid="native-terminal-focus-sink"]

Ignored nodes: comments, script, style
[36m<body>[39m
  [36m<div />[39m
[36m</body>[39m
 ❯ Object.getElementError node_modules/@testing-library/dom/dist/config.js:37:19
 ❯ node_modules/@testing-library/dom/dist/query-helpers.js:76:38
 ❯ node_modules/@testing-library/dom/dist/query-helpers.js:52:17
 ❯ node_modules/@testing-library/dom/dist/query-helpers.js:95:19
 ❯ src/components/NativeTerminalPane.test.tsx:4938:22
    4936|     const session = createSession("term-session-1");
    4937|     const { getByTestId } = render(<NativeTerminalPane sessionId="term…
    4938|     const textarea = getByTestId("native-terminal-focus-sink") as HTML…
       |                      ^
    4939|     tauriCoreMocks.invoke.mockClear();
    4940| 

⎯⎯⎯⎯⎯⎯⎯⎯⎯⎯⎯⎯⎯⎯⎯⎯⎯⎯⎯⎯[118/243]⎯

 FAIL  src/components/NativeTerminalPane.test.tsx > NativeTerminalPane focus, keyboard, and IME prototype contract > clears a cancelled composition when focus leaves the input sink
TestingLibraryElementError: Unable to find an element by: [data-testid="native-terminal-focus-sink"]

Ignored nodes: comments, script, style
[36m<body>[39m
  [36m<div />[39m
[36m</body>[39m
 ❯ Object.getElementError node_modules/@testing-library/dom/dist/config.js:37:19
 ❯ node_modules/@testing-library/dom/dist/query-helpers.js:76:38
 ❯ node_modules/@testing-library/dom/dist/query-helpers.js:52:17
 ❯ node_modules/@testing-library/dom/dist/query-helpers.js:95:19
 ❯ src/components/NativeTerminalPane.test.tsx:4963:22
    4961|     const session = createSession("term-session-1");
    4962|     const { getByTestId } = render(<NativeTerminalPane sessionId="term…
    4963|     const textarea = getByTestId("native-terminal-focus-sink") as HTML…
       |                      ^
    4964|     tauriCoreMocks.invoke.mockClear();
    4965| 

⎯⎯⎯⎯⎯⎯⎯⎯⎯⎯⎯⎯⎯⎯⎯⎯⎯⎯⎯⎯[119/243]⎯

 FAIL  src/components/NativeTerminalPane.test.tsx > NativeTerminalPane focus, keyboard, and IME prototype contract > forwards ordinary non-composed printable text on input event and clears the sink
TestingLibraryElementError: Unable to find an element by: [data-testid="native-terminal-focus-sink"]

Ignored nodes: comments, script, style
[36m<body>[39m
  [36m<div />[39m
[36m</body>[39m
 ❯ Object.getElementError node_modules/@testing-library/dom/dist/config.js:37:19
 ❯ node_modules/@testing-library/dom/dist/query-helpers.js:76:38
 ❯ node_modules/@testing-library/dom/dist/query-helpers.js:52:17
 ❯ node_modules/@testing-library/dom/dist/query-helpers.js:95:19
 ❯ src/components/NativeTerminalPane.test.tsx:4997:22
    4995|     const { getByTestId } = render(<NativeTerminalPane sessionId="term…
    4996| 
    4997|     const textarea = getByTestId("native-terminal-focus-sink") as HTML…
       |                      ^
    4998| 
    4999|     act(() => {

⎯⎯⎯⎯⎯⎯⎯⎯⎯⎯⎯⎯⎯⎯⎯⎯⎯⎯⎯⎯[120/243]⎯

 FAIL  src/components/NativeTerminalPane.test.tsx > NativeTerminalPane focus, keyboard, and IME prototype contract > forwards printable character keydown directly and prevents default without firing input event
TestingLibraryElementError: Unable to find an element by: [data-testid="native-terminal-focus-sink"]

Ignored nodes: comments, script, style
[36m<body>[39m
  [36m<div />[39m
[36m</body>[39m
 ❯ Object.getElementError node_modules/@testing-library/dom/dist/config.js:37:19
 ❯ node_modules/@testing-library/dom/dist/query-helpers.js:76:38
 ❯ node_modules/@testing-library/dom/dist/query-helpers.js:52:17
 ❯ node_modules/@testing-library/dom/dist/query-helpers.js:95:19
 ❯ src/components/NativeTerminalPane.test.tsx:5016:22
    5014|     const session = createSession("term-session-1");
    5015|     const { getByTestId } = render(<NativeTerminalPane sessionId="term…
    5016|     const textarea = getByTestId("native-terminal-focus-sink");
       |                      ^
    5017|     tauriCoreMocks.invoke.mockClear();
    5018| 

⎯⎯⎯⎯⎯⎯⎯⎯⎯⎯⎯⎯⎯⎯⎯⎯⎯⎯⎯⎯[121/243]⎯

 FAIL  src/components/NativeTerminalPane.test.tsx > NativeTerminalPane focus, keyboard, and IME prototype contract > leaves IME-owned keydowns on the focused sink to the IME and commits the composition text once
TestingLibraryElementError: Unable to find an element by: [data-testid="native-terminal-focus-sink"]

Ignored nodes: comments, script, style
[36m<body>[39m
  [36m<div />[39m
[36m</body>[39m
 ❯ Object.getElementError node_modules/@testing-library/dom/dist/config.js:37:19
 ❯ node_modules/@testing-library/dom/dist/query-helpers.js:76:38
 ❯ node_modules/@testing-library/dom/dist/query-helpers.js:52:17
 ❯ node_modules/@testing-library/dom/dist/query-helpers.js:95:19
 ❯ src/components/NativeTerminalPane.test.tsx:5058:22
    5056|       <NativeTerminalPane sessionId="term-session-ime-keydown-sink" se…
    5057|     );
    5058|     const textarea = getByTestId("native-terminal-focus-sink") as HTML…
       |                      ^
    5059|     textarea.focus();
    5060|     tauriCoreMocks.invoke.mockClear();

⎯⎯⎯⎯⎯⎯⎯⎯⎯⎯⎯⎯⎯⎯⎯⎯⎯⎯⎯⎯[122/243]⎯

 FAIL  src/components/NativeTerminalPane.test.tsx > NativeTerminalPane focus, keyboard, and IME prototype contract > leaves a legacy keyCode 229 keydown on the focused sink to the IME
TestingLibraryElementError: Unable to find an element by: [data-testid="native-terminal-focus-sink"]

Ignored nodes: comments, script, style
[36m<body>[39m
  [36m<div />[39m
[36m</body>[39m
 ❯ Object.getElementError node_modules/@testing-library/dom/dist/config.js:37:19
 ❯ node_modules/@testing-library/dom/dist/query-helpers.js:76:38
 ❯ node_modules/@testing-library/dom/dist/query-helpers.js:52:17
 ❯ node_modules/@testing-library/dom/dist/query-helpers.js:95:19
 ❯ src/components/NativeTerminalPane.test.tsx:5114:22
    5112|       <NativeTerminalPane sessionId="term-session-ime-legacy-sink" ses…
    5113|     );
    5114|     const textarea = getByTestId("native-terminal-focus-sink") as HTML…
       |                      ^
    5115|     textarea.focus();
    5116|     tauriCoreMocks.invoke.mockClear();

⎯⎯⎯⎯⎯⎯⎯⎯⎯⎯⎯⎯⎯⎯⎯⎯⎯⎯⎯⎯[123/243]⎯

 FAIL  src/components/NativeTerminalPane.test.tsx > NativeTerminalPane focus, keyboard, and IME prototype contract > leaves IME-owned keydowns in the document fallback to the IME
TestingLibraryElementError: Unable to find an element by: [data-testid="native-terminal-focus-sink"]

Ignored nodes: comments, script, style
[36m<body>[39m
  [36m<div />[39m
[36m</body>[39m
 ❯ Object.getElementError node_modules/@testing-library/dom/dist/config.js:37:19
 ❯ node_modules/@testing-library/dom/dist/query-helpers.js:76:38
 ❯ node_modules/@testing-library/dom/dist/query-helpers.js:52:17
 ❯ node_modules/@testing-library/dom/dist/query-helpers.js:95:19
 ❯ src/components/NativeTerminalPane.test.tsx:5153:22
    5151|       <NativeTerminalPane sessionId="term-session-ime-fallback" sessio…
    5152|     );
    5153|     const textarea = getByTestId("native-terminal-focus-sink") as HTML…
       |                      ^
    5154|     textarea.focus();
    5155|     (document.activeElement as HTMLElement)?.blur?.();

⎯⎯⎯⎯⎯⎯⎯⎯⎯⎯⎯⎯⎯⎯⎯⎯⎯⎯⎯⎯[124/243]⎯

 FAIL  src/components/NativeTerminalPane.test.tsx > NativeTerminalPane focus, keyboard, and IME prototype contract > focuses the owning sink on a composition-starting IME keydown in the document fallback
TestingLibraryElementError: Unable to find an element by: [data-testid="native-terminal-focus-sink"]

Ignored nodes: comments, script, style
[36m<body>[39m
  [36m<div />[39m
[36m</body>[39m
 ❯ Object.getElementError node_modules/@testing-library/dom/dist/config.js:37:19
 ❯ node_modules/@testing-library/dom/dist/query-helpers.js:76:38
 ❯ node_modules/@testing-library/dom/dist/query-helpers.js:52:17
 ❯ node_modules/@testing-library/dom/dist/query-helpers.js:95:19
 ❯ src/components/NativeTerminalPane.test.tsx:5192:22
    5190|       <NativeTerminalPane sessionId="term-session-ime-fallback-focus" …
    5191|     );
    5192|     const textarea = getByTestId("native-terminal-focus-sink") as HTML…
       |                      ^
    5193|     textarea.focus();
    5194|     (document.activeElement as HTMLElement)?.blur?.();

⎯⎯⎯⎯⎯⎯⎯⎯⎯⎯⎯⎯⎯⎯⎯⎯⎯⎯⎯⎯[125/243]⎯

 FAIL  src/components/NativeTerminalPane.test.tsx > NativeTerminalPane focus, keyboard, and IME prototype contract > treats an AltGr text key with only the AltGraph modifier set as text input
TestingLibraryElementError: Unable to find an element by: [data-testid="native-terminal-focus-sink"]

Ignored nodes: comments, script, style
[36m<body>[39m
  [36m<div />[39m
[36m</body>[39m
 ❯ Object.getElementError node_modules/@testing-library/dom/dist/config.js:37:19
 ❯ node_modules/@testing-library/dom/dist/query-helpers.js:76:38
 ❯ node_modules/@testing-library/dom/dist/query-helpers.js:52:17
 ❯ node_modules/@testing-library/dom/dist/query-helpers.js:95:19
 ❯ src/components/NativeTerminalPane.test.tsx:5240:22
    5238|       <NativeTerminalPane sessionId="term-session-altgraph-only" sessi…
    5239|     );
    5240|     const textarea = getByTestId("native-terminal-focus-sink") as HTML…
       |                      ^
    5241|     textarea.focus();
    5242|     tauriCoreMocks.invoke.mockClear();

⎯⎯⎯⎯⎯⎯⎯⎯⎯⎯⎯⎯⎯⎯⎯⎯⎯⎯⎯⎯[126/243]⎯

 FAIL  src/components/NativeTerminalPane.test.tsx > NativeTerminalPane focus, keyboard, and IME prototype contract > treats an AltGr chord on the focused sink as text input, not a Ctrl+Alt shortcut
TestingLibraryElementError: Unable to find an element by: [data-testid="native-terminal-focus-sink"]

Ignored nodes: comments, script, style
[36m<body>[39m
  [36m<div />[39m
[36m</body>[39m
 ❯ Object.getElementError node_modules/@testing-library/dom/dist/config.js:37:19
 ❯ node_modules/@testing-library/dom/dist/query-helpers.js:76:38
 ❯ node_modules/@testing-library/dom/dist/query-helpers.js:52:17
 ❯ node_modules/@testing-library/dom/dist/query-helpers.js:95:19
 ❯ src/components/NativeTerminalPane.test.tsx:5274:22
    5272|       <NativeTerminalPane sessionId="term-session-altgraph-sink" sessi…
    5273|     );
    5274|     const textarea = getByTestId("native-terminal-focus-sink") as HTML…
       |                      ^
    5275|     textarea.focus();
    5276|     tauriCoreMocks.invoke.mockClear();

⎯⎯⎯⎯⎯⎯⎯⎯⎯⎯⎯⎯⎯⎯⎯⎯⎯⎯⎯⎯[127/243]⎯

 FAIL  src/components/NativeTerminalPane.test.tsx > NativeTerminalPane focus, keyboard, and IME prototype contract > treats an AltGr chord in the document fallback as text input and focuses the sink
TestingLibraryElementError: Unable to find an element by: [data-testid="native-terminal-focus-sink"]

Ignored nodes: comments, script, style
[36m<body>[39m
  [36m<div />[39m
[36m</body>[39m
 ❯ Object.getElementError node_modules/@testing-library/dom/dist/config.js:37:19
 ❯ node_modules/@testing-library/dom/dist/query-helpers.js:76:38
 ❯ node_modules/@testing-library/dom/dist/query-helpers.js:52:17
 ❯ node_modules/@testing-library/dom/dist/query-helpers.js:95:19
 ❯ src/components/NativeTerminalPane.test.tsx:5311:22
    5309|       <NativeTerminalPane sessionId="term-session-altgraph-fallback" s…
    5310|     );
    5311|     const textarea = getByTestId("native-terminal-focus-sink") as HTML…
       |                      ^
    5312|     textarea.focus();
    5313|     (document.activeElement as HTMLElement)?.blur?.();

⎯⎯⎯⎯⎯⎯⎯⎯⎯⎯⎯⎯⎯⎯⎯⎯⎯⎯⎯⎯[128/243]⎯

 FAIL  src/components/NativeTerminalPane.test.tsx > NativeTerminalPane focus, keyboard, and IME prototype contract > still forwards a genuine Ctrl+Alt chord when AltGraph is not active
TestingLibraryElementError: Unable to find an element by: [data-testid="native-terminal-focus-sink"]

Ignored nodes: comments, script, style
[36m<body>[39m
  [36m<div />[39m
[36m</body>[39m
 ❯ Object.getElementError node_modules/@testing-library/dom/dist/config.js:37:19
 ❯ node_modules/@testing-library/dom/dist/query-helpers.js:76:38
 ❯ node_modules/@testing-library/dom/dist/query-helpers.js:52:17
 ❯ node_modules/@testing-library/dom/dist/query-helpers.js:95:19
 ❯ src/components/NativeTerminalPane.test.tsx:5350:22
    5348|       <NativeTerminalPane sessionId="term-session-plain-ctrlalt" sessi…
    5349|     );
    5350|     const textarea = getByTestId("native-terminal-focus-sink") as HTML…
       |                      ^
    5351|     textarea.focus();
    5352|     tauriCoreMocks.invoke.mockClear();

⎯⎯⎯⎯⎯⎯⎯⎯⎯⎯⎯⎯⎯⎯⎯⎯⎯⎯⎯⎯[129/243]⎯

 FAIL  src/components/NativeTerminalPane.test.tsx > NativeTerminalPane focus, keyboard, and IME prototype contract > includes terminal-host class name on container to allow global shortcut handlers to target terminal
TestingLibraryElementError: Unable to find an element by: [data-testid="native-terminal-pane"]

Ignored nodes: comments, script, style
[36m<body>[39m
  [36m<div />[39m
[36m</body>[39m
 ❯ Object.getElementError node_modules/@testing-library/dom/dist/config.js:37:19
 ❯ node_modules/@testing-library/dom/dist/query-helpers.js:76:38
 ❯ node_modules/@testing-library/dom/dist/query-helpers.js:52:17
 ❯ node_modules/@testing-library/dom/dist/query-helpers.js:95:19
 ❯ src/components/NativeTerminalPane.test.tsx:5394:23
    5392|     );
    5393| 
    5394|     const container = getByTestId("native-terminal-pane");
       |                       ^
    5395|     expect(container.classList.contains("terminal-host")).toBe(true);
    5396| 

⎯⎯⎯⎯⎯⎯⎯⎯⎯⎯⎯⎯⎯⎯⎯⎯⎯⎯⎯⎯[130/243]⎯

 FAIL  src/components/NativeTerminalPane.test.tsx > NativeTerminalPane focus, keyboard, and IME prototype contract > does not forward keyboard events when default has already been prevented by global shortcuts
TestingLibraryElementError: Unable to find an element by: [data-testid="native-terminal-focus-sink"]

Ignored nodes: comments, script, style
[36m<body>[39m
  [36m<div />[39m
[36m</body>[39m
 ❯ Object.getElementError node_modules/@testing-library/dom/dist/config.js:37:19
 ❯ node_modules/@testing-library/dom/dist/query-helpers.js:76:38
 ❯ node_modules/@testing-library/dom/dist/query-helpers.js:52:17
 ❯ node_modules/@testing-library/dom/dist/query-helpers.js:95:19
 ❯ src/components/NativeTerminalPane.test.tsx:5411:22
    5409|     const session = createSession("term-session-1");
    5410|     const { getByTestId } = render(<NativeTerminalPane sessionId="term…
    5411|     const textarea = getByTestId("native-terminal-focus-sink");
       |                      ^
    5412|     tauriCoreMocks.invoke.mockClear();
    5413| 

⎯⎯⎯⎯⎯⎯⎯⎯⎯⎯⎯⎯⎯⎯⎯⎯⎯⎯⎯⎯[131/243]⎯

 FAIL  src/components/NativeTerminalPane.test.tsx > NativeTerminalPane focus, keyboard, and IME prototype contract > does not forward split-pane shortcut key when default has been prevented
TestingLibraryElementError: Unable to find an element by: [data-testid="native-terminal-focus-sink"]

Ignored nodes: comments, script, style
[36m<body>[39m
  [36m<div />[39m
[36m</body>[39m
 ❯ Object.getElementError node_modules/@testing-library/dom/dist/config.js:37:19
 ❯ node_modules/@testing-library/dom/dist/query-helpers.js:76:38
 ❯ node_modules/@testing-library/dom/dist/query-helpers.js:52:17
 ❯ node_modules/@testing-library/dom/dist/query-helpers.js:95:19
 ❯ src/components/NativeTerminalPane.test.tsx:5435:22
    5433|     const session = createSession("term-session-1");
    5434|     const { getByTestId } = render(<NativeTerminalPane sessionId="term…
    5435|     const textarea = getByTestId("native-terminal-focus-sink");
       |                      ^
    5436|     tauriCoreMocks.invoke.mockClear();
    5437| 

⎯⎯⎯⎯⎯⎯⎯⎯⎯⎯⎯⎯⎯⎯⎯⎯⎯⎯⎯⎯[132/243]⎯

 FAIL  src/components/NativeTerminalPane.test.tsx > NativeTerminalPane focus, keyboard, and IME prototype contract > integrates with useShortcuts: New Tab and Split shortcuts trigger app handlers without leaking to native input
TestingLibraryElementError: Unable to find an element by: [data-testid="native-terminal-focus-sink"]

Ignored nodes: comments, script, style
[36m<body>[39m
  [36m<div />[39m
[36m</body>[39m
 ❯ Object.getElementError node_modules/@testing-library/dom/dist/config.js:37:19
 ❯ node_modules/@testing-library/dom/dist/query-helpers.js:76:38
 ❯ node_modules/@testing-library/dom/dist/query-helpers.js:52:17
 ❯ node_modules/@testing-library/dom/dist/query-helpers.js:95:19
 ❯ src/components/NativeTerminalPane.test.tsx:5473:22
    5471| 
    5472|     const { getByTestId } = render(<TestAppWithShortcuts />);
    5473|     const textarea = getByTestId("native-terminal-focus-sink");
       |                      ^
    5474|     tauriCoreMocks.invoke.mockClear();
    5475| 

⎯⎯⎯⎯⎯⎯⎯⎯⎯⎯⎯⎯⎯⎯⎯⎯⎯⎯⎯⎯[133/243]⎯

 FAIL  src/components/NativeTerminalPane.test.tsx > active prop and pane focus event dispatch > focuses the input sink and sends focus when active becomes true
TestingLibraryElementError: Unable to find an element by: [data-testid="native-terminal-focus-sink"]

Ignored nodes: comments, script, style
[36m<body>[39m
  [36m<div />[39m
[36m</body>[39m
 ❯ Object.getElementError node_modules/@testing-library/dom/dist/config.js:37:19
 ❯ node_modules/@testing-library/dom/dist/query-helpers.js:76:38
 ❯ node_modules/@testing-library/dom/dist/query-helpers.js:52:17
 ❯ node_modules/@testing-library/dom/dist/query-helpers.js:95:19
 ❯ src/components/NativeTerminalPane.test.tsx:5545:18
    5543|     );
    5544| 
    5545|     const sink = getByTestId("native-terminal-focus-sink");
       |                  ^
    5546|     expect(document.activeElement).not.toBe(sink);
    5547| 

⎯⎯⎯⎯⎯⎯⎯⎯⎯⎯⎯⎯⎯⎯⎯⎯⎯⎯⎯⎯[134/243]⎯

 FAIL  src/components/NativeTerminalPane.test.tsx > active prop and pane focus event dispatch > sends focus false when active transitions to false
AssertionError: expected "spy" to be called with arguments: [ …(2) ][90m

Number of calls: [1m0[22m
[39m
 ❯ src/components/NativeTerminalPane.test.tsx:5571:35
    5569|     );
    5570| 
    5571|     expect(tauriCoreMocks.invoke).toHaveBeenCalledWith("cmd_native_ter…
       |                                   ^
    5572|       sessionId: "backend-active-false-test",
    5573|       focused: false,

⎯⎯⎯⎯⎯⎯⎯⎯⎯⎯⎯⎯⎯⎯⎯⎯⎯⎯⎯⎯[135/243]⎯

 FAIL  src/components/NativeTerminalPane.test.tsx > active prop and pane focus event dispatch > claims window keydown and forwards input to the active pane when document.activeElement is document.body
AssertionError: expected "spy" to be called with arguments: [ …(2) ][90m

Number of calls: [1m0[22m
[39m

Ignored nodes: comments, script, style
[36m<html>[39m
  [36m<head />[39m
  [36m<body>[39m
    [36m<div />[39m
  [36m</body>[39m
[36m</html>[39m
 ❯ src/components/NativeTerminalPane.test.tsx:5600:37
    5598| 
    5599|     await waitFor(() => {
    5600|       expect(tauriCoreMocks.invoke).toHaveBeenCalledWith("cmd_native_t…
       |                                     ^
    5601|         sessionId: "backend-claim-test",
    5602|         input: { text: "a" },
 ❯ runWithExpensiveErrorDiagnosticsDisabled node_modules/@testing-library/dom/dist/config.js:47:12
 ❯ checkCallback node_modules/@testing-library/dom/dist/wait-for.js:124:77
 ❯ Timeout.checkRealTimersCallback node_modules/@testing-library/dom/dist/wait-for.js:118:16

⎯⎯⎯⎯⎯⎯⎯⎯⎯⎯⎯⎯⎯⎯⎯⎯⎯⎯⎯⎯[136/243]⎯

 FAIL  src/components/NativeTerminalPane.test.tsx > NativeTerminalPane daemon and session identity mapping > routes attach, bounds, focus, input, and detach to backendSessionId when id and backendSessionId intentionally differ
AssertionError: expected "spy" to be called with arguments: [ 'cmd_native_terminal_attach', …(1) ][90m

Number of calls: [1m0[22m
[39m
 ❯ src/components/NativeTerminalPane.test.tsx:5671:35
    5669| 
    5670|     // 1. Native attach must use backendSessionId
    5671|     expect(tauriCoreMocks.invoke).toHaveBeenCalledWith(
       |                                   ^
    5672|       "cmd_native_terminal_attach",
    5673|       expect.objectContaining({

⎯⎯⎯⎯⎯⎯⎯⎯⎯⎯⎯⎯⎯⎯⎯⎯⎯⎯⎯⎯[137/243]⎯

 FAIL  src/components/NativeTerminalPane.test.tsx > NativeTerminalPane daemon and session identity mapping > preserves fallback behavior when callers only supply sessionId without session object
AssertionError: expected "spy" to be called with arguments: [ 'cmd_native_terminal_attach', …(1) ][90m

Number of calls: [1m0[22m
[39m
 ❯ src/components/NativeTerminalPane.test.tsx:5745:35
    5743|     render(<NativeTerminalPane sessionId="legacy-caller-supplied-id" /…
    5744| 
    5745|     expect(tauriCoreMocks.invoke).toHaveBeenCalledWith(
       |                                   ^
    5746|       "cmd_native_terminal_attach",
    5747|       expect.objectContaining({

⎯⎯⎯⎯⎯⎯⎯⎯⎯⎯⎯⎯⎯⎯⎯⎯⎯⎯⎯⎯[138/243]⎯

 FAIL  src/components/NativeTerminalPane.test.tsx > NativeTerminalPane daemon and session identity mapping > makes no attach, focus, or input IPC calls when session has null backendSessionId, then attaches once upon receiving backendSessionId
TestingLibraryElementError: Unable to find an element by: [data-testid="native-terminal-focus-sink"]

Ignored nodes: comments, script, style
[36m<body>[39m
  [36m<div />[39m
[36m</body>[39m
 ❯ Object.getElementError node_modules/@testing-library/dom/dist/config.js:37:19
 ❯ node_modules/@testing-library/dom/dist/query-helpers.js:76:38
 ❯ node_modules/@testing-library/dom/dist/query-helpers.js:52:17
 ❯ node_modules/@testing-library/dom/dist/query-helpers.js:95:19
 ❯ src/components/NativeTerminalPane.test.tsx:5766:22
    5764| 
    5765|     // 2. Native focus must NOT be sent when backendSessionId is null
    5766|     const textarea = getByTestId("native-terminal-focus-sink") as HTML…
       |                      ^
    5767|     act(() => {
    5768|       textarea.dispatchEvent(new FocusEvent("focusin", { bubbles: true…

⎯⎯⎯⎯⎯⎯⎯⎯⎯⎯⎯⎯⎯⎯⎯⎯⎯⎯⎯⎯[139/243]⎯

 FAIL  src/components/NativeTerminalPane.test.tsx > NativeTerminalPane daemon and session identity mapping > focuses and routes input only to the pane receiving a reconnect binding
TestingLibraryElementError: Unable to find an element by: [data-testid="native-terminal-focus-sink"]

Ignored nodes: comments, script, style
[36m<body>[39m
  [36m<div />[39m
[36m</body>[39m
 ❯ Object.getElementError node_modules/@testing-library/dom/dist/config.js:37:19
 ❯ node_modules/@testing-library/dom/dist/query-helpers.js:76:38
 ❯ node_modules/@testing-library/dom/dist/query-helpers.js:109:15
 ❯ src/components/NativeTerminalPane.test.tsx:5831:37
    5829|       </div>,
    5830|     );
    5831|     const [leftInput, rightInput] = getAllByTestId("native-terminal-fo…
       |                                     ^
    5832|     rightInput.focus();
    5833|     tauriCoreMocks.invoke.mockClear();

⎯⎯⎯⎯⎯⎯⎯⎯⎯⎯⎯⎯⎯⎯⎯⎯⎯⎯⎯⎯[140/243]⎯

 FAIL  src/components/NativeTerminalPane.test.tsx > NativeTerminalPane daemon and session identity mapping > does not detach a replacement owner when the rebound pane reparents in the same turn
AssertionError: expected "spy" to be called with arguments: [ 'cmd_native_terminal_attach', …(1) ][90m

Number of calls: [1m0[22m
[39m

Ignored nodes: comments, script, style
[36m<html>[39m
  [36m<head />[39m
  [36m<body>[39m
    [36m<div />[39m
  [36m</body>[39m
[36m</html>[39m
 ❯ src/components/NativeTerminalPane.test.tsx:5915:37
    5913|     const first = render(<NativeTerminalPane sessionId={rebound.id} se…
    5914|     await waitFor(() => {
    5915|       expect(tauriCoreMocks.invoke).toHaveBeenCalledWith(
       |                                     ^
    5916|         "cmd_native_terminal_attach",
    5917|         expect.objectContaining({ sessionId: rebound.backendSessionId …
 ❯ runWithExpensiveErrorDiagnosticsDisabled node_modules/@testing-library/dom/dist/config.js:47:12
 ❯ checkCallback node_modules/@testing-library/dom/dist/wait-for.js:124:77
 ❯ Timeout.checkRealTimersCallback node_modules/@testing-library/dom/dist/wait-for.js:118:16

⎯⎯⎯⎯⎯⎯⎯⎯⎯⎯⎯⎯⎯⎯⎯⎯⎯⎯⎯⎯[141/243]⎯

 FAIL  src/components/NativeTerminalPane.test.tsx > NativeTerminalPane daemon and session identity mapping > retries mount attach on rejection with exponential backoff and attaches on eventual success
AssertionError: expected +0 to be 1 // Object.is equality

[32m- Expected[39m
[31m+ Received[39m

[32m- 1[39m
[31m+ 0[39m

 ❯ src/components/NativeTerminalPane.test.tsx:5959:27
    5957|         await Promise.resolve();
    5958|       });
    5959|       expect(attachCount).toBe(1);
       |                           ^
    5960| 
    5961|       // Backoff 1: 250ms -> attempt 2

⎯⎯⎯⎯⎯⎯⎯⎯⎯⎯⎯⎯⎯⎯⎯⎯⎯⎯⎯⎯[142/243]⎯

 FAIL  src/components/NativeTerminalPane.test.tsx > NativeTerminalPane daemon and session identity mapping > redirects printable keydown fallback when activeElement is document.body
AssertionError: expected "spy" to be called with arguments: [ …(2) ][90m

Number of calls: [1m0[22m
[39m

Ignored nodes: comments, script, style
[36m<html>[39m
  [36m<head />[39m
  [36m<body>[39m
    [36m<div />[39m
  [36m</body>[39m
[36m</html>[39m
 ❯ src/components/NativeTerminalPane.test.tsx:6005:37
    6003| 
    6004|     await waitFor(() => {
    6005|       expect(tauriCoreMocks.invoke).toHaveBeenCalledWith("cmd_native_t…
       |                                     ^
    6006|         sessionId: "term-session-capture-fallback",
    6007|         input: { text: "a" },
 ❯ runWithExpensiveErrorDiagnosticsDisabled node_modules/@testing-library/dom/dist/config.js:47:12
 ❯ checkCallback node_modules/@testing-library/dom/dist/wait-for.js:124:77
 ❯ Timeout.checkRealTimersCallback node_modules/@testing-library/dom/dist/wait-for.js:118:16

⎯⎯⎯⎯⎯⎯⎯⎯⎯⎯⎯⎯⎯⎯⎯⎯⎯⎯⎯⎯[143/243]⎯

 FAIL  src/components/NativeTerminalPane.test.tsx > NativeTerminalPane daemon and session identity mapping > does not let an inactive last-focused pane steal body keydowns
AssertionError: expected 0 to be greater than 0

Ignored nodes: comments, script, style
[36m<html>[39m
  [36m<head />[39m
  [36m<body>[39m
    [36m<div />[39m
  [36m</body>[39m
[36m</html>[39m
 ❯ src/components/NativeTerminalPane.test.tsx:6020:62
    6018| 
    6019|     await waitFor(() => {
    6020|       expect(nativeTerminalEventMocks.focusListeners.length).toBeGreat…
       |                                                              ^
    6021|     });
    6022| 
 ❯ runWithExpensiveErrorDiagnosticsDisabled node_modules/@testing-library/dom/dist/config.js:47:12
 ❯ checkCallback node_modules/@testing-library/dom/dist/wait-for.js:124:77
 ❯ Timeout.checkRealTimersCallback node_modules/@testing-library/dom/dist/wait-for.js:118:16

⎯⎯⎯⎯⎯⎯⎯⎯⎯⎯⎯⎯⎯⎯⎯⎯⎯⎯⎯⎯[144/243]⎯

 FAIL  src/components/NativeTerminalPane.test.tsx > NativeTerminalPane daemon and session identity mapping > forwards Enter through the keydown fallback when activeElement is document.body
AssertionError: expected false to be true // Object.is equality

Ignored nodes: comments, script, style
[36m<html>[39m
  [36m<head />[39m
  [36m<body>[39m
    [36m<div />[39m
  [36m</body>[39m
[36m</html>[39m

[32m- Expected[39m
[31m+ Received[39m

[32m- true[39m
[31m+ false[39m

 ❯ src/components/NativeTerminalPane.test.tsx:6075:20
    6073|           (args as { input?: { keyEvent?: { key?: string } } })?.input…
    6074|       );
    6075|       expect(sent).toBe(true);
       |                    ^
    6076|     });
    6077|   });
 ❯ runWithExpensiveErrorDiagnosticsDisabled node_modules/@testing-library/dom/dist/config.js:47:12
 ❯ checkCallback node_modules/@testing-library/dom/dist/wait-for.js:124:77
 ❯ Timeout.checkRealTimersCallback node_modules/@testing-library/dom/dist/wait-for.js:118:16

⎯⎯⎯⎯⎯⎯⎯⎯⎯⎯⎯⎯⎯⎯⎯⎯⎯⎯⎯⎯[145/243]⎯

 FAIL  src/components/NativeTerminalPane.test.tsx > NativeTerminalPane daemon and session identity mapping > forwards Ctrl+C through the keydown fallback when activeElement is document.body
AssertionError: expected false to be true // Object.is equality

Ignored nodes: comments, script, style
[36m<html>[39m
  [36m<head />[39m
  [36m<body>[39m
    [36m<div />[39m
  [36m</body>[39m
[36m</html>[39m

[32m- Expected[39m
[31m+ Received[39m

[32m- true[39m
[31m+ false[39m

 ❯ src/components/NativeTerminalPane.test.tsx:6110:20
    6108|         );
    6109|       });
    6110|       expect(sent).toBe(true);
       |                    ^
    6111|     });
    6112|   });
 ❯ runWithExpensiveErrorDiagnosticsDisabled node_modules/@testing-library/dom/dist/config.js:47:12
 ❯ checkCallback node_modules/@testing-library/dom/dist/wait-for.js:124:77
 ❯ Timeout.checkRealTimersCallback node_modules/@testing-library/dom/dist/wait-for.js:118:16

⎯⎯⎯⎯⎯⎯⎯⎯⎯⎯⎯⎯⎯⎯⎯⎯⎯⎯⎯⎯[146/243]⎯

 FAIL  src/components/NativeTerminalPane.test.tsx > NativeTerminalPane daemon and session identity mapping > delivers a fallback Enter to exactly one pane when two split panes are mounted
AssertionError: expected 0 to be greater than 0

Ignored nodes: comments, script, style
[36m<html>[39m
  [36m<head />[39m
  [36m<body>[39m
    [36m<div />[39m
  [36m</body>[39m
[36m</html>[39m
 ❯ src/components/NativeTerminalPane.test.tsx:6140:28
    6138|         ([cmd]) => cmd === "cmd_native_terminal_send_input",
    6139|       );
    6140|       expect(sends.length).toBeGreaterThan(0);
       |                            ^
    6141|     });
    6142| 
 ❯ runWithExpensiveErrorDiagnosticsDisabled node_modules/@testing-library/dom/dist/config.js:47:12
 ❯ checkCallback node_modules/@testing-library/dom/dist/wait-for.js:124:77
 ❯ Timeout.checkRealTimersCallback node_modules/@testing-library/dom/dist/wait-for.js:118:16

⎯⎯⎯⎯⎯⎯⎯⎯⎯⎯⎯⎯⎯⎯⎯⎯⎯⎯⎯⎯[147/243]⎯

 FAIL  src/components/NativeTerminalPane.test.tsx > NativeTerminalPane daemon and session identity mapping > routes a keystroke to the swapped-in session after a workspace switch, never the outgoing one
AssertionError: expected false to be true // Object.is equality

Ignored nodes: comments, script, style
[36m<html>[39m
  [36m<head />[39m
  [36m<body>[39m
    [36m<div />[39m
  [36m</body>[39m
[36m</html>[39m

[32m- Expected[39m
[31m+ Received[39m

[32m- true[39m
[31m+ false[39m

 ❯ src/components/NativeTerminalPane.test.tsx:6162:24
    6160|           JSON.stringify(args ?? {}).includes("switch-session-outgoing…
    6161|       );
    6162|       expect(attached).toBe(true);
       |                        ^
    6163|     });
    6164| 
 ❯ runWithExpensiveErrorDiagnosticsDisabled node_modules/@testing-library/dom/dist/config.js:47:12
 ❯ checkCallback node_modules/@testing-library/dom/dist/wait-for.js:124:77
 ❯ Timeout.checkRealTimersCallback node_modules/@testing-library/dom/dist/wait-for.js:118:16

⎯⎯⎯⎯⎯⎯⎯⎯⎯⎯⎯⎯⎯⎯⎯⎯⎯⎯⎯⎯[148/243]⎯

 FAIL  src/components/NativeTerminalPane.test.tsx > NativeTerminalPane daemon and session identity mapping > preserves native mouse-up focus after WebKit mouse-down handling moves focus to BODY
TestingLibraryElementError: Unable to find an element by: [data-testid="native-terminal-focus-sink"]

Ignored nodes: comments, script, style
[36m<body>[39m
  [36m<div />[39m
[36m</body>[39m
 ❯ Object.getElementError node_modules/@testing-library/dom/dist/config.js:37:19
 ❯ node_modules/@testing-library/dom/dist/query-helpers.js:76:38
 ❯ node_modules/@testing-library/dom/dist/query-helpers.js:109:15
 ❯ src/components/NativeTerminalPane.test.tsx:6215:35
    6213|       </>,
    6214|     );
    6215|     const [leftSink, rightSink] = getAllByTestId("native-terminal-focu…
       |                                   ^
    6216| 
    6217|     await waitFor(() => {

⎯⎯⎯⎯⎯⎯⎯⎯⎯⎯⎯⎯⎯⎯⎯⎯⎯⎯⎯⎯[149/243]⎯

 FAIL  src/components/NativeTerminalPane.test.tsx > NativeTerminalPane daemon and session identity mapping > lets immediate Hangul input start composition after a native pane switch
TestingLibraryElementError: Unable to find an element by: [data-testid="native-terminal-focus-sink"]

Ignored nodes: comments, script, style
[36m<body>[39m
  [36m<div />[39m
[36m</body>[39m
 ❯ Object.getElementError node_modules/@testing-library/dom/dist/config.js:37:19
 ❯ node_modules/@testing-library/dom/dist/query-helpers.js:76:38
 ❯ node_modules/@testing-library/dom/dist/query-helpers.js:52:17
 ❯ node_modules/@testing-library/dom/dist/query-helpers.js:95:19
 ❯ src/components/NativeTerminalPane.test.tsx:6248:18
    6246|       <NativeTerminalPane sessionId="native-ime-switch" session={sessi…
    6247|     );
    6248|     const sink = getByTestId("native-terminal-focus-sink") as HTMLText…
       |                  ^
    6249|     await waitFor(() => {
    6250|       expect(nativeTerminalEventMocks.focusListeners).toHaveLength(1);

⎯⎯⎯⎯⎯⎯⎯⎯⎯⎯⎯⎯⎯⎯⎯⎯⎯⎯⎯⎯[150/243]⎯

 FAIL  src/components/NativeTerminalPane.test.tsx > NativeTerminalPane daemon and session identity mapping > forwards plain Ctrl+C with no activity prop as key 'c' with ctrl true
TestingLibraryElementError: Unable to find an element by: [data-testid="native-terminal-focus-sink"]

Ignored nodes: comments, script, style
[36m<body>[39m
  [36m<div />[39m
[36m</body>[39m
 ❯ Object.getElementError node_modules/@testing-library/dom/dist/config.js:37:19
 ❯ node_modules/@testing-library/dom/dist/query-helpers.js:76:38
 ❯ node_modules/@testing-library/dom/dist/query-helpers.js:52:17
 ❯ node_modules/@testing-library/dom/dist/query-helpers.js:95:19
 ❯ src/components/NativeTerminalPane.test.tsx:6297:22
    6295|       <NativeTerminalPane sessionId="term-session-plain-ctrlc" session…
    6296|     );
    6297|     const textarea = getByTestId("native-terminal-focus-sink");
       |                      ^
    6298|     tauriCoreMocks.invoke.mockClear();
    6299| 

⎯⎯⎯⎯⎯⎯⎯⎯⎯⎯⎯⎯⎯⎯⎯⎯⎯⎯⎯⎯[151/243]⎯

 FAIL  src/components/NativeTerminalPane.test.tsx > NativeTerminalPane daemon and session identity mapping > forwards Ctrl+C unchanged when agent state is waiting
 FAIL  src/components/NativeTerminalPane.test.tsx > NativeTerminalPane daemon and session identity mapping > forwards Ctrl+C unchanged when agent state is working
 FAIL  src/components/NativeTerminalPane.test.tsx > NativeTerminalPane daemon and session identity mapping > forwards Ctrl+C unchanged when agent state is done
TestingLibraryElementError: Unable to find an element by: [data-testid="native-terminal-focus-sink"]

Ignored nodes: comments, script, style
[36m<body>[39m
  [36m<div />[39m
[36m</body>[39m
 ❯ Object.getElementError node_modules/@testing-library/dom/dist/config.js:37:19
 ❯ node_modules/@testing-library/dom/dist/query-helpers.js:76:38
 ❯ node_modules/@testing-library/dom/dist/query-helpers.js:52:17
 ❯ node_modules/@testing-library/dom/dist/query-helpers.js:95:19
 ❯ src/components/NativeTerminalPane.test.tsx:6348:22
    6346|       />,
    6347|     );
    6348|     const textarea = getByTestId("native-terminal-focus-sink");
       |                      ^
    6349|     tauriCoreMocks.invoke.mockClear();
    6350| 

⎯⎯⎯⎯⎯⎯⎯⎯⎯⎯⎯⎯⎯⎯⎯⎯⎯⎯⎯⎯[152/243]⎯

 FAIL  src/components/NativeTerminalPane.test.tsx > NativeTerminalPane daemon and session identity mapping > forwards two quick Ctrl+C presses without scheduling an extra interrupt when agent is waiting
TestingLibraryElementError: Unable to find an element by: [data-testid="native-terminal-focus-sink"]

Ignored nodes: comments, script, style
[36m<body>[39m
  [36m<div />[39m
[36m</body>[39m
 ❯ Object.getElementError node_modules/@testing-library/dom/dist/config.js:37:19
 ❯ node_modules/@testing-library/dom/dist/query-helpers.js:76:38
 ❯ node_modules/@testing-library/dom/dist/query-helpers.js:52:17
 ❯ node_modules/@testing-library/dom/dist/query-helpers.js:95:19
 ❯ src/components/NativeTerminalPane.test.tsx:6401:24
    6399|         />,
    6400|       );
    6401|       const textarea = getByTestId("native-terminal-focus-sink");
       |                        ^
    6402|       tauriCoreMocks.invoke.mockClear();
    6403| 

⎯⎯⎯⎯⎯⎯⎯⎯⎯⎯⎯⎯⎯⎯⎯⎯⎯⎯⎯⎯[153/243]⎯

 FAIL  src/components/NativeTerminalPane.test.tsx > NativeTerminalPane daemon and session identity mapping > forwards two spaced Ctrl+C presses unchanged when agent is waiting
TestingLibraryElementError: Unable to find an element by: [data-testid="native-terminal-focus-sink"]

Ignored nodes: comments, script, style
[36m<body>[39m
  [36m<div />[39m
[36m</body>[39m
 ❯ Object.getElementError node_modules/@testing-library/dom/dist/config.js:37:19
 ❯ node_modules/@testing-library/dom/dist/query-helpers.js:76:38
 ❯ node_modules/@testing-library/dom/dist/query-helpers.js:52:17
 ❯ node_modules/@testing-library/dom/dist/query-helpers.js:95:19
 ❯ src/components/NativeTerminalPane.test.tsx:6468:24
    6466|         />,
    6467|       );
    6468|       const textarea = getByTestId("native-terminal-focus-sink");
       |                        ^
    6469|       tauriCoreMocks.invoke.mockClear();
    6470| 

⎯⎯⎯⎯⎯⎯⎯⎯⎯⎯⎯⎯⎯⎯⎯⎯⎯⎯⎯⎯[154/243]⎯

 FAIL  src/components/NativeTerminalPane.test.tsx > NativeTerminalPane daemon and session identity mapping > sends key 'c' twice immediately with no delayed third send for quick plain Ctrl+C in a plain shell
TestingLibraryElementError: Unable to find an element by: [data-testid="native-terminal-focus-sink"]

Ignored nodes: comments, script, style
[36m<body>[39m
  [36m<div />[39m
[36m</body>[39m
 ❯ Object.getElementError node_modules/@testing-library/dom/dist/config.js:37:19
 ❯ node_modules/@testing-library/dom/dist/query-helpers.js:76:38
 ❯ node_modules/@testing-library/dom/dist/query-helpers.js:52:17
 ❯ node_modules/@testing-library/dom/dist/query-helpers.js:95:19
 ❯ src/components/NativeTerminalPane.test.tsx:6525:24
    6523|         />,
    6524|       );
    6525|       const textarea = getByTestId("native-terminal-focus-sink");
       |                        ^
    6526|       tauriCoreMocks.invoke.mockClear();
    6527| 

⎯⎯⎯⎯⎯⎯⎯⎯⎯⎯⎯⎯⎯⎯⎯⎯⎯⎯⎯⎯[155/243]⎯

 FAIL  src/components/NativeTerminalPane.test.tsx > NativeTerminalPane daemon and session identity mapping > sends key 'c' twice immediately with no delayed third send for quick Ctrl+C when agent is working
TestingLibraryElementError: Unable to find an element by: [data-testid="native-terminal-focus-sink"]

Ignored nodes: comments, script, style
[36m<body>[39m
  [36m<div />[39m
[36m</body>[39m
 ❯ Object.getElementError node_modules/@testing-library/dom/dist/config.js:37:19
 ❯ node_modules/@testing-library/dom/dist/query-helpers.js:76:38
 ❯ node_modules/@testing-library/dom/dist/query-helpers.js:52:17
 ❯ node_modules/@testing-library/dom/dist/query-helpers.js:95:19
 ❯ src/components/NativeTerminalPane.test.tsx:6583:24
    6581|         />,
    6582|       );
    6583|       const textarea = getByTestId("native-terminal-focus-sink");
       |                        ^
    6584|       tauriCoreMocks.invoke.mockClear();
    6585| 

⎯⎯⎯⎯⎯⎯⎯⎯⎯⎯⎯⎯⎯⎯⎯⎯⎯⎯⎯⎯[156/243]⎯

 FAIL  src/components/NativeTerminalPane.test.tsx > NativeTerminalPane daemon and session identity mapping > forwards fallback document.body Ctrl+C presses without synthetic interrupts when agent is waiting
AssertionError: expected [] to deeply equal [ 'c', 'c' ]

[32m- Expected[39m
[31m+ Received[39m

[32m- [[39m
[32m-   "c",[39m
[32m-   "c",[39m
[32m- ][39m
[31m+ [][39m

 ❯ src/components/NativeTerminalPane.test.tsx:6679:25
    6677|         .filter(([cmd]) => cmd === "cmd_native_terminal_send_input")
    6678|         .map(([, args]) => (args as { input?: { keyEvent?: { key?: str…
    6679|       expect(sendCalls).toEqual(["c", "c"]);
       |                         ^
    6680|     } finally {
    6681|       vi.useRealTimers();

⎯⎯⎯⎯⎯⎯⎯⎯⎯⎯⎯⎯⎯⎯⎯⎯⎯⎯⎯⎯[157/243]⎯

 FAIL  src/components/NativeTerminalPane.test.tsx > NativeTerminalPane daemon and session identity mapping > keeps interrupt key 'c' on plain Ctrl+C when activity indicates agent is working
TestingLibraryElementError: Unable to find an element by: [data-testid="native-terminal-focus-sink"]

Ignored nodes: comments, script, style
[36m<body>[39m
  [36m<div />[39m
[36m</body>[39m
 ❯ Object.getElementError node_modules/@testing-library/dom/dist/config.js:37:19
 ❯ node_modules/@testing-library/dom/dist/query-helpers.js:76:38
 ❯ node_modules/@testing-library/dom/dist/query-helpers.js:52:17
 ❯ node_modules/@testing-library/dom/dist/query-helpers.js:95:19
 ❯ src/components/NativeTerminalPane.test.tsx:6699:22
    6697|       />,
    6698|     );
    6699|     const textarea = getByTestId("native-terminal-focus-sink");
       |                      ^
    6700|     tauriCoreMocks.invoke.mockClear();
    6701| 

⎯⎯⎯⎯⎯⎯⎯⎯⎯⎯⎯⎯⎯⎯⎯⎯⎯⎯⎯⎯[158/243]⎯

 FAIL  src/components/NativeTerminalPane.test.tsx > NativeTerminalPane daemon and session identity mapping > normalizes Korean layout Ctrl+C (key ㅊ and code KeyC) to key 'c' instead of 'ㅊ'
TestingLibraryElementError: Unable to find an element by: [data-testid="native-terminal-focus-sink"]

Ignored nodes: comments, script, style
[36m<body>[39m
  [36m<div />[39m
[36m</body>[39m
 ❯ Object.getElementError node_modules/@testing-library/dom/dist/config.js:37:19
 ❯ node_modules/@testing-library/dom/dist/query-helpers.js:76:38
 ❯ node_modules/@testing-library/dom/dist/query-helpers.js:52:17
 ❯ node_modules/@testing-library/dom/dist/query-helpers.js:95:19
 ❯ src/components/NativeTerminalPane.test.tsx:6741:22
    6739|       <NativeTerminalPane sessionId="term-session-korean-ctrlc" sessio…
    6740|     );
    6741|     const textarea = getByTestId("native-terminal-focus-sink");
       |                      ^
    6742|     tauriCoreMocks.invoke.mockClear();
    6743| 

⎯⎯⎯⎯⎯⎯⎯⎯⎯⎯⎯⎯⎯⎯⎯⎯⎯⎯⎯⎯[159/243]⎯

 FAIL  src/components/NativeTerminalPane.test.tsx > NativeTerminalPane daemon and session identity mapping > normalizes Korean layout Ctrl+L (key ㅣ and code KeyL) to key 'l' instead of 'ㅣ'
TestingLibraryElementError: Unable to find an element by: [data-testid="native-terminal-focus-sink"]

Ignored nodes: comments, script, style
[36m<body>[39m
  [36m<div />[39m
[36m</body>[39m
 ❯ Object.getElementError node_modules/@testing-library/dom/dist/config.js:37:19
 ❯ node_modules/@testing-library/dom/dist/query-helpers.js:76:38
 ❯ node_modules/@testing-library/dom/dist/query-helpers.js:52:17
 ❯ node_modules/@testing-library/dom/dist/query-helpers.js:95:19
 ❯ src/components/NativeTerminalPane.test.tsx:6790:22
    6788|       <NativeTerminalPane sessionId="term-session-korean-ctrll" sessio…
    6789|     );
    6790|     const textarea = getByTestId("native-terminal-focus-sink");
       |                      ^
    6791|     tauriCoreMocks.invoke.mockClear();
    6792| 

⎯⎯⎯⎯⎯⎯⎯⎯⎯⎯⎯⎯⎯⎯⎯⎯⎯⎯⎯⎯[160/243]⎯

 FAIL  src/components/NativeTerminalPane.test.tsx > NativeTerminalPane daemon and session identity mapping > forwards Ctrl+C unchanged when session has agentType and no activity prop
TestingLibraryElementError: Unable to find an element by: [data-testid="native-terminal-focus-sink"]

Ignored nodes: comments, script, style
[36m<body>[39m
  [36m<div />[39m
[36m</body>[39m
 ❯ Object.getElementError node_modules/@testing-library/dom/dist/config.js:37:19
 ❯ node_modules/@testing-library/dom/dist/query-helpers.js:76:38
 ❯ node_modules/@testing-library/dom/dist/query-helpers.js:52:17
 ❯ node_modules/@testing-library/dom/dist/query-helpers.js:95:19
 ❯ src/components/NativeTerminalPane.test.tsx:6838:22
    6836|       />,
    6837|     );
    6838|     const textarea = getByTestId("native-terminal-focus-sink");
       |                      ^
    6839|     tauriCoreMocks.invoke.mockClear();
    6840| 

⎯⎯⎯⎯⎯⎯⎯⎯⎯⎯⎯⎯⎯⎯⎯⎯⎯⎯⎯⎯[161/243]⎯

 FAIL  src/components/NativeTerminalPane.test.tsx > NativeTerminalPane daemon and session identity mapping > keeps interrupt key 'c' on plain Ctrl+C when session has agentType and activity indicates agent is working
TestingLibraryElementError: Unable to find an element by: [data-testid="native-terminal-focus-sink"]

Ignored nodes: comments, script, style
[36m<body>[39m
  [36m<div />[39m
[36m</body>[39m
 ❯ Object.getElementError node_modules/@testing-library/dom/dist/config.js:37:19
 ❯ node_modules/@testing-library/dom/dist/query-helpers.js:76:38
 ❯ node_modules/@testing-library/dom/dist/query-helpers.js:52:17
 ❯ node_modules/@testing-library/dom/dist/query-helpers.js:95:19
 ❯ src/components/NativeTerminalPane.test.tsx:6892:22
    6890|       />,
    6891|     );
    6892|     const textarea = getByTestId("native-terminal-focus-sink");
       |                      ^
    6893|     tauriCoreMocks.invoke.mockClear();
    6894| 

⎯⎯⎯⎯⎯⎯⎯⎯⎯⎯⎯⎯⎯⎯⎯⎯⎯⎯⎯⎯[162/243]⎯

 FAIL  src/components/NativeTerminalPane.test.tsx > NativeTerminalPane daemon and session identity mapping > does not send input or write clipboard on Cmd+C with empty selection when activity indicates agent is waiting
TestingLibraryElementError: Unable to find an element by: [data-testid="native-terminal-focus-sink"]

Ignored nodes: comments, script, style
[36m<body>[39m
  [36m<div />[39m
[36m</body>[39m
 ❯ Object.getElementError node_modules/@testing-library/dom/dist/config.js:37:19
 ❯ node_modules/@testing-library/dom/dist/query-helpers.js:76:38
 ❯ node_modules/@testing-library/dom/dist/query-helpers.js:52:17
 ❯ node_modules/@testing-library/dom/dist/query-helpers.js:95:19
 ❯ src/components/NativeTerminalPane.test.tsx:6956:22
    6954|       />,
    6955|     );
    6956|     const textarea = getByTestId("native-terminal-focus-sink");
       |                      ^
    6957|     tauriCoreMocks.invoke.mockClear();
    6958| 

⎯⎯⎯⎯⎯⎯⎯⎯⎯⎯⎯⎯⎯⎯⎯⎯⎯⎯⎯⎯[163/243]⎯

 FAIL  src/components/NativeTerminalPane.test.tsx > NativeTerminalPane daemon and session identity mapping > copies selection to clipboard on Cmd+C with non-empty selection without sending input when agent is waiting
TestingLibraryElementError: Unable to find an element by: [data-testid="native-terminal-focus-sink"]

Ignored nodes: comments, script, style
[36m<body>[39m
  [36m<div />[39m
[36m</body>[39m
 ❯ Object.getElementError node_modules/@testing-library/dom/dist/config.js:37:19
 ❯ node_modules/@testing-library/dom/dist/query-helpers.js:76:38
 ❯ node_modules/@testing-library/dom/dist/query-helpers.js:52:17
 ❯ node_modules/@testing-library/dom/dist/query-helpers.js:95:19
 ❯ src/components/NativeTerminalPane.test.tsx:7018:24
    7016|         />,
    7017|       );
    7018|       const textarea = getByTestId("native-terminal-focus-sink");
       |                        ^
    7019|       tauriCoreMocks.invoke.mockClear();
    7020| 
 ❯ withMacHost src/components/NativeTerminalPane.test.tsx:253:18
 ❯ src/components/NativeTerminalPane.test.tsx:6983:5

⎯⎯⎯⎯⎯⎯⎯⎯⎯⎯⎯⎯⎯⎯⎯⎯⎯⎯⎯⎯[164/243]⎯

 FAIL  src/components/NativeTerminalPane.test.tsx > NativeTerminalPane daemon and session identity mapping > copies selection to clipboard on Ctrl+Shift+C without sending input
TestingLibraryElementError: Unable to find an element by: [data-testid="native-terminal-focus-sink"]

Ignored nodes: comments, script, style
[36m<body>[39m
  [36m<div />[39m
[36m</body>[39m
 ❯ Object.getElementError node_modules/@testing-library/dom/dist/config.js:37:19
 ❯ node_modules/@testing-library/dom/dist/query-helpers.js:76:38
 ❯ node_modules/@testing-library/dom/dist/query-helpers.js:52:17
 ❯ node_modules/@testing-library/dom/dist/query-helpers.js:95:19
 ❯ src/components/NativeTerminalPane.test.tsx:7089:24
    7087|         <NativeTerminalPane sessionId="term-session-ctrl-shift-c-copy"…
    7088|       );
    7089|       const textarea = getByTestId("native-terminal-focus-sink");
       |                        ^
    7090|       tauriCoreMocks.invoke.mockClear();
    7091| 

⎯⎯⎯⎯⎯⎯⎯⎯⎯⎯⎯⎯⎯⎯⎯⎯⎯⎯⎯⎯[165/243]⎯

 FAIL  src/components/NativeTerminalPane.test.tsx > NativeTerminalPane daemon and session identity mapping > syncs attention frame state to backend when needsAttention changes or component unmounts
AssertionError: expected "spy" to be called with arguments: [ 'term-session-attention', true ][90m

Number of calls: [1m0[22m
[39m

Ignored nodes: comments, script, style
[36m<html>[39m
  [36m<head />[39m
  [36m<body>[39m
    [36m<div />[39m
  [36m</body>[39m
[36m</html>[39m
 ❯ src/components/NativeTerminalPane.test.tsx:7145:72
    7143| 
    7144|     await waitFor(() => {
    7145|       expect(nativeTerminalEventMocks.setNativeTerminalAttentionFrame)…
       |                                                                        ^
    7146|         "term-session-attention",
    7147|         true,
 ❯ runWithExpensiveErrorDiagnosticsDisabled node_modules/@testing-library/dom/dist/config.js:47:12
 ❯ checkCallback node_modules/@testing-library/dom/dist/wait-for.js:124:77
 ❯ Timeout.checkRealTimersCallback node_modules/@testing-library/dom/dist/wait-for.js:118:16

⎯⎯⎯⎯⎯⎯⎯⎯⎯⎯⎯⎯⎯⎯⎯⎯⎯⎯⎯⎯[166/243]⎯

 FAIL  src/components/NativeTerminalPane.test.tsx > NativeTerminalPane daemon and session identity mapping > swallows the keydown that terminates an IME composition
TestingLibraryElementError: Unable to find an element by: [data-testid="native-terminal-focus-sink"]

Ignored nodes: comments, script, style
[36m<body>[39m
  [36m<div />[39m
[36m</body>[39m
 ❯ Object.getElementError node_modules/@testing-library/dom/dist/config.js:37:19
 ❯ node_modules/@testing-library/dom/dist/query-helpers.js:76:38
 ❯ node_modules/@testing-library/dom/dist/query-helpers.js:52:17
 ❯ node_modules/@testing-library/dom/dist/query-helpers.js:95:19
 ❯ src/components/NativeTerminalPane.test.tsx:7190:18
    7188|       <NativeTerminalPane sessionId="term-session-ime-swallow" session…
    7189|     );
    7190|     const sink = getByTestId("native-terminal-focus-sink");
       |                  ^
    7191|     sink.focus();
    7192|     tauriCoreMocks.invoke.mockClear();

⎯⎯⎯⎯⎯⎯⎯⎯⎯⎯⎯⎯⎯⎯⎯⎯⎯⎯⎯⎯[167/243]⎯

 FAIL  src/components/NativeTerminalPane.test.tsx > NativeTerminalPane daemon and session identity mapping > still sends standalone spaces after a committed composition
TestingLibraryElementError: Unable to find an element by: [data-testid="native-terminal-focus-sink"]

Ignored nodes: comments, script, style
[36m<body>[39m
  [36m<div />[39m
[36m</body>[39m
 ❯ Object.getElementError node_modules/@testing-library/dom/dist/config.js:37:19
 ❯ node_modules/@testing-library/dom/dist/query-helpers.js:76:38
 ❯ node_modules/@testing-library/dom/dist/query-helpers.js:52:17
 ❯ node_modules/@testing-library/dom/dist/query-helpers.js:95:19
 ❯ src/components/NativeTerminalPane.test.tsx:7213:18
    7211|       <NativeTerminalPane sessionId="term-session-ime-standalone-space…
    7212|     );
    7213|     const sink = getByTestId("native-terminal-focus-sink");
       |                  ^
    7214|     sink.focus();
    7215|     tauriCoreMocks.invoke.mockClear();

⎯⎯⎯⎯⎯⎯⎯⎯⎯⎯⎯⎯⎯⎯⎯⎯⎯⎯⎯⎯[168/243]⎯

 FAIL  src/components/NativeTerminalPane.test.tsx > NativeTerminalPane daemon and session identity mapping > disarms the tail suppression when a different key arrives
TestingLibraryElementError: Unable to find an element by: [data-testid="native-terminal-focus-sink"]

Ignored nodes: comments, script, style
[36m<body>[39m
  [36m<div />[39m
[36m</body>[39m
 ❯ Object.getElementError node_modules/@testing-library/dom/dist/config.js:37:19
 ❯ node_modules/@testing-library/dom/dist/query-helpers.js:76:38
 ❯ node_modules/@testing-library/dom/dist/query-helpers.js:52:17
 ❯ node_modules/@testing-library/dom/dist/query-helpers.js:95:19
 ❯ src/components/NativeTerminalPane.test.tsx:7237:18
    7235|       <NativeTerminalPane sessionId="term-session-ime-disarm" session=…
    7236|     );
    7237|     const sink = getByTestId("native-terminal-focus-sink");
       |                  ^
    7238|     sink.focus();
    7239|     tauriCoreMocks.invoke.mockClear();

⎯⎯⎯⎯⎯⎯⎯⎯⎯⎯⎯⎯⎯⎯⎯⎯⎯⎯⎯⎯[169/243]⎯

 FAIL  src/components/NativeTerminalPane.test.tsx > NativeTerminalPane daemon and session identity mapping > sends plain space without any composition
TestingLibraryElementError: Unable to find an element by: [data-testid="native-terminal-focus-sink"]

Ignored nodes: comments, script, style
[36m<body>[39m
  [36m<div />[39m
[36m</body>[39m
 ❯ Object.getElementError node_modules/@testing-library/dom/dist/config.js:37:19
 ❯ node_modules/@testing-library/dom/dist/query-helpers.js:76:38
 ❯ node_modules/@testing-library/dom/dist/query-helpers.js:52:17
 ❯ node_modules/@testing-library/dom/dist/query-helpers.js:95:19
 ❯ src/components/NativeTerminalPane.test.tsx:7261:18
    7259|       <NativeTerminalPane sessionId="term-session-ime-plain-space" ses…
    7260|     );
    7261|     const sink = getByTestId("native-terminal-focus-sink");
       |                  ^
    7262|     sink.focus();
    7263|     tauriCoreMocks.invoke.mockClear();

⎯⎯⎯⎯⎯⎯⎯⎯⎯⎯⎯⎯⎯⎯⎯⎯⎯⎯⎯⎯[170/243]⎯

 FAIL  src/components/NativeTerminalPane.test.tsx > NativeTerminalPane daemon and session identity mapping > does not swallow the first jamo of a new composition after a jamo-tailed commit
TestingLibraryElementError: Unable to find an element by: [data-testid="native-terminal-focus-sink"]

Ignored nodes: comments, script, style
[36m<body>[39m
  [36m<div />[39m
[36m</body>[39m
 ❯ Object.getElementError node_modules/@testing-library/dom/dist/config.js:37:19
 ❯ node_modules/@testing-library/dom/dist/query-helpers.js:76:38
 ❯ node_modules/@testing-library/dom/dist/query-helpers.js:52:17
 ❯ node_modules/@testing-library/dom/dist/query-helpers.js:95:19
 ❯ src/components/NativeTerminalPane.test.tsx:7283:18
    7281|       <NativeTerminalPane sessionId="term-session-ime-jamo-tail" sessi…
    7282|     );
    7283|     const sink = getByTestId("native-terminal-focus-sink");
       |                  ^
    7284|     sink.focus();
    7285|     tauriCoreMocks.invoke.mockClear();

⎯⎯⎯⎯⎯⎯⎯⎯⎯⎯⎯⎯⎯⎯⎯⎯⎯⎯⎯⎯[171/243]⎯

 FAIL  src/components/NativeTerminalPane.test.tsx > NativeTerminalPane daemon and session identity mapping > does not trigger performAttach when send_input fails with Busy and inputWritten:false
TestingLibraryElementError: Unable to find an element by: [data-testid="native-terminal-focus-sink"]

Ignored nodes: comments, script, style
[36m<body>[39m
  [36m<div />[39m
[36m</body>[39m
 ❯ Object.getElementError node_modules/@testing-library/dom/dist/config.js:37:19
 ❯ node_modules/@testing-library/dom/dist/query-helpers.js:76:38
 ❯ node_modules/@testing-library/dom/dist/query-helpers.js:52:17
 ❯ node_modules/@testing-library/dom/dist/query-helpers.js:95:19
 ❯ src/components/NativeTerminalPane.test.tsx:7318:18
    7316|       <NativeTerminalPane sessionId="term-session-busy-no-attach" sess…
    7317|     );
    7318|     const sink = getByTestId("native-terminal-focus-sink");
       |                  ^
    7319|     sink.focus();
    7320| 

⎯⎯⎯⎯⎯⎯⎯⎯⎯⎯⎯⎯⎯⎯⎯⎯⎯⎯⎯⎯[172/243]⎯

 FAIL  src/components/NativeTerminalPane.test.tsx > NativeTerminalPane daemon and session identity mapping > delivers preedit update enqueued while input send is in flight strictly after input in NativeTerminalPane
TestingLibraryElementError: Unable to find an element by: [data-testid="native-terminal-focus-sink"]

Ignored nodes: comments, script, style
[36m<body>[39m
  [36m<div />[39m
[36m</body>[39m
 ❯ Object.getElementError node_modules/@testing-library/dom/dist/config.js:37:19
 ❯ node_modules/@testing-library/dom/dist/query-helpers.js:76:38
 ❯ node_modules/@testing-library/dom/dist/query-helpers.js:52:17
 ❯ node_modules/@testing-library/dom/dist/query-helpers.js:95:19
 ❯ src/components/NativeTerminalPane.test.tsx:7370:18
    7368|       <NativeTerminalPane sessionId="term-session-order" session={sess…
    7369|     );
    7370|     const sink = getByTestId("native-terminal-focus-sink");
       |                  ^
    7371| 
    7372|     act(() => {

⎯⎯⎯⎯⎯⎯⎯⎯⎯⎯⎯⎯⎯⎯⎯⎯⎯⎯⎯⎯[173/243]⎯

 FAIL  src/components/NativeTerminalPane.test.tsx > NativeTerminalPane daemon and session identity mapping > coalesces consecutive preedit updates into one delivered call while input is in flight in NativeTerminalPane
TestingLibraryElementError: Unable to find an element by: [data-testid="native-terminal-focus-sink"]

Ignored nodes: comments, script, style
[36m<body>[39m
  [36m<div />[39m
[36m</body>[39m
 ❯ Object.getElementError node_modules/@testing-library/dom/dist/config.js:37:19
 ❯ node_modules/@testing-library/dom/dist/query-helpers.js:76:38
 ❯ node_modules/@testing-library/dom/dist/query-helpers.js:52:17
 ❯ node_modules/@testing-library/dom/dist/query-helpers.js:95:19
 ❯ src/components/NativeTerminalPane.test.tsx:7423:18
    7421|       <NativeTerminalPane sessionId="term-session-coalesce" session={s…
    7422|     );
    7423|     const sink = getByTestId("native-terminal-focus-sink");
       |                  ^
    7424| 
    7425|     act(() => {

⎯⎯⎯⎯⎯⎯⎯⎯⎯⎯⎯⎯⎯⎯⎯⎯⎯⎯⎯⎯[174/243]⎯

 FAIL  src/components/NativeTerminalPane.test.tsx > NativeTerminalPane daemon and session identity mapping > increments each drop reason counter exactly once for its scenario in NativeTerminalPane
TestingLibraryElementError: Unable to find an element by: [data-testid="native-terminal-focus-sink"]

Ignored nodes: comments, script, style
[36m<body>[39m
  [36m<div />[39m
[36m</body>[39m
 ❯ Object.getElementError node_modules/@testing-library/dom/dist/config.js:37:19
 ❯ node_modules/@testing-library/dom/dist/query-helpers.js:76:38
 ❯ node_modules/@testing-library/dom/dist/query-helpers.js:52:17
 ❯ node_modules/@testing-library/dom/dist/query-helpers.js:95:19
 ❯ src/components/NativeTerminalPane.test.tsx:7464:31
    7462|     );
    7463|     act(() => {
    7464|       fireEvent.keyDown(view1.getByTestId("native-terminal-focus-sink"…
       |                               ^
    7465|     });
    7466|     expect(getTerminalInputDropCount("dropped")).toBe(1);
 ❯ node_modules/@testing-library/react/dist/act-compat.js:47:24
 ❯ act node_modules/react/cjs/react.development.js:2512:16
 ❯ Proxy.<anonymous> node_modules/@testing-library/react/dist/act-compat.js:46:25
 ❯ src/components/NativeTerminalPane.test.tsx:7463:5

⎯⎯⎯⎯⎯⎯⎯⎯⎯⎯⎯⎯⎯⎯⎯⎯⎯⎯⎯⎯[175/243]⎯

 FAIL  src/components/NativeTerminalPane.test.tsx > terminal link UX (U1-U3) > opens file preview on Cmd+click for OSC 8 file hyperlink
TestingLibraryElementError: Unable to find an element by: [data-testid="native-terminal-pane"]

Ignored nodes: comments, script, style
[36m<body>[39m
  [36m<div />[39m
[36m</body>[39m
 ❯ Object.getElementError node_modules/@testing-library/dom/dist/config.js:37:19
 ❯ node_modules/@testing-library/dom/dist/query-helpers.js:76:38
 ❯ node_modules/@testing-library/dom/dist/query-helpers.js:52:17
 ❯ node_modules/@testing-library/dom/dist/query-helpers.js:95:19
 ❯ src/components/NativeTerminalPane.test.tsx:7570:18
    7568| 
    7569|     const { getByTestId, unmount } = render(<NativeTerminalPane sessio…
    7570|     const pane = getByTestId("native-terminal-pane");
       |                  ^
    7571|     const viewport = getByTestId("native-terminal-viewport");
    7572|     vi.spyOn(viewport, "getBoundingClientRect").mockReturnValue(new DO…

⎯⎯⎯⎯⎯⎯⎯⎯⎯⎯⎯⎯⎯⎯⎯⎯⎯⎯⎯⎯[176/243]⎯

 FAIL  src/components/NativeTerminalPane.test.tsx > terminal link UX (U1-U3) > ignores OSC 8 hyperlinks with a foreign host and does not open file or resolve
TestingLibraryElementError: Unable to find an element by: [data-testid="native-terminal-pane"]

Ignored nodes: comments, script, style
[36m<body>[39m
  [36m<div />[39m
  [36m<div />[39m
[36m</body>[39m
 ❯ Object.getElementError node_modules/@testing-library/dom/dist/config.js:37:19
 ❯ node_modules/@testing-library/dom/dist/query-helpers.js:76:38
 ❯ node_modules/@testing-library/dom/dist/query-helpers.js:52:17
 ❯ node_modules/@testing-library/dom/dist/query-helpers.js:95:19
 ❯ src/components/NativeTerminalPane.test.tsx:7627:18
    7625| 
    7626|     const { getByTestId, unmount } = render(<NativeTerminalPane sessio…
    7627|     const pane = getByTestId("native-terminal-pane");
       |                  ^
    7628|     const viewport = getByTestId("native-terminal-viewport");
    7629|     vi.spyOn(viewport, "getBoundingClientRect").mockReturnValue(new DO…

⎯⎯⎯⎯⎯⎯⎯⎯⎯⎯⎯⎯⎯⎯⎯⎯⎯⎯⎯⎯[177/243]⎯

 FAIL  src/components/NativeTerminalPane.test.tsx > terminal link UX (U1-U3) > fetches remote file in ssh workspace on Cmd+click without showing failure toast
TestingLibraryElementError: Unable to find an element by: [data-testid="native-terminal-pane"]

Ignored nodes: comments, script, style
[36m<body>[39m
  [36m<div />[39m
  [36m<div />[39m
  [36m<div />[39m
[36m</body>[39m
 ❯ Object.getElementError node_modules/@testing-library/dom/dist/config.js:37:19
 ❯ node_modules/@testing-library/dom/dist/query-helpers.js:76:38
 ❯ node_modules/@testing-library/dom/dist/query-helpers.js:52:17
 ❯ node_modules/@testing-library/dom/dist/query-helpers.js:95:19
 ❯ src/components/NativeTerminalPane.test.tsx:7693:18
    7691| 
    7692|     const { getByTestId, unmount } = render(<NativeTerminalPane sessio…
    7693|     const pane = getByTestId("native-terminal-pane");
       |                  ^
    7694|     const viewport = getByTestId("native-terminal-viewport");
    7695|     vi.spyOn(viewport, "getBoundingClientRect").mockReturnValue(new DO…

⎯⎯⎯⎯⎯⎯⎯⎯⎯⎯⎯⎯⎯⎯⎯⎯⎯⎯⎯⎯[178/243]⎯

 FAIL  src/components/NativeTerminalPane.test.tsx > terminal link UX (U1-U3) > dispatches terminal link actions on plain click unless mouse tracking is enabled
TestingLibraryElementError: Unable to find an element by: [data-testid="native-terminal-pane"]

Ignored nodes: comments, script, style
[36m<body>[39m
  [36m<div />[39m
  [36m<div />[39m
  [36m<div />[39m
  [36m<div />[39m
[36m</body>[39m
 ❯ Object.getElementError node_modules/@testing-library/dom/dist/config.js:37:19
 ❯ node_modules/@testing-library/dom/dist/query-helpers.js:76:38
 ❯ node_modules/@testing-library/dom/dist/query-helpers.js:52:17
 ❯ node_modules/@testing-library/dom/dist/query-helpers.js:95:19
 ❯ src/components/NativeTerminalPane.test.tsx:7761:18
    7759| 
    7760|     const { getByTestId, unmount } = render(<NativeTerminalPane sessio…
    7761|     const pane = getByTestId("native-terminal-pane");
       |                  ^
    7762|     const viewport = getByTestId("native-terminal-viewport");
    7763|     vi.spyOn(viewport, "getBoundingClientRect").mockReturnValue(new DO…

⎯⎯⎯⎯⎯⎯⎯⎯⎯⎯⎯⎯⎯⎯⎯⎯⎯⎯⎯⎯[179/243]⎯

 FAIL  src/components/NativeTerminalPane.test.tsx > terminal link UX (U1-U3) > shows hover hint when resolve exists:true and hides underline when exists:false
TestingLibraryElementError: Unable to find an element by: [data-testid="native-terminal-pane"]

Ignored nodes: comments, script, style
[36m<body>[39m
  [36m<div />[39m
  [36m<div />[39m
  [36m<div />[39m
  [36m<div />[39m
  [36m<div />[39m
[36m</body>[39m
 ❯ Object.getElementError node_modules/@testing-library/dom/dist/config.js:37:19
 ❯ node_modules/@testing-library/dom/dist/query-helpers.js:76:38
 ❯ node_modules/@testing-library/dom/dist/query-helpers.js:52:17
 ❯ node_modules/@testing-library/dom/dist/query-helpers.js:95:19
 ❯ src/components/NativeTerminalPane.test.tsx:7888:25
    7886| 
    7887|     const view1 = render(<NativeTerminalPane session={session1} />);
    7888|     const pane1 = view1.getByTestId("native-terminal-pane");
       |                         ^
    7889|     vi.spyOn(view1.getByTestId("native-terminal-viewport"), "getBoundi…
    7890|       .mockReturnValue(new DOMRect(0, 0, 800, 480));

⎯⎯⎯⎯⎯⎯⎯⎯⎯⎯⎯⎯⎯⎯⎯⎯⎯⎯⎯⎯[180/243]⎯

 FAIL  src/components/NativeTerminalPane.test.tsx > terminal link UX (U1-U3) > session interaction event dispatch > dispatches ferryx:session-interacted on user input
TestingLibraryElementError: Unable to find an element by: [data-testid="native-terminal-focus-sink"]

Ignored nodes: comments, script, style
[36m<body>[39m
  [36m<div />[39m
  [36m<div />[39m
  [36m<div />[39m
  [36m<div />[39m
  [36m<div />[39m
  [36m<div />[39m
[36m</body>[39m
 ❯ Object.getElementError node_modules/@testing-library/dom/dist/config.js:37:19
 ❯ node_modules/@testing-library/dom/dist/query-helpers.js:76:38
 ❯ node_modules/@testing-library/dom/dist/query-helpers.js:52:17
 ❯ node_modules/@testing-library/dom/dist/query-helpers.js:95:19
 ❯ src/components/NativeTerminalPane.test.tsx:7973:24
    7971|         <NativeTerminalPane sessionId="session-interact-input" session…
    7972|       );
    7973|       const textarea = getByTestId("native-terminal-focus-sink");
       |                        ^
    7974|       act(() => {
    7975|         fireEvent.input(textarea, { target: { value: "a" } });

⎯⎯⎯⎯⎯⎯⎯⎯⎯⎯⎯⎯⎯⎯⎯⎯⎯⎯⎯⎯[181/243]⎯

 FAIL  src/components/NativeTerminalPane.test.tsx > terminal link UX (U1-U3) > session interaction event dispatch > dispatches ferryx:session-interacted on paste
TestingLibraryElementError: Unable to find an element by: [data-testid="native-terminal-focus-sink"]

Ignored nodes: comments, script, style
[36m<body>[39m
  [36m<div />[39m
[36m</body>[39m
 ❯ Object.getElementError node_modules/@testing-library/dom/dist/config.js:37:19
 ❯ node_modules/@testing-library/dom/dist/query-helpers.js:76:38
 ❯ node_modules/@testing-library/dom/dist/query-helpers.js:52:17
 ❯ node_modules/@testing-library/dom/dist/query-helpers.js:95:19
 ❯ src/components/NativeTerminalPane.test.tsx:7985:24
    7983|         <NativeTerminalPane sessionId="session-interact-paste" session…
    7984|       );
    7985|       const textarea = getByTestId("native-terminal-focus-sink");
       |                        ^
    7986|       act(() => {
    7987|         fireEvent.paste(textarea, { clipboardData: { getData: () => "t…

⎯⎯⎯⎯⎯⎯⎯⎯⎯⎯⎯⎯⎯⎯⎯⎯⎯⎯⎯⎯[182/243]⎯

 FAIL  src/components/NativeTerminalPane.test.tsx > terminal link UX (U1-U3) > session interaction event dispatch > dispatches ferryx:session-interacted on pointer down
TestingLibraryElementError: Unable to find an element by: [data-testid="native-terminal-pane"]

Ignored nodes: comments, script, style
[36m<body>[39m
  [36m<div />[39m
[36m</body>[39m
 ❯ Object.getElementError node_modules/@testing-library/dom/dist/config.js:37:19
 ❯ node_modules/@testing-library/dom/dist/query-helpers.js:76:38
 ❯ node_modules/@testing-library/dom/dist/query-helpers.js:52:17
 ❯ node_modules/@testing-library/dom/dist/query-helpers.js:95:19
 ❯ src/components/NativeTerminalPane.test.tsx:7997:20
    7995|         <NativeTerminalPane sessionId="session-interact-pointer" sessi…
    7996|       );
    7997|       const pane = getByTestId("native-terminal-pane");
       |                    ^
    7998|       act(() => {
    7999|         fireEvent.pointerDown(pane);

⎯⎯⎯⎯⎯⎯⎯⎯⎯⎯⎯⎯⎯⎯⎯⎯⎯⎯⎯⎯[183/243]⎯

 FAIL  src/components/NativeTerminalPane.test.tsx > terminal link UX (U1-U3) > session interaction event dispatch > dispatches ferryx:session-interacted on native terminal focus
AssertionError: expected [] to include 'frontend-focus-session'
 ❯ src/components/NativeTerminalPane.test.tsx:8010:26
    8008|         nativeTerminalEventMocks.focusListeners.forEach((fn) => fn("ba…
    8009|       });
    8010|       expect(interacted).toContain("frontend-focus-session");
       |                          ^
    8011|     });
    8012|   });

⎯⎯⎯⎯⎯⎯⎯⎯⎯⎯⎯⎯⎯⎯⎯⎯⎯⎯⎯⎯[184/243]⎯

 FAIL  src/components/TerminalPane.exitAttach.integration.test.tsx > TerminalPane exit attach integration > propagates session unavailable on attach failure, transitions session to exited, and displays Shell exited overlay without error badge
AssertionError: expected "spy" to be called with arguments: [ 'term-pane-1', …(3) ][90m

Number of calls: [1m0[22m
[39m
 ❯ src/components/TerminalPane.exitAttach.integration.test.tsx:148:31
    146|     });
    147| 
    148|     expect(handleUnavailable).toHaveBeenCalledWith(
       |                               ^
    149|       "term-pane-1",
    150|       "backend-dead-pty",

⎯⎯⎯⎯⎯⎯⎯⎯⎯⎯⎯⎯⎯⎯⎯⎯⎯⎯⎯⎯[185/243]⎯

 FAIL  src/components/TerminalSearchOverlay.test.tsx > TerminalSearchOverlay native session search > resets stale counts and re-searches the new session on sessionId change
AssertionError: expected [ …(3) ] to have a length of 2 but got 3

[32m- Expected[39m
[31m+ Received[39m

[32m- 2[39m
[31m+ 3[39m

 ❯ src/components/TerminalSearchOverlay.test.tsx:332:19
    330|     expect(screen.queryByText("1/2")).not.toBeInTheDocument();
    331|     // A fresh search must be issued for session-b using the retained …
    332|     expect(calls).toHaveLength(2);
       |                   ^
    333|     expect(calls[1].args?.sessionId).toBe("session-b");
    334|     expect(calls[1].args?.query).toBe("err");

⎯⎯⎯⎯⎯⎯⎯⎯⎯⎯⎯⎯⎯⎯⎯⎯⎯⎯⎯⎯[186/243]⎯

 FAIL  src/components/TerminalSplitView.paneHandleReach.test.tsx > pane handle reachability over a native terminal > overlays the handle only inside the narrow hotspot without shrinking the terminal
Error: [2mexpect([22m[31melement[39m[2m).toHaveClass([22m[32m[32m"h-3"[32m[39m[2m)[22m

Expected the element to have class:
[32m  h-3[39m
Received:
[31m  absolute inset-x-0 top-0 z-30 flex h-5 items-center justify-between overflow-visible border-b border-border/30 bg-background/85 px-2 text-[11px] text-muted-foreground transition-opacity duration-150 select-none cursor-grab touch-none active:cursor-grabbing pointer-events-none opacity-0[39m
 ❯ src/components/TerminalSplitView.paneHandleReach.test.tsx:83:20
     81|     const leaf = screen.getByTestId("pane-leaf");
     82| 
     83|     expect(handle).toHaveClass("h-3");
       |                    ^
     84|     expect(handle).toHaveClass("opacity-0", "pointer-events-none");
     85|     expect(terminal.style.marginTop).toBe("");

⎯⎯⎯⎯⎯⎯⎯⎯⎯⎯⎯⎯⎯⎯⎯⎯⎯⎯⎯⎯[187/243]⎯

 FAIL  src/state/workspaceNativeActivity.test.tsx > workspace store native activity subscription > syncs store focus to clicked pane when native focus event is emitted for its backend session
Error: [vitest] No "spawnTerminalSplitOperation" export is defined on the "../lib/tauri" mock. Did you forget to return it from "vi.mock"?
If you need to partially mock a module, you can use "importOriginal" helper inside:

vi[33m.[39m[34mmock[39m([35mimport[39m([32m"../lib/tauri"[39m)[33m,[39m [35masync[39m (importOriginal) [33m=>[39m {
  [35mconst[39m actual [33m=[39m [35mawait[39m [34mimportOriginal[39m()
  [35mreturn[39m {
    [33m...[39mactual[33m,[39m
    [90m// your mocked methods[39m
  }
})

 ❯ src/state/workspaceStore.ts:784:58
    782|       const controller = new LocalSplitLifecycle(
    783|         {
    784|           operation: services.splitOperation ?? tauriIpc.spawnTerminal…
       |                                                          ^
    785|           create: services.splitCreate ?? tauriIpc.spawnTerminalDetail…
    786|           attach: services.splitAttach ?? tauriIpc.attachTerminal,
 ❯ Object.splitPane src/state/workspaceStore.ts:1144:28
 ❯ src/state/workspaceNativeActivity.test.tsx:418:28
 ❯ node_modules/@testing-library/react/dist/act-compat.js:47:24
 ❯ act node_modules/react/cjs/react.development.js:2512:16
 ❯ Proxy.<anonymous> node_modules/@testing-library/react/dist/act-compat.js:46:25
 ❯ src/state/workspaceNativeActivity.test.tsx:417:11

⎯⎯⎯⎯⎯⎯⎯⎯⎯⎯⎯⎯⎯⎯⎯⎯⎯⎯⎯⎯[188/243]⎯

 FAIL  src/state/workspaceNativeActivity.test.tsx > workspace store native activity subscription > ignores native focus events for sessions parked in a non-active worktree layout
Error: [vitest] No "spawnTerminalSplitOperation" export is defined on the "../lib/tauri" mock. Did you forget to return it from "vi.mock"?
If you need to partially mock a module, you can use "importOriginal" helper inside:

vi[33m.[39m[34mmock[39m([35mimport[39m([32m"../lib/tauri"[39m)[33m,[39m [35masync[39m (importOriginal) [33m=>[39m {
  [35mconst[39m actual [33m=[39m [35mawait[39m [34mimportOriginal[39m()
  [35mreturn[39m {
    [33m...[39mactual[33m,[39m
    [90m// your mocked methods[39m
  }
})

 ❯ src/state/workspaceStore.ts:784:58
    782|       const controller = new LocalSplitLifecycle(
    783|         {
    784|           operation: services.splitOperation ?? tauriIpc.spawnTerminal…
       |                                                          ^
    785|           create: services.splitCreate ?? tauriIpc.spawnTerminalDetail…
    786|           attach: services.splitAttach ?? tauriIpc.attachTerminal,
 ❯ src/state/workspaceStore.ts:809:26
 ❯ commitHookEffectListMount node_modules/react-dom/cjs/react-dom.development.js:23189:26
 ❯ commitPassiveMountOnFiber node_modules/react-dom/cjs/react-dom.development.js:24970:11
 ❯ commitPassiveMountEffects_complete node_modules/react-dom/cjs/react-dom.development.js:24930:9
 ❯ commitPassiveMountEffects_begin node_modules/react-dom/cjs/react-dom.development.js:24917:7
 ❯ commitPassiveMountEffects node_modules/react-dom/cjs/react-dom.development.js:24905:3
 ❯ flushPassiveEffectsImpl node_modules/react-dom/cjs/react-dom.development.js:27078:3

⎯⎯⎯⎯⎯⎯⎯⎯⎯⎯⎯⎯⎯⎯⎯⎯⎯⎯⎯⎯[189/243]⎯

 FAIL  src/state/workspaceNativeActivity.test.tsx > workspace store native activity subscription > dispatches ferryx:session-interacted with activeSessionId upon ACTIVATE_TAB, FOCUS_PANE, and SELECT_WORKTREE
Error: [vitest] No "spawnTerminalSplitOperation" export is defined on the "../lib/tauri" mock. Did you forget to return it from "vi.mock"?
If you need to partially mock a module, you can use "importOriginal" helper inside:

vi[33m.[39m[34mmock[39m([35mimport[39m([32m"../lib/tauri"[39m)[33m,[39m [35masync[39m (importOriginal) [33m=>[39m {
  [35mconst[39m actual [33m=[39m [35mawait[39m [34mimportOriginal[39m()
  [35mreturn[39m {
    [33m...[39mactual[33m,[39m
    [90m// your mocked methods[39m
  }
})

 ❯ src/state/workspaceStore.ts:784:58
    782|       const controller = new LocalSplitLifecycle(
    783|         {
    784|           operation: services.splitOperation ?? tauriIpc.spawnTerminal…
       |                                                          ^
    785|           create: services.splitCreate ?? tauriIpc.spawnTerminalDetail…
    786|           attach: services.splitAttach ?? tauriIpc.attachTerminal,
 ❯ Object.splitPane src/state/workspaceStore.ts:1144:28
 ❯ src/state/workspaceNativeActivity.test.tsx:511:30
 ❯ node_modules/@testing-library/react/dist/act-compat.js:47:24
 ❯ act node_modules/react/cjs/react.development.js:2512:16
 ❯ Proxy.<anonymous> node_modules/@testing-library/react/dist/act-compat.js:46:25
 ❯ src/state/workspaceNativeActivity.test.tsx:510:13

⎯⎯⎯⎯⎯⎯⎯⎯⎯⎯⎯⎯⎯⎯⎯⎯⎯⎯⎯⎯[190/243]⎯

 FAIL  src/state/workspaceRestore.test.tsx > workspaceRestore coordinator > reconciles stale session to null backendId on HMR recovery when live daemon session list is empty
AssertionError: expected { id: 'sess-stale', …(17) } to match object { id: 'sess-stale', …(2) }
(15 matching properties omitted from actual)

[32m- Expected[39m
[31m+ Received[39m

[2m  {[22m
[32m-   "backendSessionId": null,[39m
[31m+   "backendSessionId": "dead-backend-pty-999",[39m
[2m    "id": "sess-stale",[22m
[32m-   "lifecycle": "exited",[39m
[31m+   "lifecycle": "working",[39m
[2m  }[22m

 ❯ src/state/workspaceRestore.test.tsx:474:45
    472|     expect(restoreWorkspace).toHaveBeenCalledTimes(1);
    473|     const restored = restoreWorkspace.mock.calls[0][0] as WorkspaceSta…
    474|     expect(restored.sessions["sess-stale"]).toMatchObject({
       |                                             ^
    475|       id: "sess-stale",
    476|       backendSessionId: null,

⎯⎯⎯⎯⎯⎯⎯⎯⎯⎯⎯⎯⎯⎯⎯⎯⎯⎯⎯⎯[191/243]⎯

 FAIL  src/state/workspaceRestore.test.tsx > workspaceRestore coordinator > marks session as exited without auto-respawn when daemon epoch has changed
AssertionError: expected { id: 'sess-1', …(17) } to match object { id: 'sess-1', …(4) }
(13 matching properties omitted from actual)

[32m- Expected[39m
[31m+ Received[39m

[2m  {[22m
[32m-   "backendSessionId": "standby:sess-1",[39m
[32m-   "daemonEpoch": null,[39m
[31m+   "backendSessionId": "backend-1",[39m
[31m+   "daemonEpoch": "epoch-OLD",[39m
[2m    "id": "sess-1",[22m
[2m    "lastOutputSequence": null,[22m
[32m-   "lifecycle": "exited",[39m
[31m+   "lifecycle": "working",[39m
[2m  }[22m

 ❯ src/state/workspaceRestore.test.tsx:726:41
    724|     expect(restoreWorkspace).toHaveBeenCalledTimes(1);
    725|     const restored = restoreWorkspace.mock.calls[0][0] as WorkspaceSta…
    726|     expect(restored.sessions["sess-1"]).toMatchObject({
       |                                         ^
    727|       id: "sess-1",
    728|       backendSessionId: "standby:sess-1",

⎯⎯⎯⎯⎯⎯⎯⎯⎯⎯⎯⎯⎯⎯⎯⎯⎯⎯⎯⎯[192/243]⎯

 FAIL  src/state/workspaceRestore.test.tsx > workspaceRestore coordinator > under Active Only policy, puts non-active tab missing sessions into standby while leaving active tab session eager
AssertionError: expected 'backend-1' to be null

[32m- Expected:[39m 
null

[31m+ Received:[39m 
"backend-1"

 ❯ src/state/workspaceRestore.test.tsx:942:59
    940| 
    941|     // Active tab's session (sess-1) is active: should NOT be put to s…
    942|     expect(restored.sessions["sess-1"]?.backendSessionId).toBeNull();
       |                                                           ^
    943| 
    944|     // Inactive tab's session (sess-2) is inactive under Active Only: …

⎯⎯⎯⎯⎯⎯⎯⎯⎯⎯⎯⎯⎯⎯⎯⎯⎯⎯⎯⎯[193/243]⎯

 FAIL  src/state/workspaceStore.test.tsx > useWorkspaceStore terminal ownership > splits a pane by creating an independent backend PTY and local session
AssertionError: expected "spy" to be called 1 times, but got 0 times
 ❯ src/state/workspaceStore.test.tsx:346:36
    344|     const updatedLayout = result.current.state.layout.layoutsByTabId[t…
    345|     expect(updatedLayout.root.type).toBe("split");
    346|     expect(services.spawnTerminal).toHaveBeenCalledTimes(1);
       |                                    ^
    347|     const sessionIds = Object.values(updatedLayout.sessionIdsByLeafId);
    348|     expect(new Set(sessionIds).size).toBe(2);

⎯⎯⎯⎯⎯⎯⎯⎯⎯⎯⎯⎯⎯⎯⎯⎯⎯⎯⎯⎯[194/243]⎯

 FAIL  src/state/workspaceStore.test.tsx > useWorkspaceStore terminal ownership > dispatches split layout immediately while deferred spawn is unresolved, then rebinds when spawn resolves
AssertionError: expected null to be 'backend-deferred-split' // Object.is equality

[32m- Expected:[39m 
"backend-deferred-split"

[31m+ Received:[39m 
null

 ❯ src/state/workspaceStore.test.tsx:393:45
    391|     const reboundSession = result.current.state.sessions[inFlightSessi…
    392|     expect(reboundSession).toBeDefined();
    393|     expect(reboundSession.backendSessionId).toBe("backend-deferred-spl…
       |                                             ^
    394|     expect(reboundSession.cwd).toBe("/repo/main/resolved-cwd");
    395|     expect(reboundSession.lifecycle).toBe("running");

⎯⎯⎯⎯⎯⎯⎯⎯⎯⎯⎯⎯⎯⎯⎯⎯⎯⎯⎯⎯[195/243]⎯

 FAIL  src/state/workspaceStore.test.tsx > useWorkspaceStore terminal ownership > closes deferred spawned backend session if the pane is closed before spawn resolves
Unknown Error: Shell startup was not confirmed. Retry to reconcile the same shell.
⎯⎯⎯⎯⎯⎯⎯⎯⎯⎯⎯⎯⎯⎯⎯⎯⎯⎯⎯⎯[196/243]⎯

 FAIL  src/state/workspaceStore.test.tsx > useWorkspaceStore terminal ownership > uses the target leaf session when splitting restored independent panes
AssertionError: expected null to be 'backend-1' // Object.is equality

[32m- Expected:[39m 
"backend-1"

[31m+ Received:[39m 
null

 ❯ src/state/workspaceStore.test.tsx:445:43
    443|     expect(layout.sessionIdsByLeafId[newLeafId]).not.toBe("session-2");
    444|     const splitSession = result.current.state.sessions[layout.sessionI…
    445|     expect(splitSession.backendSessionId).toBe("backend-1");
       |                                           ^
    446|     expect(splitSession.cwd).toBe("/repo/main/packages/api");
    447|   });

⎯⎯⎯⎯⎯⎯⎯⎯⎯⎯⎯⎯⎯⎯⎯⎯⎯⎯⎯⎯[197/243]⎯

 FAIL  src/state/workspaceStore.test.tsx > useWorkspaceStore terminal ownership > keeps a split session alive while referenced and closes it after its final leaf is removed
Unknown Error: Shell startup was not confirmed. Retry to reconcile the same shell.
⎯⎯⎯⎯⎯⎯⎯⎯⎯⎯⎯⎯⎯⎯⎯⎯⎯⎯⎯⎯[198/243]⎯

 FAIL  src/state/workspaceStore.test.tsx > useWorkspaceStore terminal ownership > closes individual panes in a tab layout
Unknown Error: Shell startup was not confirmed. Retry to reconcile the same shell.
⎯⎯⎯⎯⎯⎯⎯⎯⎯⎯⎯⎯⎯⎯⎯⎯⎯⎯⎯⎯[199/243]⎯

 FAIL  src/state/workspaceStore.test.tsx > useWorkspaceStore terminal ownership > reorders, renames, pins, and bulk-closes tabs without closing pinned tabs
AssertionError: expected [ …(4) ] to deeply equal [ …(3) ]

[32m- Expected[39m
[31m+ Received[39m

[2m  [[22m
[2m    "tab:f029d71d-1688-4e55-aecf-505c06f34af4",[22m
[31m+   "tab:00efff9f-0509-4607-b3f6-bbf1665f023a",[39m
[2m    "tab:538597ee-5300-4c2e-ad6a-b5c23f102faa",[22m
[2m    "tab:d74e0ab6-b1d0-470c-8e28-d02864908166",[22m
[2m  ][22m

 ❯ src/state/workspaceStore.test.tsx:616:67
    614|     });
    615| 
    616|     expect(result.current.state.layout.tabs.map((tab) => tab.id)).toEq…
       |                                                                   ^
    617|     // A terminal rename is kept beside the automatic label so live ti…
    618|     expect(result.current.state.layout.tabs.find((tab) => tab.id === m…

⎯⎯⎯⎯⎯⎯⎯⎯⎯⎯⎯⎯⎯⎯⎯⎯⎯⎯⎯⎯[200/243]⎯

 FAIL  src/lib/agentReconnect.integration.test.ts > agent reconnect cross-layer contracts > spans stale persisted load through typed reconnect and saved snapshot
AssertionError: expected { id: 'local-agent', …(17) } to match object { backendSessionId: null, …(2) }
(15 matching properties omitted from actual)

[32m- Expected[39m
[31m+ Received[39m

[2m  {[22m
[32m-   "backendSessionId": null,[39m
[32m-   "lifecycle": "exited",[39m
[31m+   "backendSessionId": "backend-old",[39m
[31m+   "lifecycle": "working",[39m
[2m    "providerSession": {[22m
[2m      "id": "provider-1",[22m
[2m      "key": "session_id",[22m
[2m    },[22m
[2m  }[22m

 ❯ src/lib/agentReconnect.integration.test.ts:101:46
     99|     expect(restored).not.toBeNull();
    100|     if (!restored) return;
    101|     expect(restored.sessions["local-agent"]).toMatchObject({ backendSe…
       |                                              ^
    102| 
    103|     let state = restored;

⎯⎯⎯⎯⎯⎯⎯⎯⎯⎯⎯⎯⎯⎯⎯⎯⎯⎯⎯⎯[201/243]⎯

 FAIL  src/lib/pairedDaemonRollout.test.ts > failed renegotiation revokes prior admission: {"capabilities":["directoryBrowseV1","futureV9"]}
AssertionError: promise resolved "{ apiVersion: 1, …(7) }" instead of rejecting

[32m- Expected[39m
[31m+ Received[39m

[32m- Error {[39m
[32m-   "message": "rejected promise",[39m
[31m+ {[39m
[31m+   "accessScope": "machine",[39m
[31m+   "apiVersion": 1,[39m
[31m+   "capabilities": [[39m
[31m+     "directoryBrowseV1",[39m
[31m+     "futureV9",[39m
[31m+   ],[39m
[31m+   "daemonEpoch": "9",[39m
[31m+   "limits": {[39m
[31m+     "directoryEntries": 100,[39m
[31m+     "terminalSessions": 10,[39m
[31m+   },[39m
[31m+   "machineId": "machine-a",[39m
[31m+   "permission": "control",[39m
[31m+   "platform": "linux",[39m
[2m  }[22m

 ❯ src/lib/pairedDaemonRollout.test.ts:35:40
     33|   await expect(f.adapter.directories()).resolves.toMatchObject({ path:…
     34|   f.peer(peer);
     35|   await expect(f.adapter.capabilities()).rejects.toMatchObject({ code …
       |                                        ^
     36|   const count = f.invoke.mock.calls.length;
     37|   await expect(f.adapter.directories()).rejects.toMatchObject({ code: …

⎯⎯⎯⎯⎯⎯⎯⎯⎯⎯⎯⎯⎯⎯⎯⎯⎯⎯⎯⎯[202/243]⎯

 FAIL  src/lib/sessionEpochRestore.test.ts > restoring a session whose PTY is still alive in the daemon > reattaches the live PTY even though no reducer ever recorded a daemon epoch
AssertionError: expected null to be '42' // Object.is equality

[32m- Expected:[39m 
"42"

[31m+ Received:[39m 
null

 ❯ src/lib/sessionEpochRestore.test.ts:77:41
     75|     expect(session?.backendSessionId).toBe("backend-alive");
     76|     expect(session?.lifecycle).not.toBe("exited");
     77|     expect(session?.lastOutputSequence).toBe("42");
       |                                         ^
     78|   });
     79| 

⎯⎯⎯⎯⎯⎯⎯⎯⎯⎯⎯⎯⎯⎯⎯⎯⎯⎯⎯⎯[203/243]⎯

 FAIL  src/lib/sessionEpochRestore.test.ts > restoring a session whose PTY is still alive in the daemon > adopts the live epoch so the next save can detect a real daemon restart
AssertionError: expected 'backend-alive' to be null

[32m- Expected:[39m 
null

[31m+ Received:[39m 
"backend-alive"

 ❯ src/lib/sessionEpochRestore.test.ts:92:76
     90|       { sessionId: "backend-alive", daemonEpoch: "9999999999999", work…
     91|     ]);
     92|     expect(afterDaemonRestart?.sessions["session:ui-1"]?.backendSessio…
       |                                                                            ^
     93|   });
     94| 

⎯⎯⎯⎯⎯⎯⎯⎯⎯⎯⎯⎯⎯⎯⎯⎯⎯⎯⎯⎯[204/243]⎯

 FAIL  src/lib/sessionEpochRestore.test.ts > restoring a session whose PTY is still alive in the daemon > abandons a session whose recorded epoch belongs to an older daemon
AssertionError: expected 'backend-alive' to be null

[32m- Expected:[39m 
null

[31m+ Received:[39m 
"backend-alive"

 ❯ src/lib/sessionEpochRestore.test.ts:98:39
     96|     const session = restore(DAEMON_EPOCH, { persistedEpoch: "100000000…
     97| 
     98|     expect(session?.backendSessionId).toBeNull();
       |                                       ^
     99|     expect(session?.lifecycle).toBe("exited");
    100|   });

⎯⎯⎯⎯⎯⎯⎯⎯⎯⎯⎯⎯⎯⎯⎯⎯⎯⎯⎯⎯[205/243]⎯

 FAIL  src/lib/sessionEpochRestore.test.ts > restoring a session whose PTY is still alive in the daemon > abandons a session the daemon no longer lists
AssertionError: expected 'backend-alive' to be null

[32m- Expected:[39m 
null

[31m+ Received:[39m 
"backend-alive"

 ❯ src/lib/sessionEpochRestore.test.ts:105:39
    103|     const session = restore(DAEMON_EPOCH, { liveSessionId: "someone-el…
    104| 
    105|     expect(session?.backendSessionId).toBeNull();
       |                                       ^
    106|     expect(session?.lifecycle).toBe("exited");
    107|   });

⎯⎯⎯⎯⎯⎯⎯⎯⎯⎯⎯⎯⎯⎯⎯⎯⎯⎯⎯⎯[206/243]⎯

 FAIL  src/lib/sessionLifecycle.test.ts > sessionLifecycle > idle sweep > suspends when classifier and output ground truth agree on inactivity
AssertionError: expected "suspendTerminal" to be called with arguments: [ 'backend-live-1' ][90m

Number of calls: [1m0[22m
[39m
 ❯ src/lib/sessionLifecycle.test.ts:341:34
    339|         registerSessionSnapshot(live, "idle");
    340|         await vi.advanceTimersByTimeAsync(31 * 60_000);
    341|         expect(spies.suspendSpy).toHaveBeenCalledWith("backend-live-1"…
       |                                  ^
    342|         expect(isSessionSleeping(live.id)).toBe(true);
    343|       } finally {

⎯⎯⎯⎯⎯⎯⎯⎯⎯⎯⎯⎯⎯⎯⎯⎯⎯⎯⎯⎯[207/243]⎯

 FAIL  src/lib/sessionPersistence.test.ts > sessionPersistence v3 serialization and migration > matches live native PTYs by backendSessionId instead of the frontend-local session id
AssertionError: expected 'backend-2' to be null

[32m- Expected:[39m 
null

[31m+ Received:[39m 
"backend-2"

 ❯ src/lib/sessionPersistence.test.ts:331:59
    329|     expect(restored).not.toBeNull();
    330|     expect(restored!.sessions["sess-1"].backendSessionId).toBe("backen…
    331|     expect(restored!.sessions["sess-2"].backendSessionId).toBeNull();
       |                                                           ^
    332|     expect(restored!.sessions["sess-3"].backendSessionId).toBe("backen…
    333|     expect(restored!.sessions["sess-1"].cwd).toBe("/workspace/main/pac…

⎯⎯⎯⎯⎯⎯⎯⎯⎯⎯⎯⎯⎯⎯⎯⎯⎯⎯⎯⎯[208/243]⎯

 FAIL  src/lib/sessionPersistence.test.ts > sessionPersistence v3 serialization and migration > reconciles only when both daemon epoch and backendSessionId match current daemon ListSessions result
AssertionError: expected { id: 'sess-3', …(17) } to match object { id: 'sess-3', …(4) }
(13 matching properties omitted from actual)

[32m- Expected[39m
[31m+ Received[39m

[2m  {[22m
[32m-   "backendSessionId": null,[39m
[32m-   "daemonEpoch": null,[39m
[31m+   "backendSessionId": "backend-3",[39m
[31m+   "daemonEpoch": "epoch-100",[39m
[2m    "id": "sess-3",[22m
[32m-   "lastOutputSequence": null,[39m
[32m-   "lifecycle": "exited",[39m
[31m+   "lastOutputSequence": "300",[39m
[31m+   "lifecycle": "working",[39m
[2m  }[22m

 ❯ src/lib/sessionPersistence.test.ts:974:41
    972| 
    973|     // sess-3: missing backend ID in live list -> marked exited/lost w…
    974|     expect(restored.sessions["sess-3"]).toMatchObject({
       |                                         ^
    975|       id: "sess-3",
    976|       backendSessionId: null,

⎯⎯⎯⎯⎯⎯⎯⎯⎯⎯⎯⎯⎯⎯⎯⎯⎯⎯⎯⎯[209/243]⎯

 FAIL  src/lib/sessionPersistence.test.ts > sessionPersistence v3 serialization and migration > marks sessions exited/lost on daemon epoch change without auto-respawn
AssertionError: expected { id: 'sess-1', …(17) } to match object { id: 'sess-1', …(4) }
(13 matching properties omitted from actual)

[32m- Expected[39m
[31m+ Received[39m

[2m  {[22m
[32m-   "backendSessionId": null,[39m
[32m-   "daemonEpoch": null,[39m
[31m+   "backendSessionId": "backend-1",[39m
[31m+   "daemonEpoch": "epoch-OLD",[39m
[2m    "id": "sess-1",[22m
[32m-   "lastOutputSequence": null,[39m
[32m-   "lifecycle": "exited",[39m
[31m+   "lastOutputSequence": "500",[39m
[31m+   "lifecycle": "working",[39m
[2m  }[22m

 ❯ src/lib/sessionPersistence.test.ts:1005:41
    1003| 
    1004|     // On epoch mismatch, session must be marked exited/lost without a…
    1005|     expect(restored.sessions["sess-1"]).toMatchObject({
       |                                         ^
    1006|       id: "sess-1",
    1007|       backendSessionId: null,

⎯⎯⎯⎯⎯⎯⎯⎯⎯⎯⎯⎯⎯⎯⎯⎯⎯⎯⎯⎯[210/243]⎯

 FAIL  src/lib/sessionPersistence.test.ts > sessionPersistence v3 serialization and migration > preserves live working and waiting claims for surviving daemon sessions, but drops working claim for dead sessions
AssertionError: expected 'working' to be 'done' // Object.is equality

Expected: [32m"done"[39m
Received: [31m"working"[39m

 ❯ src/lib/sessionPersistence.test.ts:1143:61
    1141|     expect(restored.activityBySessionId?.["sess-2"]?.state).toBe("wait…
    1142|     // sess-3 was not live in the daemon, so its in-flight working cla…
    1143|     expect(restored.activityBySessionId?.["sess-3"]?.state).toBe("done…
       |                                                             ^
    1144| 
    1145|     expect(restored.sessions["sess-1"].lifecycle).toBe("working");

⎯⎯⎯⎯⎯⎯⎯⎯⎯⎯⎯⎯⎯⎯⎯⎯⎯⎯⎯⎯[211/243]⎯

 FAIL  src/lib/sessionPersistence.test.ts > sessionPersistence v3 serialization and migration > marks session exited and settles working activity to done when daemon reports running: false
AssertionError: expected 'working' to be 'exited' // Object.is equality

Expected: [32m"exited"[39m
Received: [31m"working"[39m

 ❯ src/lib/sessionPersistence.test.ts:1174:51
    1172|     if (!restored) return;
    1173| 
    1174|     expect(restored.sessions["sess-1"].lifecycle).toBe("exited");
       |                                                   ^
    1175|     expect(restored.sessions["sess-1"].backendSessionId).toBeNull();
    1176|     expect(restored.activityBySessionId?.["sess-1"]?.state).toBe("done…

⎯⎯⎯⎯⎯⎯⎯⎯⎯⎯⎯⎯⎯⎯⎯⎯⎯⎯⎯⎯[212/243]⎯

 FAIL  src/lib/sessionPersistence.test.ts > sessionPersistence v3 serialization and migration > preserves agentType and agentSessionId when daemon epoch mismatch marks session exited and nulls backendSessionId
AssertionError: expected 'backend-1' to be null

[32m- Expected:[39m 
null

[31m+ Received:[39m 
"backend-1"

 ❯ src/lib/sessionPersistence.test.ts:1267:58
    1265| 
    1266|     // Backend session is nulled and lifecycle is exited because PTY i…
    1267|     expect(restored.sessions["sess-1"].backendSessionId).toBeNull();
       |                                                          ^
    1268|     expect(restored.sessions["sess-1"].lifecycle).toBe("exited");
    1269|     expect(restored.sessions["sess-1"].daemonEpoch).toBeNull();

⎯⎯⎯⎯⎯⎯⎯⎯⎯⎯⎯⎯⎯⎯⎯⎯⎯⎯⎯⎯[213/243]⎯

 FAIL  src/lib/sessionPersistence.test.ts > sessionPersistence v3 serialization and migration > keeps live backend identity, pane leaf ownership, agent metadata, CWD, and output sequence across warm disk restore
AssertionError: expected 'backend-2' to be null

[32m- Expected:[39m 
null

[31m+ Received:[39m 
"backend-2"

 ❯ src/lib/sessionPersistence.test.ts:1393:58
    1391| 
    1392|     // sess-2 was not in liveSessions, so its backendSessionId is null…
    1393|     expect(restored.sessions["sess-2"].backendSessionId).toBeNull();
       |                                                          ^
    1394|     expect(restored.sessions["sess-2"].lifecycle).toBe("exited");
    1395| 

⎯⎯⎯⎯⎯⎯⎯⎯⎯⎯⎯⎯⎯⎯⎯⎯⎯⎯⎯⎯[214/243]⎯

 FAIL  src/lib/sessionPersistence.test.ts > sessionPersistence v3 serialization and migration > persists providerSession and never serializes transient reconnect locks or in-flight state
AssertionError: expected '{"version":3,"timestamp":179106929087…' not to contain 'reconnectRequestId'

Expected: [32m"reconnectRequestId"[39m
Received: [31m"{"version":3,"timestamp":1791069290873,"activeWorkspaceId":"default","workspaces":{"default":{"workspaceId":"default","repoRoot":"/workspace/main","worktrees":[{"path":"/workspace/main","branch":"main","head":"123456","isMain":true,"isLocked":false}],"activeWorktreePath":"/workspace/main","layout":{"splitMode":"horizontal","primaryTabId":"tab-1","secondaryTabId":null,"activeTabId":"tab-1","tabs":[{"id":"tab-1","kind":"terminal","label":"main","pinned":true,"terminal":{"primarySessionId":"sess-1","paneTree":{"type":"split","direction":"horizontal","first":{"type":"leaf","leafId":"leaf-1"},"second":{"type":"leaf","leafId":"leaf-2"},"ratio":0.5},"sessionIdsByLeafId":{"leaf-1":"sess-1","leaf-2":"sess-3"},"contentsByLeafId":{"leaf-1":{"kind":"terminal","sessionId":"sess-1"},"leaf-2":{"kind":"terminal","sessionId":"sess-3"}},"activeLeafId":"leaf-2","expandedLeafId":"leaf-2"}},{"id":"tab-2","kind":"terminal","label":"feature","pinned":false,"terminal":{"primarySessionId":"sess-2","paneTree":{"type":"leaf","leafId":"leaf-feature"},"sessionIdsByLeafId":{"leaf-feature":"sess-2"},"contentsByLeafId":{"leaf-feature":{"kind":"terminal","sessionId":"sess-2"}},"activeLeafId":"leaf-feature","expandedLeafId":null}}],"tabGroups":[{"id":"group-default","tabIds":["tab-1","tab-2"],"activeTabId":"tab-1"}],"tabGroupLayout":{"type":"group","groupId":"group-default"},"focusedGroupId":"group-default"},"terminalSessions":{"sess-1":{"localSessionId":"sess-1","backendSessionId":"backend-1","processState":"running","worktreePath":"/workspace/main","cwd":"/workspace/main/packages/api","daemonEpoch":null,"lastOutputSequence":null,"agentType":"claude","agentSessionId":"c18f-uuid-456","providerSession":{"key":"session_id","id":"c18f-uuid-456"},"createdAt":1791069290873,"incarnation":null,"reconnectRequestId":"transient-request-id"},"sess-2":{"localSessionId":"sess-2","backendSessionId":"backend-2","processState":"running","worktreePath":"/workspace/main","cwd":"/workspace/main","daemonEpoch":null,"lastOutputSequence":null,"agentType":null,"agentSessionId":null,"providerSession":null,"createdAt":1791069290873,"incarnation":null},"sess-3":{"localSessionId":"sess-3","backendSessionId":"backend-3","processState":"running","worktreePath":"/workspace/main","cwd":"/workspace/main/packages/web","daemonEpoch":null,"lastOutputSequence":null,"agentType":null,"agentSessionId":null,"providerSession":null,"createdAt":1791069290873,"incarnation":null}}}}}"[39m

 ❯ src/lib/sessionPersistence.test.ts:1432:25
    1430|     expect(rawJson).not.toContain("spawning");
    1431|     expect(rawJson).not.toContain("clientRequestId");
    1432|     expect(rawJson).not.toContain("reconnectRequestId");
       |                         ^
    1433| 
    1434|     // Deserialization on cold loss initializes transient reconnect st…

⎯⎯⎯⎯⎯⎯⎯⎯⎯⎯⎯⎯⎯⎯⎯⎯⎯⎯⎯⎯[215/243]⎯

 FAIL  src/lib/tauri.test.ts > Tauri IPC wrapper contract > spawns terminals with caller-stable clientRequestId, workspace/worktree identity, and an optional cwd slot
AssertionError: expected "spy" to be called with arguments: [ 'cmd_terminal_spawn', …(1) ][90m

Received: 

[1m  1st spy call:

[22m[33m@@ -1,12 +1,15 @@[90m
[2m  [[22m
[2m    "cmd_terminal_spawn",[22m
[2m    {[22m
[2m      "request": {[22m
[2m        "clientRequestId": "spawn-logical-action-1",[22m
[31m+       "createOnly": null,[90m
[2m        "cwd": null,[22m
[2m        "inheritFromSessionId": null,[22m
[31m+       "preparedLocalSplit": null,[90m
[31m+       "remainingMs": null,[90m
[2m        "shell": null,[22m
[2m        "startup": null,[22m
[2m        "workspaceId": "workspace-main",[22m
[2m        "worktree": {[22m
[2m          "slug": "main",[22m
[39m[90m

Number of calls: [1m1[22m
[39m
 ❯ src/lib/tauri.test.ts:163:25
    161|     ).resolves.toBe("backend-session-1");
    162| 
    163|     expect(core.invoke).toHaveBeenCalledWith("cmd_terminal_spawn", {
       |                         ^
    164|       request: {
    165|         workspaceId: "workspace-main",

⎯⎯⎯⎯⎯⎯⎯⎯⎯⎯⎯⎯⎯⎯⎯⎯⎯⎯⎯⎯[216/243]⎯

 FAIL  src/lib/tauri.test.ts > Tauri IPC wrapper contract > spawns terminals with custom shell override
AssertionError: expected "spy" to be called with arguments: [ 'cmd_terminal_spawn', …(1) ][90m

Received: 

[1m  1st spy call:

[22m[33m@@ -1,12 +1,15 @@[90m
[2m  [[22m
[2m    "cmd_terminal_spawn",[22m
[2m    {[22m
[2m      "request": {[22m
[2m        "clientRequestId": null,[22m
[31m+       "createOnly": null,[90m
[2m        "cwd": null,[22m
[2m        "inheritFromSessionId": null,[22m
[31m+       "preparedLocalSplit": null,[90m
[31m+       "remainingMs": null,[90m
[2m        "shell": "pwsh",[22m
[2m        "startup": null,[22m
[2m        "workspaceId": "workspace-main",[22m
[2m        "worktree": null,[22m
[2m      },[22m
[39m[90m

Number of calls: [1m1[22m
[39m
 ❯ src/lib/tauri.test.ts:188:25
    186|     ).resolves.toBe("backend-session-2");
    187| 
    188|     expect(core.invoke).toHaveBeenCalledWith("cmd_terminal_spawn", {
       |                         ^
    189|       request: {
    190|         workspaceId: "workspace-main",

⎯⎯⎯⎯⎯⎯⎯⎯⎯⎯⎯⎯⎯⎯⎯⎯⎯⎯⎯⎯[217/243]⎯

 FAIL  src/lib/tauri.test.ts > Tauri IPC wrapper contract > preserves typed agent-resume startup and binding metadata
AssertionError: expected "spy" to be called with arguments: [ 'cmd_terminal_spawn', …(1) ][90m

Received: 

[1m  1st spy call:

[22m[33m@@ -1,12 +1,15 @@[90m
[2m  [[22m
[2m    "cmd_terminal_spawn",[22m
[2m    {[22m
[2m      "request": {[22m
[2m        "clientRequestId": "resume-request-1",[22m
[31m+       "createOnly": null,[90m
[2m        "cwd": null,[22m
[2m        "inheritFromSessionId": null,[22m
[31m+       "preparedLocalSplit": null,[90m
[31m+       "remainingMs": null,[90m
[2m        "shell": null,[22m
[2m        "startup": {[22m
[2m          "agentType": "claude",[22m
[2m          "kind": "agentResume",[22m
[2m          "providerSession": {[22m
[39m[90m

Number of calls: [1m1[22m
[39m
 ❯ src/lib/tauri.test.ts:234:25
    232|     });
    233| 
    234|     expect(core.invoke).toHaveBeenCalledWith("cmd_terminal_spawn", {
       |                         ^
    235|       request: {
    236|         workspaceId: "workspace-main",

⎯⎯⎯⎯⎯⎯⎯⎯⎯⎯⎯⎯⎯⎯⎯⎯⎯⎯⎯⎯[218/243]⎯

 FAIL  src/lib/updater.test.ts > updater status machine > reports monotonic download progress and relaunches after installation
AssertionError: expected "spy" to be called 1 times, but got 0 times
 ❯ src/lib/updater.test.ts:141:22
    139|     expect(progress.at(-1)).toBe(1);
    140|     expect(updater.getUpdateStatus().state).toBe("downloaded");
    141|     expect(relaunch).toHaveBeenCalledTimes(1);
       |                      ^
    142|   });
    143| 

⎯⎯⎯⎯⎯⎯⎯⎯⎯⎯⎯⎯⎯⎯⎯⎯⎯⎯⎯⎯[219/243]⎯

⎯⎯⎯⎯⎯⎯ Unhandled Errors ⎯⎯⎯⎯⎯⎯

Vitest caught 2 unhandled errors during the test run.
This might cause false positive tests. Resolve unhandled errors to make sure your tests are not affected.

⎯⎯⎯⎯ Unhandled Rejection ⎯⎯⎯⎯⎯
Error: [vitest] No "getAccountEnrollmentStatus" export is defined on the "./lib/tauri" mock. Did you forget to return it from "vi.mock"?
If you need to partially mock a module, you can use "importOriginal" helper inside:

vi[33m.[39m[34mmock[39m([35mimport[39m([32m"./lib/tauri"[39m)[33m,[39m [35masync[39m (importOriginal) [33m=>[39m {
  [35mconst[39m actual [33m=[39m [35mawait[39m [34mimportOriginal[39m()
  [35mreturn[39m {
    [33m...[39mactual[33m,[39m
    [90m// your mocked methods[39m
  }
})

 ❯ VitestMocker.createError node_modules/vitest/dist/chunks/execute.B7h3T_Hc.js:284:17
 ❯ Object.get node_modules/vitest/dist/chunks/execute.B7h3T_Hc.js:330:16
 ❯ Timeout._onTimeout src/App.tsx:2494:9
    2492|         getSystemPermissionsStatus().catch(() => null),
    2493|         getCliLauncherStatus().catch(() => null),
    2494|         getAccountEnrollmentStatus().catch(() => null),
       |         ^
    2495|       ]);
    2496|       if (cancelled) return;
 ❯ listOnTimeout node:internal/timers:585:17
 ❯ processTimers node:internal/timers:521:7

This error originated in "src/App.test.tsx" test file. It doesn't mean the error was thrown inside the file itself, but while it was running.
The latest test that might've caused the error is "auto-opens WelcomeWizard for a macOS status with missing permissions and zero projects". It might mean one of the following:
- The error was thrown, while Vitest was running this test.
- If the error occurred after the test had been completed, this was the last documented test before it was thrown.

⎯⎯⎯⎯ Unhandled Rejection ⎯⎯⎯⎯⎯
Unknown Error: Session 'backend-1' not found
⎯⎯⎯⎯⎯⎯⎯⎯⎯⎯⎯⎯⎯⎯⎯⎯⎯⎯⎯⎯⎯⎯⎯⎯⎯⎯⎯⎯⎯⎯
Serialized Error: { code: 'SESSION_NOT_FOUND' }
This error originated in "src/components/NativeTerminalPane.exitAttach.test.tsx" test file. It doesn't mean the error was thrown inside the file itself, but while it was running.
The latest test that might've caused the error is "ignores late attach rejection without surfacing alert badge when session exits during in-flight attach". It might mean one of the following:
- The error was thrown, while Vitest was running this test.
- If the error occurred after the test had been completed, this was the last documented test before it was thrown.
⎯⎯⎯⎯⎯⎯⎯⎯⎯⎯⎯⎯⎯⎯⎯⎯⎯⎯⎯⎯⎯⎯⎯⎯⎯⎯⎯⎯⎯⎯


 Test Files  19 failed | 353 passed (372)
      Tests  243 failed | 6277 passed (6520)
     Errors  2 errors
   Start at  08:12:30
   Duration  467.41s (transform 6.13s, setup 45.15s, collect 99.21s, tests 158.54s, environment 108.17s, prepare 14.77s)

error: script "test" exited with code 1
