
running 2121 tests
test account::enroll_client::tests::account_enrollment_record_round_trips_beside_identity ... ok
test account::enroll_client::tests::enrollment_leaves_existing_device_tokens_alone ... ok
test account::enroll_client::tests::stored_machine_identity_signs_and_verifies ... ok
test account::mailer::tests::create_production_mailer_falls_back_to_file_mailer ... ok
test account::mailer::tests::file_mailer_writes_link ... ok
test account::mailer::tests::file_mailer_writes_link_env_dir ... ok
test account::mailer::tests::file_mailer_writes_link_failing_double_creates_no_session ... ok
test account::mailer::tests::file_mailer_writes_link_missing_parent_returns_mail_failed ... ok
test account::mailer::tests::resend_payload_generation ... ok
test account::mailer::tests::webhook_payload_generation ... ok
test account::offer_sink::tests::applied_offer_registers_a_usable_capability ... ok
test account::offer_sink::tests::envelope_for_this_machine_uses_the_enrollment_record ... ok
test account::offer_sink::tests::mirror_scope_stays_mirror ... ok
test account::offer_sink::tests::offers_for_another_machine_epoch_or_time_are_refused ... ok
test account::origin::tests::account_data_dir_falls_back_to_userprofile_without_home ... ok
test account::origin::tests::account_origin_unset_fails_closed ... ok
test account::service::tests::device_flow_lifecycle_request_poll_approve ... ok
test account::service::tests::device_request_rejects_invalid_email ... ok
test account::store::tests::account_store_round_trips_without_secrets ... ok
test agent_detect::independent_probe::probe_bare_shell_prompt_empty_title_returns_none ... ok
test agent_detect::independent_probe::probe_build_log_with_waiting_does_not_return_blocked ... ok
test agent_detect::independent_probe::probe_dev_server_stop_hint_does_not_fabricate_working ... ok
test agent_detect::independent_probe::probe_generic_selection_and_esc_cancel_do_not_fabricate_copilot ... ok
test agent_detect::independent_probe::probe_git_log_mentioning_prompt_words_does_not_fabricate_blocked ... ok
test agent_detect::independent_probe::probe_git_log_with_quoted_prompt_words_returns_none ... ok
test agent_detect::independent_probe::probe_measured_bare_titles_alone_do_not_fabricate_state ... ok
test agent_detect::independent_probe::probe_omo_real_permission_choices_reach_blocked ... ok
test agent_detect::independent_probe::probe_ordinary_shell_output_does_not_fabricate_working ... ok
test agent_detect::independent_probe::probe_permission_screen_reaches_blocked ... ok
test agent_detect::independent_probe::probe_plain_ls_la_output_returns_none ... ok
test agent_detect::independent_probe::probe_working_screen_reaches_working_for_agents_with_no_status_title ... ok
test agent_detect::independent_probe::probe_working_then_unclassifiable_screen_holds_working ... ok
test agent_detect::tests::test_every_shipped_manifest_loads_and_validates ... ok
test agent_detect::tests::test_nested_any_all_composition ... ok
test agent_detect::tests::test_no_match_holds_previous_state ... ok
test agent_detect::tests::test_not_veto_suppresses_match ... ok
test agent_detect::tests::test_per_agent_realistic_screens ... ok
test agent_detect::tests::test_priority_ordering_higher_priority_wins ... ok
test agent_detect::tests::test_region_scoping_bottom_lines ... ok
test agent_detect::tests::test_skip_state_update_holds_previous_state ... ok
test browser::find::tests::find_script_counts_with_the_same_engine_that_highlights ... ok
test browser::find::tests::find_script_json_encodes_query_and_direction ... ok
test browser::find::tests::find_script_restores_selection_and_scroll_before_searching ... ok
test browser::find::tests::parses_tauri_find_callback_payload ... ok
test browser::guest::tests::bridge_script_captures_nonce_carrying_builtins_at_document_start ... ok
test browser::guest::tests::guest_bridge_covers_popup_download_shortcuts_and_url_drop ... ok
test browser::guest::tests::guest_control_urls_require_matching_nonce ... ok
test browser::guest::tests::parses_bridge_actions_and_ignores_normal_navigation ... ok
test browser::guest::tests::test_console_drain_script_and_parser ... ok
test browser::model::tests::test_r5_15_wait_condition_string_and_tagged_deserialization ... ok
test browser::model::tests::test_r6_13_wait_condition_with_timeout_serde_roundtrip ... ok
test browser::picker::tests::element_pick_report_crops_png_into_design_snapshot ... ok
test browser::picker::tests::element_pick_report_rejects_empty_rect ... ok
test browser::picker::tests::element_pick_report_scales_crop_by_device_pixel_ratio ... ok
test browser::picker::tests::element_pick_to_design_snapshot_stores_cropped_png_and_rect ... ok
test browser::picker::tests::parses_element_pick_fields ... ok
test browser::picker::tests::picker_script_can_be_removed_and_reports_device_pixels ... ok
test browser::picker::tests::rejects_element_pick_without_html ... ok
test browser::picker::tests::unwraps_eval_quoted_element_pick ... ok
test browser::remote_bridge_protocol::tests::test_16b_binary_envelope_codec ... ok
test browser::remote_bridge_protocol::tests::test_binary_envelope_validation_rejects_corrupt ... ok
test browser::remote_bridge_protocol::tests::test_framed_ipc_codec ... ok
test browser::remote_bridge_protocol::tests::test_r4_5_bridge_sharing_state_dto ... ok
test browser::remote_bridge_protocol::tests::test_r4_9_bridge_snapshot_catalogue_dto ... ok
test browser::remote_driver::tests::test_driver_lease_claim_and_expiry ... ok
test browser::remote_driver::tests::test_driver_lease_desktop_reclaim ... ok
test browser::remote_driver::tests::test_driver_lease_heartbeat_renewal ... ok
test browser::remote_driver::tests::test_driver_lease_no_auto_takeover ... ok
test browser::remote_driver::tests::test_driver_lease_release_and_race ... ok
test browser::remote_driver::tests::test_r6_8_claim_with_epoch_rejects_stale_and_decreasing_epochs ... ok
test browser::remote_input::tests::test_eval_64k_cap_and_approval ... ok
test browser::remote_input::tests::test_keypress_allowlist ... ok
test browser::remote_input::tests::test_point_input_mainframe_only ... ok
test browser::remote_input::tests::test_point_input_rejects_iframe_canvas_dialog ... ok
test browser::remote_input::tests::test_point_input_rejects_out_of_bounds_and_nan ... ok
test browser::remote_input::tests::test_r5_6_decode_action_result_rejects_missing_target ... ok
test browser::remote_input::tests::test_reference_click_and_fill ... ok
test browser::remote_service::tests::test_budget_concurrency_limits ... ok
test browser::remote_service::tests::test_latest_only_frame_admission ... ok
test browser::remote_service::tests::test_producer_pauses_on_zero_subscribers ... ok
test browser::remote_service::tests::test_r5_9_producer_ticket_drops_frame_on_instance_replacement ... ok
test browser::remote_service::tests::test_r6_9_receiver_disconnect_stops_gui_capture ... ok
test browser::remote_service::tests::test_snapshot_map_revision_check ... ok
test browser::remote_service::tests::test_stale_rejections_and_identity ... ok
test browser::remote_service_tests::test_concurrency_budget_max_viewers_and_captured_browsers ... ok
test browser::remote_service_tests::test_concurrency_budget_single_global_driver ... ok
test browser::remote_service_tests::test_dom_snapshot_map_revision_url_change_increments_revision ... ok
test browser::remote_service_tests::test_guard_verification_rejections ... ok
test browser::remote_service_tests::test_latest_only_frame_admission_and_oversized_drop ... ok
test browser::remote_service_tests::test_producer_lifecycle_pause_on_zero_subscribers_and_resume ... ok
test browser::remote_service_tests::test_r1_r2_codec_unification_and_public_protocol_acceptance ... ok
test browser::remote_service_tests::test_r4_7_producer_frame_sampled_before_generation_bump_is_dropped ... ok
test browser::remote_service_tests::test_r4_7_producer_visibility_loss_halts_publication ... ok
test browser::remote_service_tests::test_r7_native_capture_permit_retention_across_producer_restart_on_timeout ... ok
test browser::remote_service_tests::test_r7_producer_abort_handle_cancellation_and_resubscription ... ok
test browser::remote_service_tests::test_r9_remote_reference_operations_require_snapshot_and_revision ... ok
test browser::remote_service_tests::test_real_capture_producer_streaming_and_pause_on_zero_subscribers ... ok
test browser::remote_service_tests::test_remote_browser_operation_validation_and_legacy_isolation ... ok
test browser::remote_service_tests::test_remote_snapshot_reference_namespace_isolation ... ok
test browser::screenshot::tests::test_resolve_screenshot_path ... ok
test browser::screenshot::tests::test_take_browser_screenshot_with_source_png_file_contract ... ok
test browser::screenshot::tests::test_take_browser_screenshot_with_source_unsupported_propagates ... ok
test browser::snapshot_source::tests::test_coordinator_duplicate_and_late_calls ... ok
test browser::snapshot_source::tests::test_snapshot_bitmap_failure ... ok
test browser::snapshot_source::tests::test_snapshot_callback_timeout_no_callback ... ok
test browser::snapshot_source::tests::test_snapshot_close_after_callback ... ok
test browser::snapshot_source::tests::test_snapshot_duplicate_callback ... ok
test browser::snapshot_source::tests::test_snapshot_encode_failure ... ok
test browser::snapshot_source::tests::test_snapshot_jpeg_success ... ok
test browser::snapshot_source::tests::test_snapshot_late_arrival_after_timeout ... ok
test browser::snapshot_source::tests::test_snapshot_native_error ... ok
test browser::snapshot_source::tests::test_snapshot_null_image ... ok
test browser::snapshot_source::tests::test_snapshot_platform_unsupported ... ok
test browser::snapshot_source::tests::test_snapshot_png_success ... ok
test browser::snapshot_source::tests::test_snapshot_webview_missing ... ok
test browser::snapshot_source::tests::test_unsupported_capability_matches_capture_error_contract ... ok
test browser::snapshot_source_tests::test_capture_dimension_clamping_and_pixel_limits ... ok
test browser::snapshot_source_tests::test_coordinator_close_after_callback_safety ... ok
test browser::snapshot_source_tests::test_coordinator_duplicate_callback_suppression ... ok
test browser::snapshot_source_tests::test_coordinator_late_callback_arrival_after_timeout ... ok
test browser::snapshot_source_tests::test_coordinator_late_callback_quarantine_and_permit_release ... ok
test browser::snapshot_source_tests::test_coordinator_single_use_delivery ... ok
test browser::snapshot_source_tests::test_platform_unsupported_error_propagation ... ok
test browser::snapshot_source_tests::test_snapshot_error_bitmap_conversion_failure ... ok
test browser::snapshot_source_tests::test_snapshot_error_image_encode_failure ... ok
test browser::snapshot_source_tests::test_snapshot_error_native_capture_failure ... ok
test browser::snapshot_source_tests::test_snapshot_error_null_image_data ... ok
test browser::snapshot_source_tests::test_snapshot_error_webview_missing ... ok
test browser::snapshot_source_tests::test_snapshot_source_jpeg_quality_capture ... ok
test browser::snapshot_source_tests::test_snapshot_source_png_capture ... ok
test browser::tests::engine_history_flags_win_over_the_shadow_vector ... ok
test browser::tests::history_stack_truncates_forward_entries_after_new_navigation ... ok
test browser::tests::named_profile_ids_round_trip_as_strings ... ok
test browser::tests::native_history_invalidates_same_url_snapshot ... ok
test browser::tests::restored_browser_id_and_zoom_are_preserved_by_manager ... ok
test browser::tests::test_browser_automation_target_rejects_stale_generation ... ok
test browser::tests::test_browser_automation_target_requires_current_snapshot_reference ... ok
test browser::tests::test_browser_manager_get_bounds_and_visibility ... ok
test browser::tests::test_browser_manager_lifecycle ... ok
test browser::tests::test_cmd_browser_navigate_returns_webview_not_found_when_webview_missing ... ok
test browser::tests::test_cmd_browser_set_bounds_returns_webview_not_found_when_webview_missing ... ok
test browser::tests::test_cmd_browser_set_visible_returns_webview_not_found_when_webview_missing ... ok
test browser::tests::test_default_desktop_user_agent ... ok
test browser::tests::test_history_navigation_marks_loading_without_overwriting_url ... ok
test browser::tests::test_imported_cookie_converts_to_tauri_cookie ... ok
test browser::tests::test_page_load_url_change_invalidates_automation_targets ... ok
test browser::tests::test_register_session_falls_back_to_generated_id_for_unsafe_browser_ids ... ok
test browser::tests::test_validate_url ... ok
test browser::tests::test_validate_url_rejects_embedded_credentials_and_overlong_urls ... ok
test browser::tests::test_webview_not_found_ipc_error_mapping ... ok
test cli::tests::account_enroll_cli_parses_code_and_optional_origin ... ok
test cli::tests::account_login_cli_parses_email_and_optional_origin ... ok
test cli::tests::browser_cli_request_mappings ... ok
test cli::tests::browser_cli_unknown_subcommand_and_usage ... ok
test cli::tests::browser_click_cli_preserves_generation_and_reference ... ok
test cli::tests::browser_close_cli_happy_and_missing ... ok
test cli::tests::browser_console_and_errors_cli_parsing ... ok
test cli::tests::browser_cookies_cli_parsing ... ok
test cli::tests::browser_eval_cli_parsing ... ok
test cli::tests::browser_fill_cli_preserves_generation_reference_and_value ... ok
test cli::tests::browser_focus_cli_parsing ... ok
test cli::tests::browser_formatter_prints_only_url_or_title_from_snapshot ... ok
test cli::tests::browser_identify_cli_happy ... ok
test cli::tests::browser_keypress_cli_preserves_generation_and_key ... ok
test cli::tests::browser_list_cli_parses_without_browser_id ... ok
test cli::tests::browser_navigate_cli_happy_and_missing ... ok
test cli::tests::browser_open_cli_env_var_defaults ... ok
test cli::tests::browser_open_cli_happy_path ... ok
test cli::tests::browser_open_cli_missing_options ... ok
test cli::tests::browser_screenshot_cli_parsing ... ok
test cli::tests::browser_snapshot_cli_requires_browser_id ... ok
test cli::tests::browser_storage_cli_parsing ... ok
test cli::tests::browser_title_cli_happy_and_missing ... ok
test cli::tests::browser_url_cli_happy_and_missing ... ok
test cli::tests::browser_wait_cli_parsing ... ok
test cli::tests::handover_from_rejects_a_missing_or_option_like_value ... ok
test cli::tests::headless_logging_child ... ok
test cli::tests::headless_primary_service_survives_logging_failures ... ok
test cli::tests::headless_release_reasons_reach_private_bounded_sink ... ok
test cli::tests::pair_generate_requires_account ... ok
test cli::tests::test_parse_launch_mode_default_is_gui ... ok
test cli::tests::test_parse_launch_mode_detects_daemon_flag ... ok
test cli::tests::test_parse_launch_mode_ignores_other_flags ... ok
test clipboard_image::tests::an_empty_pasteboard_payload_never_becomes_a_clipboard_image ... ok
test clipboard_image::tests::bottom_up_24bpp_dib_is_flipped_and_converted_to_rgba ... ok
test clipboard_image::tests::real_alpha_channel_survives ... ok
test clipboard_image::tests::save_paste_chunk_in_dir_assembles_multi_part_upload ... ok
test clipboard_image::tests::save_paste_file_in_dir_writes_file_and_prunes_stale_files ... ok
test clipboard_image::tests::save_paste_file_rejects_path_traversal_and_invalid_names ... ok
test clipboard_image::tests::top_down_dib_keeps_row_order ... ok
test clipboard_image::tests::unsupported_and_truncated_bitmaps_are_rejected ... ok
test clipboard_image::tests::zeroed_alpha_channel_is_treated_as_opaque ... ok
test daemon::agent_extension::p09_tests::userprofile_only_installs_existing_agent_extensions ... ok
test daemon::agent_extension::tests::bundled_extension_derives_provider_session_from_session_manager ... ok
test daemon::agent_extension::tests::bundled_extension_publishes_a_rotated_provider_session ... ok
test daemon::agent_extension::tests::bundled_extension_reports_only_known_states ... ok
test daemon::agent_extension::tests::install_skips_absent_directory ... ok
test daemon::agent_extension::tests::install_writes_then_becomes_idempotent ... ok
test daemon::agent_state::tests::a_new_agent_process_re_arms_a_released_session ... ok
test daemon::agent_state::tests::agent_to_shell_transition_releases_state ... ok
test daemon::agent_state::tests::canonical_report_wins_over_stale_and_duplicate_legacy_reports ... ok
test daemon::agent_state::tests::lag_recovery_reads_retained_current_state ... ok
test daemon::agent_state::tests::lag_resynchronization_discards_queued_states_older_than_snapshot ... ok
test daemon::agent_state::tests::legacy_working_blocked_idle_edges_are_not_coalesced ... ok
test daemon::agent_state::tests::local_working_blocked_idle_edges_are_not_coalesced ... ok
test daemon::agent_state::tests::manual_reset_clears_state_and_recovers_on_next_transition ... ok
test daemon::agent_state::tests::predecessor_backlog_is_a_quiet_baseline_not_a_new_completion ... ok
test daemon::agent_state::tests::predecessor_snapshot_does_not_overwrite_newer_predecessor_transition ... ok
test daemon::agent_state::tests::quiet_agent_with_no_output_and_live_process_is_not_released ... ok
test daemon::agent_state::tests::released_state_is_distinguishable_from_an_agents_own_idle_report ... ok
test daemon::agent_state::tests::removing_session_clears_retained_snapshot ... ok
test daemon::client::paired_host_compatibility_tests::old_daemon_unknown_capability_never_receives_upgrade_or_secret ... ok
test daemon::client::tasklist_identity_tests::a_daemon_that_could_not_be_terminated_keeps_its_endpoint_files ... ok
test daemon::client::tasklist_identity_tests::a_probe_that_could_not_answer_is_unknown_never_absent ... ok
test daemon::client::tasklist_identity_tests::a_successful_probe_without_the_pid_is_absent ... ok
test daemon::client::tasklist_identity_tests::csv_fields_keep_commas_inside_quotes_and_empty_fields ... ok
test daemon::client::tasklist_identity_tests::image_name_is_read_from_the_exact_pid_column ... ok
test daemon::client::tasklist_identity_tests::liveness_is_alive_only_when_a_successful_probe_lists_the_pid ... ok
test daemon::client::tasklist_identity_tests::missing_process_and_filter_info_line_report_no_process ... ok
test daemon::client::tasklist_identity_tests::only_the_running_ferryx_image_matches ... ok
test daemon::client::tasklist_identity_tests::pid_inside_another_rows_fields_is_not_the_requested_process ... ok
test daemon::client::tasklist_identity_tests::unknown_executable_name_never_matches ... ok
test daemon::client::tests::p08_upgrade_rpc_inherits_admission ... ok
test daemon::client::tests::remote_input_socket_sessions_do_not_block_each_other ... ok
test daemon::client::tests::ssh_reconnect_safety_desktop_encoded_input_retains_generation_and_typed_failure ... ok
test daemon::client::tests::ssh_reconnect_safety_desktop_missing_generation_never_uses_legacy_write ... ok
test daemon::client::tests::ssh_reconnect_safety_desktop_remote_control_is_not_queued ... ok
test daemon::client::tests::test_attach_arbitrary_error_not_session_not_found ... ok
test daemon::client::tests::test_attach_malformed_overlapping_not_found_message_does_not_panic ... ok
test daemon::client::tests::test_attach_session_not_found_exact_match ... ok
test daemon::client::tests::test_attach_session_not_found_wrong_id ... ok
test daemon::client::tests::test_client_attach_retains_write_half_until_abort ... ok
test daemon::client::tests::test_client_dedicated_attach_stream_does_not_monopolize_control_connection ... ok
test daemon::client::tests::test_client_handshake_read_times_out ... ok
test daemon::client::tests::test_client_reconnects_transparently_when_socket_dropped ... ok
test daemon::client::tests::test_client_rejects_symlinked_socket_before_connecting ... ok
test daemon::client::tests::test_client_rejects_wrong_uid_runtime_dir_before_connecting ... ok
test daemon::client::tests::test_client_reuses_persistent_connection_without_rehandshaking ... ok
test daemon::client::tests::test_client_spawn_describe_attach_write_cycle ... ok
test daemon::client::tests::test_client_workspace_registration_and_remote_apis ... ok
test daemon::client::tests::test_daemon_client_has_spawn_lock_for_single_flight ... ok
test daemon::client::tests::test_daemon_readiness_fails_immediately_when_daemon_process_dies ... ok
test daemon::client::tests::test_daemon_readiness_requires_exact_stdout_token_without_polling ... ok
test daemon::client::tests::test_daemon_ready_budget_covers_first_launch_signature_validation ... ok
test daemon::client::tests::test_mutating_request_is_not_retried_after_ambiguous_delivery ... ok
test daemon::client::tests::test_p07_attach_error_with_structured_session_not_found_ignores_divergent_message ... ok
test daemon::client::tests::test_p09_outer_budget_covers_all_underlying_phase_budgets ... ok
test daemon::client::tests::test_p09_paired_host_request_timeout_budget_and_ambiguity ... ok
test daemon::client::tests::test_protocol_mismatch_uses_stable_typed_code_and_versions ... ok
test daemon::client::tests::test_remote_set_active_selection_is_retry_safe ... ok
test daemon::client::tests::test_retry_safe_read_is_retried_after_ambiguous_delivery ... ok
test daemon::client::tests::test_should_request_upgrade_all_branches ... ok
test daemon::client::tests::test_subscribe_dag_releases_idle_transport_when_receiver_dropped ... ok
test daemon::client::tests::worktree_mutations_are_never_blindly_resent ... ok
test daemon::client::transport_pair_tests::a_rejected_credential_is_reread_and_no_other_error_is ... ok
test daemon::client::transport_pair_tests::an_absent_or_empty_token_is_not_a_credential ... ok
test daemon::dag_service::tests::test_resolve_dag_runs_dir_variants ... ok
test daemon::dag_service::tests::test_scan_project_inventory_empty_on_missing ... ok
test daemon::handover::tests::cancelled_gateway_retains_close_operation_until_it_drains ... ok
test daemon::handover::tests::handover_commit_does_not_unlink_the_replacement_listener ... ok
test daemon::handover::tests::handover_commit_persists_legacy_route_before_releasing_ownership ... ok
test daemon::handover::tests::handover_commit_preserves_ownership_when_route_persistence_fails ... ok
test daemon::handover::tests::handover_v5_commit_retires_immediately_without_routes_or_socket_unlink ... ok
test daemon::handover::upgrade_action_tests::idle_restart_is_opt_in_only ... ok
test daemon::handover::upgrade_action_tests::only_declared_successors_wait_for_the_instance_lock ... ok
test daemon::handover::upgrade_action_tests::platform_without_session_transfer_may_proceed_when_no_session_is_live ... ok
test daemon::handover::upgrade_action_tests::platform_without_session_transfer_must_refuse_while_sessions_are_live ... ok
test daemon::handover::upgrade_action_tests::unix_session_transfer_keeps_proceeding_with_live_sessions ... ok
test daemon::handover_socket::tests::test_authority_frame_roundtrip ... ok
test daemon::handover_socket::tests::test_handover_listener_client_roundtrip ... ok
test daemon::handover_transaction::tests::test_commit_nonce_validation ... ok
test daemon::handover_transaction::tests::test_duplicate_frame_detected_and_prior_ack_replayed ... ok
test daemon::handover_transaction::tests::test_every_invalid_transition_rejected ... ok
test daemon::handover_transaction::tests::test_expected_fd_roles_tracking ... ok
test daemon::handover_transaction::tests::test_fingerprint_conflict_rejected ... ok
test daemon::handover_transaction::tests::test_frame_conflict_different_content_rejected ... ok
test daemon::handover_transaction::tests::test_frame_out_of_order_rejected ... ok
test daemon::handover_transaction::tests::test_frame_rejected_when_not_in_transferring_state ... ok
test daemon::handover_transaction::tests::test_frame_transfer_id_mismatch_rejected ... ok
test daemon::handover_transaction::tests::test_happy_lifecycle_through_every_state ... ok
test daemon::handover_transaction::tests::test_idempotent_retry_replays_result ... ok
test daemon::handover_transaction::tests::test_pre_commit_rollback_to_active_from_every_pre_commit_state ... ok
test daemon::handover_transaction::tests::test_rollback_from_active_rejected ... ok
test daemon::handover_transaction::tests::test_rollback_from_retired_rejected ... ok
test daemon::handover_transaction::tests::test_serde_json_roundtrip ... ok
test daemon::handover_wire::tests::bad_transfer_id_is_rejected_on_decode ... ok
test daemon::handover_wire::tests::closed_peer_yields_closed_error ... ok
test daemon::handover_wire::tests::fd_count_mismatch_is_rejected ... ok
test daemon::handover_wire::tests::oversize_payload_is_rejected ... ok
test daemon::handover_wire::tests::peer_credentials_match_self ... ok
test daemon::handover_wire::tests::reserved_flags_are_rejected ... ok
test daemon::handover_wire::tests::roundtrip_with_fds ... ok
test daemon::handover_wire::tests::roundtrip_zero_fds ... ok
test daemon::handover_wire::tests::truncated_control_is_rejected ... ok
test daemon::launchd::tests::test_generate_plist_contains_required_fields ... ok
test daemon::launchd::tests::test_uninstall_surfaces_launchctl_failure ... ok
test daemon::logging::tests::full_log_discards_old_records_before_appending ... ok
test daemon::manifest::tests::handover_manifest_update_excludes_other_file_handles ... ok
test daemon::manifest::tests::handover_manifest_update_preserves_unreadable_route_data ... ok
test daemon::manifest::tests::test_handover_manifest_remove_multiple_unreachable_routes ... ok
test daemon::manifest::tests::test_handover_manifest_save_load_prune ... ok
test daemon::protocol::tests::agent_state_origin_defaults_to_self_reported_and_survives_the_wire ... ok
test daemon::protocol::tests::agent_state_report_treats_malformed_provider_session_as_absent ... ok
test daemon::protocol::tests::agent_state_snapshot_flag_is_backward_compatible ... ok
test daemon::protocol::tests::agent_state_snapshot_flag_survives_wire_roundtrip ... ok
test daemon::protocol::tests::agent_state_stream_serializes_authoritative_provider_session ... ok
test daemon::protocol::tests::describe_details_decode_without_last_output_age_ms ... ok
test daemon::protocol::tests::test_daemon_request_write_and_response_attach_base64 ... ok
test daemon::protocol::tests::test_daemon_stream_message_compact_base64_encoding ... ok
test daemon::protocol::tests::test_daemon_stream_message_gap_roundtrip ... ok
test daemon::protocol::tests::test_daemon_stream_message_lagged_replay_is_delta_wire_states ... ok
test daemon::protocol::tests::test_daemon_stream_message_lagged_with_replay_gap_roundtrip ... ok
test daemon::protocol::tests::test_dag_streaming_protocol_serde ... ok
test daemon::protocol::tests::test_describe_session_and_spawn_v2_serde ... ok
test daemon::protocol::tests::test_handover_protocol_serde_roundtrip ... ok
test daemon::protocol::tests::test_handshake_token_wire_shape_and_backward_compatibility ... ok
test daemon::protocol::tests::test_legacy_lagged_payload_without_marker_parses_as_absent ... ok
test daemon::protocol::tests::test_protocol_mismatch_response_is_typed ... ok
test daemon::protocol::tests::test_protocol_v4_handshake_and_list_sessions_epoch ... ok
test daemon::protocol::tests::test_register_workspace_and_remote_commands_serde ... ok
test daemon::protocol::tests::test_spawn_shell_field_roundtrip_and_backward_compatibility ... ok
test daemon::protocol::tests::test_spawn_with_agent_resume_startup_roundtrip ... ok
test daemon::protocol::tests::test_upgrade_binary_protocol_serde_roundtrip ... ok
test daemon::protocol::tests::upload_clipboard_image_protocol_round_trip ... ok
test daemon::server::a03_owner_cli_fixture::a03_private_owner_cli_surface ... 
running 1 test
A03 UDS protocol=5 exact_owner_pid=50260 capabilities=machinePairingV1,sshPasswordV1,dagStreamingV1,pairedHostInventoryV1,sessionOwnershipTransferV1 legacy_ping=pong
A03 CLI pid=50294 exited=2 reaped=true
A03 AUTHORITY Access: mirror (account grant)
A03 CLI pid=50528 exited=2 reaped=true
A13 REPEAT issuance=1 owner_cli=0 exchange=200 scope=Machine permission=Control stale_pin_refused=true
A03 CLI pid=50611 exited=2 reaped=true
A13 REPEAT issuance=2 owner_cli=0 exchange=200 scope=Machine permission=Control stale_pin_refused=true
A03 DIRECTORY scope=Mirror status=403 native_projection_verified=false sentinel_unchanged=true sessions_status=403
A03 UDS protocol=5 exact_owner_pid=50260 capabilities=machinePairingV1,sshPasswordV1,dagStreamingV1,pairedHostInventoryV1,sessionOwnershipTransferV1 legacy_ping=pong
A03 CAPABILITIES {"accessScope":"mirror","apiVersion":1,"browser":{"browserAvailable":false,"maxEdge":2048,"maxFps":8,"supportedCommands":["navigate","back","forward","reload","click","fill","keypress","eval","wait","getState"],"supportedFormats":["jpeg","png"]},"capabilities":[],"daemonEpoch":"1790297216464","limits":{"directoryEntries":1000,"terminalSessions":64},"machineId":"86e1d6c0-a293-4a94-be22-1f719c67ec15","permission":"control","platform":"macos"}
A03 SURFACE scope=Mirror permission=Control relay_exchange=200 capabilities=200 anonymous=401 revoked=401 machine_capabilities=[]
A03 UDS protocol=5 exact_owner_pid=50260 capabilities=machinePairingV1,sshPasswordV1,dagStreamingV1,pairedHostInventoryV1,sessionOwnershipTransferV1 legacy_ping=pong
A03 CLI pid=50688 exited=2 reaped=true
A03 AUTHORITY Access: machine (account grant)
A03 CLI pid=50689 exited=2 reaped=true
A13 REPEAT issuance=1 owner_cli=0 exchange=200 scope=Machine permission=Control stale_pin_refused=true
A03 CLI pid=50705 exited=2 reaped=true
A13 REPEAT issuance=2 owner_cli=0 exchange=200 scope=Machine permission=Control stale_pin_refused=true
A03 DIRECTORY scope=Machine status=200 native_projection_verified=true sentinel_unchanged=true sessions_status=400
A03 UDS protocol=5 exact_owner_pid=50260 capabilities=machinePairingV1,sshPasswordV1,dagStreamingV1,pairedHostInventoryV1,sessionOwnershipTransferV1 legacy_ping=pong
A03 CAPABILITIES {"accessScope":"machine","apiVersion":1,"browser":{"browserAvailable":false,"maxEdge":2048,"maxFps":8,"supportedCommands":["navigate","back","forward","reload","click","fill","keypress","eval","wait","getState"],"supportedFormats":["jpeg","png"]},"capabilities":["directoryBrowseV1","machineWorkspaceV1","managedWorktreesV1","pairedPasteUploadV1","terminalCreateV1","terminalStreamV1","dagStreamingV1"],"daemonEpoch":"1790297217149","limits":{"directoryEntries":1000,"terminalSessions":64},"machineId":"86e1d6c0-a293-4a94-be22-1f719c67ec15","permission":"control","platform":"macos"}
A03 SURFACE scope=Machine permission=Control relay_exchange=200 capabilities=200 anonymous=401 revoked=401 machine_capabilities=["directoryBrowseV1","machineWorkspaceV1","managedWorktreesV1","pairedPasteUploadV1","terminalCreateV1","terminalStreamV1","dagStreamingV1"]
A03 CLEANUP fixture_pid=50260 runtimes_stopped=true sockets_removed=true
test daemon::server::a03_owner_cli_fixture::a03_private_owner_cli_surface ... ok

test result: ok. 1 passed; 0 failed; 0 ignored; 0 measured; 2120 filtered out; finished in 0.84s

ok
test daemon::server::a04_shared_services_tests::a04_cleanup_failure_paths ... 
running 1 test
A04 AUTHORITY session=0x112d564b0 workspace=0x112d57aa0 backend=Pointer { addr: 0x112d564b0, metadata: DynMetadata(0x10bb1e1f8) }
A04 CLEANUP listener=IPC joined=true
A04 CLEANUP listeners_joined=true socket_removed=true closed=0 injection=IpcSetup errors=[]
test daemon::server::a04_shared_services_tests::a04_shared_authority_runtime ... ok

test result: ok. 1 passed; 0 failed; 0 ignored; 0 measured; 2120 filtered out; finished in 0.01s


running 1 test
A04 AUTHORITY session=0x11343fdd0 workspace=0x1134413e0 backend=Pointer { addr: 0x11343fdd0, metadata: DynMetadata(0x10c29e1f8) }
A04 CLEANUP listener=IPC joined=true
A04 CLEANUP listener=HTTP joined=true
A04 CLEANUP listeners_joined=true socket_removed=true closed=0 injection=HttpSetup errors=[]
test daemon::server::a04_shared_services_tests::a04_shared_authority_runtime ... ok

test result: ok. 1 passed; 0 failed; 0 ignored; 0 measured; 2120 filtered out; finished in 0.01s


running 1 test
A04 AUTHORITY session=0x112da7fa0 workspace=0x112da95d0 backend=Pointer { addr: 0x112da7fa0, metadata: DynMetadata(0x10bc761f8) }
A04 OWNED owner_pid=50782 session=1d619866-fad4-4ae8-8284-b33c4d466f59 pty_pid=50909 root=/private/tmp/a04-PdanP4
A04 CLEANUP listener=IPC joined=true
A04 CLEANUP listener=HTTP joined=true
A04 CLEANUP session=1d619866-fad4-4ae8-8284-b33c4d466f59 pty_pid=Some(50909) reaped=true
A04 CLEANUP listeners_joined=true socket_removed=true closed=1 injection=Scenario errors=[]
test daemon::server::a04_shared_services_tests::a04_shared_authority_runtime ... ok

test result: ok. 1 passed; 0 failed; 0 ignored; 0 measured; 2120 filtered out; finished in 1.29s


running 1 test
A04 AUTHORITY session=0x11397bdd0 workspace=0x11397d3e0 backend=Pointer { addr: 0x11397bdd0, metadata: DynMetadata(0x10c8861f8) }
A04 OWNED owner_pid=51548 session=bbaa8c53-0692-48b2-bb85-6354b2c91e09 pty_pid=51641 root=/private/tmp/a04-dCptDi
A04 OWNED owner_pid=51548 session=23531186-6de0-4371-94f5-ac2ede28c545 pty_pid=Some(51642) root=/private/tmp/a04-dCptDi
A04 LIVE owner_pid=51548 pty_pid=51641 ipc=/private/tmp/a04-dCptDi/fixture.sock http=127.0.0.1:49452 metadata={"session":{"cols":80,"cwd":"/private/tmp/a04-dCptDi/project","endSequence":null,"lastOutputAgeMs":null,"rows":24,"running":true,"sessionId":"bbaa8c53-0692-48b2-bb85-6354b2c91e09","startSequence":null,"workspaceId":"a04","worktree":null},"type":"describeSessionOk"} process_cwd=Some("/private/tmp/a04-dCptDi/project")
A04 HTTP status=200 sessions=[{"running":true,"sessionId":"23531186-6de0-4371-94f5-ac2ede28c545","title":"Terminal","workspaceId":"a04","worktreeLabel":"project"},{"running":true,"sessionId":"bbaa8c53-0692-48b2-bb85-6354b2c91e09","title":"Terminal","workspaceId":"a04","worktreeLabel":"project"}] registry_ipc=1 registry_http=1
A04 CLEANUP listener=IPC joined=true
A04 CLEANUP listener=HTTP joined=true
A04 CLEANUP session=bbaa8c53-0692-48b2-bb85-6354b2c91e09 pty_pid=Some(51641) reaped=true
A04 CLEANUP session=23531186-6de0-4371-94f5-ac2ede28c545 pty_pid=Some(51642) reaped=true
A04 CLEANUP listeners_joined=true socket_removed=true closed=2 injection=Cleanup errors=["close bbaa8c53-0692-48b2-bb85-6354b2c91e09: General error: injected close failure"]
test daemon::server::a04_shared_services_tests::a04_shared_authority_runtime ... ok

test result: ok. 1 passed; 0 failed; 0 ignored; 0 measured; 2120 filtered out; finished in 2.31s


running 1 test
A04 AUTHORITY session=0x10f2de4b0 workspace=0x10f2dfaa0 backend=Pointer { addr: 0x10f2de4b0, metadata: DynMetadata(0x1080fa1f8) }
A04 OWNED owner_pid=53054 session=30de8656-03a4-458d-9b6f-002c65c6c85b pty_pid=53172 root=/private/tmp/a04-asiFWk
A04 CLEANUP listener=IPC joined=true
A04 CLEANUP listener=HTTP joined=true
A04 CLEANUP session=30de8656-03a4-458d-9b6f-002c65c6c85b pty_pid=Some(53172) reaped=true
A04 CLEANUP listeners_joined=true socket_removed=true closed=1 injection=Cancel errors=[]
test daemon::server::a04_shared_services_tests::a04_shared_authority_runtime ... ok

test result: ok. 1 passed; 0 failed; 0 ignored; 0 measured; 2120 filtered out; finished in 0.16s


running 1 test
A04 AUTHORITY session=0x10efdfab0 workspace=0x10efe1040 backend=Pointer { addr: 0x10efdfab0, metadata: DynMetadata(0x107eee1f8) }
A04 OWNED owner_pid=53227 session=133f8e92-f3be-42d6-b358-8777bfb31f2e pty_pid=53341 root=/private/tmp/a04-wss4J1
A04 CLEANUP listener=IPC joined=true
A04 CLEANUP listener=HTTP joined=true
A04 CLEANUP session=133f8e92-f3be-42d6-b358-8777bfb31f2e pty_pid=Some(53341) reaped=true
A04 CLEANUP listeners_joined=true socket_removed=true closed=1 injection=Deadline errors=[]
test daemon::server::a04_shared_services_tests::a04_shared_authority_runtime ... ok

test result: ok. 1 passed; 0 failed; 0 ignored; 0 measured; 2120 filtered out; finished in 0.15s

ok
test daemon::server::a04_shared_services_tests::a04_legacy_constructors_have_no_machine_authority ... ok
test daemon::server::a04_shared_services_tests::a04_services_have_no_strong_owner_cycle ... ok
test daemon::server::a04_shared_services_tests::a04_shared_authority_runtime ... 
running 1 test
A04 AUTHORITY session=0x1134cbd00 workspace=0x1134cd300 backend=Pointer { addr: 0x1134cbd00, metadata: DynMetadata(0x10c2e21f8) }
A04 OWNED owner_pid=53374 session=270331e9-c656-422d-8f78-aebccb4d976d pty_pid=53475 root=/private/tmp/a04-gRYFSM
A04 LIVE owner_pid=53374 pty_pid=53475 ipc=/private/tmp/a04-gRYFSM/fixture.sock http=127.0.0.1:49480 metadata={"session":{"cols":80,"cwd":"/private/tmp/a04-gRYFSM/project","endSequence":null,"lastOutputAgeMs":null,"rows":24,"running":true,"sessionId":"270331e9-c656-422d-8f78-aebccb4d976d","startSequence":null,"workspaceId":"a04","worktree":null},"type":"describeSessionOk"} process_cwd=Some("/private/tmp/a04-gRYFSM/project")
A04 HTTP status=200 sessions=[{"running":true,"sessionId":"270331e9-c656-422d-8f78-aebccb4d976d","title":"Terminal","workspaceId":"a04","worktreeLabel":"project"}] registry_ipc=1 registry_http=1
A04 CLEANUP listener=IPC joined=true
A04 CLEANUP listener=HTTP joined=true
A04 CLEANUP session=270331e9-c656-422d-8f78-aebccb4d976d pty_pid=Some(53475) reaped=true
A04 CLEANUP listeners_joined=true socket_removed=true closed=1 injection=None errors=[]
test daemon::server::a04_shared_services_tests::a04_shared_authority_runtime ... ok

test result: ok. 1 passed; 0 failed; 0 ignored; 0 measured; 2120 filtered out; finished in 1.23s

ok
test daemon::server::a05_compatibility_tests::catalog_constructor_child ... ok
test daemon::server::a05_compatibility_tests::catalog_constructor_isolation ... 
running 1 test
CONSTRUCTOR cleanup first=/var/folders/zh/7cc25lt91b1_dj577306nwdh0000gn/T/.tmpQivod9/.tmpsL9WSN second=/var/folders/zh/7cc25lt91b1_dj577306nwdh0000gn/T/.tmpQivod9/.tmpXtSdYN absent=true sentinel_unchanged=true
test daemon::server::a05_compatibility_tests::catalog_constructor_child ... ok

test result: ok. 1 passed; 0 failed; 0 ignored; 0 measured; 2120 filtered out; finished in 0.10s

ok
test daemon::server::a05_compatibility_tests::catalog_ssh_unregister_compatibility ... ok
test daemon::server::agent_state_transport_tests::a_bound_ingress_is_not_recorded_as_unavailable ... ok
test daemon::server::agent_state_transport_tests::a_failed_rendezvous_publish_leaves_no_endpoint_to_report ... ok
test daemon::server::agent_state_transport_tests::agent_state_endpoint_is_absent_until_the_ingress_binds ... ok
test daemon::server::agent_state_transport_tests::agent_state_rendezvous_record_sits_beside_the_socket ... ok
test daemon::server::agent_state_transport_tests::readiness_is_released_only_after_the_ingress_failure_is_recorded ... ok
test daemon::server::agent_state_transport_tests::rendezvous_publish_writes_the_port_and_the_token_as_one_file ... ok
test daemon::server::agent_state_transport_tests::the_port_is_published_only_after_the_token_that_authenticates_it ... ok
test daemon::server::agent_state_transport_tests::transport_token_is_read_from_the_request_line ... ok
test daemon::server::agent_state_transport_tests::transport_token_matches_only_the_exact_credential ... ok
test daemon::server::instance_lock_deadline_tests::expired_wait_window_never_attempts_or_acquires_instance_lock ... ok
test daemon::server::machine_gateway::tests::idle_connection_expires_when_peer_sends_no_request ... ok
test daemon::server::paired_host_native_tests::native_daemon_relay_inventory_roundtrip ... ok
test daemon::server::paired_host_operation_tests::native_operations_force_relay_equal_paths_restart ... ok
test daemon::server::paired_host_process_tests::paired_host_process_child ... ok
test daemon::server::paired_host_process_tests::paired_host_separate_process_restart ... ok
test daemon::server::remote_ssh_tests::direct_ssh_real_transport_registration_and_pty ... ok
test daemon::server::remote_ssh_tests::remote_persistence_migrates_out_of_volatile_runtime_dir ... ok
test daemon::server::remote_ssh_tests::remote_persistence_migration_child ... ok
test daemon::server::remote_ssh_tests::remote_persistence_migration_recovers_from_partial_durable_file ... ok
test daemon::server::session_path_tests::session_path_dev_uses_isolated_path_without_override ... ok
test daemon::server::session_path_tests::session_path_override_wins_for_dev ... ok
test daemon::server::session_path_tests::session_path_override_wins_for_release ... ok
test daemon::server::session_path_tests::session_path_release_preserves_existing_path_without_override ... ok
test daemon::server::ssh_survival_tests::ssh_daemon_restart_restores_identity_without_local_pty ... ok
test daemon::server::ssh_survival_tests::ssh_handover_persistence_keeps_predecessor_owned_records ... ok
test daemon::server::ssh_survival_tests::ssh_handover_persistence_read_failure_preserves_snapshot ... ok
test daemon::server::ssh_survival_tests::ssh_handover_predecessor_retire_keeps_successor_records ... ok
test daemon::server::ssh_survival_tests::ssh_handover_remote_details_fall_back_when_peer_lacks_session ... ok
test daemon::server::ssh_survival_tests::ssh_handover_remote_details_forward_unrelated_errors_verbatim ... ok
test daemon::server::ssh_survival_tests::ssh_handover_remote_details_route_to_legacy_peer_instead_of_null ... ok
test daemon::server::ssh_survival_tests::ssh_handover_retry_routes_to_owner_runtime ... ok
test daemon::server::ssh_survival_tests::ssh_reconnect_safety_atomic_attach_remote_generation_consistency ... ok
test daemon::server::ssh_survival_tests::ssh_reconnect_safety_gap_precedes_recovered_output ... ok
test daemon::server::ssh_survival_tests::ssh_reconnect_safety_proxy_preserves_gap_marker ... ok
test daemon::server::ssh_survival_tests::ssh_reconnect_safety_retry_is_additive_protocol ... ok
test daemon::server::tests::agent_state_report_reaches_only_its_own_session_stream ... ok
test daemon::server::tests::agent_state_reports_are_parsed_and_filtered ... ok
test daemon::server::tests::attach_resynchronizes_agent_state_reported_before_subscription ... ok
test daemon::server::tests::p08_remote_cwd_aliases_preserve_relative_path ... ok
test daemon::server::tests::resolve_upgrade_target_exe_only_resolves_paths_that_exist ... ok
test daemon::server::tests::test_agent_resume_competing_claim_conflicts_and_releases ... ok
test daemon::server::tests::test_agent_resume_failed_spawn_does_not_leak_claim ... ok
test daemon::server::tests::test_agent_resume_idempotency_fingerprint_includes_full_startup_payload ... ok
test daemon::server::tests::test_agent_resume_identical_request_is_one_spawn ... ok
test daemon::server::tests::test_agent_resume_production_spawn_path_fences_duplicates_and_conflicts ... ok
test daemon::server::tests::test_binary_identity_helper_pure_and_injection ... ok
test daemon::server::tests::test_clear_cloexec_and_fd_inheritance_across_exec ... ok
test daemon::server::tests::test_daemon_exclusive_lock_semantics_rejects_duplicates_and_releases_on_drop ... ok
test daemon::server::tests::test_daemon_production_configure_gated_status_projection ... ok
test daemon::server::tests::test_daemon_remote_gateway_lifecycle_and_commands ... ok
test daemon::server::tests::test_handle_client_upload_clipboard_image ... ok
test daemon::server::tests::test_handle_upgrade_binary_idempotent_when_not_needed ... ok
test daemon::server::tests::test_idle_stream_client_disconnect_terminates_pump ... ok
test daemon::server::tests::test_idle_stream_handle_client_attach_disconnect_terminates ... ok
test daemon::server::tests::test_legacy_peer_attach_and_stream_client_eof_drops_legacy_connection ... ok
test daemon::server::tests::test_legacy_peer_attach_session_receiver_drop_terminates_reader ... ok
test daemon::server::tests::test_normalize_process_cwd_windows_verbatim_paths ... ok
test daemon::server::tests::test_omo_resume_cwd_cannot_escape_workspace ... ok
test daemon::server::tests::test_p14_daemon_wires_paired_host_inventory_event_sink ... ok
test daemon::server::tests::test_persistent_daemon_lock_creates_only_dedicated_secure_directory ... ok
test daemon::server::tests::test_persistent_daemon_lock_survives_legacy_tmp_lock_replacement ... ok
test daemon::server::tests::test_persistent_lock_filename_is_profile_aware ... ok
test daemon::server::tests::test_pump_stream_compact_framing_and_exit ... ok
test daemon::server::tests::test_remote_create_pairing_code_fresh_off_auto_configures_relay ... ok
test daemon::server::tests::test_remote_create_pairing_code_local_mode_creates_local_pin ... ok
test daemon::server::tests::test_remote_create_pairing_code_relay_unreachable_returns_error ... ok
test daemon::server::tests::test_remote_create_pairing_code_with_relay_returns_effective_relay_url ... ok
test daemon::server::tests::test_remote_select_request_reaches_a_subscribed_desktop_client ... ok
test daemon::server::tests::test_runtime_dir_and_socket_symlink_protection ... ok
test daemon::server::tests::test_runtime_node_modes_are_enforced ... ok
test daemon::server::tests::test_runtime_paths_are_profile_aware ... ok
test daemon::server::tests::test_serve_dag_stream_inventory_and_unsubscribe ... ok
test daemon::server::tests::test_server_attach_with_after_sequence_and_snapshot ... ok
test daemon::server::tests::test_server_describe_nonexistent_session ... ok
test daemon::server::tests::test_server_epoch_in_handshake_and_list ... ok
test daemon::server::tests::test_server_handshake_version_mismatch ... ok
test daemon::server::tests::test_server_register_workspace_and_spawn_isolation ... ok
test daemon::server::tests::test_server_reset_agent_state_request ... ok
test daemon::server::tests::test_server_spawn_cwd_validation ... ok
test daemon::server::tests::test_server_spawn_idempotency_cache ... ok
test daemon::server::tests::test_server_unregister_workspace_is_idempotent_and_revokes_registration ... ok
test daemon::server::tests::test_stream_lagged_replay_gap_full_recovery ... ok
test daemon::server::tests::test_subscribe_remote_events_streams_desktop_directed_events ... ok
test daemon::session_lifecycle::tests::idle_timeout_is_not_reached_early ... ok
test daemon::session_lifecycle::tests::lifecycle_transitions_standby_running_hibernated ... ok
test daemon::session_lifecycle::tests::only_background_running_idle_sessions_become_candidates ... ok
test daemon::session_service::machine_tests::crash::actual_owner_crash_reconciles_without_respawn ... 
running 1 test

running 1 test

running 1 test
ok
test daemon::session_service::machine_tests::crash::child ... ok
test daemon::session_service::machine_tests::dropped_http_reply_replays_original_process_and_controller_fences_close ... ok
test daemon::session_service::machine_tests::interrupted_spawn_never_repeats_preallocated_intent ... ok
test daemon::session_service::machine_tests::machine_mutation_slots_are_shared_and_bounded ... ok
test daemon::session_service::machine_tests::machine_session_capacity_limit_is_configurable ... ok
test daemon::session_service::machine_tests::provider_resume_child ... ok
test daemon::session_service::machine_tests::provider_resume_uses_only_remote_validated_identity ... 
running 1 test
A09 provider: remote executable fixture consumed --session/existing-provider-id; transcript CWD verified; cross-device claim conflict; typed key rejected; no generated provider ID
test daemon::session_service::machine_tests::provider_resume_child ... ok

test result: ok. 1 passed; 0 failed; 0 ignored; 0 measured; 2120 filtered out; finished in 0.44s

ok
test daemon::session_service::machine_tests::queued_revocation_rechecks_before_journal_or_pty ... ok
test daemon::session_service::machine_tests::served_session_cwd_falls_back_when_the_stored_value_is_probe_output ... ok
test daemon::session_service::machine_tests::sixty_four_live_machine_sessions_are_the_admission_limit ... ok
test daemon::workspace_service::catalog_tests::post_rename_sync_failure_fences_publication ... ok
test daemon::workspace_service::catalog_tests::unrelated_workspace_registration_progresses_while_workspace_fenced ... ok
test daemon::workspace_service::workspace_watcher::tests::parent_watch_promoted_to_project_observes_nested_file ... ok
test dag::journal_tests::test_list_run_summaries_from_testdata_dir ... ok
test dag::journal_tests::test_parse_events_jsonl_stream ... ok
test dag::journal_tests::test_parse_run_checkpoint_081e_real_fixture ... ok
test dag::journal_tests::test_parse_run_checkpoint_f107_real_fixture ... ok
test dag::journal_tests::test_parse_run_checkpoint_full_information_fields ... ok
test dag::journal_tests::test_state_tolerance_fallback_variant ... ok
test dag::journal_tests::test_waves_unknown_node_id_fails_with_typed_error ... ok
test dag::watcher::tests::dag_live_tail ... ignored
test dag::watcher::tests::test_dag_scan_runs_off_async_worker ... ok
test dag::watcher::tests::test_dag_watcher_detects_checkpoint_changes ... ok
test dag::watcher::tests::test_dag_watcher_exits_when_idle_sink_closes ... ok
test dag::watcher::tests::test_dag_watcher_recovers_after_silent_watch_loss ... ok
test dag::watcher::tests::test_dag_watcher_reports_journal_created_after_start ... ok
test ipc::agents::p09_tests::unix_requires_executable_permission ... ok
test ipc::agents::p09_tests::windows_pathext_order_case_and_explicit_extension ... ok
test ipc::agents::reset_event_tests::rejection_preserves_native_activity_and_emits_no_idle ... ok
test ipc::agents::reset_event_tests::success_resets_native_activity_and_emits_idle ... ok
test ipc::agents::tests::args_match_agent_recognizes_supported_commands ... ok
test ipc::agents::tests::cursor_agent_alias_extracts_cursor_chat_session_id ... ok
test ipc::agents::tests::descendant_agent_pid_finds_omo_beneath_shell_chain ... ok
test ipc::agents::tests::opencode_session_id_validation ... ok
test ipc::agents::tests::opencode_session_list_json_parser_matches_cwd ... ok
test ipc::agents::tests::parse_powershell_process_json_accepts_array_and_single_object ... ok
test ipc::agents::tests::parse_powershell_process_json_rejects_non_tables ... ok
test ipc::agents::tests::parse_ps_entries_preserves_long_args ... ok
test ipc::agents::tests::session_discovery_extracts_gjc_short_hex_ids ... ok
test ipc::agents::tests::session_discovery_extracts_pi_session_path ... ok
test ipc::agents::tests::session_discovery_extracts_supported_paths_only ... ok
test ipc::agents::tests::session_id_from_env_output_reads_pi_session_file ... ok
test ipc::agents::tests::test_agent_detection_serde_camel_case ... ok
test ipc::agents::tests::test_agents_detect_does_not_spawn_which ... ok
test ipc::agents::tests::test_agents_detect_existing_and_nonexistent_binaries ... ok
test ipc::agents::tests::test_agents_detect_rejects_path_shaped_names ... ok
test ipc::agents::tests::test_antigravity_last_conversations_parser ... ok
test ipc::agents::tests::test_encode_pi_safe_path ... ok
test ipc::agents::tests::uuid_from_session_path_extracts_timestamped_omo_session_id ... ok
test ipc::blocking_contract_tests::blocking_ipc_helper_runs_operation_off_async_caller_thread ... ok
test ipc::browser::automation_tests::click_requires_snapshot_selector ... ok
test ipc::browser::automation_tests::fill_script_encodes_untrusted_values_as_json_strings ... ok
test ipc::browser::automation_tests::keypress_script_encodes_modifiers_and_events ... ok
test ipc::browser::automation_tests::keypress_script_rejects_invalid_inputs ... ok
test ipc::browser::automation_tests::macos_keypress_spec_preserves_navigation_editing_and_modifiers ... ok
test ipc::browser::automation_tests::parse_keypress_valid_combinations ... ok
test ipc::browser::devtools_tests::browser_sessions_enable_devtools ... ok
test ipc::browser::r6_fill_tests::test_r6_10_fill_active_and_css_skip_snapshot_work ... ok
test ipc::browser::r6_fill_tests::test_r6_11_fill_mutation_boundary_revision_check ... ok
test ipc::browser::r6_fill_tests::test_r6_5_cmd_browser_remote_reclaim_rejects_missing_transport_in_daemon_mode ... ok
test ipc::browser::r6_fill_tests::test_r6_5_daemon_reclaim_transport_routes_authoritatively ... ok
test ipc::browser::r6_fill_tests::test_r6_5_pure_gui_mode_allows_local_fallback ... ok
test ipc::browser::tests::external_open_preserves_target_without_shell ... ok
test ipc::browser::tests::external_open_propagates_failure ... ok
test ipc::browser::tests::file_link_expands_bare_home ... ok
test ipc::browser::tests::file_link_expands_profile_relative_path ... ok
test ipc::browser::tests::keep_or_discard_fresh_webview_covers_both_branches ... ok
test ipc::browser::tests::linux_keypress_returns_typed_unsupported ... ok
test ipc::browser::tests::test_build_wait_condition_script ... ok
test ipc::browser::tests::test_cmd_open_file_path_rejects_nonexistent_file ... ok
test ipc::browser::tests::test_cmd_open_file_path_resolves_relative_with_cwd ... ok
test ipc::browser::tests::test_cookie_parse_and_script ... ok
test ipc::browser::tests::test_storage_script ... ok
test ipc::browser::tests::test_truncate_eval_result ... ok
test ipc::browser::tests::webview2_private_profile_minimum_matches_the_documented_runtime ... ok
test ipc::browser::tests::windows_keypress_returns_typed_unsupported ... ok
test ipc::browser_cli::tests::browser_cli_server_starts_without_tokio_reactor ... ok
test ipc::browser_cli::tests::browser_cli_tokens_match_only_on_exact_equality ... ok
test ipc::browser_cli::tests::p12_tcp_accepts_the_capability_token ... ok
test ipc::browser_cli::tests::p12_tcp_rejects_forged_credential ... ok
test ipc::browser_cli::tests::p12_tcp_rejects_unauthenticated_commands ... ok
test ipc::browser_cli::tests::test_browser_cli_close_round_trip ... ok
test ipc::browser_cli::tests::test_browser_cli_error_code_matches_ipc_wire_format ... ok
test ipc::browser_cli::tests::test_browser_cli_identify_round_trip ... ok
test ipc::browser_cli::tests::test_browser_cli_list_request_serialization ... ok
test ipc::browser_cli::tests::test_browser_cli_list_response_serialization ... ok
test ipc::browser_cli::tests::test_browser_cli_list_round_trip_unix_stream ... ok
test ipc::browser_cli::tests::test_browser_cli_navigate_round_trip ... ok
test ipc::browser_cli::tests::test_browser_cli_open_rejects_file_scheme ... ok
test ipc::browser_cli::tests::test_browser_cli_open_rejects_javascript_scheme ... ok
test ipc::browser_cli::tests::test_browser_cli_open_round_trip ... ok
test ipc::browser_cli::tests::test_browser_cli_oversized_request_gets_too_large_error ... ok
test ipc::browser_cli::tests::test_browser_cli_phase3_registered_missing_webview_round_trip ... ok
test ipc::browser_cli::tests::test_browser_cli_phase3_wire_serialization ... ok
test ipc::browser_cli::tests::test_browser_cli_send_over_stream_round_trip ... ok
test ipc::browser_cli::tests::test_phase4_owner_reclaim_invalidates_remote_driver ... ok
test ipc::browser_cli::tests::test_phase4_remote_attach_handshake_and_framed_mode ... ok
test ipc::browser_cli::tests::test_r4_click_consumes_authoritative_geometry_and_snapshot_returns_catalogue ... ok
test ipc::browser_cli::tests::test_r4_framed_ipc_eliminates_legacy_fallback_and_rejects_legacy_commands ... ok
test ipc::browser_cli::tests::test_r5_15_eval_wait_lease_approval_and_normalization ... ok
test ipc::browser_cli::tests::test_r6_1_gui_framed_subscription_forwards_frames_and_cleans_up ... ok
test ipc::browser_cli::tests::test_r6_2_execute_envelope_routes_all_commands_and_fences_writes ... ok
test ipc::browser_cli::tests::test_r6_6_execute_preserves_typed_target_not_found_and_stale_frame ... ok
test ipc::browser_cli::tests::test_r8_r9_click_frame_metadata_fencing_and_decimal_string_conversion ... ok
test ipc::browser_cli::tests::test_r9_remote_reference_requires_valid_snapshot_and_rejects_legacy_targets ... ok
test ipc::browser_cli::tests::test_read_and_write_port_file_round_trip ... ok
test ipc::browser_cli::tests::test_read_limited_line_rejects_oversized_request_line ... ok
test ipc::browser_cli::tests::test_read_port_from_file_malformed_returns_unavailable ... ok
test ipc::browser_cli::tests::test_read_port_from_file_missing_returns_unavailable ... ok
test ipc::browser_cli::tests::test_secondary_wait_function_condition_consent_and_size_limit ... ok
test ipc::browser_cli::tests::test_write_port_file_replaces_existing_file ... ok
test ipc::cli_install::tests::test_cli_install_error_mapping_to_ipc_error ... ok
test ipc::cli_install::tests::test_cli_launcher_status_dto_camel_case_contract ... ok
test ipc::cli_install::tests::test_install_creates_parent_directory_and_symlink ... ok
test ipc::cli_install::tests::test_install_refreshes_existing_symlink ... ok
test ipc::cli_install::tests::test_install_rejects_directory_collision ... ok
test ipc::cli_install::tests::test_install_rejects_regular_file_collision ... ok
test ipc::cli_install::tests::test_install_rejects_symlinked_grandparent_directory ... ok
test ipc::cli_install::tests::test_install_rejects_symlinked_parent_directory ... ok
test ipc::cli_install::tests::test_resolve_launcher_status_non_unix_preserves_active_exe ... ok
test ipc::cli_install::tests::test_resolve_launcher_status_non_unix_without_home_returns_unsupported ... ok
test ipc::cli_install::tests::test_resolve_launcher_status_unix_requires_home ... ok
test ipc::cli_install::tests::test_resolve_launcher_status_unix_with_home ... ok
test ipc::cli_install::tests::test_status_detection_various_scenarios ... ok
test ipc::dag::tests::dag_run_snapshot_forwards_checkpoint_session_ids ... ok
test ipc::dag::tests::test_classify_ssh_ipc_and_bridge_errors ... ok
test ipc::dag::tests::test_dag_discover_watch_roots_finds_sibling_dag_repos ... ok
test ipc::dag::tests::test_dag_list_and_get_runs_success ... ok
test ipc::dag::tests::test_dag_list_runs_empty_for_missing_dir ... ok
test ipc::dag::tests::test_dag_read_node_artifact_security_and_success ... ok
test ipc::dag::tests::test_dag_unwatch_cancels_active_watcher_and_syncs_roots ... ok
test ipc::dag::tests::test_dag_watch_project_canonical_key_and_dedup ... ok
test ipc::dag::tests::test_ssh_capability_retry_wait_backs_off_and_doubles_delay ... ok
test ipc::dag::tests::test_ssh_capability_retry_wait_cancels_if_already_signaled ... ok
test ipc::dag::tests::test_ssh_capability_retry_wait_cancels_in_flight ... ok
test ipc::dag::tests::test_ssh_watch_decision_cancellation_still_wins ... ok
test ipc::dag::tests::test_ssh_watch_decision_capability_missing_is_terminal ... ok
test ipc::dag::tests::test_ssh_watch_decision_helper_missing_becomes_terminal_after_budget ... ok
test ipc::dag::tests::test_ssh_watch_decision_plain_transport_failure_is_not_terminal ... ok
test ipc::debug::tests::debug_builds_always_trace ... ok
test ipc::debug::tests::invalid_sink_root_returns_error ... ok
test ipc::debug::tests::parsed_entries_append_to_injected_portable_root ... ok
test ipc::debug::tests::release_builds_ignore_any_other_flag_value ... ok
test ipc::debug::tests::release_builds_stay_silent_by_default ... ok
test ipc::debug::tests::release_builds_trace_when_opted_in ... ok
test ipc::diagnostics::tests::appends_structured_lines ... ok
test ipc::diagnostics::tests::skips_append_past_size_cap ... ok
test ipc::error::tests::test_ipc_error_code_custom_roundtrip ... ok
test ipc::file_link::bundled_cli_platform_tests::bundled_cli_paths_stay_macos_only ... ok
test ipc::file_link::file_link_tests::absolute_detection_covers_windows_drives_and_unc_on_every_host ... ok
test ipc::file_link::file_link_tests::command_rejects_missing_paths_remote_specs_and_unknown_editors ... ok
test ipc::file_link::file_link_tests::editor_argument_parses_supported_values_and_rejects_others ... ok
test ipc::file_link::file_link_tests::editor_cli_plans_pass_position_through_argv_without_shell_interpretation ... ok
test ipc::file_link::file_link_tests::editor_url_fallback_encodes_paths_and_refuses_unc ... ok
test ipc::file_link::file_link_tests::editor_without_cli_falls_back_to_documented_url_scheme ... ok
test ipc::file_link::file_link_tests::existing_file_relative_to_terminal_cwd_resolves_to_an_editor_plan ... ok
test ipc::file_link::file_link_tests::failing_editor_exit_is_reported ... ok
test ipc::file_link::file_link_tests::file_link_resolution_expands_home_joins_cwd_and_preserves_absolute_paths ... ok
test ipc::file_link::file_link_tests::missing_files_produce_structured_errors_instead_of_a_silent_false ... ok
test ipc::file_link::file_link_tests::path_lookup_expands_windows_pathext_and_reports_absence ... ok
test ipc::file_link::file_link_tests::path_token_is_trimmed_and_empty_or_nul_tokens_are_rejected ... ok
test ipc::file_link::file_link_tests::position_validation_requires_one_based_line_before_column ... ok
test ipc::file_link::file_link_tests::remote_host_paths_are_refused_and_local_at_signs_are_kept ... ok
test ipc::file_link::file_link_tests::session_guard_returns_local_cwd_and_refuses_remote_sessions ... ok
test ipc::file_link::file_link_tests::session_id_resolves_the_live_local_terminal_cwd ... ok
test ipc::file_link::file_link_tests::unlaunchable_editor_binary_maps_to_a_structured_io_error ... ok
test ipc::file_preview::file_preview_tests::a_child_symlink_escaping_the_document_directory_is_refused ... ok
test ipc::file_preview::file_preview_tests::a_refused_session_resolution_maps_to_remote_unsupported ... ok
test ipc::file_preview::file_preview_tests::a_replaced_path_never_redirects_the_retained_handle ... ok
test ipc::file_preview::file_preview_tests::a_zero_length_file_serves_an_empty_200_and_refuses_ranges ... ok
test ipc::file_preview::file_preview_tests::allowed_origins_never_include_a_wildcard ... ok
test ipc::file_preview::file_preview_tests::caret_target_is_one_based_and_clamped_to_unicode_scalars ... ok
test ipc::file_preview::file_preview_tests::child_handles_are_capped_per_document ... ok
test ipc::file_preview::file_preview_tests::close_is_idempotent_and_scoped_to_the_owning_window ... ok
test ipc::file_preview::file_preview_tests::closing_mid_stream_stops_delivery_at_the_next_chunk ... ok
test ipc::file_preview::file_preview_tests::concurrent_disjoint_ranges_on_same_document_stream_exact_bytes ... ok
test ipc::file_preview::file_preview_tests::concurrent_media_requests_are_capped_with_429 ... ok
test ipc::file_preview::file_preview_tests::destroying_a_window_revokes_every_capability_it_owns ... ok
test ipc::file_preview::file_preview_tests::distinct_owners_keep_capabilities_until_their_own_close ... ok
test ipc::file_preview::file_preview_tests::expired_handles_report_the_machine_reason ... ok
test ipc::file_preview::file_preview_tests::full_get_returns_the_exact_body_and_frozen_headers ... ok
test ipc::file_preview::file_preview_tests::head_has_no_body_but_advertises_the_full_length ... ok
test ipc::file_preview::file_preview_tests::host_and_origin_are_checked_and_cors_is_never_wildcarded ... ok
test ipc::file_preview::file_preview_tests::image_dimensions_come_from_real_signatures_not_extensions ... ok
test ipc::file_preview::file_preview_tests::image_exceeding_per_axis_bound_is_rejected ... ok
test ipc::file_preview::file_preview_tests::image_open_checks_signature_and_pixel_bounds_before_the_client_decodes ... ok
test ipc::file_preview::file_preview_tests::late_open_completion_does_not_revoke_newer_preview ... ok
test ipc::file_preview::file_preview_tests::line_counting_ignores_a_single_trailing_newline ... ok
test ipc::file_preview::file_preview_tests::markdown_children_resolve_only_under_the_document_directory ... ok
test ipc::file_preview::file_preview_tests::markdown_document_links_navigate_only_inside_the_parent_boundary ... ok
test ipc::file_preview::file_preview_tests::only_get_and_head_are_routed_and_unknown_handles_404 ... ok
test ipc::file_preview::file_preview_tests::only_the_desktop_root_window_may_hold_capabilities ... ok
test ipc::file_preview::file_preview_tests::open_decodes_bounded_text_without_a_media_capability ... ok
test ipc::file_preview::file_preview_tests::open_offloads_file_io_off_the_async_reactor ... ok
test ipc::file_preview::file_preview_tests::open_refuses_non_regular_and_missing_paths ... ok
test ipc::file_preview::file_preview_tests::open_refuses_remote_specs_urls_and_nul_bytes ... ok
test ipc::file_preview::file_preview_tests::opening_b_revokes_a_for_the_same_window ... ok
test ipc::file_preview::file_preview_tests::preview_kind_and_media_type_follow_the_frozen_extension_allowlist ... ok
test ipc::file_preview::file_preview_tests::range_header_parses_the_three_supported_single_forms ... ok
test ipc::file_preview::file_preview_tests::range_header_rejects_multi_malformed_and_unsatisfiable_forms ... ok
test ipc::file_preview::file_preview_tests::single_ranges_return_206_with_exact_bytes ... ok
test ipc::file_preview::file_preview_tests::text_bounds_report_too_large_without_truncating ... ok
test ipc::file_preview::file_preview_tests::text_decoder_is_strict_and_bom_aware ... ok
test ipc::file_preview::file_preview_tests::truncating_the_open_inode_requires_an_explicit_reload ... ok
test ipc::file_preview::file_preview_tests::undecodable_text_reports_unsupported_encoding ... ok
test ipc::file_preview::file_preview_tests::unsatisfiable_and_multi_ranges_return_416_with_the_length ... ok
test ipc::file_preview::file_preview_tests::video_open_exposes_a_streaming_capability_not_a_body ... ok
test ipc::file_preview_contract::file_preview_contract_tests::child_asset_serializes_camel_case_keys ... ok
test ipc::file_preview_contract::file_preview_contract_tests::every_kind_has_a_lowercase_wire_value ... ok
test ipc::file_preview_contract::file_preview_contract_tests::frozen_limits_match_the_plan ... ok
test ipc::file_preview_contract::file_preview_contract_tests::payload_round_trips_through_the_wire_shape ... ok
test ipc::file_preview_contract::file_preview_contract_tests::payload_serializes_camel_case_keys ... ok
test ipc::file_preview_contract::file_preview_contract_tests::preview_error_carries_machine_reason_and_extra_details ... ok
test ipc::file_preview_contract::file_preview_contract_tests::reason_wire_spellings_match_as_str ... ok
test ipc::native_menu::tests::entries_deserialize_separator_and_submenu ... ok
test ipc::native_menu::tests::item_spec_deserializes_with_defaults ... ok
test ipc::native_menu::tests::resolve_agent_icons_and_decode_custom_icon ... ok
test ipc::native_menu::tests::resolve_native_icon_maps_only_supported_names ... ok
test ipc::native_terminal::tests::authoritative_mouse_event_replaces_frontend_renderer_size ... ok
test ipc::native_terminal::tests::authoritative_mouse_event_scales_logical_position_to_physical_pixels ... ok
test ipc::native_terminal::tests::authoritative_mouse_event_uses_rendered_physical_size_and_cell_metrics ... ok
test ipc::native_terminal::tests::bounds_receipt_serializes_actual_presentation_status ... ok
test ipc::native_terminal::tests::deferred_presentation_status_survives_the_ipc_boundary ... ok
test ipc::native_terminal::tests::post_write_receipt_failure_retains_input_written_true_without_fabricated_bounds ... ok
test ipc::native_terminal::tests::pty_resize_queue_coalesces_updates_arriving_during_an_inflight_request ... ok
test ipc::native_terminal::tests::pty_resize_queue_keeps_latest_size_for_each_pane ... ok
test ipc::native_terminal::tests::rejected_native_input_reports_that_no_pty_write_occurred ... ok
test ipc::native_terminal::tests::resident_replay_watermark_overrides_stale_explicit_cursor ... ok
test ipc::native_terminal::tests::ssh_reconnect_safety_desktop_native_command_generation_contract ... ok
test ipc::native_terminal::tests::test_classify_clipboard_content_empty_when_no_text_and_empty_types ... ok
test ipc::native_terminal::tests::test_classify_clipboard_content_image_when_image_uti_or_non_empty_types ... ok
test ipc::native_terminal::tests::test_classify_clipboard_content_prefers_non_empty_text ... ok
test ipc::native_terminal::tests::test_classify_linux_clipboard_image_only_for_image_types ... ok
test ipc::native_terminal::tests::test_classify_linux_clipboard_image_wins_when_only_image_types_advertised ... ok
test ipc::native_terminal::tests::test_classify_linux_clipboard_prefers_text_over_image_types ... ok
test ipc::native_terminal::tests::test_classify_windows_clipboard_empty_when_no_text_or_image ... ok
test ipc::native_terminal::tests::test_classify_windows_clipboard_image_when_bitmap_dib_hdrop_or_custom_image ... ok
test ipc::native_terminal::tests::test_classify_windows_clipboard_prefers_text ... ok
test ipc::native_terminal::tests::test_clipboard_content_serde_tagged_format ... ok
test ipc::native_terminal::tests::test_decode_linux_clipboard_descriptors_drops_blank_lines ... ok
test ipc::native_terminal::tests::test_decode_linux_clipboard_text_never_panics_on_invalid_utf8 ... ok
test ipc::native_terminal::tests::test_decode_windows_clipboard_utf16 ... ok
test ipc::native_terminal::tests::test_is_linux_image_clipboard_type ... ok
test ipc::native_terminal::tests::test_is_windows_image_or_file_format ... ok
test ipc::native_terminal::tests::test_linux_clipboard_advertises_text ... ok
test ipc::native_terminal::tests::test_linux_clipboard_backend_probe_arguments_match_each_family ... ok
test ipc::native_terminal::tests::test_native_terminal_drag_selection_written_to_unique_pasteboard ... ok
test ipc::native_terminal::tests::test_select_linux_clipboard_backend_keeps_the_answering_backend ... ok
test ipc::native_terminal::tests::wire_receipt_reports_effective_presentation_scale ... ok
test ipc::notifications::tests::dispatch_command_payload_matches_the_frontend_contract ... ok
test ipc::notifications::tests::dispatch_result_round_trips_across_the_ipc_boundary ... ok
test ipc::notifications::tests::open_system_settings_command_returns_a_structured_result ... ok
test ipc::notifications::tests::permission_request_result_round_trips_across_the_ipc_boundary ... ok
test ipc::notifications::tests::permission_status_round_trips_across_the_ipc_boundary ... ok
test ipc::notifications::tests::picked_audio_result_round_trips_including_cancellation ... ok
test ipc::notifications::tests::picker_filters_only_offer_decodable_formats ... ok
test ipc::notifications::tests::play_sound_command_rejects_unsupported_formats ... ok
test ipc::notifications::tests::play_sound_command_reports_missing_file_without_erroring ... ok
test ipc::notifications::tests::play_sound_command_tolerates_omitted_optional_arguments ... ok
test ipc::notifications::tests::probe_result_round_trips_across_the_ipc_boundary ... ok
test ipc::notifications::tests::set_badge_count_command_clears_badge_at_zero ... ok
test ipc::notifications::tests::set_badge_count_command_returns_structured_result ... ok
test ipc::notifications::tests::set_badge_count_result_round_trips_across_ipc_boundary ... ok
test ipc::notifications::tests::take_activations_drains_queued_targets_exactly_once ... ok
test ipc::notifications::tests::take_activations_on_empty_queue_returns_empty ... ok
test ipc::project::git_identity_tests::linked_worktree_registration_keeps_execution_root_and_exposes_common_git_directory ... ok
test ipc::project::git_identity_tests::registration_prefers_upstream_identity_over_fork_origin ... ok
test ipc::project::git_identity_tests::registration_skips_filesystem_remotes_and_selects_named_hosted_remote ... ok
test ipc::project::launch_directory_tests::executable_directory_is_not_a_project_root ... ok
test ipc::project_remote::tests::all_local_git_boundaries_reject_remote_namespace_even_without_loaded_metadata ... ok
test ipc::project_remote::tests::local_registration_never_canonicalizes_a_remote_id_into_a_local_project ... ok
test ipc::project_remote::tests::remote_registration_wire_request_rejects_extra_execution_fields ... ok
test ipc::project_remote::tests::remote_startup_cannot_use_local_shell_resolver ... ok
test ipc::ssh::tests::changed_config_alias_replaces_endpoint_without_duplicate_id ... ok
test ipc::ssh::tests::default_store_is_empty ... ok
test ipc::ssh::tests::expand_tilde_path_resolves_home_and_subpaths ... ok
test ipc::ssh::tests::explicit_config_file_is_read_and_parsed_from_its_own_path ... ok
test ipc::ssh::tests::explicit_import_restores_a_previously_deleted_config_host ... ok
test ipc::ssh::tests::import_creates_missing_store ... ok
test ipc::ssh::tests::import_preserves_corrupt_store_bytes ... ok
test ipc::ssh::tests::missing_config_file_reports_absence_instead_of_failing ... ok
test ipc::ssh::tests::repeated_import_preserves_existing_hosts_without_duplicates ... ok
test ipc::ssh::tests::resilient_store_keeps_latest_duplicate_host_id ... ok
test ipc::ssh::tests::resilient_store_skips_malformed_host_and_retains_valid ... ok
test ipc::ssh::tests::save_store_invalidates_memoized_host_store ... ok
test ipc::ssh::tests::store_round_trips_through_json ... ok
test ipc::ssh::tests::system_config_result_parses_sample_content ... ok
test ipc::terminal::tests::existing_requested_cwd_outside_the_worktree_is_rejected ... ok
test ipc::terminal::tests::p11_reap_keeps_unresolved_cleanup_in_authoritative_and_persisted_state ... ok
test ipc::terminal::tests::poisoned_requested_cwd_spawns_in_the_worktree_root ... ok
test ipc::terminal::tests::poisoned_session_cwd_is_never_treated_as_a_path ... ok
test ipc::terminal::tests::relative_and_absent_cwds_fall_back_to_the_worktree_root ... ok
test ipc::terminal::tests::session_cwd_text_accepts_posix_and_windows_absolute_paths ... ok
test ipc::terminal::tests::test_encode_terminal_output_frame_v1_unchanged ... ok
test ipc::terminal::tests::test_encode_terminal_output_frame_v2_gap ... ok
test ipc::terminal::tests::test_p08_client_error_surfaces_as_typed_ipc_error_code_and_not_internal ... ok
test ipc::terminal::tests::test_p08_client_error_variants_and_passthrough_mapping ... ok
test ipc::terminal::tests::usable_requested_cwd_is_canonicalized ... ok
test ipc::tests::agent_resume_startup_cwd_jail_enforcement ... ok
test ipc::tests::agent_resume_startup_validation_failure_before_pty_spawn ... ok
test ipc::tests::cmd_path_reveal_rejects_nonexistent_path_with_invalid_path_code ... ok
test ipc::tests::cmd_project_unregister_removes_registry_entry ... ok
test ipc::tests::cmd_project_unregister_serializes_camel_case_request ... ok
test ipc::tests::paired_create_reconcile_policy_covers_lost_responses ... ok
test ipc::tests::paired_create_retry_policy_covers_lost_responses ... ok
test ipc::tests::paired_machine_worktree_spawn_target_resolution ... ok
test ipc::tests::poisoned_requested_cwd_falls_back_to_the_worktree_root ... ok
test ipc::tests::remote_status_after_reopen_persists_config_mode_until_started ... ok
test ipc::tests::remote_terminal_spawn_forwards_worktree_and_cwd_to_daemon ... ok
test ipc::tests::remote_terminal_spawn_rejects_explicit_startup ... ok
test ipc::tests::tauri_mock_terminal_attach_returns_base64_history_and_decimal_sequences ... ok
test ipc::tests::tauri_mock_terminal_events_use_registered_workspace ... ok
test ipc::tests::tauri_mock_worktree_commands_use_identity_contract ... ok
test ipc::tests::terminal_cwd_cache_and_resolution_contract ... ok
test ipc::tests::terminal_global_events_preserve_raw_bytes_and_lifecycle ... ok
test ipc::tests::terminal_output_batching_coalesces_rapid_bursts ... ok
test ipc::tests::terminal_process_cwd_resolves_accurately ... ok
test ipc::tests::test_p10_ambiguous_create_session_reconciles_via_journal ... ok
test ipc::tests::test_p10_background_reconciler_adopts_delayed_completed_session ... ok
test ipc::tests::test_p10_background_reconciler_closes_cancelled_delayed_completed_session ... ok
test ipc::tests::test_p10_pending_create_reaper_resolves_still_pending_records ... ok
test ipc::tests::test_p11_reaper_retains_exhausted_records_in_dead_letter_list ... ok
test ipc::tests::test_p11_reattach_failure_cleanup_reconciles_and_reaps_unknown ... ok
test ipc::tests::test_p11_start_cleanup_reaper_schedules_background_resolution ... ok
test ipc::tests::test_p12_close_ambiguous_remote_error_exhausts_and_aborts_local_close ... ok
test ipc::tests::test_p12_close_definitive_remote_error_aborts_local_close ... ok
test ipc::tests::test_p12_close_descriptor_lookup_failure_is_uncertain ... ok
test ipc::tests::test_p12_close_operation_not_found_journal_stays_uncertain ... ok
test ipc::tests::test_p12_close_terminates_remote_session_while_detach_preserves_it ... ok
test ipc::tests::test_p13_attach_hub_absence_returns_proxy_pending_unknown ... ok
test ipc::tests::test_p13_attach_preserves_ambiguous_reattach_failure ... ok
test ipc::tests::test_p13_attach_preserves_not_found_when_descriptor_none ... ok
test ipc::tests::test_p13_attach_routes_through_descriptor_and_reinstalls_proxy ... ok
test ipc::tests::test_project_registration_then_daemon_spawn ... ok
test ipc::tests::test_spawn_terminal_request_serde_camelcase_roundtrip ... ok
test ipc::updater::tests::test_distribution_channel_non_windows ... ok
test ipc::updater::tests::test_distribution_channel_windows ... ok
test ipc::updater::tests::test_managed_externally_for_linux_packages ... ok
test ipc::worktree::deletion_repair_tests::deletion_repair_missing_record_preview_and_targeted_cleanup ... ok
test ipc::worktree::deletion_repair_tests::deletion_repair_preview_reports_current_dirty_and_unmerged_loss ... ok
test ipc::worktree::deletion_repair_tests::deletion_repair_success_removes_cached_row_and_blocks_stale_worker ... ok
test ipc::worktree_disk_tests::disk_scan_cancel_command_stops_a_live_walk_without_caching_partial_bytes ... ok
test ipc::worktree_disk_tests::disk_scan_cancelled_and_superseded_workers_cannot_publish_partial_cache ... ok
test ipc::worktree_disk_tests::disk_scan_commands_emit_completion_and_reuse_cache_until_refresh ... ok
test native_terminal::cell_extractor::tests::test_extract_cell_snapshot_blink_roundtrip ... ok
test native_terminal::cell_extractor::tests::test_extract_cell_snapshot_faint_roundtrip ... ok
test native_terminal::cell_extractor::tests::test_extract_cell_snapshot_invisible_roundtrip ... ok
test native_terminal::cell_extractor::tests::test_extract_cell_snapshot_overline_roundtrip ... ok
test native_terminal::cell_extractor::tests::test_extract_cell_snapshot_strikethrough_roundtrip ... ok
test native_terminal::child_surface::geometry_latch_tests::a_changed_rectangle_applies_again ... ok
test native_terminal::child_surface::geometry_latch_tests::invalidate_forces_reapply_after_reattach ... ok
test native_terminal::child_surface::geometry_latch_tests::repeated_identical_geometry_applies_exactly_once ... ok
test native_terminal::child_surface::geometry_latch_tests::wayland_subsurface_geometry_latches_on_its_own_type ... ok
test native_terminal::composition::tests::test_active_for_platform_honest_descriptor_and_validation ... ok
test native_terminal::composition::tests::test_is_child_compositor ... ok
test native_terminal::composition::tests::test_validate_desktop_composition_accepts_supported_platform_kinds ... ok
test native_terminal::composition::tests::test_validate_desktop_composition_rejects_missing_layer_backing ... ok
test native_terminal::composition::tests::test_validate_desktop_composition_rejects_missing_pointer_transparency ... ok
test native_terminal::composition::tests::test_validate_desktop_composition_rejects_root_webview_window ... ok
test native_terminal::composition::tests::test_validate_desktop_composition_rejects_unsupported_fallback ... ok
test native_terminal::images::tests::kitty_query_and_png_failure_remain_protocol_responses ... ok
test native_terminal::images::tests::kitty_snapshots_share_pixels_and_outlive_replacement_and_terminal ... ok
test native_terminal::input::tests::ctrl_c_frontend_payload_deserializes_and_encodes_control_character ... ok
test native_terminal::input::tests::encoded_routes_natural_text_editing_chords_past_the_key_encoder ... ok
test native_terminal::input::tests::key_event_input_advances_terminal_state ... ok
test native_terminal::input::tests::local_ime_input_updates_real_terminal_snapshot_with_wide_cells ... ok
test native_terminal::input::tests::local_input_snapshot_survives_layout_resize ... ok
test native_terminal::input::tests::native_terminal_input_deserializes_from_frontend_payloads ... ok
test native_terminal::input::tests::natural_text_editing_chords_emit_ghostty_legacy_bytes ... ok
test native_terminal::input::tests::non_natural_text_editing_chords_stay_on_the_encoder_path ... ok
test native_terminal::input::tests::parse_browser_key_handles_named_keys_and_unicode_and_rejects_unsupported ... ok
test native_terminal::key::tests::key_event_deserialize_from_json ... ok
test native_terminal::key::tests::key_modifiers_deserialize_from_camel_case_json ... ok
test native_terminal::mouse::tests::mouse_event_deserializes_from_camel_case_wire_json ... ok
test native_terminal::platform::macos::appkit_frame_latch_tests::invalidate_forces_the_next_frame_through ... ok
test native_terminal::platform::macos::appkit_frame_latch_tests::recomputed_origin_under_a_resized_superview_still_applies ... ok
test native_terminal::platform::macos::appkit_frame_latch_tests::repeated_identical_frames_apply_once ... ok
test native_terminal::platform::macos::appkit_frame_latch_tests::scale_factor_change_alone_applies ... ok
test native_terminal::platform::macos::reveal_latch_tests::first_reveal_maps_and_the_rest_are_dropped ... ok
test native_terminal::platform::macos::reveal_latch_tests::hiding_re_arms_so_the_view_can_come_back ... ok
test native_terminal::renderer::atlas::tests::atlas_overflow_never_invalidates_earlier_entries_mid_frame ... ok
test native_terminal::renderer::atlas::tests::atlas_skips_all_zero_raster_without_allocating_slot ... ok
test native_terminal::renderer::atlas::tests::test_atlas_color_and_mask_coexist ... ok
test native_terminal::renderer::color_glyph::tests::test_rasterize_color_glyph_cat_emoji ... ok
test native_terminal::renderer::color_glyph::tests::test_rasterize_color_glyph_complex_sequences ... ok
test native_terminal::renderer::color_glyph::tests::test_rasterize_color_glyph_orientation ... ok
test native_terminal::renderer::coretext_font::macos::tests::cell_metrics_come_from_the_resolved_primary_at_every_scale ... ok
test native_terminal::renderer::coretext_font::macos::tests::detects_coretexts_silent_substitution_for_unknown_names ... ok
test native_terminal::renderer::coretext_font::macos::tests::generic_monospace_keyword_resolves_to_a_fixed_pitch_face ... ok
test native_terminal::renderer::coretext_font::macos::tests::hangul_still_resolves_through_the_coretext_cascade ... ok
test native_terminal::renderer::coretext_font::macos::tests::missing_families_never_reach_the_configured_fallback_tier ... ok
test native_terminal::renderer::coretext_font::macos::tests::missing_primary_is_skipped_in_favour_of_the_first_installed_family ... ok
test native_terminal::renderer::coretext_font::macos::tests::nothing_installed_falls_back_to_the_platform_monospace_family ... ok
test native_terminal::renderer::font_manager::resolution_tests::rasterizes_the_glyphs_agents_actually_emit ... ok
test native_terminal::renderer::font_manager::resolution_tests::resolves_a_configured_system_family_and_covers_box_drawing ... ok
test native_terminal::renderer::font_manager::resolution_tests::test_color_glyph_detection_routing ... ok
test native_terminal::renderer::font_manager::tests::test_bold_hangul_ink_density ... ok
test native_terminal::renderer::font_manager::tests::test_fallback_ratios_apply_only_without_a_measurement ... ok
test native_terminal::renderer::font_manager::tests::test_font_manager_derives_nonzero_metrics_and_rasterizes ... ok
test native_terminal::renderer::font_manager::tests::test_glyph_orientation_regression ... ok
test native_terminal::renderer::font_manager::tests::test_glyph_placement_snaps_to_integral_physical_pixels ... ok
test native_terminal::renderer::font_manager::tests::test_glyph_rasterization_avoids_fractional_shrink_within_rounding_tolerance ... ok
test native_terminal::renderer::font_manager::tests::test_measured_advance_converts_to_cell_metrics ... ok
test native_terminal::renderer::font_manager::tests::test_measurement_clamps_degenerate_values_to_one_pixel ... ok
test native_terminal::renderer::font_manager::tests::test_meslo_lgs_nf_13pt_matches_ghostty_cell_geometry ... ok
test native_terminal::renderer::font_manager::tests::test_pua_non_hijack_and_unsupported_codepoint ... ok
test native_terminal::renderer::font_manager::tests::test_rasterization_determinism ... ok
test native_terminal::renderer::font_manager::tests::test_variable_font_korean_weight_instantiation ... ok
test native_terminal::renderer::gpu_context::tests::chooses_opaque_compositing_when_the_surface_supports_it ... ok
test native_terminal::renderer::gpu_context::tests::falls_back_to_auto_compositing_when_opaque_is_unavailable ... ok
test native_terminal::renderer::gpu_context::tests::falls_back_to_srgb_surface_only_when_unorm_is_unavailable ... ok
test native_terminal::renderer::gpu_context::tests::prefers_linear_unorm_surface_for_srgb_encoded_terminal_colors ... ok
test native_terminal::renderer::instances::tests::test_cell_faint_glyph_color_differs_from_non_faint ... ok
test native_terminal::renderer::instances::tests::test_cell_invisible_produces_zero_glyph_instances ... ok
test native_terminal::renderer::instances::tests::test_cell_overline_produces_rect_at_cell_top ... ok
test native_terminal::renderer::instances::tests::test_cell_strikethrough_produces_rect_in_vertical_middle ... ok
test native_terminal::renderer::instances::tests::test_cell_underline_produces_rect_in_lower_cell ... ok
test native_terminal::renderer::instances::tests::test_row_hash_invalidates_on_attribute_changes ... ok
test native_terminal::renderer::renderer::tests::all_visible_glyphs_survive_when_dense_2x_working_set_repeats ... ok
test native_terminal::renderer::renderer::tests::dense_working_set_grows_across_multiple_atlas_sizes ... ok
test native_terminal::renderer::renderer::tests::empty_rasters_do_not_force_atlas_growth_under_pressure ... ok
test native_terminal::renderer::renderer::tests::failed_frame_cannot_be_reused_as_partial_success ... ok
test native_terminal::renderer::renderer::tests::kitty_images_reach_each_surface_entry_and_reuse_texture_uploads ... ok
test native_terminal::renderer::renderer::tests::kitty_z_layers_preserve_explicit_background_and_text ... ok
test native_terminal::renderer::renderer::tests::last_frame_renders_new_glyph_when_only_history_fills_atlas ... ok
test native_terminal::renderer::renderer::tests::oversized_glyph_is_rejected_before_shelf_placement ... ok
test native_terminal::renderer::renderer::tests::surface_entry_paths_complete_dense_frames_before_submission ... ok
test native_terminal::renderer::renderer::tests::surface_renderers_share_the_gpu_device_and_queue ... ok
test native_terminal::renderer::renderer::tests::tracked_payload_matches_textures_entries_clear_and_config_changes ... ok
test native_terminal::scroll::tests::test_compute_attention_frame_rects_exact_geometry ... ok
test native_terminal::scroll::tests::test_compute_attention_frame_rects_zero_or_negative_returns_empty ... ok
test native_terminal::scroll::tests::test_compute_scrollbar_overlay_rect_min_thumb_clamp ... ok
test native_terminal::scroll::tests::test_compute_scrollbar_overlay_rect_no_scrollback_returns_none ... ok
test native_terminal::scroll::tests::test_compute_scrollbar_overlay_rect_normal_case_exact_geometry ... ok
test native_terminal::scroll::tests::test_macos_wheel_scroll_rows_line_deltas ... ok
test native_terminal::scroll::tests::test_macos_wheel_scroll_rows_precise_sign_and_scale ... ok
test native_terminal::scroll::tests::test_macos_wheel_scroll_rows_zero_and_non_finite ... ok
test native_terminal::selection::tests::mouse_gesture_without_authoritative_renderer_size_is_rejected ... ok
test native_terminal::snapshot_slot::tests::epoch_change_invalidates_stale_frame ... ok
test native_terminal::snapshot_slot::tests::publish_and_consume_updates_generation_and_leaves_frame ... ok
test native_terminal::surface_error::tests::native_surface_occluded_drops_frame_without_terminal_failure ... ok
test native_terminal::surface_error::tests::native_surface_timeout_drops_frame_without_terminal_failure ... ok
test native_terminal::surface_host::frame_clock_tests::a_burst_inside_one_interval_waits_only_the_remainder ... ok
test native_terminal::surface_host::frame_clock_tests::a_frame_that_already_overran_dispatches_immediately ... ok
test native_terminal::surface_host::frame_clock_tests::an_unrecorded_clock_still_paces_a_retry ... ok
test native_terminal::surface_host::frame_clock_tests::marking_a_new_frame_restarts_the_budget ... ok
test native_terminal::surface_host::frame_clock_tests::the_first_frame_is_never_delayed ... ok
test native_terminal::surface_host::render_schedule_coordinator_tests::a_retired_frame_must_not_cancel_the_next_attachments_scheduled_render ... ok
test native_terminal::surface_host::render_schedule_coordinator_tests::abandoning_a_frame_drops_its_own_pending_follow_up ... ok
test native_terminal::surface_host::render_schedule_coordinator_tests::abandoning_a_frame_returns_the_coordinator_to_idle ... ok
test native_terminal::surface_host::render_schedule_coordinator_tests::cancelled_geometry_frame_preserves_requested_follow_up ... ok
test native_terminal::surface_host::render_schedule_coordinator_tests::dropped_frame_retries_without_new_output ... ok
test native_terminal::surface_host::render_schedule_coordinator_tests::retired_completion_cannot_finish_or_retry_the_live_frame ... ok
test native_terminal::surface_host::render_schedule_coordinator_tests::retired_frame_does_not_cancel_a_new_attachment_already_rendering ... ok
test native_terminal::surface_host::tests::a_replay_fetched_against_a_superseded_token_is_refused ... ok
test native_terminal::surface_host::tests::a_suspended_surface_renders_again_when_output_returns ... ok
test native_terminal::surface_host::tests::agent_state_snapshot_reaches_desktop_even_when_native_state_is_unchanged ... ok
test native_terminal::surface_host::tests::an_agents_own_idle_keeps_screen_inference_disabled ... ok
test native_terminal::surface_host::tests::attach_daemon_attachment_with_bounds_tolerates_invalid_initial_bounds ... ok
test native_terminal::surface_host::tests::attach_replayed_history_emits_title_for_new_and_existing_sessions ... ok
test native_terminal::surface_host::tests::attach_replays_history_at_daemon_pty_size ... ok
test native_terminal::surface_host::tests::attach_replays_segmented_history_across_resizes ... ok
test native_terminal::surface_host::tests::attached_throttled_burst_still_emits_trailing_state_transition ... ok
test native_terminal::surface_host::tests::bounds_ipc_presents_when_browser_child_is_open ... ok
test native_terminal::surface_host::tests::bounds_ipc_resolves_on_the_deferred_gpu_presentation ... ok
test native_terminal::surface_host::tests::classify_replay_requires_the_producer_marker_and_tolerates_resize_holes ... ok
test native_terminal::surface_host::tests::deferred_bounds_retry_does_not_restore_obsolete_width ... ok
test native_terminal::surface_host::tests::detached_layout_cannot_restore_obsolete_geometry ... ok
test native_terminal::surface_host::tests::detached_presentation_cannot_acknowledge_a_later_attachment ... ok
test native_terminal::surface_host::tests::detached_session_scheduled_render_cannot_resurrect_host ... ok
test native_terminal::surface_host::tests::detached_session_still_reports_agent_state_transitions ... ok
test native_terminal::surface_host::tests::direct_execution_characterization ... ok
test native_terminal::surface_host::tests::direct_retry_coalesces_with_existing_pending_render ... ok
test native_terminal::surface_host::tests::direct_retry_detach_or_close_before_dispatch_cannot_reveal_or_resurrect ... ok
test native_terminal::surface_host::tests::direct_retry_fatal_errors_do_not_loop ... ok
test native_terminal::surface_host::tests::direct_retry_focus_preserves_dropped_receipt ... ok
test native_terminal::surface_host::tests::direct_retry_recovers_lost_then_timeout ... ok
test native_terminal::surface_host::tests::direct_retry_scheduled_timeout_rearms_without_inline_recursion ... ok
test native_terminal::surface_host::tests::driver_edge_triggered_agent_state_emission ... ok
test native_terminal::surface_host::tests::empty_preedit_leaves_snapshot_grid_unchanged ... ok
test native_terminal::surface_host::tests::extension_reported_state_wins_over_screen_inference ... ok
test native_terminal::surface_host::tests::fatal_gpu_completion_does_not_rearm_without_new_input ... ok
test native_terminal::surface_host::tests::ghostty_grid_resize_notifies_pty_with_matching_dimensions ... ok
test native_terminal::surface_host::tests::inflight_gpu_frame_cancelled_when_session_detached_or_reattached ... ok
test native_terminal::surface_host::tests::lagged_recovery_restores_grid_to_pane_layout_dimensions ... ok
test native_terminal::surface_host::tests::native_terminal_surface_host_extracts_live_selection_snapshot_for_render_input ... ok
test native_terminal::surface_host::tests::no_global_hosts_mutex_held_during_gpu_work ... ok
test native_terminal::surface_host::tests::occluded_surface_suspends_instead_of_retrying ... ok
test native_terminal::surface_host::tests::one_panes_vt_work_cannot_block_another_panes_render_preparation ... ok
test native_terminal::surface_host::tests::one_shot_render_requeues_when_frame_is_dropped ... ok
test native_terminal::surface_host::tests::output_presents_when_browser_child_is_open ... ok
test native_terminal::surface_host::tests::p06_dpi_only_layout_updates_ghostty_pixel_reply ... ok
test native_terminal::surface_host::tests::p06_initial_layout_sets_ghostty_pixel_reply ... ok
test native_terminal::surface_host::tests::panicking_frame_returns_error_and_worker_accepts_next_frame ... ok
test native_terminal::surface_host::tests::persistent_drop_must_not_immediately_redispatch ... ok
test native_terminal::surface_host::tests::preedit_clamps_at_row_end_without_writing_out_of_bounds ... ok
test native_terminal::surface_host::tests::preedit_fully_replaces_existing_cell_text_colors_and_attributes ... ok
test native_terminal::surface_host::tests::preedit_hangul_syllable_writes_wide_cell_and_underlined_spacer_tail ... ok
test native_terminal::surface_host::tests::preedit_narrow_ascii_overwrites_cells_with_underlines_without_moving_cursor ... ok
test native_terminal::surface_host::tests::presentation_ownership_stays_attached_until_host_guard_is_released ... ok
test native_terminal::surface_host::tests::process_release_hands_the_session_back_to_screen_inference ... ok
test native_terminal::surface_host::tests::reattach_existing_session_with_bounds_tolerates_invalid_bounds ... ok
test native_terminal::surface_host::tests::receipt_path_builds_zero_snapshots_while_render_path_builds_snapshots ... ok
test native_terminal::surface_host::tests::receipt_reports_effective_presentation_scale ... ok
test native_terminal::surface_host::tests::render_schedule_coordinator_burst_coalescing_and_consumption_lifecycle ... ok
test native_terminal::surface_host::tests::render_schedule_coordinator_stays_pending_until_frame_completion ... ok
test native_terminal::surface_host::tests::replay_absorb_spans_the_burst_and_closes_on_idle_or_cap ... ok
test native_terminal::surface_host::tests::resize_keeps_viewport_at_bottom_when_at_bottom ... ok
test native_terminal::surface_host::tests::resize_preserves_scrollback_ratio_when_scrolled_up ... ok
test native_terminal::surface_host::tests::retired_completion_preserves_reattached_frame_reservation ... ok
test native_terminal::surface_host::tests::retired_replay_bottom_lock_preserves_new_generation_viewport ... ok
test native_terminal::surface_host::tests::rotated_provider_session_reaches_the_frontend_without_an_activity_change ... ok
test native_terminal::surface_host::tests::safe_async_target_retirement_retains_target_and_drops_surface_first ... ok
test native_terminal::surface_host::tests::send_input_blocked_main_thread_returns_degraded_error_within_bound ... ok
test native_terminal::surface_host::tests::ssh_reconnect_safety_native_status_reaches_desktop ... ok
test native_terminal::surface_host::tests::stale_completion_does_not_reveal_detached_target ... ok
test native_terminal::surface_host::tests::surface_host_drop_order_guarantees_surface_drops_before_target ... ok
test native_terminal::surface_host::tests::surface_receipt_carries_render_snapshot_cursor_geometry ... ok
test native_terminal::surface_host::tests::synchronized_output_bounds_ipc_finishes_on_detach_or_stream_end ... ok
test native_terminal::surface_host::tests::synchronized_output_bounds_ipc_waits_for_actual_presentation ... ok
test native_terminal::surface_host::tests::synchronized_output_does_not_present_partial_redraw ... ok
test native_terminal::surface_host::tests::synchronized_output_pump_presents_only_the_completed_redraw ... ok
test native_terminal::surface_host::tests::synchronized_output_pump_recovers_a_missing_end_without_more_output ... ok
test native_terminal::surface_host::tests::test_fresh_startup_with_bounds_preserves_startup_pty_writes ... ok
test native_terminal::surface_host::tests::test_reconstruction_without_pending_startup_discards_buffered_queries ... ok
test native_terminal::surface_host::tests::test_set_attention_frame_updates_session_state ... ok
test native_terminal::surface_host::tests::toctou_resurrection_race_is_prevented_by_epoch_check ... ok
test native_terminal::surface_host::tests::warm_reattach_activates_snapshot_slot_and_consumes_frame ... ok
test native_terminal::surface_host::tests::warm_return_reasserts_pty_size_without_replaying_terminal ... ok
test native_terminal::terminal::tests::full_screen_region_still_creates_scrollback ... ok
test native_terminal::terminal::tests::native_terminal_alternate_screen_detection ... ok
test native_terminal::terminal::tests::native_terminal_double_click_drag_extends_selection_by_word ... ok
test native_terminal::terminal::tests::native_terminal_double_click_outside_url_still_selects_word ... ok
test native_terminal::terminal::tests::native_terminal_double_click_selects_url_across_a_soft_wrap ... ok
test native_terminal::terminal::tests::native_terminal_double_click_selects_whole_url ... ok
test native_terminal::terminal::tests::native_terminal_double_click_selects_word_and_triple_click_selects_line ... ok
test native_terminal::terminal::tests::native_terminal_ffi_probe_bel_reports_counter_observation ... ok
test native_terminal::terminal::tests::native_terminal_ffi_probe_osc_2_reports_title_change_and_value ... ok
test native_terminal::terminal::tests::native_terminal_pointer_drag_installs_a_text_selection ... ok
test native_terminal::terminal::tests::off_viewport_cursor_suppresses_visibility ... ok
test native_terminal::terminal::tests::partial_scroll_region_never_creates_scrollback ... ok
test native_terminal::terminal::tests::synchronized_output_survives_resize_until_redraw_completes ... ok
test native_terminal::terminal::tests::synchronized_output_uses_vt_mode_and_a_bounded_deadline ... ok
test native_terminal::terminal::tests::test_apply_theme_preferences_on_terminal ... ok
test native_terminal::terminal::tests::test_full_palette_defaults_cube_grays_and_overrides ... ok
test native_terminal::terminal::tests::test_line_text_at_preserves_leading_whitespace_for_indented_lines ... ok
test native_terminal::terminal::tests::test_line_text_at_reads_unwrapped_line_without_modifying_selection ... ok
test native_terminal::terminal::tests::test_selection_with_scrollback ... ok
test native_terminal::thread_ownership::tests::gpu_jobs_run_off_the_calling_thread ... ok
test native_terminal::thread_ownership::tests::jobs_run_in_submission_order_on_one_thread ... ok
test native_terminal::thread_ownership::tests::last_worker_owner_can_be_released_inside_its_job ... ok
test native_terminal::thread_ownership::tests::reclaim_is_immediate_when_nothing_is_lent ... ok
test native_terminal::thread_ownership::tests::reclaim_returns_the_value_the_borrower_gave_back ... ok
test native_terminal::thread_ownership::tests::reclaim_spends_its_deadline_waiting_for_a_value_that_is_still_lent ... ok
test native_terminal::thread_ownership::tests::retire_when_at_home_drops_value_before_target_immediately ... ok
test native_terminal::thread_ownership::tests::retire_while_lent_retains_target_without_blocking_and_drops_after_loan_returns ... ok
test native_terminal::thread_ownership::tests::retired_disposer_runs_without_holding_slot_mutex ... ok
test native_terminal::thread_ownership::tests::retired_frame_cannot_authorize_a_replacement_target ... ok
test native_terminal::thread_ownership::tests::shutdown_drains_queued_jobs_before_returning ... ok
test native_terminal::url::tests::url_span_covers_scheme_host_and_path_from_any_click_position ... ok
test native_terminal::url::tests::url_span_drops_sentence_punctuation_and_unbalanced_brackets ... ok
test native_terminal::url::tests::url_span_handles_non_http_schemes_and_char_indices_after_wide_text ... ok
test native_terminal::url::tests::url_span_is_none_outside_the_url ... ok
test native_terminal::wheel::tests::test_wheel_alternate_screen_encodes_arrow_keys ... ok
test native_terminal::wheel::tests::test_wheel_alternate_screen_shift_overrides_to_viewport ... ok
test native_terminal::wheel::tests::test_wheel_primary_screen_returns_viewport ... ok
test native_terminal::wheel::tests::test_wheel_with_mouse_tracking_encodes_sgr_wheel ... ok
test native_terminal::wheel::tests::test_wheel_with_mouse_tracking_shift_overrides_to_viewport ... ok
test native_terminal::wheel::tests::test_wheel_zero_rows_returns_none ... ok
test notification::activation::tests::drain_returns_pushed_targets_in_order_then_empties ... ok
test notification::activation::tests::overlapping_pushes_and_drains_lose_nothing ... ok
test notification::activation::tests::push_fires_the_wake_sink_once_per_push ... ok
test notification::activation::tests::push_without_a_wake_sink_still_enqueues ... ok
test notification::activation::tests::route_default_action_with_valid_target_enqueues ... ok
test notification::activation::tests::route_dismiss_action_never_enqueues ... ok
test notification::activation::tests::route_drops_missing_and_malformed_target ... ok
test notification::activation::tests::route_enqueues_target_before_firing_wake ... ok
test notification::activation::tests::startup_queued_activation_survives_until_first_drain ... ok
test notification::audio::tests::corrupt_audio_reports_decode_failure_not_a_crash ... ok
test notification::audio::tests::missing_file_reports_not_found_without_panicking ... ok
test notification::audio::tests::negative_and_oversized_volumes_clamp_into_range ... ok
test notification::audio::tests::picked_file_exposes_only_path_and_display_name ... ok
test notification::audio::tests::rapid_automatic_sounds_are_deduped_but_force_still_plays ... ok
test notification::audio::tests::sound_outside_the_dedupe_window_plays_again ... ok
test notification::audio::tests::unsupported_extension_is_rejected_before_decoding ... ok
test notification::audio::tests::zero_volume_short_circuits_before_touching_the_audio_device ... ok
test notification::badge::tests::badge_constructor_selection_tracks_the_host_platform ... ok
test notification::badge::tests::format_badge_label_when_count_is_positive_returns_decimal_string ... ok
test notification::badge::tests::format_badge_label_when_count_is_zero_returns_none ... ok
test notification::badge::tests::set_badge_count_result_cleared_omits_none_badge_label ... ok
test notification::badge::tests::set_badge_count_result_constructors ... ok
test notification::badge::tests::set_badge_count_result_deserializes_from_json ... ok
test notification::badge::tests::set_badge_count_result_serializes_with_camel_case ... ok
test notification::badge::tests::set_badge_count_result_unsupported_serializes_cleanly ... ok
test notification::badge::tests::windows_badge_records_count_and_label_without_claiming_support ... ok
test notification::macos_delegate::tests::classify_action_matches_the_system_default_identifier ... ok
test notification::macos_delegate::tests::default_action_with_valid_target_reads_user_info_and_enqueues ... ok
test notification::macos_delegate::tests::default_action_without_a_target_key_does_not_route ... ok
test notification::macos_delegate::tests::dismiss_action_never_routes_even_with_a_valid_target ... ok
test notification::macos_submission::tests::decode_target_rejects_malformed_payloads ... ok
test notification::macos_submission::tests::native_content_encodes_target_into_user_info_and_round_trips ... ok
test notification::macos_submission::tests::native_content_uses_only_the_selected_sound ... ok
test notification::macos_submission::tests::native_content_without_target_omits_the_user_info_key ... ok
test notification::macos_submission::tests::submission_does_not_report_success_without_a_callback ... ok
test notification::macos_submission::tests::submission_propagates_native_rejection ... ok
test notification::macos_submission::tests::submission_waits_for_the_registered_completion ... ok
test notification::model::target_tests::dispatch_request_parses_camel_case_target ... ok
test notification::model::target_tests::dispatch_request_target_defaults_to_none ... ok
test notification::model::target_tests::format_notification_carries_target_through ... ok
test notification::model::target_tests::format_notification_test_source_has_no_target ... ok
test notification::model::target_tests::notification_target_uses_camel_case_frontend_ids ... ok
test notification::permission::authorization_wait_tests::authorization_begin_error_is_returned_without_waiting ... ok
test notification::permission::authorization_wait_tests::unbundled_begin_reports_bundled_app_without_prompting ... ok
test notification::permission::authorization_wait_tests::user_authorization_wait_accepts_a_grant_after_six_seconds ... ok
test notification::service::tests::authorized_status_submits_exactly_one_notification ... ok
test notification::service::tests::backend_failure_is_reported_as_a_structured_reason ... ok
test notification::service::tests::denied_macos_status_blocks_before_submitting ... ok
test notification::service::tests::dispatched_content_is_sanitized_before_reaching_the_backend ... ok
test notification::service::tests::explicit_permission_request_reaches_the_provider_once ... ok
test notification::service::tests::non_authoritative_denied_does_not_block ... ok
test notification::service::tests::non_authoritative_unknown_status_still_dispatches ... ok
test notification::service::tests::not_determined_returns_permission_required_without_implicit_prompt ... ok
test notification::service::tests::permission_status_passes_through_the_provider_value ... ok
test notification::service::tests::preflight_decisions_cover_every_authorization_state ... ok
test notification::service::tests::probe_failure_reports_failed_not_submitted ... ok
test notification::service::tests::probe_reports_blocked_without_sending_a_test ... ok
test notification::service::tests::probe_reports_permission_required_without_prompting ... ok
test notification::service::tests::probe_with_test_submits_exactly_one_test_notification ... ok
test notification::service::tests::probe_without_test_reports_ready_and_sends_nothing ... ok
test notification::service::tests::provisional_authorization_is_allowed_to_dispatch ... ok
test notification::service::tests::unsupported_platform_rejects_dispatch ... ok
test notification::tests::agent_completion_composites_workspace_and_worktree_labels ... ok
test notification::tests::agent_completion_dedupes_identical_workspace_and_worktree_labels ... ok
test notification::tests::agent_completion_falls_back_to_workspace_label ... ok
test notification::tests::agent_completion_falls_back_when_labels_are_missing ... ok
test notification::tests::agent_completion_uses_agent_name_and_worktree_label ... ok
test notification::tests::agent_completion_waiting_composites_workspace_and_worktree_labels ... ok
test notification::tests::current_platform_is_detected ... ok
test notification::tests::dispatch_reasons_serialize_as_kebab_case ... ok
test notification::tests::dispatch_request_deserializes_from_camel_case_payload ... ok
test notification::tests::dispatch_request_deserializes_from_kebab_case_payload ... ok
test notification::tests::dispatch_request_tolerates_a_minimal_payload ... ok
test notification::tests::display_name_uses_the_file_name ... ok
test notification::tests::formatted_content_is_sanitized_against_injected_control_characters ... ok
test notification::tests::formatted_content_never_exceeds_length_bounds ... ok
test notification::tests::macos_authorization_request_includes_badge_alert_and_sound ... ok
test notification::tests::macos_submits_through_user_notifications_not_the_legacy_bridge ... ok
test notification::tests::nan_volume_is_silent_rather_than_undefined ... ok
test notification::tests::notification_fallback_does_not_claim_permission ... ok
test notification::tests::notification_source_uses_camel_case_wire_values ... ok
test notification::tests::notification_wire_preserves_sound_and_attention_reason ... ok
test notification::tests::only_authoritative_denied_status_counts_as_blocked ... ok
test notification::tests::only_authoritative_not_determined_requires_a_permission_request ... ok
test notification::tests::open_system_settings_result_serializes_for_the_frontend ... ok
test notification::tests::out_of_range_volume_is_clamped ... ok
test notification::tests::permission_request_dto_serializes_with_nested_status ... ok
test notification::tests::permission_status_dto_matches_the_documented_wire_shape ... ok
test notification::tests::permission_status_dto_round_trips_badges_enabled ... ok
test notification::tests::picked_audio_file_serializes_path_and_display_name ... ok
test notification::tests::play_sound_result_serializes_kebab_case_reasons ... ok
test notification::tests::probe_result_serializes_outcome_and_submission_flag ... ok
test notification::tests::rejected_dispatch_result_carries_its_reason ... ok
test notification::tests::sanitize_collapses_newlines_and_pathological_whitespace ... ok
test notification::tests::sanitize_of_only_control_characters_is_empty ... ok
test notification::tests::sanitize_preserves_ordinary_unicode_text ... ok
test notification::tests::sanitize_removes_unicode_line_separators_and_bom ... ok
test notification::tests::sanitize_strips_control_characters_and_escape_sequences ... ok
test notification::tests::successful_dispatch_result_omits_the_reason_field ... ok
test notification::tests::supported_extensions_are_recognized_case_insensitively ... ok
test notification::tests::terminal_bell_composites_workspace_and_worktree_labels ... ok
test notification::tests::terminal_bell_dedupes_identical_workspace_and_worktree_labels ... ok
test notification::tests::terminal_bell_joins_location_and_terminal_title ... ok
test notification::tests::terminal_bell_without_any_label_still_has_a_body ... ok
test notification::tests::test_notification_has_fixed_content ... ok
test notification::tests::truncate_appends_ellipsis_and_respects_the_limit ... ok
test notification::tests::truncate_leaves_short_text_untouched ... ok
test notification::tests::truncate_splits_on_character_boundaries_not_bytes ... ok
test notification::tests::unsupported_and_extensionless_paths_are_rejected ... ok
test notification::tests::unsupported_status_reports_no_capabilities ... ok
test notification::tests::validate_accepts_a_file_at_the_size_bound_and_returns_a_canonical_path ... ok
test notification::tests::validate_rejects_a_directory_masquerading_as_audio ... ok
test notification::tests::validate_rejects_a_missing_file ... ok
test notification::tests::validate_rejects_files_over_the_size_bound ... ok
test notification::tests::validate_rejects_unsupported_format_before_touching_the_filesystem ... ok
test notification::tests::validate_resolves_indirect_paths_to_a_canonical_location ... ok
test notification::tests::volume_percentage_maps_to_linear_gain ... ok
test notification::tests::whitespace_only_labels_are_treated_as_absent ... ok
test paired_host::client::tests::ambiguous_journal_never_repeats_mutation ... ok
test paired_host::client::tests::capability_absence_fails_closed ... ok
test paired_host::client::tests::gatefix_create_only_peer_receives_zero_socket_requests ... ok
test paired_host::client::tests::gatefix_journal_error_uses_the_same_safe_projection ... ok
test paired_host::client::tests::gatefix_p06_relay_ticket_failure_surfaces_typed_error_without_ws_retry ... ok
test paired_host::client::tests::gatefix_remote_error_never_projects_bearer_text ... ok
test paired_host::client::tests::generation_cancels_blocked_http_without_release ... ok
test paired_host::client::tests::http_504_relay_stage_allowlist_and_forgery_rejection ... ok
test paired_host::client::tests::http_non_2xx_preserves_status_for_non_json_and_malformed_json ... ok
test paired_host::client::tests::operation_requires_machine_workspace_capability ... ok
test paired_host::client::tests::paste_upload_chunk_executes_and_returns_result ... ok
test paired_host::client::tests::paste_upload_chunk_requires_machine_workspace_capability ... ok
test paired_host::client::tests::pending_mutation_response_retains_request_and_ambiguity ... ok
test paired_host::client::tests::predecessor_epoch_and_additive_capabilities_are_preserved ... ok
test paired_host::client::tests::real_http_non_json_redirect_and_body_limit ... ok
test paired_host::client::tests::real_machine_catalog_replay_checks_digest_and_preserves_metadata ... ok
test paired_host::client::tests::response_provenance_is_fenced_over_http ... ok
test paired_host::client::tests::test_is_relay_transport_classification ... ok
test paired_host::client::tests::test_map_ticket_error_structured_and_plain ... ok
test paired_host::client::tests::test_p05_response_body_mapping_table ... ok
test paired_host::client::tests::test_p14_inventory_mutation_emits_inventory_changed_event ... ok
test paired_host::client::tests::test_r4_n1_migrate_event_carries_correlated_host_view ... ok
test paired_host::client::tests::test_r5_n3_machine_rejection_stays_definitive_and_transport_uncertainty_relabeled ... ok
test paired_host::client::tests::wrong_authenticated_machine_cannot_be_adopted ... ok
test paired_host::inventory_tests::actual_write_failure_keeps_disk_and_legacy_authority_and_fences_leases ... ok
test paired_host::inventory_tests::corrupt_unknown_newer_and_external_replacement_never_overwrite ... ok
test paired_host::inventory_tests::fixture_loopback_store_roundtrips_but_production_fails_closed ... ok
test paired_host::inventory_tests::linking_a_saved_ssh_host_is_explicit_and_survives_restart ... ok
test paired_host::inventory_tests::migration_requires_host_proof_and_verified_copy_and_preserves_source ... ok
test paired_host::inventory_tests::mirror_and_unknown_do_not_become_machine_authority ... ok
test paired_host::inventory_tests::origin_normalization_is_identity_stable ... ok
test paired_host::inventory_tests::public_http_and_userinfo_fail_closed ... ok
test paired_host::inventory_tests::re_pair_forget_and_revoke_cancel_only_captured_host_across_restart ... ok
test paired_host::inventory_tests::real_private_persistence_restart_and_secret_exclusion ... ok
test paired_host::inventory_tests::test_loopback_is_explicit_and_not_a_production_origin ... ok
test paired_host::native_ambiguity_tests::mutation_native_transport_failure_retains_identity ... ok
test paired_host::native_ambiguity_tests::native_35s_deadline_retains_mutation_reconciliation ... ok
test paired_host::native_ambiguity_tests::read_only_native_transport_failure_is_not_ambiguous ... ok
test paired_host::path_select::tests::a_candidate_without_an_authenticated_round_trip_is_not_selectable ... ok
test paired_host::path_select::tests::a_tie_breaks_lan_then_tailscale_then_ssh_then_relay ... ok
test paired_host::path_select::tests::open_attach_id_stays_on_relay_when_later_probe_says_ssh_is_faster ... ok
test paired_host::path_select::tests::path_select_picks_fastest_authenticated ... ok
test paired_host::path_select::tests::the_lowest_measured_round_trip_wins ... ok
test paired_host::path_select::tests::unauthenticated_health_only_server_is_not_selected ... ok
test paired_host::projects::tests::metadata_and_unavailable_identity_are_lossless ... ok
test paired_host::projects::tests::stored_paired_projects_persist_and_resolve ... ok
test paired_host::proxy_tests::a23_dropping_connected_proxy_releases_socket_and_hub ... ok
test paired_host::proxy_tests::native_actor_delivers_controls_and_output_without_local_pty ... ok
test paired_host::proxy_tests::native_registry_routes_paired_ids_without_local_fallback ... ok
test paired_host::proxy_tests::paired_socket_decodes_output_and_fences_input_without_local_pty ... ok
test paired_host::proxy_tests::spontaneous_eof_reaps_native_owner ... ok
test paired_host::proxy_tests::spontaneous_remote_exit_reaps_native_owner ... ok
test paired_host::service::native_transport_tests::paused_authenticated_response_cannot_adopt_after_repair_or_forget ... ok
test paired_host::service::native_transport_tests::r5_n1_mixed_boundary_message_stays_valid_utf8 ... ok
test paired_host::service::native_transport_tests::r5_n1_multibyte_error_message_truncates_on_char_boundary ... ok
test paired_host::service::native_transport_tests::r5_n2_error_details_projection_is_allowlisted_and_sanitized ... ok
test paired_host::service::native_transport_tests::redirect_never_forwards_credential_and_failed_migration_preserves_source ... ok
test paired_host::service::native_transport_tests::secret_debug_and_production_origin_policy ... ok
test permissions::notification_item_tests::authoritative_authorized_is_granted ... ok
test permissions::notification_item_tests::authoritative_denied_is_denied ... ok
test permissions::notification_item_tests::authoritative_not_determined_can_request ... ok
test permissions::notification_item_tests::authoritative_provisional_is_granted ... ok
test permissions::notification_item_tests::non_authoritative_linux_is_unknown_no_settings ... ok
test permissions::notification_item_tests::non_authoritative_windows_is_unknown_with_settings ... ok
test remote::account_grants::tests::a_pinned_account_key_is_the_only_way_in ... ok
test remote::account_grants::tests::a_tampered_or_foreign_submission_is_refused ... ok
test remote::account_protocol::tests::account_enroll_signature_verifies ... ok
test remote::attach_client::tests::a_client_attach_identity_round_trips_through_its_directory ... ok
test remote::attach_crypto::tests::attach_crypto_runs_over_a_websocket_pair ... ok
test remote::attach_crypto::tests::attach_rejects_a_tampered_frame_and_a_plaintext_client ... ok
test remote::attach_crypto::tests::attach_rejects_a_wrong_responder_key ... ok
test remote::attach_crypto::tests::attach_rejects_an_unbound_initiator_key ... ok
test remote::attach_crypto::tests::attach_sentinel_is_invisible_to_the_relay ... ok
test remote::attach_identity::tests::attach_identity_does_not_rewrite_machine_key ... ok
test remote::attach_router::tests::a_lan_attach_reaches_the_local_gateway_decrypted ... ok
test remote::auth::persistence_tests::a_completed_write_leaves_a_fully_readable_store ... ok
test remote::auth::persistence_tests::canonical_auth_path_follows_the_canonical_remote_dir ... ok
test remote::auth::persistence_tests::concurrent_writers_never_observe_a_torn_store ... ok
test remote::auth::persistence_tests::legacy_revoked_tombstones_are_pruned_when_the_store_is_loaded ... ok
test remote::auth::persistence_tests::revoked_devices_are_deleted_outright_and_never_reappear ... ok
test remote::auth::persistence_tests::test_edge_concurrent_pairing_claims_single_winner ... ok
test remote::auth::persistence_tests::test_n3_unreadable_journal_with_readable_snapshot_fails_closed ... ok
test remote::auth::persistence_tests::test_p02_pairing_fails_when_storage_unwritable ... ok
test remote::auth::persistence_tests::test_p02_revoke_under_injected_disk_full_leaves_fail_closed_durable_record ... ok
test remote::auth::persistence_tests::test_p03_begin_transaction_runtime_io_failure_propagates_storage_error ... ok
test remote::auth::persistence_tests::the_store_is_written_owner_only_or_reports_an_error ... ok
test remote::auth::persistence_tests::validate_token_throttles_disk_persistence ... ok
test remote::auth::security_tests::concurrent_guesses_spend_exactly_five_failure_slots ... ok
test remote::auth::security_tests::expired_pin_is_consumed_and_never_issues_a_token ... ok
test remote::auth::security_tests::late_generated_pin_survives_failure_window_rollover ... ok
test remote::auth::security_tests::new_window_discards_expired_codes_and_restores_pairing ... ok
test remote::auth::security_tests::revocation_is_latched_and_registration_after_validation_cannot_miss_it ... ok
test remote::auth::security_tests::successful_pairing_does_not_reset_the_global_failure_budget ... ok
test remote::auth::security_tests::valid_pairing_is_single_use_under_concurrent_exchange ... ok
test remote::auth::tests::relay_capability_is_single_use_persisted_and_cancellable ... ok
test remote::auth::tests::test_auth_credential_separation ... ok
test remote::auth::tests::test_auth_store_resolves_under_the_same_dir_as_the_identity ... ok
test remote::auth::tests::test_cli_pair_approve ... ok
test remote::auth::tests::test_cli_pair_cross_process_persistence ... ok
test remote::auth::tests::test_device_idle_expiry ... ok
test remote::auth::tests::test_device_name_length_capped_and_list_devices_filters_idle ... ok
test remote::auth::tests::test_identity_dir_matches_the_shared_remote_state_dir ... ok
test remote::auth::tests::test_machine_identity_persistence ... ok
test remote::auth::tests::test_machine_identity_sign_and_verify ... ok
test remote::auth::tests::test_pairing_exchange_with_blank_name_stores_fallback ... ok
test remote::auth::tests::test_repairing_view_pin_preserves_view_permission_on_replacement ... ok
test remote::auth::tests::test_repairing_with_same_installation_id_replaces_and_invalidates_old_token ... ok
test remote::auth::tests::test_store_without_installation_id_backward_compat ... ok
test remote::browser_admission::tests::test_ack_progress_deadline_only_when_unacked_frame_exists ... ok
test remote::browser_admission::tests::test_driver_tuple_binding_and_reclaim_broadcast ... ok
test remote::browser_admission::tests::test_latest_only_subscriber_queue_slow_viewer_isolation ... ok
test remote::browser_admission::tests::test_r4_6_capture_lifecycle_follows_owned_viewers_only ... ok
test remote::browser_admission::tests::test_r5_12_pause_and_ack_stall_control_capture_and_mapped_eligibility ... ok
test remote::browser_admission::tests::test_r5_5_sharing_registry_forwards_live_changes_with_dto ... ok
test remote::browser_admission::tests::test_r6_9_viewer_pause_and_ack_stall_reaches_remote_service_via_admission ... ok
test remote::browser_admission::tests::test_rate_limiter_burst_and_recovery ... ok
test remote::browser_admission::tests::test_viewer_and_driver_budget_concurrency ... ok
test remote::browser_backend::tests::test_capability_probe_reports_unsupported_transport_with_reason ... ok
test remote::browser_backend::tests::test_in_process_browser_service_backend_lifecycle_and_subscription ... ok
test remote::browser_backend::tests::test_in_process_test_backend_lifecycle ... ok
test remote::browser_backend::tests::test_local_ipc_backend_framed_codec ... ok
test remote::browser_backend::tests::test_r4_16_eval_wait_contract_normalization_and_lease_bound_approval ... ok
test remote::browser_backend::tests::test_r4_1_local_ipc_backend_connects_and_dispatches ... ok
test remote::browser_backend::tests::test_r4_1_state_defaults_to_local_ipc_and_snapshot_source_injection ... ok
test remote::browser_backend::tests::test_r4_2_execute_command_rejects_unsupported_and_requires_executor ... ok
test remote::browser_backend::tests::test_r5_1_list_sessions_propagates_error_envelope ... ok
test remote::browser_backend::tests::test_r5_1_remote_gateway_manager_from_daemon_retains_backend ... ok
test remote::browser_backend::tests::test_r5_2_params_cannot_overwrite_authorized_target ... ok
test remote::browser_backend::tests::test_r5_7_numeric_generation_and_revision_parsing ... ok
test remote::browser_backend::tests::test_r5_8_service_lease_epoch_synchronization ... ok
test remote::browser_backend::tests::test_r5_8_ws_claim_propagates_backend_error_and_heartbeat_renews ... ok
test remote::browser_backend::tests::test_r6_1_framed_image_subscription_produces_frames_and_stops_on_unsubscribe ... ok
test remote::browser_backend::tests::test_r6_3_list_inventory_filters_by_workspace_and_worktree ... ok
test remote::browser_backend::tests::test_r6_3_local_ipc_list_filters_by_worktree ... ok
test remote::browser_backend::tests::test_r6_7_missing_viewport_revision_rejected_without_fallback ... ok
test remote::browser_backend::tests::test_subscribe_frames_on_all_backends ... ok
test remote::browser_backend::tests::test_unavailable_backend_returns_typed_error ... ok
test remote::browser_lifecycle_tests::test_browser_websocket_full_lifecycle_and_reconnection ... ok
test remote::browser_lifecycle_tests::test_r3_cmd_browser_remote_reclaim_broadcasts_revoked_via_gateway_manager ... ok
test remote::browser_lifecycle_tests::test_view_only_device_driver_claim_rejected_with_typed_error ... ok
test remote::browser_protocol::tests::test_binary_envelope_validation_rejects_corrupted_header ... ok
test remote::browser_protocol::tests::test_golden_16b_binary_envelope_roundtrip ... ok
test remote::browser_protocol::tests::test_image_header_dimension_mismatch ... ok
test remote::browser_protocol::tests::test_json_messages_camel_case_and_deny_unknown_fields ... ok
test remote::browser_protocol::tests::test_metadata_dimension_and_edge_limits ... ok
test remote::browser_protocol::tests::test_r4_10_pause_resume_wire_schema_matches_client ... ok
test remote::browser_protocol::tests::test_r4_9_browser_snapshot_wire_variants ... ok
test remote::browser_protocol_tests::test_big_endian_dimension_verification_and_mismatch_rejection ... ok
test remote::browser_protocol_tests::test_client_to_server_binary_rejection ... ok
test remote::browser_protocol_tests::test_decimal_string_u64_validation ... ok
test remote::browser_protocol_tests::test_envelope_field_corruption_rejection ... ok
test remote::browser_protocol_tests::test_envelope_header_boundary_rejection ... ok
test remote::browser_protocol_tests::test_ferryx_extension_fields_and_geometry_source ... ok
test remote::browser_protocol_tests::test_golden_byte_roundtrip ... ok
test remote::browser_protocol_tests::test_json_dto_camel_case_and_deny_unknown_fields ... ok
test remote::browser_protocol_tests::test_max_image_pixels_boundary ... ok
test remote::browser_protocol_tests::test_size_limits_image_and_metadata_and_pixels ... ok
test remote::browser_security::tests::test_driver_claim_requires_control_permission ... ok
test remote::browser_security::tests::test_eval_result_truncation_64k_boundary ... ok
test remote::browser_security::tests::test_path_sanitization ... ok
test remote::browser_security::tests::test_r4_17_absolute_filesystem_paths_are_redacted_beyond_known_prefixes ... ok
test remote::browser_security::tests::test_r5_16_root_level_paths_and_case_insensitive_urls ... ok
test remote::browser_security::tests::test_r6_14_multibyte_utf8_sanitization_no_panic ... ok
test remote::browser_security::tests::test_request_deduplication_and_caching ... ok
test remote::browser_security::tests::test_url_scheme_allowlist_and_embedded_credentials ... ok
test remote::browser_security_tests::test_boundary_payload_limits_constants ... ok
test remote::browser_security_tests::test_driver_claim_requires_control_permission ... ok
test remote::browser_security_tests::test_eval_result_truncation_exact_64k_boundary_and_utf8_char_boundaries ... ok
test remote::browser_security_tests::test_local_filesystem_path_redaction ... ok
test remote::browser_security_tests::test_r5_json_sanitization_preserves_urls_and_redacts_keys_and_paths ... ok
test remote::browser_security_tests::test_request_deduplication_and_30s_cache_retention ... ok
test remote::browser_security_tests::test_url_allowlist_schemes_and_credentials ... ok
test remote::browser_ws::tests::test_r4_10_resume_resets_stranded_ack_credit ... ok
test remote::browser_ws::tests::test_r4_15_capabilities_derived_from_installed_snapshot_source ... ok
test remote::browser_ws::tests::test_r4_15_first_negotiated_profile_enforced_and_reported ... ok
test remote::browser_ws::tests::test_r4_15_paused_and_stalled_viewers_not_capture_eligible ... ok
test remote::browser_ws::tests::test_r4_5_sharing_state_published_on_admission_and_revocation ... ok
test remote::browser_ws::tests::test_r4_7_part_a_real_identity_negotiation ... ok
test remote::browser_ws::tests::test_r4_7_part_b_command_identity_fencing ... ok
test remote::browser_ws::tests::test_r4_7_part_b_in_process_backend_executes_through_service_guard ... ok
test remote::browser_ws::tests::test_r4_8_point_click_sent_frame_fence_and_real_geometry ... ok
test remote::browser_ws::tests::test_r4_9_browser_snapshot_returns_reference_catalogue ... ok
test remote::browser_ws::tests::test_r6_11_concurrent_fills_are_serialized_per_target ... ok
test remote::browser_ws::tests::test_r6_11_fill_supersession_at_mutation_boundary_under_serializer ... ok
test remote::browser_ws::tests::test_r6_4_snapshot_revalidates_scope_after_await ... ok
test remote::browser_ws::tests::test_r6_4_teardown_cancels_outstanding_operations_before_backend_cleanup ... ok
test remote::browser_ws::tests::test_r6_6_ws_typed_error_preservation_target_not_found_and_stale_frame ... ok
test remote::browser_ws::tests::test_ws_bounded_eval_dispatcher_does_not_block_heartbeat_or_release ... ok
test remote::browser_ws::tests::test_ws_execution_time_lease_revalidation_aborts_forbidden ... ok
test remote::browser_ws::tests::test_ws_frame_enqueuing_and_ack_flow_control ... ok
test remote::browser_ws::tests::test_ws_heartbeat_and_release_5tuple_consistency ... ok
test remote::browser_ws::tests::test_ws_lifecycle_subscribe_claim_command_teardown ... ok
test remote::browser_ws::tests::test_ws_payload_limits_and_sanitization ... ok
test remote::browser_ws::tests::test_ws_r10_pause_and_resume_protocol ... ok
test remote::browser_ws::tests::test_ws_raw_wire_pre_parse_limit ... ok
test remote::browser_ws::tests::test_ws_rejects_client_to_server_binary ... ok
test remote::browser_ws::tests::test_ws_spawned_command_tasks_non_blocking_control ... ok
test remote::browser_ws::tests::test_ws_success_response_path_sanitization ... ok
test remote::browser_ws::tests::test_ws_tuple_binding_enforcement ... ok
test remote::browser_ws::tests::test_ws_typed_error_preservation ... ok
test remote::browser_ws::tests::test_ws_view_only_permission_cannot_claim_or_command ... ok
test remote::dag_paired_tests::paired_dag_streams_from_authenticated_remote_host ... ok
test remote::design_mode::tests::test_design_mode_snapshot_staging ... ok
test remote::discovery::tailscale::tests::test_parse_status_json_invalid_input_errors ... ok
test remote::discovery::tailscale::tests::test_parse_status_json_skips_peers_without_ipv4 ... ok
test remote::discovery::tailscale::tests::test_tailscale_peer_discovery ... ok
test remote::filesystem_tests::a06_budget_inspected_children_exact_cutoff ... ok
test remote::filesystem_tests::a06_budget_per_device_burst_and_refill ... ok
test remote::filesystem_tests::a06_cancelled_worker_cannot_publish ... ok
test remote::filesystem_tests::a06_directory_http_home ... ok
test remote::filesystem_tests::a06_http_send_failure_still_tears_down ... ok
test remote::filesystem_tests::a06_native_bounds_and_query_contract ... ok
test remote::filesystem_tests::a06_service_less_typed_503_without_probe ... ok
test remote::filesystem_tests::r6_auth_routed_deadline_admission ... ok
test remote::filesystem_tests::r6_auth_routed_failure_cleanup ... ok
test remote::filesystem_tests::r6_auth_routed_revocation ... ok
test remote::filesystem_tests::r6_empty_deadline_and_independent_bytes ... ok
test remote::filesystem_tests::r6_http_disconnect_retains_worker_slot ... ok
test remote::filesystem_tests::r6_service_less_injected_failure ... ok
test remote::machine_events::machine_event_cancellation_tests::machine_event_cancellation_read_budget_expires_when_catalog_refresh_is_blocked ... ok
test remote::machine_events::machine_event_cancellation_tests::machine_event_cancellation_releases_socket_when_catalog_refresh_is_blocked ... ok
test remote::machine_events::machine_event_snapshot_race_tests::machine_event_snapshot_recovers_when_commit_overlaps_inventory ... ok
test remote::machine_operation_journal::contention_tests::journal_mutation_deadline_retains_admission_until_worker_drains ... ok
test remote::machine_operation_journal::contention_tests::journal_mutation_revocation_retains_admission_until_worker_drains ... ok
test remote::machine_operation_journal::contention_tests::journal_read_deadline_retains_admission_until_worker_drains ... ok
test remote::machine_operation_journal::contention_tests::journal_read_revocation_retains_admission_until_worker_drains ... ok
test remote::machine_operation_journal::contention_tests::journal_writer_does_not_stall_mutation_reconciliation ... ok
test remote::machine_operation_journal::contention_tests::journal_writer_does_not_stall_session_http_executor ... ok
test remote::machine_operation_journal::contention_tests::journal_writer_preserves_real_machine_socket_attachment ... ok
test remote::machine_operation_journal::contention_tests::reopened_pending_operation_remains_outcome_unknown_after_refresh ... ok
test remote::machine_operation_journal::contention_tests::spawn::journal_final_spawn_deadline ... ok
test remote::machine_operation_journal::contention_tests::spawn::journal_final_spawn_revocation ... ok
test remote::machine_protocol::tests::create_session_request_rejects_prefixed_request_ids ... ok
test remote::machine_protocol::tests::expanded_shared_parity_fixtures ... ok
test remote::machine_protocol::tests::host_request_id_rewrites_only_non_conforming_ids ... ok
test remote::machine_protocol::tests::identity_is_host_qualified_and_preserves_large_epoch ... ok
test remote::machine_protocol::tests::known_answer_full_hashes_match_shared_fixtures ... ok
test remote::machine_protocol::tests::legacy_valid_ssh_targets_roundtrip_without_normalization ... ok
test remote::machine_protocol::tests::lifecycle_and_descriptor_fixtures_roundtrip ... ok
test remote::machine_protocol::tests::malformed_epochs_and_oversized_json_are_rejected ... ok
test remote::machine_protocol::tests::missing_metadata_and_unknown_targets_never_become_local ... ok
test remote::machine_protocol::tests::request_ids_must_be_bare_hyphenated_uuids_on_the_host_wire ... ok
test remote::machine_protocol::tests::shared_fixtures_roundtrip_through_public_decoder ... ok
test remote::machine_protocol::tests::shared_invalid_fixtures_are_rejected ... ok
test remote::mirror::headless_tests::backspace_and_carriage_return ... ok
test remote::mirror::headless_tests::cjk_line_skips_wide_spacer_tails ... ok
test remote::mirror::headless_tests::clear_and_home_places_cursor_at_origin ... ok
test remote::mirror::headless_tests::feed_segments_replays_at_recorded_geometry_then_resizes ... ok
test remote::mirror::headless_tests::plain_ascii_line_produces_one_run ... ok
test remote::mirror::headless_tests::resize_returns_full_frame_with_new_dimensions ... ok
test remote::mirror::headless_tests::scroll_negative_reveals_older_content_and_positive_returns_toward_newest ... ok
test remote::mirror::headless_tests::sgr_bold_red_maps_attrs_and_foreground ... ok
test remote::mirror::headless_tests::test_combining_characters_and_wide_glyph_overwrite ... ok
test remote::mirror::headless_tests::test_decstbm_insert_line_preserves_footer ... ok
test remote::mirror::headless_tests::test_headless_alternate_screen_buffer ... ok
test remote::mirror::headless_tests::test_reverse_index_scroll_down_at_scroll_top ... ok
test remote::mirror::headless_tests::wrapping_advances_to_next_line ... ok
test remote::mirror::tests::cjk_line_skips_wide_spacer_tails ... ok
test remote::mirror::tests::clear_and_home_places_cursor_at_origin ... ok
test remote::mirror::tests::feed_segments_replays_at_recorded_geometry_then_resizes ... ok
test remote::mirror::tests::flat_history_replay_corrupts_relative_to_segmented_replay ... ok
test remote::mirror::tests::plain_ascii_line_produces_one_run ... ok
test remote::mirror::tests::resize_returns_full_frame_with_new_dimensions ... ok
test remote::mirror::tests::scroll_negative_reveals_older_content_and_positive_returns_toward_newest ... ok
test remote::mirror::tests::second_feed_only_emits_changed_line ... ok
test remote::mirror::tests::sgr_bold_red_maps_attrs_and_foreground ... ok
test remote::protocol::tests::account_grant_delivery_wire_shape_is_stable ... ok
test remote::protocol::tests::control_handshake_wire_roundtrips ... ok
test remote::protocol::tests::malformed_wire_values_are_rejected ... ok
test remote::protocol::tests::omitted_optional_fields_deserialize ... ok
test remote::protocol::tests::pairing_state_transition_matrix ... ok
test remote::protocol::tests::pairing_state_wire_roundtrips ... ok
test remote::protocol::tests::pairing_wire_roundtrips ... ok
test remote::protocol::tests::proxy_wire_roundtrips ... ok
test remote::protocol::tests::test_client_control_message_scroll_serde_roundtrip ... ok
test remote::push::tests::test_web_push_payload_dispatch ... ok
test remote::relay_client::tests::an_opaque_allocation_returns_the_relays_session_id ... ok
test remote::relay_client::tests::control_and_data_urls_are_built_from_relay_url ... ok
test remote::relay_client::tests::proxies_frames_between_data_channel_and_local_gateway ... ok
test remote::relay_client::tests::test_pairing_coordinator_lifecycle_and_ack ... ok
test remote::relay_client::tests::test_pairing_coordinator_pin_can_be_redeemed_directly ... ok
test remote::relay_client::tests::test_pairing_coordinator_regenerates_and_ignores_old_expiry ... ok
test remote::relay_client::tests::test_pairing_coordinator_rejects_wrong_ack_generation ... ok
test remote::relay_client::tests::test_pairing_coordinator_timeout_or_rejection ... ok
test remote::relay_client::tests::test_relay_client_ed25519_auth_rejection ... ok
test remote::relay_client::tests::test_relay_client_ed25519_auth_success ... ok
test remote::relay_client::tests::to_ws_base_rewrites_https_and_trims_trailing_slash ... ok
test remote::relay_client::tests::with_gateway_preserves_address_and_credentials ... ok
test remote::relay_server::tests::a11_expired_ticket_wire_boundary ... ok
test remote::relay_server::tests::a_control_signature_minted_for_another_relay_is_refused ... ok
test remote::relay_server::tests::a_sealed_grant_reaches_the_daemon_control_socket ... ok
test remote::relay_server::tests::accepts_target_when_session_is_colon_scoped ... ok
test remote::relay_server::tests::an_opaque_allocation_tells_the_daemon_to_attach_securely ... ok
test remote::relay_server::tests::an_opaque_session_splices_frames_the_relay_never_parses ... ok
test remote::relay_server::tests::coordinator_pairs_through_relay_to_real_gateway ... ok
test remote::relay_server::tests::machine_query_admission ... ok
test remote::relay_server::tests::protects_origin_when_gateway_sends_sensitive_headers ... ok
test remote::relay_server::tests::r4_browser_discovery_routes_not_intercepted_by_websocket ... ok
test remote::relay_server::tests::r4_preference_route_not_intercepted_by_websocket ... ok
test remote::relay_server::tests::r4_strict_utf8_query ... ok
test remote::relay_server::tests::r4_sustained_admission_and_cancel_cleanup ... ok
test remote::relay_server::tests::rejects_registration_when_capability_format_is_invalid ... ok
test remote::relay_server::tests::routes_session_when_path_is_colon_scoped ... ok
test remote::relay_server::tests::test_control_challenge_domain_separation ... ok
test remote::relay_server::tests::test_http_response_framing ... ok
test remote::relay_server::tests::test_install_script_and_download_cli_routes ... ok
test remote::relay_server::tests::test_key_store_corruption_and_write_failure_fail_closed ... ok
test remote::relay_server::tests::test_machine_ownership_survives_restart_and_private_enrollment ... ok
test remote::relay_server::tests::test_p01_edge_claim_lease_timeout_allows_reclaim ... ok
test remote::relay_server::tests::test_p01_edge_claim_rollback_when_already_expired_marks_expired ... ok
test remote::relay_server::tests::test_p01_edge_concurrent_double_claim_exactly_one_wins ... ok
test remote::relay_server::tests::test_p01_edge_lease_expiry_enforced_after_rollback ... ok
test remote::relay_server::tests::test_p01_edge_rollback_must_not_resurrect_consumed ... ok
test remote::relay_server::tests::test_p01_edge_stale_claim_fence_cannot_rollback_or_consume_newer_claim ... ok
test remote::relay_server::tests::test_p01_regression_pair_exchange_5xx_failure_allows_retry ... ok
test remote::relay_server::tests::test_p01_regression_pair_exchange_transport_error_allows_retry ... ok
test remote::relay_server::tests::test_phase4_relay_valid_socket_target_allows_browser ... ok
test remote::relay_server::tests::test_relay_504_stage_discriminator_data_pairing_timeout ... ok
test remote::relay_server::tests::test_relay_504_stage_discriminator_upstream_transfer_timeout ... ok
test remote::relay_server::tests::test_relay_admission_rate_limiting ... ok
test remote::relay_server::tests::test_relay_browser_ws_terminal_bridge_success ... ok
test remote::relay_server::tests::test_relay_cors_preflight_and_headers ... ok
test remote::relay_server::tests::test_relay_dispatch_rejects_a_replaced_control_channel ... ok
test remote::relay_server::tests::test_relay_ed25519_control_handshake_success ... ok
test remote::relay_server::tests::test_relay_ed25519_control_handshake_wrong_sig_rejected ... ok
test remote::relay_server::tests::test_relay_ed25519_stale_timestamp_rejected ... ok
test remote::relay_server::tests::test_relay_generation_safe_cleanup_and_limits ... ok
test remote::relay_server::tests::test_relay_key_store_merges_concurrent_enrollments_and_rejects_corrupt_records ... ok
test remote::relay_server::tests::test_relay_key_store_transaction_is_cross_process ... ok
test remote::relay_server::tests::test_relay_machine_hijack_with_different_key_fails ... ok
test remote::relay_server::tests::test_relay_multi_machine_concurrent_registration ... ok
test remote::relay_server::tests::test_relay_pair_exchange_lockout_after_failures ... ok
test remote::relay_server::tests::test_relay_pair_exchange_success ... ok
test remote::relay_server::tests::test_relay_pair_exchange_unknown_pin_returns_404 ... ok
test remote::relay_server::tests::test_relay_pairing_claim_requires_the_live_control_identity ... ok
test remote::relay_server::tests::test_relay_pairing_claim_uses_relay_generation_not_client_attempt_counter ... ok
test remote::relay_server::tests::test_relay_register_pairing_caps_lease_lifetime ... ok
test remote::relay_server::tests::test_relay_register_pairing_is_idempotent_for_identical_retries ... ok
test remote::relay_server::tests::test_relay_reverse_tunnel_multiplex ... ok
test remote::relay_server::tests::test_relay_socket_ticket_expired_rejected ... ok
test remote::relay_server::tests::test_relay_socket_ticket_issuance_and_single_use ... ok
test remote::relay_server::tests::test_relay_stream_half_is_bound_to_the_allocating_control_generation ... ok
test remote::relay_server::tests::test_relay_transaction_lock_probe_child ... ok
test remote::relay_server::tests::test_relay_unissued_session_rejected ... ok
test remote::relay_server::tests::test_security_concurrent_two_daemon_isolation ... ok
test remote::relay_server::tests::test_security_expired_pin_claim_rejected ... ok
test remote::relay_server::tests::test_security_fleet_pin_brute_force_lockout ... ok
test remote::relay_server::tests::test_security_machine_id_hijack_rejection ... ok
test remote::relay_server::tests::test_security_role_swap_prevention ... ok
test remote::relay_server::tests::test_socket_ticket_cache_keeps_two_valid_tokens_for_one_machine ... ok
test remote::relay_server::tests::test_socket_ticket_cold_cache_rejects_never_issued_bearer ... ok
test remote::relay_server::tests::test_socket_ticket_expired_cache_rechecks_gateway_and_rejects_revoked_bearer ... ok
test remote::relay_server::tests::test_socket_ticket_gateway_confirmed_bearer_is_granted_and_cached ... ok
test remote::relay_server::tests::the_relay_carries_an_account_attach_only_as_ciphertext ... ok
test remote::sealed_offer::tests::sealed_offer_rejects_a_different_recipient ... ok
test remote::sealed_offer::tests::sealed_offer_rejects_tampering_and_context_changes ... ok
test remote::sealed_offer::tests::sealed_offer_round_trips_and_hides_the_token ... ok
test remote::server::attention_inventory_tests::remote_attention_inventory_keeps_other_projects_and_unseen_done ... ok
test remote::server::machine_input_cancellation_tests::input_is_cancelled_when_full_queue_precedes_close ... ok
test remote::server::machine_input_cancellation_tests::input_is_cancelled_when_generation_is_replaced ... ok
test remote::server::machine_input_cancellation_tests::input_is_cancelled_when_grant_is_revoked ... ok
test remote::server::machine_input_cancellation_tests::input_is_cancelled_when_socket_disconnects ... ok
test remote::server::machine_input_cancellation_tests::sibling_pty_is_responsive_when_first_input_is_saturated ... ok
test remote::server::machine_output_writer::tests::blocked_tcp_write_expires_when_ten_seconds_elapse ... ok
test remote::server::machine_output_writer::tests::blocked_tcp_write_is_cancelled_when_output_overflows ... ok
test remote::server::machine_output_writer::tests::serialized_controls_and_frames_are_rejected_when_wire_allowance_is_exceeded ... ok
test remote::server::p19_insecure_direct_tests::test_p19_cgnat_address_with_authoritative_overlay_proof_is_exempt ... ok
test remote::server::p19_insecure_direct_tests::test_p19_cgnat_address_without_overlay_proof_is_gated ... ok
test remote::server::p19_insecure_direct_tests::test_p19_non_loopback_direct_with_insecure_opt_in_binds_and_serves ... ok
test remote::server::p19_insecure_direct_tests::test_p19_non_loopback_direct_without_insecure_opt_in_refuses_to_serve ... ok
test remote::server::p19_insecure_direct_tests::test_p19_overlay_mode_tailscale_unaffected ... ok
test remote::server::p20_insecure_relay_tests::test_p20_development_insecure_flag_allows_rfc1918_but_forbids_public ... ok
test remote::server::p20_insecure_relay_tests::test_p20_loopback_http_and_non_loopback_https_allowed ... ok
test remote::server::p20_insecure_relay_tests::test_p20_non_loopback_http_relay_url_rejected_with_typed_error ... ok
test remote::server::p20_insecure_relay_tests::test_p20_server_startup_rejects_insecure_custom_relay ... ok
test remote::server::p20_insecure_relay_tests::test_p20_ws_auto_conversion_only_for_allowed_cases ... ok
test remote::server::preference_http_tests::ac09_preferences_redact_paths_when_authenticated ... ok
test remote::server::preference_http_tests::ac09_private_http_child ... ok
test remote::server::tests::a03_absent_machine_service_is_private_and_unavailable ... ok
test remote::server::tests::a03_forged_exchange_fields_cannot_upgrade_mirror_authority ... ok
test remote::server::tests::a03_identity_runs_offthread_and_revocation_fences_response ... ok
test remote::server::tests::a03_machine_auth_errors_are_private_json ... ok
test remote::server::tests::r3_http_boundary_contract ... ok
test remote::server::tests::relay_startup_connects_without_machine_token ... ok
test remote::server::tests::test_active_session_focus_watcher_ignores_transient_none ... ok
test remote::server::tests::test_get_active_running_sessions_independent_of_desktop ... ok
test remote::server::tests::test_headless_auto_spawns_default_shell ... ok
test remote::server::tests::test_listener_bind_loopback ... ok
test remote::server::tests::test_machine_terminal_input_throttled_under_saturation_preserves_order ... ok
test remote::server::tests::test_phase4_gateway_browser_ws_single_use_ticket_admission ... ok
test remote::server::tests::test_phase4_server_valid_socket_target_allows_browser ... ok
test remote::server::tests::test_push_auth ... ok
test remote::server::tests::test_r4_3_desktop_scope_is_derived_server_side_not_from_query ... ok
test remote::server::tests::test_r4_4_live_socket_terminates_on_device_revocation ... ok
test remote::server::tests::test_r4_6_receiver_attachment_is_passive_and_teardown_halts_capture ... ok
test remote::server::tests::test_r5_14_writer_ordering_barrier_and_bounded_shutdown ... ok
test remote::server::tests::test_r5_3_absent_scope_fails_closed_and_enforces_inventory ... ok
test remote::server::tests::test_r5_4_scope_watch_terminates_socket_during_await ... ok
test remote::server::tests::test_r6_4_scope_change_interrupts_inline_dispatch_await ... ok
test remote::server::tests::test_spawn_shell_method ... ok
test remote::server::tests::test_workspace_worktrees_scoped_request_and_not_found ... ok
test remote::server::tests::test_worktree_list_failure_returns_structured_error_not_200_empty ... ok
test remote::session_transport::tests::a_legacy_session_stays_plain ... ok
test remote::session_transport::tests::a_proxied_session_moves_plaintext_both_ways ... ok
test remote::session_transport::tests::an_opaque_session_only_carries_decrypted_bytes ... ok
test remote::session_transport::tests::an_opaque_session_refuses_an_unknown_device ... ok
test remote::session_transport::tests::an_opaque_session_without_an_attach_key_fails ... ok
test remote::state::tests::credentials_are_never_placed_in_a_shared_scratch_directory ... ok
test remote::state::tests::daemon_default_state_is_off_and_uses_supplied_terminal_service ... ok
test remote::state::tests::enabled_gateway_persists_config_and_restores_on_reopen ... ok
test remote::state::tests::explicit_data_dir_override_wins_over_platform_home ... ok
test remote::state::tests::p15_offline_lan_rejects_cgnat_only_inventory ... ok
test remote::state::tests::p15_offline_lan_survives_both_route_failures ... ok
test remote::state::tests::p19_overlay_proof_fails_closed_without_authoritative_cli_confirmation ... ok
test remote::state::tests::persisted_enabled_config_file_loads_enabled_mode_with_unbound_initial_state ... ok
test remote::state::tests::relay_pairing_coordinator_registers_the_pin_with_the_relay ... ok
test remote::state::tests::relay_pairing_preserves_the_requested_permission ... ok
test remote::state::tests::stopping_a_relay_clears_only_its_own_published_coordinator ... ok
test remote::state::tests::test_interface_resolver_address_selection ... ok
test remote::state::tests::test_interface_resolver_multihoming ... ok
test remote::state::tests::test_interface_resolver_portable ... ok
test remote::state::tests::test_phase4_gateway_state_browser_backend_and_epoch_bump ... ok
test remote::state::tests::test_relay_mode_configuration ... ok
test remote::state::tests::test_workspace_snapshot_expired_cache_awaits_rebuild_and_reflects_external_changes ... ok
test remote::state::tests::unix_resolves_under_home_and_ignores_windows_variables ... ok
test remote::tests::machine_auth::a03_capabilities_require_authentication ... ok
test remote::tests::machine_auth::a03_cli_requires_explicit_machine_purpose ... ok
test remote::tests::machine_auth::a03_legacy_control_denies_directory_browsing ... ok
test remote::tests::machine_auth::a03_legacy_control_denies_machine_creation ... ok
test remote::tests::machine_auth::a03_machine_view_capability_cannot_issue_a_device ... ok
test remote::tests::machine_auth::a03_machine_view_pin_cannot_issue_a_device ... ok
test remote::tests::machine_auth::a03_mirror_view_issuance_preserves_view ... ok
test remote::tests::machine_auth::a03_old_persisted_grants_remain_mirror ... ok
test remote::tests::machine_auth::a03_owner_coordinator_rejects_machine_view_without_publication ... ok
test remote::tests::machine_auth::a03_owner_machine_purpose_survives_persistence_and_exchange ... ok
test remote::tests::machine_auth::a03_rejected_generation_cannot_redeem_machine_authority ... ok
test remote::tests::machine_auth::a03_router_auth_error_is_typed_and_no_store ... ok
test remote::tests::machine_auth::a03_router_scope_error_satisfies_a02_contract ... ok
test remote::tests::scoped_remote_inventory_lists_registered_projects_without_desktop ... ok
test remote::tests::security::pairing_budget_is_global_atomic_and_rotation_cannot_reset_it ... ok
test remote::tests::security::resize::v06_view_resize_denied_grid_control_allowed ... ok
test remote::tests::security::resize::v06_view_resize_denied_raw_control_allowed ... ok
test remote::tests::security::revoke_self_and_control_management_keep_status_contract ... ok
test remote::tests::security::sockets::a10_controller_generation_disconnect_and_exact_reservation_boundary ... ok
test remote::tests::security::sockets::a10_pending_machine_input_is_dropped_on_disconnect_and_revoke ... ok
test remote::tests::security::sockets::a10_real_socket_reservation_transfers_http_close_authority ... ok
test remote::tests::security::sockets::a_permanent_device_token_in_the_query_string_is_rejected ... ok
test remote::tests::security::sockets::gateway_issues_single_use_socket_tickets_and_rejects_a_replayed_one ... ok
test remote::tests::security::sockets::gateway_refuses_to_mint_a_socket_ticket_without_a_valid_bearer ... ok
test remote::tests::security::sockets::gateway_socket_ticket_is_bound_to_its_requested_target ... ok
test remote::tests::security::sockets::revoke_before_event_upgrade_is_not_lost ... ok
test remote::tests::security::sockets::revoke_before_grid_upgrade_is_not_lost ... ok
test remote::tests::security::sockets::revoke_before_raw_upgrade_is_not_lost ... ok
test remote::tests::security::sockets::revoke_cancels_pending_grid_input ... ok
test remote::tests::security::sockets::revoke_cancels_pending_raw_input ... ok
test remote::tests::security::sockets::revoke_closes_all_event_sockets_only_for_that_device ... ok
test remote::tests::security::sockets::revoke_closes_all_grid_sockets_only_for_that_device ... ok
test remote::tests::security::sockets::revoke_closes_all_raw_sockets_only_for_that_device ... ok
test remote::tests::security::sockets::revoke_during_grid_attachment_prevents_upgrade ... ok
test remote::tests::security::sockets::revoke_during_raw_attachment_prevents_upgrade ... ok
test remote::tests::security::sockets::ssh_reconnect_safety_web_grid_gap_order ... ok
test remote::tests::security::sockets::ssh_reconnect_safety_web_grid_status_input_probe ... ok
test remote::tests::security::sockets::ssh_reconnect_safety_web_raw_gap_order ... ok
test remote::tests::security::sockets::ssh_reconnect_safety_web_raw_status_input_probe ... ok
test remote::tests::security::static_portable_paths_and_assets ... ok
test remote::tests::security::static_raw_traversal_is_rejected ... ok
test remote::tests::security::static_symlinks_cannot_escape_dist ... ok
test remote::tests::security::view_cannot_revoke_another_device ... ok
test remote::tests::ssh::registered_ssh_project_can_be_selected_without_local_registration ... ok
test remote::tests::ssh::registered_ssh_project_is_listed_without_a_focused_terminal ... ok
test remote::tests::ssh::ssh_control_handles_generation_fenced_remote_resize_and_status ... ok
test remote::tests::ssh::ssh_session_retains_its_workspace_in_remote_routing ... ok
test remote::tests::test_active_desktop_terminal_contract_and_safe_selection_bridge ... ok
test remote::tests::test_active_selection_change_is_broadcast_to_authenticated_event_clients ... ok
test remote::tests::test_active_selection_is_visible_to_a_receiver_that_subscribes_afterwards ... ok
test remote::tests::test_auth_manager_pairing_and_revocation ... ok
test remote::tests::test_authenticated_event_clients_receive_selection_changes_after_the_snapshot ... ok
test remote::tests::test_authenticated_event_clients_receive_the_current_active_selection_on_connect ... ok
test remote::tests::test_concurrent_cold_snapshot_requests_coalesce_to_one_git_discovery ... ok
test remote::tests::test_connected_terminal_websocket_closed_when_active_selection_changes ... ok
test remote::tests::test_daemon_owned_remote_chain_end_to_end ... ok
test remote::tests::test_daemon_pairing_and_revocation_authority ... ok
test remote::tests::test_daemon_remote_worktree_selection_then_grid_terminal_control ... ok
test remote::tests::test_derive_session_metadata_matches_workspace ... ok
test remote::tests::test_desktop_ipc_active_selection_lifecycle ... ok
test remote::tests::test_grid_render_attach_sends_full_frame_with_session_dimensions ... ok
test remote::tests::test_grid_render_initial_frame_uses_requested_viewport_dimensions ... ok
test remote::tests::test_grid_render_live_pty_output_emits_grid_frame_after_attach ... ok
test remote::tests::test_grid_render_resize_returns_full_frame_with_requested_geometry ... ok
test remote::tests::test_gui_remote_forwarding_and_no_gui_gateway_ownership ... ok
test remote::tests::test_headless_handover_workspace_state_selects_live_session_without_desktop_selection ... ok
test remote::tests::test_legacy_terminal_socket_emits_binary_snapshot_without_grid_text_frames ... ok
test remote::tests::test_occupied_port_enable_does_not_persist_enabled_intent ... ok
test remote::tests::test_remote_active_selection_safe_tab_descriptors_and_no_path_leakage ... ok
test remote::tests::test_remote_gateway_legacy_peer_attach_write_output_exit_and_listing ... ok
test remote::tests::test_remote_listener_persistence_and_startup_restoration_lifecycle ... ok
test remote::tests::test_remote_select_workspace_with_tab_selector_and_primary_worktree ... ok
test remote::tests::test_remote_server_health_and_lifecycle ... ok
test remote::tests::test_remote_server_rejects_off_mode_without_binding ... ok
test remote::tests::test_remote_server_serves_spa_index_html ... ok
test remote::tests::test_remote_terminal_forced_lag_replays_with_explicit_gap_and_sequence_metadata ... ok
test remote::tests::test_remote_terminal_tab_info_serializes_and_deserializes_session_id ... ok
test remote::tests::test_repeated_workspace_state_reads_do_not_rerun_git_discovery_and_refresh_on_change ... ok
test remote::tests::test_resolve_dist_dir_isolated_runtime_debug_fallback ... ok
test remote::tests::test_resolve_dist_dir_packaged_macos_bundle_layout ... ok
test remote::tests::test_resolve_dist_dir_packaged_windows_or_linux_bundle_layout ... ok
test remote::tests::test_successful_enable_restores_and_disable_remains_off ... ok
test remote::tests::test_terminal_preferences_requires_a_valid_unrevoked_remote_token ... ok
test remote::tests::test_workspace_snapshot_refreshes_external_git_worktree_changes_after_interval ... ok
test remote::tests::test_workspace_snapshot_started_before_revision_change_is_not_marked_current ... ok
test remote::tests::test_workspace_state_agent_activity_and_worktree_attention_rollup ... ok
test remote::workspace_api::child_tests::async_child_cancellation_and_revocation_reap_active_process ... ok
test remote::workspace_api::child_tests::child_from_current_thread_runtime ... ok
test remote::workspace_api::child_tests::child_from_multi_thread_runtime_and_blocking_worker ... ok
test remote::workspace_api::child_tests::child_without_runtime ... ok
test remote::workspace_api::child_tests::r12_child_output_and_deadline ... ok
test remote::workspace_api::child_tests::request_drop_interrupts_active_worktree_git ... ok
test remote::workspace_api::worktrees::authority_tests::followthrough_delete_publication_blocks_spawn ... ok
test remote::workspace_api::worktrees::authority_tests::followthrough_owner_crash_while_git_active ... ok
test remote::workspace_api::worktrees::authority_tests::followthrough_prune_partial_replays_after_restart ... ok
test remote::workspace_api::worktrees::authority_tests::followthrough_write_failures_non_head_and_prunable_preview ... ok
test remote::workspace_api::worktrees::authority_tests::interrupted_git_transaction_restart_never_repeats ... ok
test remote::workspace_api::worktrees::authority_tests::interrupted_worktree_owner_child ... ok
test remote::workspace_api::worktrees::authority_tests::local_worktree_error_wire_roundtrip ... ok
test remote::workspace_api::worktrees::authority_tests::local_worktree_errors_survive_owner_wire_and_native_adapter ... ok
test remote::workspace_api::worktrees::authority_tests::owner_http_gate_and_eight_admissions ... ok
test remote::workspace_api::worktrees::authority_tests::typed_owner_repair_private_uds_and_native_adapter ... ok
test remote::workspace_api::worktrees::publication_tests::cancelled_publication_preserves_unknown_after_git ... ok
test remote::workspace_api::worktrees::wire_proof_tests::non_head_and_partial_prune_wires ... 
running 1 test
A08_WIRE_HANDSHAKE owner_pid=5559 exact=true socket=/tmp/a08-wire-LwCueR/runtime/daemon.sock http=127.0.0.1:52640
A08_WIRE_HTTP_REQUEST method=POST endpoint=http://127.0.0.1:52640/api/v1/workspace/worktrees body={"baseRef":"HEAD~1","requestId":"579d5e3c-0b02-43fe-8a9a-0c9b3765bcc8","workspaceId":"wire-proof","worktree":{"slug":"non-head","wsId":"wire-proof"}}
A08_WIRE_HTTP_RESPONSE status=201 body={"bare":false,"branch":"refs/heads/orca/wire-proof/non-head","detached":false,"head":"d0ebaa23d68b08cebec948bcbd6c9df85b06279d","identity":{"slug":"non-head","wsId":"wire-proof"},"locked":null,"managed":true,"path":"/private/tmp/a08-wire-LwCueR/repo/.orca-worktrees/wire-proof/non-head","prunable":null,"workspaceId":"wire-proof"}
A08_WIRE_NON_HEAD first_http=201 base=d0ebaa23d68b08cebec948bcbd6c9df85b06279d original_head=d1e5677d78456bd38ad0db807703c5f89bb6f0b7 actual_checkout_equal=true
A08_WIRE_UDS_REQUEST {"baseRef":null,"type":"createWorktree","workspaceId":"wire-proof","worktree":{"slug":"local-prune","wsId":"wire-proof"}}
A08_WIRE_UDS_RESPONSE {"type":"createWorktreeOk","worktree":{"bare":false,"branch":"refs/heads/orca/wire-proof/local-prune","detached":false,"head":"d1e5677d78456bd38ad0db807703c5f89bb6f0b7","locked":null,"path":"/private/tmp/a08-wire-LwCueR/repo/.orca-worktrees/wire-proof/local-prune","prunable":null}}
A08_WIRE_UDS_REQUEST {"deleteBranch":true,"destructive":false,"type":"deleteWorktree","workspaceId":"wire-proof","worktree":{"slug":"local-prune","wsId":"wire-proof"}}
A08_WIRE_UDS_RESPONSE {"error":{"code":"WORKTREE_REMOVED_PRUNE_FAILED","details":{"branchDeleted":false,"cause":{"code":"GIT_ERROR","details":{"command":"git worktree prune","exitCode":128,"stderr":"fatal: Expected git repo version <= 1, found 999"},"message":"Git command failed (git worktree prune): fatal: Expected git repo version <= 1, found 999 (exit code: Some(128))"},"path":"/private/tmp/a08-wire-LwCueR/repo/.orca-worktrees/wire-proof/local-prune","pruned":false,"worktreeRemoved":true},"message":"Worktree '/private/tmp/a08-wire-LwCueR/repo/.orca-worktrees/wire-proof/local-prune' was removed but prune failed: Git command failed (git worktree prune): fatal: Expected git repo version <= 1, found 999 (exit code: Some(128))"},"type":"worktreeError"}
A08_WIRE_PRUNE legacy=false removed=true branch_preserved=true config_restored=true publication_received=true
A08_WIRE_UDS_REQUEST {"baseRef":null,"type":"createWorktree","workspaceId":"wire-proof","worktree":{"slug":"legacy-prune","wsId":"wire-proof"}}
A08_WIRE_UDS_RESPONSE {"type":"createWorktreeOk","worktree":{"bare":false,"branch":"refs/heads/orca/wire-proof/legacy-prune","detached":false,"head":"d1e5677d78456bd38ad0db807703c5f89bb6f0b7","locked":null,"path":"/private/tmp/a08-wire-LwCueR/repo/.orca-worktrees/wire-proof/legacy-prune","prunable":null}}
A08_WIRE_HTTP_REQUEST method=DELETE endpoint=http://127.0.0.1:52640/api/v1/workspace/worktrees body={"deleteBranch":true,"workspaceId":"wire-proof","worktree":{"slug":"legacy-prune","wsId":"wire-proof"}}
A08_WIRE_HTTP_RESPONSE status=409 body={"error":{"code":"WORKTREE_REMOVED_PRUNE_FAILED","details":{"branchDeleted":false,"pruned":false,"worktreeRemoved":true},"message":"WORKTREE_REMOVED_PRUNE_FAILED","requestId":"59b8cc37-0256-4c52-b32a-d5b820a17037","retryable":false}}
A08_WIRE_PRUNE legacy=true removed=true branch_preserved=true config_restored=true publication_received=true
A08_WIRE_LISTENERS joined=true clients_joined=true tcp_refused=true uds_refused=true socket_removed=true failed=false
A08_WIRE_OWNER pid=5559 runtime_joined=true git_children=ECHILD failed=false
test remote::workspace_api::worktrees::wire_proof_tests::private_wire_owner ... ok

test result: ok. 1 passed; 0 failed; 0 ignored; 0 measured; 2120 filtered out; finished in 1.05s

ok
test remote::workspace_api::worktrees::wire_proof_tests::private_wire_owner ... ok
test remote::workspace_api_tests::a07_http_request_failure_joins_fixture ... ok
test remote::workspace_api_tests::a07_journal_restart_and_device_scope ... ok
test remote::workspace_api_tests::a07_project_http_registration ... ok
test remote::workspace_api_tests::r12_crash_owner ... ok
test remote::workspace_api_tests::r12_list_gate_and_admission ... ok
test remote::workspace_api_tests::r12_real_kill_windows ... ok
test remote::workspace_api_tests::r12_revocation_fences ... ok
test remote::workspace_api_tests::r12_router_auth_admission ... ok
test remote::workspace_api_tests::r12_router_incomplete_body ... ok
test remote::workspace_api_tests::r12_unreadable_root ... ok
test remote::workspace_api_tests::r1_topology_after_gate_http ... ok
test rollout_tests::a24_rollback_waits_for_drain_and_preserves_unrelated_owner ... ok
test scoped_contracts::tests::epoch_rejects_noncanonical_or_out_of_range_wire_values ... ok
test scoped_contracts::tests::paired_daemon_target_decodes_without_local_fallback ... ok
test scoped_contracts::tests::producer_boundaries_roundtrip ... ok
test scoped_contracts::tests::result_rejects_mismatched_discriminants ... ok
test scoped_contracts::tests::shared_envelopes_roundtrip ... ok
test scoped_contracts::tests::target_roundtrip_preserves_full_u64_epoch_as_string ... ok
test session::tests::test_concurrent_saves_never_publish_mixed_documents ... ok
test session::tests::test_corrupted_session_recovery ... ok
test session::tests::test_save_self_heals_unreadable_session ... ok
test session::tests::test_session_save_load_clear_cycle ... ok
test shortcut_dispatch::tests::missing_window_does_not_consume_shortcut ... ok
test shortcut_dispatch::tests::shortcuts_reach_listeners_with_browser_children ... ok
test ssh::agent_forward::tests::forward_plan_requests_loopback_remote_forward_without_clear_all_forwardings ... ok
test ssh::agent_forward::tests::live_forward_delivers_remote_report_into_the_hub ... ignored, live SSH proof: needs an SSH host running bash (FERRYX_QA_SSH_HOST, default omarchy)
test ssh::agent_forward::tests::parse_allocated_port_reads_openssh_notice ... ok
test ssh::agent_forward::tests::unresolved_and_unauthenticated_reports_never_publish ... ok
test ssh::bridge::tests::ssh_bridge_cursor_canonical_decimal_u64_parsing ... ok
test ssh::bridge::tests::ssh_bridge_dag_frame_ordering_requires_contiguity_or_resync ... ok
test ssh::bridge::tests::ssh_bridge_dag_subscription_drop_releases_helper_and_keeps_pty_alive ... ok
test ssh::bridge::tests::ssh_bridge_dag_subscription_rejects_unregistered_project ... ok
test ssh::bridge::tests::ssh_bridge_dag_subscription_released_after_eof_during_blocked_next ... ok
test ssh::bridge::tests::ssh_bridge_dag_subscription_streams_inventory_updates_and_cancels ... ok
test ssh::bridge::tests::ssh_bridge_frame_framing_roundtrip_and_size_bounds ... ok
test ssh::bridge::tests::ssh_bridge_handshake_independently_validates_configured_host_and_target_identity ... ok
test ssh::bridge::tests::ssh_bridge_handshake_verifies_host_and_epoch ... ok
test ssh::bridge::tests::ssh_bridge_independent_read_does_not_block_control ... ok
test ssh::bridge::tests::ssh_bridge_lifecycle_poison_on_timeout_cancel_and_eof_reaping ... ok
test ssh::bridge::tests::ssh_bridge_live_loopback_openssh_connection ... ok
test ssh::bridge::tests::ssh_bridge_real_pty_large_session_writes_do_not_block_other_session ... ok
test ssh::bridge::tests::ssh_bridge_remote_pid_does_not_expose_signal_target ... ok
test ssh::bridge::tests::ssh_bridge_single_attempt_write_does_not_queue ... ok
test ssh::bridge::tests::ssh_bridge_spawn_retry_requires_matching_client_request_id ... ok
test ssh::bridge::tests::ssh_bridge_target_expired_fails_explicitly_never_spawns ... ok
test ssh::bridge::tests::ssh_bridge_target_mismatch_on_describe_or_read_is_rejected ... ok
test ssh::bridge::tests::ssh_reconnect_safety_setup_error_preserves_structured_fields ... ok
test ssh::bridge::tests::test_ssh_bridge_dag_inventory_and_poll ... ok
test ssh::bridge::transfer_tests::test_bridge_drop_after_detach_does_not_kill_child ... ok
test ssh::bridge::transfer_tests::test_bridge_freeze_export_import_roundtrip ... ok
test ssh::bridge::transfer_tests::test_bridge_poisoned_connection_export_rejected ... ok
test ssh::bridge::transfer_tests::test_ssh_bridge_client_transfer_roundtrip ... ok
test ssh::browse::tests::bounds_large_listings_and_distinguishes_unreadable_directories ... ok
test ssh::browse::tests::decodes_windows_drive_roots_and_flags_unsupported_names ... ok
test ssh::browse::tests::empty_directory_succeeds_but_missing_directory_fails ... ok
test ssh::browse::tests::lists_real_directories_without_files_and_preserves_literal_names ... ok
test ssh::browse::tests::rejects_malformed_frames_and_reports_truncation ... ok
test ssh::browse::tests::rejects_missing_and_disabled_hosts_before_any_connection ... ok
test ssh::browse::tests::resolves_home_using_remote_platform_not_local_os ... ok
test ssh::browse::tests::skips_non_utf8_entry_names_but_rejects_invalid_metadata ... ok
test ssh::config::home_preference_tests::preferred_ssh_home_orders_by_platform ... ok
test ssh::config::tests::p10_identity_file_config_quoting_grammar ... ok
test ssh::config::tests::p10_identity_file_import_preserves_semantic_argv ... ok
test ssh::config::tests::red_import_caps_at_100 ... ok
test ssh::config::tests::red_import_dedupes_against_tombstones_and_caps ... ok
test ssh::config::tests::red_include_depth_and_cycle_guards ... ok
test ssh::config::tests::red_include_relative_glob_and_first_wins ... ok
test ssh::config::tests::red_malformed_lines_are_skipped ... ok
test ssh::config::tests::red_missing_include_is_skipped_without_panic ... ok
test ssh::config::tests::red_parse_extracts_named_aliases_only ... ok
test ssh::config::tests::red_token_expansion_d_h_r_u ... ok
test ssh::direct::tests::automated_commands_disable_tty_even_when_ssh_config_requests_one ... ok
test ssh::direct::tests::deadline_terminates_and_reaps_probe ... ok
test ssh::direct::tests::failed_probe_distinguishes_non_utf8_and_empty_stderr ... ok
test ssh::direct::tests::failed_probe_reports_exit_and_caps_output ... ok
test ssh::direct::tests::install_remote_extension_script_creates_and_populates_extension ... ok
test ssh::direct::tests::malformed_probe_output_cannot_become_a_local_project ... ok
test ssh::direct::tests::red_identity_file_accepts_windows_tilde_path ... ok
test ssh::direct::tests::remote_shell_probe_canonicalizes_quoted_directory_and_reports_plain_or_git ... ok
test ssh::direct::tests::shell_plan_with_session_forwards_agent_state_socket_and_exports_env ... ok
test ssh::direct::tests::ssh_bridge_plan_options_disable_tty_and_enforce_strict_host_keys ... ok
test ssh::direct::tests::ssh_bridge_plan_windows_uses_raw_child_stdio_forwarding ... ok
test ssh::direct::tests::ssh_reconnect_safety_plan_does_not_update_host_keys ... ok
test ssh::direct::tests::startup_plan_honors_saved_options_and_quotes_remote_root ... ok
test ssh::direct::tests::unsafe_connection_tokens_and_paths_are_rejected ... ok
test ssh::direct::tests::upload_temp_command_rejects_names_that_could_escape_the_scratch_directory ... ok
test ssh::direct::tests::upload_temp_command_writes_stdin_to_a_private_file_and_prints_its_path ... ok
test ssh::exec::tests::probe_honors_saved_connection_options ... ok
test ssh::exec::tests::red_interactive_argv_flags ... ok
test ssh::exec::tests::red_probe_argv_shape ... ok
test ssh::exec::tests::red_windows_ssh_resolution ... ok
test ssh::helper_assets::tests::darwin_targets_expose_triples_and_unsuffixed_filename ... ok
test ssh::helper_assets::tests::manifest_serialization_and_lookup ... ok
test ssh::helper_assets::tests::resolve_helper_asset_rejects_byte_length_mismatch ... ok
test ssh::helper_assets::tests::resolve_helper_asset_rejects_checksum_mismatch ... ok
test ssh::helper_assets::tests::resolve_helper_asset_rejects_directory_traversal_filename ... ok
test ssh::helper_assets::tests::resolve_helper_asset_rejects_incompatible_schema_or_protocol ... ok
test ssh::helper_assets::tests::resolve_helper_asset_verifies_checksum_and_structure ... ok
test ssh::helper_assets::tests::resolve_target_normalizes_darwin ... ok
test ssh::helper_assets::tests::resolve_target_normalizes_linux_aarch64 ... ok
test ssh::helper_assets::tests::resolve_target_normalizes_linux_x86_64 ... ok
test ssh::helper_assets::tests::resolve_target_normalizes_windows_x64 ... ok
test ssh::helper_assets::tests::resolve_target_rejects_ambiguous_posix_and_unsupported_os ... ok
test ssh::helper_assets::tests::resolve_target_rejects_unsupported_architectures ... ok
test ssh::helper_runtime::helper::dag_stream::dag_stream_tests::dag_inventory_drains_pending_files_before_advancing_resync_cursor ... ok
test ssh::helper_runtime::helper::dag_stream::dag_stream_tests::dag_subscribe_bounds_dropped_reports_per_frame ... ok
test ssh::helper_runtime::helper::dag_stream::dag_stream_tests::dag_subscribe_does_not_redeliver_concurrently_requeued_unchanged_file ... ok
test ssh::helper_runtime::helper::dag_stream::dag_stream_tests::dag_subscribe_emits_same_mtime_content_change_without_known_runs ... ok
test ssh::helper_runtime::helper::dag_stream::dag_stream_tests::dag_subscribe_rejects_unregistered_project ... ok
test ssh::helper_runtime::helper::dag_stream::dag_stream_tests::dag_subscribe_reports_oversized_snapshot_instead_of_truncating ... ok
test ssh::helper_runtime::helper::dag_stream::dag_stream_tests::dag_subscribe_streams_inventory_then_asynchronous_update ... ok
test ssh::helper_runtime::helper::dag_stream::dag_stream_tests::dag_subscribe_suppresses_unchanged_checkpoint_rewrite ... ok
test ssh::helper_runtime::helper::dag_stream::dag_stream_tests::dag_unsubscribe_wakes_parked_consumer_and_releases_subscription ... ok
test ssh::helper_runtime::helper::ferryx_scope::ssh::helper::prepare_spawn_cwd_tests::drive_and_posix_cwd_spawnable ... ok
test ssh::helper_runtime::helper::ferryx_scope::ssh::helper::prepare_spawn_cwd_tests::plain_drive_path_unchanged ... ok
test ssh::helper_runtime::helper::ferryx_scope::ssh::helper::prepare_spawn_cwd_tests::posix_path_unchanged ... ok
test ssh::helper_runtime::helper::ferryx_scope::ssh::helper::prepare_spawn_cwd_tests::rejection_of_cwd_outside_root_forbidden ... ok
test ssh::helper_runtime::helper::ferryx_scope::ssh::helper::prepare_spawn_cwd_tests::unc_cwd_rejected_with_explicit_error ... ok
test ssh::helper_runtime::helper::ferryx_scope::ssh::helper::prepare_spawn_cwd_tests::verbatim_drive_path_strips_prefix ... ok
test ssh::helper_runtime::helper::ferryx_scope::ssh::helper::prepare_spawn_cwd_tests::verbatim_unc_normalizes_then_rejects ... ok
test ssh::helper_runtime::helper::ferryx_scope::ssh::helper::prepare_spawn_cwd_tests::verbatim_unc_strips_prefix ... ok
test ssh::helper_runtime::helper::helper_core_tests::helper_dag_inventory_and_poll_operations ... ok
test ssh::helper_runtime::helper::helper_core_tests::helper_dag_poll_delivers_changed_known_run_at_same_mtime ... ok
test ssh::helper_runtime::helper::helper_core_tests::helper_dag_poll_suppresses_unchanged_known_snapshot ... ok
test ssh::helper_runtime::helper::helper_core_tests::helper_dag_rejects_unregistered_directory_as_project_id ... ok
test ssh::helper_runtime::helper::helper_core_tests::helper_handshake_includes_helper_version ... ok
test ssh::helper_runtime::helper::helper_core_tests::helper_process_version_flag_prints_version ... ok
test ssh::helper_runtime::helper::helper_core_tests::ssh_input_isolation_blocked_writer_does_not_stall_same_session_describe_or_read ... ok
test ssh::helper_runtime::helper::helper_core_tests::ssh_input_isolation_blocked_writer_does_not_stall_same_session_resize ... ok
test ssh::helper_runtime::helper::helper_core_tests::ssh_input_isolation_blocked_writer_does_not_stall_unrelated_session ... ok
test ssh::helper_runtime::helper::helper_core_tests::ssh_process_survival_binary_safe_base64_io ... ok
test ssh::helper_runtime::helper::helper_core_tests::ssh_process_survival_canonical_decimal_cursor ... ok
test ssh::helper_runtime::helper::helper_core_tests::ssh_process_survival_concurrent_spawn_atomic_reservation ... ok
test ssh::helper_runtime::helper::helper_core_tests::ssh_process_survival_default_platform_login_shell ... ok
test ssh::helper_runtime::helper::helper_core_tests::ssh_process_survival_env_retains_session_id_without_fabrication ... ok
test ssh::helper_runtime::helper::helper_core_tests::ssh_process_survival_frame_bounded_below_1mib ... ok
test ssh::helper_runtime::helper::helper_core_tests::ssh_process_survival_project_root_decoupled ... ok
test ssh::helper_runtime::helper::helper_core_tests::ssh_process_survival_respects_cols_rows ... ok
test ssh::helper_runtime::helper::helper_core_tests::ssh_process_survival_retains_pid_and_memory_state ... ok
test ssh::helper_runtime::helper::helper_core_tests::ssh_process_survival_ring_gap_detection ... ok
test ssh::helper_runtime::helper::helper_core_tests::ssh_process_survival_spawn_dedupe_and_conflict ... ok
test ssh::helper_runtime::helper::helper_core_tests::ssh_reconnect_safety_auth_and_target_validation ... ok
test ssh::helper_runtime::helper::helper_core_tests::ssh_reconnect_safety_rejects_shutdown_op ... ok
test ssh::helper_runtime::helper::helper_core_tests::ssh_reconnect_safety_target_describe_and_list_metadata ... ok
test ssh::helper_runtime::process::helper_service_tests::ssh_process_survival_bridge_allows_describe_without_stopping_runtime ... ok
test ssh::helper_runtime::process::helper_service_tests::ssh_process_survival_stale_endpoint_replaced_only_after_lock_release ... ok
test ssh::helper_runtime::process::helper_service_tests::ssh_reconnect_safety_live_runtime_cannot_be_replaced ... ok
test ssh::helper_runtime::process::helper_service_tests::ssh_reconnect_safety_rejects_symlink_root_and_endpoint ... ok
test ssh::helper_setup::tests::calver_parse_and_upgrade_decision_never_downgrades_newer_remote ... ok
test ssh::helper_setup::tests::posix_upload_script_never_kills_live_daemon_and_defers_upgrade ... ok
test ssh::helper_setup::tests::posix_upload_script_skips_kill_for_foreign_process ... ok
test ssh::helper_setup::tests::ssh_helper_setup_build_upload_script_contains_expected_tokens ... ok
test ssh::helper_setup::tests::ssh_helper_setup_decide_upgrade_matrix ... ok
test ssh::helper_setup::tests::ssh_helper_setup_default_location_posix ... ok
test ssh::helper_setup::tests::ssh_helper_setup_default_location_rejects_invalid_home ... ok
test ssh::helper_setup::tests::ssh_helper_setup_default_location_windows ... ok
test ssh::helper_setup::tests::ssh_helper_setup_ensure_started_exit_code_126_maps_to_unsupported_permissions ... ok
test ssh::helper_setup::tests::ssh_helper_setup_ensure_started_exit_code_127_maps_to_missing_helper ... ok
test ssh::helper_setup::tests::ssh_helper_setup_ensure_started_rejects_invalid_paths ... ok
test ssh::helper_setup::tests::ssh_helper_setup_ensure_started_windows_exit_1_with_sentinel_maps_to_missing_helper ... ok
test ssh::helper_setup::tests::ssh_helper_setup_ensure_started_windows_exit_1_with_sentinel_maps_to_unsupported_permissions ... ok
test ssh::helper_setup::tests::ssh_helper_setup_host_id_collision_resistance ... ok
test ssh::helper_setup::tests::ssh_helper_setup_install_rejects_empty_local_binary ... ok
test ssh::helper_setup::tests::ssh_helper_setup_install_rejects_missing_local_binary ... ok
test ssh::helper_setup::tests::ssh_helper_setup_installed_version_parses_clean_version ... ok
test ssh::helper_setup::tests::ssh_helper_setup_installed_version_rejects_unparseable_output ... ok
test ssh::helper_setup::tests::ssh_helper_setup_location_serde_round_trip ... ok
test ssh::helper_setup::tests::ssh_helper_setup_map_error_preserves_exit_255_transport_even_with_marker ... ok
test ssh::helper_setup::tests::ssh_helper_setup_map_error_rejects_contradictory_markers ... ok
test ssh::helper_setup::tests::ssh_helper_setup_map_error_retains_diagnostic_cause ... ok
test ssh::helper_setup::tests::ssh_helper_setup_parse_install_output_deferred_live_daemon ... ok
test ssh::helper_setup::tests::ssh_helper_setup_parse_install_output_rejects_missing_marker ... ok
test ssh::helper_setup::tests::ssh_helper_setup_parse_install_output_rejects_prefix_match ... ok
test ssh::helper_setup::tests::ssh_helper_setup_parse_install_output_rejects_unknown_deferred_reason ... ok
test ssh::helper_setup::tests::ssh_helper_setup_parse_install_output_success ... ok
test ssh::helper_setup::tests::ssh_helper_setup_posix_upload_script_execution_test ... ok
test ssh::helper_setup::tests::ssh_helper_setup_probe_classifies_missing_sentinel_as_missing ... ok
test ssh::helper_setup::tests::ssh_helper_setup_probe_classifies_not_executable_sentinel_as_missing ... ok
test ssh::helper_setup::tests::ssh_helper_setup_probe_classifies_ready_marker_as_installed ... ok
test ssh::helper_setup::tests::ssh_helper_setup_probe_classifies_timeout_as_unknown ... ok
test ssh::helper_setup::tests::ssh_helper_setup_probe_classifies_unexpected_output_as_unknown ... ok
test ssh::helper_setup::tests::ssh_helper_setup_probe_state_serde_camel_case ... ok
test ssh::helper_setup::tests::ssh_helper_setup_process_start_rejects_symlink_root_without_writing_log ... ok
test ssh::helper_setup::tests::ssh_helper_setup_readiness_parser_rejects_malformed_json ... ok
test ssh::helper_setup::tests::ssh_helper_setup_readiness_parser_rejects_missing_ready_event ... ok
test ssh::helper_setup::tests::ssh_helper_setup_readiness_parser_valid_ready ... ok
test ssh::helper_setup::tests::windows_upload_script_verifies_identity_and_restores_on_failure ... ok
test ssh::operations::installer_tests::failed_copy_stops_installation_and_removes_staging_files ... ok
test ssh::operations::installer_tests::successful_install_updates_all_present_agent_directories ... ok
test ssh::password::tests::argument_endpoint_lookup_matches_explicit_default_user_ipv6_and_jump ... ok
test ssh::password::tests::credentials_are_transient_endpoint_scoped_and_redacted ... ok
test ssh::password::tests::invalid_passwords_do_not_enter_store ... ok
test ssh::password::tests::stale_generation_cannot_clear_replacement ... ok
test ssh::projects::memo_tests::enabled_host_observes_new_content_after_same_length_and_mtime_rewrite_via_invalidation ... ok
test ssh::projects::memo_tests::invalidate_store_memo_clears_both_projects_and_hosts_caches ... ok
test ssh::projects::memo_tests::memoized_read_race_safe_drops_stale_entry_when_invalidated_during_read ... ok
test ssh::projects::memo_tests::resolve_memoizes_unchanged_projects_file_without_reparsing ... ok
test ssh::projects::memo_tests::resolve_observes_new_content_when_file_rewritten_with_different_size ... ok
test ssh::projects::tests::connection_failure_does_not_register_or_fall_back_to_existing_local_directory ... ok
test ssh::projects::tests::corrupted_metadata_and_identity_collision_fail_closed_without_overwrite ... ok
test ssh::projects::tests::disabled_host_registration_leaves_no_project_or_temporary_files ... ok
test ssh::projects::tests::failed_atomic_save_cleans_temporary_file ... ok
test ssh::projects::tests::identity_is_host_qualified_idempotent_and_cannot_collide_with_local_registry ... ok
test ssh::projects::tests::lead_regression_identity_uses_fixed_u64_little_endian_byte_length ... ok
test ssh::projects::tests::lead_regression_local_and_remote_same_path_can_reveal_locally ... ok
test ssh::projects::tests::lead_regression_remote_root_does_not_block_legacy_local_reveal ... ok
test ssh::projects::tests::persisted_resolve_and_enabled_host_succeeds_with_legacy_keys_mixed_keys_and_unrelated_malformed_entry ... ok
test ssh::projects::tests::stored_routing_survives_reload_and_refuses_disabled_or_deleted_host ... ok
test ssh::projects::tests::unregister_revokes_stored_routing_and_reveal_is_explicitly_unsupported ... ok
test ssh::runtime::tests::default_shell_registry_value_maps_to_matching_executor ... ok
test ssh::runtime::tests::fatal_transport_error_exit_code_255_is_identified ... ok
test ssh::runtime::tests::frames_accept_banners_but_reject_truncation_and_wrong_requests ... ok
test ssh::runtime::tests::non_fatal_timeout_has_no_exit_code_and_does_not_match_255 ... ok
test ssh::runtime::tests::paths_are_interpreted_by_the_remote_platform ... ok
test ssh::state_bridge::tests::state_reports_require_both_session_and_token ... ok
test ssh::tests::key_includes_user_and_default_port ... ok
test ssh::tests::serde_aliases_path_and_jump_host ... ok
test ssh::tests::serde_camel_case_round_trip ... ok
test ssh::tests::serde_identity_file_empty_whitespace_normalizes_to_agent_auth ... ok
test ssh::tests::serde_mixed_canonical_and_legacy_keys_prefers_canonical_without_duplicate_field_error ... ok
test ssh::tests::serde_preserves_id_byte_for_byte_and_requires_nonempty_id ... ok
test ssh::tests::serde_resilient_canonical_host_with_non_string_legacy_fields ... ok
test ssh::tests::serde_resilient_missing_label_falls_back_to_hostname_or_id ... ok
test ssh::tests::serde_resilient_omaki_payload_with_name_host_user ... ok
test ssh::tests::target_with_and_without_user ... ok
test ssh::worktree::tests::red_create_remote_option_injection_async_guard ... ok
test ssh::worktree::tests::red_create_remote_rejects_base_ref_option_injection ... ok
test ssh::worktree::tests::red_create_script_quoting_and_sanitized_branch ... ok
test ssh::worktree::tests::red_derive_ws_segment_malformed_rejected ... ok
test ssh::worktree::tests::red_list_script_marker_framed_both_platforms ... ok
test ssh::worktree::tests::red_malformed_porcelain_tolerated ... ok
test ssh::worktree::tests::red_parse_porcelain_entries ... ok
test ssh::worktree::tests::red_path_inside_root_guard ... ok
test ssh::worktree::tests::red_porcelain_parsing_of_created_output ... ok
test ssh::worktree::tests::red_posix_script_builders_executable_behavior ... Initialized empty Git repository in /private/var/folders/zh/7cc25lt91b1_dj577306nwdh0000gn/T/.tmpYqAdNe/.git/
[main (root-commit) 8bf5677] init
ok
test ssh::worktree::tests::red_worktree_remove_script_supports_force_both_platforms ... ok
test ssh::worktree::tests::remote_worktree_cross_platform_namespace_selection ... ok
test ssh::worktree::tests::test_resolve_remote_spawn_root ... ok
test terminal::foreground::tests::a_new_agent_after_a_release_is_reported_as_fresh_evidence ... ok
test terminal::foreground::tests::agent_exit_through_an_unrelated_command_still_releases ... ok
test terminal::foreground::tests::agent_identity_handles_windows_shaped_commands ... ok
test terminal::foreground::tests::agent_identity_ignores_windows_name_casing ... ok
test terminal::foreground::tests::agent_identity_reads_a_quoted_spaced_windows_command_line ... ok
test terminal::foreground::tests::agent_identity_reads_unquoted_command_lines_and_bare_binaries ... ok
test terminal::foreground::tests::agent_identity_uses_executable_or_interpreter_entry_point ... ok
test terminal::foreground::tests::executable_names_strip_the_suffix_whatever_its_casing ... ok
test terminal::foreground::tests::one_tick_snapshot_classifies_every_session ... ok
test terminal::foreground::tests::real_pty_agent_exit_releases_without_further_agent_output ... ok
test terminal::foreground::tests::unknown_and_unrelated_processes_do_not_release ... ok
test terminal::output_hub::retained_history::tests::clear_drops_retained_state_and_parser_position ... ok
test terminal::output_hub::retained_history::tests::image_flood_never_evicts_text_history ... ok
test terminal::output_hub::retained_history::tests::incomplete_trailing_sequence_is_not_retained_as_a_unit ... ok
test terminal::output_hub::retained_history::tests::multipart_image_eviction_never_leaves_orphan_continuation_commands ... ok
test terminal::output_hub::retained_history::tests::multipart_replay_preserves_interleaved_cursor_commands ... ok
test terminal::output_hub::retained_history::tests::oversized_transmission_is_never_partially_retained ... ok
test terminal::output_hub::retained_history::tests::replay_appends_the_in_flight_prefix_so_live_output_continues ... ok
test terminal::output_hub::retained_history::tests::replay_restores_attributes_and_modes_lost_to_eviction ... ok
test terminal::output_hub::retained_history::tests::retained_image_keeps_the_sequence_of_the_chunk_that_opened_it ... ok
test terminal::output_hub::retained_history::tests::retention_preserves_interleaved_stream_order ... ok
test terminal::output_hub::retained_history::tests::seal_keeps_sequence_addressable_for_resize_segmentation ... ok
test terminal::output_hub::retained_history::tests::sequence_split_across_pushes_is_retained_whole ... ok
test terminal::output_hub::retained_history::tests::text_flood_never_evicts_retained_images ... ok
test terminal::output_hub::retained_history::tests::text_interleaved_in_a_transmission_survives_image_eviction ... ok
test terminal::output_hub::tests::alloc_peak_single_materialization ... ok
test terminal::output_hub::tests::attach_mid_transmission_then_live_continuation_reconstructs_without_leaking_payload ... ok
test terminal::output_hub::tests::publish_without_raw_receivers_keeps_new_subscriber_correct ... ok
test terminal::output_hub::tests::raw_channel_keeps_legacy_capacity ... ok
test terminal::output_hub::tests::seq_broadcast_backlog_is_bounded ... ok
test terminal::output_hub::tests::ssh_process_survival_gap_precedes_recovered_bytes_and_invalidates_history ... ok
test terminal::output_hub::tests::test_bounded_buffer_overflow ... ok
test terminal::output_hub::tests::test_bounded_history_sequence_range_and_eviction ... ok
test terminal::output_hub::tests::test_monotonic_u64_sequences_per_session ... ok
test terminal::output_hub::tests::test_output_hub_bracketed_paste_retention_on_eviction ... ok
test terminal::output_hub::tests::test_output_hub_evicted_bracketed_paste_export_import_roundtrip ... ok
test terminal::output_hub::tests::test_output_hub_import_validation_failures ... ok
test terminal::output_hub::tests::test_output_hub_initial_size_and_eviction_segmented_snapshot ... ok
test terminal::output_hub::tests::test_output_hub_replay_and_broadcast ... ok
test terminal::output_hub::tests::test_output_hub_resize_ledger_and_segmented_snapshot ... ok
test terminal::output_hub::tests::test_output_hub_resize_with_no_output_after_produces_trailing_segment ... ok
test terminal::output_hub::tests::test_output_hub_state_export_import_roundtrip ... ok
test terminal::output_hub::tests::test_replay_after_last_emitted_sequence_is_bounded_unless_evicted ... ok
test terminal::output_hub::tests::test_replay_after_sequence_partial_and_up_to_date ... ok
test terminal::output_hub::tests::test_replay_gap_detection_on_eviction ... ok
test terminal::output_hub::tests::test_session_hub_direct_export_state ... ok
test terminal::output_hub::tests::test_subscriber_first_attachment_ordering_prevents_lost_chunks ... ok
test terminal::output_hub::tests::transport_claim_fences_live_owner_and_adopts_retained_history ... ok
test terminal::output_hub::vt_state::tests::evicted_sgr_attributes_are_restored_before_retained_history ... ok
test terminal::output_hub::vt_state::tests::full_reset_clears_recorded_state ... ok
test terminal::output_hub::vt_state::tests::oversized_csi_and_colon_sgr_cannot_expand_saved_state ... ok
test terminal::output_hub::vt_state::tests::prelude_orders_charset_then_modes_then_attributes ... ok
test terminal::output_hub::vt_state::tests::repeated_color_changes_have_bounded_reconstruction_state ... ok
test terminal::output_hub::vt_state::tests::sgr_inside_a_graphics_payload_is_not_recorded ... ok
test terminal::output_hub::vt_state::tests::sgr_reset_discards_earlier_attributes ... ok
test terminal::output_hub::vt_state::tests::tracked_private_modes_survive_eviction_with_latest_value ... ok
test terminal::output_hub::vt_state::tests::untracked_modes_and_non_private_modes_are_ignored ... ok
test terminal::output_hub::vt_state::tests::utf8_charset_designation_is_preserved ... ok
test terminal::output_hub::vt_stream::tests::chain_without_final_marker_still_closes ... ok
test terminal::output_hub::vt_stream::tests::control_sequence_split_across_chunks_is_never_cut_into_two_units ... ok
test terminal::output_hub::vt_stream::tests::discarded_string_preserves_split_terminator_escape ... ok
test terminal::output_hub::vt_stream::tests::discarded_string_resyncs_only_at_the_real_terminator ... ok
test terminal::output_hub::vt_stream::tests::escape_cancelling_a_string_does_not_lose_the_following_sequence ... ok
test terminal::output_hub::vt_stream::tests::iterm_multipart_file_groups_into_one_image_unit ... ok
test terminal::output_hub::vt_stream::tests::kitty_multipart_transmission_is_one_atomic_unit ... ok
test terminal::output_hub::vt_stream::tests::orphan_continuation_without_an_opener_is_dropped ... ok
test terminal::output_hub::vt_stream::tests::oversized_final_part_closes_discard_and_preserves_next_image ... ok
test terminal::output_hub::vt_stream::tests::oversized_string_keeps_a_resync_prefix_so_live_payload_cannot_leak ... ok
test terminal::output_hub::vt_stream::tests::pending_reports_the_sequence_where_it_started ... ok
test terminal::output_hub::vt_stream::tests::single_part_image_with_m0_metadata_is_retained_standalone ... ok
test terminal::output_hub::vt_stream::tests::sixel_dcs_is_classified_as_image_and_osc_title_is_text ... ok
test terminal::output_hub::vt_stream::tests::text_interleaved_into_a_transmission_is_its_own_record ... ok
test terminal::output_hub::vt_stream::tests::uneven_multipart_overflow_discards_whole_chain_without_reopening_the_tail ... ok
test terminal::output_hub::vt_stream::tests::unit_carries_the_sequence_of_its_first_byte ... ok
test terminal::output_hub::vt_stream::tests::unterminated_control_sequence_is_bounded_and_resyncs ... ok
test terminal::paired_daemon::tests::proxy_reclaims_retained_hub_entry_after_unconfirmed_exit ... ok
test terminal::paired_runtime::tests::detach_of_unknown_proxy_is_idempotent_success ... ok
test terminal::paired_runtime::tests::test_actor_abort_inside_debounce_persists_latest_cursor ... ok
test terminal::paired_runtime::tests::test_backpressure_full_channel_write_succeeds_once_slots_free ... ok
test terminal::paired_runtime::tests::test_n1_concurrent_cursor_persistence_and_install_detach_deadlock ... ok
test terminal::paired_runtime::tests::test_n2_save_failure_rename_preserves_existing_file ... ok
test terminal::paired_runtime::tests::test_n2_save_failure_temp_write_propagates_error ... ok
test terminal::paired_runtime::tests::test_output_batch_debounce_and_detach_persists_latest_cursor ... ok
test terminal::paired_runtime::tests::test_p13_descriptor_survives_actor_termination ... ok
test terminal::paired_runtime::tests::test_p13_descriptor_survives_daemon_restart ... ok
test terminal::paired_runtime::tests::test_r2n1_save_failure_restores_previous_descriptor ... ok
test terminal::paired_runtime::tests::test_r2n2_corrupt_store_not_clobbered_by_set_store_path ... ok
test terminal::paired_runtime::tests::test_r3n2_corrupt_store_initial_load_disables_persistence_to_prevent_clobber ... ok
test terminal::preferences::tests::test_apply_terminal_preference_overrides_shell ... ok
test terminal::preferences::tests::test_empty_font_family_resets_list ... ok
test terminal::preferences::tests::test_find_ghostty_binary_on_path_and_theme_candidates ... ok
test terminal::preferences::tests::test_ghostty_candidates_include_windows_roots ... ok
test terminal::preferences::tests::test_palette_hex_and_256_colors ... ok
test terminal::preferences::tests::test_scrollback_parsing_and_overrides ... ok
test terminal::pty::agent_state_rendezvous_tests::parse_accepts_only_a_complete_pair ... ok
test terminal::pty::tests::apply_session_env_normalizes_a_verbatim_windows_worktree_path ... ok
test terminal::pty::tests::apply_session_env_sets_worktree_and_session_variables ... ok
test terminal::pty::tests::close_after_interrupt_still_succeeds_via_escalation_and_reap ... ok
test terminal::pty::tests::close_escalates_term_ignoring_process_group_and_reaps_bounded_without_touching_sibling ... ok
test terminal::pty::tests::test_pty_export_adopt_roundtrip_continuity_resize_liveness ... ok
test terminal::pty::tests::utf8_locale_override_injected_when_environment_selects_no_locale ... ok
test terminal::pty::tests::utf8_locale_override_is_absent_on_windows ... ok
test terminal::pty::tests::utf8_locale_override_respects_explicit_locale_variables ... ok
test terminal::pty::tests::utf8_locale_override_treats_empty_locale_variables_as_unset ... ok
test terminal::remote::tests::test_remote_runtime_drop_after_detach_does_not_kill_child ... ok
test terminal::remote::tests::test_remote_runtime_export_and_live_import_roundtrip ... ok
test terminal::remote::tests::test_remote_runtime_poisoned_bridge_export_rejected ... ok
test terminal::remote_runtime_tests::ssh_daemon_restart_descriptor_only_and_drop_does_not_stop ... ok
test terminal::remote_runtime_tests::ssh_daemon_restart_rejects_duplicate_target_controller ... ok
test terminal::remote_runtime_tests::ssh_pane_resize_during_outage_is_applied_after_reconnect ... ok
test terminal::remote_runtime_tests::ssh_pane_sync_admission_stale_generation_resize_is_not_replayed_after_reconnect ... ok
test terminal::remote_runtime_tests::ssh_process_survival_same_target_replay_and_close ... ok
test terminal::remote_runtime_tests::ssh_reconnect_reasserts_recorded_pane_size ... ok
test terminal::remote_runtime_tests::ssh_reconnect_safety_authentication_on_redial_stops_retries ... ok
test terminal::remote_runtime_tests::ssh_reconnect_safety_control_failure_interrupts_pending_read ... ok
test terminal::remote_runtime_tests::ssh_reconnect_safety_erased_ipc_errors_are_not_classified_by_prose ... ok
test terminal::remote_runtime_tests::ssh_reconnect_safety_failure_classification ... ok
test terminal::remote_runtime_tests::ssh_reconnect_safety_retry_budget_resets_after_successful_read ... ok
test terminal::remote_runtime_tests::ssh_reconnect_safety_retry_cap_and_terminal_failure ... ok
test terminal::remote_runtime_tests::ssh_reconnect_safety_setup_classifies_structured_transport_and_authentication ... ok
test terminal::remote_runtime_tests::ssh_remote_input_bounded_queue_rejects_overflow ... ok
test terminal::remote_runtime_tests::ssh_remote_input_cancelled_middle_operation_skipped_without_bypass_or_stall ... ok
test terminal::remote_runtime_tests::ssh_remote_input_coalesces_queued_writes_into_bounded_transport_batches ... ok
test terminal::remote_runtime_tests::ssh_remote_input_concurrent_writes_are_ordered_without_busy_drop ... ok
test terminal::remote_runtime_tests::ssh_remote_input_expired_queue_never_dispatches_delayed_keys ... ok
test terminal::remote_runtime_tests::ssh_remote_input_queued_operation_rejected_on_generation_bump ... ok
test terminal::remote_runtime_tests::ssh_remote_input_stale_generation_resize_is_not_replayed_onto_new_connection ... ok
test terminal::resume_cwd::tests::non_omo_startups_keep_their_existing_directory_contract ... ok
test terminal::resume_cwd::tests::rejects_conflicting_project_directories_for_same_id ... ok
test terminal::resume_cwd::tests::rejects_fifo_transcripts ... ok
test terminal::resume_cwd::tests::rejects_missing_legacy_session_instead_of_using_pane_root ... ok
test terminal::resume_cwd::tests::rejects_relative_project_directory ... ok
test terminal::resume_cwd::tests::rejects_transcript_belonging_to_another_session ... ok
test terminal::resume_cwd::tests::repairs_legacy_id_only_state_from_exact_session_header ... ok
test terminal::resume_cwd::tests::resolved_resume_directory_is_used_by_a_real_process ... ok
test terminal::resume_cwd::tests::restores_nested_project_from_reported_transcript ... ok
test terminal::session::tests::output_age_is_none_before_first_output ... ok
test terminal::session::tests::output_age_measures_elapsed_since_last_chunk ... ok
test terminal::session::tests::record_output_millis_stamps_a_fresh_timestamp ... ok
test terminal::session::tests::test_session_snapshot_serialization_roundtrip ... ok
test terminal::session::tests::test_write_input_with_deadline_times_out_when_writer_returns_interrupted ... ok
test terminal::session::tests::test_write_input_with_deadline_times_out_when_writer_stalls ... ok
test terminal::shell::tests::test_agent_resume_validates_bounded_absolute_transcript_paths ... ok
test terminal::shell::tests::test_agent_resume_validation_rejects_control_characters ... ok
test terminal::shell::tests::test_agent_resume_validation_rejects_empty_or_too_long ... ok
test terminal::shell::tests::test_agent_resume_validation_rejects_latest ... ok
test terminal::shell::tests::test_agent_resume_validation_rejects_leading_dash ... ok
test terminal::shell::tests::test_agent_resume_validation_rejects_missing_transcript_for_pi_and_prime ... ok
test terminal::shell::tests::test_agent_resume_validation_rejects_unsupported_agent ... ok
test terminal::shell::tests::test_agent_resume_validation_rejects_wrong_key ... ok
test terminal::shell::tests::test_custom_path_passthrough ... ok
test terminal::shell::tests::test_custom_shell_keeps_no_login_flag ... ok
test terminal::shell::tests::test_empty_and_whitespace_preference_treated_as_default ... ok
test terminal::shell::tests::test_linux_default ... ok
test terminal::shell::tests::test_linux_default_shell_falls_back_when_bash_missing ... ok
test terminal::shell::tests::test_linux_default_shell_prefers_shell_env_over_fallbacks ... ok
test terminal::shell::tests::test_linux_default_shell_uses_existing_bash ... ok
test terminal::shell::tests::test_macos_default_with_shell_env ... ok
test terminal::shell::tests::test_macos_default_without_shell_env ... ok
test terminal::shell::tests::test_qa_happy_claude_resume_creates_command_builder_without_executing ... ok
test terminal::shell::tests::test_resolve_agent_resume_all_supported_mappings ... ok
test terminal::shell::tests::test_resolve_agent_resume_omo_never_uses_session_id_flag ... ok
test terminal::shell::tests::test_resolve_startup_command_omo_resolves_executable_path ... ok
test terminal::shell::tests::test_resolve_startup_command_pure_fallback_to_shell ... ok
test terminal::shell::tests::test_windows_default_pwsh_absent ... ok
test terminal::shell::tests::test_windows_default_pwsh_present ... ok
test terminal::shell::tests::test_windows_explicit_choices ... ok
test terminal::tests::close_session_is_idempotent ... ok
test terminal::tests::dropped_output_receiver_still_cleans_reader_and_session ... ok
test terminal::tests::explicit_close_kills_reaps_and_removes_session ... ok
test terminal::tests::fast_spawn_close_race_is_safe ... ok
test terminal::tests::interrupt_signal_targets_foreground_pty_process_group ... ok
test terminal::tests::natural_child_exit_auto_removes_session_and_records_exit_code ... ok
test terminal::tests::resize_is_observed_by_the_child_shell ... ok
test terminal::tests::spawned_pty_advertises_a_real_terminal_type ... ok
test terminal::tests::spawned_pty_advertises_truecolor_support ... ok
test terminal::tests::terminal_service_natural_exit_closes_daemon_owned_output_stream ... ok
test terminal::tests::test_kill ... ok
test terminal::tests::test_lifecycle_poll_interval_is_relaxed_and_event_driven ... ok
test terminal::tests::test_multiple_concurrent_sessions ... ok
test terminal::tests::test_resize ... ok
test terminal::tests::test_session_lifecycle_and_errors ... ok
test terminal::tests::test_spawn_startup_command_omo ... ok
test terminal::tests::test_spawn_write_echo_and_read ... ok
test terminal::tests::test_terminal_service_sequence_safe_attach_and_replay ... ok
test tests::app_remote_state_persists_pairing_but_starts_off ... ok
test tests::cmd_digit_is_claimed_for_worktree_selection ... ok
test tests::ctrl_digit_matches_top_row_digits ... ok
test tests::korean_cmd_v_multiple_keydowns_emit_only_once_until_keyup ... ok
test tests::macos_cmd_v_uses_physical_keycode_under_korean_input ... ok
test tests::modifier_events_never_read_key_characters ... ok
test tests::tab_navigation_and_split_predicates_work ... ok
test tests::test_macos_cmd_c_shortcut_predicate_boundaries ... ok
test tests::test_macos_cmd_w_shortcut_predicate_boundaries ... ok
test util::tests::test_configure_no_window_passthrough ... ok
test worktree::disk::reparse_point_tests::test_reparse_point_link_classification ... ok
test worktree::disk_tests::disk_scan_cancellation_stops_at_the_next_entry ... ok
test worktree::disk_tests::disk_scan_counts_nested_and_hidden_files ... ok
test worktree::disk_tests::disk_scan_does_not_follow_looping_or_external_symlinks ... ok
test worktree::disk_tests::disk_scan_excludes_nested_worktree_roots ... ok
test worktree::disk_tests::disk_scan_merges_dirty_locked_prunable_and_detached_metadata ... ok
test worktree::disk_tests::disk_scan_missing_root_is_an_error_not_a_zero_size ... ok
test worktree::disk_tests::disk_scan_plain_folder_has_no_worktrees ... ok
test worktree::git::local_budget_tests::a08_git_exceptional_cleanup_waits_before_error ... ok
test worktree::git::local_budget_tests::a08_git_legacy_path_fidelity ... ok
test worktree::git::local_budget_tests::a08_git_native_byte_fidelity ... ok
test worktree::git::local_budget_tests::a08_git_real_legacy_worktree_path ... ok
test worktree::git::local_budget_tests::bounded_git_rejects_large_output_and_expired_or_revoked_admission ... ok
test worktree::git::local_budget_tests::git_hook_descendant_containment ... ok
test worktree::git::local_budget_tests::local_budget_runs_existing_manager_create_delete ... ok
test worktree::git::local_budget_tests::local_mutation_budget_is_scoped_and_preserves_remote_deadline ... ok
test worktree::git::local_budget_tests::running_git_revocation_and_deadline_kill_and_reap ... ok
test worktree::git::tests::git_path_argument_normalization_strips_windows_verbatim_prefixes ... ok
test worktree::manager::host_scoped_session_id_tests::test_host_scoped_worktree_session_id ... ok
test worktree::registry::tests::register_replaces_bogus_root_entry ... ok
test worktree::registry::tests::register_unique_root_disambiguates_conflicting_ids ... ok
test worktree::registry::tests::register_unique_root_replaces_bogus_root_entry ... ok
test worktree::registry::tests::unregister_is_idempotent_on_the_same_id ... ok
test worktree::registry::tests::unregister_rejects_unsafe_workspace_id ... ok
test worktree::registry::tests::unregister_removes_registered_workspace_and_bumps_revision ... ok
test worktree::registry::tests::unregister_unknown_workspace_returns_false_without_revision_change ... ok
test worktree::rescan::tests::diff_worktrees_reports_created_removed_updated_and_external_identities ... ok
test worktree::rescan::tests::equal_fingerprint_suppresses_scans_until_reconcile_interval ... ok
test worktree::rescan::tests::fingerprint_is_none_for_non_git_directories ... ok
test worktree::rescan::tests::fingerprint_is_stable_and_tracks_worktree_admin_changes ... ok
test worktree::rescan::tests::fingerprint_probes_from_linked_worktree_root_are_stable_and_track_changes ... ok
test worktree::rescan::tests::gate_extensions_never_postpone_reconciliation ... ok
test worktree::rescan::tests::probe_timeout_permanently_falls_back_to_real_scans ... ok
test worktree::rescan::tests::sweep_baseline_is_silent_then_emits_created_and_settles ... ok
test worktree::rescan::tests::sweep_emits_pruned_when_a_worktree_disappears ... ok
test worktree::rescan::tests::sweep_emits_updated_when_a_worktree_head_moves ... ok
test worktree::rescan::tests::worktree_change_kind_wire_names_cover_updated ... ok
test worktree::tests::branch_namespace_formatting_and_validation ... ok
test worktree::tests::create_find_and_list_worktree ... ok
test worktree::tests::dirty_worktree_survives_force_remove_but_yields_to_explicit_destructive_delete ... ok
test worktree::tests::existing_target_and_missing_status_are_rejected ... ok
test worktree::tests::git_merge_base_is_ancestor_and_branch_merge_detection ... ok
test worktree::tests::multiple_worktrees_remain_isolated ... ok
test worktree::tests::parse_status_porcelain_v1_and_v2 ... ok
test worktree::tests::parse_worktree_list_porcelain ... ok
test worktree::tests::plain_folder_without_git_registers_and_guards_worktrees ... ok
test worktree::tests::registry_resolves_only_registered_workspace_identity ... ok
test worktree::tests::resolve_worktree_by_path_and_identity ... ok
test worktree::tests::safe_branch_delete_removes_merged_branch ... ok
test worktree::tests::safe_delete_clean_worktree ... ok
test worktree::tests::worktree_manager_rejects_filesystem_root ... ok
test worktree::tests::worktree_manager_resolves_nested_git_directory_to_canonical_root ... ok

test result: ok. 2119 passed; 0 failed; 2 ignored; 0 measured; 0 filtered out; finished in 496.30s

FULLSUITE2_EXIT=0
