
COMMAND: cargo test --manifest-path src-tauri/Cargo.toml --lib ssh
warning: unexpected `cfg` condition value: `cargo-clippy`
   --> vendor/wgpu-hal/src/metal/adapter.rs:540:17
    |
540 |                 msg_send![class!(NSProcessInfo), processInfo];
    |                 ^^^^^^^^^^^^^^^^^^^^^^^^^^^^^^^^^^^^^^^^^^^^^
    |
    = note: expected values for `feature` are: `device_lost_panic`, `dx12`, `fragile-send-sync-non-atomic-wasm`, `gles`, `gpu-allocator`, `internal_error_panic`, `metal`, `oom_panic`, `renderdoc`, `static-dxc`, `vulkan`, and `windows`
    = note: using a cfg inside a macro will use the cfgs from the destination crate and not the ones from the defining crate
    = help: try referring to `sel_impl` crate for guidance on how handle this unexpected cfg
    = help: the macro `sel_impl` may come from an old version of the `objc` crate, try updating your dependency with `cargo update -p objc`
    = note: see <https://doc.rust-lang.org/nightly/rustc/check-cfg/cargo-specifics.html> for more information about checking conditional configuration
    = note: requested on the command line with `-W unexpected-cfgs`
    = note: this warning originates in the macro `sel_impl` which comes from the expansion of the macro `msg_send` (in Nightly builds, run with -Z macro-backtrace for more info)

warning: unexpected `cfg` condition value: `cargo-clippy`
   --> vendor/wgpu-hal/src/metal/adapter.rs:540:27
    |
540 |                 msg_send![class!(NSProcessInfo), processInfo];
    |                           ^^^^^^^^^^^^^^^^^^^^^
    |
    = note: expected values for `feature` are: `device_lost_panic`, `dx12`, `fragile-send-sync-non-atomic-wasm`, `gles`, `gpu-allocator`, `internal_error_panic`, `metal`, `oom_panic`, `renderdoc`, `static-dxc`, `vulkan`, and `windows`
    = note: using a cfg inside a macro will use the cfgs from the destination crate and not the ones from the defining crate
    = help: try referring to `class` crate for guidance on how handle this unexpected cfg
    = help: the macro `class` may come from an old version of the `objc` crate, try updating your dependency with `cargo update -p objc`
    = note: see <https://doc.rust-lang.org/nightly/rustc/check-cfg/cargo-specifics.html> for more information about checking conditional configuration
    = note: this warning originates in the macro `class` (in Nightly builds, run with -Z macro-backtrace for more info)

warning: unexpected `cfg` condition value: `cargo-clippy`
   --> vendor/wgpu-hal/src/metal/adapter.rs:541:13
    |
541 |             msg_send![process_info, operatingSystemVersion]
    |             ^^^^^^^^^^^^^^^^^^^^^^^^^^^^^^^^^^^^^^^^^^^^^^^
    |
    = note: expected values for `feature` are: `device_lost_panic`, `dx12`, `fragile-send-sync-non-atomic-wasm`, `gles`, `gpu-allocator`, `internal_error_panic`, `metal`, `oom_panic`, `renderdoc`, `static-dxc`, `vulkan`, and `windows`
    = note: using a cfg inside a macro will use the cfgs from the destination crate and not the ones from the defining crate
    = help: try referring to `sel_impl` crate for guidance on how handle this unexpected cfg
    = help: the macro `sel_impl` may come from an old version of the `objc` crate, try updating your dependency with `cargo update -p objc`
    = note: see <https://doc.rust-lang.org/nightly/rustc/check-cfg/cargo-specifics.html> for more information about checking conditional configuration
    = note: this warning originates in the macro `sel_impl` which comes from the expansion of the macro `msg_send` (in Nightly builds, run with -Z macro-backtrace for more info)

warning: unexpected `cfg` condition value: `cargo-clippy`
   --> vendor/wgpu-hal/src/metal/adapter.rs:732:30
    |
732 |                     unsafe { msg_send![device.as_ref(), maxBufferLength] };
    |                              ^^^^^^^^^^^^^^^^^^^^^^^^^^^^^^^^^^^^^^^^^^^
    |
    = note: expected values for `feature` are: `device_lost_panic`, `dx12`, `fragile-send-sync-non-atomic-wasm`, `gles`, `gpu-allocator`, `internal_error_panic`, `metal`, `oom_panic`, `renderdoc`, `static-dxc`, `vulkan`, and `windows`
    = note: using a cfg inside a macro will use the cfgs from the destination crate and not the ones from the defining crate
    = help: try referring to `sel_impl` crate for guidance on how handle this unexpected cfg
    = help: the macro `sel_impl` may come from an old version of the `objc` crate, try updating your dependency with `cargo update -p objc`
    = note: see <https://doc.rust-lang.org/nightly/rustc/check-cfg/cargo-specifics.html> for more information about checking conditional configuration
    = note: this warning originates in the macro `sel_impl` which comes from the expansion of the macro `msg_send` (in Nightly builds, run with -Z macro-backtrace for more info)

warning: unexpected `cfg` condition value: `cargo-clippy`
  --> vendor/wgpu-hal/src/metal/layer_observer.rs:33:38
   |
33 |     let this: *mut Object = unsafe { msg_send![class(), new] };
   |                                      ^^^^^^^^^^^^^^^^^^^^^^^
   |
   = note: expected values for `feature` are: `device_lost_panic`, `dx12`, `fragile-send-sync-non-atomic-wasm`, `gles`, `gpu-allocator`, `internal_error_panic`, `metal`, `oom_panic`, `renderdoc`, `static-dxc`, `vulkan`, and `windows`
   = note: using a cfg inside a macro will use the cfgs from the destination crate and not the ones from the defining crate
   = help: try referring to `sel_impl` crate for guidance on how handle this unexpected cfg
   = help: the macro `sel_impl` may come from an old version of the `objc` crate, try updating your dependency with `cargo update -p objc`
   = note: see <https://doc.rust-lang.org/nightly/rustc/check-cfg/cargo-specifics.html> for more information about checking conditional configuration
   = note: this warning originates in the macro `sel_impl` which comes from the expansion of the macro `msg_send` (in Nightly builds, run with -Z macro-backtrace for more info)

warning: unexpected `cfg` condition value: `cargo-clippy`
  --> vendor/wgpu-hal/src/metal/layer_observer.rs:36:26
   |
36 |     let _: () = unsafe { msg_send![root_layer, addSublayer: this] };
   |                          ^^^^^^^^^^^^^^^^^^^^^^^^^^^^^^^^^^^^^^^^
   |
   = note: expected values for `feature` are: `device_lost_panic`, `dx12`, `fragile-send-sync-non-atomic-wasm`, `gles`, `gpu-allocator`, `internal_error_panic`, `metal`, `oom_panic`, `renderdoc`, `static-dxc`, `vulkan`, and `windows`
   = note: using a cfg inside a macro will use the cfgs from the destination crate and not the ones from the defining crate
   = help: try referring to `sel_impl` crate for guidance on how handle this unexpected cfg
   = help: the macro `sel_impl` may come from an old version of the `objc` crate, try updating your dependency with `cargo update -p objc`
   = note: see <https://doc.rust-lang.org/nightly/rustc/check-cfg/cargo-specifics.html> for more information about checking conditional configuration
   = note: this warning originates in the macro `sel_impl` which comes from the expansion of the macro `msg_send` (in Nightly builds, run with -Z macro-backtrace for more info)

warning: unexpected `cfg` condition value: `cargo-clippy`
  --> vendor/wgpu-hal/src/metal/layer_observer.rs:40:18
   |
40 |         unsafe { msg_send![class!(NSString), stringWithUTF8String: CONTENTS_SCALE.as_ptr()] };
   |                  ^^^^^^^^^^^^^^^^^^^^^^^^^^^^^^^^^^^^^^^^^^^^^^^^^^^^^^^^^^^^^^^^^^^^^^^^^^
   |
   = note: expected values for `feature` are: `device_lost_panic`, `dx12`, `fragile-send-sync-non-atomic-wasm`, `gles`, `gpu-allocator`, `internal_error_panic`, `metal`, `oom_panic`, `renderdoc`, `static-dxc`, `vulkan`, and `windows`
   = note: using a cfg inside a macro will use the cfgs from the destination crate and not the ones from the defining crate
   = help: try referring to `sel_impl` crate for guidance on how handle this unexpected cfg
   = help: the macro `sel_impl` may come from an old version of the `objc` crate, try updating your dependency with `cargo update -p objc`
   = note: see <https://doc.rust-lang.org/nightly/rustc/check-cfg/cargo-specifics.html> for more information about checking conditional configuration
   = note: this warning originates in the macro `sel_impl` which comes from the expansion of the macro `msg_send` (in Nightly builds, run with -Z macro-backtrace for more info)

warning: unexpected `cfg` condition value: `cargo-clippy`
  --> vendor/wgpu-hal/src/metal/layer_observer.rs:40:28
   |
40 |         unsafe { msg_send![class!(NSString), stringWithUTF8String: CONTENTS_SCALE.as_ptr()] };
   |                            ^^^^^^^^^^^^^^^^
   |
   = note: expected values for `feature` are: `device_lost_panic`, `dx12`, `fragile-send-sync-non-atomic-wasm`, `gles`, `gpu-allocator`, `internal_error_panic`, `metal`, `oom_panic`, `renderdoc`, `static-dxc`, `vulkan`, and `windows`
   = note: using a cfg inside a macro will use the cfgs from the destination crate and not the ones from the defining crate
   = help: try referring to `class` crate for guidance on how handle this unexpected cfg
   = help: the macro `class` may come from an old version of the `objc` crate, try updating your dependency with `cargo update -p objc`
   = note: see <https://doc.rust-lang.org/nightly/rustc/check-cfg/cargo-specifics.html> for more information about checking conditional configuration
   = note: this warning originates in the macro `class` (in Nightly builds, run with -Z macro-backtrace for more info)

warning: unexpected `cfg` condition value: `cargo-clippy`
  --> vendor/wgpu-hal/src/metal/layer_observer.rs:42:9
   |
42 | /         msg_send![
43 | |             root_layer,
44 | |             addObserver: this
45 | |             forKeyPath: key_path
46 | |             options: NSKeyValueObservingOptionNew | NSKeyValueObservingOptionInitial
47 | |             context: context_ptr()
48 | |         ]
   | |_________^
   |
   = note: expected values for `feature` are: `device_lost_panic`, `dx12`, `fragile-send-sync-non-atomic-wasm`, `gles`, `gpu-allocator`, `internal_error_panic`, `metal`, `oom_panic`, `renderdoc`, `static-dxc`, `vulkan`, and `windows`
   = note: using a cfg inside a macro will use the cfgs from the destination crate and not the ones from the defining crate
   = help: try referring to `sel_impl` crate for guidance on how handle this unexpected cfg
   = help: the macro `sel_impl` may come from an old version of the `objc` crate, try updating your dependency with `cargo update -p objc`
   = note: see <https://doc.rust-lang.org/nightly/rustc/check-cfg/cargo-specifics.html> for more information about checking conditional configuration
   = note: this warning originates in the macro `sel_impl` which comes from the expansion of the macro `msg_send` (in Nightly builds, run with -Z macro-backtrace for more info)

warning: unexpected `cfg` condition value: `cargo-clippy`
  --> vendor/wgpu-hal/src/metal/layer_observer.rs:52:18
   |
52 |         unsafe { msg_send![class!(NSString), stringWithUTF8String: BOUNDS.as_ptr()] };
   |                  ^^^^^^^^^^^^^^^^^^^^^^^^^^^^^^^^^^^^^^^^^^^^^^^^^^^^^^^^^^^^^^^^^^
   |
   = note: expected values for `feature` are: `device_lost_panic`, `dx12`, `fragile-send-sync-non-atomic-wasm`, `gles`, `gpu-allocator`, `internal_error_panic`, `metal`, `oom_panic`, `renderdoc`, `static-dxc`, `vulkan`, and `windows`
   = note: using a cfg inside a macro will use the cfgs from the destination crate and not the ones from the defining crate
   = help: try referring to `sel_impl` crate for guidance on how handle this unexpected cfg
   = help: the macro `sel_impl` may come from an old version of the `objc` crate, try updating your dependency with `cargo update -p objc`
   = note: see <https://doc.rust-lang.org/nightly/rustc/check-cfg/cargo-specifics.html> for more information about checking conditional configuration
   = note: this warning originates in the macro `sel_impl` which comes from the expansion of the macro `msg_send` (in Nightly builds, run with -Z macro-backtrace for more info)

warning: unexpected `cfg` condition value: `cargo-clippy`
  --> vendor/wgpu-hal/src/metal/layer_observer.rs:52:28
   |
52 |         unsafe { msg_send![class!(NSString), stringWithUTF8String: BOUNDS.as_ptr()] };
   |                            ^^^^^^^^^^^^^^^^
   |
   = note: expected values for `feature` are: `device_lost_panic`, `dx12`, `fragile-send-sync-non-atomic-wasm`, `gles`, `gpu-allocator`, `internal_error_panic`, `metal`, `oom_panic`, `renderdoc`, `static-dxc`, `vulkan`, and `windows`
   = note: using a cfg inside a macro will use the cfgs from the destination crate and not the ones from the defining crate
   = help: try referring to `class` crate for guidance on how handle this unexpected cfg
   = help: the macro `class` may come from an old version of the `objc` crate, try updating your dependency with `cargo update -p objc`
   = note: see <https://doc.rust-lang.org/nightly/rustc/check-cfg/cargo-specifics.html> for more information about checking conditional configuration
   = note: this warning originates in the macro `class` (in Nightly builds, run with -Z macro-backtrace for more info)

warning: unexpected `cfg` condition value: `cargo-clippy`
  --> vendor/wgpu-hal/src/metal/layer_observer.rs:54:9
   |
54 | /         msg_send![
55 | |             root_layer,
56 | |             addObserver: this
57 | |             forKeyPath: key_path
58 | |             options: NSKeyValueObservingOptionNew | NSKeyValueObservingOptionInitial
59 | |             context: context_ptr()
60 | |         ]
   | |_________^
   |
   = note: expected values for `feature` are: `device_lost_panic`, `dx12`, `fragile-send-sync-non-atomic-wasm`, `gles`, `gpu-allocator`, `internal_error_panic`, `metal`, `oom_panic`, `renderdoc`, `static-dxc`, `vulkan`, and `windows`
   = note: using a cfg inside a macro will use the cfgs from the destination crate and not the ones from the defining crate
   = help: try referring to `sel_impl` crate for guidance on how handle this unexpected cfg
   = help: the macro `sel_impl` may come from an old version of the `objc` crate, try updating your dependency with `cargo update -p objc`
   = note: see <https://doc.rust-lang.org/nightly/rustc/check-cfg/cargo-specifics.html> for more information about checking conditional configuration
   = note: this warning originates in the macro `sel_impl` which comes from the expansion of the macro `msg_send` (in Nightly builds, run with -Z macro-backtrace for more info)

warning: unexpected `cfg` condition value: `cargo-clippy`
  --> vendor/wgpu-hal/src/metal/layer_observer.rs:77:26
   |
77 |         let superclass = class!(CAMetalLayer);
   |                          ^^^^^^^^^^^^^^^^^^^^
   |
   = note: expected values for `feature` are: `device_lost_panic`, `dx12`, `fragile-send-sync-non-atomic-wasm`, `gles`, `gpu-allocator`, `internal_error_panic`, `metal`, `oom_panic`, `renderdoc`, `static-dxc`, `vulkan`, and `windows`
   = note: using a cfg inside a macro will use the cfgs from the destination crate and not the ones from the defining crate
   = help: try referring to `class` crate for guidance on how handle this unexpected cfg
   = help: the macro `class` may come from an old version of the `objc` crate, try updating your dependency with `cargo update -p objc`
   = note: see <https://doc.rust-lang.org/nightly/rustc/check-cfg/cargo-specifics.html> for more information about checking conditional configuration
   = note: this warning originates in the macro `class` (in Nightly builds, run with -Z macro-backtrace for more info)

warning: unexpected `cfg` condition value: `cargo-clippy`
  --> vendor/wgpu-hal/src/metal/layer_observer.rs:82:19
   |
82 |         let sel = sel!(observeValueForKeyPath:ofObject:change:context:);
   |                   ^^^^^^^^^^^^^^^^^^^^^^^^^^^^^^^^^^^^^^^^^^^^^^^^^^^^^
   |
   = note: expected values for `feature` are: `device_lost_panic`, `dx12`, `fragile-send-sync-non-atomic-wasm`, `gles`, `gpu-allocator`, `internal_error_panic`, `metal`, `oom_panic`, `renderdoc`, `static-dxc`, `vulkan`, and `windows`
   = note: using a cfg inside a macro will use the cfgs from the destination crate and not the ones from the defining crate
   = help: try referring to `sel_impl` crate for guidance on how handle this unexpected cfg
   = help: the macro `sel_impl` may come from an old version of the `objc` crate, try updating your dependency with `cargo update -p objc`
   = note: see <https://doc.rust-lang.org/nightly/rustc/check-cfg/cargo-specifics.html> for more information about checking conditional configuration
   = note: this warning originates in the macro `sel_impl` which comes from the expansion of the macro `sel` (in Nightly builds, run with -Z macro-backtrace for more info)

warning: unexpected `cfg` condition value: `cargo-clippy`
  --> vendor/wgpu-hal/src/metal/layer_observer.rs:93:19
   |
93 |         let sel = sel!(dealloc);
   |                   ^^^^^^^^^^^^^
   |
   = note: expected values for `feature` are: `device_lost_panic`, `dx12`, `fragile-send-sync-non-atomic-wasm`, `gles`, `gpu-allocator`, `internal_error_panic`, `metal`, `oom_panic`, `renderdoc`, `static-dxc`, `vulkan`, and `windows`
   = note: using a cfg inside a macro will use the cfgs from the destination crate and not the ones from the defining crate
   = help: try referring to `sel_impl` crate for guidance on how handle this unexpected cfg
   = help: the macro `sel_impl` may come from an old version of the `objc` crate, try updating your dependency with `cargo update -p objc`
   = note: see <https://doc.rust-lang.org/nightly/rustc/check-cfg/cargo-specifics.html> for more information about checking conditional configuration
   = note: this warning originates in the macro `sel_impl` which comes from the expansion of the macro `sel` (in Nightly builds, run with -Z macro-backtrace for more info)

warning: unexpected `cfg` condition value: `cargo-clippy`
   --> vendor/wgpu-hal/src/metal/layer_observer.rs:121:13
    |
121 | /             msg_send![
122 | |                 super(this, class!(CAMetalLayer)),
123 | |                 observeValueForKeyPath: key_path
124 | |                 ofObject: object
125 | |                 change: change
126 | |                 context: context
127 | |             ]
    | |_____________^
    |
    = note: expected values for `feature` are: `device_lost_panic`, `dx12`, `fragile-send-sync-non-atomic-wasm`, `gles`, `gpu-allocator`, `internal_error_panic`, `metal`, `oom_panic`, `renderdoc`, `static-dxc`, `vulkan`, and `windows`
    = note: using a cfg inside a macro will use the cfgs from the destination crate and not the ones from the defining crate
    = help: try referring to `sel_impl` crate for guidance on how handle this unexpected cfg
    = help: the macro `sel_impl` may come from an old version of the `objc` crate, try updating your dependency with `cargo update -p objc`
    = note: see <https://doc.rust-lang.org/nightly/rustc/check-cfg/cargo-specifics.html> for more information about checking conditional configuration
    = note: this warning originates in the macro `sel_impl` which comes from the expansion of the macro `msg_send` (in Nightly builds, run with -Z macro-backtrace for more info)

warning: unexpected `cfg` condition value: `cargo-clippy`
   --> vendor/wgpu-hal/src/metal/layer_observer.rs:122:29
    |
122 |                 super(this, class!(CAMetalLayer)),
    |                             ^^^^^^^^^^^^^^^^^^^^
    |
    = note: expected values for `feature` are: `device_lost_panic`, `dx12`, `fragile-send-sync-non-atomic-wasm`, `gles`, `gpu-allocator`, `internal_error_panic`, `metal`, `oom_panic`, `renderdoc`, `static-dxc`, `vulkan`, and `windows`
    = note: using a cfg inside a macro will use the cfgs from the destination crate and not the ones from the defining crate
    = help: try referring to `class` crate for guidance on how handle this unexpected cfg
    = help: the macro `class` may come from an old version of the `objc` crate, try updating your dependency with `cargo update -p objc`
    = note: see <https://doc.rust-lang.org/nightly/rustc/check-cfg/cargo-specifics.html> for more information about checking conditional configuration
    = note: this warning originates in the macro `class` (in Nightly builds, run with -Z macro-backtrace for more info)

warning: unexpected `cfg` condition value: `cargo-clippy`
   --> vendor/wgpu-hal/src/metal/layer_observer.rs:134:37
    |
134 |     let new: *mut Object = unsafe { msg_send![change, objectForKey: key] };
    |                                     ^^^^^^^^^^^^^^^^^^^^^^^^^^^^^^^^^^^^
    |
    = note: expected values for `feature` are: `device_lost_panic`, `dx12`, `fragile-send-sync-non-atomic-wasm`, `gles`, `gpu-allocator`, `internal_error_panic`, `metal`, `oom_panic`, `renderdoc`, `static-dxc`, `vulkan`, and `windows`
    = note: using a cfg inside a macro will use the cfgs from the destination crate and not the ones from the defining crate
    = help: try referring to `sel_impl` crate for guidance on how handle this unexpected cfg
    = help: the macro `sel_impl` may come from an old version of the `objc` crate, try updating your dependency with `cargo update -p objc`
    = note: see <https://doc.rust-lang.org/nightly/rustc/check-cfg/cargo-specifics.html> for more information about checking conditional configuration
    = note: this warning originates in the macro `sel_impl` which comes from the expansion of the macro `msg_send` (in Nightly builds, run with -Z macro-backtrace for more info)

warning: unexpected `cfg` condition value: `cargo-clippy`
   --> vendor/wgpu-hal/src/metal/layer_observer.rs:138:18
    |
138 |         unsafe { msg_send![class!(NSString), stringWithUTF8String: CONTENTS_SCALE.as_ptr()] };
    |                  ^^^^^^^^^^^^^^^^^^^^^^^^^^^^^^^^^^^^^^^^^^^^^^^^^^^^^^^^^^^^^^^^^^^^^^^^^^
    |
    = note: expected values for `feature` are: `device_lost_panic`, `dx12`, `fragile-send-sync-non-atomic-wasm`, `gles`, `gpu-allocator`, `internal_error_panic`, `metal`, `oom_panic`, `renderdoc`, `static-dxc`, `vulkan`, and `windows`
    = note: using a cfg inside a macro will use the cfgs from the destination crate and not the ones from the defining crate
    = help: try referring to `sel_impl` crate for guidance on how handle this unexpected cfg
    = help: the macro `sel_impl` may come from an old version of the `objc` crate, try updating your dependency with `cargo update -p objc`
    = note: see <https://doc.rust-lang.org/nightly/rustc/check-cfg/cargo-specifics.html> for more information about checking conditional configuration
    = note: this warning originates in the macro `sel_impl` which comes from the expansion of the macro `msg_send` (in Nightly builds, run with -Z macro-backtrace for more info)

warning: unexpected `cfg` condition value: `cargo-clippy`
   --> vendor/wgpu-hal/src/metal/layer_observer.rs:138:28
    |
138 |         unsafe { msg_send![class!(NSString), stringWithUTF8String: CONTENTS_SCALE.as_ptr()] };
    |                            ^^^^^^^^^^^^^^^^
    |
    = note: expected values for `feature` are: `device_lost_panic`, `dx12`, `fragile-send-sync-non-atomic-wasm`, `gles`, `gpu-allocator`, `internal_error_panic`, `metal`, `oom_panic`, `renderdoc`, `static-dxc`, `vulkan`, and `windows`
    = note: using a cfg inside a macro will use the cfgs from the destination crate and not the ones from the defining crate
    = help: try referring to `class` crate for guidance on how handle this unexpected cfg
    = help: the macro `class` may come from an old version of the `objc` crate, try updating your dependency with `cargo update -p objc`
    = note: see <https://doc.rust-lang.org/nightly/rustc/check-cfg/cargo-specifics.html> for more information about checking conditional configuration
    = note: this warning originates in the macro `class` (in Nightly builds, run with -Z macro-backtrace for more info)

warning: unexpected `cfg` condition value: `cargo-clippy`
   --> vendor/wgpu-hal/src/metal/layer_observer.rs:139:35
    |
139 |     let is_equal: BOOL = unsafe { msg_send![key_path, isEqual: to_compare] };
    |                                   ^^^^^^^^^^^^^^^^^^^^^^^^^^^^^^^^^^^^^^^^
    |
    = note: expected values for `feature` are: `device_lost_panic`, `dx12`, `fragile-send-sync-non-atomic-wasm`, `gles`, `gpu-allocator`, `internal_error_panic`, `metal`, `oom_panic`, `renderdoc`, `static-dxc`, `vulkan`, and `windows`
    = note: using a cfg inside a macro will use the cfgs from the destination crate and not the ones from the defining crate
    = help: try referring to `sel_impl` crate for guidance on how handle this unexpected cfg
    = help: the macro `sel_impl` may come from an old version of the `objc` crate, try updating your dependency with `cargo update -p objc`
    = note: see <https://doc.rust-lang.org/nightly/rustc/check-cfg/cargo-specifics.html> for more information about checking conditional configuration
    = note: this warning originates in the macro `sel_impl` which comes from the expansion of the macro `msg_send` (in Nightly builds, run with -Z macro-backtrace for more info)

warning: unexpected `cfg` condition value: `cargo-clippy`
   --> vendor/wgpu-hal/src/metal/layer_observer.rs:143:22
    |
143 |             unsafe { msg_send![new, doubleValue] }
    |                      ^^^^^^^^^^^^^^^^^^^^^^^^^^^
    |
    = note: expected values for `feature` are: `device_lost_panic`, `dx12`, `fragile-send-sync-non-atomic-wasm`, `gles`, `gpu-allocator`, `internal_error_panic`, `metal`, `oom_panic`, `renderdoc`, `static-dxc`, `vulkan`, and `windows`
    = note: using a cfg inside a macro will use the cfgs from the destination crate and not the ones from the defining crate
    = help: try referring to `sel_impl` crate for guidance on how handle this unexpected cfg
    = help: the macro `sel_impl` may come from an old version of the `objc` crate, try updating your dependency with `cargo update -p objc`
    = note: see <https://doc.rust-lang.org/nightly/rustc/check-cfg/cargo-specifics.html> for more information about checking conditional configuration
    = note: this warning originates in the macro `sel_impl` which comes from the expansion of the macro `msg_send` (in Nightly builds, run with -Z macro-backtrace for more info)

warning: unexpected `cfg` condition value: `cargo-clippy`
   --> vendor/wgpu-hal/src/metal/layer_observer.rs:145:22
    |
145 |             unsafe { msg_send![new, floatValue] }
    |                      ^^^^^^^^^^^^^^^^^^^^^^^^^^
    |
    = note: expected values for `feature` are: `device_lost_panic`, `dx12`, `fragile-send-sync-non-atomic-wasm`, `gles`, `gpu-allocator`, `internal_error_panic`, `metal`, `oom_panic`, `renderdoc`, `static-dxc`, `vulkan`, and `windows`
    = note: using a cfg inside a macro will use the cfgs from the destination crate and not the ones from the defining crate
    = help: try referring to `sel_impl` crate for guidance on how handle this unexpected cfg
    = help: the macro `sel_impl` may come from an old version of the `objc` crate, try updating your dependency with `cargo update -p objc`
    = note: see <https://doc.rust-lang.org/nightly/rustc/check-cfg/cargo-specifics.html> for more information about checking conditional configuration
    = note: this warning originates in the macro `sel_impl` which comes from the expansion of the macro `msg_send` (in Nightly builds, run with -Z macro-backtrace for more info)

warning: unexpected `cfg` condition value: `cargo-clippy`
   --> vendor/wgpu-hal/src/metal/layer_observer.rs:149:30
    |
149 |         let _: () = unsafe { msg_send![this, setContentsScale: scale_factor] };
    |                              ^^^^^^^^^^^^^^^^^^^^^^^^^^^^^^^^^^^^^^^^^^^^^^^
    |
    = note: expected values for `feature` are: `device_lost_panic`, `dx12`, `fragile-send-sync-non-atomic-wasm`, `gles`, `gpu-allocator`, `internal_error_panic`, `metal`, `oom_panic`, `renderdoc`, `static-dxc`, `vulkan`, and `windows`
    = note: using a cfg inside a macro will use the cfgs from the destination crate and not the ones from the defining crate
    = help: try referring to `sel_impl` crate for guidance on how handle this unexpected cfg
    = help: the macro `sel_impl` may come from an old version of the `objc` crate, try updating your dependency with `cargo update -p objc`
    = note: see <https://doc.rust-lang.org/nightly/rustc/check-cfg/cargo-specifics.html> for more information about checking conditional configuration
    = note: this warning originates in the macro `sel_impl` which comes from the expansion of the macro `msg_send` (in Nightly builds, run with -Z macro-backtrace for more info)

warning: unexpected `cfg` condition value: `cargo-clippy`
   --> vendor/wgpu-hal/src/metal/layer_observer.rs:154:18
    |
154 |         unsafe { msg_send![class!(NSString), stringWithUTF8String: BOUNDS.as_ptr()] };
    |                  ^^^^^^^^^^^^^^^^^^^^^^^^^^^^^^^^^^^^^^^^^^^^^^^^^^^^^^^^^^^^^^^^^^
    |
    = note: expected values for `feature` are: `device_lost_panic`, `dx12`, `fragile-send-sync-non-atomic-wasm`, `gles`, `gpu-allocator`, `internal_error_panic`, `metal`, `oom_panic`, `renderdoc`, `static-dxc`, `vulkan`, and `windows`
    = note: using a cfg inside a macro will use the cfgs from the destination crate and not the ones from the defining crate
    = help: try referring to `sel_impl` crate for guidance on how handle this unexpected cfg
    = help: the macro `sel_impl` may come from an old version of the `objc` crate, try updating your dependency with `cargo update -p objc`
    = note: see <https://doc.rust-lang.org/nightly/rustc/check-cfg/cargo-specifics.html> for more information about checking conditional configuration
    = note: this warning originates in the macro `sel_impl` which comes from the expansion of the macro `msg_send` (in Nightly builds, run with -Z macro-backtrace for more info)

warning: unexpected `cfg` condition value: `cargo-clippy`
   --> vendor/wgpu-hal/src/metal/layer_observer.rs:154:28
    |
154 |         unsafe { msg_send![class!(NSString), stringWithUTF8String: BOUNDS.as_ptr()] };
    |                            ^^^^^^^^^^^^^^^^
    |
    = note: expected values for `feature` are: `device_lost_panic`, `dx12`, `fragile-send-sync-non-atomic-wasm`, `gles`, `gpu-allocator`, `internal_error_panic`, `metal`, `oom_panic`, `renderdoc`, `static-dxc`, `vulkan`, and `windows`
    = note: using a cfg inside a macro will use the cfgs from the destination crate and not the ones from the defining crate
    = help: try referring to `class` crate for guidance on how handle this unexpected cfg
    = help: the macro `class` may come from an old version of the `objc` crate, try updating your dependency with `cargo update -p objc`
    = note: see <https://doc.rust-lang.org/nightly/rustc/check-cfg/cargo-specifics.html> for more information about checking conditional configuration
    = note: this warning originates in the macro `class` (in Nightly builds, run with -Z macro-backtrace for more info)

warning: unexpected `cfg` condition value: `cargo-clippy`
   --> vendor/wgpu-hal/src/metal/layer_observer.rs:155:35
    |
155 |     let is_equal: BOOL = unsafe { msg_send![key_path, isEqual: to_compare] };
    |                                   ^^^^^^^^^^^^^^^^^^^^^^^^^^^^^^^^^^^^^^^^
    |
    = note: expected values for `feature` are: `device_lost_panic`, `dx12`, `fragile-send-sync-non-atomic-wasm`, `gles`, `gpu-allocator`, `internal_error_panic`, `metal`, `oom_panic`, `renderdoc`, `static-dxc`, `vulkan`, and `windows`
    = note: using a cfg inside a macro will use the cfgs from the destination crate and not the ones from the defining crate
    = help: try referring to `sel_impl` crate for guidance on how handle this unexpected cfg
    = help: the macro `sel_impl` may come from an old version of the `objc` crate, try updating your dependency with `cargo update -p objc`
    = note: see <https://doc.rust-lang.org/nightly/rustc/check-cfg/cargo-specifics.html> for more information about checking conditional configuration
    = note: this warning originates in the macro `sel_impl` which comes from the expansion of the macro `msg_send` (in Nightly builds, run with -Z macro-backtrace for more info)

warning: unexpected `cfg` condition value: `cargo-clippy`
   --> vendor/wgpu-hal/src/metal/layer_observer.rs:158:39
    |
158 |         let bounds: CGRect = unsafe { msg_send![new, rectValue] };
    |                                       ^^^^^^^^^^^^^^^^^^^^^^^^^
    |
    = note: expected values for `feature` are: `device_lost_panic`, `dx12`, `fragile-send-sync-non-atomic-wasm`, `gles`, `gpu-allocator`, `internal_error_panic`, `metal`, `oom_panic`, `renderdoc`, `static-dxc`, `vulkan`, and `windows`
    = note: using a cfg inside a macro will use the cfgs from the destination crate and not the ones from the defining crate
    = help: try referring to `sel_impl` crate for guidance on how handle this unexpected cfg
    = help: the macro `sel_impl` may come from an old version of the `objc` crate, try updating your dependency with `cargo update -p objc`
    = note: see <https://doc.rust-lang.org/nightly/rustc/check-cfg/cargo-specifics.html> for more information about checking conditional configuration
    = note: this warning originates in the macro `sel_impl` which comes from the expansion of the macro `msg_send` (in Nightly builds, run with -Z macro-backtrace for more info)

warning: unexpected `cfg` condition value: `cargo-clippy`
   --> vendor/wgpu-hal/src/metal/layer_observer.rs:164:30
    |
164 |         let _: () = unsafe { msg_send![this, setFrame: bounds] };
    |                              ^^^^^^^^^^^^^^^^^^^^^^^^^^^^^^^^^
    |
    = note: expected values for `feature` are: `device_lost_panic`, `dx12`, `fragile-send-sync-non-atomic-wasm`, `gles`, `gpu-allocator`, `internal_error_panic`, `metal`, `oom_panic`, `renderdoc`, `static-dxc`, `vulkan`, and `windows`
    = note: using a cfg inside a macro will use the cfgs from the destination crate and not the ones from the defining crate
    = help: try referring to `sel_impl` crate for guidance on how handle this unexpected cfg
    = help: the macro `sel_impl` may come from an old version of the `objc` crate, try updating your dependency with `cargo update -p objc`
    = note: see <https://doc.rust-lang.org/nightly/rustc/check-cfg/cargo-specifics.html> for more information about checking conditional configuration
    = note: this warning originates in the macro `sel_impl` which comes from the expansion of the macro `msg_send` (in Nightly builds, run with -Z macro-backtrace for more info)

warning: unexpected `cfg` condition value: `cargo-clippy`
   --> vendor/wgpu-hal/src/metal/layer_observer.rs:180:44
    |
180 |     let root_layer: *mut Object = unsafe { msg_send![this, superlayer] };
    |                                            ^^^^^^^^^^^^^^^^^^^^^^^^^^^
    |
    = note: expected values for `feature` are: `device_lost_panic`, `dx12`, `fragile-send-sync-non-atomic-wasm`, `gles`, `gpu-allocator`, `internal_error_panic`, `metal`, `oom_panic`, `renderdoc`, `static-dxc`, `vulkan`, and `windows`
    = note: using a cfg inside a macro will use the cfgs from the destination crate and not the ones from the defining crate
    = help: try referring to `sel_impl` crate for guidance on how handle this unexpected cfg
    = help: the macro `sel_impl` may come from an old version of the `objc` crate, try updating your dependency with `cargo update -p objc`
    = note: see <https://doc.rust-lang.org/nightly/rustc/check-cfg/cargo-specifics.html> for more information about checking conditional configuration
    = note: this warning originates in the macro `sel_impl` which comes from the expansion of the macro `msg_send` (in Nightly builds, run with -Z macro-backtrace for more info)

warning: unexpected `cfg` condition value: `cargo-clippy`
   --> vendor/wgpu-hal/src/metal/layer_observer.rs:183:22
    |
183 |             unsafe { msg_send![class!(NSString), stringWithUTF8String: CONTENTS_SCALE.as_ptr()] };
    |                      ^^^^^^^^^^^^^^^^^^^^^^^^^^^^^^^^^^^^^^^^^^^^^^^^^^^^^^^^^^^^^^^^^^^^^^^^^^
    |
    = note: expected values for `feature` are: `device_lost_panic`, `dx12`, `fragile-send-sync-non-atomic-wasm`, `gles`, `gpu-allocator`, `internal_error_panic`, `metal`, `oom_panic`, `renderdoc`, `static-dxc`, `vulkan`, and `windows`
    = note: using a cfg inside a macro will use the cfgs from the destination crate and not the ones from the defining crate
    = help: try referring to `sel_impl` crate for guidance on how handle this unexpected cfg
    = help: the macro `sel_impl` may come from an old version of the `objc` crate, try updating your dependency with `cargo update -p objc`
    = note: see <https://doc.rust-lang.org/nightly/rustc/check-cfg/cargo-specifics.html> for more information about checking conditional configuration
    = note: this warning originates in the macro `sel_impl` which comes from the expansion of the macro `msg_send` (in Nightly builds, run with -Z macro-backtrace for more info)

warning: unexpected `cfg` condition value: `cargo-clippy`
   --> vendor/wgpu-hal/src/metal/layer_observer.rs:183:32
    |
183 |             unsafe { msg_send![class!(NSString), stringWithUTF8String: CONTENTS_SCALE.as_ptr()] };
    |                                ^^^^^^^^^^^^^^^^
    |
    = note: expected values for `feature` are: `device_lost_panic`, `dx12`, `fragile-send-sync-non-atomic-wasm`, `gles`, `gpu-allocator`, `internal_error_panic`, `metal`, `oom_panic`, `renderdoc`, `static-dxc`, `vulkan`, and `windows`
    = note: using a cfg inside a macro will use the cfgs from the destination crate and not the ones from the defining crate
    = help: try referring to `class` crate for guidance on how handle this unexpected cfg
    = help: the macro `class` may come from an old version of the `objc` crate, try updating your dependency with `cargo update -p objc`
    = note: see <https://doc.rust-lang.org/nightly/rustc/check-cfg/cargo-specifics.html> for more information about checking conditional configuration
    = note: this warning originates in the macro `class` (in Nightly builds, run with -Z macro-backtrace for more info)

warning: unexpected `cfg` condition value: `cargo-clippy`
   --> vendor/wgpu-hal/src/metal/layer_observer.rs:184:30
    |
184 |         let _: () = unsafe { msg_send![root_layer, removeObserver: this forKeyPath: key_path] };
    |                              ^^^^^^^^^^^^^^^^^^^^^^^^^^^^^^^^^^^^^^^^^^^^^^^^^^^^^^^^^^^^^^^^
    |
    = note: expected values for `feature` are: `device_lost_panic`, `dx12`, `fragile-send-sync-non-atomic-wasm`, `gles`, `gpu-allocator`, `internal_error_panic`, `metal`, `oom_panic`, `renderdoc`, `static-dxc`, `vulkan`, and `windows`
    = note: using a cfg inside a macro will use the cfgs from the destination crate and not the ones from the defining crate
    = help: try referring to `sel_impl` crate for guidance on how handle this unexpected cfg
    = help: the macro `sel_impl` may come from an old version of the `objc` crate, try updating your dependency with `cargo update -p objc`
    = note: see <https://doc.rust-lang.org/nightly/rustc/check-cfg/cargo-specifics.html> for more information about checking conditional configuration
    = note: this warning originates in the macro `sel_impl` which comes from the expansion of the macro `msg_send` (in Nightly builds, run with -Z macro-backtrace for more info)

warning: unexpected `cfg` condition value: `cargo-clippy`
   --> vendor/wgpu-hal/src/metal/layer_observer.rs:187:22
    |
187 |             unsafe { msg_send![class!(NSString), stringWithUTF8String: BOUNDS.as_ptr()] };
    |                      ^^^^^^^^^^^^^^^^^^^^^^^^^^^^^^^^^^^^^^^^^^^^^^^^^^^^^^^^^^^^^^^^^^
    |
    = note: expected values for `feature` are: `device_lost_panic`, `dx12`, `fragile-send-sync-non-atomic-wasm`, `gles`, `gpu-allocator`, `internal_error_panic`, `metal`, `oom_panic`, `renderdoc`, `static-dxc`, `vulkan`, and `windows`
    = note: using a cfg inside a macro will use the cfgs from the destination crate and not the ones from the defining crate
    = help: try referring to `sel_impl` crate for guidance on how handle this unexpected cfg
    = help: the macro `sel_impl` may come from an old version of the `objc` crate, try updating your dependency with `cargo update -p objc`
    = note: see <https://doc.rust-lang.org/nightly/rustc/check-cfg/cargo-specifics.html> for more information about checking conditional configuration
    = note: this warning originates in the macro `sel_impl` which comes from the expansion of the macro `msg_send` (in Nightly builds, run with -Z macro-backtrace for more info)

warning: unexpected `cfg` condition value: `cargo-clippy`
   --> vendor/wgpu-hal/src/metal/layer_observer.rs:187:32
    |
187 |             unsafe { msg_send![class!(NSString), stringWithUTF8String: BOUNDS.as_ptr()] };
    |                                ^^^^^^^^^^^^^^^^
    |
    = note: expected values for `feature` are: `device_lost_panic`, `dx12`, `fragile-send-sync-non-atomic-wasm`, `gles`, `gpu-allocator`, `internal_error_panic`, `metal`, `oom_panic`, `renderdoc`, `static-dxc`, `vulkan`, and `windows`
    = note: using a cfg inside a macro will use the cfgs from the destination crate and not the ones from the defining crate
    = help: try referring to `class` crate for guidance on how handle this unexpected cfg
    = help: the macro `class` may come from an old version of the `objc` crate, try updating your dependency with `cargo update -p objc`
    = note: see <https://doc.rust-lang.org/nightly/rustc/check-cfg/cargo-specifics.html> for more information about checking conditional configuration
    = note: this warning originates in the macro `class` (in Nightly builds, run with -Z macro-backtrace for more info)

warning: unexpected `cfg` condition value: `cargo-clippy`
   --> vendor/wgpu-hal/src/metal/layer_observer.rs:188:30
    |
188 |         let _: () = unsafe { msg_send![root_layer, removeObserver: this forKeyPath: key_path] };
    |                              ^^^^^^^^^^^^^^^^^^^^^^^^^^^^^^^^^^^^^^^^^^^^^^^^^^^^^^^^^^^^^^^^
    |
    = note: expected values for `feature` are: `device_lost_panic`, `dx12`, `fragile-send-sync-non-atomic-wasm`, `gles`, `gpu-allocator`, `internal_error_panic`, `metal`, `oom_panic`, `renderdoc`, `static-dxc`, `vulkan`, and `windows`
    = note: using a cfg inside a macro will use the cfgs from the destination crate and not the ones from the defining crate
    = help: try referring to `sel_impl` crate for guidance on how handle this unexpected cfg
    = help: the macro `sel_impl` may come from an old version of the `objc` crate, try updating your dependency with `cargo update -p objc`
    = note: see <https://doc.rust-lang.org/nightly/rustc/check-cfg/cargo-specifics.html> for more information about checking conditional configuration
    = note: this warning originates in the macro `sel_impl` which comes from the expansion of the macro `msg_send` (in Nightly builds, run with -Z macro-backtrace for more info)

warning: unexpected `cfg` condition value: `cargo-clippy`
   --> vendor/wgpu-hal/src/metal/layer_observer.rs:191:26
    |
191 |     let _: () = unsafe { msg_send![super(this, class!(CAMetalLayer)), dealloc] };
    |                          ^^^^^^^^^^^^^^^^^^^^^^^^^^^^^^^^^^^^^^^^^^^^^^^^^^^^^
    |
    = note: expected values for `feature` are: `device_lost_panic`, `dx12`, `fragile-send-sync-non-atomic-wasm`, `gles`, `gpu-allocator`, `internal_error_panic`, `metal`, `oom_panic`, `renderdoc`, `static-dxc`, `vulkan`, and `windows`
    = note: using a cfg inside a macro will use the cfgs from the destination crate and not the ones from the defining crate
    = help: try referring to `sel_impl` crate for guidance on how handle this unexpected cfg
    = help: the macro `sel_impl` may come from an old version of the `objc` crate, try updating your dependency with `cargo update -p objc`
    = note: see <https://doc.rust-lang.org/nightly/rustc/check-cfg/cargo-specifics.html> for more information about checking conditional configuration
    = note: this warning originates in the macro `sel_impl` which comes from the expansion of the macro `msg_send` (in Nightly builds, run with -Z macro-backtrace for more info)

warning: unexpected `cfg` condition value: `cargo-clippy`
   --> vendor/wgpu-hal/src/metal/layer_observer.rs:191:48
    |
191 |     let _: () = unsafe { msg_send![super(this, class!(CAMetalLayer)), dealloc] };
    |                                                ^^^^^^^^^^^^^^^^^^^^
    |
    = note: expected values for `feature` are: `device_lost_panic`, `dx12`, `fragile-send-sync-non-atomic-wasm`, `gles`, `gpu-allocator`, `internal_error_panic`, `metal`, `oom_panic`, `renderdoc`, `static-dxc`, `vulkan`, and `windows`
    = note: using a cfg inside a macro will use the cfgs from the destination crate and not the ones from the defining crate
    = help: try referring to `class` crate for guidance on how handle this unexpected cfg
    = help: the macro `class` may come from an old version of the `objc` crate, try updating your dependency with `cargo update -p objc`
    = note: see <https://doc.rust-lang.org/nightly/rustc/check-cfg/cargo-specifics.html> for more information about checking conditional configuration
    = note: this warning originates in the macro `class` (in Nightly builds, run with -Z macro-backtrace for more info)

warning: unexpected `cfg` condition value: `cargo-clippy`
  --> vendor/wgpu-hal/src/metal/surface.rs:48:21
   |
48 |         let class = class!(CAMetalLayer);
   |                     ^^^^^^^^^^^^^^^^^^^^
   |
   = note: expected values for `feature` are: `device_lost_panic`, `dx12`, `fragile-send-sync-non-atomic-wasm`, `gles`, `gpu-allocator`, `internal_error_panic`, `metal`, `oom_panic`, `renderdoc`, `static-dxc`, `vulkan`, and `windows`
   = note: using a cfg inside a macro will use the cfgs from the destination crate and not the ones from the defining crate
   = help: try referring to `class` crate for guidance on how handle this unexpected cfg
   = help: the macro `class` may come from an old version of the `objc` crate, try updating your dependency with `cargo update -p objc`
   = note: see <https://doc.rust-lang.org/nightly/rustc/check-cfg/cargo-specifics.html> for more information about checking conditional configuration
   = note: this warning originates in the macro `class` (in Nightly builds, run with -Z macro-backtrace for more info)

warning: unexpected `cfg` condition value: `cargo-clippy`
  --> vendor/wgpu-hal/src/metal/surface.rs:49:33
   |
49 |         let proper_kind: BOOL = msg_send![layer, isKindOfClass: class];
   |                                 ^^^^^^^^^^^^^^^^^^^^^^^^^^^^^^^^^^^^^^
   |
   = note: expected values for `feature` are: `device_lost_panic`, `dx12`, `fragile-send-sync-non-atomic-wasm`, `gles`, `gpu-allocator`, `internal_error_panic`, `metal`, `oom_panic`, `renderdoc`, `static-dxc`, `vulkan`, and `windows`
   = note: using a cfg inside a macro will use the cfgs from the destination crate and not the ones from the defining crate
   = help: try referring to `sel_impl` crate for guidance on how handle this unexpected cfg
   = help: the macro `sel_impl` may come from an old version of the `objc` crate, try updating your dependency with `cargo update -p objc`
   = note: see <https://doc.rust-lang.org/nightly/rustc/check-cfg/cargo-specifics.html> for more information about checking conditional configuration
   = note: this warning originates in the macro `sel_impl` which comes from the expansion of the macro `msg_send` (in Nightly builds, run with -Z macro-backtrace for more info)

warning: unexpected `cfg` condition value: `cargo-clippy`
  --> vendor/wgpu-hal/src/metal/surface.rs:65:36
   |
65 |         let is_main_thread: BOOL = msg_send![class!(NSThread), isMainThread];
   |                                    ^^^^^^^^^^^^^^^^^^^^^^^^^^^^^^^^^^^^^^^^^
   |
   = note: expected values for `feature` are: `device_lost_panic`, `dx12`, `fragile-send-sync-non-atomic-wasm`, `gles`, `gpu-allocator`, `internal_error_panic`, `metal`, `oom_panic`, `renderdoc`, `static-dxc`, `vulkan`, and `windows`
   = note: using a cfg inside a macro will use the cfgs from the destination crate and not the ones from the defining crate
   = help: try referring to `sel_impl` crate for guidance on how handle this unexpected cfg
   = help: the macro `sel_impl` may come from an old version of the `objc` crate, try updating your dependency with `cargo update -p objc`
   = note: see <https://doc.rust-lang.org/nightly/rustc/check-cfg/cargo-specifics.html> for more information about checking conditional configuration
   = note: this warning originates in the macro `sel_impl` which comes from the expansion of the macro `msg_send` (in Nightly builds, run with -Z macro-backtrace for more info)

warning: unexpected `cfg` condition value: `cargo-clippy`
  --> vendor/wgpu-hal/src/metal/surface.rs:65:46
   |
65 |         let is_main_thread: BOOL = msg_send![class!(NSThread), isMainThread];
   |                                              ^^^^^^^^^^^^^^^^
   |
   = note: expected values for `feature` are: `device_lost_panic`, `dx12`, `fragile-send-sync-non-atomic-wasm`, `gles`, `gpu-allocator`, `internal_error_panic`, `metal`, `oom_panic`, `renderdoc`, `static-dxc`, `vulkan`, and `windows`
   = note: using a cfg inside a macro will use the cfgs from the destination crate and not the ones from the defining crate
   = help: try referring to `class` crate for guidance on how handle this unexpected cfg
   = help: the macro `class` may come from an old version of the `objc` crate, try updating your dependency with `cargo update -p objc`
   = note: see <https://doc.rust-lang.org/nightly/rustc/check-cfg/cargo-specifics.html> for more information about checking conditional configuration
   = note: this warning originates in the macro `class` (in Nightly builds, run with -Z macro-backtrace for more info)

warning: unexpected `cfg` condition value: `cargo-clippy`
  --> vendor/wgpu-hal/src/metal/surface.rs:73:18
   |
73 |         let () = msg_send![view.as_ptr(), setWantsLayer: YES];
   |                  ^^^^^^^^^^^^^^^^^^^^^^^^^^^^^^^^^^^^^^^^^^^^
   |
   = note: expected values for `feature` are: `device_lost_panic`, `dx12`, `fragile-send-sync-non-atomic-wasm`, `gles`, `gpu-allocator`, `internal_error_panic`, `metal`, `oom_panic`, `renderdoc`, `static-dxc`, `vulkan`, and `windows`
   = note: using a cfg inside a macro will use the cfgs from the destination crate and not the ones from the defining crate
   = help: try referring to `sel_impl` crate for guidance on how handle this unexpected cfg
   = help: the macro `sel_impl` may come from an old version of the `objc` crate, try updating your dependency with `cargo update -p objc`
   = note: see <https://doc.rust-lang.org/nightly/rustc/check-cfg/cargo-specifics.html> for more information about checking conditional configuration
   = note: this warning originates in the macro `sel_impl` which comes from the expansion of the macro `msg_send` (in Nightly builds, run with -Z macro-backtrace for more info)

warning: unexpected `cfg` condition value: `cargo-clippy`
  --> vendor/wgpu-hal/src/metal/surface.rs:75:39
   |
75 |         let root_layer: *mut Object = msg_send![view.as_ptr(), layer];
   |                                       ^^^^^^^^^^^^^^^^^^^^^^^^^^^^^^^
   |
   = note: expected values for `feature` are: `device_lost_panic`, `dx12`, `fragile-send-sync-non-atomic-wasm`, `gles`, `gpu-allocator`, `internal_error_panic`, `metal`, `oom_panic`, `renderdoc`, `static-dxc`, `vulkan`, and `windows`
   = note: using a cfg inside a macro will use the cfgs from the destination crate and not the ones from the defining crate
   = help: try referring to `sel_impl` crate for guidance on how handle this unexpected cfg
   = help: the macro `sel_impl` may come from an old version of the `objc` crate, try updating your dependency with `cargo update -p objc`
   = note: see <https://doc.rust-lang.org/nightly/rustc/check-cfg/cargo-specifics.html> for more information about checking conditional configuration
   = note: this warning originates in the macro `sel_impl` which comes from the expansion of the macro `msg_send` (in Nightly builds, run with -Z macro-backtrace for more info)

warning: unexpected `cfg` condition value: `cargo-clippy`
  --> vendor/wgpu-hal/src/metal/surface.rs:88:36
   |
88 |         let is_metal_layer: BOOL = msg_send![root_layer, isKindOfClass: class!(CAMetalLayer)];
   |                                    ^^^^^^^^^^^^^^^^^^^^^^^^^^^^^^^^^^^^^^^^^^^^^^^^^^^^^^^^^^
   |
   = note: expected values for `feature` are: `device_lost_panic`, `dx12`, `fragile-send-sync-non-atomic-wasm`, `gles`, `gpu-allocator`, `internal_error_panic`, `metal`, `oom_panic`, `renderdoc`, `static-dxc`, `vulkan`, and `windows`
   = note: using a cfg inside a macro will use the cfgs from the destination crate and not the ones from the defining crate
   = help: try referring to `sel_impl` crate for guidance on how handle this unexpected cfg
   = help: the macro `sel_impl` may come from an old version of the `objc` crate, try updating your dependency with `cargo update -p objc`
   = note: see <https://doc.rust-lang.org/nightly/rustc/check-cfg/cargo-specifics.html> for more information about checking conditional configuration
   = note: this warning originates in the macro `sel_impl` which comes from the expansion of the macro `msg_send` (in Nightly builds, run with -Z macro-backtrace for more info)

warning: unexpected `cfg` condition value: `cargo-clippy`
  --> vendor/wgpu-hal/src/metal/surface.rs:88:73
   |
88 |         let is_metal_layer: BOOL = msg_send![root_layer, isKindOfClass: class!(CAMetalLayer)];
   |                                                                         ^^^^^^^^^^^^^^^^^^^^
   |
   = note: expected values for `feature` are: `device_lost_panic`, `dx12`, `fragile-send-sync-non-atomic-wasm`, `gles`, `gpu-allocator`, `internal_error_panic`, `metal`, `oom_panic`, `renderdoc`, `static-dxc`, `vulkan`, and `windows`
   = note: using a cfg inside a macro will use the cfgs from the destination crate and not the ones from the defining crate
   = help: try referring to `class` crate for guidance on how handle this unexpected cfg
   = help: the macro `class` may come from an old version of the `objc` crate, try updating your dependency with `cargo update -p objc`
   = note: see <https://doc.rust-lang.org/nightly/rustc/check-cfg/cargo-specifics.html> for more information about checking conditional configuration
   = note: this warning originates in the macro `class` (in Nightly builds, run with -Z macro-backtrace for more info)

warning: unexpected `cfg` condition value: `cargo-clippy`
   --> vendor/wgpu-hal/src/metal/surface.rs:115:34
    |
115 |             let bounds: CGRect = msg_send![render_layer, bounds];
    |                                  ^^^^^^^^^^^^^^^^^^^^^^^^^^^^^^^
    |
    = note: expected values for `feature` are: `device_lost_panic`, `dx12`, `fragile-send-sync-non-atomic-wasm`, `gles`, `gpu-allocator`, `internal_error_panic`, `metal`, `oom_panic`, `renderdoc`, `static-dxc`, `vulkan`, and `windows`
    = note: using a cfg inside a macro will use the cfgs from the destination crate and not the ones from the defining crate
    = help: try referring to `sel_impl` crate for guidance on how handle this unexpected cfg
    = help: the macro `sel_impl` may come from an old version of the `objc` crate, try updating your dependency with `cargo update -p objc`
    = note: see <https://doc.rust-lang.org/nightly/rustc/check-cfg/cargo-specifics.html> for more information about checking conditional configuration
    = note: this warning originates in the macro `sel_impl` which comes from the expansion of the macro `msg_send` (in Nightly builds, run with -Z macro-backtrace for more info)

warning: unexpected `cfg` condition value: `cargo-clippy`
   --> vendor/wgpu-hal/src/metal/surface.rs:116:43
    |
116 |             let contents_scale: CGFloat = msg_send![render_layer, contentsScale];
    |                                           ^^^^^^^^^^^^^^^^^^^^^^^^^^^^^^^^^^^^^^
    |
    = note: expected values for `feature` are: `device_lost_panic`, `dx12`, `fragile-send-sync-non-atomic-wasm`, `gles`, `gpu-allocator`, `internal_error_panic`, `metal`, `oom_panic`, `renderdoc`, `static-dxc`, `vulkan`, and `windows`
    = note: using a cfg inside a macro will use the cfgs from the destination crate and not the ones from the defining crate
    = help: try referring to `sel_impl` crate for guidance on how handle this unexpected cfg
    = help: the macro `sel_impl` may come from an old version of the `objc` crate, try updating your dependency with `cargo update -p objc`
    = note: see <https://doc.rust-lang.org/nightly/rustc/check-cfg/cargo-specifics.html> for more information about checking conditional configuration
    = note: this warning originates in the macro `sel_impl` which comes from the expansion of the macro `msg_send` (in Nightly builds, run with -Z macro-backtrace for more info)

warning: unexpected `cfg` condition value: `cargo-clippy`
   --> vendor/wgpu-hal/src/metal/surface.rs:173:22
    |
173 |             let () = msg_send![*render_layer, setAllowsNextDrawableTimeout:false];
    |                      ^^^^^^^^^^^^^^^^^^^^^^^^^^^^^^^^^^^^^^^^^^^^^^^^^^^^^^^^^^^^
    |
    = note: expected values for `feature` are: `device_lost_panic`, `dx12`, `fragile-send-sync-non-atomic-wasm`, `gles`, `gpu-allocator`, `internal_error_panic`, `metal`, `oom_panic`, `renderdoc`, `static-dxc`, `vulkan`, and `windows`
    = note: using a cfg inside a macro will use the cfgs from the destination crate and not the ones from the defining crate
    = help: try referring to `sel_impl` crate for guidance on how handle this unexpected cfg
    = help: the macro `sel_impl` may come from an old version of the `objc` crate, try updating your dependency with `cargo update -p objc`
    = note: see <https://doc.rust-lang.org/nightly/rustc/check-cfg/cargo-specifics.html> for more information about checking conditional configuration
    = note: this warning originates in the macro `sel_impl` which comes from the expansion of the macro `msg_send` (in Nightly builds, run with -Z macro-backtrace for more info)

warning: unexpected `cfg` condition value: `cargo-clippy`
   --> vendor/wgpu-hal/src/metal/surface.rs:176:22
    |
176 |             let () = msg_send![*render_layer, setDisplaySyncEnabled: display_sync];
    |                      ^^^^^^^^^^^^^^^^^^^^^^^^^^^^^^^^^^^^^^^^^^^^^^^^^^^^^^^^^^^^^
    |
    = note: expected values for `feature` are: `device_lost_panic`, `dx12`, `fragile-send-sync-non-atomic-wasm`, `gles`, `gpu-allocator`, `internal_error_panic`, `metal`, `oom_panic`, `renderdoc`, `static-dxc`, `vulkan`, and `windows`
    = note: using a cfg inside a macro will use the cfgs from the destination crate and not the ones from the defining crate
    = help: try referring to `sel_impl` crate for guidance on how handle this unexpected cfg
    = help: the macro `sel_impl` may come from an old version of the `objc` crate, try updating your dependency with `cargo update -p objc`
    = note: see <https://doc.rust-lang.org/nightly/rustc/check-cfg/cargo-specifics.html> for more information about checking conditional configuration
    = note: this warning originates in the macro `sel_impl` which comes from the expansion of the macro `msg_send` (in Nightly builds, run with -Z macro-backtrace for more info)

warning: `wgpu-hal` (lib) generated 50 warnings
   Compiling ferryx v2026.902.2 (/Users/indo/code/project/orca-lite/src-tauri)
warning: unused variable: `super_key`
   --> src/native_terminal/input.rs:366:13
    |
366 |         let super_key = KeyModifiers {
    |             ^^^^^^^^^ help: if this is intentional, prefix it with an underscore: `_super_key`
    |
    = note: `#[warn(unused_variables)]` (part of `#[warn(unused)]`) on by default

warning: variable does not need to be mutable
   --> src/native_terminal/renderer/font_manager.rs:155:13
    |
155 |         let mut buffer = vec![0u8; total_pixels];
    |             ----^^^^^^
    |             |
    |             help: remove this `mut`
    |
    = note: `#[warn(unused_mut)]` (part of `#[warn(unused)]`) on by default

warning: field `app` is never read
  --> src/ipc/notifications.rs:28:5
   |
27 | pub struct TauriNotificationBackend<R: Runtime> {
   |            ------------------------ field in this struct
28 |     app: AppHandle<R>,
   |     ^^^
   |
   = note: `#[warn(dead_code)]` (part of `#[warn(unused)]`) on by default

warning: method `wait_and_reap` is never used
   --> src/terminal/session.rs:270:19
    |
 61 | impl PtySession {
    | --------------- method in this implementation
...
270 |     pub(crate) fn wait_and_reap(&self) -> Result<Option<i32>, PtyError> {
    |                   ^^^^^^^^^^^^^

warning: struct `WriterLeaseGuard` is never constructed
  --> src/worktree/manager.rs:57:19
   |
57 | pub(crate) struct WriterLeaseGuard {
   |                   ^^^^^^^^^^^^^^^^

warning: associated items `new`, `canonical_path`, and `owner_id` are never used
  --> src/worktree/manager.rs:64:8
   |
63 | impl WriterLeaseGuard {
   | --------------------- associated items in this implementation
64 |     fn new(registry: WriterLeaseRegistry, canonical_path: PathBuf, owner_id: String) -> Self {
   |        ^^^
...
72 |     pub(crate) fn canonical_path(&self) -> &Path {
   |                   ^^^^^^^^^^^^^^
...
76 |     pub(crate) fn owner_id(&self) -> &str {
   |                   ^^^^^^^^

warning: method `acquire_writer_lease` is never used
   --> src/worktree/manager.rs:309:19
    |
105 | impl WorktreeManager {
    | -------------------- method in this implementation
...
309 |     pub(crate) fn acquire_writer_lease(
    |                   ^^^^^^^^^^^^^^^^^^^^

warning: `ferryx` (lib test) generated 7 warnings (run `cargo fix --lib -p ferryx --tests` to apply 2 suggestions)
    Finished `test` profile [unoptimized + debuginfo] target(s) in 21.95s
     Running unittests src/lib.rs (src-tauri/target/debug/deps/ferryx_lib-f277dedbac8184e5)

running 30 tests
test ssh::exec::tests::red_interactive_argv_flags ... ok
test ssh::exec::tests::red_probe_argv_shape ... ok
test ssh::exec::tests::probe_honors_saved_connection_options ... ok
test ipc::ssh::tests::default_store_is_empty ... ok
test ssh::direct::tests::unsafe_connection_tokens_and_paths_are_rejected ... ok
test ssh::config::tests::red_malformed_lines_are_skipped ... ok
test ssh::direct::tests::malformed_probe_output_cannot_become_a_local_project ... ok
test ssh::config::tests::red_import_dedupes_against_tombstones_and_caps ... ok
test ssh::config::tests::red_import_caps_at_100 ... ok
test ssh::config::tests::red_parse_extracts_named_aliases_only ... ok
test ssh::tests::key_includes_user_and_default_port ... ok
test ssh::tests::target_with_and_without_user ... ok
test ssh::worktree::tests::red_malformed_porcelain_tolerated ... ok
test ssh::worktree::tests::red_parse_porcelain_entries ... ok
test ssh::direct::tests::startup_plan_honors_saved_options_and_quotes_remote_root ... ok
test ssh::worktree::tests::red_invalid_slug_rejected ... ok
test ssh::worktree::tests::red_remote_argv_shapes ... ok
test ssh::tests::serde_camel_case_round_trip ... ok
test ipc::ssh::tests::store_round_trips_through_json ... ok
test ssh::direct::tests::failed_probe_reports_exit_and_caps_output ... ok
test ssh::projects::tests::failed_atomic_save_cleans_temporary_file ... ok
test ssh::projects::tests::disabled_host_registration_leaves_no_project_or_temporary_files ... ok
test ssh::projects::tests::stored_routing_survives_reload_and_refuses_disabled_or_deleted_host ... ok
test ssh::direct::tests::deadline_terminates_and_reaps_probe ... ok
test ssh::projects::tests::corrupted_metadata_and_identity_collision_fail_closed_without_overwrite ... ok
test ssh::projects::tests::unregister_revokes_stored_routing_and_reveal_is_explicitly_unsupported ... ok
test ssh::projects::tests::identity_is_host_qualified_idempotent_and_cannot_collide_with_local_registry ... ok
test ssh::direct::tests::remote_shell_probe_canonicalizes_quoted_directory_and_reports_plain_or_git ... ok
test daemon::server::remote_ssh_tests::direct_ssh_real_transport_registration_and_pty ... ok
test ssh::projects::tests::connection_failure_does_not_register_or_fall_back_to_existing_local_directory ... ok

test result: ok. 30 passed; 0 failed; 0 ignored; 0 measured; 599 filtered out; finished in 5.02s

EXIT: 0

COMMAND: cargo test --manifest-path src-tauri/Cargo.toml --lib project_remote
warning: unexpected `cfg` condition value: `cargo-clippy`
   --> vendor/wgpu-hal/src/metal/adapter.rs:540:17
    |
540 |                 msg_send![class!(NSProcessInfo), processInfo];
    |                 ^^^^^^^^^^^^^^^^^^^^^^^^^^^^^^^^^^^^^^^^^^^^^
    |
    = note: expected values for `feature` are: `device_lost_panic`, `dx12`, `fragile-send-sync-non-atomic-wasm`, `gles`, `gpu-allocator`, `internal_error_panic`, `metal`, `oom_panic`, `renderdoc`, `static-dxc`, `vulkan`, and `windows`
    = note: using a cfg inside a macro will use the cfgs from the destination crate and not the ones from the defining crate
    = help: try referring to `sel_impl` crate for guidance on how handle this unexpected cfg
    = help: the macro `sel_impl` may come from an old version of the `objc` crate, try updating your dependency with `cargo update -p objc`
    = note: see <https://doc.rust-lang.org/nightly/rustc/check-cfg/cargo-specifics.html> for more information about checking conditional configuration
    = note: requested on the command line with `-W unexpected-cfgs`
    = note: this warning originates in the macro `sel_impl` which comes from the expansion of the macro `msg_send` (in Nightly builds, run with -Z macro-backtrace for more info)

warning: unexpected `cfg` condition value: `cargo-clippy`
   --> vendor/wgpu-hal/src/metal/adapter.rs:540:27
    |
540 |                 msg_send![class!(NSProcessInfo), processInfo];
    |                           ^^^^^^^^^^^^^^^^^^^^^
    |
    = note: expected values for `feature` are: `device_lost_panic`, `dx12`, `fragile-send-sync-non-atomic-wasm`, `gles`, `gpu-allocator`, `internal_error_panic`, `metal`, `oom_panic`, `renderdoc`, `static-dxc`, `vulkan`, and `windows`
    = note: using a cfg inside a macro will use the cfgs from the destination crate and not the ones from the defining crate
    = help: try referring to `class` crate for guidance on how handle this unexpected cfg
    = help: the macro `class` may come from an old version of the `objc` crate, try updating your dependency with `cargo update -p objc`
    = note: see <https://doc.rust-lang.org/nightly/rustc/check-cfg/cargo-specifics.html> for more information about checking conditional configuration
    = note: this warning originates in the macro `class` (in Nightly builds, run with -Z macro-backtrace for more info)

warning: unexpected `cfg` condition value: `cargo-clippy`
   --> vendor/wgpu-hal/src/metal/adapter.rs:541:13
    |
541 |             msg_send![process_info, operatingSystemVersion]
    |             ^^^^^^^^^^^^^^^^^^^^^^^^^^^^^^^^^^^^^^^^^^^^^^^
    |
    = note: expected values for `feature` are: `device_lost_panic`, `dx12`, `fragile-send-sync-non-atomic-wasm`, `gles`, `gpu-allocator`, `internal_error_panic`, `metal`, `oom_panic`, `renderdoc`, `static-dxc`, `vulkan`, and `windows`
    = note: using a cfg inside a macro will use the cfgs from the destination crate and not the ones from the defining crate
    = help: try referring to `sel_impl` crate for guidance on how handle this unexpected cfg
    = help: the macro `sel_impl` may come from an old version of the `objc` crate, try updating your dependency with `cargo update -p objc`
    = note: see <https://doc.rust-lang.org/nightly/rustc/check-cfg/cargo-specifics.html> for more information about checking conditional configuration
    = note: this warning originates in the macro `sel_impl` which comes from the expansion of the macro `msg_send` (in Nightly builds, run with -Z macro-backtrace for more info)

warning: unexpected `cfg` condition value: `cargo-clippy`
   --> vendor/wgpu-hal/src/metal/adapter.rs:732:30
    |
732 |                     unsafe { msg_send![device.as_ref(), maxBufferLength] };
    |                              ^^^^^^^^^^^^^^^^^^^^^^^^^^^^^^^^^^^^^^^^^^^
    |
    = note: expected values for `feature` are: `device_lost_panic`, `dx12`, `fragile-send-sync-non-atomic-wasm`, `gles`, `gpu-allocator`, `internal_error_panic`, `metal`, `oom_panic`, `renderdoc`, `static-dxc`, `vulkan`, and `windows`
    = note: using a cfg inside a macro will use the cfgs from the destination crate and not the ones from the defining crate
    = help: try referring to `sel_impl` crate for guidance on how handle this unexpected cfg
    = help: the macro `sel_impl` may come from an old version of the `objc` crate, try updating your dependency with `cargo update -p objc`
    = note: see <https://doc.rust-lang.org/nightly/rustc/check-cfg/cargo-specifics.html> for more information about checking conditional configuration
    = note: this warning originates in the macro `sel_impl` which comes from the expansion of the macro `msg_send` (in Nightly builds, run with -Z macro-backtrace for more info)

warning: unexpected `cfg` condition value: `cargo-clippy`
  --> vendor/wgpu-hal/src/metal/layer_observer.rs:33:38
   |
33 |     let this: *mut Object = unsafe { msg_send![class(), new] };
   |                                      ^^^^^^^^^^^^^^^^^^^^^^^
   |
   = note: expected values for `feature` are: `device_lost_panic`, `dx12`, `fragile-send-sync-non-atomic-wasm`, `gles`, `gpu-allocator`, `internal_error_panic`, `metal`, `oom_panic`, `renderdoc`, `static-dxc`, `vulkan`, and `windows`
   = note: using a cfg inside a macro will use the cfgs from the destination crate and not the ones from the defining crate
   = help: try referring to `sel_impl` crate for guidance on how handle this unexpected cfg
   = help: the macro `sel_impl` may come from an old version of the `objc` crate, try updating your dependency with `cargo update -p objc`
   = note: see <https://doc.rust-lang.org/nightly/rustc/check-cfg/cargo-specifics.html> for more information about checking conditional configuration
   = note: this warning originates in the macro `sel_impl` which comes from the expansion of the macro `msg_send` (in Nightly builds, run with -Z macro-backtrace for more info)

warning: unexpected `cfg` condition value: `cargo-clippy`
  --> vendor/wgpu-hal/src/metal/layer_observer.rs:36:26
   |
36 |     let _: () = unsafe { msg_send![root_layer, addSublayer: this] };
   |                          ^^^^^^^^^^^^^^^^^^^^^^^^^^^^^^^^^^^^^^^^
   |
   = note: expected values for `feature` are: `device_lost_panic`, `dx12`, `fragile-send-sync-non-atomic-wasm`, `gles`, `gpu-allocator`, `internal_error_panic`, `metal`, `oom_panic`, `renderdoc`, `static-dxc`, `vulkan`, and `windows`
   = note: using a cfg inside a macro will use the cfgs from the destination crate and not the ones from the defining crate
   = help: try referring to `sel_impl` crate for guidance on how handle this unexpected cfg
   = help: the macro `sel_impl` may come from an old version of the `objc` crate, try updating your dependency with `cargo update -p objc`
   = note: see <https://doc.rust-lang.org/nightly/rustc/check-cfg/cargo-specifics.html> for more information about checking conditional configuration
   = note: this warning originates in the macro `sel_impl` which comes from the expansion of the macro `msg_send` (in Nightly builds, run with -Z macro-backtrace for more info)

warning: unexpected `cfg` condition value: `cargo-clippy`
  --> vendor/wgpu-hal/src/metal/layer_observer.rs:40:18
   |
40 |         unsafe { msg_send![class!(NSString), stringWithUTF8String: CONTENTS_SCALE.as_ptr()] };
   |                  ^^^^^^^^^^^^^^^^^^^^^^^^^^^^^^^^^^^^^^^^^^^^^^^^^^^^^^^^^^^^^^^^^^^^^^^^^^
   |
   = note: expected values for `feature` are: `device_lost_panic`, `dx12`, `fragile-send-sync-non-atomic-wasm`, `gles`, `gpu-allocator`, `internal_error_panic`, `metal`, `oom_panic`, `renderdoc`, `static-dxc`, `vulkan`, and `windows`
   = note: using a cfg inside a macro will use the cfgs from the destination crate and not the ones from the defining crate
   = help: try referring to `sel_impl` crate for guidance on how handle this unexpected cfg
   = help: the macro `sel_impl` may come from an old version of the `objc` crate, try updating your dependency with `cargo update -p objc`
   = note: see <https://doc.rust-lang.org/nightly/rustc/check-cfg/cargo-specifics.html> for more information about checking conditional configuration
   = note: this warning originates in the macro `sel_impl` which comes from the expansion of the macro `msg_send` (in Nightly builds, run with -Z macro-backtrace for more info)

warning: unexpected `cfg` condition value: `cargo-clippy`
  --> vendor/wgpu-hal/src/metal/layer_observer.rs:40:28
   |
40 |         unsafe { msg_send![class!(NSString), stringWithUTF8String: CONTENTS_SCALE.as_ptr()] };
   |                            ^^^^^^^^^^^^^^^^
   |
   = note: expected values for `feature` are: `device_lost_panic`, `dx12`, `fragile-send-sync-non-atomic-wasm`, `gles`, `gpu-allocator`, `internal_error_panic`, `metal`, `oom_panic`, `renderdoc`, `static-dxc`, `vulkan`, and `windows`
   = note: using a cfg inside a macro will use the cfgs from the destination crate and not the ones from the defining crate
   = help: try referring to `class` crate for guidance on how handle this unexpected cfg
   = help: the macro `class` may come from an old version of the `objc` crate, try updating your dependency with `cargo update -p objc`
   = note: see <https://doc.rust-lang.org/nightly/rustc/check-cfg/cargo-specifics.html> for more information about checking conditional configuration
   = note: this warning originates in the macro `class` (in Nightly builds, run with -Z macro-backtrace for more info)

warning: unexpected `cfg` condition value: `cargo-clippy`
  --> vendor/wgpu-hal/src/metal/layer_observer.rs:42:9
   |
42 | /         msg_send![
43 | |             root_layer,
44 | |             addObserver: this
45 | |             forKeyPath: key_path
46 | |             options: NSKeyValueObservingOptionNew | NSKeyValueObservingOptionInitial
47 | |             context: context_ptr()
48 | |         ]
   | |_________^
   |
   = note: expected values for `feature` are: `device_lost_panic`, `dx12`, `fragile-send-sync-non-atomic-wasm`, `gles`, `gpu-allocator`, `internal_error_panic`, `metal`, `oom_panic`, `renderdoc`, `static-dxc`, `vulkan`, and `windows`
   = note: using a cfg inside a macro will use the cfgs from the destination crate and not the ones from the defining crate
   = help: try referring to `sel_impl` crate for guidance on how handle this unexpected cfg
   = help: the macro `sel_impl` may come from an old version of the `objc` crate, try updating your dependency with `cargo update -p objc`
   = note: see <https://doc.rust-lang.org/nightly/rustc/check-cfg/cargo-specifics.html> for more information about checking conditional configuration
   = note: this warning originates in the macro `sel_impl` which comes from the expansion of the macro `msg_send` (in Nightly builds, run with -Z macro-backtrace for more info)

warning: unexpected `cfg` condition value: `cargo-clippy`
  --> vendor/wgpu-hal/src/metal/layer_observer.rs:52:18
   |
52 |         unsafe { msg_send![class!(NSString), stringWithUTF8String: BOUNDS.as_ptr()] };
   |                  ^^^^^^^^^^^^^^^^^^^^^^^^^^^^^^^^^^^^^^^^^^^^^^^^^^^^^^^^^^^^^^^^^^
   |
   = note: expected values for `feature` are: `device_lost_panic`, `dx12`, `fragile-send-sync-non-atomic-wasm`, `gles`, `gpu-allocator`, `internal_error_panic`, `metal`, `oom_panic`, `renderdoc`, `static-dxc`, `vulkan`, and `windows`
   = note: using a cfg inside a macro will use the cfgs from the destination crate and not the ones from the defining crate
   = help: try referring to `sel_impl` crate for guidance on how handle this unexpected cfg
   = help: the macro `sel_impl` may come from an old version of the `objc` crate, try updating your dependency with `cargo update -p objc`
   = note: see <https://doc.rust-lang.org/nightly/rustc/check-cfg/cargo-specifics.html> for more information about checking conditional configuration
   = note: this warning originates in the macro `sel_impl` which comes from the expansion of the macro `msg_send` (in Nightly builds, run with -Z macro-backtrace for more info)

warning: unexpected `cfg` condition value: `cargo-clippy`
  --> vendor/wgpu-hal/src/metal/layer_observer.rs:52:28
   |
52 |         unsafe { msg_send![class!(NSString), stringWithUTF8String: BOUNDS.as_ptr()] };
   |                            ^^^^^^^^^^^^^^^^
   |
   = note: expected values for `feature` are: `device_lost_panic`, `dx12`, `fragile-send-sync-non-atomic-wasm`, `gles`, `gpu-allocator`, `internal_error_panic`, `metal`, `oom_panic`, `renderdoc`, `static-dxc`, `vulkan`, and `windows`
   = note: using a cfg inside a macro will use the cfgs from the destination crate and not the ones from the defining crate
   = help: try referring to `class` crate for guidance on how handle this unexpected cfg
   = help: the macro `class` may come from an old version of the `objc` crate, try updating your dependency with `cargo update -p objc`
   = note: see <https://doc.rust-lang.org/nightly/rustc/check-cfg/cargo-specifics.html> for more information about checking conditional configuration
   = note: this warning originates in the macro `class` (in Nightly builds, run with -Z macro-backtrace for more info)

warning: unexpected `cfg` condition value: `cargo-clippy`
  --> vendor/wgpu-hal/src/metal/layer_observer.rs:54:9
   |
54 | /         msg_send![
55 | |             root_layer,
56 | |             addObserver: this
57 | |             forKeyPath: key_path
58 | |             options: NSKeyValueObservingOptionNew | NSKeyValueObservingOptionInitial
59 | |             context: context_ptr()
60 | |         ]
   | |_________^
   |
   = note: expected values for `feature` are: `device_lost_panic`, `dx12`, `fragile-send-sync-non-atomic-wasm`, `gles`, `gpu-allocator`, `internal_error_panic`, `metal`, `oom_panic`, `renderdoc`, `static-dxc`, `vulkan`, and `windows`
   = note: using a cfg inside a macro will use the cfgs from the destination crate and not the ones from the defining crate
   = help: try referring to `sel_impl` crate for guidance on how handle this unexpected cfg
   = help: the macro `sel_impl` may come from an old version of the `objc` crate, try updating your dependency with `cargo update -p objc`
   = note: see <https://doc.rust-lang.org/nightly/rustc/check-cfg/cargo-specifics.html> for more information about checking conditional configuration
   = note: this warning originates in the macro `sel_impl` which comes from the expansion of the macro `msg_send` (in Nightly builds, run with -Z macro-backtrace for more info)

warning: unexpected `cfg` condition value: `cargo-clippy`
  --> vendor/wgpu-hal/src/metal/layer_observer.rs:77:26
   |
77 |         let superclass = class!(CAMetalLayer);
   |                          ^^^^^^^^^^^^^^^^^^^^
   |
   = note: expected values for `feature` are: `device_lost_panic`, `dx12`, `fragile-send-sync-non-atomic-wasm`, `gles`, `gpu-allocator`, `internal_error_panic`, `metal`, `oom_panic`, `renderdoc`, `static-dxc`, `vulkan`, and `windows`
   = note: using a cfg inside a macro will use the cfgs from the destination crate and not the ones from the defining crate
   = help: try referring to `class` crate for guidance on how handle this unexpected cfg
   = help: the macro `class` may come from an old version of the `objc` crate, try updating your dependency with `cargo update -p objc`
   = note: see <https://doc.rust-lang.org/nightly/rustc/check-cfg/cargo-specifics.html> for more information about checking conditional configuration
   = note: this warning originates in the macro `class` (in Nightly builds, run with -Z macro-backtrace for more info)

warning: unexpected `cfg` condition value: `cargo-clippy`
  --> vendor/wgpu-hal/src/metal/layer_observer.rs:82:19
   |
82 |         let sel = sel!(observeValueForKeyPath:ofObject:change:context:);
   |                   ^^^^^^^^^^^^^^^^^^^^^^^^^^^^^^^^^^^^^^^^^^^^^^^^^^^^^
   |
   = note: expected values for `feature` are: `device_lost_panic`, `dx12`, `fragile-send-sync-non-atomic-wasm`, `gles`, `gpu-allocator`, `internal_error_panic`, `metal`, `oom_panic`, `renderdoc`, `static-dxc`, `vulkan`, and `windows`
   = note: using a cfg inside a macro will use the cfgs from the destination crate and not the ones from the defining crate
   = help: try referring to `sel_impl` crate for guidance on how handle this unexpected cfg
   = help: the macro `sel_impl` may come from an old version of the `objc` crate, try updating your dependency with `cargo update -p objc`
   = note: see <https://doc.rust-lang.org/nightly/rustc/check-cfg/cargo-specifics.html> for more information about checking conditional configuration
   = note: this warning originates in the macro `sel_impl` which comes from the expansion of the macro `sel` (in Nightly builds, run with -Z macro-backtrace for more info)

warning: unexpected `cfg` condition value: `cargo-clippy`
  --> vendor/wgpu-hal/src/metal/layer_observer.rs:93:19
   |
93 |         let sel = sel!(dealloc);
   |                   ^^^^^^^^^^^^^
   |
   = note: expected values for `feature` are: `device_lost_panic`, `dx12`, `fragile-send-sync-non-atomic-wasm`, `gles`, `gpu-allocator`, `internal_error_panic`, `metal`, `oom_panic`, `renderdoc`, `static-dxc`, `vulkan`, and `windows`
   = note: using a cfg inside a macro will use the cfgs from the destination crate and not the ones from the defining crate
   = help: try referring to `sel_impl` crate for guidance on how handle this unexpected cfg
   = help: the macro `sel_impl` may come from an old version of the `objc` crate, try updating your dependency with `cargo update -p objc`
   = note: see <https://doc.rust-lang.org/nightly/rustc/check-cfg/cargo-specifics.html> for more information about checking conditional configuration
   = note: this warning originates in the macro `sel_impl` which comes from the expansion of the macro `sel` (in Nightly builds, run with -Z macro-backtrace for more info)

warning: unexpected `cfg` condition value: `cargo-clippy`
   --> vendor/wgpu-hal/src/metal/layer_observer.rs:121:13
    |
121 | /             msg_send![
122 | |                 super(this, class!(CAMetalLayer)),
123 | |                 observeValueForKeyPath: key_path
124 | |                 ofObject: object
125 | |                 change: change
126 | |                 context: context
127 | |             ]
    | |_____________^
    |
    = note: expected values for `feature` are: `device_lost_panic`, `dx12`, `fragile-send-sync-non-atomic-wasm`, `gles`, `gpu-allocator`, `internal_error_panic`, `metal`, `oom_panic`, `renderdoc`, `static-dxc`, `vulkan`, and `windows`
    = note: using a cfg inside a macro will use the cfgs from the destination crate and not the ones from the defining crate
    = help: try referring to `sel_impl` crate for guidance on how handle this unexpected cfg
    = help: the macro `sel_impl` may come from an old version of the `objc` crate, try updating your dependency with `cargo update -p objc`
    = note: see <https://doc.rust-lang.org/nightly/rustc/check-cfg/cargo-specifics.html> for more information about checking conditional configuration
    = note: this warning originates in the macro `sel_impl` which comes from the expansion of the macro `msg_send` (in Nightly builds, run with -Z macro-backtrace for more info)

warning: unexpected `cfg` condition value: `cargo-clippy`
   --> vendor/wgpu-hal/src/metal/layer_observer.rs:122:29
    |
122 |                 super(this, class!(CAMetalLayer)),
    |                             ^^^^^^^^^^^^^^^^^^^^
    |
    = note: expected values for `feature` are: `device_lost_panic`, `dx12`, `fragile-send-sync-non-atomic-wasm`, `gles`, `gpu-allocator`, `internal_error_panic`, `metal`, `oom_panic`, `renderdoc`, `static-dxc`, `vulkan`, and `windows`
    = note: using a cfg inside a macro will use the cfgs from the destination crate and not the ones from the defining crate
    = help: try referring to `class` crate for guidance on how handle this unexpected cfg
    = help: the macro `class` may come from an old version of the `objc` crate, try updating your dependency with `cargo update -p objc`
    = note: see <https://doc.rust-lang.org/nightly/rustc/check-cfg/cargo-specifics.html> for more information about checking conditional configuration
    = note: this warning originates in the macro `class` (in Nightly builds, run with -Z macro-backtrace for more info)

warning: unexpected `cfg` condition value: `cargo-clippy`
   --> vendor/wgpu-hal/src/metal/layer_observer.rs:134:37
    |
134 |     let new: *mut Object = unsafe { msg_send![change, objectForKey: key] };
    |                                     ^^^^^^^^^^^^^^^^^^^^^^^^^^^^^^^^^^^^
    |
    = note: expected values for `feature` are: `device_lost_panic`, `dx12`, `fragile-send-sync-non-atomic-wasm`, `gles`, `gpu-allocator`, `internal_error_panic`, `metal`, `oom_panic`, `renderdoc`, `static-dxc`, `vulkan`, and `windows`
    = note: using a cfg inside a macro will use the cfgs from the destination crate and not the ones from the defining crate
    = help: try referring to `sel_impl` crate for guidance on how handle this unexpected cfg
    = help: the macro `sel_impl` may come from an old version of the `objc` crate, try updating your dependency with `cargo update -p objc`
    = note: see <https://doc.rust-lang.org/nightly/rustc/check-cfg/cargo-specifics.html> for more information about checking conditional configuration
    = note: this warning originates in the macro `sel_impl` which comes from the expansion of the macro `msg_send` (in Nightly builds, run with -Z macro-backtrace for more info)

warning: unexpected `cfg` condition value: `cargo-clippy`
   --> vendor/wgpu-hal/src/metal/layer_observer.rs:138:18
    |
138 |         unsafe { msg_send![class!(NSString), stringWithUTF8String: CONTENTS_SCALE.as_ptr()] };
    |                  ^^^^^^^^^^^^^^^^^^^^^^^^^^^^^^^^^^^^^^^^^^^^^^^^^^^^^^^^^^^^^^^^^^^^^^^^^^
    |
    = note: expected values for `feature` are: `device_lost_panic`, `dx12`, `fragile-send-sync-non-atomic-wasm`, `gles`, `gpu-allocator`, `internal_error_panic`, `metal`, `oom_panic`, `renderdoc`, `static-dxc`, `vulkan`, and `windows`
    = note: using a cfg inside a macro will use the cfgs from the destination crate and not the ones from the defining crate
    = help: try referring to `sel_impl` crate for guidance on how handle this unexpected cfg
    = help: the macro `sel_impl` may come from an old version of the `objc` crate, try updating your dependency with `cargo update -p objc`
    = note: see <https://doc.rust-lang.org/nightly/rustc/check-cfg/cargo-specifics.html> for more information about checking conditional configuration
    = note: this warning originates in the macro `sel_impl` which comes from the expansion of the macro `msg_send` (in Nightly builds, run with -Z macro-backtrace for more info)

warning: unexpected `cfg` condition value: `cargo-clippy`
   --> vendor/wgpu-hal/src/metal/layer_observer.rs:138:28
    |
138 |         unsafe { msg_send![class!(NSString), stringWithUTF8String: CONTENTS_SCALE.as_ptr()] };
    |                            ^^^^^^^^^^^^^^^^
    |
    = note: expected values for `feature` are: `device_lost_panic`, `dx12`, `fragile-send-sync-non-atomic-wasm`, `gles`, `gpu-allocator`, `internal_error_panic`, `metal`, `oom_panic`, `renderdoc`, `static-dxc`, `vulkan`, and `windows`
    = note: using a cfg inside a macro will use the cfgs from the destination crate and not the ones from the defining crate
    = help: try referring to `class` crate for guidance on how handle this unexpected cfg
    = help: the macro `class` may come from an old version of the `objc` crate, try updating your dependency with `cargo update -p objc`
    = note: see <https://doc.rust-lang.org/nightly/rustc/check-cfg/cargo-specifics.html> for more information about checking conditional configuration
    = note: this warning originates in the macro `class` (in Nightly builds, run with -Z macro-backtrace for more info)

warning: unexpected `cfg` condition value: `cargo-clippy`
   --> vendor/wgpu-hal/src/metal/layer_observer.rs:139:35
    |
139 |     let is_equal: BOOL = unsafe { msg_send![key_path, isEqual: to_compare] };
    |                                   ^^^^^^^^^^^^^^^^^^^^^^^^^^^^^^^^^^^^^^^^
    |
    = note: expected values for `feature` are: `device_lost_panic`, `dx12`, `fragile-send-sync-non-atomic-wasm`, `gles`, `gpu-allocator`, `internal_error_panic`, `metal`, `oom_panic`, `renderdoc`, `static-dxc`, `vulkan`, and `windows`
    = note: using a cfg inside a macro will use the cfgs from the destination crate and not the ones from the defining crate
    = help: try referring to `sel_impl` crate for guidance on how handle this unexpected cfg
    = help: the macro `sel_impl` may come from an old version of the `objc` crate, try updating your dependency with `cargo update -p objc`
    = note: see <https://doc.rust-lang.org/nightly/rustc/check-cfg/cargo-specifics.html> for more information about checking conditional configuration
    = note: this warning originates in the macro `sel_impl` which comes from the expansion of the macro `msg_send` (in Nightly builds, run with -Z macro-backtrace for more info)

warning: unexpected `cfg` condition value: `cargo-clippy`
   --> vendor/wgpu-hal/src/metal/layer_observer.rs:143:22
    |
143 |             unsafe { msg_send![new, doubleValue] }
    |                      ^^^^^^^^^^^^^^^^^^^^^^^^^^^
    |
    = note: expected values for `feature` are: `device_lost_panic`, `dx12`, `fragile-send-sync-non-atomic-wasm`, `gles`, `gpu-allocator`, `internal_error_panic`, `metal`, `oom_panic`, `renderdoc`, `static-dxc`, `vulkan`, and `windows`
    = note: using a cfg inside a macro will use the cfgs from the destination crate and not the ones from the defining crate
    = help: try referring to `sel_impl` crate for guidance on how handle this unexpected cfg
    = help: the macro `sel_impl` may come from an old version of the `objc` crate, try updating your dependency with `cargo update -p objc`
    = note: see <https://doc.rust-lang.org/nightly/rustc/check-cfg/cargo-specifics.html> for more information about checking conditional configuration
    = note: this warning originates in the macro `sel_impl` which comes from the expansion of the macro `msg_send` (in Nightly builds, run with -Z macro-backtrace for more info)

warning: unexpected `cfg` condition value: `cargo-clippy`
   --> vendor/wgpu-hal/src/metal/layer_observer.rs:145:22
    |
145 |             unsafe { msg_send![new, floatValue] }
    |                      ^^^^^^^^^^^^^^^^^^^^^^^^^^
    |
    = note: expected values for `feature` are: `device_lost_panic`, `dx12`, `fragile-send-sync-non-atomic-wasm`, `gles`, `gpu-allocator`, `internal_error_panic`, `metal`, `oom_panic`, `renderdoc`, `static-dxc`, `vulkan`, and `windows`
    = note: using a cfg inside a macro will use the cfgs from the destination crate and not the ones from the defining crate
    = help: try referring to `sel_impl` crate for guidance on how handle this unexpected cfg
    = help: the macro `sel_impl` may come from an old version of the `objc` crate, try updating your dependency with `cargo update -p objc`
    = note: see <https://doc.rust-lang.org/nightly/rustc/check-cfg/cargo-specifics.html> for more information about checking conditional configuration
    = note: this warning originates in the macro `sel_impl` which comes from the expansion of the macro `msg_send` (in Nightly builds, run with -Z macro-backtrace for more info)

warning: unexpected `cfg` condition value: `cargo-clippy`
   --> vendor/wgpu-hal/src/metal/layer_observer.rs:149:30
    |
149 |         let _: () = unsafe { msg_send![this, setContentsScale: scale_factor] };
    |                              ^^^^^^^^^^^^^^^^^^^^^^^^^^^^^^^^^^^^^^^^^^^^^^^
    |
    = note: expected values for `feature` are: `device_lost_panic`, `dx12`, `fragile-send-sync-non-atomic-wasm`, `gles`, `gpu-allocator`, `internal_error_panic`, `metal`, `oom_panic`, `renderdoc`, `static-dxc`, `vulkan`, and `windows`
    = note: using a cfg inside a macro will use the cfgs from the destination crate and not the ones from the defining crate
    = help: try referring to `sel_impl` crate for guidance on how handle this unexpected cfg
    = help: the macro `sel_impl` may come from an old version of the `objc` crate, try updating your dependency with `cargo update -p objc`
    = note: see <https://doc.rust-lang.org/nightly/rustc/check-cfg/cargo-specifics.html> for more information about checking conditional configuration
    = note: this warning originates in the macro `sel_impl` which comes from the expansion of the macro `msg_send` (in Nightly builds, run with -Z macro-backtrace for more info)

warning: unexpected `cfg` condition value: `cargo-clippy`
   --> vendor/wgpu-hal/src/metal/layer_observer.rs:154:18
    |
154 |         unsafe { msg_send![class!(NSString), stringWithUTF8String: BOUNDS.as_ptr()] };
    |                  ^^^^^^^^^^^^^^^^^^^^^^^^^^^^^^^^^^^^^^^^^^^^^^^^^^^^^^^^^^^^^^^^^^
    |
    = note: expected values for `feature` are: `device_lost_panic`, `dx12`, `fragile-send-sync-non-atomic-wasm`, `gles`, `gpu-allocator`, `internal_error_panic`, `metal`, `oom_panic`, `renderdoc`, `static-dxc`, `vulkan`, and `windows`
    = note: using a cfg inside a macro will use the cfgs from the destination crate and not the ones from the defining crate
    = help: try referring to `sel_impl` crate for guidance on how handle this unexpected cfg
    = help: the macro `sel_impl` may come from an old version of the `objc` crate, try updating your dependency with `cargo update -p objc`
    = note: see <https://doc.rust-lang.org/nightly/rustc/check-cfg/cargo-specifics.html> for more information about checking conditional configuration
    = note: this warning originates in the macro `sel_impl` which comes from the expansion of the macro `msg_send` (in Nightly builds, run with -Z macro-backtrace for more info)

warning: unexpected `cfg` condition value: `cargo-clippy`
   --> vendor/wgpu-hal/src/metal/layer_observer.rs:154:28
    |
154 |         unsafe { msg_send![class!(NSString), stringWithUTF8String: BOUNDS.as_ptr()] };
    |                            ^^^^^^^^^^^^^^^^
    |
    = note: expected values for `feature` are: `device_lost_panic`, `dx12`, `fragile-send-sync-non-atomic-wasm`, `gles`, `gpu-allocator`, `internal_error_panic`, `metal`, `oom_panic`, `renderdoc`, `static-dxc`, `vulkan`, and `windows`
    = note: using a cfg inside a macro will use the cfgs from the destination crate and not the ones from the defining crate
    = help: try referring to `class` crate for guidance on how handle this unexpected cfg
    = help: the macro `class` may come from an old version of the `objc` crate, try updating your dependency with `cargo update -p objc`
    = note: see <https://doc.rust-lang.org/nightly/rustc/check-cfg/cargo-specifics.html> for more information about checking conditional configuration
    = note: this warning originates in the macro `class` (in Nightly builds, run with -Z macro-backtrace for more info)

warning: unexpected `cfg` condition value: `cargo-clippy`
   --> vendor/wgpu-hal/src/metal/layer_observer.rs:155:35
    |
155 |     let is_equal: BOOL = unsafe { msg_send![key_path, isEqual: to_compare] };
    |                                   ^^^^^^^^^^^^^^^^^^^^^^^^^^^^^^^^^^^^^^^^
    |
    = note: expected values for `feature` are: `device_lost_panic`, `dx12`, `fragile-send-sync-non-atomic-wasm`, `gles`, `gpu-allocator`, `internal_error_panic`, `metal`, `oom_panic`, `renderdoc`, `static-dxc`, `vulkan`, and `windows`
    = note: using a cfg inside a macro will use the cfgs from the destination crate and not the ones from the defining crate
    = help: try referring to `sel_impl` crate for guidance on how handle this unexpected cfg
    = help: the macro `sel_impl` may come from an old version of the `objc` crate, try updating your dependency with `cargo update -p objc`
    = note: see <https://doc.rust-lang.org/nightly/rustc/check-cfg/cargo-specifics.html> for more information about checking conditional configuration
    = note: this warning originates in the macro `sel_impl` which comes from the expansion of the macro `msg_send` (in Nightly builds, run with -Z macro-backtrace for more info)

warning: unexpected `cfg` condition value: `cargo-clippy`
   --> vendor/wgpu-hal/src/metal/layer_observer.rs:158:39
    |
158 |         let bounds: CGRect = unsafe { msg_send![new, rectValue] };
    |                                       ^^^^^^^^^^^^^^^^^^^^^^^^^
    |
    = note: expected values for `feature` are: `device_lost_panic`, `dx12`, `fragile-send-sync-non-atomic-wasm`, `gles`, `gpu-allocator`, `internal_error_panic`, `metal`, `oom_panic`, `renderdoc`, `static-dxc`, `vulkan`, and `windows`
    = note: using a cfg inside a macro will use the cfgs from the destination crate and not the ones from the defining crate
    = help: try referring to `sel_impl` crate for guidance on how handle this unexpected cfg
    = help: the macro `sel_impl` may come from an old version of the `objc` crate, try updating your dependency with `cargo update -p objc`
    = note: see <https://doc.rust-lang.org/nightly/rustc/check-cfg/cargo-specifics.html> for more information about checking conditional configuration
    = note: this warning originates in the macro `sel_impl` which comes from the expansion of the macro `msg_send` (in Nightly builds, run with -Z macro-backtrace for more info)

warning: unexpected `cfg` condition value: `cargo-clippy`
   --> vendor/wgpu-hal/src/metal/layer_observer.rs:164:30
    |
164 |         let _: () = unsafe { msg_send![this, setFrame: bounds] };
    |                              ^^^^^^^^^^^^^^^^^^^^^^^^^^^^^^^^^
    |
    = note: expected values for `feature` are: `device_lost_panic`, `dx12`, `fragile-send-sync-non-atomic-wasm`, `gles`, `gpu-allocator`, `internal_error_panic`, `metal`, `oom_panic`, `renderdoc`, `static-dxc`, `vulkan`, and `windows`
    = note: using a cfg inside a macro will use the cfgs from the destination crate and not the ones from the defining crate
    = help: try referring to `sel_impl` crate for guidance on how handle this unexpected cfg
    = help: the macro `sel_impl` may come from an old version of the `objc` crate, try updating your dependency with `cargo update -p objc`
    = note: see <https://doc.rust-lang.org/nightly/rustc/check-cfg/cargo-specifics.html> for more information about checking conditional configuration
    = note: this warning originates in the macro `sel_impl` which comes from the expansion of the macro `msg_send` (in Nightly builds, run with -Z macro-backtrace for more info)

warning: unexpected `cfg` condition value: `cargo-clippy`
   --> vendor/wgpu-hal/src/metal/layer_observer.rs:180:44
    |
180 |     let root_layer: *mut Object = unsafe { msg_send![this, superlayer] };
    |                                            ^^^^^^^^^^^^^^^^^^^^^^^^^^^
    |
    = note: expected values for `feature` are: `device_lost_panic`, `dx12`, `fragile-send-sync-non-atomic-wasm`, `gles`, `gpu-allocator`, `internal_error_panic`, `metal`, `oom_panic`, `renderdoc`, `static-dxc`, `vulkan`, and `windows`
    = note: using a cfg inside a macro will use the cfgs from the destination crate and not the ones from the defining crate
    = help: try referring to `sel_impl` crate for guidance on how handle this unexpected cfg
    = help: the macro `sel_impl` may come from an old version of the `objc` crate, try updating your dependency with `cargo update -p objc`
    = note: see <https://doc.rust-lang.org/nightly/rustc/check-cfg/cargo-specifics.html> for more information about checking conditional configuration
    = note: this warning originates in the macro `sel_impl` which comes from the expansion of the macro `msg_send` (in Nightly builds, run with -Z macro-backtrace for more info)

warning: unexpected `cfg` condition value: `cargo-clippy`
   --> vendor/wgpu-hal/src/metal/layer_observer.rs:183:22
    |
183 |             unsafe { msg_send![class!(NSString), stringWithUTF8String: CONTENTS_SCALE.as_ptr()] };
    |                      ^^^^^^^^^^^^^^^^^^^^^^^^^^^^^^^^^^^^^^^^^^^^^^^^^^^^^^^^^^^^^^^^^^^^^^^^^^
    |
    = note: expected values for `feature` are: `device_lost_panic`, `dx12`, `fragile-send-sync-non-atomic-wasm`, `gles`, `gpu-allocator`, `internal_error_panic`, `metal`, `oom_panic`, `renderdoc`, `static-dxc`, `vulkan`, and `windows`
    = note: using a cfg inside a macro will use the cfgs from the destination crate and not the ones from the defining crate
    = help: try referring to `sel_impl` crate for guidance on how handle this unexpected cfg
    = help: the macro `sel_impl` may come from an old version of the `objc` crate, try updating your dependency with `cargo update -p objc`
    = note: see <https://doc.rust-lang.org/nightly/rustc/check-cfg/cargo-specifics.html> for more information about checking conditional configuration
    = note: this warning originates in the macro `sel_impl` which comes from the expansion of the macro `msg_send` (in Nightly builds, run with -Z macro-backtrace for more info)

warning: unexpected `cfg` condition value: `cargo-clippy`
   --> vendor/wgpu-hal/src/metal/layer_observer.rs:183:32
    |
183 |             unsafe { msg_send![class!(NSString), stringWithUTF8String: CONTENTS_SCALE.as_ptr()] };
    |                                ^^^^^^^^^^^^^^^^
    |
    = note: expected values for `feature` are: `device_lost_panic`, `dx12`, `fragile-send-sync-non-atomic-wasm`, `gles`, `gpu-allocator`, `internal_error_panic`, `metal`, `oom_panic`, `renderdoc`, `static-dxc`, `vulkan`, and `windows`
    = note: using a cfg inside a macro will use the cfgs from the destination crate and not the ones from the defining crate
    = help: try referring to `class` crate for guidance on how handle this unexpected cfg
    = help: the macro `class` may come from an old version of the `objc` crate, try updating your dependency with `cargo update -p objc`
    = note: see <https://doc.rust-lang.org/nightly/rustc/check-cfg/cargo-specifics.html> for more information about checking conditional configuration
    = note: this warning originates in the macro `class` (in Nightly builds, run with -Z macro-backtrace for more info)

warning: unexpected `cfg` condition value: `cargo-clippy`
   --> vendor/wgpu-hal/src/metal/layer_observer.rs:184:30
    |
184 |         let _: () = unsafe { msg_send![root_layer, removeObserver: this forKeyPath: key_path] };
    |                              ^^^^^^^^^^^^^^^^^^^^^^^^^^^^^^^^^^^^^^^^^^^^^^^^^^^^^^^^^^^^^^^^
    |
    = note: expected values for `feature` are: `device_lost_panic`, `dx12`, `fragile-send-sync-non-atomic-wasm`, `gles`, `gpu-allocator`, `internal_error_panic`, `metal`, `oom_panic`, `renderdoc`, `static-dxc`, `vulkan`, and `windows`
    = note: using a cfg inside a macro will use the cfgs from the destination crate and not the ones from the defining crate
    = help: try referring to `sel_impl` crate for guidance on how handle this unexpected cfg
    = help: the macro `sel_impl` may come from an old version of the `objc` crate, try updating your dependency with `cargo update -p objc`
    = note: see <https://doc.rust-lang.org/nightly/rustc/check-cfg/cargo-specifics.html> for more information about checking conditional configuration
    = note: this warning originates in the macro `sel_impl` which comes from the expansion of the macro `msg_send` (in Nightly builds, run with -Z macro-backtrace for more info)

warning: unexpected `cfg` condition value: `cargo-clippy`
   --> vendor/wgpu-hal/src/metal/layer_observer.rs:187:22
    |
187 |             unsafe { msg_send![class!(NSString), stringWithUTF8String: BOUNDS.as_ptr()] };
    |                      ^^^^^^^^^^^^^^^^^^^^^^^^^^^^^^^^^^^^^^^^^^^^^^^^^^^^^^^^^^^^^^^^^^
    |
    = note: expected values for `feature` are: `device_lost_panic`, `dx12`, `fragile-send-sync-non-atomic-wasm`, `gles`, `gpu-allocator`, `internal_error_panic`, `metal`, `oom_panic`, `renderdoc`, `static-dxc`, `vulkan`, and `windows`
    = note: using a cfg inside a macro will use the cfgs from the destination crate and not the ones from the defining crate
    = help: try referring to `sel_impl` crate for guidance on how handle this unexpected cfg
    = help: the macro `sel_impl` may come from an old version of the `objc` crate, try updating your dependency with `cargo update -p objc`
    = note: see <https://doc.rust-lang.org/nightly/rustc/check-cfg/cargo-specifics.html> for more information about checking conditional configuration
    = note: this warning originates in the macro `sel_impl` which comes from the expansion of the macro `msg_send` (in Nightly builds, run with -Z macro-backtrace for more info)

warning: unexpected `cfg` condition value: `cargo-clippy`
   --> vendor/wgpu-hal/src/metal/layer_observer.rs:187:32
    |
187 |             unsafe { msg_send![class!(NSString), stringWithUTF8String: BOUNDS.as_ptr()] };
    |                                ^^^^^^^^^^^^^^^^
    |
    = note: expected values for `feature` are: `device_lost_panic`, `dx12`, `fragile-send-sync-non-atomic-wasm`, `gles`, `gpu-allocator`, `internal_error_panic`, `metal`, `oom_panic`, `renderdoc`, `static-dxc`, `vulkan`, and `windows`
    = note: using a cfg inside a macro will use the cfgs from the destination crate and not the ones from the defining crate
    = help: try referring to `class` crate for guidance on how handle this unexpected cfg
    = help: the macro `class` may come from an old version of the `objc` crate, try updating your dependency with `cargo update -p objc`
    = note: see <https://doc.rust-lang.org/nightly/rustc/check-cfg/cargo-specifics.html> for more information about checking conditional configuration
    = note: this warning originates in the macro `class` (in Nightly builds, run with -Z macro-backtrace for more info)

warning: unexpected `cfg` condition value: `cargo-clippy`
   --> vendor/wgpu-hal/src/metal/layer_observer.rs:188:30
    |
188 |         let _: () = unsafe { msg_send![root_layer, removeObserver: this forKeyPath: key_path] };
    |                              ^^^^^^^^^^^^^^^^^^^^^^^^^^^^^^^^^^^^^^^^^^^^^^^^^^^^^^^^^^^^^^^^
    |
    = note: expected values for `feature` are: `device_lost_panic`, `dx12`, `fragile-send-sync-non-atomic-wasm`, `gles`, `gpu-allocator`, `internal_error_panic`, `metal`, `oom_panic`, `renderdoc`, `static-dxc`, `vulkan`, and `windows`
    = note: using a cfg inside a macro will use the cfgs from the destination crate and not the ones from the defining crate
    = help: try referring to `sel_impl` crate for guidance on how handle this unexpected cfg
    = help: the macro `sel_impl` may come from an old version of the `objc` crate, try updating your dependency with `cargo update -p objc`
    = note: see <https://doc.rust-lang.org/nightly/rustc/check-cfg/cargo-specifics.html> for more information about checking conditional configuration
    = note: this warning originates in the macro `sel_impl` which comes from the expansion of the macro `msg_send` (in Nightly builds, run with -Z macro-backtrace for more info)

warning: unexpected `cfg` condition value: `cargo-clippy`
   --> vendor/wgpu-hal/src/metal/layer_observer.rs:191:26
    |
191 |     let _: () = unsafe { msg_send![super(this, class!(CAMetalLayer)), dealloc] };
    |                          ^^^^^^^^^^^^^^^^^^^^^^^^^^^^^^^^^^^^^^^^^^^^^^^^^^^^^
    |
    = note: expected values for `feature` are: `device_lost_panic`, `dx12`, `fragile-send-sync-non-atomic-wasm`, `gles`, `gpu-allocator`, `internal_error_panic`, `metal`, `oom_panic`, `renderdoc`, `static-dxc`, `vulkan`, and `windows`
    = note: using a cfg inside a macro will use the cfgs from the destination crate and not the ones from the defining crate
    = help: try referring to `sel_impl` crate for guidance on how handle this unexpected cfg
    = help: the macro `sel_impl` may come from an old version of the `objc` crate, try updating your dependency with `cargo update -p objc`
    = note: see <https://doc.rust-lang.org/nightly/rustc/check-cfg/cargo-specifics.html> for more information about checking conditional configuration
    = note: this warning originates in the macro `sel_impl` which comes from the expansion of the macro `msg_send` (in Nightly builds, run with -Z macro-backtrace for more info)

warning: unexpected `cfg` condition value: `cargo-clippy`
   --> vendor/wgpu-hal/src/metal/layer_observer.rs:191:48
    |
191 |     let _: () = unsafe { msg_send![super(this, class!(CAMetalLayer)), dealloc] };
    |                                                ^^^^^^^^^^^^^^^^^^^^
    |
    = note: expected values for `feature` are: `device_lost_panic`, `dx12`, `fragile-send-sync-non-atomic-wasm`, `gles`, `gpu-allocator`, `internal_error_panic`, `metal`, `oom_panic`, `renderdoc`, `static-dxc`, `vulkan`, and `windows`
    = note: using a cfg inside a macro will use the cfgs from the destination crate and not the ones from the defining crate
    = help: try referring to `class` crate for guidance on how handle this unexpected cfg
    = help: the macro `class` may come from an old version of the `objc` crate, try updating your dependency with `cargo update -p objc`
    = note: see <https://doc.rust-lang.org/nightly/rustc/check-cfg/cargo-specifics.html> for more information about checking conditional configuration
    = note: this warning originates in the macro `class` (in Nightly builds, run with -Z macro-backtrace for more info)

warning: unexpected `cfg` condition value: `cargo-clippy`
  --> vendor/wgpu-hal/src/metal/surface.rs:48:21
   |
48 |         let class = class!(CAMetalLayer);
   |                     ^^^^^^^^^^^^^^^^^^^^
   |
   = note: expected values for `feature` are: `device_lost_panic`, `dx12`, `fragile-send-sync-non-atomic-wasm`, `gles`, `gpu-allocator`, `internal_error_panic`, `metal`, `oom_panic`, `renderdoc`, `static-dxc`, `vulkan`, and `windows`
   = note: using a cfg inside a macro will use the cfgs from the destination crate and not the ones from the defining crate
   = help: try referring to `class` crate for guidance on how handle this unexpected cfg
   = help: the macro `class` may come from an old version of the `objc` crate, try updating your dependency with `cargo update -p objc`
   = note: see <https://doc.rust-lang.org/nightly/rustc/check-cfg/cargo-specifics.html> for more information about checking conditional configuration
   = note: this warning originates in the macro `class` (in Nightly builds, run with -Z macro-backtrace for more info)

warning: unexpected `cfg` condition value: `cargo-clippy`
  --> vendor/wgpu-hal/src/metal/surface.rs:49:33
   |
49 |         let proper_kind: BOOL = msg_send![layer, isKindOfClass: class];
   |                                 ^^^^^^^^^^^^^^^^^^^^^^^^^^^^^^^^^^^^^^
   |
   = note: expected values for `feature` are: `device_lost_panic`, `dx12`, `fragile-send-sync-non-atomic-wasm`, `gles`, `gpu-allocator`, `internal_error_panic`, `metal`, `oom_panic`, `renderdoc`, `static-dxc`, `vulkan`, and `windows`
   = note: using a cfg inside a macro will use the cfgs from the destination crate and not the ones from the defining crate
   = help: try referring to `sel_impl` crate for guidance on how handle this unexpected cfg
   = help: the macro `sel_impl` may come from an old version of the `objc` crate, try updating your dependency with `cargo update -p objc`
   = note: see <https://doc.rust-lang.org/nightly/rustc/check-cfg/cargo-specifics.html> for more information about checking conditional configuration
   = note: this warning originates in the macro `sel_impl` which comes from the expansion of the macro `msg_send` (in Nightly builds, run with -Z macro-backtrace for more info)

warning: unexpected `cfg` condition value: `cargo-clippy`
  --> vendor/wgpu-hal/src/metal/surface.rs:65:36
   |
65 |         let is_main_thread: BOOL = msg_send![class!(NSThread), isMainThread];
   |                                    ^^^^^^^^^^^^^^^^^^^^^^^^^^^^^^^^^^^^^^^^^
   |
   = note: expected values for `feature` are: `device_lost_panic`, `dx12`, `fragile-send-sync-non-atomic-wasm`, `gles`, `gpu-allocator`, `internal_error_panic`, `metal`, `oom_panic`, `renderdoc`, `static-dxc`, `vulkan`, and `windows`
   = note: using a cfg inside a macro will use the cfgs from the destination crate and not the ones from the defining crate
   = help: try referring to `sel_impl` crate for guidance on how handle this unexpected cfg
   = help: the macro `sel_impl` may come from an old version of the `objc` crate, try updating your dependency with `cargo update -p objc`
   = note: see <https://doc.rust-lang.org/nightly/rustc/check-cfg/cargo-specifics.html> for more information about checking conditional configuration
   = note: this warning originates in the macro `sel_impl` which comes from the expansion of the macro `msg_send` (in Nightly builds, run with -Z macro-backtrace for more info)

warning: unexpected `cfg` condition value: `cargo-clippy`
  --> vendor/wgpu-hal/src/metal/surface.rs:65:46
   |
65 |         let is_main_thread: BOOL = msg_send![class!(NSThread), isMainThread];
   |                                              ^^^^^^^^^^^^^^^^
   |
   = note: expected values for `feature` are: `device_lost_panic`, `dx12`, `fragile-send-sync-non-atomic-wasm`, `gles`, `gpu-allocator`, `internal_error_panic`, `metal`, `oom_panic`, `renderdoc`, `static-dxc`, `vulkan`, and `windows`
   = note: using a cfg inside a macro will use the cfgs from the destination crate and not the ones from the defining crate
   = help: try referring to `class` crate for guidance on how handle this unexpected cfg
   = help: the macro `class` may come from an old version of the `objc` crate, try updating your dependency with `cargo update -p objc`
   = note: see <https://doc.rust-lang.org/nightly/rustc/check-cfg/cargo-specifics.html> for more information about checking conditional configuration
   = note: this warning originates in the macro `class` (in Nightly builds, run with -Z macro-backtrace for more info)

warning: unexpected `cfg` condition value: `cargo-clippy`
  --> vendor/wgpu-hal/src/metal/surface.rs:73:18
   |
73 |         let () = msg_send![view.as_ptr(), setWantsLayer: YES];
   |                  ^^^^^^^^^^^^^^^^^^^^^^^^^^^^^^^^^^^^^^^^^^^^
   |
   = note: expected values for `feature` are: `device_lost_panic`, `dx12`, `fragile-send-sync-non-atomic-wasm`, `gles`, `gpu-allocator`, `internal_error_panic`, `metal`, `oom_panic`, `renderdoc`, `static-dxc`, `vulkan`, and `windows`
   = note: using a cfg inside a macro will use the cfgs from the destination crate and not the ones from the defining crate
   = help: try referring to `sel_impl` crate for guidance on how handle this unexpected cfg
   = help: the macro `sel_impl` may come from an old version of the `objc` crate, try updating your dependency with `cargo update -p objc`
   = note: see <https://doc.rust-lang.org/nightly/rustc/check-cfg/cargo-specifics.html> for more information about checking conditional configuration
   = note: this warning originates in the macro `sel_impl` which comes from the expansion of the macro `msg_send` (in Nightly builds, run with -Z macro-backtrace for more info)

warning: unexpected `cfg` condition value: `cargo-clippy`
  --> vendor/wgpu-hal/src/metal/surface.rs:75:39
   |
75 |         let root_layer: *mut Object = msg_send![view.as_ptr(), layer];
   |                                       ^^^^^^^^^^^^^^^^^^^^^^^^^^^^^^^
   |
   = note: expected values for `feature` are: `device_lost_panic`, `dx12`, `fragile-send-sync-non-atomic-wasm`, `gles`, `gpu-allocator`, `internal_error_panic`, `metal`, `oom_panic`, `renderdoc`, `static-dxc`, `vulkan`, and `windows`
   = note: using a cfg inside a macro will use the cfgs from the destination crate and not the ones from the defining crate
   = help: try referring to `sel_impl` crate for guidance on how handle this unexpected cfg
   = help: the macro `sel_impl` may come from an old version of the `objc` crate, try updating your dependency with `cargo update -p objc`
   = note: see <https://doc.rust-lang.org/nightly/rustc/check-cfg/cargo-specifics.html> for more information about checking conditional configuration
   = note: this warning originates in the macro `sel_impl` which comes from the expansion of the macro `msg_send` (in Nightly builds, run with -Z macro-backtrace for more info)

warning: unexpected `cfg` condition value: `cargo-clippy`
  --> vendor/wgpu-hal/src/metal/surface.rs:88:36
   |
88 |         let is_metal_layer: BOOL = msg_send![root_layer, isKindOfClass: class!(CAMetalLayer)];
   |                                    ^^^^^^^^^^^^^^^^^^^^^^^^^^^^^^^^^^^^^^^^^^^^^^^^^^^^^^^^^^
   |
   = note: expected values for `feature` are: `device_lost_panic`, `dx12`, `fragile-send-sync-non-atomic-wasm`, `gles`, `gpu-allocator`, `internal_error_panic`, `metal`, `oom_panic`, `renderdoc`, `static-dxc`, `vulkan`, and `windows`
   = note: using a cfg inside a macro will use the cfgs from the destination crate and not the ones from the defining crate
   = help: try referring to `sel_impl` crate for guidance on how handle this unexpected cfg
   = help: the macro `sel_impl` may come from an old version of the `objc` crate, try updating your dependency with `cargo update -p objc`
   = note: see <https://doc.rust-lang.org/nightly/rustc/check-cfg/cargo-specifics.html> for more information about checking conditional configuration
   = note: this warning originates in the macro `sel_impl` which comes from the expansion of the macro `msg_send` (in Nightly builds, run with -Z macro-backtrace for more info)

warning: unexpected `cfg` condition value: `cargo-clippy`
  --> vendor/wgpu-hal/src/metal/surface.rs:88:73
   |
88 |         let is_metal_layer: BOOL = msg_send![root_layer, isKindOfClass: class!(CAMetalLayer)];
   |                                                                         ^^^^^^^^^^^^^^^^^^^^
   |
   = note: expected values for `feature` are: `device_lost_panic`, `dx12`, `fragile-send-sync-non-atomic-wasm`, `gles`, `gpu-allocator`, `internal_error_panic`, `metal`, `oom_panic`, `renderdoc`, `static-dxc`, `vulkan`, and `windows`
   = note: using a cfg inside a macro will use the cfgs from the destination crate and not the ones from the defining crate
   = help: try referring to `class` crate for guidance on how handle this unexpected cfg
   = help: the macro `class` may come from an old version of the `objc` crate, try updating your dependency with `cargo update -p objc`
   = note: see <https://doc.rust-lang.org/nightly/rustc/check-cfg/cargo-specifics.html> for more information about checking conditional configuration
   = note: this warning originates in the macro `class` (in Nightly builds, run with -Z macro-backtrace for more info)

warning: unexpected `cfg` condition value: `cargo-clippy`
   --> vendor/wgpu-hal/src/metal/surface.rs:115:34
    |
115 |             let bounds: CGRect = msg_send![render_layer, bounds];
    |                                  ^^^^^^^^^^^^^^^^^^^^^^^^^^^^^^^
    |
    = note: expected values for `feature` are: `device_lost_panic`, `dx12`, `fragile-send-sync-non-atomic-wasm`, `gles`, `gpu-allocator`, `internal_error_panic`, `metal`, `oom_panic`, `renderdoc`, `static-dxc`, `vulkan`, and `windows`
    = note: using a cfg inside a macro will use the cfgs from the destination crate and not the ones from the defining crate
    = help: try referring to `sel_impl` crate for guidance on how handle this unexpected cfg
    = help: the macro `sel_impl` may come from an old version of the `objc` crate, try updating your dependency with `cargo update -p objc`
    = note: see <https://doc.rust-lang.org/nightly/rustc/check-cfg/cargo-specifics.html> for more information about checking conditional configuration
    = note: this warning originates in the macro `sel_impl` which comes from the expansion of the macro `msg_send` (in Nightly builds, run with -Z macro-backtrace for more info)

warning: unexpected `cfg` condition value: `cargo-clippy`
   --> vendor/wgpu-hal/src/metal/surface.rs:116:43
    |
116 |             let contents_scale: CGFloat = msg_send![render_layer, contentsScale];
    |                                           ^^^^^^^^^^^^^^^^^^^^^^^^^^^^^^^^^^^^^^
    |
    = note: expected values for `feature` are: `device_lost_panic`, `dx12`, `fragile-send-sync-non-atomic-wasm`, `gles`, `gpu-allocator`, `internal_error_panic`, `metal`, `oom_panic`, `renderdoc`, `static-dxc`, `vulkan`, and `windows`
    = note: using a cfg inside a macro will use the cfgs from the destination crate and not the ones from the defining crate
    = help: try referring to `sel_impl` crate for guidance on how handle this unexpected cfg
    = help: the macro `sel_impl` may come from an old version of the `objc` crate, try updating your dependency with `cargo update -p objc`
    = note: see <https://doc.rust-lang.org/nightly/rustc/check-cfg/cargo-specifics.html> for more information about checking conditional configuration
    = note: this warning originates in the macro `sel_impl` which comes from the expansion of the macro `msg_send` (in Nightly builds, run with -Z macro-backtrace for more info)

warning: unexpected `cfg` condition value: `cargo-clippy`
   --> vendor/wgpu-hal/src/metal/surface.rs:173:22
    |
173 |             let () = msg_send![*render_layer, setAllowsNextDrawableTimeout:false];
    |                      ^^^^^^^^^^^^^^^^^^^^^^^^^^^^^^^^^^^^^^^^^^^^^^^^^^^^^^^^^^^^
    |
    = note: expected values for `feature` are: `device_lost_panic`, `dx12`, `fragile-send-sync-non-atomic-wasm`, `gles`, `gpu-allocator`, `internal_error_panic`, `metal`, `oom_panic`, `renderdoc`, `static-dxc`, `vulkan`, and `windows`
    = note: using a cfg inside a macro will use the cfgs from the destination crate and not the ones from the defining crate
    = help: try referring to `sel_impl` crate for guidance on how handle this unexpected cfg
    = help: the macro `sel_impl` may come from an old version of the `objc` crate, try updating your dependency with `cargo update -p objc`
    = note: see <https://doc.rust-lang.org/nightly/rustc/check-cfg/cargo-specifics.html> for more information about checking conditional configuration
    = note: this warning originates in the macro `sel_impl` which comes from the expansion of the macro `msg_send` (in Nightly builds, run with -Z macro-backtrace for more info)

warning: unexpected `cfg` condition value: `cargo-clippy`
   --> vendor/wgpu-hal/src/metal/surface.rs:176:22
    |
176 |             let () = msg_send![*render_layer, setDisplaySyncEnabled: display_sync];
    |                      ^^^^^^^^^^^^^^^^^^^^^^^^^^^^^^^^^^^^^^^^^^^^^^^^^^^^^^^^^^^^^
    |
    = note: expected values for `feature` are: `device_lost_panic`, `dx12`, `fragile-send-sync-non-atomic-wasm`, `gles`, `gpu-allocator`, `internal_error_panic`, `metal`, `oom_panic`, `renderdoc`, `static-dxc`, `vulkan`, and `windows`
    = note: using a cfg inside a macro will use the cfgs from the destination crate and not the ones from the defining crate
    = help: try referring to `sel_impl` crate for guidance on how handle this unexpected cfg
    = help: the macro `sel_impl` may come from an old version of the `objc` crate, try updating your dependency with `cargo update -p objc`
    = note: see <https://doc.rust-lang.org/nightly/rustc/check-cfg/cargo-specifics.html> for more information about checking conditional configuration
    = note: this warning originates in the macro `sel_impl` which comes from the expansion of the macro `msg_send` (in Nightly builds, run with -Z macro-backtrace for more info)

warning: `wgpu-hal` (lib) generated 50 warnings
warning: unused variable: `super_key`
   --> src/native_terminal/input.rs:366:13
    |
366 |         let super_key = KeyModifiers {
    |             ^^^^^^^^^ help: if this is intentional, prefix it with an underscore: `_super_key`
    |
    = note: `#[warn(unused_variables)]` (part of `#[warn(unused)]`) on by default

warning: variable does not need to be mutable
   --> src/native_terminal/renderer/font_manager.rs:155:13
    |
155 |         let mut buffer = vec![0u8; total_pixels];
    |             ----^^^^^^
    |             |
    |             help: remove this `mut`
    |
    = note: `#[warn(unused_mut)]` (part of `#[warn(unused)]`) on by default

warning: field `app` is never read
  --> src/ipc/notifications.rs:28:5
   |
27 | pub struct TauriNotificationBackend<R: Runtime> {
   |            ------------------------ field in this struct
28 |     app: AppHandle<R>,
   |     ^^^
   |
   = note: `#[warn(dead_code)]` (part of `#[warn(unused)]`) on by default

warning: method `wait_and_reap` is never used
   --> src/terminal/session.rs:270:19
    |
 61 | impl PtySession {
    | --------------- method in this implementation
...
270 |     pub(crate) fn wait_and_reap(&self) -> Result<Option<i32>, PtyError> {
    |                   ^^^^^^^^^^^^^

warning: struct `WriterLeaseGuard` is never constructed
  --> src/worktree/manager.rs:57:19
   |
57 | pub(crate) struct WriterLeaseGuard {
   |                   ^^^^^^^^^^^^^^^^

warning: associated items `new`, `canonical_path`, and `owner_id` are never used
  --> src/worktree/manager.rs:64:8
   |
63 | impl WriterLeaseGuard {
   | --------------------- associated items in this implementation
64 |     fn new(registry: WriterLeaseRegistry, canonical_path: PathBuf, owner_id: String) -> Self {
   |        ^^^
...
72 |     pub(crate) fn canonical_path(&self) -> &Path {
   |                   ^^^^^^^^^^^^^^
...
76 |     pub(crate) fn owner_id(&self) -> &str {
   |                   ^^^^^^^^

warning: method `acquire_writer_lease` is never used
   --> src/worktree/manager.rs:309:19
    |
105 | impl WorktreeManager {
    | -------------------- method in this implementation
...
309 |     pub(crate) fn acquire_writer_lease(
    |                   ^^^^^^^^^^^^^^^^^^^^

warning: `ferryx` (lib test) generated 7 warnings (run `cargo fix --lib -p ferryx --tests` to apply 2 suggestions)
    Finished `test` profile [unoptimized + debuginfo] target(s) in 0.47s
     Running unittests src/lib.rs (src-tauri/target/debug/deps/ferryx_lib-f277dedbac8184e5)

running 4 tests
test ipc::project_remote::tests::remote_startup_cannot_use_local_shell_resolver ... ok
test ipc::project_remote::tests::remote_registration_wire_request_rejects_extra_execution_fields ... ok
test ipc::project_remote::tests::all_local_git_boundaries_reject_remote_namespace_even_without_loaded_metadata ... ok
test ipc::project_remote::tests::local_registration_never_canonicalizes_a_remote_id_into_a_local_project ... ok

test result: ok. 4 passed; 0 failed; 0 ignored; 0 measured; 625 filtered out; finished in 0.02s

EXIT: 0

COMMAND: cargo test --manifest-path src-tauri/Cargo.toml --lib terminal::shell
warning: unexpected `cfg` condition value: `cargo-clippy`
   --> vendor/wgpu-hal/src/metal/adapter.rs:540:17
    |
540 |                 msg_send![class!(NSProcessInfo), processInfo];
    |                 ^^^^^^^^^^^^^^^^^^^^^^^^^^^^^^^^^^^^^^^^^^^^^
    |
    = note: expected values for `feature` are: `device_lost_panic`, `dx12`, `fragile-send-sync-non-atomic-wasm`, `gles`, `gpu-allocator`, `internal_error_panic`, `metal`, `oom_panic`, `renderdoc`, `static-dxc`, `vulkan`, and `windows`
    = note: using a cfg inside a macro will use the cfgs from the destination crate and not the ones from the defining crate
    = help: try referring to `sel_impl` crate for guidance on how handle this unexpected cfg
    = help: the macro `sel_impl` may come from an old version of the `objc` crate, try updating your dependency with `cargo update -p objc`
    = note: see <https://doc.rust-lang.org/nightly/rustc/check-cfg/cargo-specifics.html> for more information about checking conditional configuration
    = note: requested on the command line with `-W unexpected-cfgs`
    = note: this warning originates in the macro `sel_impl` which comes from the expansion of the macro `msg_send` (in Nightly builds, run with -Z macro-backtrace for more info)

warning: unexpected `cfg` condition value: `cargo-clippy`
   --> vendor/wgpu-hal/src/metal/adapter.rs:540:27
    |
540 |                 msg_send![class!(NSProcessInfo), processInfo];
    |                           ^^^^^^^^^^^^^^^^^^^^^
    |
    = note: expected values for `feature` are: `device_lost_panic`, `dx12`, `fragile-send-sync-non-atomic-wasm`, `gles`, `gpu-allocator`, `internal_error_panic`, `metal`, `oom_panic`, `renderdoc`, `static-dxc`, `vulkan`, and `windows`
    = note: using a cfg inside a macro will use the cfgs from the destination crate and not the ones from the defining crate
    = help: try referring to `class` crate for guidance on how handle this unexpected cfg
    = help: the macro `class` may come from an old version of the `objc` crate, try updating your dependency with `cargo update -p objc`
    = note: see <https://doc.rust-lang.org/nightly/rustc/check-cfg/cargo-specifics.html> for more information about checking conditional configuration
    = note: this warning originates in the macro `class` (in Nightly builds, run with -Z macro-backtrace for more info)

warning: unexpected `cfg` condition value: `cargo-clippy`
   --> vendor/wgpu-hal/src/metal/adapter.rs:541:13
    |
541 |             msg_send![process_info, operatingSystemVersion]
    |             ^^^^^^^^^^^^^^^^^^^^^^^^^^^^^^^^^^^^^^^^^^^^^^^
    |
    = note: expected values for `feature` are: `device_lost_panic`, `dx12`, `fragile-send-sync-non-atomic-wasm`, `gles`, `gpu-allocator`, `internal_error_panic`, `metal`, `oom_panic`, `renderdoc`, `static-dxc`, `vulkan`, and `windows`
    = note: using a cfg inside a macro will use the cfgs from the destination crate and not the ones from the defining crate
    = help: try referring to `sel_impl` crate for guidance on how handle this unexpected cfg
    = help: the macro `sel_impl` may come from an old version of the `objc` crate, try updating your dependency with `cargo update -p objc`
    = note: see <https://doc.rust-lang.org/nightly/rustc/check-cfg/cargo-specifics.html> for more information about checking conditional configuration
    = note: this warning originates in the macro `sel_impl` which comes from the expansion of the macro `msg_send` (in Nightly builds, run with -Z macro-backtrace for more info)

warning: unexpected `cfg` condition value: `cargo-clippy`
   --> vendor/wgpu-hal/src/metal/adapter.rs:732:30
    |
732 |                     unsafe { msg_send![device.as_ref(), maxBufferLength] };
    |                              ^^^^^^^^^^^^^^^^^^^^^^^^^^^^^^^^^^^^^^^^^^^
    |
    = note: expected values for `feature` are: `device_lost_panic`, `dx12`, `fragile-send-sync-non-atomic-wasm`, `gles`, `gpu-allocator`, `internal_error_panic`, `metal`, `oom_panic`, `renderdoc`, `static-dxc`, `vulkan`, and `windows`
    = note: using a cfg inside a macro will use the cfgs from the destination crate and not the ones from the defining crate
    = help: try referring to `sel_impl` crate for guidance on how handle this unexpected cfg
    = help: the macro `sel_impl` may come from an old version of the `objc` crate, try updating your dependency with `cargo update -p objc`
    = note: see <https://doc.rust-lang.org/nightly/rustc/check-cfg/cargo-specifics.html> for more information about checking conditional configuration
    = note: this warning originates in the macro `sel_impl` which comes from the expansion of the macro `msg_send` (in Nightly builds, run with -Z macro-backtrace for more info)

warning: unexpected `cfg` condition value: `cargo-clippy`
  --> vendor/wgpu-hal/src/metal/layer_observer.rs:33:38
   |
33 |     let this: *mut Object = unsafe { msg_send![class(), new] };
   |                                      ^^^^^^^^^^^^^^^^^^^^^^^
   |
   = note: expected values for `feature` are: `device_lost_panic`, `dx12`, `fragile-send-sync-non-atomic-wasm`, `gles`, `gpu-allocator`, `internal_error_panic`, `metal`, `oom_panic`, `renderdoc`, `static-dxc`, `vulkan`, and `windows`
   = note: using a cfg inside a macro will use the cfgs from the destination crate and not the ones from the defining crate
   = help: try referring to `sel_impl` crate for guidance on how handle this unexpected cfg
   = help: the macro `sel_impl` may come from an old version of the `objc` crate, try updating your dependency with `cargo update -p objc`
   = note: see <https://doc.rust-lang.org/nightly/rustc/check-cfg/cargo-specifics.html> for more information about checking conditional configuration
   = note: this warning originates in the macro `sel_impl` which comes from the expansion of the macro `msg_send` (in Nightly builds, run with -Z macro-backtrace for more info)

warning: unexpected `cfg` condition value: `cargo-clippy`
  --> vendor/wgpu-hal/src/metal/layer_observer.rs:36:26
   |
36 |     let _: () = unsafe { msg_send![root_layer, addSublayer: this] };
   |                          ^^^^^^^^^^^^^^^^^^^^^^^^^^^^^^^^^^^^^^^^
   |
   = note: expected values for `feature` are: `device_lost_panic`, `dx12`, `fragile-send-sync-non-atomic-wasm`, `gles`, `gpu-allocator`, `internal_error_panic`, `metal`, `oom_panic`, `renderdoc`, `static-dxc`, `vulkan`, and `windows`
   = note: using a cfg inside a macro will use the cfgs from the destination crate and not the ones from the defining crate
   = help: try referring to `sel_impl` crate for guidance on how handle this unexpected cfg
   = help: the macro `sel_impl` may come from an old version of the `objc` crate, try updating your dependency with `cargo update -p objc`
   = note: see <https://doc.rust-lang.org/nightly/rustc/check-cfg/cargo-specifics.html> for more information about checking conditional configuration
   = note: this warning originates in the macro `sel_impl` which comes from the expansion of the macro `msg_send` (in Nightly builds, run with -Z macro-backtrace for more info)

warning: unexpected `cfg` condition value: `cargo-clippy`
  --> vendor/wgpu-hal/src/metal/layer_observer.rs:40:18
   |
40 |         unsafe { msg_send![class!(NSString), stringWithUTF8String: CONTENTS_SCALE.as_ptr()] };
   |                  ^^^^^^^^^^^^^^^^^^^^^^^^^^^^^^^^^^^^^^^^^^^^^^^^^^^^^^^^^^^^^^^^^^^^^^^^^^
   |
   = note: expected values for `feature` are: `device_lost_panic`, `dx12`, `fragile-send-sync-non-atomic-wasm`, `gles`, `gpu-allocator`, `internal_error_panic`, `metal`, `oom_panic`, `renderdoc`, `static-dxc`, `vulkan`, and `windows`
   = note: using a cfg inside a macro will use the cfgs from the destination crate and not the ones from the defining crate
   = help: try referring to `sel_impl` crate for guidance on how handle this unexpected cfg
   = help: the macro `sel_impl` may come from an old version of the `objc` crate, try updating your dependency with `cargo update -p objc`
   = note: see <https://doc.rust-lang.org/nightly/rustc/check-cfg/cargo-specifics.html> for more information about checking conditional configuration
   = note: this warning originates in the macro `sel_impl` which comes from the expansion of the macro `msg_send` (in Nightly builds, run with -Z macro-backtrace for more info)

warning: unexpected `cfg` condition value: `cargo-clippy`
  --> vendor/wgpu-hal/src/metal/layer_observer.rs:40:28
   |
40 |         unsafe { msg_send![class!(NSString), stringWithUTF8String: CONTENTS_SCALE.as_ptr()] };
   |                            ^^^^^^^^^^^^^^^^
   |
   = note: expected values for `feature` are: `device_lost_panic`, `dx12`, `fragile-send-sync-non-atomic-wasm`, `gles`, `gpu-allocator`, `internal_error_panic`, `metal`, `oom_panic`, `renderdoc`, `static-dxc`, `vulkan`, and `windows`
   = note: using a cfg inside a macro will use the cfgs from the destination crate and not the ones from the defining crate
   = help: try referring to `class` crate for guidance on how handle this unexpected cfg
   = help: the macro `class` may come from an old version of the `objc` crate, try updating your dependency with `cargo update -p objc`
   = note: see <https://doc.rust-lang.org/nightly/rustc/check-cfg/cargo-specifics.html> for more information about checking conditional configuration
   = note: this warning originates in the macro `class` (in Nightly builds, run with -Z macro-backtrace for more info)

warning: unexpected `cfg` condition value: `cargo-clippy`
  --> vendor/wgpu-hal/src/metal/layer_observer.rs:42:9
   |
42 | /         msg_send![
43 | |             root_layer,
44 | |             addObserver: this
45 | |             forKeyPath: key_path
46 | |             options: NSKeyValueObservingOptionNew | NSKeyValueObservingOptionInitial
47 | |             context: context_ptr()
48 | |         ]
   | |_________^
   |
   = note: expected values for `feature` are: `device_lost_panic`, `dx12`, `fragile-send-sync-non-atomic-wasm`, `gles`, `gpu-allocator`, `internal_error_panic`, `metal`, `oom_panic`, `renderdoc`, `static-dxc`, `vulkan`, and `windows`
   = note: using a cfg inside a macro will use the cfgs from the destination crate and not the ones from the defining crate
   = help: try referring to `sel_impl` crate for guidance on how handle this unexpected cfg
   = help: the macro `sel_impl` may come from an old version of the `objc` crate, try updating your dependency with `cargo update -p objc`
   = note: see <https://doc.rust-lang.org/nightly/rustc/check-cfg/cargo-specifics.html> for more information about checking conditional configuration
   = note: this warning originates in the macro `sel_impl` which comes from the expansion of the macro `msg_send` (in Nightly builds, run with -Z macro-backtrace for more info)

warning: unexpected `cfg` condition value: `cargo-clippy`
  --> vendor/wgpu-hal/src/metal/layer_observer.rs:52:18
   |
52 |         unsafe { msg_send![class!(NSString), stringWithUTF8String: BOUNDS.as_ptr()] };
   |                  ^^^^^^^^^^^^^^^^^^^^^^^^^^^^^^^^^^^^^^^^^^^^^^^^^^^^^^^^^^^^^^^^^^
   |
   = note: expected values for `feature` are: `device_lost_panic`, `dx12`, `fragile-send-sync-non-atomic-wasm`, `gles`, `gpu-allocator`, `internal_error_panic`, `metal`, `oom_panic`, `renderdoc`, `static-dxc`, `vulkan`, and `windows`
   = note: using a cfg inside a macro will use the cfgs from the destination crate and not the ones from the defining crate
   = help: try referring to `sel_impl` crate for guidance on how handle this unexpected cfg
   = help: the macro `sel_impl` may come from an old version of the `objc` crate, try updating your dependency with `cargo update -p objc`
   = note: see <https://doc.rust-lang.org/nightly/rustc/check-cfg/cargo-specifics.html> for more information about checking conditional configuration
   = note: this warning originates in the macro `sel_impl` which comes from the expansion of the macro `msg_send` (in Nightly builds, run with -Z macro-backtrace for more info)

warning: unexpected `cfg` condition value: `cargo-clippy`
  --> vendor/wgpu-hal/src/metal/layer_observer.rs:52:28
   |
52 |         unsafe { msg_send![class!(NSString), stringWithUTF8String: BOUNDS.as_ptr()] };
   |                            ^^^^^^^^^^^^^^^^
   |
   = note: expected values for `feature` are: `device_lost_panic`, `dx12`, `fragile-send-sync-non-atomic-wasm`, `gles`, `gpu-allocator`, `internal_error_panic`, `metal`, `oom_panic`, `renderdoc`, `static-dxc`, `vulkan`, and `windows`
   = note: using a cfg inside a macro will use the cfgs from the destination crate and not the ones from the defining crate
   = help: try referring to `class` crate for guidance on how handle this unexpected cfg
   = help: the macro `class` may come from an old version of the `objc` crate, try updating your dependency with `cargo update -p objc`
   = note: see <https://doc.rust-lang.org/nightly/rustc/check-cfg/cargo-specifics.html> for more information about checking conditional configuration
   = note: this warning originates in the macro `class` (in Nightly builds, run with -Z macro-backtrace for more info)

warning: unexpected `cfg` condition value: `cargo-clippy`
  --> vendor/wgpu-hal/src/metal/layer_observer.rs:54:9
   |
54 | /         msg_send![
55 | |             root_layer,
56 | |             addObserver: this
57 | |             forKeyPath: key_path
58 | |             options: NSKeyValueObservingOptionNew | NSKeyValueObservingOptionInitial
59 | |             context: context_ptr()
60 | |         ]
   | |_________^
   |
   = note: expected values for `feature` are: `device_lost_panic`, `dx12`, `fragile-send-sync-non-atomic-wasm`, `gles`, `gpu-allocator`, `internal_error_panic`, `metal`, `oom_panic`, `renderdoc`, `static-dxc`, `vulkan`, and `windows`
   = note: using a cfg inside a macro will use the cfgs from the destination crate and not the ones from the defining crate
   = help: try referring to `sel_impl` crate for guidance on how handle this unexpected cfg
   = help: the macro `sel_impl` may come from an old version of the `objc` crate, try updating your dependency with `cargo update -p objc`
   = note: see <https://doc.rust-lang.org/nightly/rustc/check-cfg/cargo-specifics.html> for more information about checking conditional configuration
   = note: this warning originates in the macro `sel_impl` which comes from the expansion of the macro `msg_send` (in Nightly builds, run with -Z macro-backtrace for more info)

warning: unexpected `cfg` condition value: `cargo-clippy`
  --> vendor/wgpu-hal/src/metal/layer_observer.rs:77:26
   |
77 |         let superclass = class!(CAMetalLayer);
   |                          ^^^^^^^^^^^^^^^^^^^^
   |
   = note: expected values for `feature` are: `device_lost_panic`, `dx12`, `fragile-send-sync-non-atomic-wasm`, `gles`, `gpu-allocator`, `internal_error_panic`, `metal`, `oom_panic`, `renderdoc`, `static-dxc`, `vulkan`, and `windows`
   = note: using a cfg inside a macro will use the cfgs from the destination crate and not the ones from the defining crate
   = help: try referring to `class` crate for guidance on how handle this unexpected cfg
   = help: the macro `class` may come from an old version of the `objc` crate, try updating your dependency with `cargo update -p objc`
   = note: see <https://doc.rust-lang.org/nightly/rustc/check-cfg/cargo-specifics.html> for more information about checking conditional configuration
   = note: this warning originates in the macro `class` (in Nightly builds, run with -Z macro-backtrace for more info)

warning: unexpected `cfg` condition value: `cargo-clippy`
  --> vendor/wgpu-hal/src/metal/layer_observer.rs:82:19
   |
82 |         let sel = sel!(observeValueForKeyPath:ofObject:change:context:);
   |                   ^^^^^^^^^^^^^^^^^^^^^^^^^^^^^^^^^^^^^^^^^^^^^^^^^^^^^
   |
   = note: expected values for `feature` are: `device_lost_panic`, `dx12`, `fragile-send-sync-non-atomic-wasm`, `gles`, `gpu-allocator`, `internal_error_panic`, `metal`, `oom_panic`, `renderdoc`, `static-dxc`, `vulkan`, and `windows`
   = note: using a cfg inside a macro will use the cfgs from the destination crate and not the ones from the defining crate
   = help: try referring to `sel_impl` crate for guidance on how handle this unexpected cfg
   = help: the macro `sel_impl` may come from an old version of the `objc` crate, try updating your dependency with `cargo update -p objc`
   = note: see <https://doc.rust-lang.org/nightly/rustc/check-cfg/cargo-specifics.html> for more information about checking conditional configuration
   = note: this warning originates in the macro `sel_impl` which comes from the expansion of the macro `sel` (in Nightly builds, run with -Z macro-backtrace for more info)

warning: unexpected `cfg` condition value: `cargo-clippy`
  --> vendor/wgpu-hal/src/metal/layer_observer.rs:93:19
   |
93 |         let sel = sel!(dealloc);
   |                   ^^^^^^^^^^^^^
   |
   = note: expected values for `feature` are: `device_lost_panic`, `dx12`, `fragile-send-sync-non-atomic-wasm`, `gles`, `gpu-allocator`, `internal_error_panic`, `metal`, `oom_panic`, `renderdoc`, `static-dxc`, `vulkan`, and `windows`
   = note: using a cfg inside a macro will use the cfgs from the destination crate and not the ones from the defining crate
   = help: try referring to `sel_impl` crate for guidance on how handle this unexpected cfg
   = help: the macro `sel_impl` may come from an old version of the `objc` crate, try updating your dependency with `cargo update -p objc`
   = note: see <https://doc.rust-lang.org/nightly/rustc/check-cfg/cargo-specifics.html> for more information about checking conditional configuration
   = note: this warning originates in the macro `sel_impl` which comes from the expansion of the macro `sel` (in Nightly builds, run with -Z macro-backtrace for more info)

warning: unexpected `cfg` condition value: `cargo-clippy`
   --> vendor/wgpu-hal/src/metal/layer_observer.rs:121:13
    |
121 | /             msg_send![
122 | |                 super(this, class!(CAMetalLayer)),
123 | |                 observeValueForKeyPath: key_path
124 | |                 ofObject: object
125 | |                 change: change
126 | |                 context: context
127 | |             ]
    | |_____________^
    |
    = note: expected values for `feature` are: `device_lost_panic`, `dx12`, `fragile-send-sync-non-atomic-wasm`, `gles`, `gpu-allocator`, `internal_error_panic`, `metal`, `oom_panic`, `renderdoc`, `static-dxc`, `vulkan`, and `windows`
    = note: using a cfg inside a macro will use the cfgs from the destination crate and not the ones from the defining crate
    = help: try referring to `sel_impl` crate for guidance on how handle this unexpected cfg
    = help: the macro `sel_impl` may come from an old version of the `objc` crate, try updating your dependency with `cargo update -p objc`
    = note: see <https://doc.rust-lang.org/nightly/rustc/check-cfg/cargo-specifics.html> for more information about checking conditional configuration
    = note: this warning originates in the macro `sel_impl` which comes from the expansion of the macro `msg_send` (in Nightly builds, run with -Z macro-backtrace for more info)

warning: unexpected `cfg` condition value: `cargo-clippy`
   --> vendor/wgpu-hal/src/metal/layer_observer.rs:122:29
    |
122 |                 super(this, class!(CAMetalLayer)),
    |                             ^^^^^^^^^^^^^^^^^^^^
    |
    = note: expected values for `feature` are: `device_lost_panic`, `dx12`, `fragile-send-sync-non-atomic-wasm`, `gles`, `gpu-allocator`, `internal_error_panic`, `metal`, `oom_panic`, `renderdoc`, `static-dxc`, `vulkan`, and `windows`
    = note: using a cfg inside a macro will use the cfgs from the destination crate and not the ones from the defining crate
    = help: try referring to `class` crate for guidance on how handle this unexpected cfg
    = help: the macro `class` may come from an old version of the `objc` crate, try updating your dependency with `cargo update -p objc`
    = note: see <https://doc.rust-lang.org/nightly/rustc/check-cfg/cargo-specifics.html> for more information about checking conditional configuration
    = note: this warning originates in the macro `class` (in Nightly builds, run with -Z macro-backtrace for more info)

warning: unexpected `cfg` condition value: `cargo-clippy`
   --> vendor/wgpu-hal/src/metal/layer_observer.rs:134:37
    |
134 |     let new: *mut Object = unsafe { msg_send![change, objectForKey: key] };
    |                                     ^^^^^^^^^^^^^^^^^^^^^^^^^^^^^^^^^^^^
    |
    = note: expected values for `feature` are: `device_lost_panic`, `dx12`, `fragile-send-sync-non-atomic-wasm`, `gles`, `gpu-allocator`, `internal_error_panic`, `metal`, `oom_panic`, `renderdoc`, `static-dxc`, `vulkan`, and `windows`
    = note: using a cfg inside a macro will use the cfgs from the destination crate and not the ones from the defining crate
    = help: try referring to `sel_impl` crate for guidance on how handle this unexpected cfg
    = help: the macro `sel_impl` may come from an old version of the `objc` crate, try updating your dependency with `cargo update -p objc`
    = note: see <https://doc.rust-lang.org/nightly/rustc/check-cfg/cargo-specifics.html> for more information about checking conditional configuration
    = note: this warning originates in the macro `sel_impl` which comes from the expansion of the macro `msg_send` (in Nightly builds, run with -Z macro-backtrace for more info)

warning: unexpected `cfg` condition value: `cargo-clippy`
   --> vendor/wgpu-hal/src/metal/layer_observer.rs:138:18
    |
138 |         unsafe { msg_send![class!(NSString), stringWithUTF8String: CONTENTS_SCALE.as_ptr()] };
    |                  ^^^^^^^^^^^^^^^^^^^^^^^^^^^^^^^^^^^^^^^^^^^^^^^^^^^^^^^^^^^^^^^^^^^^^^^^^^
    |
    = note: expected values for `feature` are: `device_lost_panic`, `dx12`, `fragile-send-sync-non-atomic-wasm`, `gles`, `gpu-allocator`, `internal_error_panic`, `metal`, `oom_panic`, `renderdoc`, `static-dxc`, `vulkan`, and `windows`
    = note: using a cfg inside a macro will use the cfgs from the destination crate and not the ones from the defining crate
    = help: try referring to `sel_impl` crate for guidance on how handle this unexpected cfg
    = help: the macro `sel_impl` may come from an old version of the `objc` crate, try updating your dependency with `cargo update -p objc`
    = note: see <https://doc.rust-lang.org/nightly/rustc/check-cfg/cargo-specifics.html> for more information about checking conditional configuration
    = note: this warning originates in the macro `sel_impl` which comes from the expansion of the macro `msg_send` (in Nightly builds, run with -Z macro-backtrace for more info)

warning: unexpected `cfg` condition value: `cargo-clippy`
   --> vendor/wgpu-hal/src/metal/layer_observer.rs:138:28
    |
138 |         unsafe { msg_send![class!(NSString), stringWithUTF8String: CONTENTS_SCALE.as_ptr()] };
    |                            ^^^^^^^^^^^^^^^^
    |
    = note: expected values for `feature` are: `device_lost_panic`, `dx12`, `fragile-send-sync-non-atomic-wasm`, `gles`, `gpu-allocator`, `internal_error_panic`, `metal`, `oom_panic`, `renderdoc`, `static-dxc`, `vulkan`, and `windows`
    = note: using a cfg inside a macro will use the cfgs from the destination crate and not the ones from the defining crate
    = help: try referring to `class` crate for guidance on how handle this unexpected cfg
    = help: the macro `class` may come from an old version of the `objc` crate, try updating your dependency with `cargo update -p objc`
    = note: see <https://doc.rust-lang.org/nightly/rustc/check-cfg/cargo-specifics.html> for more information about checking conditional configuration
    = note: this warning originates in the macro `class` (in Nightly builds, run with -Z macro-backtrace for more info)

warning: unexpected `cfg` condition value: `cargo-clippy`
   --> vendor/wgpu-hal/src/metal/layer_observer.rs:139:35
    |
139 |     let is_equal: BOOL = unsafe { msg_send![key_path, isEqual: to_compare] };
    |                                   ^^^^^^^^^^^^^^^^^^^^^^^^^^^^^^^^^^^^^^^^
    |
    = note: expected values for `feature` are: `device_lost_panic`, `dx12`, `fragile-send-sync-non-atomic-wasm`, `gles`, `gpu-allocator`, `internal_error_panic`, `metal`, `oom_panic`, `renderdoc`, `static-dxc`, `vulkan`, and `windows`
    = note: using a cfg inside a macro will use the cfgs from the destination crate and not the ones from the defining crate
    = help: try referring to `sel_impl` crate for guidance on how handle this unexpected cfg
    = help: the macro `sel_impl` may come from an old version of the `objc` crate, try updating your dependency with `cargo update -p objc`
    = note: see <https://doc.rust-lang.org/nightly/rustc/check-cfg/cargo-specifics.html> for more information about checking conditional configuration
    = note: this warning originates in the macro `sel_impl` which comes from the expansion of the macro `msg_send` (in Nightly builds, run with -Z macro-backtrace for more info)

warning: unexpected `cfg` condition value: `cargo-clippy`
   --> vendor/wgpu-hal/src/metal/layer_observer.rs:143:22
    |
143 |             unsafe { msg_send![new, doubleValue] }
    |                      ^^^^^^^^^^^^^^^^^^^^^^^^^^^
    |
    = note: expected values for `feature` are: `device_lost_panic`, `dx12`, `fragile-send-sync-non-atomic-wasm`, `gles`, `gpu-allocator`, `internal_error_panic`, `metal`, `oom_panic`, `renderdoc`, `static-dxc`, `vulkan`, and `windows`
    = note: using a cfg inside a macro will use the cfgs from the destination crate and not the ones from the defining crate
    = help: try referring to `sel_impl` crate for guidance on how handle this unexpected cfg
    = help: the macro `sel_impl` may come from an old version of the `objc` crate, try updating your dependency with `cargo update -p objc`
    = note: see <https://doc.rust-lang.org/nightly/rustc/check-cfg/cargo-specifics.html> for more information about checking conditional configuration
    = note: this warning originates in the macro `sel_impl` which comes from the expansion of the macro `msg_send` (in Nightly builds, run with -Z macro-backtrace for more info)

warning: unexpected `cfg` condition value: `cargo-clippy`
   --> vendor/wgpu-hal/src/metal/layer_observer.rs:145:22
    |
145 |             unsafe { msg_send![new, floatValue] }
    |                      ^^^^^^^^^^^^^^^^^^^^^^^^^^
    |
    = note: expected values for `feature` are: `device_lost_panic`, `dx12`, `fragile-send-sync-non-atomic-wasm`, `gles`, `gpu-allocator`, `internal_error_panic`, `metal`, `oom_panic`, `renderdoc`, `static-dxc`, `vulkan`, and `windows`
    = note: using a cfg inside a macro will use the cfgs from the destination crate and not the ones from the defining crate
    = help: try referring to `sel_impl` crate for guidance on how handle this unexpected cfg
    = help: the macro `sel_impl` may come from an old version of the `objc` crate, try updating your dependency with `cargo update -p objc`
    = note: see <https://doc.rust-lang.org/nightly/rustc/check-cfg/cargo-specifics.html> for more information about checking conditional configuration
    = note: this warning originates in the macro `sel_impl` which comes from the expansion of the macro `msg_send` (in Nightly builds, run with -Z macro-backtrace for more info)

warning: unexpected `cfg` condition value: `cargo-clippy`
   --> vendor/wgpu-hal/src/metal/layer_observer.rs:149:30
    |
149 |         let _: () = unsafe { msg_send![this, setContentsScale: scale_factor] };
    |                              ^^^^^^^^^^^^^^^^^^^^^^^^^^^^^^^^^^^^^^^^^^^^^^^
    |
    = note: expected values for `feature` are: `device_lost_panic`, `dx12`, `fragile-send-sync-non-atomic-wasm`, `gles`, `gpu-allocator`, `internal_error_panic`, `metal`, `oom_panic`, `renderdoc`, `static-dxc`, `vulkan`, and `windows`
    = note: using a cfg inside a macro will use the cfgs from the destination crate and not the ones from the defining crate
    = help: try referring to `sel_impl` crate for guidance on how handle this unexpected cfg
    = help: the macro `sel_impl` may come from an old version of the `objc` crate, try updating your dependency with `cargo update -p objc`
    = note: see <https://doc.rust-lang.org/nightly/rustc/check-cfg/cargo-specifics.html> for more information about checking conditional configuration
    = note: this warning originates in the macro `sel_impl` which comes from the expansion of the macro `msg_send` (in Nightly builds, run with -Z macro-backtrace for more info)

warning: unexpected `cfg` condition value: `cargo-clippy`
   --> vendor/wgpu-hal/src/metal/layer_observer.rs:154:18
    |
154 |         unsafe { msg_send![class!(NSString), stringWithUTF8String: BOUNDS.as_ptr()] };
    |                  ^^^^^^^^^^^^^^^^^^^^^^^^^^^^^^^^^^^^^^^^^^^^^^^^^^^^^^^^^^^^^^^^^^
    |
    = note: expected values for `feature` are: `device_lost_panic`, `dx12`, `fragile-send-sync-non-atomic-wasm`, `gles`, `gpu-allocator`, `internal_error_panic`, `metal`, `oom_panic`, `renderdoc`, `static-dxc`, `vulkan`, and `windows`
    = note: using a cfg inside a macro will use the cfgs from the destination crate and not the ones from the defining crate
    = help: try referring to `sel_impl` crate for guidance on how handle this unexpected cfg
    = help: the macro `sel_impl` may come from an old version of the `objc` crate, try updating your dependency with `cargo update -p objc`
    = note: see <https://doc.rust-lang.org/nightly/rustc/check-cfg/cargo-specifics.html> for more information about checking conditional configuration
    = note: this warning originates in the macro `sel_impl` which comes from the expansion of the macro `msg_send` (in Nightly builds, run with -Z macro-backtrace for more info)

warning: unexpected `cfg` condition value: `cargo-clippy`
   --> vendor/wgpu-hal/src/metal/layer_observer.rs:154:28
    |
154 |         unsafe { msg_send![class!(NSString), stringWithUTF8String: BOUNDS.as_ptr()] };
    |                            ^^^^^^^^^^^^^^^^
    |
    = note: expected values for `feature` are: `device_lost_panic`, `dx12`, `fragile-send-sync-non-atomic-wasm`, `gles`, `gpu-allocator`, `internal_error_panic`, `metal`, `oom_panic`, `renderdoc`, `static-dxc`, `vulkan`, and `windows`
    = note: using a cfg inside a macro will use the cfgs from the destination crate and not the ones from the defining crate
    = help: try referring to `class` crate for guidance on how handle this unexpected cfg
    = help: the macro `class` may come from an old version of the `objc` crate, try updating your dependency with `cargo update -p objc`
    = note: see <https://doc.rust-lang.org/nightly/rustc/check-cfg/cargo-specifics.html> for more information about checking conditional configuration
    = note: this warning originates in the macro `class` (in Nightly builds, run with -Z macro-backtrace for more info)

warning: unexpected `cfg` condition value: `cargo-clippy`
   --> vendor/wgpu-hal/src/metal/layer_observer.rs:155:35
    |
155 |     let is_equal: BOOL = unsafe { msg_send![key_path, isEqual: to_compare] };
    |                                   ^^^^^^^^^^^^^^^^^^^^^^^^^^^^^^^^^^^^^^^^
    |
    = note: expected values for `feature` are: `device_lost_panic`, `dx12`, `fragile-send-sync-non-atomic-wasm`, `gles`, `gpu-allocator`, `internal_error_panic`, `metal`, `oom_panic`, `renderdoc`, `static-dxc`, `vulkan`, and `windows`
    = note: using a cfg inside a macro will use the cfgs from the destination crate and not the ones from the defining crate
    = help: try referring to `sel_impl` crate for guidance on how handle this unexpected cfg
    = help: the macro `sel_impl` may come from an old version of the `objc` crate, try updating your dependency with `cargo update -p objc`
    = note: see <https://doc.rust-lang.org/nightly/rustc/check-cfg/cargo-specifics.html> for more information about checking conditional configuration
    = note: this warning originates in the macro `sel_impl` which comes from the expansion of the macro `msg_send` (in Nightly builds, run with -Z macro-backtrace for more info)

warning: unexpected `cfg` condition value: `cargo-clippy`
   --> vendor/wgpu-hal/src/metal/layer_observer.rs:158:39
    |
158 |         let bounds: CGRect = unsafe { msg_send![new, rectValue] };
    |                                       ^^^^^^^^^^^^^^^^^^^^^^^^^
    |
    = note: expected values for `feature` are: `device_lost_panic`, `dx12`, `fragile-send-sync-non-atomic-wasm`, `gles`, `gpu-allocator`, `internal_error_panic`, `metal`, `oom_panic`, `renderdoc`, `static-dxc`, `vulkan`, and `windows`
    = note: using a cfg inside a macro will use the cfgs from the destination crate and not the ones from the defining crate
    = help: try referring to `sel_impl` crate for guidance on how handle this unexpected cfg
    = help: the macro `sel_impl` may come from an old version of the `objc` crate, try updating your dependency with `cargo update -p objc`
    = note: see <https://doc.rust-lang.org/nightly/rustc/check-cfg/cargo-specifics.html> for more information about checking conditional configuration
    = note: this warning originates in the macro `sel_impl` which comes from the expansion of the macro `msg_send` (in Nightly builds, run with -Z macro-backtrace for more info)

warning: unexpected `cfg` condition value: `cargo-clippy`
   --> vendor/wgpu-hal/src/metal/layer_observer.rs:164:30
    |
164 |         let _: () = unsafe { msg_send![this, setFrame: bounds] };
    |                              ^^^^^^^^^^^^^^^^^^^^^^^^^^^^^^^^^
    |
    = note: expected values for `feature` are: `device_lost_panic`, `dx12`, `fragile-send-sync-non-atomic-wasm`, `gles`, `gpu-allocator`, `internal_error_panic`, `metal`, `oom_panic`, `renderdoc`, `static-dxc`, `vulkan`, and `windows`
    = note: using a cfg inside a macro will use the cfgs from the destination crate and not the ones from the defining crate
    = help: try referring to `sel_impl` crate for guidance on how handle this unexpected cfg
    = help: the macro `sel_impl` may come from an old version of the `objc` crate, try updating your dependency with `cargo update -p objc`
    = note: see <https://doc.rust-lang.org/nightly/rustc/check-cfg/cargo-specifics.html> for more information about checking conditional configuration
    = note: this warning originates in the macro `sel_impl` which comes from the expansion of the macro `msg_send` (in Nightly builds, run with -Z macro-backtrace for more info)

warning: unexpected `cfg` condition value: `cargo-clippy`
   --> vendor/wgpu-hal/src/metal/layer_observer.rs:180:44
    |
180 |     let root_layer: *mut Object = unsafe { msg_send![this, superlayer] };
    |                                            ^^^^^^^^^^^^^^^^^^^^^^^^^^^
    |
    = note: expected values for `feature` are: `device_lost_panic`, `dx12`, `fragile-send-sync-non-atomic-wasm`, `gles`, `gpu-allocator`, `internal_error_panic`, `metal`, `oom_panic`, `renderdoc`, `static-dxc`, `vulkan`, and `windows`
    = note: using a cfg inside a macro will use the cfgs from the destination crate and not the ones from the defining crate
    = help: try referring to `sel_impl` crate for guidance on how handle this unexpected cfg
    = help: the macro `sel_impl` may come from an old version of the `objc` crate, try updating your dependency with `cargo update -p objc`
    = note: see <https://doc.rust-lang.org/nightly/rustc/check-cfg/cargo-specifics.html> for more information about checking conditional configuration
    = note: this warning originates in the macro `sel_impl` which comes from the expansion of the macro `msg_send` (in Nightly builds, run with -Z macro-backtrace for more info)

warning: unexpected `cfg` condition value: `cargo-clippy`
   --> vendor/wgpu-hal/src/metal/layer_observer.rs:183:22
    |
183 |             unsafe { msg_send![class!(NSString), stringWithUTF8String: CONTENTS_SCALE.as_ptr()] };
    |                      ^^^^^^^^^^^^^^^^^^^^^^^^^^^^^^^^^^^^^^^^^^^^^^^^^^^^^^^^^^^^^^^^^^^^^^^^^^
    |
    = note: expected values for `feature` are: `device_lost_panic`, `dx12`, `fragile-send-sync-non-atomic-wasm`, `gles`, `gpu-allocator`, `internal_error_panic`, `metal`, `oom_panic`, `renderdoc`, `static-dxc`, `vulkan`, and `windows`
    = note: using a cfg inside a macro will use the cfgs from the destination crate and not the ones from the defining crate
    = help: try referring to `sel_impl` crate for guidance on how handle this unexpected cfg
    = help: the macro `sel_impl` may come from an old version of the `objc` crate, try updating your dependency with `cargo update -p objc`
    = note: see <https://doc.rust-lang.org/nightly/rustc/check-cfg/cargo-specifics.html> for more information about checking conditional configuration
    = note: this warning originates in the macro `sel_impl` which comes from the expansion of the macro `msg_send` (in Nightly builds, run with -Z macro-backtrace for more info)

warning: unexpected `cfg` condition value: `cargo-clippy`
   --> vendor/wgpu-hal/src/metal/layer_observer.rs:183:32
    |
183 |             unsafe { msg_send![class!(NSString), stringWithUTF8String: CONTENTS_SCALE.as_ptr()] };
    |                                ^^^^^^^^^^^^^^^^
    |
    = note: expected values for `feature` are: `device_lost_panic`, `dx12`, `fragile-send-sync-non-atomic-wasm`, `gles`, `gpu-allocator`, `internal_error_panic`, `metal`, `oom_panic`, `renderdoc`, `static-dxc`, `vulkan`, and `windows`
    = note: using a cfg inside a macro will use the cfgs from the destination crate and not the ones from the defining crate
    = help: try referring to `class` crate for guidance on how handle this unexpected cfg
    = help: the macro `class` may come from an old version of the `objc` crate, try updating your dependency with `cargo update -p objc`
    = note: see <https://doc.rust-lang.org/nightly/rustc/check-cfg/cargo-specifics.html> for more information about checking conditional configuration
    = note: this warning originates in the macro `class` (in Nightly builds, run with -Z macro-backtrace for more info)

warning: unexpected `cfg` condition value: `cargo-clippy`
   --> vendor/wgpu-hal/src/metal/layer_observer.rs:184:30
    |
184 |         let _: () = unsafe { msg_send![root_layer, removeObserver: this forKeyPath: key_path] };
    |                              ^^^^^^^^^^^^^^^^^^^^^^^^^^^^^^^^^^^^^^^^^^^^^^^^^^^^^^^^^^^^^^^^
    |
    = note: expected values for `feature` are: `device_lost_panic`, `dx12`, `fragile-send-sync-non-atomic-wasm`, `gles`, `gpu-allocator`, `internal_error_panic`, `metal`, `oom_panic`, `renderdoc`, `static-dxc`, `vulkan`, and `windows`
    = note: using a cfg inside a macro will use the cfgs from the destination crate and not the ones from the defining crate
    = help: try referring to `sel_impl` crate for guidance on how handle this unexpected cfg
    = help: the macro `sel_impl` may come from an old version of the `objc` crate, try updating your dependency with `cargo update -p objc`
    = note: see <https://doc.rust-lang.org/nightly/rustc/check-cfg/cargo-specifics.html> for more information about checking conditional configuration
    = note: this warning originates in the macro `sel_impl` which comes from the expansion of the macro `msg_send` (in Nightly builds, run with -Z macro-backtrace for more info)

warning: unexpected `cfg` condition value: `cargo-clippy`
   --> vendor/wgpu-hal/src/metal/layer_observer.rs:187:22
    |
187 |             unsafe { msg_send![class!(NSString), stringWithUTF8String: BOUNDS.as_ptr()] };
    |                      ^^^^^^^^^^^^^^^^^^^^^^^^^^^^^^^^^^^^^^^^^^^^^^^^^^^^^^^^^^^^^^^^^^
    |
    = note: expected values for `feature` are: `device_lost_panic`, `dx12`, `fragile-send-sync-non-atomic-wasm`, `gles`, `gpu-allocator`, `internal_error_panic`, `metal`, `oom_panic`, `renderdoc`, `static-dxc`, `vulkan`, and `windows`
    = note: using a cfg inside a macro will use the cfgs from the destination crate and not the ones from the defining crate
    = help: try referring to `sel_impl` crate for guidance on how handle this unexpected cfg
    = help: the macro `sel_impl` may come from an old version of the `objc` crate, try updating your dependency with `cargo update -p objc`
    = note: see <https://doc.rust-lang.org/nightly/rustc/check-cfg/cargo-specifics.html> for more information about checking conditional configuration
    = note: this warning originates in the macro `sel_impl` which comes from the expansion of the macro `msg_send` (in Nightly builds, run with -Z macro-backtrace for more info)

warning: unexpected `cfg` condition value: `cargo-clippy`
   --> vendor/wgpu-hal/src/metal/layer_observer.rs:187:32
    |
187 |             unsafe { msg_send![class!(NSString), stringWithUTF8String: BOUNDS.as_ptr()] };
    |                                ^^^^^^^^^^^^^^^^
    |
    = note: expected values for `feature` are: `device_lost_panic`, `dx12`, `fragile-send-sync-non-atomic-wasm`, `gles`, `gpu-allocator`, `internal_error_panic`, `metal`, `oom_panic`, `renderdoc`, `static-dxc`, `vulkan`, and `windows`
    = note: using a cfg inside a macro will use the cfgs from the destination crate and not the ones from the defining crate
    = help: try referring to `class` crate for guidance on how handle this unexpected cfg
    = help: the macro `class` may come from an old version of the `objc` crate, try updating your dependency with `cargo update -p objc`
    = note: see <https://doc.rust-lang.org/nightly/rustc/check-cfg/cargo-specifics.html> for more information about checking conditional configuration
    = note: this warning originates in the macro `class` (in Nightly builds, run with -Z macro-backtrace for more info)

warning: unexpected `cfg` condition value: `cargo-clippy`
   --> vendor/wgpu-hal/src/metal/layer_observer.rs:188:30
    |
188 |         let _: () = unsafe { msg_send![root_layer, removeObserver: this forKeyPath: key_path] };
    |                              ^^^^^^^^^^^^^^^^^^^^^^^^^^^^^^^^^^^^^^^^^^^^^^^^^^^^^^^^^^^^^^^^
    |
    = note: expected values for `feature` are: `device_lost_panic`, `dx12`, `fragile-send-sync-non-atomic-wasm`, `gles`, `gpu-allocator`, `internal_error_panic`, `metal`, `oom_panic`, `renderdoc`, `static-dxc`, `vulkan`, and `windows`
    = note: using a cfg inside a macro will use the cfgs from the destination crate and not the ones from the defining crate
    = help: try referring to `sel_impl` crate for guidance on how handle this unexpected cfg
    = help: the macro `sel_impl` may come from an old version of the `objc` crate, try updating your dependency with `cargo update -p objc`
    = note: see <https://doc.rust-lang.org/nightly/rustc/check-cfg/cargo-specifics.html> for more information about checking conditional configuration
    = note: this warning originates in the macro `sel_impl` which comes from the expansion of the macro `msg_send` (in Nightly builds, run with -Z macro-backtrace for more info)

warning: unexpected `cfg` condition value: `cargo-clippy`
   --> vendor/wgpu-hal/src/metal/layer_observer.rs:191:26
    |
191 |     let _: () = unsafe { msg_send![super(this, class!(CAMetalLayer)), dealloc] };
    |                          ^^^^^^^^^^^^^^^^^^^^^^^^^^^^^^^^^^^^^^^^^^^^^^^^^^^^^
    |
    = note: expected values for `feature` are: `device_lost_panic`, `dx12`, `fragile-send-sync-non-atomic-wasm`, `gles`, `gpu-allocator`, `internal_error_panic`, `metal`, `oom_panic`, `renderdoc`, `static-dxc`, `vulkan`, and `windows`
    = note: using a cfg inside a macro will use the cfgs from the destination crate and not the ones from the defining crate
    = help: try referring to `sel_impl` crate for guidance on how handle this unexpected cfg
    = help: the macro `sel_impl` may come from an old version of the `objc` crate, try updating your dependency with `cargo update -p objc`
    = note: see <https://doc.rust-lang.org/nightly/rustc/check-cfg/cargo-specifics.html> for more information about checking conditional configuration
    = note: this warning originates in the macro `sel_impl` which comes from the expansion of the macro `msg_send` (in Nightly builds, run with -Z macro-backtrace for more info)

warning: unexpected `cfg` condition value: `cargo-clippy`
   --> vendor/wgpu-hal/src/metal/layer_observer.rs:191:48
    |
191 |     let _: () = unsafe { msg_send![super(this, class!(CAMetalLayer)), dealloc] };
    |                                                ^^^^^^^^^^^^^^^^^^^^
    |
    = note: expected values for `feature` are: `device_lost_panic`, `dx12`, `fragile-send-sync-non-atomic-wasm`, `gles`, `gpu-allocator`, `internal_error_panic`, `metal`, `oom_panic`, `renderdoc`, `static-dxc`, `vulkan`, and `windows`
    = note: using a cfg inside a macro will use the cfgs from the destination crate and not the ones from the defining crate
    = help: try referring to `class` crate for guidance on how handle this unexpected cfg
    = help: the macro `class` may come from an old version of the `objc` crate, try updating your dependency with `cargo update -p objc`
    = note: see <https://doc.rust-lang.org/nightly/rustc/check-cfg/cargo-specifics.html> for more information about checking conditional configuration
    = note: this warning originates in the macro `class` (in Nightly builds, run with -Z macro-backtrace for more info)

warning: unexpected `cfg` condition value: `cargo-clippy`
  --> vendor/wgpu-hal/src/metal/surface.rs:48:21
   |
48 |         let class = class!(CAMetalLayer);
   |                     ^^^^^^^^^^^^^^^^^^^^
   |
   = note: expected values for `feature` are: `device_lost_panic`, `dx12`, `fragile-send-sync-non-atomic-wasm`, `gles`, `gpu-allocator`, `internal_error_panic`, `metal`, `oom_panic`, `renderdoc`, `static-dxc`, `vulkan`, and `windows`
   = note: using a cfg inside a macro will use the cfgs from the destination crate and not the ones from the defining crate
   = help: try referring to `class` crate for guidance on how handle this unexpected cfg
   = help: the macro `class` may come from an old version of the `objc` crate, try updating your dependency with `cargo update -p objc`
   = note: see <https://doc.rust-lang.org/nightly/rustc/check-cfg/cargo-specifics.html> for more information about checking conditional configuration
   = note: this warning originates in the macro `class` (in Nightly builds, run with -Z macro-backtrace for more info)

warning: unexpected `cfg` condition value: `cargo-clippy`
  --> vendor/wgpu-hal/src/metal/surface.rs:49:33
   |
49 |         let proper_kind: BOOL = msg_send![layer, isKindOfClass: class];
   |                                 ^^^^^^^^^^^^^^^^^^^^^^^^^^^^^^^^^^^^^^
   |
   = note: expected values for `feature` are: `device_lost_panic`, `dx12`, `fragile-send-sync-non-atomic-wasm`, `gles`, `gpu-allocator`, `internal_error_panic`, `metal`, `oom_panic`, `renderdoc`, `static-dxc`, `vulkan`, and `windows`
   = note: using a cfg inside a macro will use the cfgs from the destination crate and not the ones from the defining crate
   = help: try referring to `sel_impl` crate for guidance on how handle this unexpected cfg
   = help: the macro `sel_impl` may come from an old version of the `objc` crate, try updating your dependency with `cargo update -p objc`
   = note: see <https://doc.rust-lang.org/nightly/rustc/check-cfg/cargo-specifics.html> for more information about checking conditional configuration
   = note: this warning originates in the macro `sel_impl` which comes from the expansion of the macro `msg_send` (in Nightly builds, run with -Z macro-backtrace for more info)

warning: unexpected `cfg` condition value: `cargo-clippy`
  --> vendor/wgpu-hal/src/metal/surface.rs:65:36
   |
65 |         let is_main_thread: BOOL = msg_send![class!(NSThread), isMainThread];
   |                                    ^^^^^^^^^^^^^^^^^^^^^^^^^^^^^^^^^^^^^^^^^
   |
   = note: expected values for `feature` are: `device_lost_panic`, `dx12`, `fragile-send-sync-non-atomic-wasm`, `gles`, `gpu-allocator`, `internal_error_panic`, `metal`, `oom_panic`, `renderdoc`, `static-dxc`, `vulkan`, and `windows`
   = note: using a cfg inside a macro will use the cfgs from the destination crate and not the ones from the defining crate
   = help: try referring to `sel_impl` crate for guidance on how handle this unexpected cfg
   = help: the macro `sel_impl` may come from an old version of the `objc` crate, try updating your dependency with `cargo update -p objc`
   = note: see <https://doc.rust-lang.org/nightly/rustc/check-cfg/cargo-specifics.html> for more information about checking conditional configuration
   = note: this warning originates in the macro `sel_impl` which comes from the expansion of the macro `msg_send` (in Nightly builds, run with -Z macro-backtrace for more info)

warning: unexpected `cfg` condition value: `cargo-clippy`
  --> vendor/wgpu-hal/src/metal/surface.rs:65:46
   |
65 |         let is_main_thread: BOOL = msg_send![class!(NSThread), isMainThread];
   |                                              ^^^^^^^^^^^^^^^^
   |
   = note: expected values for `feature` are: `device_lost_panic`, `dx12`, `fragile-send-sync-non-atomic-wasm`, `gles`, `gpu-allocator`, `internal_error_panic`, `metal`, `oom_panic`, `renderdoc`, `static-dxc`, `vulkan`, and `windows`
   = note: using a cfg inside a macro will use the cfgs from the destination crate and not the ones from the defining crate
   = help: try referring to `class` crate for guidance on how handle this unexpected cfg
   = help: the macro `class` may come from an old version of the `objc` crate, try updating your dependency with `cargo update -p objc`
   = note: see <https://doc.rust-lang.org/nightly/rustc/check-cfg/cargo-specifics.html> for more information about checking conditional configuration
   = note: this warning originates in the macro `class` (in Nightly builds, run with -Z macro-backtrace for more info)

warning: unexpected `cfg` condition value: `cargo-clippy`
  --> vendor/wgpu-hal/src/metal/surface.rs:73:18
   |
73 |         let () = msg_send![view.as_ptr(), setWantsLayer: YES];
   |                  ^^^^^^^^^^^^^^^^^^^^^^^^^^^^^^^^^^^^^^^^^^^^
   |
   = note: expected values for `feature` are: `device_lost_panic`, `dx12`, `fragile-send-sync-non-atomic-wasm`, `gles`, `gpu-allocator`, `internal_error_panic`, `metal`, `oom_panic`, `renderdoc`, `static-dxc`, `vulkan`, and `windows`
   = note: using a cfg inside a macro will use the cfgs from the destination crate and not the ones from the defining crate
   = help: try referring to `sel_impl` crate for guidance on how handle this unexpected cfg
   = help: the macro `sel_impl` may come from an old version of the `objc` crate, try updating your dependency with `cargo update -p objc`
   = note: see <https://doc.rust-lang.org/nightly/rustc/check-cfg/cargo-specifics.html> for more information about checking conditional configuration
   = note: this warning originates in the macro `sel_impl` which comes from the expansion of the macro `msg_send` (in Nightly builds, run with -Z macro-backtrace for more info)

warning: unexpected `cfg` condition value: `cargo-clippy`
  --> vendor/wgpu-hal/src/metal/surface.rs:75:39
   |
75 |         let root_layer: *mut Object = msg_send![view.as_ptr(), layer];
   |                                       ^^^^^^^^^^^^^^^^^^^^^^^^^^^^^^^
   |
   = note: expected values for `feature` are: `device_lost_panic`, `dx12`, `fragile-send-sync-non-atomic-wasm`, `gles`, `gpu-allocator`, `internal_error_panic`, `metal`, `oom_panic`, `renderdoc`, `static-dxc`, `vulkan`, and `windows`
   = note: using a cfg inside a macro will use the cfgs from the destination crate and not the ones from the defining crate
   = help: try referring to `sel_impl` crate for guidance on how handle this unexpected cfg
   = help: the macro `sel_impl` may come from an old version of the `objc` crate, try updating your dependency with `cargo update -p objc`
   = note: see <https://doc.rust-lang.org/nightly/rustc/check-cfg/cargo-specifics.html> for more information about checking conditional configuration
   = note: this warning originates in the macro `sel_impl` which comes from the expansion of the macro `msg_send` (in Nightly builds, run with -Z macro-backtrace for more info)

warning: unexpected `cfg` condition value: `cargo-clippy`
  --> vendor/wgpu-hal/src/metal/surface.rs:88:36
   |
88 |         let is_metal_layer: BOOL = msg_send![root_layer, isKindOfClass: class!(CAMetalLayer)];
   |                                    ^^^^^^^^^^^^^^^^^^^^^^^^^^^^^^^^^^^^^^^^^^^^^^^^^^^^^^^^^^
   |
   = note: expected values for `feature` are: `device_lost_panic`, `dx12`, `fragile-send-sync-non-atomic-wasm`, `gles`, `gpu-allocator`, `internal_error_panic`, `metal`, `oom_panic`, `renderdoc`, `static-dxc`, `vulkan`, and `windows`
   = note: using a cfg inside a macro will use the cfgs from the destination crate and not the ones from the defining crate
   = help: try referring to `sel_impl` crate for guidance on how handle this unexpected cfg
   = help: the macro `sel_impl` may come from an old version of the `objc` crate, try updating your dependency with `cargo update -p objc`
   = note: see <https://doc.rust-lang.org/nightly/rustc/check-cfg/cargo-specifics.html> for more information about checking conditional configuration
   = note: this warning originates in the macro `sel_impl` which comes from the expansion of the macro `msg_send` (in Nightly builds, run with -Z macro-backtrace for more info)

warning: unexpected `cfg` condition value: `cargo-clippy`
  --> vendor/wgpu-hal/src/metal/surface.rs:88:73
   |
88 |         let is_metal_layer: BOOL = msg_send![root_layer, isKindOfClass: class!(CAMetalLayer)];
   |                                                                         ^^^^^^^^^^^^^^^^^^^^
   |
   = note: expected values for `feature` are: `device_lost_panic`, `dx12`, `fragile-send-sync-non-atomic-wasm`, `gles`, `gpu-allocator`, `internal_error_panic`, `metal`, `oom_panic`, `renderdoc`, `static-dxc`, `vulkan`, and `windows`
   = note: using a cfg inside a macro will use the cfgs from the destination crate and not the ones from the defining crate
   = help: try referring to `class` crate for guidance on how handle this unexpected cfg
   = help: the macro `class` may come from an old version of the `objc` crate, try updating your dependency with `cargo update -p objc`
   = note: see <https://doc.rust-lang.org/nightly/rustc/check-cfg/cargo-specifics.html> for more information about checking conditional configuration
   = note: this warning originates in the macro `class` (in Nightly builds, run with -Z macro-backtrace for more info)

warning: unexpected `cfg` condition value: `cargo-clippy`
   --> vendor/wgpu-hal/src/metal/surface.rs:115:34
    |
115 |             let bounds: CGRect = msg_send![render_layer, bounds];
    |                                  ^^^^^^^^^^^^^^^^^^^^^^^^^^^^^^^
    |
    = note: expected values for `feature` are: `device_lost_panic`, `dx12`, `fragile-send-sync-non-atomic-wasm`, `gles`, `gpu-allocator`, `internal_error_panic`, `metal`, `oom_panic`, `renderdoc`, `static-dxc`, `vulkan`, and `windows`
    = note: using a cfg inside a macro will use the cfgs from the destination crate and not the ones from the defining crate
    = help: try referring to `sel_impl` crate for guidance on how handle this unexpected cfg
    = help: the macro `sel_impl` may come from an old version of the `objc` crate, try updating your dependency with `cargo update -p objc`
    = note: see <https://doc.rust-lang.org/nightly/rustc/check-cfg/cargo-specifics.html> for more information about checking conditional configuration
    = note: this warning originates in the macro `sel_impl` which comes from the expansion of the macro `msg_send` (in Nightly builds, run with -Z macro-backtrace for more info)

warning: unexpected `cfg` condition value: `cargo-clippy`
   --> vendor/wgpu-hal/src/metal/surface.rs:116:43
    |
116 |             let contents_scale: CGFloat = msg_send![render_layer, contentsScale];
    |                                           ^^^^^^^^^^^^^^^^^^^^^^^^^^^^^^^^^^^^^^
    |
    = note: expected values for `feature` are: `device_lost_panic`, `dx12`, `fragile-send-sync-non-atomic-wasm`, `gles`, `gpu-allocator`, `internal_error_panic`, `metal`, `oom_panic`, `renderdoc`, `static-dxc`, `vulkan`, and `windows`
    = note: using a cfg inside a macro will use the cfgs from the destination crate and not the ones from the defining crate
    = help: try referring to `sel_impl` crate for guidance on how handle this unexpected cfg
    = help: the macro `sel_impl` may come from an old version of the `objc` crate, try updating your dependency with `cargo update -p objc`
    = note: see <https://doc.rust-lang.org/nightly/rustc/check-cfg/cargo-specifics.html> for more information about checking conditional configuration
    = note: this warning originates in the macro `sel_impl` which comes from the expansion of the macro `msg_send` (in Nightly builds, run with -Z macro-backtrace for more info)

warning: unexpected `cfg` condition value: `cargo-clippy`
   --> vendor/wgpu-hal/src/metal/surface.rs:173:22
    |
173 |             let () = msg_send![*render_layer, setAllowsNextDrawableTimeout:false];
    |                      ^^^^^^^^^^^^^^^^^^^^^^^^^^^^^^^^^^^^^^^^^^^^^^^^^^^^^^^^^^^^
    |
    = note: expected values for `feature` are: `device_lost_panic`, `dx12`, `fragile-send-sync-non-atomic-wasm`, `gles`, `gpu-allocator`, `internal_error_panic`, `metal`, `oom_panic`, `renderdoc`, `static-dxc`, `vulkan`, and `windows`
    = note: using a cfg inside a macro will use the cfgs from the destination crate and not the ones from the defining crate
    = help: try referring to `sel_impl` crate for guidance on how handle this unexpected cfg
    = help: the macro `sel_impl` may come from an old version of the `objc` crate, try updating your dependency with `cargo update -p objc`
    = note: see <https://doc.rust-lang.org/nightly/rustc/check-cfg/cargo-specifics.html> for more information about checking conditional configuration
    = note: this warning originates in the macro `sel_impl` which comes from the expansion of the macro `msg_send` (in Nightly builds, run with -Z macro-backtrace for more info)

warning: unexpected `cfg` condition value: `cargo-clippy`
   --> vendor/wgpu-hal/src/metal/surface.rs:176:22
    |
176 |             let () = msg_send![*render_layer, setDisplaySyncEnabled: display_sync];
    |                      ^^^^^^^^^^^^^^^^^^^^^^^^^^^^^^^^^^^^^^^^^^^^^^^^^^^^^^^^^^^^^
    |
    = note: expected values for `feature` are: `device_lost_panic`, `dx12`, `fragile-send-sync-non-atomic-wasm`, `gles`, `gpu-allocator`, `internal_error_panic`, `metal`, `oom_panic`, `renderdoc`, `static-dxc`, `vulkan`, and `windows`
    = note: using a cfg inside a macro will use the cfgs from the destination crate and not the ones from the defining crate
    = help: try referring to `sel_impl` crate for guidance on how handle this unexpected cfg
    = help: the macro `sel_impl` may come from an old version of the `objc` crate, try updating your dependency with `cargo update -p objc`
    = note: see <https://doc.rust-lang.org/nightly/rustc/check-cfg/cargo-specifics.html> for more information about checking conditional configuration
    = note: this warning originates in the macro `sel_impl` which comes from the expansion of the macro `msg_send` (in Nightly builds, run with -Z macro-backtrace for more info)

warning: `wgpu-hal` (lib) generated 50 warnings
warning: unused variable: `super_key`
   --> src/native_terminal/input.rs:366:13
    |
366 |         let super_key = KeyModifiers {
    |             ^^^^^^^^^ help: if this is intentional, prefix it with an underscore: `_super_key`
    |
    = note: `#[warn(unused_variables)]` (part of `#[warn(unused)]`) on by default

warning: variable does not need to be mutable
   --> src/native_terminal/renderer/font_manager.rs:155:13
    |
155 |         let mut buffer = vec![0u8; total_pixels];
    |             ----^^^^^^
    |             |
    |             help: remove this `mut`
    |
    = note: `#[warn(unused_mut)]` (part of `#[warn(unused)]`) on by default

warning: field `app` is never read
  --> src/ipc/notifications.rs:28:5
   |
27 | pub struct TauriNotificationBackend<R: Runtime> {
   |            ------------------------ field in this struct
28 |     app: AppHandle<R>,
   |     ^^^
   |
   = note: `#[warn(dead_code)]` (part of `#[warn(unused)]`) on by default

warning: method `wait_and_reap` is never used
   --> src/terminal/session.rs:270:19
    |
 61 | impl PtySession {
    | --------------- method in this implementation
...
270 |     pub(crate) fn wait_and_reap(&self) -> Result<Option<i32>, PtyError> {
    |                   ^^^^^^^^^^^^^

warning: struct `WriterLeaseGuard` is never constructed
  --> src/worktree/manager.rs:57:19
   |
57 | pub(crate) struct WriterLeaseGuard {
   |                   ^^^^^^^^^^^^^^^^

warning: associated items `new`, `canonical_path`, and `owner_id` are never used
  --> src/worktree/manager.rs:64:8
   |
63 | impl WriterLeaseGuard {
   | --------------------- associated items in this implementation
64 |     fn new(registry: WriterLeaseRegistry, canonical_path: PathBuf, owner_id: String) -> Self {
   |        ^^^
...
72 |     pub(crate) fn canonical_path(&self) -> &Path {
   |                   ^^^^^^^^^^^^^^
...
76 |     pub(crate) fn owner_id(&self) -> &str {
   |                   ^^^^^^^^

warning: method `acquire_writer_lease` is never used
   --> src/worktree/manager.rs:309:19
    |
105 | impl WorktreeManager {
    | -------------------- method in this implementation
...
309 |     pub(crate) fn acquire_writer_lease(
    |                   ^^^^^^^^^^^^^^^^^^^^

warning: `ferryx` (lib test) generated 7 warnings (run `cargo fix --lib -p ferryx --tests` to apply 2 suggestions)
    Finished `test` profile [unoptimized + debuginfo] target(s) in 0.25s
     Running unittests src/lib.rs (src-tauri/target/debug/deps/ferryx_lib-f277dedbac8184e5)

running 22 tests
test terminal::shell::tests::test_agent_resume_validation_rejects_unsupported_agent ... ok
test terminal::shell::tests::test_agent_resume_validation_rejects_control_characters ... ok
test terminal::shell::tests::test_agent_resume_validation_rejects_latest ... ok
test terminal::shell::tests::test_agent_resume_validation_rejects_wrong_key ... ok
test terminal::shell::tests::test_agent_resume_validation_rejects_leading_dash ... ok
test terminal::shell::tests::test_agent_resume_validation_rejects_empty_or_too_long ... ok
test terminal::shell::tests::test_agent_resume_validation_rejects_missing_transcript_for_pi_and_prime ... ok
test terminal::shell::tests::test_custom_shell_keeps_no_login_flag ... ok
test terminal::shell::tests::test_custom_path_passthrough ... ok
test terminal::shell::tests::test_agent_resume_validates_bounded_absolute_transcript_paths ... ok
test terminal::shell::tests::test_linux_default ... ok
test terminal::shell::tests::test_macos_default_with_shell_env ... ok
test terminal::shell::tests::test_macos_default_without_shell_env ... ok
test terminal::shell::tests::test_empty_and_whitespace_preference_treated_as_default ... ok
test terminal::shell::tests::test_resolve_agent_resume_omo_never_uses_session_id_flag ... ok
test terminal::shell::tests::test_resolve_agent_resume_all_supported_mappings ... ok
test terminal::shell::tests::test_resolve_startup_command_pure_fallback_to_shell ... ok
test terminal::shell::tests::test_windows_default_pwsh_absent ... ok
test terminal::shell::tests::test_windows_default_pwsh_present ... ok
test terminal::shell::tests::test_windows_explicit_choices ... ok
test terminal::shell::tests::test_resolve_startup_command_omo_resolves_executable_path ... ok
test terminal::shell::tests::test_qa_happy_claude_resume_creates_command_builder_without_executing ... ok

test result: ok. 22 passed; 0 failed; 0 ignored; 0 measured; 607 filtered out; finished in 0.65s

EXIT: 0

COMMAND: cargo test --manifest-path src-tauri/Cargo.toml --lib daemon::protocol
warning: unexpected `cfg` condition value: `cargo-clippy`
   --> vendor/wgpu-hal/src/metal/adapter.rs:540:17
    |
540 |                 msg_send![class!(NSProcessInfo), processInfo];
    |                 ^^^^^^^^^^^^^^^^^^^^^^^^^^^^^^^^^^^^^^^^^^^^^
    |
    = note: expected values for `feature` are: `device_lost_panic`, `dx12`, `fragile-send-sync-non-atomic-wasm`, `gles`, `gpu-allocator`, `internal_error_panic`, `metal`, `oom_panic`, `renderdoc`, `static-dxc`, `vulkan`, and `windows`
    = note: using a cfg inside a macro will use the cfgs from the destination crate and not the ones from the defining crate
    = help: try referring to `sel_impl` crate for guidance on how handle this unexpected cfg
    = help: the macro `sel_impl` may come from an old version of the `objc` crate, try updating your dependency with `cargo update -p objc`
    = note: see <https://doc.rust-lang.org/nightly/rustc/check-cfg/cargo-specifics.html> for more information about checking conditional configuration
    = note: requested on the command line with `-W unexpected-cfgs`
    = note: this warning originates in the macro `sel_impl` which comes from the expansion of the macro `msg_send` (in Nightly builds, run with -Z macro-backtrace for more info)

warning: unexpected `cfg` condition value: `cargo-clippy`
   --> vendor/wgpu-hal/src/metal/adapter.rs:540:27
    |
540 |                 msg_send![class!(NSProcessInfo), processInfo];
    |                           ^^^^^^^^^^^^^^^^^^^^^
    |
    = note: expected values for `feature` are: `device_lost_panic`, `dx12`, `fragile-send-sync-non-atomic-wasm`, `gles`, `gpu-allocator`, `internal_error_panic`, `metal`, `oom_panic`, `renderdoc`, `static-dxc`, `vulkan`, and `windows`
    = note: using a cfg inside a macro will use the cfgs from the destination crate and not the ones from the defining crate
    = help: try referring to `class` crate for guidance on how handle this unexpected cfg
    = help: the macro `class` may come from an old version of the `objc` crate, try updating your dependency with `cargo update -p objc`
    = note: see <https://doc.rust-lang.org/nightly/rustc/check-cfg/cargo-specifics.html> for more information about checking conditional configuration
    = note: this warning originates in the macro `class` (in Nightly builds, run with -Z macro-backtrace for more info)

warning: unexpected `cfg` condition value: `cargo-clippy`
   --> vendor/wgpu-hal/src/metal/adapter.rs:541:13
    |
541 |             msg_send![process_info, operatingSystemVersion]
    |             ^^^^^^^^^^^^^^^^^^^^^^^^^^^^^^^^^^^^^^^^^^^^^^^
    |
    = note: expected values for `feature` are: `device_lost_panic`, `dx12`, `fragile-send-sync-non-atomic-wasm`, `gles`, `gpu-allocator`, `internal_error_panic`, `metal`, `oom_panic`, `renderdoc`, `static-dxc`, `vulkan`, and `windows`
    = note: using a cfg inside a macro will use the cfgs from the destination crate and not the ones from the defining crate
    = help: try referring to `sel_impl` crate for guidance on how handle this unexpected cfg
    = help: the macro `sel_impl` may come from an old version of the `objc` crate, try updating your dependency with `cargo update -p objc`
    = note: see <https://doc.rust-lang.org/nightly/rustc/check-cfg/cargo-specifics.html> for more information about checking conditional configuration
    = note: this warning originates in the macro `sel_impl` which comes from the expansion of the macro `msg_send` (in Nightly builds, run with -Z macro-backtrace for more info)

warning: unexpected `cfg` condition value: `cargo-clippy`
   --> vendor/wgpu-hal/src/metal/adapter.rs:732:30
    |
732 |                     unsafe { msg_send![device.as_ref(), maxBufferLength] };
    |                              ^^^^^^^^^^^^^^^^^^^^^^^^^^^^^^^^^^^^^^^^^^^
    |
    = note: expected values for `feature` are: `device_lost_panic`, `dx12`, `fragile-send-sync-non-atomic-wasm`, `gles`, `gpu-allocator`, `internal_error_panic`, `metal`, `oom_panic`, `renderdoc`, `static-dxc`, `vulkan`, and `windows`
    = note: using a cfg inside a macro will use the cfgs from the destination crate and not the ones from the defining crate
    = help: try referring to `sel_impl` crate for guidance on how handle this unexpected cfg
    = help: the macro `sel_impl` may come from an old version of the `objc` crate, try updating your dependency with `cargo update -p objc`
    = note: see <https://doc.rust-lang.org/nightly/rustc/check-cfg/cargo-specifics.html> for more information about checking conditional configuration
    = note: this warning originates in the macro `sel_impl` which comes from the expansion of the macro `msg_send` (in Nightly builds, run with -Z macro-backtrace for more info)

warning: unexpected `cfg` condition value: `cargo-clippy`
  --> vendor/wgpu-hal/src/metal/layer_observer.rs:33:38
   |
33 |     let this: *mut Object = unsafe { msg_send![class(), new] };
   |                                      ^^^^^^^^^^^^^^^^^^^^^^^
   |
   = note: expected values for `feature` are: `device_lost_panic`, `dx12`, `fragile-send-sync-non-atomic-wasm`, `gles`, `gpu-allocator`, `internal_error_panic`, `metal`, `oom_panic`, `renderdoc`, `static-dxc`, `vulkan`, and `windows`
   = note: using a cfg inside a macro will use the cfgs from the destination crate and not the ones from the defining crate
   = help: try referring to `sel_impl` crate for guidance on how handle this unexpected cfg
   = help: the macro `sel_impl` may come from an old version of the `objc` crate, try updating your dependency with `cargo update -p objc`
   = note: see <https://doc.rust-lang.org/nightly/rustc/check-cfg/cargo-specifics.html> for more information about checking conditional configuration
   = note: this warning originates in the macro `sel_impl` which comes from the expansion of the macro `msg_send` (in Nightly builds, run with -Z macro-backtrace for more info)

warning: unexpected `cfg` condition value: `cargo-clippy`
  --> vendor/wgpu-hal/src/metal/layer_observer.rs:36:26
   |
36 |     let _: () = unsafe { msg_send![root_layer, addSublayer: this] };
   |                          ^^^^^^^^^^^^^^^^^^^^^^^^^^^^^^^^^^^^^^^^
   |
   = note: expected values for `feature` are: `device_lost_panic`, `dx12`, `fragile-send-sync-non-atomic-wasm`, `gles`, `gpu-allocator`, `internal_error_panic`, `metal`, `oom_panic`, `renderdoc`, `static-dxc`, `vulkan`, and `windows`
   = note: using a cfg inside a macro will use the cfgs from the destination crate and not the ones from the defining crate
   = help: try referring to `sel_impl` crate for guidance on how handle this unexpected cfg
   = help: the macro `sel_impl` may come from an old version of the `objc` crate, try updating your dependency with `cargo update -p objc`
   = note: see <https://doc.rust-lang.org/nightly/rustc/check-cfg/cargo-specifics.html> for more information about checking conditional configuration
   = note: this warning originates in the macro `sel_impl` which comes from the expansion of the macro `msg_send` (in Nightly builds, run with -Z macro-backtrace for more info)

warning: unexpected `cfg` condition value: `cargo-clippy`
  --> vendor/wgpu-hal/src/metal/layer_observer.rs:40:18
   |
40 |         unsafe { msg_send![class!(NSString), stringWithUTF8String: CONTENTS_SCALE.as_ptr()] };
   |                  ^^^^^^^^^^^^^^^^^^^^^^^^^^^^^^^^^^^^^^^^^^^^^^^^^^^^^^^^^^^^^^^^^^^^^^^^^^
   |
   = note: expected values for `feature` are: `device_lost_panic`, `dx12`, `fragile-send-sync-non-atomic-wasm`, `gles`, `gpu-allocator`, `internal_error_panic`, `metal`, `oom_panic`, `renderdoc`, `static-dxc`, `vulkan`, and `windows`
   = note: using a cfg inside a macro will use the cfgs from the destination crate and not the ones from the defining crate
   = help: try referring to `sel_impl` crate for guidance on how handle this unexpected cfg
   = help: the macro `sel_impl` may come from an old version of the `objc` crate, try updating your dependency with `cargo update -p objc`
   = note: see <https://doc.rust-lang.org/nightly/rustc/check-cfg/cargo-specifics.html> for more information about checking conditional configuration
   = note: this warning originates in the macro `sel_impl` which comes from the expansion of the macro `msg_send` (in Nightly builds, run with -Z macro-backtrace for more info)

warning: unexpected `cfg` condition value: `cargo-clippy`
  --> vendor/wgpu-hal/src/metal/layer_observer.rs:40:28
   |
40 |         unsafe { msg_send![class!(NSString), stringWithUTF8String: CONTENTS_SCALE.as_ptr()] };
   |                            ^^^^^^^^^^^^^^^^
   |
   = note: expected values for `feature` are: `device_lost_panic`, `dx12`, `fragile-send-sync-non-atomic-wasm`, `gles`, `gpu-allocator`, `internal_error_panic`, `metal`, `oom_panic`, `renderdoc`, `static-dxc`, `vulkan`, and `windows`
   = note: using a cfg inside a macro will use the cfgs from the destination crate and not the ones from the defining crate
   = help: try referring to `class` crate for guidance on how handle this unexpected cfg
   = help: the macro `class` may come from an old version of the `objc` crate, try updating your dependency with `cargo update -p objc`
   = note: see <https://doc.rust-lang.org/nightly/rustc/check-cfg/cargo-specifics.html> for more information about checking conditional configuration
   = note: this warning originates in the macro `class` (in Nightly builds, run with -Z macro-backtrace for more info)

warning: unexpected `cfg` condition value: `cargo-clippy`
  --> vendor/wgpu-hal/src/metal/layer_observer.rs:42:9
   |
42 | /         msg_send![
43 | |             root_layer,
44 | |             addObserver: this
45 | |             forKeyPath: key_path
46 | |             options: NSKeyValueObservingOptionNew | NSKeyValueObservingOptionInitial
47 | |             context: context_ptr()
48 | |         ]
   | |_________^
   |
   = note: expected values for `feature` are: `device_lost_panic`, `dx12`, `fragile-send-sync-non-atomic-wasm`, `gles`, `gpu-allocator`, `internal_error_panic`, `metal`, `oom_panic`, `renderdoc`, `static-dxc`, `vulkan`, and `windows`
   = note: using a cfg inside a macro will use the cfgs from the destination crate and not the ones from the defining crate
   = help: try referring to `sel_impl` crate for guidance on how handle this unexpected cfg
   = help: the macro `sel_impl` may come from an old version of the `objc` crate, try updating your dependency with `cargo update -p objc`
   = note: see <https://doc.rust-lang.org/nightly/rustc/check-cfg/cargo-specifics.html> for more information about checking conditional configuration
   = note: this warning originates in the macro `sel_impl` which comes from the expansion of the macro `msg_send` (in Nightly builds, run with -Z macro-backtrace for more info)

warning: unexpected `cfg` condition value: `cargo-clippy`
  --> vendor/wgpu-hal/src/metal/layer_observer.rs:52:18
   |
52 |         unsafe { msg_send![class!(NSString), stringWithUTF8String: BOUNDS.as_ptr()] };
   |                  ^^^^^^^^^^^^^^^^^^^^^^^^^^^^^^^^^^^^^^^^^^^^^^^^^^^^^^^^^^^^^^^^^^
   |
   = note: expected values for `feature` are: `device_lost_panic`, `dx12`, `fragile-send-sync-non-atomic-wasm`, `gles`, `gpu-allocator`, `internal_error_panic`, `metal`, `oom_panic`, `renderdoc`, `static-dxc`, `vulkan`, and `windows`
   = note: using a cfg inside a macro will use the cfgs from the destination crate and not the ones from the defining crate
   = help: try referring to `sel_impl` crate for guidance on how handle this unexpected cfg
   = help: the macro `sel_impl` may come from an old version of the `objc` crate, try updating your dependency with `cargo update -p objc`
   = note: see <https://doc.rust-lang.org/nightly/rustc/check-cfg/cargo-specifics.html> for more information about checking conditional configuration
   = note: this warning originates in the macro `sel_impl` which comes from the expansion of the macro `msg_send` (in Nightly builds, run with -Z macro-backtrace for more info)

warning: unexpected `cfg` condition value: `cargo-clippy`
  --> vendor/wgpu-hal/src/metal/layer_observer.rs:52:28
   |
52 |         unsafe { msg_send![class!(NSString), stringWithUTF8String: BOUNDS.as_ptr()] };
   |                            ^^^^^^^^^^^^^^^^
   |
   = note: expected values for `feature` are: `device_lost_panic`, `dx12`, `fragile-send-sync-non-atomic-wasm`, `gles`, `gpu-allocator`, `internal_error_panic`, `metal`, `oom_panic`, `renderdoc`, `static-dxc`, `vulkan`, and `windows`
   = note: using a cfg inside a macro will use the cfgs from the destination crate and not the ones from the defining crate
   = help: try referring to `class` crate for guidance on how handle this unexpected cfg
   = help: the macro `class` may come from an old version of the `objc` crate, try updating your dependency with `cargo update -p objc`
   = note: see <https://doc.rust-lang.org/nightly/rustc/check-cfg/cargo-specifics.html> for more information about checking conditional configuration
   = note: this warning originates in the macro `class` (in Nightly builds, run with -Z macro-backtrace for more info)

warning: unexpected `cfg` condition value: `cargo-clippy`
  --> vendor/wgpu-hal/src/metal/layer_observer.rs:54:9
   |
54 | /         msg_send![
55 | |             root_layer,
56 | |             addObserver: this
57 | |             forKeyPath: key_path
58 | |             options: NSKeyValueObservingOptionNew | NSKeyValueObservingOptionInitial
59 | |             context: context_ptr()
60 | |         ]
   | |_________^
   |
   = note: expected values for `feature` are: `device_lost_panic`, `dx12`, `fragile-send-sync-non-atomic-wasm`, `gles`, `gpu-allocator`, `internal_error_panic`, `metal`, `oom_panic`, `renderdoc`, `static-dxc`, `vulkan`, and `windows`
   = note: using a cfg inside a macro will use the cfgs from the destination crate and not the ones from the defining crate
   = help: try referring to `sel_impl` crate for guidance on how handle this unexpected cfg
   = help: the macro `sel_impl` may come from an old version of the `objc` crate, try updating your dependency with `cargo update -p objc`
   = note: see <https://doc.rust-lang.org/nightly/rustc/check-cfg/cargo-specifics.html> for more information about checking conditional configuration
   = note: this warning originates in the macro `sel_impl` which comes from the expansion of the macro `msg_send` (in Nightly builds, run with -Z macro-backtrace for more info)

warning: unexpected `cfg` condition value: `cargo-clippy`
  --> vendor/wgpu-hal/src/metal/layer_observer.rs:77:26
   |
77 |         let superclass = class!(CAMetalLayer);
   |                          ^^^^^^^^^^^^^^^^^^^^
   |
   = note: expected values for `feature` are: `device_lost_panic`, `dx12`, `fragile-send-sync-non-atomic-wasm`, `gles`, `gpu-allocator`, `internal_error_panic`, `metal`, `oom_panic`, `renderdoc`, `static-dxc`, `vulkan`, and `windows`
   = note: using a cfg inside a macro will use the cfgs from the destination crate and not the ones from the defining crate
   = help: try referring to `class` crate for guidance on how handle this unexpected cfg
   = help: the macro `class` may come from an old version of the `objc` crate, try updating your dependency with `cargo update -p objc`
   = note: see <https://doc.rust-lang.org/nightly/rustc/check-cfg/cargo-specifics.html> for more information about checking conditional configuration
   = note: this warning originates in the macro `class` (in Nightly builds, run with -Z macro-backtrace for more info)

warning: unexpected `cfg` condition value: `cargo-clippy`
  --> vendor/wgpu-hal/src/metal/layer_observer.rs:82:19
   |
82 |         let sel = sel!(observeValueForKeyPath:ofObject:change:context:);
   |                   ^^^^^^^^^^^^^^^^^^^^^^^^^^^^^^^^^^^^^^^^^^^^^^^^^^^^^
   |
   = note: expected values for `feature` are: `device_lost_panic`, `dx12`, `fragile-send-sync-non-atomic-wasm`, `gles`, `gpu-allocator`, `internal_error_panic`, `metal`, `oom_panic`, `renderdoc`, `static-dxc`, `vulkan`, and `windows`
   = note: using a cfg inside a macro will use the cfgs from the destination crate and not the ones from the defining crate
   = help: try referring to `sel_impl` crate for guidance on how handle this unexpected cfg
   = help: the macro `sel_impl` may come from an old version of the `objc` crate, try updating your dependency with `cargo update -p objc`
   = note: see <https://doc.rust-lang.org/nightly/rustc/check-cfg/cargo-specifics.html> for more information about checking conditional configuration
   = note: this warning originates in the macro `sel_impl` which comes from the expansion of the macro `sel` (in Nightly builds, run with -Z macro-backtrace for more info)

warning: unexpected `cfg` condition value: `cargo-clippy`
  --> vendor/wgpu-hal/src/metal/layer_observer.rs:93:19
   |
93 |         let sel = sel!(dealloc);
   |                   ^^^^^^^^^^^^^
   |
   = note: expected values for `feature` are: `device_lost_panic`, `dx12`, `fragile-send-sync-non-atomic-wasm`, `gles`, `gpu-allocator`, `internal_error_panic`, `metal`, `oom_panic`, `renderdoc`, `static-dxc`, `vulkan`, and `windows`
   = note: using a cfg inside a macro will use the cfgs from the destination crate and not the ones from the defining crate
   = help: try referring to `sel_impl` crate for guidance on how handle this unexpected cfg
   = help: the macro `sel_impl` may come from an old version of the `objc` crate, try updating your dependency with `cargo update -p objc`
   = note: see <https://doc.rust-lang.org/nightly/rustc/check-cfg/cargo-specifics.html> for more information about checking conditional configuration
   = note: this warning originates in the macro `sel_impl` which comes from the expansion of the macro `sel` (in Nightly builds, run with -Z macro-backtrace for more info)

warning: unexpected `cfg` condition value: `cargo-clippy`
   --> vendor/wgpu-hal/src/metal/layer_observer.rs:121:13
    |
121 | /             msg_send![
122 | |                 super(this, class!(CAMetalLayer)),
123 | |                 observeValueForKeyPath: key_path
124 | |                 ofObject: object
125 | |                 change: change
126 | |                 context: context
127 | |             ]
    | |_____________^
    |
    = note: expected values for `feature` are: `device_lost_panic`, `dx12`, `fragile-send-sync-non-atomic-wasm`, `gles`, `gpu-allocator`, `internal_error_panic`, `metal`, `oom_panic`, `renderdoc`, `static-dxc`, `vulkan`, and `windows`
    = note: using a cfg inside a macro will use the cfgs from the destination crate and not the ones from the defining crate
    = help: try referring to `sel_impl` crate for guidance on how handle this unexpected cfg
    = help: the macro `sel_impl` may come from an old version of the `objc` crate, try updating your dependency with `cargo update -p objc`
    = note: see <https://doc.rust-lang.org/nightly/rustc/check-cfg/cargo-specifics.html> for more information about checking conditional configuration
    = note: this warning originates in the macro `sel_impl` which comes from the expansion of the macro `msg_send` (in Nightly builds, run with -Z macro-backtrace for more info)

warning: unexpected `cfg` condition value: `cargo-clippy`
   --> vendor/wgpu-hal/src/metal/layer_observer.rs:122:29
    |
122 |                 super(this, class!(CAMetalLayer)),
    |                             ^^^^^^^^^^^^^^^^^^^^
    |
    = note: expected values for `feature` are: `device_lost_panic`, `dx12`, `fragile-send-sync-non-atomic-wasm`, `gles`, `gpu-allocator`, `internal_error_panic`, `metal`, `oom_panic`, `renderdoc`, `static-dxc`, `vulkan`, and `windows`
    = note: using a cfg inside a macro will use the cfgs from the destination crate and not the ones from the defining crate
    = help: try referring to `class` crate for guidance on how handle this unexpected cfg
    = help: the macro `class` may come from an old version of the `objc` crate, try updating your dependency with `cargo update -p objc`
    = note: see <https://doc.rust-lang.org/nightly/rustc/check-cfg/cargo-specifics.html> for more information about checking conditional configuration
    = note: this warning originates in the macro `class` (in Nightly builds, run with -Z macro-backtrace for more info)

warning: unexpected `cfg` condition value: `cargo-clippy`
   --> vendor/wgpu-hal/src/metal/layer_observer.rs:134:37
    |
134 |     let new: *mut Object = unsafe { msg_send![change, objectForKey: key] };
    |                                     ^^^^^^^^^^^^^^^^^^^^^^^^^^^^^^^^^^^^
    |
    = note: expected values for `feature` are: `device_lost_panic`, `dx12`, `fragile-send-sync-non-atomic-wasm`, `gles`, `gpu-allocator`, `internal_error_panic`, `metal`, `oom_panic`, `renderdoc`, `static-dxc`, `vulkan`, and `windows`
    = note: using a cfg inside a macro will use the cfgs from the destination crate and not the ones from the defining crate
    = help: try referring to `sel_impl` crate for guidance on how handle this unexpected cfg
    = help: the macro `sel_impl` may come from an old version of the `objc` crate, try updating your dependency with `cargo update -p objc`
    = note: see <https://doc.rust-lang.org/nightly/rustc/check-cfg/cargo-specifics.html> for more information about checking conditional configuration
    = note: this warning originates in the macro `sel_impl` which comes from the expansion of the macro `msg_send` (in Nightly builds, run with -Z macro-backtrace for more info)

warning: unexpected `cfg` condition value: `cargo-clippy`
   --> vendor/wgpu-hal/src/metal/layer_observer.rs:138:18
    |
138 |         unsafe { msg_send![class!(NSString), stringWithUTF8String: CONTENTS_SCALE.as_ptr()] };
    |                  ^^^^^^^^^^^^^^^^^^^^^^^^^^^^^^^^^^^^^^^^^^^^^^^^^^^^^^^^^^^^^^^^^^^^^^^^^^
    |
    = note: expected values for `feature` are: `device_lost_panic`, `dx12`, `fragile-send-sync-non-atomic-wasm`, `gles`, `gpu-allocator`, `internal_error_panic`, `metal`, `oom_panic`, `renderdoc`, `static-dxc`, `vulkan`, and `windows`
    = note: using a cfg inside a macro will use the cfgs from the destination crate and not the ones from the defining crate
    = help: try referring to `sel_impl` crate for guidance on how handle this unexpected cfg
    = help: the macro `sel_impl` may come from an old version of the `objc` crate, try updating your dependency with `cargo update -p objc`
    = note: see <https://doc.rust-lang.org/nightly/rustc/check-cfg/cargo-specifics.html> for more information about checking conditional configuration
    = note: this warning originates in the macro `sel_impl` which comes from the expansion of the macro `msg_send` (in Nightly builds, run with -Z macro-backtrace for more info)

warning: unexpected `cfg` condition value: `cargo-clippy`
   --> vendor/wgpu-hal/src/metal/layer_observer.rs:138:28
    |
138 |         unsafe { msg_send![class!(NSString), stringWithUTF8String: CONTENTS_SCALE.as_ptr()] };
    |                            ^^^^^^^^^^^^^^^^
    |
    = note: expected values for `feature` are: `device_lost_panic`, `dx12`, `fragile-send-sync-non-atomic-wasm`, `gles`, `gpu-allocator`, `internal_error_panic`, `metal`, `oom_panic`, `renderdoc`, `static-dxc`, `vulkan`, and `windows`
    = note: using a cfg inside a macro will use the cfgs from the destination crate and not the ones from the defining crate
    = help: try referring to `class` crate for guidance on how handle this unexpected cfg
    = help: the macro `class` may come from an old version of the `objc` crate, try updating your dependency with `cargo update -p objc`
    = note: see <https://doc.rust-lang.org/nightly/rustc/check-cfg/cargo-specifics.html> for more information about checking conditional configuration
    = note: this warning originates in the macro `class` (in Nightly builds, run with -Z macro-backtrace for more info)

warning: unexpected `cfg` condition value: `cargo-clippy`
   --> vendor/wgpu-hal/src/metal/layer_observer.rs:139:35
    |
139 |     let is_equal: BOOL = unsafe { msg_send![key_path, isEqual: to_compare] };
    |                                   ^^^^^^^^^^^^^^^^^^^^^^^^^^^^^^^^^^^^^^^^
    |
    = note: expected values for `feature` are: `device_lost_panic`, `dx12`, `fragile-send-sync-non-atomic-wasm`, `gles`, `gpu-allocator`, `internal_error_panic`, `metal`, `oom_panic`, `renderdoc`, `static-dxc`, `vulkan`, and `windows`
    = note: using a cfg inside a macro will use the cfgs from the destination crate and not the ones from the defining crate
    = help: try referring to `sel_impl` crate for guidance on how handle this unexpected cfg
    = help: the macro `sel_impl` may come from an old version of the `objc` crate, try updating your dependency with `cargo update -p objc`
    = note: see <https://doc.rust-lang.org/nightly/rustc/check-cfg/cargo-specifics.html> for more information about checking conditional configuration
    = note: this warning originates in the macro `sel_impl` which comes from the expansion of the macro `msg_send` (in Nightly builds, run with -Z macro-backtrace for more info)

warning: unexpected `cfg` condition value: `cargo-clippy`
   --> vendor/wgpu-hal/src/metal/layer_observer.rs:143:22
    |
143 |             unsafe { msg_send![new, doubleValue] }
    |                      ^^^^^^^^^^^^^^^^^^^^^^^^^^^
    |
    = note: expected values for `feature` are: `device_lost_panic`, `dx12`, `fragile-send-sync-non-atomic-wasm`, `gles`, `gpu-allocator`, `internal_error_panic`, `metal`, `oom_panic`, `renderdoc`, `static-dxc`, `vulkan`, and `windows`
    = note: using a cfg inside a macro will use the cfgs from the destination crate and not the ones from the defining crate
    = help: try referring to `sel_impl` crate for guidance on how handle this unexpected cfg
    = help: the macro `sel_impl` may come from an old version of the `objc` crate, try updating your dependency with `cargo update -p objc`
    = note: see <https://doc.rust-lang.org/nightly/rustc/check-cfg/cargo-specifics.html> for more information about checking conditional configuration
    = note: this warning originates in the macro `sel_impl` which comes from the expansion of the macro `msg_send` (in Nightly builds, run with -Z macro-backtrace for more info)

warning: unexpected `cfg` condition value: `cargo-clippy`
   --> vendor/wgpu-hal/src/metal/layer_observer.rs:145:22
    |
145 |             unsafe { msg_send![new, floatValue] }
    |                      ^^^^^^^^^^^^^^^^^^^^^^^^^^
    |
    = note: expected values for `feature` are: `device_lost_panic`, `dx12`, `fragile-send-sync-non-atomic-wasm`, `gles`, `gpu-allocator`, `internal_error_panic`, `metal`, `oom_panic`, `renderdoc`, `static-dxc`, `vulkan`, and `windows`
    = note: using a cfg inside a macro will use the cfgs from the destination crate and not the ones from the defining crate
    = help: try referring to `sel_impl` crate for guidance on how handle this unexpected cfg
    = help: the macro `sel_impl` may come from an old version of the `objc` crate, try updating your dependency with `cargo update -p objc`
    = note: see <https://doc.rust-lang.org/nightly/rustc/check-cfg/cargo-specifics.html> for more information about checking conditional configuration
    = note: this warning originates in the macro `sel_impl` which comes from the expansion of the macro `msg_send` (in Nightly builds, run with -Z macro-backtrace for more info)

warning: unexpected `cfg` condition value: `cargo-clippy`
   --> vendor/wgpu-hal/src/metal/layer_observer.rs:149:30
    |
149 |         let _: () = unsafe { msg_send![this, setContentsScale: scale_factor] };
    |                              ^^^^^^^^^^^^^^^^^^^^^^^^^^^^^^^^^^^^^^^^^^^^^^^
    |
    = note: expected values for `feature` are: `device_lost_panic`, `dx12`, `fragile-send-sync-non-atomic-wasm`, `gles`, `gpu-allocator`, `internal_error_panic`, `metal`, `oom_panic`, `renderdoc`, `static-dxc`, `vulkan`, and `windows`
    = note: using a cfg inside a macro will use the cfgs from the destination crate and not the ones from the defining crate
    = help: try referring to `sel_impl` crate for guidance on how handle this unexpected cfg
    = help: the macro `sel_impl` may come from an old version of the `objc` crate, try updating your dependency with `cargo update -p objc`
    = note: see <https://doc.rust-lang.org/nightly/rustc/check-cfg/cargo-specifics.html> for more information about checking conditional configuration
    = note: this warning originates in the macro `sel_impl` which comes from the expansion of the macro `msg_send` (in Nightly builds, run with -Z macro-backtrace for more info)

warning: unexpected `cfg` condition value: `cargo-clippy`
   --> vendor/wgpu-hal/src/metal/layer_observer.rs:154:18
    |
154 |         unsafe { msg_send![class!(NSString), stringWithUTF8String: BOUNDS.as_ptr()] };
    |                  ^^^^^^^^^^^^^^^^^^^^^^^^^^^^^^^^^^^^^^^^^^^^^^^^^^^^^^^^^^^^^^^^^^
    |
    = note: expected values for `feature` are: `device_lost_panic`, `dx12`, `fragile-send-sync-non-atomic-wasm`, `gles`, `gpu-allocator`, `internal_error_panic`, `metal`, `oom_panic`, `renderdoc`, `static-dxc`, `vulkan`, and `windows`
    = note: using a cfg inside a macro will use the cfgs from the destination crate and not the ones from the defining crate
    = help: try referring to `sel_impl` crate for guidance on how handle this unexpected cfg
    = help: the macro `sel_impl` may come from an old version of the `objc` crate, try updating your dependency with `cargo update -p objc`
    = note: see <https://doc.rust-lang.org/nightly/rustc/check-cfg/cargo-specifics.html> for more information about checking conditional configuration
    = note: this warning originates in the macro `sel_impl` which comes from the expansion of the macro `msg_send` (in Nightly builds, run with -Z macro-backtrace for more info)

warning: unexpected `cfg` condition value: `cargo-clippy`
   --> vendor/wgpu-hal/src/metal/layer_observer.rs:154:28
    |
154 |         unsafe { msg_send![class!(NSString), stringWithUTF8String: BOUNDS.as_ptr()] };
    |                            ^^^^^^^^^^^^^^^^
    |
    = note: expected values for `feature` are: `device_lost_panic`, `dx12`, `fragile-send-sync-non-atomic-wasm`, `gles`, `gpu-allocator`, `internal_error_panic`, `metal`, `oom_panic`, `renderdoc`, `static-dxc`, `vulkan`, and `windows`
    = note: using a cfg inside a macro will use the cfgs from the destination crate and not the ones from the defining crate
    = help: try referring to `class` crate for guidance on how handle this unexpected cfg
    = help: the macro `class` may come from an old version of the `objc` crate, try updating your dependency with `cargo update -p objc`
    = note: see <https://doc.rust-lang.org/nightly/rustc/check-cfg/cargo-specifics.html> for more information about checking conditional configuration
    = note: this warning originates in the macro `class` (in Nightly builds, run with -Z macro-backtrace for more info)

warning: unexpected `cfg` condition value: `cargo-clippy`
   --> vendor/wgpu-hal/src/metal/layer_observer.rs:155:35
    |
155 |     let is_equal: BOOL = unsafe { msg_send![key_path, isEqual: to_compare] };
    |                                   ^^^^^^^^^^^^^^^^^^^^^^^^^^^^^^^^^^^^^^^^
    |
    = note: expected values for `feature` are: `device_lost_panic`, `dx12`, `fragile-send-sync-non-atomic-wasm`, `gles`, `gpu-allocator`, `internal_error_panic`, `metal`, `oom_panic`, `renderdoc`, `static-dxc`, `vulkan`, and `windows`
    = note: using a cfg inside a macro will use the cfgs from the destination crate and not the ones from the defining crate
    = help: try referring to `sel_impl` crate for guidance on how handle this unexpected cfg
    = help: the macro `sel_impl` may come from an old version of the `objc` crate, try updating your dependency with `cargo update -p objc`
    = note: see <https://doc.rust-lang.org/nightly/rustc/check-cfg/cargo-specifics.html> for more information about checking conditional configuration
    = note: this warning originates in the macro `sel_impl` which comes from the expansion of the macro `msg_send` (in Nightly builds, run with -Z macro-backtrace for more info)

warning: unexpected `cfg` condition value: `cargo-clippy`
   --> vendor/wgpu-hal/src/metal/layer_observer.rs:158:39
    |
158 |         let bounds: CGRect = unsafe { msg_send![new, rectValue] };
    |                                       ^^^^^^^^^^^^^^^^^^^^^^^^^
    |
    = note: expected values for `feature` are: `device_lost_panic`, `dx12`, `fragile-send-sync-non-atomic-wasm`, `gles`, `gpu-allocator`, `internal_error_panic`, `metal`, `oom_panic`, `renderdoc`, `static-dxc`, `vulkan`, and `windows`
    = note: using a cfg inside a macro will use the cfgs from the destination crate and not the ones from the defining crate
    = help: try referring to `sel_impl` crate for guidance on how handle this unexpected cfg
    = help: the macro `sel_impl` may come from an old version of the `objc` crate, try updating your dependency with `cargo update -p objc`
    = note: see <https://doc.rust-lang.org/nightly/rustc/check-cfg/cargo-specifics.html> for more information about checking conditional configuration
    = note: this warning originates in the macro `sel_impl` which comes from the expansion of the macro `msg_send` (in Nightly builds, run with -Z macro-backtrace for more info)

warning: unexpected `cfg` condition value: `cargo-clippy`
   --> vendor/wgpu-hal/src/metal/layer_observer.rs:164:30
    |
164 |         let _: () = unsafe { msg_send![this, setFrame: bounds] };
    |                              ^^^^^^^^^^^^^^^^^^^^^^^^^^^^^^^^^
    |
    = note: expected values for `feature` are: `device_lost_panic`, `dx12`, `fragile-send-sync-non-atomic-wasm`, `gles`, `gpu-allocator`, `internal_error_panic`, `metal`, `oom_panic`, `renderdoc`, `static-dxc`, `vulkan`, and `windows`
    = note: using a cfg inside a macro will use the cfgs from the destination crate and not the ones from the defining crate
    = help: try referring to `sel_impl` crate for guidance on how handle this unexpected cfg
    = help: the macro `sel_impl` may come from an old version of the `objc` crate, try updating your dependency with `cargo update -p objc`
    = note: see <https://doc.rust-lang.org/nightly/rustc/check-cfg/cargo-specifics.html> for more information about checking conditional configuration
    = note: this warning originates in the macro `sel_impl` which comes from the expansion of the macro `msg_send` (in Nightly builds, run with -Z macro-backtrace for more info)

warning: unexpected `cfg` condition value: `cargo-clippy`
   --> vendor/wgpu-hal/src/metal/layer_observer.rs:180:44
    |
180 |     let root_layer: *mut Object = unsafe { msg_send![this, superlayer] };
    |                                            ^^^^^^^^^^^^^^^^^^^^^^^^^^^
    |
    = note: expected values for `feature` are: `device_lost_panic`, `dx12`, `fragile-send-sync-non-atomic-wasm`, `gles`, `gpu-allocator`, `internal_error_panic`, `metal`, `oom_panic`, `renderdoc`, `static-dxc`, `vulkan`, and `windows`
    = note: using a cfg inside a macro will use the cfgs from the destination crate and not the ones from the defining crate
    = help: try referring to `sel_impl` crate for guidance on how handle this unexpected cfg
    = help: the macro `sel_impl` may come from an old version of the `objc` crate, try updating your dependency with `cargo update -p objc`
    = note: see <https://doc.rust-lang.org/nightly/rustc/check-cfg/cargo-specifics.html> for more information about checking conditional configuration
    = note: this warning originates in the macro `sel_impl` which comes from the expansion of the macro `msg_send` (in Nightly builds, run with -Z macro-backtrace for more info)

warning: unexpected `cfg` condition value: `cargo-clippy`
   --> vendor/wgpu-hal/src/metal/layer_observer.rs:183:22
    |
183 |             unsafe { msg_send![class!(NSString), stringWithUTF8String: CONTENTS_SCALE.as_ptr()] };
    |                      ^^^^^^^^^^^^^^^^^^^^^^^^^^^^^^^^^^^^^^^^^^^^^^^^^^^^^^^^^^^^^^^^^^^^^^^^^^
    |
    = note: expected values for `feature` are: `device_lost_panic`, `dx12`, `fragile-send-sync-non-atomic-wasm`, `gles`, `gpu-allocator`, `internal_error_panic`, `metal`, `oom_panic`, `renderdoc`, `static-dxc`, `vulkan`, and `windows`
    = note: using a cfg inside a macro will use the cfgs from the destination crate and not the ones from the defining crate
    = help: try referring to `sel_impl` crate for guidance on how handle this unexpected cfg
    = help: the macro `sel_impl` may come from an old version of the `objc` crate, try updating your dependency with `cargo update -p objc`
    = note: see <https://doc.rust-lang.org/nightly/rustc/check-cfg/cargo-specifics.html> for more information about checking conditional configuration
    = note: this warning originates in the macro `sel_impl` which comes from the expansion of the macro `msg_send` (in Nightly builds, run with -Z macro-backtrace for more info)

warning: unexpected `cfg` condition value: `cargo-clippy`
   --> vendor/wgpu-hal/src/metal/layer_observer.rs:183:32
    |
183 |             unsafe { msg_send![class!(NSString), stringWithUTF8String: CONTENTS_SCALE.as_ptr()] };
    |                                ^^^^^^^^^^^^^^^^
    |
    = note: expected values for `feature` are: `device_lost_panic`, `dx12`, `fragile-send-sync-non-atomic-wasm`, `gles`, `gpu-allocator`, `internal_error_panic`, `metal`, `oom_panic`, `renderdoc`, `static-dxc`, `vulkan`, and `windows`
    = note: using a cfg inside a macro will use the cfgs from the destination crate and not the ones from the defining crate
    = help: try referring to `class` crate for guidance on how handle this unexpected cfg
    = help: the macro `class` may come from an old version of the `objc` crate, try updating your dependency with `cargo update -p objc`
    = note: see <https://doc.rust-lang.org/nightly/rustc/check-cfg/cargo-specifics.html> for more information about checking conditional configuration
    = note: this warning originates in the macro `class` (in Nightly builds, run with -Z macro-backtrace for more info)

warning: unexpected `cfg` condition value: `cargo-clippy`
   --> vendor/wgpu-hal/src/metal/layer_observer.rs:184:30
    |
184 |         let _: () = unsafe { msg_send![root_layer, removeObserver: this forKeyPath: key_path] };
    |                              ^^^^^^^^^^^^^^^^^^^^^^^^^^^^^^^^^^^^^^^^^^^^^^^^^^^^^^^^^^^^^^^^
    |
    = note: expected values for `feature` are: `device_lost_panic`, `dx12`, `fragile-send-sync-non-atomic-wasm`, `gles`, `gpu-allocator`, `internal_error_panic`, `metal`, `oom_panic`, `renderdoc`, `static-dxc`, `vulkan`, and `windows`
    = note: using a cfg inside a macro will use the cfgs from the destination crate and not the ones from the defining crate
    = help: try referring to `sel_impl` crate for guidance on how handle this unexpected cfg
    = help: the macro `sel_impl` may come from an old version of the `objc` crate, try updating your dependency with `cargo update -p objc`
    = note: see <https://doc.rust-lang.org/nightly/rustc/check-cfg/cargo-specifics.html> for more information about checking conditional configuration
    = note: this warning originates in the macro `sel_impl` which comes from the expansion of the macro `msg_send` (in Nightly builds, run with -Z macro-backtrace for more info)

warning: unexpected `cfg` condition value: `cargo-clippy`
   --> vendor/wgpu-hal/src/metal/layer_observer.rs:187:22
    |
187 |             unsafe { msg_send![class!(NSString), stringWithUTF8String: BOUNDS.as_ptr()] };
    |                      ^^^^^^^^^^^^^^^^^^^^^^^^^^^^^^^^^^^^^^^^^^^^^^^^^^^^^^^^^^^^^^^^^^
    |
    = note: expected values for `feature` are: `device_lost_panic`, `dx12`, `fragile-send-sync-non-atomic-wasm`, `gles`, `gpu-allocator`, `internal_error_panic`, `metal`, `oom_panic`, `renderdoc`, `static-dxc`, `vulkan`, and `windows`
    = note: using a cfg inside a macro will use the cfgs from the destination crate and not the ones from the defining crate
    = help: try referring to `sel_impl` crate for guidance on how handle this unexpected cfg
    = help: the macro `sel_impl` may come from an old version of the `objc` crate, try updating your dependency with `cargo update -p objc`
    = note: see <https://doc.rust-lang.org/nightly/rustc/check-cfg/cargo-specifics.html> for more information about checking conditional configuration
    = note: this warning originates in the macro `sel_impl` which comes from the expansion of the macro `msg_send` (in Nightly builds, run with -Z macro-backtrace for more info)

warning: unexpected `cfg` condition value: `cargo-clippy`
   --> vendor/wgpu-hal/src/metal/layer_observer.rs:187:32
    |
187 |             unsafe { msg_send![class!(NSString), stringWithUTF8String: BOUNDS.as_ptr()] };
    |                                ^^^^^^^^^^^^^^^^
    |
    = note: expected values for `feature` are: `device_lost_panic`, `dx12`, `fragile-send-sync-non-atomic-wasm`, `gles`, `gpu-allocator`, `internal_error_panic`, `metal`, `oom_panic`, `renderdoc`, `static-dxc`, `vulkan`, and `windows`
    = note: using a cfg inside a macro will use the cfgs from the destination crate and not the ones from the defining crate
    = help: try referring to `class` crate for guidance on how handle this unexpected cfg
    = help: the macro `class` may come from an old version of the `objc` crate, try updating your dependency with `cargo update -p objc`
    = note: see <https://doc.rust-lang.org/nightly/rustc/check-cfg/cargo-specifics.html> for more information about checking conditional configuration
    = note: this warning originates in the macro `class` (in Nightly builds, run with -Z macro-backtrace for more info)

warning: unexpected `cfg` condition value: `cargo-clippy`
   --> vendor/wgpu-hal/src/metal/layer_observer.rs:188:30
    |
188 |         let _: () = unsafe { msg_send![root_layer, removeObserver: this forKeyPath: key_path] };
    |                              ^^^^^^^^^^^^^^^^^^^^^^^^^^^^^^^^^^^^^^^^^^^^^^^^^^^^^^^^^^^^^^^^
    |
    = note: expected values for `feature` are: `device_lost_panic`, `dx12`, `fragile-send-sync-non-atomic-wasm`, `gles`, `gpu-allocator`, `internal_error_panic`, `metal`, `oom_panic`, `renderdoc`, `static-dxc`, `vulkan`, and `windows`
    = note: using a cfg inside a macro will use the cfgs from the destination crate and not the ones from the defining crate
    = help: try referring to `sel_impl` crate for guidance on how handle this unexpected cfg
    = help: the macro `sel_impl` may come from an old version of the `objc` crate, try updating your dependency with `cargo update -p objc`
    = note: see <https://doc.rust-lang.org/nightly/rustc/check-cfg/cargo-specifics.html> for more information about checking conditional configuration
    = note: this warning originates in the macro `sel_impl` which comes from the expansion of the macro `msg_send` (in Nightly builds, run with -Z macro-backtrace for more info)

warning: unexpected `cfg` condition value: `cargo-clippy`
   --> vendor/wgpu-hal/src/metal/layer_observer.rs:191:26
    |
191 |     let _: () = unsafe { msg_send![super(this, class!(CAMetalLayer)), dealloc] };
    |                          ^^^^^^^^^^^^^^^^^^^^^^^^^^^^^^^^^^^^^^^^^^^^^^^^^^^^^
    |
    = note: expected values for `feature` are: `device_lost_panic`, `dx12`, `fragile-send-sync-non-atomic-wasm`, `gles`, `gpu-allocator`, `internal_error_panic`, `metal`, `oom_panic`, `renderdoc`, `static-dxc`, `vulkan`, and `windows`
    = note: using a cfg inside a macro will use the cfgs from the destination crate and not the ones from the defining crate
    = help: try referring to `sel_impl` crate for guidance on how handle this unexpected cfg
    = help: the macro `sel_impl` may come from an old version of the `objc` crate, try updating your dependency with `cargo update -p objc`
    = note: see <https://doc.rust-lang.org/nightly/rustc/check-cfg/cargo-specifics.html> for more information about checking conditional configuration
    = note: this warning originates in the macro `sel_impl` which comes from the expansion of the macro `msg_send` (in Nightly builds, run with -Z macro-backtrace for more info)

warning: unexpected `cfg` condition value: `cargo-clippy`
   --> vendor/wgpu-hal/src/metal/layer_observer.rs:191:48
    |
191 |     let _: () = unsafe { msg_send![super(this, class!(CAMetalLayer)), dealloc] };
    |                                                ^^^^^^^^^^^^^^^^^^^^
    |
    = note: expected values for `feature` are: `device_lost_panic`, `dx12`, `fragile-send-sync-non-atomic-wasm`, `gles`, `gpu-allocator`, `internal_error_panic`, `metal`, `oom_panic`, `renderdoc`, `static-dxc`, `vulkan`, and `windows`
    = note: using a cfg inside a macro will use the cfgs from the destination crate and not the ones from the defining crate
    = help: try referring to `class` crate for guidance on how handle this unexpected cfg
    = help: the macro `class` may come from an old version of the `objc` crate, try updating your dependency with `cargo update -p objc`
    = note: see <https://doc.rust-lang.org/nightly/rustc/check-cfg/cargo-specifics.html> for more information about checking conditional configuration
    = note: this warning originates in the macro `class` (in Nightly builds, run with -Z macro-backtrace for more info)

warning: unexpected `cfg` condition value: `cargo-clippy`
  --> vendor/wgpu-hal/src/metal/surface.rs:48:21
   |
48 |         let class = class!(CAMetalLayer);
   |                     ^^^^^^^^^^^^^^^^^^^^
   |
   = note: expected values for `feature` are: `device_lost_panic`, `dx12`, `fragile-send-sync-non-atomic-wasm`, `gles`, `gpu-allocator`, `internal_error_panic`, `metal`, `oom_panic`, `renderdoc`, `static-dxc`, `vulkan`, and `windows`
   = note: using a cfg inside a macro will use the cfgs from the destination crate and not the ones from the defining crate
   = help: try referring to `class` crate for guidance on how handle this unexpected cfg
   = help: the macro `class` may come from an old version of the `objc` crate, try updating your dependency with `cargo update -p objc`
   = note: see <https://doc.rust-lang.org/nightly/rustc/check-cfg/cargo-specifics.html> for more information about checking conditional configuration
   = note: this warning originates in the macro `class` (in Nightly builds, run with -Z macro-backtrace for more info)

warning: unexpected `cfg` condition value: `cargo-clippy`
  --> vendor/wgpu-hal/src/metal/surface.rs:49:33
   |
49 |         let proper_kind: BOOL = msg_send![layer, isKindOfClass: class];
   |                                 ^^^^^^^^^^^^^^^^^^^^^^^^^^^^^^^^^^^^^^
   |
   = note: expected values for `feature` are: `device_lost_panic`, `dx12`, `fragile-send-sync-non-atomic-wasm`, `gles`, `gpu-allocator`, `internal_error_panic`, `metal`, `oom_panic`, `renderdoc`, `static-dxc`, `vulkan`, and `windows`
   = note: using a cfg inside a macro will use the cfgs from the destination crate and not the ones from the defining crate
   = help: try referring to `sel_impl` crate for guidance on how handle this unexpected cfg
   = help: the macro `sel_impl` may come from an old version of the `objc` crate, try updating your dependency with `cargo update -p objc`
   = note: see <https://doc.rust-lang.org/nightly/rustc/check-cfg/cargo-specifics.html> for more information about checking conditional configuration
   = note: this warning originates in the macro `sel_impl` which comes from the expansion of the macro `msg_send` (in Nightly builds, run with -Z macro-backtrace for more info)

warning: unexpected `cfg` condition value: `cargo-clippy`
  --> vendor/wgpu-hal/src/metal/surface.rs:65:36
   |
65 |         let is_main_thread: BOOL = msg_send![class!(NSThread), isMainThread];
   |                                    ^^^^^^^^^^^^^^^^^^^^^^^^^^^^^^^^^^^^^^^^^
   |
   = note: expected values for `feature` are: `device_lost_panic`, `dx12`, `fragile-send-sync-non-atomic-wasm`, `gles`, `gpu-allocator`, `internal_error_panic`, `metal`, `oom_panic`, `renderdoc`, `static-dxc`, `vulkan`, and `windows`
   = note: using a cfg inside a macro will use the cfgs from the destination crate and not the ones from the defining crate
   = help: try referring to `sel_impl` crate for guidance on how handle this unexpected cfg
   = help: the macro `sel_impl` may come from an old version of the `objc` crate, try updating your dependency with `cargo update -p objc`
   = note: see <https://doc.rust-lang.org/nightly/rustc/check-cfg/cargo-specifics.html> for more information about checking conditional configuration
   = note: this warning originates in the macro `sel_impl` which comes from the expansion of the macro `msg_send` (in Nightly builds, run with -Z macro-backtrace for more info)

warning: unexpected `cfg` condition value: `cargo-clippy`
  --> vendor/wgpu-hal/src/metal/surface.rs:65:46
   |
65 |         let is_main_thread: BOOL = msg_send![class!(NSThread), isMainThread];
   |                                              ^^^^^^^^^^^^^^^^
   |
   = note: expected values for `feature` are: `device_lost_panic`, `dx12`, `fragile-send-sync-non-atomic-wasm`, `gles`, `gpu-allocator`, `internal_error_panic`, `metal`, `oom_panic`, `renderdoc`, `static-dxc`, `vulkan`, and `windows`
   = note: using a cfg inside a macro will use the cfgs from the destination crate and not the ones from the defining crate
   = help: try referring to `class` crate for guidance on how handle this unexpected cfg
   = help: the macro `class` may come from an old version of the `objc` crate, try updating your dependency with `cargo update -p objc`
   = note: see <https://doc.rust-lang.org/nightly/rustc/check-cfg/cargo-specifics.html> for more information about checking conditional configuration
   = note: this warning originates in the macro `class` (in Nightly builds, run with -Z macro-backtrace for more info)

warning: unexpected `cfg` condition value: `cargo-clippy`
  --> vendor/wgpu-hal/src/metal/surface.rs:73:18
   |
73 |         let () = msg_send![view.as_ptr(), setWantsLayer: YES];
   |                  ^^^^^^^^^^^^^^^^^^^^^^^^^^^^^^^^^^^^^^^^^^^^
   |
   = note: expected values for `feature` are: `device_lost_panic`, `dx12`, `fragile-send-sync-non-atomic-wasm`, `gles`, `gpu-allocator`, `internal_error_panic`, `metal`, `oom_panic`, `renderdoc`, `static-dxc`, `vulkan`, and `windows`
   = note: using a cfg inside a macro will use the cfgs from the destination crate and not the ones from the defining crate
   = help: try referring to `sel_impl` crate for guidance on how handle this unexpected cfg
   = help: the macro `sel_impl` may come from an old version of the `objc` crate, try updating your dependency with `cargo update -p objc`
   = note: see <https://doc.rust-lang.org/nightly/rustc/check-cfg/cargo-specifics.html> for more information about checking conditional configuration
   = note: this warning originates in the macro `sel_impl` which comes from the expansion of the macro `msg_send` (in Nightly builds, run with -Z macro-backtrace for more info)

warning: unexpected `cfg` condition value: `cargo-clippy`
  --> vendor/wgpu-hal/src/metal/surface.rs:75:39
   |
75 |         let root_layer: *mut Object = msg_send![view.as_ptr(), layer];
   |                                       ^^^^^^^^^^^^^^^^^^^^^^^^^^^^^^^
   |
   = note: expected values for `feature` are: `device_lost_panic`, `dx12`, `fragile-send-sync-non-atomic-wasm`, `gles`, `gpu-allocator`, `internal_error_panic`, `metal`, `oom_panic`, `renderdoc`, `static-dxc`, `vulkan`, and `windows`
   = note: using a cfg inside a macro will use the cfgs from the destination crate and not the ones from the defining crate
   = help: try referring to `sel_impl` crate for guidance on how handle this unexpected cfg
   = help: the macro `sel_impl` may come from an old version of the `objc` crate, try updating your dependency with `cargo update -p objc`
   = note: see <https://doc.rust-lang.org/nightly/rustc/check-cfg/cargo-specifics.html> for more information about checking conditional configuration
   = note: this warning originates in the macro `sel_impl` which comes from the expansion of the macro `msg_send` (in Nightly builds, run with -Z macro-backtrace for more info)

warning: unexpected `cfg` condition value: `cargo-clippy`
  --> vendor/wgpu-hal/src/metal/surface.rs:88:36
   |
88 |         let is_metal_layer: BOOL = msg_send![root_layer, isKindOfClass: class!(CAMetalLayer)];
   |                                    ^^^^^^^^^^^^^^^^^^^^^^^^^^^^^^^^^^^^^^^^^^^^^^^^^^^^^^^^^^
   |
   = note: expected values for `feature` are: `device_lost_panic`, `dx12`, `fragile-send-sync-non-atomic-wasm`, `gles`, `gpu-allocator`, `internal_error_panic`, `metal`, `oom_panic`, `renderdoc`, `static-dxc`, `vulkan`, and `windows`
   = note: using a cfg inside a macro will use the cfgs from the destination crate and not the ones from the defining crate
   = help: try referring to `sel_impl` crate for guidance on how handle this unexpected cfg
   = help: the macro `sel_impl` may come from an old version of the `objc` crate, try updating your dependency with `cargo update -p objc`
   = note: see <https://doc.rust-lang.org/nightly/rustc/check-cfg/cargo-specifics.html> for more information about checking conditional configuration
   = note: this warning originates in the macro `sel_impl` which comes from the expansion of the macro `msg_send` (in Nightly builds, run with -Z macro-backtrace for more info)

warning: unexpected `cfg` condition value: `cargo-clippy`
  --> vendor/wgpu-hal/src/metal/surface.rs:88:73
   |
88 |         let is_metal_layer: BOOL = msg_send![root_layer, isKindOfClass: class!(CAMetalLayer)];
   |                                                                         ^^^^^^^^^^^^^^^^^^^^
   |
   = note: expected values for `feature` are: `device_lost_panic`, `dx12`, `fragile-send-sync-non-atomic-wasm`, `gles`, `gpu-allocator`, `internal_error_panic`, `metal`, `oom_panic`, `renderdoc`, `static-dxc`, `vulkan`, and `windows`
   = note: using a cfg inside a macro will use the cfgs from the destination crate and not the ones from the defining crate
   = help: try referring to `class` crate for guidance on how handle this unexpected cfg
   = help: the macro `class` may come from an old version of the `objc` crate, try updating your dependency with `cargo update -p objc`
   = note: see <https://doc.rust-lang.org/nightly/rustc/check-cfg/cargo-specifics.html> for more information about checking conditional configuration
   = note: this warning originates in the macro `class` (in Nightly builds, run with -Z macro-backtrace for more info)

warning: unexpected `cfg` condition value: `cargo-clippy`
   --> vendor/wgpu-hal/src/metal/surface.rs:115:34
    |
115 |             let bounds: CGRect = msg_send![render_layer, bounds];
    |                                  ^^^^^^^^^^^^^^^^^^^^^^^^^^^^^^^
    |
    = note: expected values for `feature` are: `device_lost_panic`, `dx12`, `fragile-send-sync-non-atomic-wasm`, `gles`, `gpu-allocator`, `internal_error_panic`, `metal`, `oom_panic`, `renderdoc`, `static-dxc`, `vulkan`, and `windows`
    = note: using a cfg inside a macro will use the cfgs from the destination crate and not the ones from the defining crate
    = help: try referring to `sel_impl` crate for guidance on how handle this unexpected cfg
    = help: the macro `sel_impl` may come from an old version of the `objc` crate, try updating your dependency with `cargo update -p objc`
    = note: see <https://doc.rust-lang.org/nightly/rustc/check-cfg/cargo-specifics.html> for more information about checking conditional configuration
    = note: this warning originates in the macro `sel_impl` which comes from the expansion of the macro `msg_send` (in Nightly builds, run with -Z macro-backtrace for more info)

warning: unexpected `cfg` condition value: `cargo-clippy`
   --> vendor/wgpu-hal/src/metal/surface.rs:116:43
    |
116 |             let contents_scale: CGFloat = msg_send![render_layer, contentsScale];
    |                                           ^^^^^^^^^^^^^^^^^^^^^^^^^^^^^^^^^^^^^^
    |
    = note: expected values for `feature` are: `device_lost_panic`, `dx12`, `fragile-send-sync-non-atomic-wasm`, `gles`, `gpu-allocator`, `internal_error_panic`, `metal`, `oom_panic`, `renderdoc`, `static-dxc`, `vulkan`, and `windows`
    = note: using a cfg inside a macro will use the cfgs from the destination crate and not the ones from the defining crate
    = help: try referring to `sel_impl` crate for guidance on how handle this unexpected cfg
    = help: the macro `sel_impl` may come from an old version of the `objc` crate, try updating your dependency with `cargo update -p objc`
    = note: see <https://doc.rust-lang.org/nightly/rustc/check-cfg/cargo-specifics.html> for more information about checking conditional configuration
    = note: this warning originates in the macro `sel_impl` which comes from the expansion of the macro `msg_send` (in Nightly builds, run with -Z macro-backtrace for more info)

warning: unexpected `cfg` condition value: `cargo-clippy`
   --> vendor/wgpu-hal/src/metal/surface.rs:173:22
    |
173 |             let () = msg_send![*render_layer, setAllowsNextDrawableTimeout:false];
    |                      ^^^^^^^^^^^^^^^^^^^^^^^^^^^^^^^^^^^^^^^^^^^^^^^^^^^^^^^^^^^^
    |
    = note: expected values for `feature` are: `device_lost_panic`, `dx12`, `fragile-send-sync-non-atomic-wasm`, `gles`, `gpu-allocator`, `internal_error_panic`, `metal`, `oom_panic`, `renderdoc`, `static-dxc`, `vulkan`, and `windows`
    = note: using a cfg inside a macro will use the cfgs from the destination crate and not the ones from the defining crate
    = help: try referring to `sel_impl` crate for guidance on how handle this unexpected cfg
    = help: the macro `sel_impl` may come from an old version of the `objc` crate, try updating your dependency with `cargo update -p objc`
    = note: see <https://doc.rust-lang.org/nightly/rustc/check-cfg/cargo-specifics.html> for more information about checking conditional configuration
    = note: this warning originates in the macro `sel_impl` which comes from the expansion of the macro `msg_send` (in Nightly builds, run with -Z macro-backtrace for more info)

warning: unexpected `cfg` condition value: `cargo-clippy`
   --> vendor/wgpu-hal/src/metal/surface.rs:176:22
    |
176 |             let () = msg_send![*render_layer, setDisplaySyncEnabled: display_sync];
    |                      ^^^^^^^^^^^^^^^^^^^^^^^^^^^^^^^^^^^^^^^^^^^^^^^^^^^^^^^^^^^^^
    |
    = note: expected values for `feature` are: `device_lost_panic`, `dx12`, `fragile-send-sync-non-atomic-wasm`, `gles`, `gpu-allocator`, `internal_error_panic`, `metal`, `oom_panic`, `renderdoc`, `static-dxc`, `vulkan`, and `windows`
    = note: using a cfg inside a macro will use the cfgs from the destination crate and not the ones from the defining crate
    = help: try referring to `sel_impl` crate for guidance on how handle this unexpected cfg
    = help: the macro `sel_impl` may come from an old version of the `objc` crate, try updating your dependency with `cargo update -p objc`
    = note: see <https://doc.rust-lang.org/nightly/rustc/check-cfg/cargo-specifics.html> for more information about checking conditional configuration
    = note: this warning originates in the macro `sel_impl` which comes from the expansion of the macro `msg_send` (in Nightly builds, run with -Z macro-backtrace for more info)

warning: `wgpu-hal` (lib) generated 50 warnings
warning: unused variable: `super_key`
   --> src/native_terminal/input.rs:366:13
    |
366 |         let super_key = KeyModifiers {
    |             ^^^^^^^^^ help: if this is intentional, prefix it with an underscore: `_super_key`
    |
    = note: `#[warn(unused_variables)]` (part of `#[warn(unused)]`) on by default

warning: variable does not need to be mutable
   --> src/native_terminal/renderer/font_manager.rs:155:13
    |
155 |         let mut buffer = vec![0u8; total_pixels];
    |             ----^^^^^^
    |             |
    |             help: remove this `mut`
    |
    = note: `#[warn(unused_mut)]` (part of `#[warn(unused)]`) on by default

warning: field `app` is never read
  --> src/ipc/notifications.rs:28:5
   |
27 | pub struct TauriNotificationBackend<R: Runtime> {
   |            ------------------------ field in this struct
28 |     app: AppHandle<R>,
   |     ^^^
   |
   = note: `#[warn(dead_code)]` (part of `#[warn(unused)]`) on by default

warning: method `wait_and_reap` is never used
   --> src/terminal/session.rs:270:19
    |
 61 | impl PtySession {
    | --------------- method in this implementation
...
270 |     pub(crate) fn wait_and_reap(&self) -> Result<Option<i32>, PtyError> {
    |                   ^^^^^^^^^^^^^

warning: struct `WriterLeaseGuard` is never constructed
  --> src/worktree/manager.rs:57:19
   |
57 | pub(crate) struct WriterLeaseGuard {
   |                   ^^^^^^^^^^^^^^^^

warning: associated items `new`, `canonical_path`, and `owner_id` are never used
  --> src/worktree/manager.rs:64:8
   |
63 | impl WriterLeaseGuard {
   | --------------------- associated items in this implementation
64 |     fn new(registry: WriterLeaseRegistry, canonical_path: PathBuf, owner_id: String) -> Self {
   |        ^^^
...
72 |     pub(crate) fn canonical_path(&self) -> &Path {
   |                   ^^^^^^^^^^^^^^
...
76 |     pub(crate) fn owner_id(&self) -> &str {
   |                   ^^^^^^^^

warning: method `acquire_writer_lease` is never used
   --> src/worktree/manager.rs:309:19
    |
105 | impl WorktreeManager {
    | -------------------- method in this implementation
...
309 |     pub(crate) fn acquire_writer_lease(
    |                   ^^^^^^^^^^^^^^^^^^^^

warning: `ferryx` (lib test) generated 7 warnings (run `cargo fix --lib -p ferryx --tests` to apply 2 suggestions)
    Finished `test` profile [unoptimized + debuginfo] target(s) in 0.25s
     Running unittests src/lib.rs (src-tauri/target/debug/deps/ferryx_lib-f277dedbac8184e5)

running 14 tests
test daemon::protocol::tests::test_describe_session_and_spawn_v2_serde ... ok
test daemon::protocol::tests::test_register_workspace_and_remote_commands_serde ... ok
test daemon::protocol::tests::test_protocol_mismatch_response_is_typed ... ok
test daemon::protocol::tests::agent_state_stream_serializes_authoritative_provider_session ... ok
test daemon::protocol::tests::test_daemon_stream_message_gap_roundtrip ... ok
test daemon::protocol::tests::test_daemon_stream_message_lagged_with_replay_gap_roundtrip ... ok
test daemon::protocol::tests::test_protocol_v3_handshake_and_list_sessions_epoch ... ok
test daemon::protocol::tests::test_handover_protocol_serde_roundtrip ... ok
test daemon::protocol::tests::agent_state_report_treats_malformed_provider_session_as_absent ... ok
test daemon::protocol::tests::test_daemon_stream_message_compact_base64_encoding ... ok
test daemon::protocol::tests::test_upgrade_binary_protocol_serde_roundtrip ... ok
test daemon::protocol::tests::test_spawn_shell_field_roundtrip_and_backward_compatibility ... ok
test daemon::protocol::tests::test_spawn_with_agent_resume_startup_roundtrip ... ok
test daemon::protocol::tests::test_daemon_request_write_and_response_attach_base64 ... ok

test result: ok. 14 passed; 0 failed; 0 ignored; 0 measured; 615 filtered out; finished in 0.00s

EXIT: 0

COMMAND: cargo test --manifest-path src-tauri/Cargo.toml --lib test_agent_resume
warning: unexpected `cfg` condition value: `cargo-clippy`
   --> vendor/wgpu-hal/src/metal/adapter.rs:540:17
    |
540 |                 msg_send![class!(NSProcessInfo), processInfo];
    |                 ^^^^^^^^^^^^^^^^^^^^^^^^^^^^^^^^^^^^^^^^^^^^^
    |
    = note: expected values for `feature` are: `device_lost_panic`, `dx12`, `fragile-send-sync-non-atomic-wasm`, `gles`, `gpu-allocator`, `internal_error_panic`, `metal`, `oom_panic`, `renderdoc`, `static-dxc`, `vulkan`, and `windows`
    = note: using a cfg inside a macro will use the cfgs from the destination crate and not the ones from the defining crate
    = help: try referring to `sel_impl` crate for guidance on how handle this unexpected cfg
    = help: the macro `sel_impl` may come from an old version of the `objc` crate, try updating your dependency with `cargo update -p objc`
    = note: see <https://doc.rust-lang.org/nightly/rustc/check-cfg/cargo-specifics.html> for more information about checking conditional configuration
    = note: requested on the command line with `-W unexpected-cfgs`
    = note: this warning originates in the macro `sel_impl` which comes from the expansion of the macro `msg_send` (in Nightly builds, run with -Z macro-backtrace for more info)

warning: unexpected `cfg` condition value: `cargo-clippy`
   --> vendor/wgpu-hal/src/metal/adapter.rs:540:27
    |
540 |                 msg_send![class!(NSProcessInfo), processInfo];
    |                           ^^^^^^^^^^^^^^^^^^^^^
    |
    = note: expected values for `feature` are: `device_lost_panic`, `dx12`, `fragile-send-sync-non-atomic-wasm`, `gles`, `gpu-allocator`, `internal_error_panic`, `metal`, `oom_panic`, `renderdoc`, `static-dxc`, `vulkan`, and `windows`
    = note: using a cfg inside a macro will use the cfgs from the destination crate and not the ones from the defining crate
    = help: try referring to `class` crate for guidance on how handle this unexpected cfg
    = help: the macro `class` may come from an old version of the `objc` crate, try updating your dependency with `cargo update -p objc`
    = note: see <https://doc.rust-lang.org/nightly/rustc/check-cfg/cargo-specifics.html> for more information about checking conditional configuration
    = note: this warning originates in the macro `class` (in Nightly builds, run with -Z macro-backtrace for more info)

warning: unexpected `cfg` condition value: `cargo-clippy`
   --> vendor/wgpu-hal/src/metal/adapter.rs:541:13
    |
541 |             msg_send![process_info, operatingSystemVersion]
    |             ^^^^^^^^^^^^^^^^^^^^^^^^^^^^^^^^^^^^^^^^^^^^^^^
    |
    = note: expected values for `feature` are: `device_lost_panic`, `dx12`, `fragile-send-sync-non-atomic-wasm`, `gles`, `gpu-allocator`, `internal_error_panic`, `metal`, `oom_panic`, `renderdoc`, `static-dxc`, `vulkan`, and `windows`
    = note: using a cfg inside a macro will use the cfgs from the destination crate and not the ones from the defining crate
    = help: try referring to `sel_impl` crate for guidance on how handle this unexpected cfg
    = help: the macro `sel_impl` may come from an old version of the `objc` crate, try updating your dependency with `cargo update -p objc`
    = note: see <https://doc.rust-lang.org/nightly/rustc/check-cfg/cargo-specifics.html> for more information about checking conditional configuration
    = note: this warning originates in the macro `sel_impl` which comes from the expansion of the macro `msg_send` (in Nightly builds, run with -Z macro-backtrace for more info)

warning: unexpected `cfg` condition value: `cargo-clippy`
   --> vendor/wgpu-hal/src/metal/adapter.rs:732:30
    |
732 |                     unsafe { msg_send![device.as_ref(), maxBufferLength] };
    |                              ^^^^^^^^^^^^^^^^^^^^^^^^^^^^^^^^^^^^^^^^^^^
    |
    = note: expected values for `feature` are: `device_lost_panic`, `dx12`, `fragile-send-sync-non-atomic-wasm`, `gles`, `gpu-allocator`, `internal_error_panic`, `metal`, `oom_panic`, `renderdoc`, `static-dxc`, `vulkan`, and `windows`
    = note: using a cfg inside a macro will use the cfgs from the destination crate and not the ones from the defining crate
    = help: try referring to `sel_impl` crate for guidance on how handle this unexpected cfg
    = help: the macro `sel_impl` may come from an old version of the `objc` crate, try updating your dependency with `cargo update -p objc`
    = note: see <https://doc.rust-lang.org/nightly/rustc/check-cfg/cargo-specifics.html> for more information about checking conditional configuration
    = note: this warning originates in the macro `sel_impl` which comes from the expansion of the macro `msg_send` (in Nightly builds, run with -Z macro-backtrace for more info)

warning: unexpected `cfg` condition value: `cargo-clippy`
  --> vendor/wgpu-hal/src/metal/layer_observer.rs:33:38
   |
33 |     let this: *mut Object = unsafe { msg_send![class(), new] };
   |                                      ^^^^^^^^^^^^^^^^^^^^^^^
   |
   = note: expected values for `feature` are: `device_lost_panic`, `dx12`, `fragile-send-sync-non-atomic-wasm`, `gles`, `gpu-allocator`, `internal_error_panic`, `metal`, `oom_panic`, `renderdoc`, `static-dxc`, `vulkan`, and `windows`
   = note: using a cfg inside a macro will use the cfgs from the destination crate and not the ones from the defining crate
   = help: try referring to `sel_impl` crate for guidance on how handle this unexpected cfg
   = help: the macro `sel_impl` may come from an old version of the `objc` crate, try updating your dependency with `cargo update -p objc`
   = note: see <https://doc.rust-lang.org/nightly/rustc/check-cfg/cargo-specifics.html> for more information about checking conditional configuration
   = note: this warning originates in the macro `sel_impl` which comes from the expansion of the macro `msg_send` (in Nightly builds, run with -Z macro-backtrace for more info)

warning: unexpected `cfg` condition value: `cargo-clippy`
  --> vendor/wgpu-hal/src/metal/layer_observer.rs:36:26
   |
36 |     let _: () = unsafe { msg_send![root_layer, addSublayer: this] };
   |                          ^^^^^^^^^^^^^^^^^^^^^^^^^^^^^^^^^^^^^^^^
   |
   = note: expected values for `feature` are: `device_lost_panic`, `dx12`, `fragile-send-sync-non-atomic-wasm`, `gles`, `gpu-allocator`, `internal_error_panic`, `metal`, `oom_panic`, `renderdoc`, `static-dxc`, `vulkan`, and `windows`
   = note: using a cfg inside a macro will use the cfgs from the destination crate and not the ones from the defining crate
   = help: try referring to `sel_impl` crate for guidance on how handle this unexpected cfg
   = help: the macro `sel_impl` may come from an old version of the `objc` crate, try updating your dependency with `cargo update -p objc`
   = note: see <https://doc.rust-lang.org/nightly/rustc/check-cfg/cargo-specifics.html> for more information about checking conditional configuration
   = note: this warning originates in the macro `sel_impl` which comes from the expansion of the macro `msg_send` (in Nightly builds, run with -Z macro-backtrace for more info)

warning: unexpected `cfg` condition value: `cargo-clippy`
  --> vendor/wgpu-hal/src/metal/layer_observer.rs:40:18
   |
40 |         unsafe { msg_send![class!(NSString), stringWithUTF8String: CONTENTS_SCALE.as_ptr()] };
   |                  ^^^^^^^^^^^^^^^^^^^^^^^^^^^^^^^^^^^^^^^^^^^^^^^^^^^^^^^^^^^^^^^^^^^^^^^^^^
   |
   = note: expected values for `feature` are: `device_lost_panic`, `dx12`, `fragile-send-sync-non-atomic-wasm`, `gles`, `gpu-allocator`, `internal_error_panic`, `metal`, `oom_panic`, `renderdoc`, `static-dxc`, `vulkan`, and `windows`
   = note: using a cfg inside a macro will use the cfgs from the destination crate and not the ones from the defining crate
   = help: try referring to `sel_impl` crate for guidance on how handle this unexpected cfg
   = help: the macro `sel_impl` may come from an old version of the `objc` crate, try updating your dependency with `cargo update -p objc`
   = note: see <https://doc.rust-lang.org/nightly/rustc/check-cfg/cargo-specifics.html> for more information about checking conditional configuration
   = note: this warning originates in the macro `sel_impl` which comes from the expansion of the macro `msg_send` (in Nightly builds, run with -Z macro-backtrace for more info)

warning: unexpected `cfg` condition value: `cargo-clippy`
  --> vendor/wgpu-hal/src/metal/layer_observer.rs:40:28
   |
40 |         unsafe { msg_send![class!(NSString), stringWithUTF8String: CONTENTS_SCALE.as_ptr()] };
   |                            ^^^^^^^^^^^^^^^^
   |
   = note: expected values for `feature` are: `device_lost_panic`, `dx12`, `fragile-send-sync-non-atomic-wasm`, `gles`, `gpu-allocator`, `internal_error_panic`, `metal`, `oom_panic`, `renderdoc`, `static-dxc`, `vulkan`, and `windows`
   = note: using a cfg inside a macro will use the cfgs from the destination crate and not the ones from the defining crate
   = help: try referring to `class` crate for guidance on how handle this unexpected cfg
   = help: the macro `class` may come from an old version of the `objc` crate, try updating your dependency with `cargo update -p objc`
   = note: see <https://doc.rust-lang.org/nightly/rustc/check-cfg/cargo-specifics.html> for more information about checking conditional configuration
   = note: this warning originates in the macro `class` (in Nightly builds, run with -Z macro-backtrace for more info)

warning: unexpected `cfg` condition value: `cargo-clippy`
  --> vendor/wgpu-hal/src/metal/layer_observer.rs:42:9
   |
42 | /         msg_send![
43 | |             root_layer,
44 | |             addObserver: this
45 | |             forKeyPath: key_path
46 | |             options: NSKeyValueObservingOptionNew | NSKeyValueObservingOptionInitial
47 | |             context: context_ptr()
48 | |         ]
   | |_________^
   |
   = note: expected values for `feature` are: `device_lost_panic`, `dx12`, `fragile-send-sync-non-atomic-wasm`, `gles`, `gpu-allocator`, `internal_error_panic`, `metal`, `oom_panic`, `renderdoc`, `static-dxc`, `vulkan`, and `windows`
   = note: using a cfg inside a macro will use the cfgs from the destination crate and not the ones from the defining crate
   = help: try referring to `sel_impl` crate for guidance on how handle this unexpected cfg
   = help: the macro `sel_impl` may come from an old version of the `objc` crate, try updating your dependency with `cargo update -p objc`
   = note: see <https://doc.rust-lang.org/nightly/rustc/check-cfg/cargo-specifics.html> for more information about checking conditional configuration
   = note: this warning originates in the macro `sel_impl` which comes from the expansion of the macro `msg_send` (in Nightly builds, run with -Z macro-backtrace for more info)

warning: unexpected `cfg` condition value: `cargo-clippy`
  --> vendor/wgpu-hal/src/metal/layer_observer.rs:52:18
   |
52 |         unsafe { msg_send![class!(NSString), stringWithUTF8String: BOUNDS.as_ptr()] };
   |                  ^^^^^^^^^^^^^^^^^^^^^^^^^^^^^^^^^^^^^^^^^^^^^^^^^^^^^^^^^^^^^^^^^^
   |
   = note: expected values for `feature` are: `device_lost_panic`, `dx12`, `fragile-send-sync-non-atomic-wasm`, `gles`, `gpu-allocator`, `internal_error_panic`, `metal`, `oom_panic`, `renderdoc`, `static-dxc`, `vulkan`, and `windows`
   = note: using a cfg inside a macro will use the cfgs from the destination crate and not the ones from the defining crate
   = help: try referring to `sel_impl` crate for guidance on how handle this unexpected cfg
   = help: the macro `sel_impl` may come from an old version of the `objc` crate, try updating your dependency with `cargo update -p objc`
   = note: see <https://doc.rust-lang.org/nightly/rustc/check-cfg/cargo-specifics.html> for more information about checking conditional configuration
   = note: this warning originates in the macro `sel_impl` which comes from the expansion of the macro `msg_send` (in Nightly builds, run with -Z macro-backtrace for more info)

warning: unexpected `cfg` condition value: `cargo-clippy`
  --> vendor/wgpu-hal/src/metal/layer_observer.rs:52:28
   |
52 |         unsafe { msg_send![class!(NSString), stringWithUTF8String: BOUNDS.as_ptr()] };
   |                            ^^^^^^^^^^^^^^^^
   |
   = note: expected values for `feature` are: `device_lost_panic`, `dx12`, `fragile-send-sync-non-atomic-wasm`, `gles`, `gpu-allocator`, `internal_error_panic`, `metal`, `oom_panic`, `renderdoc`, `static-dxc`, `vulkan`, and `windows`
   = note: using a cfg inside a macro will use the cfgs from the destination crate and not the ones from the defining crate
   = help: try referring to `class` crate for guidance on how handle this unexpected cfg
   = help: the macro `class` may come from an old version of the `objc` crate, try updating your dependency with `cargo update -p objc`
   = note: see <https://doc.rust-lang.org/nightly/rustc/check-cfg/cargo-specifics.html> for more information about checking conditional configuration
   = note: this warning originates in the macro `class` (in Nightly builds, run with -Z macro-backtrace for more info)

warning: unexpected `cfg` condition value: `cargo-clippy`
  --> vendor/wgpu-hal/src/metal/layer_observer.rs:54:9
   |
54 | /         msg_send![
55 | |             root_layer,
56 | |             addObserver: this
57 | |             forKeyPath: key_path
58 | |             options: NSKeyValueObservingOptionNew | NSKeyValueObservingOptionInitial
59 | |             context: context_ptr()
60 | |         ]
   | |_________^
   |
   = note: expected values for `feature` are: `device_lost_panic`, `dx12`, `fragile-send-sync-non-atomic-wasm`, `gles`, `gpu-allocator`, `internal_error_panic`, `metal`, `oom_panic`, `renderdoc`, `static-dxc`, `vulkan`, and `windows`
   = note: using a cfg inside a macro will use the cfgs from the destination crate and not the ones from the defining crate
   = help: try referring to `sel_impl` crate for guidance on how handle this unexpected cfg
   = help: the macro `sel_impl` may come from an old version of the `objc` crate, try updating your dependency with `cargo update -p objc`
   = note: see <https://doc.rust-lang.org/nightly/rustc/check-cfg/cargo-specifics.html> for more information about checking conditional configuration
   = note: this warning originates in the macro `sel_impl` which comes from the expansion of the macro `msg_send` (in Nightly builds, run with -Z macro-backtrace for more info)

warning: unexpected `cfg` condition value: `cargo-clippy`
  --> vendor/wgpu-hal/src/metal/layer_observer.rs:77:26
   |
77 |         let superclass = class!(CAMetalLayer);
   |                          ^^^^^^^^^^^^^^^^^^^^
   |
   = note: expected values for `feature` are: `device_lost_panic`, `dx12`, `fragile-send-sync-non-atomic-wasm`, `gles`, `gpu-allocator`, `internal_error_panic`, `metal`, `oom_panic`, `renderdoc`, `static-dxc`, `vulkan`, and `windows`
   = note: using a cfg inside a macro will use the cfgs from the destination crate and not the ones from the defining crate
   = help: try referring to `class` crate for guidance on how handle this unexpected cfg
   = help: the macro `class` may come from an old version of the `objc` crate, try updating your dependency with `cargo update -p objc`
   = note: see <https://doc.rust-lang.org/nightly/rustc/check-cfg/cargo-specifics.html> for more information about checking conditional configuration
   = note: this warning originates in the macro `class` (in Nightly builds, run with -Z macro-backtrace for more info)

warning: unexpected `cfg` condition value: `cargo-clippy`
  --> vendor/wgpu-hal/src/metal/layer_observer.rs:82:19
   |
82 |         let sel = sel!(observeValueForKeyPath:ofObject:change:context:);
   |                   ^^^^^^^^^^^^^^^^^^^^^^^^^^^^^^^^^^^^^^^^^^^^^^^^^^^^^
   |
   = note: expected values for `feature` are: `device_lost_panic`, `dx12`, `fragile-send-sync-non-atomic-wasm`, `gles`, `gpu-allocator`, `internal_error_panic`, `metal`, `oom_panic`, `renderdoc`, `static-dxc`, `vulkan`, and `windows`
   = note: using a cfg inside a macro will use the cfgs from the destination crate and not the ones from the defining crate
   = help: try referring to `sel_impl` crate for guidance on how handle this unexpected cfg
   = help: the macro `sel_impl` may come from an old version of the `objc` crate, try updating your dependency with `cargo update -p objc`
   = note: see <https://doc.rust-lang.org/nightly/rustc/check-cfg/cargo-specifics.html> for more information about checking conditional configuration
   = note: this warning originates in the macro `sel_impl` which comes from the expansion of the macro `sel` (in Nightly builds, run with -Z macro-backtrace for more info)

warning: unexpected `cfg` condition value: `cargo-clippy`
  --> vendor/wgpu-hal/src/metal/layer_observer.rs:93:19
   |
93 |         let sel = sel!(dealloc);
   |                   ^^^^^^^^^^^^^
   |
   = note: expected values for `feature` are: `device_lost_panic`, `dx12`, `fragile-send-sync-non-atomic-wasm`, `gles`, `gpu-allocator`, `internal_error_panic`, `metal`, `oom_panic`, `renderdoc`, `static-dxc`, `vulkan`, and `windows`
   = note: using a cfg inside a macro will use the cfgs from the destination crate and not the ones from the defining crate
   = help: try referring to `sel_impl` crate for guidance on how handle this unexpected cfg
   = help: the macro `sel_impl` may come from an old version of the `objc` crate, try updating your dependency with `cargo update -p objc`
   = note: see <https://doc.rust-lang.org/nightly/rustc/check-cfg/cargo-specifics.html> for more information about checking conditional configuration
   = note: this warning originates in the macro `sel_impl` which comes from the expansion of the macro `sel` (in Nightly builds, run with -Z macro-backtrace for more info)

warning: unexpected `cfg` condition value: `cargo-clippy`
   --> vendor/wgpu-hal/src/metal/layer_observer.rs:121:13
    |
121 | /             msg_send![
122 | |                 super(this, class!(CAMetalLayer)),
123 | |                 observeValueForKeyPath: key_path
124 | |                 ofObject: object
125 | |                 change: change
126 | |                 context: context
127 | |             ]
    | |_____________^
    |
    = note: expected values for `feature` are: `device_lost_panic`, `dx12`, `fragile-send-sync-non-atomic-wasm`, `gles`, `gpu-allocator`, `internal_error_panic`, `metal`, `oom_panic`, `renderdoc`, `static-dxc`, `vulkan`, and `windows`
    = note: using a cfg inside a macro will use the cfgs from the destination crate and not the ones from the defining crate
    = help: try referring to `sel_impl` crate for guidance on how handle this unexpected cfg
    = help: the macro `sel_impl` may come from an old version of the `objc` crate, try updating your dependency with `cargo update -p objc`
    = note: see <https://doc.rust-lang.org/nightly/rustc/check-cfg/cargo-specifics.html> for more information about checking conditional configuration
    = note: this warning originates in the macro `sel_impl` which comes from the expansion of the macro `msg_send` (in Nightly builds, run with -Z macro-backtrace for more info)

warning: unexpected `cfg` condition value: `cargo-clippy`
   --> vendor/wgpu-hal/src/metal/layer_observer.rs:122:29
    |
122 |                 super(this, class!(CAMetalLayer)),
    |                             ^^^^^^^^^^^^^^^^^^^^
    |
    = note: expected values for `feature` are: `device_lost_panic`, `dx12`, `fragile-send-sync-non-atomic-wasm`, `gles`, `gpu-allocator`, `internal_error_panic`, `metal`, `oom_panic`, `renderdoc`, `static-dxc`, `vulkan`, and `windows`
    = note: using a cfg inside a macro will use the cfgs from the destination crate and not the ones from the defining crate
    = help: try referring to `class` crate for guidance on how handle this unexpected cfg
    = help: the macro `class` may come from an old version of the `objc` crate, try updating your dependency with `cargo update -p objc`
    = note: see <https://doc.rust-lang.org/nightly/rustc/check-cfg/cargo-specifics.html> for more information about checking conditional configuration
    = note: this warning originates in the macro `class` (in Nightly builds, run with -Z macro-backtrace for more info)

warning: unexpected `cfg` condition value: `cargo-clippy`
   --> vendor/wgpu-hal/src/metal/layer_observer.rs:134:37
    |
134 |     let new: *mut Object = unsafe { msg_send![change, objectForKey: key] };
    |                                     ^^^^^^^^^^^^^^^^^^^^^^^^^^^^^^^^^^^^
    |
    = note: expected values for `feature` are: `device_lost_panic`, `dx12`, `fragile-send-sync-non-atomic-wasm`, `gles`, `gpu-allocator`, `internal_error_panic`, `metal`, `oom_panic`, `renderdoc`, `static-dxc`, `vulkan`, and `windows`
    = note: using a cfg inside a macro will use the cfgs from the destination crate and not the ones from the defining crate
    = help: try referring to `sel_impl` crate for guidance on how handle this unexpected cfg
    = help: the macro `sel_impl` may come from an old version of the `objc` crate, try updating your dependency with `cargo update -p objc`
    = note: see <https://doc.rust-lang.org/nightly/rustc/check-cfg/cargo-specifics.html> for more information about checking conditional configuration
    = note: this warning originates in the macro `sel_impl` which comes from the expansion of the macro `msg_send` (in Nightly builds, run with -Z macro-backtrace for more info)

warning: unexpected `cfg` condition value: `cargo-clippy`
   --> vendor/wgpu-hal/src/metal/layer_observer.rs:138:18
    |
138 |         unsafe { msg_send![class!(NSString), stringWithUTF8String: CONTENTS_SCALE.as_ptr()] };
    |                  ^^^^^^^^^^^^^^^^^^^^^^^^^^^^^^^^^^^^^^^^^^^^^^^^^^^^^^^^^^^^^^^^^^^^^^^^^^
    |
    = note: expected values for `feature` are: `device_lost_panic`, `dx12`, `fragile-send-sync-non-atomic-wasm`, `gles`, `gpu-allocator`, `internal_error_panic`, `metal`, `oom_panic`, `renderdoc`, `static-dxc`, `vulkan`, and `windows`
    = note: using a cfg inside a macro will use the cfgs from the destination crate and not the ones from the defining crate
    = help: try referring to `sel_impl` crate for guidance on how handle this unexpected cfg
    = help: the macro `sel_impl` may come from an old version of the `objc` crate, try updating your dependency with `cargo update -p objc`
    = note: see <https://doc.rust-lang.org/nightly/rustc/check-cfg/cargo-specifics.html> for more information about checking conditional configuration
    = note: this warning originates in the macro `sel_impl` which comes from the expansion of the macro `msg_send` (in Nightly builds, run with -Z macro-backtrace for more info)

warning: unexpected `cfg` condition value: `cargo-clippy`
   --> vendor/wgpu-hal/src/metal/layer_observer.rs:138:28
    |
138 |         unsafe { msg_send![class!(NSString), stringWithUTF8String: CONTENTS_SCALE.as_ptr()] };
    |                            ^^^^^^^^^^^^^^^^
    |
    = note: expected values for `feature` are: `device_lost_panic`, `dx12`, `fragile-send-sync-non-atomic-wasm`, `gles`, `gpu-allocator`, `internal_error_panic`, `metal`, `oom_panic`, `renderdoc`, `static-dxc`, `vulkan`, and `windows`
    = note: using a cfg inside a macro will use the cfgs from the destination crate and not the ones from the defining crate
    = help: try referring to `class` crate for guidance on how handle this unexpected cfg
    = help: the macro `class` may come from an old version of the `objc` crate, try updating your dependency with `cargo update -p objc`
    = note: see <https://doc.rust-lang.org/nightly/rustc/check-cfg/cargo-specifics.html> for more information about checking conditional configuration
    = note: this warning originates in the macro `class` (in Nightly builds, run with -Z macro-backtrace for more info)

warning: unexpected `cfg` condition value: `cargo-clippy`
   --> vendor/wgpu-hal/src/metal/layer_observer.rs:139:35
    |
139 |     let is_equal: BOOL = unsafe { msg_send![key_path, isEqual: to_compare] };
    |                                   ^^^^^^^^^^^^^^^^^^^^^^^^^^^^^^^^^^^^^^^^
    |
    = note: expected values for `feature` are: `device_lost_panic`, `dx12`, `fragile-send-sync-non-atomic-wasm`, `gles`, `gpu-allocator`, `internal_error_panic`, `metal`, `oom_panic`, `renderdoc`, `static-dxc`, `vulkan`, and `windows`
    = note: using a cfg inside a macro will use the cfgs from the destination crate and not the ones from the defining crate
    = help: try referring to `sel_impl` crate for guidance on how handle this unexpected cfg
    = help: the macro `sel_impl` may come from an old version of the `objc` crate, try updating your dependency with `cargo update -p objc`
    = note: see <https://doc.rust-lang.org/nightly/rustc/check-cfg/cargo-specifics.html> for more information about checking conditional configuration
    = note: this warning originates in the macro `sel_impl` which comes from the expansion of the macro `msg_send` (in Nightly builds, run with -Z macro-backtrace for more info)

warning: unexpected `cfg` condition value: `cargo-clippy`
   --> vendor/wgpu-hal/src/metal/layer_observer.rs:143:22
    |
143 |             unsafe { msg_send![new, doubleValue] }
    |                      ^^^^^^^^^^^^^^^^^^^^^^^^^^^
    |
    = note: expected values for `feature` are: `device_lost_panic`, `dx12`, `fragile-send-sync-non-atomic-wasm`, `gles`, `gpu-allocator`, `internal_error_panic`, `metal`, `oom_panic`, `renderdoc`, `static-dxc`, `vulkan`, and `windows`
    = note: using a cfg inside a macro will use the cfgs from the destination crate and not the ones from the defining crate
    = help: try referring to `sel_impl` crate for guidance on how handle this unexpected cfg
    = help: the macro `sel_impl` may come from an old version of the `objc` crate, try updating your dependency with `cargo update -p objc`
    = note: see <https://doc.rust-lang.org/nightly/rustc/check-cfg/cargo-specifics.html> for more information about checking conditional configuration
    = note: this warning originates in the macro `sel_impl` which comes from the expansion of the macro `msg_send` (in Nightly builds, run with -Z macro-backtrace for more info)

warning: unexpected `cfg` condition value: `cargo-clippy`
   --> vendor/wgpu-hal/src/metal/layer_observer.rs:145:22
    |
145 |             unsafe { msg_send![new, floatValue] }
    |                      ^^^^^^^^^^^^^^^^^^^^^^^^^^
    |
    = note: expected values for `feature` are: `device_lost_panic`, `dx12`, `fragile-send-sync-non-atomic-wasm`, `gles`, `gpu-allocator`, `internal_error_panic`, `metal`, `oom_panic`, `renderdoc`, `static-dxc`, `vulkan`, and `windows`
    = note: using a cfg inside a macro will use the cfgs from the destination crate and not the ones from the defining crate
    = help: try referring to `sel_impl` crate for guidance on how handle this unexpected cfg
    = help: the macro `sel_impl` may come from an old version of the `objc` crate, try updating your dependency with `cargo update -p objc`
    = note: see <https://doc.rust-lang.org/nightly/rustc/check-cfg/cargo-specifics.html> for more information about checking conditional configuration
    = note: this warning originates in the macro `sel_impl` which comes from the expansion of the macro `msg_send` (in Nightly builds, run with -Z macro-backtrace for more info)

warning: unexpected `cfg` condition value: `cargo-clippy`
   --> vendor/wgpu-hal/src/metal/layer_observer.rs:149:30
    |
149 |         let _: () = unsafe { msg_send![this, setContentsScale: scale_factor] };
    |                              ^^^^^^^^^^^^^^^^^^^^^^^^^^^^^^^^^^^^^^^^^^^^^^^
    |
    = note: expected values for `feature` are: `device_lost_panic`, `dx12`, `fragile-send-sync-non-atomic-wasm`, `gles`, `gpu-allocator`, `internal_error_panic`, `metal`, `oom_panic`, `renderdoc`, `static-dxc`, `vulkan`, and `windows`
    = note: using a cfg inside a macro will use the cfgs from the destination crate and not the ones from the defining crate
    = help: try referring to `sel_impl` crate for guidance on how handle this unexpected cfg
    = help: the macro `sel_impl` may come from an old version of the `objc` crate, try updating your dependency with `cargo update -p objc`
    = note: see <https://doc.rust-lang.org/nightly/rustc/check-cfg/cargo-specifics.html> for more information about checking conditional configuration
    = note: this warning originates in the macro `sel_impl` which comes from the expansion of the macro `msg_send` (in Nightly builds, run with -Z macro-backtrace for more info)

warning: unexpected `cfg` condition value: `cargo-clippy`
   --> vendor/wgpu-hal/src/metal/layer_observer.rs:154:18
    |
154 |         unsafe { msg_send![class!(NSString), stringWithUTF8String: BOUNDS.as_ptr()] };
    |                  ^^^^^^^^^^^^^^^^^^^^^^^^^^^^^^^^^^^^^^^^^^^^^^^^^^^^^^^^^^^^^^^^^^
    |
    = note: expected values for `feature` are: `device_lost_panic`, `dx12`, `fragile-send-sync-non-atomic-wasm`, `gles`, `gpu-allocator`, `internal_error_panic`, `metal`, `oom_panic`, `renderdoc`, `static-dxc`, `vulkan`, and `windows`
    = note: using a cfg inside a macro will use the cfgs from the destination crate and not the ones from the defining crate
    = help: try referring to `sel_impl` crate for guidance on how handle this unexpected cfg
    = help: the macro `sel_impl` may come from an old version of the `objc` crate, try updating your dependency with `cargo update -p objc`
    = note: see <https://doc.rust-lang.org/nightly/rustc/check-cfg/cargo-specifics.html> for more information about checking conditional configuration
    = note: this warning originates in the macro `sel_impl` which comes from the expansion of the macro `msg_send` (in Nightly builds, run with -Z macro-backtrace for more info)

warning: unexpected `cfg` condition value: `cargo-clippy`
   --> vendor/wgpu-hal/src/metal/layer_observer.rs:154:28
    |
154 |         unsafe { msg_send![class!(NSString), stringWithUTF8String: BOUNDS.as_ptr()] };
    |                            ^^^^^^^^^^^^^^^^
    |
    = note: expected values for `feature` are: `device_lost_panic`, `dx12`, `fragile-send-sync-non-atomic-wasm`, `gles`, `gpu-allocator`, `internal_error_panic`, `metal`, `oom_panic`, `renderdoc`, `static-dxc`, `vulkan`, and `windows`
    = note: using a cfg inside a macro will use the cfgs from the destination crate and not the ones from the defining crate
    = help: try referring to `class` crate for guidance on how handle this unexpected cfg
    = help: the macro `class` may come from an old version of the `objc` crate, try updating your dependency with `cargo update -p objc`
    = note: see <https://doc.rust-lang.org/nightly/rustc/check-cfg/cargo-specifics.html> for more information about checking conditional configuration
    = note: this warning originates in the macro `class` (in Nightly builds, run with -Z macro-backtrace for more info)

warning: unexpected `cfg` condition value: `cargo-clippy`
   --> vendor/wgpu-hal/src/metal/layer_observer.rs:155:35
    |
155 |     let is_equal: BOOL = unsafe { msg_send![key_path, isEqual: to_compare] };
    |                                   ^^^^^^^^^^^^^^^^^^^^^^^^^^^^^^^^^^^^^^^^
    |
    = note: expected values for `feature` are: `device_lost_panic`, `dx12`, `fragile-send-sync-non-atomic-wasm`, `gles`, `gpu-allocator`, `internal_error_panic`, `metal`, `oom_panic`, `renderdoc`, `static-dxc`, `vulkan`, and `windows`
    = note: using a cfg inside a macro will use the cfgs from the destination crate and not the ones from the defining crate
    = help: try referring to `sel_impl` crate for guidance on how handle this unexpected cfg
    = help: the macro `sel_impl` may come from an old version of the `objc` crate, try updating your dependency with `cargo update -p objc`
    = note: see <https://doc.rust-lang.org/nightly/rustc/check-cfg/cargo-specifics.html> for more information about checking conditional configuration
    = note: this warning originates in the macro `sel_impl` which comes from the expansion of the macro `msg_send` (in Nightly builds, run with -Z macro-backtrace for more info)

warning: unexpected `cfg` condition value: `cargo-clippy`
   --> vendor/wgpu-hal/src/metal/layer_observer.rs:158:39
    |
158 |         let bounds: CGRect = unsafe { msg_send![new, rectValue] };
    |                                       ^^^^^^^^^^^^^^^^^^^^^^^^^
    |
    = note: expected values for `feature` are: `device_lost_panic`, `dx12`, `fragile-send-sync-non-atomic-wasm`, `gles`, `gpu-allocator`, `internal_error_panic`, `metal`, `oom_panic`, `renderdoc`, `static-dxc`, `vulkan`, and `windows`
    = note: using a cfg inside a macro will use the cfgs from the destination crate and not the ones from the defining crate
    = help: try referring to `sel_impl` crate for guidance on how handle this unexpected cfg
    = help: the macro `sel_impl` may come from an old version of the `objc` crate, try updating your dependency with `cargo update -p objc`
    = note: see <https://doc.rust-lang.org/nightly/rustc/check-cfg/cargo-specifics.html> for more information about checking conditional configuration
    = note: this warning originates in the macro `sel_impl` which comes from the expansion of the macro `msg_send` (in Nightly builds, run with -Z macro-backtrace for more info)

warning: unexpected `cfg` condition value: `cargo-clippy`
   --> vendor/wgpu-hal/src/metal/layer_observer.rs:164:30
    |
164 |         let _: () = unsafe { msg_send![this, setFrame: bounds] };
    |                              ^^^^^^^^^^^^^^^^^^^^^^^^^^^^^^^^^
    |
    = note: expected values for `feature` are: `device_lost_panic`, `dx12`, `fragile-send-sync-non-atomic-wasm`, `gles`, `gpu-allocator`, `internal_error_panic`, `metal`, `oom_panic`, `renderdoc`, `static-dxc`, `vulkan`, and `windows`
    = note: using a cfg inside a macro will use the cfgs from the destination crate and not the ones from the defining crate
    = help: try referring to `sel_impl` crate for guidance on how handle this unexpected cfg
    = help: the macro `sel_impl` may come from an old version of the `objc` crate, try updating your dependency with `cargo update -p objc`
    = note: see <https://doc.rust-lang.org/nightly/rustc/check-cfg/cargo-specifics.html> for more information about checking conditional configuration
    = note: this warning originates in the macro `sel_impl` which comes from the expansion of the macro `msg_send` (in Nightly builds, run with -Z macro-backtrace for more info)

warning: unexpected `cfg` condition value: `cargo-clippy`
   --> vendor/wgpu-hal/src/metal/layer_observer.rs:180:44
    |
180 |     let root_layer: *mut Object = unsafe { msg_send![this, superlayer] };
    |                                            ^^^^^^^^^^^^^^^^^^^^^^^^^^^
    |
    = note: expected values for `feature` are: `device_lost_panic`, `dx12`, `fragile-send-sync-non-atomic-wasm`, `gles`, `gpu-allocator`, `internal_error_panic`, `metal`, `oom_panic`, `renderdoc`, `static-dxc`, `vulkan`, and `windows`
    = note: using a cfg inside a macro will use the cfgs from the destination crate and not the ones from the defining crate
    = help: try referring to `sel_impl` crate for guidance on how handle this unexpected cfg
    = help: the macro `sel_impl` may come from an old version of the `objc` crate, try updating your dependency with `cargo update -p objc`
    = note: see <https://doc.rust-lang.org/nightly/rustc/check-cfg/cargo-specifics.html> for more information about checking conditional configuration
    = note: this warning originates in the macro `sel_impl` which comes from the expansion of the macro `msg_send` (in Nightly builds, run with -Z macro-backtrace for more info)

warning: unexpected `cfg` condition value: `cargo-clippy`
   --> vendor/wgpu-hal/src/metal/layer_observer.rs:183:22
    |
183 |             unsafe { msg_send![class!(NSString), stringWithUTF8String: CONTENTS_SCALE.as_ptr()] };
    |                      ^^^^^^^^^^^^^^^^^^^^^^^^^^^^^^^^^^^^^^^^^^^^^^^^^^^^^^^^^^^^^^^^^^^^^^^^^^
    |
    = note: expected values for `feature` are: `device_lost_panic`, `dx12`, `fragile-send-sync-non-atomic-wasm`, `gles`, `gpu-allocator`, `internal_error_panic`, `metal`, `oom_panic`, `renderdoc`, `static-dxc`, `vulkan`, and `windows`
    = note: using a cfg inside a macro will use the cfgs from the destination crate and not the ones from the defining crate
    = help: try referring to `sel_impl` crate for guidance on how handle this unexpected cfg
    = help: the macro `sel_impl` may come from an old version of the `objc` crate, try updating your dependency with `cargo update -p objc`
    = note: see <https://doc.rust-lang.org/nightly/rustc/check-cfg/cargo-specifics.html> for more information about checking conditional configuration
    = note: this warning originates in the macro `sel_impl` which comes from the expansion of the macro `msg_send` (in Nightly builds, run with -Z macro-backtrace for more info)

warning: unexpected `cfg` condition value: `cargo-clippy`
   --> vendor/wgpu-hal/src/metal/layer_observer.rs:183:32
    |
183 |             unsafe { msg_send![class!(NSString), stringWithUTF8String: CONTENTS_SCALE.as_ptr()] };
    |                                ^^^^^^^^^^^^^^^^
    |
    = note: expected values for `feature` are: `device_lost_panic`, `dx12`, `fragile-send-sync-non-atomic-wasm`, `gles`, `gpu-allocator`, `internal_error_panic`, `metal`, `oom_panic`, `renderdoc`, `static-dxc`, `vulkan`, and `windows`
    = note: using a cfg inside a macro will use the cfgs from the destination crate and not the ones from the defining crate
    = help: try referring to `class` crate for guidance on how handle this unexpected cfg
    = help: the macro `class` may come from an old version of the `objc` crate, try updating your dependency with `cargo update -p objc`
    = note: see <https://doc.rust-lang.org/nightly/rustc/check-cfg/cargo-specifics.html> for more information about checking conditional configuration
    = note: this warning originates in the macro `class` (in Nightly builds, run with -Z macro-backtrace for more info)

warning: unexpected `cfg` condition value: `cargo-clippy`
   --> vendor/wgpu-hal/src/metal/layer_observer.rs:184:30
    |
184 |         let _: () = unsafe { msg_send![root_layer, removeObserver: this forKeyPath: key_path] };
    |                              ^^^^^^^^^^^^^^^^^^^^^^^^^^^^^^^^^^^^^^^^^^^^^^^^^^^^^^^^^^^^^^^^
    |
    = note: expected values for `feature` are: `device_lost_panic`, `dx12`, `fragile-send-sync-non-atomic-wasm`, `gles`, `gpu-allocator`, `internal_error_panic`, `metal`, `oom_panic`, `renderdoc`, `static-dxc`, `vulkan`, and `windows`
    = note: using a cfg inside a macro will use the cfgs from the destination crate and not the ones from the defining crate
    = help: try referring to `sel_impl` crate for guidance on how handle this unexpected cfg
    = help: the macro `sel_impl` may come from an old version of the `objc` crate, try updating your dependency with `cargo update -p objc`
    = note: see <https://doc.rust-lang.org/nightly/rustc/check-cfg/cargo-specifics.html> for more information about checking conditional configuration
    = note: this warning originates in the macro `sel_impl` which comes from the expansion of the macro `msg_send` (in Nightly builds, run with -Z macro-backtrace for more info)

warning: unexpected `cfg` condition value: `cargo-clippy`
   --> vendor/wgpu-hal/src/metal/layer_observer.rs:187:22
    |
187 |             unsafe { msg_send![class!(NSString), stringWithUTF8String: BOUNDS.as_ptr()] };
    |                      ^^^^^^^^^^^^^^^^^^^^^^^^^^^^^^^^^^^^^^^^^^^^^^^^^^^^^^^^^^^^^^^^^^
    |
    = note: expected values for `feature` are: `device_lost_panic`, `dx12`, `fragile-send-sync-non-atomic-wasm`, `gles`, `gpu-allocator`, `internal_error_panic`, `metal`, `oom_panic`, `renderdoc`, `static-dxc`, `vulkan`, and `windows`
    = note: using a cfg inside a macro will use the cfgs from the destination crate and not the ones from the defining crate
    = help: try referring to `sel_impl` crate for guidance on how handle this unexpected cfg
    = help: the macro `sel_impl` may come from an old version of the `objc` crate, try updating your dependency with `cargo update -p objc`
    = note: see <https://doc.rust-lang.org/nightly/rustc/check-cfg/cargo-specifics.html> for more information about checking conditional configuration
    = note: this warning originates in the macro `sel_impl` which comes from the expansion of the macro `msg_send` (in Nightly builds, run with -Z macro-backtrace for more info)

warning: unexpected `cfg` condition value: `cargo-clippy`
   --> vendor/wgpu-hal/src/metal/layer_observer.rs:187:32
    |
187 |             unsafe { msg_send![class!(NSString), stringWithUTF8String: BOUNDS.as_ptr()] };
    |                                ^^^^^^^^^^^^^^^^
    |
    = note: expected values for `feature` are: `device_lost_panic`, `dx12`, `fragile-send-sync-non-atomic-wasm`, `gles`, `gpu-allocator`, `internal_error_panic`, `metal`, `oom_panic`, `renderdoc`, `static-dxc`, `vulkan`, and `windows`
    = note: using a cfg inside a macro will use the cfgs from the destination crate and not the ones from the defining crate
    = help: try referring to `class` crate for guidance on how handle this unexpected cfg
    = help: the macro `class` may come from an old version of the `objc` crate, try updating your dependency with `cargo update -p objc`
    = note: see <https://doc.rust-lang.org/nightly/rustc/check-cfg/cargo-specifics.html> for more information about checking conditional configuration
    = note: this warning originates in the macro `class` (in Nightly builds, run with -Z macro-backtrace for more info)

warning: unexpected `cfg` condition value: `cargo-clippy`
   --> vendor/wgpu-hal/src/metal/layer_observer.rs:188:30
    |
188 |         let _: () = unsafe { msg_send![root_layer, removeObserver: this forKeyPath: key_path] };
    |                              ^^^^^^^^^^^^^^^^^^^^^^^^^^^^^^^^^^^^^^^^^^^^^^^^^^^^^^^^^^^^^^^^
    |
    = note: expected values for `feature` are: `device_lost_panic`, `dx12`, `fragile-send-sync-non-atomic-wasm`, `gles`, `gpu-allocator`, `internal_error_panic`, `metal`, `oom_panic`, `renderdoc`, `static-dxc`, `vulkan`, and `windows`
    = note: using a cfg inside a macro will use the cfgs from the destination crate and not the ones from the defining crate
    = help: try referring to `sel_impl` crate for guidance on how handle this unexpected cfg
    = help: the macro `sel_impl` may come from an old version of the `objc` crate, try updating your dependency with `cargo update -p objc`
    = note: see <https://doc.rust-lang.org/nightly/rustc/check-cfg/cargo-specifics.html> for more information about checking conditional configuration
    = note: this warning originates in the macro `sel_impl` which comes from the expansion of the macro `msg_send` (in Nightly builds, run with -Z macro-backtrace for more info)

warning: unexpected `cfg` condition value: `cargo-clippy`
   --> vendor/wgpu-hal/src/metal/layer_observer.rs:191:26
    |
191 |     let _: () = unsafe { msg_send![super(this, class!(CAMetalLayer)), dealloc] };
    |                          ^^^^^^^^^^^^^^^^^^^^^^^^^^^^^^^^^^^^^^^^^^^^^^^^^^^^^
    |
    = note: expected values for `feature` are: `device_lost_panic`, `dx12`, `fragile-send-sync-non-atomic-wasm`, `gles`, `gpu-allocator`, `internal_error_panic`, `metal`, `oom_panic`, `renderdoc`, `static-dxc`, `vulkan`, and `windows`
    = note: using a cfg inside a macro will use the cfgs from the destination crate and not the ones from the defining crate
    = help: try referring to `sel_impl` crate for guidance on how handle this unexpected cfg
    = help: the macro `sel_impl` may come from an old version of the `objc` crate, try updating your dependency with `cargo update -p objc`
    = note: see <https://doc.rust-lang.org/nightly/rustc/check-cfg/cargo-specifics.html> for more information about checking conditional configuration
    = note: this warning originates in the macro `sel_impl` which comes from the expansion of the macro `msg_send` (in Nightly builds, run with -Z macro-backtrace for more info)

warning: unexpected `cfg` condition value: `cargo-clippy`
   --> vendor/wgpu-hal/src/metal/layer_observer.rs:191:48
    |
191 |     let _: () = unsafe { msg_send![super(this, class!(CAMetalLayer)), dealloc] };
    |                                                ^^^^^^^^^^^^^^^^^^^^
    |
    = note: expected values for `feature` are: `device_lost_panic`, `dx12`, `fragile-send-sync-non-atomic-wasm`, `gles`, `gpu-allocator`, `internal_error_panic`, `metal`, `oom_panic`, `renderdoc`, `static-dxc`, `vulkan`, and `windows`
    = note: using a cfg inside a macro will use the cfgs from the destination crate and not the ones from the defining crate
    = help: try referring to `class` crate for guidance on how handle this unexpected cfg
    = help: the macro `class` may come from an old version of the `objc` crate, try updating your dependency with `cargo update -p objc`
    = note: see <https://doc.rust-lang.org/nightly/rustc/check-cfg/cargo-specifics.html> for more information about checking conditional configuration
    = note: this warning originates in the macro `class` (in Nightly builds, run with -Z macro-backtrace for more info)

warning: unexpected `cfg` condition value: `cargo-clippy`
  --> vendor/wgpu-hal/src/metal/surface.rs:48:21
   |
48 |         let class = class!(CAMetalLayer);
   |                     ^^^^^^^^^^^^^^^^^^^^
   |
   = note: expected values for `feature` are: `device_lost_panic`, `dx12`, `fragile-send-sync-non-atomic-wasm`, `gles`, `gpu-allocator`, `internal_error_panic`, `metal`, `oom_panic`, `renderdoc`, `static-dxc`, `vulkan`, and `windows`
   = note: using a cfg inside a macro will use the cfgs from the destination crate and not the ones from the defining crate
   = help: try referring to `class` crate for guidance on how handle this unexpected cfg
   = help: the macro `class` may come from an old version of the `objc` crate, try updating your dependency with `cargo update -p objc`
   = note: see <https://doc.rust-lang.org/nightly/rustc/check-cfg/cargo-specifics.html> for more information about checking conditional configuration
   = note: this warning originates in the macro `class` (in Nightly builds, run with -Z macro-backtrace for more info)

warning: unexpected `cfg` condition value: `cargo-clippy`
  --> vendor/wgpu-hal/src/metal/surface.rs:49:33
   |
49 |         let proper_kind: BOOL = msg_send![layer, isKindOfClass: class];
   |                                 ^^^^^^^^^^^^^^^^^^^^^^^^^^^^^^^^^^^^^^
   |
   = note: expected values for `feature` are: `device_lost_panic`, `dx12`, `fragile-send-sync-non-atomic-wasm`, `gles`, `gpu-allocator`, `internal_error_panic`, `metal`, `oom_panic`, `renderdoc`, `static-dxc`, `vulkan`, and `windows`
   = note: using a cfg inside a macro will use the cfgs from the destination crate and not the ones from the defining crate
   = help: try referring to `sel_impl` crate for guidance on how handle this unexpected cfg
   = help: the macro `sel_impl` may come from an old version of the `objc` crate, try updating your dependency with `cargo update -p objc`
   = note: see <https://doc.rust-lang.org/nightly/rustc/check-cfg/cargo-specifics.html> for more information about checking conditional configuration
   = note: this warning originates in the macro `sel_impl` which comes from the expansion of the macro `msg_send` (in Nightly builds, run with -Z macro-backtrace for more info)

warning: unexpected `cfg` condition value: `cargo-clippy`
  --> vendor/wgpu-hal/src/metal/surface.rs:65:36
   |
65 |         let is_main_thread: BOOL = msg_send![class!(NSThread), isMainThread];
   |                                    ^^^^^^^^^^^^^^^^^^^^^^^^^^^^^^^^^^^^^^^^^
   |
   = note: expected values for `feature` are: `device_lost_panic`, `dx12`, `fragile-send-sync-non-atomic-wasm`, `gles`, `gpu-allocator`, `internal_error_panic`, `metal`, `oom_panic`, `renderdoc`, `static-dxc`, `vulkan`, and `windows`
   = note: using a cfg inside a macro will use the cfgs from the destination crate and not the ones from the defining crate
   = help: try referring to `sel_impl` crate for guidance on how handle this unexpected cfg
   = help: the macro `sel_impl` may come from an old version of the `objc` crate, try updating your dependency with `cargo update -p objc`
   = note: see <https://doc.rust-lang.org/nightly/rustc/check-cfg/cargo-specifics.html> for more information about checking conditional configuration
   = note: this warning originates in the macro `sel_impl` which comes from the expansion of the macro `msg_send` (in Nightly builds, run with -Z macro-backtrace for more info)

warning: unexpected `cfg` condition value: `cargo-clippy`
  --> vendor/wgpu-hal/src/metal/surface.rs:65:46
   |
65 |         let is_main_thread: BOOL = msg_send![class!(NSThread), isMainThread];
   |                                              ^^^^^^^^^^^^^^^^
   |
   = note: expected values for `feature` are: `device_lost_panic`, `dx12`, `fragile-send-sync-non-atomic-wasm`, `gles`, `gpu-allocator`, `internal_error_panic`, `metal`, `oom_panic`, `renderdoc`, `static-dxc`, `vulkan`, and `windows`
   = note: using a cfg inside a macro will use the cfgs from the destination crate and not the ones from the defining crate
   = help: try referring to `class` crate for guidance on how handle this unexpected cfg
   = help: the macro `class` may come from an old version of the `objc` crate, try updating your dependency with `cargo update -p objc`
   = note: see <https://doc.rust-lang.org/nightly/rustc/check-cfg/cargo-specifics.html> for more information about checking conditional configuration
   = note: this warning originates in the macro `class` (in Nightly builds, run with -Z macro-backtrace for more info)

warning: unexpected `cfg` condition value: `cargo-clippy`
  --> vendor/wgpu-hal/src/metal/surface.rs:73:18
   |
73 |         let () = msg_send![view.as_ptr(), setWantsLayer: YES];
   |                  ^^^^^^^^^^^^^^^^^^^^^^^^^^^^^^^^^^^^^^^^^^^^
   |
   = note: expected values for `feature` are: `device_lost_panic`, `dx12`, `fragile-send-sync-non-atomic-wasm`, `gles`, `gpu-allocator`, `internal_error_panic`, `metal`, `oom_panic`, `renderdoc`, `static-dxc`, `vulkan`, and `windows`
   = note: using a cfg inside a macro will use the cfgs from the destination crate and not the ones from the defining crate
   = help: try referring to `sel_impl` crate for guidance on how handle this unexpected cfg
   = help: the macro `sel_impl` may come from an old version of the `objc` crate, try updating your dependency with `cargo update -p objc`
   = note: see <https://doc.rust-lang.org/nightly/rustc/check-cfg/cargo-specifics.html> for more information about checking conditional configuration
   = note: this warning originates in the macro `sel_impl` which comes from the expansion of the macro `msg_send` (in Nightly builds, run with -Z macro-backtrace for more info)

warning: unexpected `cfg` condition value: `cargo-clippy`
  --> vendor/wgpu-hal/src/metal/surface.rs:75:39
   |
75 |         let root_layer: *mut Object = msg_send![view.as_ptr(), layer];
   |                                       ^^^^^^^^^^^^^^^^^^^^^^^^^^^^^^^
   |
   = note: expected values for `feature` are: `device_lost_panic`, `dx12`, `fragile-send-sync-non-atomic-wasm`, `gles`, `gpu-allocator`, `internal_error_panic`, `metal`, `oom_panic`, `renderdoc`, `static-dxc`, `vulkan`, and `windows`
   = note: using a cfg inside a macro will use the cfgs from the destination crate and not the ones from the defining crate
   = help: try referring to `sel_impl` crate for guidance on how handle this unexpected cfg
   = help: the macro `sel_impl` may come from an old version of the `objc` crate, try updating your dependency with `cargo update -p objc`
   = note: see <https://doc.rust-lang.org/nightly/rustc/check-cfg/cargo-specifics.html> for more information about checking conditional configuration
   = note: this warning originates in the macro `sel_impl` which comes from the expansion of the macro `msg_send` (in Nightly builds, run with -Z macro-backtrace for more info)

warning: unexpected `cfg` condition value: `cargo-clippy`
  --> vendor/wgpu-hal/src/metal/surface.rs:88:36
   |
88 |         let is_metal_layer: BOOL = msg_send![root_layer, isKindOfClass: class!(CAMetalLayer)];
   |                                    ^^^^^^^^^^^^^^^^^^^^^^^^^^^^^^^^^^^^^^^^^^^^^^^^^^^^^^^^^^
   |
   = note: expected values for `feature` are: `device_lost_panic`, `dx12`, `fragile-send-sync-non-atomic-wasm`, `gles`, `gpu-allocator`, `internal_error_panic`, `metal`, `oom_panic`, `renderdoc`, `static-dxc`, `vulkan`, and `windows`
   = note: using a cfg inside a macro will use the cfgs from the destination crate and not the ones from the defining crate
   = help: try referring to `sel_impl` crate for guidance on how handle this unexpected cfg
   = help: the macro `sel_impl` may come from an old version of the `objc` crate, try updating your dependency with `cargo update -p objc`
   = note: see <https://doc.rust-lang.org/nightly/rustc/check-cfg/cargo-specifics.html> for more information about checking conditional configuration
   = note: this warning originates in the macro `sel_impl` which comes from the expansion of the macro `msg_send` (in Nightly builds, run with -Z macro-backtrace for more info)

warning: unexpected `cfg` condition value: `cargo-clippy`
  --> vendor/wgpu-hal/src/metal/surface.rs:88:73
   |
88 |         let is_metal_layer: BOOL = msg_send![root_layer, isKindOfClass: class!(CAMetalLayer)];
   |                                                                         ^^^^^^^^^^^^^^^^^^^^
   |
   = note: expected values for `feature` are: `device_lost_panic`, `dx12`, `fragile-send-sync-non-atomic-wasm`, `gles`, `gpu-allocator`, `internal_error_panic`, `metal`, `oom_panic`, `renderdoc`, `static-dxc`, `vulkan`, and `windows`
   = note: using a cfg inside a macro will use the cfgs from the destination crate and not the ones from the defining crate
   = help: try referring to `class` crate for guidance on how handle this unexpected cfg
   = help: the macro `class` may come from an old version of the `objc` crate, try updating your dependency with `cargo update -p objc`
   = note: see <https://doc.rust-lang.org/nightly/rustc/check-cfg/cargo-specifics.html> for more information about checking conditional configuration
   = note: this warning originates in the macro `class` (in Nightly builds, run with -Z macro-backtrace for more info)

warning: unexpected `cfg` condition value: `cargo-clippy`
   --> vendor/wgpu-hal/src/metal/surface.rs:115:34
    |
115 |             let bounds: CGRect = msg_send![render_layer, bounds];
    |                                  ^^^^^^^^^^^^^^^^^^^^^^^^^^^^^^^
    |
    = note: expected values for `feature` are: `device_lost_panic`, `dx12`, `fragile-send-sync-non-atomic-wasm`, `gles`, `gpu-allocator`, `internal_error_panic`, `metal`, `oom_panic`, `renderdoc`, `static-dxc`, `vulkan`, and `windows`
    = note: using a cfg inside a macro will use the cfgs from the destination crate and not the ones from the defining crate
    = help: try referring to `sel_impl` crate for guidance on how handle this unexpected cfg
    = help: the macro `sel_impl` may come from an old version of the `objc` crate, try updating your dependency with `cargo update -p objc`
    = note: see <https://doc.rust-lang.org/nightly/rustc/check-cfg/cargo-specifics.html> for more information about checking conditional configuration
    = note: this warning originates in the macro `sel_impl` which comes from the expansion of the macro `msg_send` (in Nightly builds, run with -Z macro-backtrace for more info)

warning: unexpected `cfg` condition value: `cargo-clippy`
   --> vendor/wgpu-hal/src/metal/surface.rs:116:43
    |
116 |             let contents_scale: CGFloat = msg_send![render_layer, contentsScale];
    |                                           ^^^^^^^^^^^^^^^^^^^^^^^^^^^^^^^^^^^^^^
    |
    = note: expected values for `feature` are: `device_lost_panic`, `dx12`, `fragile-send-sync-non-atomic-wasm`, `gles`, `gpu-allocator`, `internal_error_panic`, `metal`, `oom_panic`, `renderdoc`, `static-dxc`, `vulkan`, and `windows`
    = note: using a cfg inside a macro will use the cfgs from the destination crate and not the ones from the defining crate
    = help: try referring to `sel_impl` crate for guidance on how handle this unexpected cfg
    = help: the macro `sel_impl` may come from an old version of the `objc` crate, try updating your dependency with `cargo update -p objc`
    = note: see <https://doc.rust-lang.org/nightly/rustc/check-cfg/cargo-specifics.html> for more information about checking conditional configuration
    = note: this warning originates in the macro `sel_impl` which comes from the expansion of the macro `msg_send` (in Nightly builds, run with -Z macro-backtrace for more info)

warning: unexpected `cfg` condition value: `cargo-clippy`
   --> vendor/wgpu-hal/src/metal/surface.rs:173:22
    |
173 |             let () = msg_send![*render_layer, setAllowsNextDrawableTimeout:false];
    |                      ^^^^^^^^^^^^^^^^^^^^^^^^^^^^^^^^^^^^^^^^^^^^^^^^^^^^^^^^^^^^
    |
    = note: expected values for `feature` are: `device_lost_panic`, `dx12`, `fragile-send-sync-non-atomic-wasm`, `gles`, `gpu-allocator`, `internal_error_panic`, `metal`, `oom_panic`, `renderdoc`, `static-dxc`, `vulkan`, and `windows`
    = note: using a cfg inside a macro will use the cfgs from the destination crate and not the ones from the defining crate
    = help: try referring to `sel_impl` crate for guidance on how handle this unexpected cfg
    = help: the macro `sel_impl` may come from an old version of the `objc` crate, try updating your dependency with `cargo update -p objc`
    = note: see <https://doc.rust-lang.org/nightly/rustc/check-cfg/cargo-specifics.html> for more information about checking conditional configuration
    = note: this warning originates in the macro `sel_impl` which comes from the expansion of the macro `msg_send` (in Nightly builds, run with -Z macro-backtrace for more info)

warning: unexpected `cfg` condition value: `cargo-clippy`
   --> vendor/wgpu-hal/src/metal/surface.rs:176:22
    |
176 |             let () = msg_send![*render_layer, setDisplaySyncEnabled: display_sync];
    |                      ^^^^^^^^^^^^^^^^^^^^^^^^^^^^^^^^^^^^^^^^^^^^^^^^^^^^^^^^^^^^^
    |
    = note: expected values for `feature` are: `device_lost_panic`, `dx12`, `fragile-send-sync-non-atomic-wasm`, `gles`, `gpu-allocator`, `internal_error_panic`, `metal`, `oom_panic`, `renderdoc`, `static-dxc`, `vulkan`, and `windows`
    = note: using a cfg inside a macro will use the cfgs from the destination crate and not the ones from the defining crate
    = help: try referring to `sel_impl` crate for guidance on how handle this unexpected cfg
    = help: the macro `sel_impl` may come from an old version of the `objc` crate, try updating your dependency with `cargo update -p objc`
    = note: see <https://doc.rust-lang.org/nightly/rustc/check-cfg/cargo-specifics.html> for more information about checking conditional configuration
    = note: this warning originates in the macro `sel_impl` which comes from the expansion of the macro `msg_send` (in Nightly builds, run with -Z macro-backtrace for more info)

warning: `wgpu-hal` (lib) generated 50 warnings
warning: unused variable: `super_key`
   --> src/native_terminal/input.rs:366:13
    |
366 |         let super_key = KeyModifiers {
    |             ^^^^^^^^^ help: if this is intentional, prefix it with an underscore: `_super_key`
    |
    = note: `#[warn(unused_variables)]` (part of `#[warn(unused)]`) on by default

warning: variable does not need to be mutable
   --> src/native_terminal/renderer/font_manager.rs:155:13
    |
155 |         let mut buffer = vec![0u8; total_pixels];
    |             ----^^^^^^
    |             |
    |             help: remove this `mut`
    |
    = note: `#[warn(unused_mut)]` (part of `#[warn(unused)]`) on by default

warning: field `app` is never read
  --> src/ipc/notifications.rs:28:5
   |
27 | pub struct TauriNotificationBackend<R: Runtime> {
   |            ------------------------ field in this struct
28 |     app: AppHandle<R>,
   |     ^^^
   |
   = note: `#[warn(dead_code)]` (part of `#[warn(unused)]`) on by default

warning: method `wait_and_reap` is never used
   --> src/terminal/session.rs:270:19
    |
 61 | impl PtySession {
    | --------------- method in this implementation
...
270 |     pub(crate) fn wait_and_reap(&self) -> Result<Option<i32>, PtyError> {
    |                   ^^^^^^^^^^^^^

warning: struct `WriterLeaseGuard` is never constructed
  --> src/worktree/manager.rs:57:19
   |
57 | pub(crate) struct WriterLeaseGuard {
   |                   ^^^^^^^^^^^^^^^^

warning: associated items `new`, `canonical_path`, and `owner_id` are never used
  --> src/worktree/manager.rs:64:8
   |
63 | impl WriterLeaseGuard {
   | --------------------- associated items in this implementation
64 |     fn new(registry: WriterLeaseRegistry, canonical_path: PathBuf, owner_id: String) -> Self {
   |        ^^^
...
72 |     pub(crate) fn canonical_path(&self) -> &Path {
   |                   ^^^^^^^^^^^^^^
...
76 |     pub(crate) fn owner_id(&self) -> &str {
   |                   ^^^^^^^^

warning: method `acquire_writer_lease` is never used
   --> src/worktree/manager.rs:309:19
    |
105 | impl WorktreeManager {
    | -------------------- method in this implementation
...
309 |     pub(crate) fn acquire_writer_lease(
    |                   ^^^^^^^^^^^^^^^^^^^^

warning: `ferryx` (lib test) generated 7 warnings (run `cargo fix --lib -p ferryx --tests` to apply 2 suggestions)
    Finished `test` profile [unoptimized + debuginfo] target(s) in 0.27s
     Running unittests src/lib.rs (src-tauri/target/debug/deps/ferryx_lib-f277dedbac8184e5)

running 13 tests
test terminal::shell::tests::test_agent_resume_validation_rejects_empty_or_too_long ... ok
test terminal::shell::tests::test_agent_resume_validation_rejects_wrong_key ... ok
test terminal::shell::tests::test_agent_resume_validation_rejects_control_characters ... ok
test terminal::shell::tests::test_agent_resume_validation_rejects_leading_dash ... ok
test terminal::shell::tests::test_agent_resume_validation_rejects_unsupported_agent ... ok
test terminal::shell::tests::test_agent_resume_validation_rejects_missing_transcript_for_pi_and_prime ... ok
test terminal::shell::tests::test_agent_resume_validation_rejects_latest ... ok
test terminal::shell::tests::test_agent_resume_validates_bounded_absolute_transcript_paths ... ok
test daemon::server::tests::test_agent_resume_failed_spawn_does_not_leak_claim ... ok
test daemon::server::tests::test_agent_resume_competing_claim_conflicts_and_releases ... ok
test daemon::server::tests::test_agent_resume_identical_request_is_one_spawn ... ok
test daemon::server::tests::test_agent_resume_production_spawn_path_fences_duplicates_and_conflicts ... ok
test daemon::server::tests::test_agent_resume_idempotency_fingerprint_includes_full_startup_payload ... ok

test result: ok. 13 passed; 0 failed; 0 ignored; 0 measured; 616 filtered out; finished in 0.28s

EXIT: 0

COMMAND: cargo test --manifest-path src-tauri/Cargo.toml --lib test_project_registration_then_daemon_spawn
warning: unexpected `cfg` condition value: `cargo-clippy`
   --> vendor/wgpu-hal/src/metal/adapter.rs:540:17
    |
540 |                 msg_send![class!(NSProcessInfo), processInfo];
    |                 ^^^^^^^^^^^^^^^^^^^^^^^^^^^^^^^^^^^^^^^^^^^^^
    |
    = note: expected values for `feature` are: `device_lost_panic`, `dx12`, `fragile-send-sync-non-atomic-wasm`, `gles`, `gpu-allocator`, `internal_error_panic`, `metal`, `oom_panic`, `renderdoc`, `static-dxc`, `vulkan`, and `windows`
    = note: using a cfg inside a macro will use the cfgs from the destination crate and not the ones from the defining crate
    = help: try referring to `sel_impl` crate for guidance on how handle this unexpected cfg
    = help: the macro `sel_impl` may come from an old version of the `objc` crate, try updating your dependency with `cargo update -p objc`
    = note: see <https://doc.rust-lang.org/nightly/rustc/check-cfg/cargo-specifics.html> for more information about checking conditional configuration
    = note: requested on the command line with `-W unexpected-cfgs`
    = note: this warning originates in the macro `sel_impl` which comes from the expansion of the macro `msg_send` (in Nightly builds, run with -Z macro-backtrace for more info)

warning: unexpected `cfg` condition value: `cargo-clippy`
   --> vendor/wgpu-hal/src/metal/adapter.rs:540:27
    |
540 |                 msg_send![class!(NSProcessInfo), processInfo];
    |                           ^^^^^^^^^^^^^^^^^^^^^
    |
    = note: expected values for `feature` are: `device_lost_panic`, `dx12`, `fragile-send-sync-non-atomic-wasm`, `gles`, `gpu-allocator`, `internal_error_panic`, `metal`, `oom_panic`, `renderdoc`, `static-dxc`, `vulkan`, and `windows`
    = note: using a cfg inside a macro will use the cfgs from the destination crate and not the ones from the defining crate
    = help: try referring to `class` crate for guidance on how handle this unexpected cfg
    = help: the macro `class` may come from an old version of the `objc` crate, try updating your dependency with `cargo update -p objc`
    = note: see <https://doc.rust-lang.org/nightly/rustc/check-cfg/cargo-specifics.html> for more information about checking conditional configuration
    = note: this warning originates in the macro `class` (in Nightly builds, run with -Z macro-backtrace for more info)

warning: unexpected `cfg` condition value: `cargo-clippy`
   --> vendor/wgpu-hal/src/metal/adapter.rs:541:13
    |
541 |             msg_send![process_info, operatingSystemVersion]
    |             ^^^^^^^^^^^^^^^^^^^^^^^^^^^^^^^^^^^^^^^^^^^^^^^
    |
    = note: expected values for `feature` are: `device_lost_panic`, `dx12`, `fragile-send-sync-non-atomic-wasm`, `gles`, `gpu-allocator`, `internal_error_panic`, `metal`, `oom_panic`, `renderdoc`, `static-dxc`, `vulkan`, and `windows`
    = note: using a cfg inside a macro will use the cfgs from the destination crate and not the ones from the defining crate
    = help: try referring to `sel_impl` crate for guidance on how handle this unexpected cfg
    = help: the macro `sel_impl` may come from an old version of the `objc` crate, try updating your dependency with `cargo update -p objc`
    = note: see <https://doc.rust-lang.org/nightly/rustc/check-cfg/cargo-specifics.html> for more information about checking conditional configuration
    = note: this warning originates in the macro `sel_impl` which comes from the expansion of the macro `msg_send` (in Nightly builds, run with -Z macro-backtrace for more info)

warning: unexpected `cfg` condition value: `cargo-clippy`
   --> vendor/wgpu-hal/src/metal/adapter.rs:732:30
    |
732 |                     unsafe { msg_send![device.as_ref(), maxBufferLength] };
    |                              ^^^^^^^^^^^^^^^^^^^^^^^^^^^^^^^^^^^^^^^^^^^
    |
    = note: expected values for `feature` are: `device_lost_panic`, `dx12`, `fragile-send-sync-non-atomic-wasm`, `gles`, `gpu-allocator`, `internal_error_panic`, `metal`, `oom_panic`, `renderdoc`, `static-dxc`, `vulkan`, and `windows`
    = note: using a cfg inside a macro will use the cfgs from the destination crate and not the ones from the defining crate
    = help: try referring to `sel_impl` crate for guidance on how handle this unexpected cfg
    = help: the macro `sel_impl` may come from an old version of the `objc` crate, try updating your dependency with `cargo update -p objc`
    = note: see <https://doc.rust-lang.org/nightly/rustc/check-cfg/cargo-specifics.html> for more information about checking conditional configuration
    = note: this warning originates in the macro `sel_impl` which comes from the expansion of the macro `msg_send` (in Nightly builds, run with -Z macro-backtrace for more info)

warning: unexpected `cfg` condition value: `cargo-clippy`
  --> vendor/wgpu-hal/src/metal/layer_observer.rs:33:38
   |
33 |     let this: *mut Object = unsafe { msg_send![class(), new] };
   |                                      ^^^^^^^^^^^^^^^^^^^^^^^
   |
   = note: expected values for `feature` are: `device_lost_panic`, `dx12`, `fragile-send-sync-non-atomic-wasm`, `gles`, `gpu-allocator`, `internal_error_panic`, `metal`, `oom_panic`, `renderdoc`, `static-dxc`, `vulkan`, and `windows`
   = note: using a cfg inside a macro will use the cfgs from the destination crate and not the ones from the defining crate
   = help: try referring to `sel_impl` crate for guidance on how handle this unexpected cfg
   = help: the macro `sel_impl` may come from an old version of the `objc` crate, try updating your dependency with `cargo update -p objc`
   = note: see <https://doc.rust-lang.org/nightly/rustc/check-cfg/cargo-specifics.html> for more information about checking conditional configuration
   = note: this warning originates in the macro `sel_impl` which comes from the expansion of the macro `msg_send` (in Nightly builds, run with -Z macro-backtrace for more info)

warning: unexpected `cfg` condition value: `cargo-clippy`
  --> vendor/wgpu-hal/src/metal/layer_observer.rs:36:26
   |
36 |     let _: () = unsafe { msg_send![root_layer, addSublayer: this] };
   |                          ^^^^^^^^^^^^^^^^^^^^^^^^^^^^^^^^^^^^^^^^
   |
   = note: expected values for `feature` are: `device_lost_panic`, `dx12`, `fragile-send-sync-non-atomic-wasm`, `gles`, `gpu-allocator`, `internal_error_panic`, `metal`, `oom_panic`, `renderdoc`, `static-dxc`, `vulkan`, and `windows`
   = note: using a cfg inside a macro will use the cfgs from the destination crate and not the ones from the defining crate
   = help: try referring to `sel_impl` crate for guidance on how handle this unexpected cfg
   = help: the macro `sel_impl` may come from an old version of the `objc` crate, try updating your dependency with `cargo update -p objc`
   = note: see <https://doc.rust-lang.org/nightly/rustc/check-cfg/cargo-specifics.html> for more information about checking conditional configuration
   = note: this warning originates in the macro `sel_impl` which comes from the expansion of the macro `msg_send` (in Nightly builds, run with -Z macro-backtrace for more info)

warning: unexpected `cfg` condition value: `cargo-clippy`
  --> vendor/wgpu-hal/src/metal/layer_observer.rs:40:18
   |
40 |         unsafe { msg_send![class!(NSString), stringWithUTF8String: CONTENTS_SCALE.as_ptr()] };
   |                  ^^^^^^^^^^^^^^^^^^^^^^^^^^^^^^^^^^^^^^^^^^^^^^^^^^^^^^^^^^^^^^^^^^^^^^^^^^
   |
   = note: expected values for `feature` are: `device_lost_panic`, `dx12`, `fragile-send-sync-non-atomic-wasm`, `gles`, `gpu-allocator`, `internal_error_panic`, `metal`, `oom_panic`, `renderdoc`, `static-dxc`, `vulkan`, and `windows`
   = note: using a cfg inside a macro will use the cfgs from the destination crate and not the ones from the defining crate
   = help: try referring to `sel_impl` crate for guidance on how handle this unexpected cfg
   = help: the macro `sel_impl` may come from an old version of the `objc` crate, try updating your dependency with `cargo update -p objc`
   = note: see <https://doc.rust-lang.org/nightly/rustc/check-cfg/cargo-specifics.html> for more information about checking conditional configuration
   = note: this warning originates in the macro `sel_impl` which comes from the expansion of the macro `msg_send` (in Nightly builds, run with -Z macro-backtrace for more info)

warning: unexpected `cfg` condition value: `cargo-clippy`
  --> vendor/wgpu-hal/src/metal/layer_observer.rs:40:28
   |
40 |         unsafe { msg_send![class!(NSString), stringWithUTF8String: CONTENTS_SCALE.as_ptr()] };
   |                            ^^^^^^^^^^^^^^^^
   |
   = note: expected values for `feature` are: `device_lost_panic`, `dx12`, `fragile-send-sync-non-atomic-wasm`, `gles`, `gpu-allocator`, `internal_error_panic`, `metal`, `oom_panic`, `renderdoc`, `static-dxc`, `vulkan`, and `windows`
   = note: using a cfg inside a macro will use the cfgs from the destination crate and not the ones from the defining crate
   = help: try referring to `class` crate for guidance on how handle this unexpected cfg
   = help: the macro `class` may come from an old version of the `objc` crate, try updating your dependency with `cargo update -p objc`
   = note: see <https://doc.rust-lang.org/nightly/rustc/check-cfg/cargo-specifics.html> for more information about checking conditional configuration
   = note: this warning originates in the macro `class` (in Nightly builds, run with -Z macro-backtrace for more info)

warning: unexpected `cfg` condition value: `cargo-clippy`
  --> vendor/wgpu-hal/src/metal/layer_observer.rs:42:9
   |
42 | /         msg_send![
43 | |             root_layer,
44 | |             addObserver: this
45 | |             forKeyPath: key_path
46 | |             options: NSKeyValueObservingOptionNew | NSKeyValueObservingOptionInitial
47 | |             context: context_ptr()
48 | |         ]
   | |_________^
   |
   = note: expected values for `feature` are: `device_lost_panic`, `dx12`, `fragile-send-sync-non-atomic-wasm`, `gles`, `gpu-allocator`, `internal_error_panic`, `metal`, `oom_panic`, `renderdoc`, `static-dxc`, `vulkan`, and `windows`
   = note: using a cfg inside a macro will use the cfgs from the destination crate and not the ones from the defining crate
   = help: try referring to `sel_impl` crate for guidance on how handle this unexpected cfg
   = help: the macro `sel_impl` may come from an old version of the `objc` crate, try updating your dependency with `cargo update -p objc`
   = note: see <https://doc.rust-lang.org/nightly/rustc/check-cfg/cargo-specifics.html> for more information about checking conditional configuration
   = note: this warning originates in the macro `sel_impl` which comes from the expansion of the macro `msg_send` (in Nightly builds, run with -Z macro-backtrace for more info)

warning: unexpected `cfg` condition value: `cargo-clippy`
  --> vendor/wgpu-hal/src/metal/layer_observer.rs:52:18
   |
52 |         unsafe { msg_send![class!(NSString), stringWithUTF8String: BOUNDS.as_ptr()] };
   |                  ^^^^^^^^^^^^^^^^^^^^^^^^^^^^^^^^^^^^^^^^^^^^^^^^^^^^^^^^^^^^^^^^^^
   |
   = note: expected values for `feature` are: `device_lost_panic`, `dx12`, `fragile-send-sync-non-atomic-wasm`, `gles`, `gpu-allocator`, `internal_error_panic`, `metal`, `oom_panic`, `renderdoc`, `static-dxc`, `vulkan`, and `windows`
   = note: using a cfg inside a macro will use the cfgs from the destination crate and not the ones from the defining crate
   = help: try referring to `sel_impl` crate for guidance on how handle this unexpected cfg
   = help: the macro `sel_impl` may come from an old version of the `objc` crate, try updating your dependency with `cargo update -p objc`
   = note: see <https://doc.rust-lang.org/nightly/rustc/check-cfg/cargo-specifics.html> for more information about checking conditional configuration
   = note: this warning originates in the macro `sel_impl` which comes from the expansion of the macro `msg_send` (in Nightly builds, run with -Z macro-backtrace for more info)

warning: unexpected `cfg` condition value: `cargo-clippy`
  --> vendor/wgpu-hal/src/metal/layer_observer.rs:52:28
   |
52 |         unsafe { msg_send![class!(NSString), stringWithUTF8String: BOUNDS.as_ptr()] };
   |                            ^^^^^^^^^^^^^^^^
   |
   = note: expected values for `feature` are: `device_lost_panic`, `dx12`, `fragile-send-sync-non-atomic-wasm`, `gles`, `gpu-allocator`, `internal_error_panic`, `metal`, `oom_panic`, `renderdoc`, `static-dxc`, `vulkan`, and `windows`
   = note: using a cfg inside a macro will use the cfgs from the destination crate and not the ones from the defining crate
   = help: try referring to `class` crate for guidance on how handle this unexpected cfg
   = help: the macro `class` may come from an old version of the `objc` crate, try updating your dependency with `cargo update -p objc`
   = note: see <https://doc.rust-lang.org/nightly/rustc/check-cfg/cargo-specifics.html> for more information about checking conditional configuration
   = note: this warning originates in the macro `class` (in Nightly builds, run with -Z macro-backtrace for more info)

warning: unexpected `cfg` condition value: `cargo-clippy`
  --> vendor/wgpu-hal/src/metal/layer_observer.rs:54:9
   |
54 | /         msg_send![
55 | |             root_layer,
56 | |             addObserver: this
57 | |             forKeyPath: key_path
58 | |             options: NSKeyValueObservingOptionNew | NSKeyValueObservingOptionInitial
59 | |             context: context_ptr()
60 | |         ]
   | |_________^
   |
   = note: expected values for `feature` are: `device_lost_panic`, `dx12`, `fragile-send-sync-non-atomic-wasm`, `gles`, `gpu-allocator`, `internal_error_panic`, `metal`, `oom_panic`, `renderdoc`, `static-dxc`, `vulkan`, and `windows`
   = note: using a cfg inside a macro will use the cfgs from the destination crate and not the ones from the defining crate
   = help: try referring to `sel_impl` crate for guidance on how handle this unexpected cfg
   = help: the macro `sel_impl` may come from an old version of the `objc` crate, try updating your dependency with `cargo update -p objc`
   = note: see <https://doc.rust-lang.org/nightly/rustc/check-cfg/cargo-specifics.html> for more information about checking conditional configuration
   = note: this warning originates in the macro `sel_impl` which comes from the expansion of the macro `msg_send` (in Nightly builds, run with -Z macro-backtrace for more info)

warning: unexpected `cfg` condition value: `cargo-clippy`
  --> vendor/wgpu-hal/src/metal/layer_observer.rs:77:26
   |
77 |         let superclass = class!(CAMetalLayer);
   |                          ^^^^^^^^^^^^^^^^^^^^
   |
   = note: expected values for `feature` are: `device_lost_panic`, `dx12`, `fragile-send-sync-non-atomic-wasm`, `gles`, `gpu-allocator`, `internal_error_panic`, `metal`, `oom_panic`, `renderdoc`, `static-dxc`, `vulkan`, and `windows`
   = note: using a cfg inside a macro will use the cfgs from the destination crate and not the ones from the defining crate
   = help: try referring to `class` crate for guidance on how handle this unexpected cfg
   = help: the macro `class` may come from an old version of the `objc` crate, try updating your dependency with `cargo update -p objc`
   = note: see <https://doc.rust-lang.org/nightly/rustc/check-cfg/cargo-specifics.html> for more information about checking conditional configuration
   = note: this warning originates in the macro `class` (in Nightly builds, run with -Z macro-backtrace for more info)

warning: unexpected `cfg` condition value: `cargo-clippy`
  --> vendor/wgpu-hal/src/metal/layer_observer.rs:82:19
   |
82 |         let sel = sel!(observeValueForKeyPath:ofObject:change:context:);
   |                   ^^^^^^^^^^^^^^^^^^^^^^^^^^^^^^^^^^^^^^^^^^^^^^^^^^^^^
   |
   = note: expected values for `feature` are: `device_lost_panic`, `dx12`, `fragile-send-sync-non-atomic-wasm`, `gles`, `gpu-allocator`, `internal_error_panic`, `metal`, `oom_panic`, `renderdoc`, `static-dxc`, `vulkan`, and `windows`
   = note: using a cfg inside a macro will use the cfgs from the destination crate and not the ones from the defining crate
   = help: try referring to `sel_impl` crate for guidance on how handle this unexpected cfg
   = help: the macro `sel_impl` may come from an old version of the `objc` crate, try updating your dependency with `cargo update -p objc`
   = note: see <https://doc.rust-lang.org/nightly/rustc/check-cfg/cargo-specifics.html> for more information about checking conditional configuration
   = note: this warning originates in the macro `sel_impl` which comes from the expansion of the macro `sel` (in Nightly builds, run with -Z macro-backtrace for more info)

warning: unexpected `cfg` condition value: `cargo-clippy`
  --> vendor/wgpu-hal/src/metal/layer_observer.rs:93:19
   |
93 |         let sel = sel!(dealloc);
   |                   ^^^^^^^^^^^^^
   |
   = note: expected values for `feature` are: `device_lost_panic`, `dx12`, `fragile-send-sync-non-atomic-wasm`, `gles`, `gpu-allocator`, `internal_error_panic`, `metal`, `oom_panic`, `renderdoc`, `static-dxc`, `vulkan`, and `windows`
   = note: using a cfg inside a macro will use the cfgs from the destination crate and not the ones from the defining crate
   = help: try referring to `sel_impl` crate for guidance on how handle this unexpected cfg
   = help: the macro `sel_impl` may come from an old version of the `objc` crate, try updating your dependency with `cargo update -p objc`
   = note: see <https://doc.rust-lang.org/nightly/rustc/check-cfg/cargo-specifics.html> for more information about checking conditional configuration
   = note: this warning originates in the macro `sel_impl` which comes from the expansion of the macro `sel` (in Nightly builds, run with -Z macro-backtrace for more info)

warning: unexpected `cfg` condition value: `cargo-clippy`
   --> vendor/wgpu-hal/src/metal/layer_observer.rs:121:13
    |
121 | /             msg_send![
122 | |                 super(this, class!(CAMetalLayer)),
123 | |                 observeValueForKeyPath: key_path
124 | |                 ofObject: object
125 | |                 change: change
126 | |                 context: context
127 | |             ]
    | |_____________^
    |
    = note: expected values for `feature` are: `device_lost_panic`, `dx12`, `fragile-send-sync-non-atomic-wasm`, `gles`, `gpu-allocator`, `internal_error_panic`, `metal`, `oom_panic`, `renderdoc`, `static-dxc`, `vulkan`, and `windows`
    = note: using a cfg inside a macro will use the cfgs from the destination crate and not the ones from the defining crate
    = help: try referring to `sel_impl` crate for guidance on how handle this unexpected cfg
    = help: the macro `sel_impl` may come from an old version of the `objc` crate, try updating your dependency with `cargo update -p objc`
    = note: see <https://doc.rust-lang.org/nightly/rustc/check-cfg/cargo-specifics.html> for more information about checking conditional configuration
    = note: this warning originates in the macro `sel_impl` which comes from the expansion of the macro `msg_send` (in Nightly builds, run with -Z macro-backtrace for more info)

warning: unexpected `cfg` condition value: `cargo-clippy`
   --> vendor/wgpu-hal/src/metal/layer_observer.rs:122:29
    |
122 |                 super(this, class!(CAMetalLayer)),
    |                             ^^^^^^^^^^^^^^^^^^^^
    |
    = note: expected values for `feature` are: `device_lost_panic`, `dx12`, `fragile-send-sync-non-atomic-wasm`, `gles`, `gpu-allocator`, `internal_error_panic`, `metal`, `oom_panic`, `renderdoc`, `static-dxc`, `vulkan`, and `windows`
    = note: using a cfg inside a macro will use the cfgs from the destination crate and not the ones from the defining crate
    = help: try referring to `class` crate for guidance on how handle this unexpected cfg
    = help: the macro `class` may come from an old version of the `objc` crate, try updating your dependency with `cargo update -p objc`
    = note: see <https://doc.rust-lang.org/nightly/rustc/check-cfg/cargo-specifics.html> for more information about checking conditional configuration
    = note: this warning originates in the macro `class` (in Nightly builds, run with -Z macro-backtrace for more info)

warning: unexpected `cfg` condition value: `cargo-clippy`
   --> vendor/wgpu-hal/src/metal/layer_observer.rs:134:37
    |
134 |     let new: *mut Object = unsafe { msg_send![change, objectForKey: key] };
    |                                     ^^^^^^^^^^^^^^^^^^^^^^^^^^^^^^^^^^^^
    |
    = note: expected values for `feature` are: `device_lost_panic`, `dx12`, `fragile-send-sync-non-atomic-wasm`, `gles`, `gpu-allocator`, `internal_error_panic`, `metal`, `oom_panic`, `renderdoc`, `static-dxc`, `vulkan`, and `windows`
    = note: using a cfg inside a macro will use the cfgs from the destination crate and not the ones from the defining crate
    = help: try referring to `sel_impl` crate for guidance on how handle this unexpected cfg
    = help: the macro `sel_impl` may come from an old version of the `objc` crate, try updating your dependency with `cargo update -p objc`
    = note: see <https://doc.rust-lang.org/nightly/rustc/check-cfg/cargo-specifics.html> for more information about checking conditional configuration
    = note: this warning originates in the macro `sel_impl` which comes from the expansion of the macro `msg_send` (in Nightly builds, run with -Z macro-backtrace for more info)

warning: unexpected `cfg` condition value: `cargo-clippy`
   --> vendor/wgpu-hal/src/metal/layer_observer.rs:138:18
    |
138 |         unsafe { msg_send![class!(NSString), stringWithUTF8String: CONTENTS_SCALE.as_ptr()] };
    |                  ^^^^^^^^^^^^^^^^^^^^^^^^^^^^^^^^^^^^^^^^^^^^^^^^^^^^^^^^^^^^^^^^^^^^^^^^^^
    |
    = note: expected values for `feature` are: `device_lost_panic`, `dx12`, `fragile-send-sync-non-atomic-wasm`, `gles`, `gpu-allocator`, `internal_error_panic`, `metal`, `oom_panic`, `renderdoc`, `static-dxc`, `vulkan`, and `windows`
    = note: using a cfg inside a macro will use the cfgs from the destination crate and not the ones from the defining crate
    = help: try referring to `sel_impl` crate for guidance on how handle this unexpected cfg
    = help: the macro `sel_impl` may come from an old version of the `objc` crate, try updating your dependency with `cargo update -p objc`
    = note: see <https://doc.rust-lang.org/nightly/rustc/check-cfg/cargo-specifics.html> for more information about checking conditional configuration
    = note: this warning originates in the macro `sel_impl` which comes from the expansion of the macro `msg_send` (in Nightly builds, run with -Z macro-backtrace for more info)

warning: unexpected `cfg` condition value: `cargo-clippy`
   --> vendor/wgpu-hal/src/metal/layer_observer.rs:138:28
    |
138 |         unsafe { msg_send![class!(NSString), stringWithUTF8String: CONTENTS_SCALE.as_ptr()] };
    |                            ^^^^^^^^^^^^^^^^
    |
    = note: expected values for `feature` are: `device_lost_panic`, `dx12`, `fragile-send-sync-non-atomic-wasm`, `gles`, `gpu-allocator`, `internal_error_panic`, `metal`, `oom_panic`, `renderdoc`, `static-dxc`, `vulkan`, and `windows`
    = note: using a cfg inside a macro will use the cfgs from the destination crate and not the ones from the defining crate
    = help: try referring to `class` crate for guidance on how handle this unexpected cfg
    = help: the macro `class` may come from an old version of the `objc` crate, try updating your dependency with `cargo update -p objc`
    = note: see <https://doc.rust-lang.org/nightly/rustc/check-cfg/cargo-specifics.html> for more information about checking conditional configuration
    = note: this warning originates in the macro `class` (in Nightly builds, run with -Z macro-backtrace for more info)

warning: unexpected `cfg` condition value: `cargo-clippy`
   --> vendor/wgpu-hal/src/metal/layer_observer.rs:139:35
    |
139 |     let is_equal: BOOL = unsafe { msg_send![key_path, isEqual: to_compare] };
    |                                   ^^^^^^^^^^^^^^^^^^^^^^^^^^^^^^^^^^^^^^^^
    |
    = note: expected values for `feature` are: `device_lost_panic`, `dx12`, `fragile-send-sync-non-atomic-wasm`, `gles`, `gpu-allocator`, `internal_error_panic`, `metal`, `oom_panic`, `renderdoc`, `static-dxc`, `vulkan`, and `windows`
    = note: using a cfg inside a macro will use the cfgs from the destination crate and not the ones from the defining crate
    = help: try referring to `sel_impl` crate for guidance on how handle this unexpected cfg
    = help: the macro `sel_impl` may come from an old version of the `objc` crate, try updating your dependency with `cargo update -p objc`
    = note: see <https://doc.rust-lang.org/nightly/rustc/check-cfg/cargo-specifics.html> for more information about checking conditional configuration
    = note: this warning originates in the macro `sel_impl` which comes from the expansion of the macro `msg_send` (in Nightly builds, run with -Z macro-backtrace for more info)

warning: unexpected `cfg` condition value: `cargo-clippy`
   --> vendor/wgpu-hal/src/metal/layer_observer.rs:143:22
    |
143 |             unsafe { msg_send![new, doubleValue] }
    |                      ^^^^^^^^^^^^^^^^^^^^^^^^^^^
    |
    = note: expected values for `feature` are: `device_lost_panic`, `dx12`, `fragile-send-sync-non-atomic-wasm`, `gles`, `gpu-allocator`, `internal_error_panic`, `metal`, `oom_panic`, `renderdoc`, `static-dxc`, `vulkan`, and `windows`
    = note: using a cfg inside a macro will use the cfgs from the destination crate and not the ones from the defining crate
    = help: try referring to `sel_impl` crate for guidance on how handle this unexpected cfg
    = help: the macro `sel_impl` may come from an old version of the `objc` crate, try updating your dependency with `cargo update -p objc`
    = note: see <https://doc.rust-lang.org/nightly/rustc/check-cfg/cargo-specifics.html> for more information about checking conditional configuration
    = note: this warning originates in the macro `sel_impl` which comes from the expansion of the macro `msg_send` (in Nightly builds, run with -Z macro-backtrace for more info)

warning: unexpected `cfg` condition value: `cargo-clippy`
   --> vendor/wgpu-hal/src/metal/layer_observer.rs:145:22
    |
145 |             unsafe { msg_send![new, floatValue] }
    |                      ^^^^^^^^^^^^^^^^^^^^^^^^^^
    |
    = note: expected values for `feature` are: `device_lost_panic`, `dx12`, `fragile-send-sync-non-atomic-wasm`, `gles`, `gpu-allocator`, `internal_error_panic`, `metal`, `oom_panic`, `renderdoc`, `static-dxc`, `vulkan`, and `windows`
    = note: using a cfg inside a macro will use the cfgs from the destination crate and not the ones from the defining crate
    = help: try referring to `sel_impl` crate for guidance on how handle this unexpected cfg
    = help: the macro `sel_impl` may come from an old version of the `objc` crate, try updating your dependency with `cargo update -p objc`
    = note: see <https://doc.rust-lang.org/nightly/rustc/check-cfg/cargo-specifics.html> for more information about checking conditional configuration
    = note: this warning originates in the macro `sel_impl` which comes from the expansion of the macro `msg_send` (in Nightly builds, run with -Z macro-backtrace for more info)

warning: unexpected `cfg` condition value: `cargo-clippy`
   --> vendor/wgpu-hal/src/metal/layer_observer.rs:149:30
    |
149 |         let _: () = unsafe { msg_send![this, setContentsScale: scale_factor] };
    |                              ^^^^^^^^^^^^^^^^^^^^^^^^^^^^^^^^^^^^^^^^^^^^^^^
    |
    = note: expected values for `feature` are: `device_lost_panic`, `dx12`, `fragile-send-sync-non-atomic-wasm`, `gles`, `gpu-allocator`, `internal_error_panic`, `metal`, `oom_panic`, `renderdoc`, `static-dxc`, `vulkan`, and `windows`
    = note: using a cfg inside a macro will use the cfgs from the destination crate and not the ones from the defining crate
    = help: try referring to `sel_impl` crate for guidance on how handle this unexpected cfg
    = help: the macro `sel_impl` may come from an old version of the `objc` crate, try updating your dependency with `cargo update -p objc`
    = note: see <https://doc.rust-lang.org/nightly/rustc/check-cfg/cargo-specifics.html> for more information about checking conditional configuration
    = note: this warning originates in the macro `sel_impl` which comes from the expansion of the macro `msg_send` (in Nightly builds, run with -Z macro-backtrace for more info)

warning: unexpected `cfg` condition value: `cargo-clippy`
   --> vendor/wgpu-hal/src/metal/layer_observer.rs:154:18
    |
154 |         unsafe { msg_send![class!(NSString), stringWithUTF8String: BOUNDS.as_ptr()] };
    |                  ^^^^^^^^^^^^^^^^^^^^^^^^^^^^^^^^^^^^^^^^^^^^^^^^^^^^^^^^^^^^^^^^^^
    |
    = note: expected values for `feature` are: `device_lost_panic`, `dx12`, `fragile-send-sync-non-atomic-wasm`, `gles`, `gpu-allocator`, `internal_error_panic`, `metal`, `oom_panic`, `renderdoc`, `static-dxc`, `vulkan`, and `windows`
    = note: using a cfg inside a macro will use the cfgs from the destination crate and not the ones from the defining crate
    = help: try referring to `sel_impl` crate for guidance on how handle this unexpected cfg
    = help: the macro `sel_impl` may come from an old version of the `objc` crate, try updating your dependency with `cargo update -p objc`
    = note: see <https://doc.rust-lang.org/nightly/rustc/check-cfg/cargo-specifics.html> for more information about checking conditional configuration
    = note: this warning originates in the macro `sel_impl` which comes from the expansion of the macro `msg_send` (in Nightly builds, run with -Z macro-backtrace for more info)

warning: unexpected `cfg` condition value: `cargo-clippy`
   --> vendor/wgpu-hal/src/metal/layer_observer.rs:154:28
    |
154 |         unsafe { msg_send![class!(NSString), stringWithUTF8String: BOUNDS.as_ptr()] };
    |                            ^^^^^^^^^^^^^^^^
    |
    = note: expected values for `feature` are: `device_lost_panic`, `dx12`, `fragile-send-sync-non-atomic-wasm`, `gles`, `gpu-allocator`, `internal_error_panic`, `metal`, `oom_panic`, `renderdoc`, `static-dxc`, `vulkan`, and `windows`
    = note: using a cfg inside a macro will use the cfgs from the destination crate and not the ones from the defining crate
    = help: try referring to `class` crate for guidance on how handle this unexpected cfg
    = help: the macro `class` may come from an old version of the `objc` crate, try updating your dependency with `cargo update -p objc`
    = note: see <https://doc.rust-lang.org/nightly/rustc/check-cfg/cargo-specifics.html> for more information about checking conditional configuration
    = note: this warning originates in the macro `class` (in Nightly builds, run with -Z macro-backtrace for more info)

warning: unexpected `cfg` condition value: `cargo-clippy`
   --> vendor/wgpu-hal/src/metal/layer_observer.rs:155:35
    |
155 |     let is_equal: BOOL = unsafe { msg_send![key_path, isEqual: to_compare] };
    |                                   ^^^^^^^^^^^^^^^^^^^^^^^^^^^^^^^^^^^^^^^^
    |
    = note: expected values for `feature` are: `device_lost_panic`, `dx12`, `fragile-send-sync-non-atomic-wasm`, `gles`, `gpu-allocator`, `internal_error_panic`, `metal`, `oom_panic`, `renderdoc`, `static-dxc`, `vulkan`, and `windows`
    = note: using a cfg inside a macro will use the cfgs from the destination crate and not the ones from the defining crate
    = help: try referring to `sel_impl` crate for guidance on how handle this unexpected cfg
    = help: the macro `sel_impl` may come from an old version of the `objc` crate, try updating your dependency with `cargo update -p objc`
    = note: see <https://doc.rust-lang.org/nightly/rustc/check-cfg/cargo-specifics.html> for more information about checking conditional configuration
    = note: this warning originates in the macro `sel_impl` which comes from the expansion of the macro `msg_send` (in Nightly builds, run with -Z macro-backtrace for more info)

warning: unexpected `cfg` condition value: `cargo-clippy`
   --> vendor/wgpu-hal/src/metal/layer_observer.rs:158:39
    |
158 |         let bounds: CGRect = unsafe { msg_send![new, rectValue] };
    |                                       ^^^^^^^^^^^^^^^^^^^^^^^^^
    |
    = note: expected values for `feature` are: `device_lost_panic`, `dx12`, `fragile-send-sync-non-atomic-wasm`, `gles`, `gpu-allocator`, `internal_error_panic`, `metal`, `oom_panic`, `renderdoc`, `static-dxc`, `vulkan`, and `windows`
    = note: using a cfg inside a macro will use the cfgs from the destination crate and not the ones from the defining crate
    = help: try referring to `sel_impl` crate for guidance on how handle this unexpected cfg
    = help: the macro `sel_impl` may come from an old version of the `objc` crate, try updating your dependency with `cargo update -p objc`
    = note: see <https://doc.rust-lang.org/nightly/rustc/check-cfg/cargo-specifics.html> for more information about checking conditional configuration
    = note: this warning originates in the macro `sel_impl` which comes from the expansion of the macro `msg_send` (in Nightly builds, run with -Z macro-backtrace for more info)

warning: unexpected `cfg` condition value: `cargo-clippy`
   --> vendor/wgpu-hal/src/metal/layer_observer.rs:164:30
    |
164 |         let _: () = unsafe { msg_send![this, setFrame: bounds] };
    |                              ^^^^^^^^^^^^^^^^^^^^^^^^^^^^^^^^^
    |
    = note: expected values for `feature` are: `device_lost_panic`, `dx12`, `fragile-send-sync-non-atomic-wasm`, `gles`, `gpu-allocator`, `internal_error_panic`, `metal`, `oom_panic`, `renderdoc`, `static-dxc`, `vulkan`, and `windows`
    = note: using a cfg inside a macro will use the cfgs from the destination crate and not the ones from the defining crate
    = help: try referring to `sel_impl` crate for guidance on how handle this unexpected cfg
    = help: the macro `sel_impl` may come from an old version of the `objc` crate, try updating your dependency with `cargo update -p objc`
    = note: see <https://doc.rust-lang.org/nightly/rustc/check-cfg/cargo-specifics.html> for more information about checking conditional configuration
    = note: this warning originates in the macro `sel_impl` which comes from the expansion of the macro `msg_send` (in Nightly builds, run with -Z macro-backtrace for more info)

warning: unexpected `cfg` condition value: `cargo-clippy`
   --> vendor/wgpu-hal/src/metal/layer_observer.rs:180:44
    |
180 |     let root_layer: *mut Object = unsafe { msg_send![this, superlayer] };
    |                                            ^^^^^^^^^^^^^^^^^^^^^^^^^^^
    |
    = note: expected values for `feature` are: `device_lost_panic`, `dx12`, `fragile-send-sync-non-atomic-wasm`, `gles`, `gpu-allocator`, `internal_error_panic`, `metal`, `oom_panic`, `renderdoc`, `static-dxc`, `vulkan`, and `windows`
    = note: using a cfg inside a macro will use the cfgs from the destination crate and not the ones from the defining crate
    = help: try referring to `sel_impl` crate for guidance on how handle this unexpected cfg
    = help: the macro `sel_impl` may come from an old version of the `objc` crate, try updating your dependency with `cargo update -p objc`
    = note: see <https://doc.rust-lang.org/nightly/rustc/check-cfg/cargo-specifics.html> for more information about checking conditional configuration
    = note: this warning originates in the macro `sel_impl` which comes from the expansion of the macro `msg_send` (in Nightly builds, run with -Z macro-backtrace for more info)

warning: unexpected `cfg` condition value: `cargo-clippy`
   --> vendor/wgpu-hal/src/metal/layer_observer.rs:183:22
    |
183 |             unsafe { msg_send![class!(NSString), stringWithUTF8String: CONTENTS_SCALE.as_ptr()] };
    |                      ^^^^^^^^^^^^^^^^^^^^^^^^^^^^^^^^^^^^^^^^^^^^^^^^^^^^^^^^^^^^^^^^^^^^^^^^^^
    |
    = note: expected values for `feature` are: `device_lost_panic`, `dx12`, `fragile-send-sync-non-atomic-wasm`, `gles`, `gpu-allocator`, `internal_error_panic`, `metal`, `oom_panic`, `renderdoc`, `static-dxc`, `vulkan`, and `windows`
    = note: using a cfg inside a macro will use the cfgs from the destination crate and not the ones from the defining crate
    = help: try referring to `sel_impl` crate for guidance on how handle this unexpected cfg
    = help: the macro `sel_impl` may come from an old version of the `objc` crate, try updating your dependency with `cargo update -p objc`
    = note: see <https://doc.rust-lang.org/nightly/rustc/check-cfg/cargo-specifics.html> for more information about checking conditional configuration
    = note: this warning originates in the macro `sel_impl` which comes from the expansion of the macro `msg_send` (in Nightly builds, run with -Z macro-backtrace for more info)

warning: unexpected `cfg` condition value: `cargo-clippy`
   --> vendor/wgpu-hal/src/metal/layer_observer.rs:183:32
    |
183 |             unsafe { msg_send![class!(NSString), stringWithUTF8String: CONTENTS_SCALE.as_ptr()] };
    |                                ^^^^^^^^^^^^^^^^
    |
    = note: expected values for `feature` are: `device_lost_panic`, `dx12`, `fragile-send-sync-non-atomic-wasm`, `gles`, `gpu-allocator`, `internal_error_panic`, `metal`, `oom_panic`, `renderdoc`, `static-dxc`, `vulkan`, and `windows`
    = note: using a cfg inside a macro will use the cfgs from the destination crate and not the ones from the defining crate
    = help: try referring to `class` crate for guidance on how handle this unexpected cfg
    = help: the macro `class` may come from an old version of the `objc` crate, try updating your dependency with `cargo update -p objc`
    = note: see <https://doc.rust-lang.org/nightly/rustc/check-cfg/cargo-specifics.html> for more information about checking conditional configuration
    = note: this warning originates in the macro `class` (in Nightly builds, run with -Z macro-backtrace for more info)

warning: unexpected `cfg` condition value: `cargo-clippy`
   --> vendor/wgpu-hal/src/metal/layer_observer.rs:184:30
    |
184 |         let _: () = unsafe { msg_send![root_layer, removeObserver: this forKeyPath: key_path] };
    |                              ^^^^^^^^^^^^^^^^^^^^^^^^^^^^^^^^^^^^^^^^^^^^^^^^^^^^^^^^^^^^^^^^
    |
    = note: expected values for `feature` are: `device_lost_panic`, `dx12`, `fragile-send-sync-non-atomic-wasm`, `gles`, `gpu-allocator`, `internal_error_panic`, `metal`, `oom_panic`, `renderdoc`, `static-dxc`, `vulkan`, and `windows`
    = note: using a cfg inside a macro will use the cfgs from the destination crate and not the ones from the defining crate
    = help: try referring to `sel_impl` crate for guidance on how handle this unexpected cfg
    = help: the macro `sel_impl` may come from an old version of the `objc` crate, try updating your dependency with `cargo update -p objc`
    = note: see <https://doc.rust-lang.org/nightly/rustc/check-cfg/cargo-specifics.html> for more information about checking conditional configuration
    = note: this warning originates in the macro `sel_impl` which comes from the expansion of the macro `msg_send` (in Nightly builds, run with -Z macro-backtrace for more info)

warning: unexpected `cfg` condition value: `cargo-clippy`
   --> vendor/wgpu-hal/src/metal/layer_observer.rs:187:22
    |
187 |             unsafe { msg_send![class!(NSString), stringWithUTF8String: BOUNDS.as_ptr()] };
    |                      ^^^^^^^^^^^^^^^^^^^^^^^^^^^^^^^^^^^^^^^^^^^^^^^^^^^^^^^^^^^^^^^^^^
    |
    = note: expected values for `feature` are: `device_lost_panic`, `dx12`, `fragile-send-sync-non-atomic-wasm`, `gles`, `gpu-allocator`, `internal_error_panic`, `metal`, `oom_panic`, `renderdoc`, `static-dxc`, `vulkan`, and `windows`
    = note: using a cfg inside a macro will use the cfgs from the destination crate and not the ones from the defining crate
    = help: try referring to `sel_impl` crate for guidance on how handle this unexpected cfg
    = help: the macro `sel_impl` may come from an old version of the `objc` crate, try updating your dependency with `cargo update -p objc`
    = note: see <https://doc.rust-lang.org/nightly/rustc/check-cfg/cargo-specifics.html> for more information about checking conditional configuration
    = note: this warning originates in the macro `sel_impl` which comes from the expansion of the macro `msg_send` (in Nightly builds, run with -Z macro-backtrace for more info)

warning: unexpected `cfg` condition value: `cargo-clippy`
   --> vendor/wgpu-hal/src/metal/layer_observer.rs:187:32
    |
187 |             unsafe { msg_send![class!(NSString), stringWithUTF8String: BOUNDS.as_ptr()] };
    |                                ^^^^^^^^^^^^^^^^
    |
    = note: expected values for `feature` are: `device_lost_panic`, `dx12`, `fragile-send-sync-non-atomic-wasm`, `gles`, `gpu-allocator`, `internal_error_panic`, `metal`, `oom_panic`, `renderdoc`, `static-dxc`, `vulkan`, and `windows`
    = note: using a cfg inside a macro will use the cfgs from the destination crate and not the ones from the defining crate
    = help: try referring to `class` crate for guidance on how handle this unexpected cfg
    = help: the macro `class` may come from an old version of the `objc` crate, try updating your dependency with `cargo update -p objc`
    = note: see <https://doc.rust-lang.org/nightly/rustc/check-cfg/cargo-specifics.html> for more information about checking conditional configuration
    = note: this warning originates in the macro `class` (in Nightly builds, run with -Z macro-backtrace for more info)

warning: unexpected `cfg` condition value: `cargo-clippy`
   --> vendor/wgpu-hal/src/metal/layer_observer.rs:188:30
    |
188 |         let _: () = unsafe { msg_send![root_layer, removeObserver: this forKeyPath: key_path] };
    |                              ^^^^^^^^^^^^^^^^^^^^^^^^^^^^^^^^^^^^^^^^^^^^^^^^^^^^^^^^^^^^^^^^
    |
    = note: expected values for `feature` are: `device_lost_panic`, `dx12`, `fragile-send-sync-non-atomic-wasm`, `gles`, `gpu-allocator`, `internal_error_panic`, `metal`, `oom_panic`, `renderdoc`, `static-dxc`, `vulkan`, and `windows`
    = note: using a cfg inside a macro will use the cfgs from the destination crate and not the ones from the defining crate
    = help: try referring to `sel_impl` crate for guidance on how handle this unexpected cfg
    = help: the macro `sel_impl` may come from an old version of the `objc` crate, try updating your dependency with `cargo update -p objc`
    = note: see <https://doc.rust-lang.org/nightly/rustc/check-cfg/cargo-specifics.html> for more information about checking conditional configuration
    = note: this warning originates in the macro `sel_impl` which comes from the expansion of the macro `msg_send` (in Nightly builds, run with -Z macro-backtrace for more info)

warning: unexpected `cfg` condition value: `cargo-clippy`
   --> vendor/wgpu-hal/src/metal/layer_observer.rs:191:26
    |
191 |     let _: () = unsafe { msg_send![super(this, class!(CAMetalLayer)), dealloc] };
    |                          ^^^^^^^^^^^^^^^^^^^^^^^^^^^^^^^^^^^^^^^^^^^^^^^^^^^^^
    |
    = note: expected values for `feature` are: `device_lost_panic`, `dx12`, `fragile-send-sync-non-atomic-wasm`, `gles`, `gpu-allocator`, `internal_error_panic`, `metal`, `oom_panic`, `renderdoc`, `static-dxc`, `vulkan`, and `windows`
    = note: using a cfg inside a macro will use the cfgs from the destination crate and not the ones from the defining crate
    = help: try referring to `sel_impl` crate for guidance on how handle this unexpected cfg
    = help: the macro `sel_impl` may come from an old version of the `objc` crate, try updating your dependency with `cargo update -p objc`
    = note: see <https://doc.rust-lang.org/nightly/rustc/check-cfg/cargo-specifics.html> for more information about checking conditional configuration
    = note: this warning originates in the macro `sel_impl` which comes from the expansion of the macro `msg_send` (in Nightly builds, run with -Z macro-backtrace for more info)

warning: unexpected `cfg` condition value: `cargo-clippy`
   --> vendor/wgpu-hal/src/metal/layer_observer.rs:191:48
    |
191 |     let _: () = unsafe { msg_send![super(this, class!(CAMetalLayer)), dealloc] };
    |                                                ^^^^^^^^^^^^^^^^^^^^
    |
    = note: expected values for `feature` are: `device_lost_panic`, `dx12`, `fragile-send-sync-non-atomic-wasm`, `gles`, `gpu-allocator`, `internal_error_panic`, `metal`, `oom_panic`, `renderdoc`, `static-dxc`, `vulkan`, and `windows`
    = note: using a cfg inside a macro will use the cfgs from the destination crate and not the ones from the defining crate
    = help: try referring to `class` crate for guidance on how handle this unexpected cfg
    = help: the macro `class` may come from an old version of the `objc` crate, try updating your dependency with `cargo update -p objc`
    = note: see <https://doc.rust-lang.org/nightly/rustc/check-cfg/cargo-specifics.html> for more information about checking conditional configuration
    = note: this warning originates in the macro `class` (in Nightly builds, run with -Z macro-backtrace for more info)

warning: unexpected `cfg` condition value: `cargo-clippy`
  --> vendor/wgpu-hal/src/metal/surface.rs:48:21
   |
48 |         let class = class!(CAMetalLayer);
   |                     ^^^^^^^^^^^^^^^^^^^^
   |
   = note: expected values for `feature` are: `device_lost_panic`, `dx12`, `fragile-send-sync-non-atomic-wasm`, `gles`, `gpu-allocator`, `internal_error_panic`, `metal`, `oom_panic`, `renderdoc`, `static-dxc`, `vulkan`, and `windows`
   = note: using a cfg inside a macro will use the cfgs from the destination crate and not the ones from the defining crate
   = help: try referring to `class` crate for guidance on how handle this unexpected cfg
   = help: the macro `class` may come from an old version of the `objc` crate, try updating your dependency with `cargo update -p objc`
   = note: see <https://doc.rust-lang.org/nightly/rustc/check-cfg/cargo-specifics.html> for more information about checking conditional configuration
   = note: this warning originates in the macro `class` (in Nightly builds, run with -Z macro-backtrace for more info)

warning: unexpected `cfg` condition value: `cargo-clippy`
  --> vendor/wgpu-hal/src/metal/surface.rs:49:33
   |
49 |         let proper_kind: BOOL = msg_send![layer, isKindOfClass: class];
   |                                 ^^^^^^^^^^^^^^^^^^^^^^^^^^^^^^^^^^^^^^
   |
   = note: expected values for `feature` are: `device_lost_panic`, `dx12`, `fragile-send-sync-non-atomic-wasm`, `gles`, `gpu-allocator`, `internal_error_panic`, `metal`, `oom_panic`, `renderdoc`, `static-dxc`, `vulkan`, and `windows`
   = note: using a cfg inside a macro will use the cfgs from the destination crate and not the ones from the defining crate
   = help: try referring to `sel_impl` crate for guidance on how handle this unexpected cfg
   = help: the macro `sel_impl` may come from an old version of the `objc` crate, try updating your dependency with `cargo update -p objc`
   = note: see <https://doc.rust-lang.org/nightly/rustc/check-cfg/cargo-specifics.html> for more information about checking conditional configuration
   = note: this warning originates in the macro `sel_impl` which comes from the expansion of the macro `msg_send` (in Nightly builds, run with -Z macro-backtrace for more info)

warning: unexpected `cfg` condition value: `cargo-clippy`
  --> vendor/wgpu-hal/src/metal/surface.rs:65:36
   |
65 |         let is_main_thread: BOOL = msg_send![class!(NSThread), isMainThread];
   |                                    ^^^^^^^^^^^^^^^^^^^^^^^^^^^^^^^^^^^^^^^^^
   |
   = note: expected values for `feature` are: `device_lost_panic`, `dx12`, `fragile-send-sync-non-atomic-wasm`, `gles`, `gpu-allocator`, `internal_error_panic`, `metal`, `oom_panic`, `renderdoc`, `static-dxc`, `vulkan`, and `windows`
   = note: using a cfg inside a macro will use the cfgs from the destination crate and not the ones from the defining crate
   = help: try referring to `sel_impl` crate for guidance on how handle this unexpected cfg
   = help: the macro `sel_impl` may come from an old version of the `objc` crate, try updating your dependency with `cargo update -p objc`
   = note: see <https://doc.rust-lang.org/nightly/rustc/check-cfg/cargo-specifics.html> for more information about checking conditional configuration
   = note: this warning originates in the macro `sel_impl` which comes from the expansion of the macro `msg_send` (in Nightly builds, run with -Z macro-backtrace for more info)

warning: unexpected `cfg` condition value: `cargo-clippy`
  --> vendor/wgpu-hal/src/metal/surface.rs:65:46
   |
65 |         let is_main_thread: BOOL = msg_send![class!(NSThread), isMainThread];
   |                                              ^^^^^^^^^^^^^^^^
   |
   = note: expected values for `feature` are: `device_lost_panic`, `dx12`, `fragile-send-sync-non-atomic-wasm`, `gles`, `gpu-allocator`, `internal_error_panic`, `metal`, `oom_panic`, `renderdoc`, `static-dxc`, `vulkan`, and `windows`
   = note: using a cfg inside a macro will use the cfgs from the destination crate and not the ones from the defining crate
   = help: try referring to `class` crate for guidance on how handle this unexpected cfg
   = help: the macro `class` may come from an old version of the `objc` crate, try updating your dependency with `cargo update -p objc`
   = note: see <https://doc.rust-lang.org/nightly/rustc/check-cfg/cargo-specifics.html> for more information about checking conditional configuration
   = note: this warning originates in the macro `class` (in Nightly builds, run with -Z macro-backtrace for more info)

warning: unexpected `cfg` condition value: `cargo-clippy`
  --> vendor/wgpu-hal/src/metal/surface.rs:73:18
   |
73 |         let () = msg_send![view.as_ptr(), setWantsLayer: YES];
   |                  ^^^^^^^^^^^^^^^^^^^^^^^^^^^^^^^^^^^^^^^^^^^^
   |
   = note: expected values for `feature` are: `device_lost_panic`, `dx12`, `fragile-send-sync-non-atomic-wasm`, `gles`, `gpu-allocator`, `internal_error_panic`, `metal`, `oom_panic`, `renderdoc`, `static-dxc`, `vulkan`, and `windows`
   = note: using a cfg inside a macro will use the cfgs from the destination crate and not the ones from the defining crate
   = help: try referring to `sel_impl` crate for guidance on how handle this unexpected cfg
   = help: the macro `sel_impl` may come from an old version of the `objc` crate, try updating your dependency with `cargo update -p objc`
   = note: see <https://doc.rust-lang.org/nightly/rustc/check-cfg/cargo-specifics.html> for more information about checking conditional configuration
   = note: this warning originates in the macro `sel_impl` which comes from the expansion of the macro `msg_send` (in Nightly builds, run with -Z macro-backtrace for more info)

warning: unexpected `cfg` condition value: `cargo-clippy`
  --> vendor/wgpu-hal/src/metal/surface.rs:75:39
   |
75 |         let root_layer: *mut Object = msg_send![view.as_ptr(), layer];
   |                                       ^^^^^^^^^^^^^^^^^^^^^^^^^^^^^^^
   |
   = note: expected values for `feature` are: `device_lost_panic`, `dx12`, `fragile-send-sync-non-atomic-wasm`, `gles`, `gpu-allocator`, `internal_error_panic`, `metal`, `oom_panic`, `renderdoc`, `static-dxc`, `vulkan`, and `windows`
   = note: using a cfg inside a macro will use the cfgs from the destination crate and not the ones from the defining crate
   = help: try referring to `sel_impl` crate for guidance on how handle this unexpected cfg
   = help: the macro `sel_impl` may come from an old version of the `objc` crate, try updating your dependency with `cargo update -p objc`
   = note: see <https://doc.rust-lang.org/nightly/rustc/check-cfg/cargo-specifics.html> for more information about checking conditional configuration
   = note: this warning originates in the macro `sel_impl` which comes from the expansion of the macro `msg_send` (in Nightly builds, run with -Z macro-backtrace for more info)

warning: unexpected `cfg` condition value: `cargo-clippy`
  --> vendor/wgpu-hal/src/metal/surface.rs:88:36
   |
88 |         let is_metal_layer: BOOL = msg_send![root_layer, isKindOfClass: class!(CAMetalLayer)];
   |                                    ^^^^^^^^^^^^^^^^^^^^^^^^^^^^^^^^^^^^^^^^^^^^^^^^^^^^^^^^^^
   |
   = note: expected values for `feature` are: `device_lost_panic`, `dx12`, `fragile-send-sync-non-atomic-wasm`, `gles`, `gpu-allocator`, `internal_error_panic`, `metal`, `oom_panic`, `renderdoc`, `static-dxc`, `vulkan`, and `windows`
   = note: using a cfg inside a macro will use the cfgs from the destination crate and not the ones from the defining crate
   = help: try referring to `sel_impl` crate for guidance on how handle this unexpected cfg
   = help: the macro `sel_impl` may come from an old version of the `objc` crate, try updating your dependency with `cargo update -p objc`
   = note: see <https://doc.rust-lang.org/nightly/rustc/check-cfg/cargo-specifics.html> for more information about checking conditional configuration
   = note: this warning originates in the macro `sel_impl` which comes from the expansion of the macro `msg_send` (in Nightly builds, run with -Z macro-backtrace for more info)

warning: unexpected `cfg` condition value: `cargo-clippy`
  --> vendor/wgpu-hal/src/metal/surface.rs:88:73
   |
88 |         let is_metal_layer: BOOL = msg_send![root_layer, isKindOfClass: class!(CAMetalLayer)];
   |                                                                         ^^^^^^^^^^^^^^^^^^^^
   |
   = note: expected values for `feature` are: `device_lost_panic`, `dx12`, `fragile-send-sync-non-atomic-wasm`, `gles`, `gpu-allocator`, `internal_error_panic`, `metal`, `oom_panic`, `renderdoc`, `static-dxc`, `vulkan`, and `windows`
   = note: using a cfg inside a macro will use the cfgs from the destination crate and not the ones from the defining crate
   = help: try referring to `class` crate for guidance on how handle this unexpected cfg
   = help: the macro `class` may come from an old version of the `objc` crate, try updating your dependency with `cargo update -p objc`
   = note: see <https://doc.rust-lang.org/nightly/rustc/check-cfg/cargo-specifics.html> for more information about checking conditional configuration
   = note: this warning originates in the macro `class` (in Nightly builds, run with -Z macro-backtrace for more info)

warning: unexpected `cfg` condition value: `cargo-clippy`
   --> vendor/wgpu-hal/src/metal/surface.rs:115:34
    |
115 |             let bounds: CGRect = msg_send![render_layer, bounds];
    |                                  ^^^^^^^^^^^^^^^^^^^^^^^^^^^^^^^
    |
    = note: expected values for `feature` are: `device_lost_panic`, `dx12`, `fragile-send-sync-non-atomic-wasm`, `gles`, `gpu-allocator`, `internal_error_panic`, `metal`, `oom_panic`, `renderdoc`, `static-dxc`, `vulkan`, and `windows`
    = note: using a cfg inside a macro will use the cfgs from the destination crate and not the ones from the defining crate
    = help: try referring to `sel_impl` crate for guidance on how handle this unexpected cfg
    = help: the macro `sel_impl` may come from an old version of the `objc` crate, try updating your dependency with `cargo update -p objc`
    = note: see <https://doc.rust-lang.org/nightly/rustc/check-cfg/cargo-specifics.html> for more information about checking conditional configuration
    = note: this warning originates in the macro `sel_impl` which comes from the expansion of the macro `msg_send` (in Nightly builds, run with -Z macro-backtrace for more info)

warning: unexpected `cfg` condition value: `cargo-clippy`
   --> vendor/wgpu-hal/src/metal/surface.rs:116:43
    |
116 |             let contents_scale: CGFloat = msg_send![render_layer, contentsScale];
    |                                           ^^^^^^^^^^^^^^^^^^^^^^^^^^^^^^^^^^^^^^
    |
    = note: expected values for `feature` are: `device_lost_panic`, `dx12`, `fragile-send-sync-non-atomic-wasm`, `gles`, `gpu-allocator`, `internal_error_panic`, `metal`, `oom_panic`, `renderdoc`, `static-dxc`, `vulkan`, and `windows`
    = note: using a cfg inside a macro will use the cfgs from the destination crate and not the ones from the defining crate
    = help: try referring to `sel_impl` crate for guidance on how handle this unexpected cfg
    = help: the macro `sel_impl` may come from an old version of the `objc` crate, try updating your dependency with `cargo update -p objc`
    = note: see <https://doc.rust-lang.org/nightly/rustc/check-cfg/cargo-specifics.html> for more information about checking conditional configuration
    = note: this warning originates in the macro `sel_impl` which comes from the expansion of the macro `msg_send` (in Nightly builds, run with -Z macro-backtrace for more info)

warning: unexpected `cfg` condition value: `cargo-clippy`
   --> vendor/wgpu-hal/src/metal/surface.rs:173:22
    |
173 |             let () = msg_send![*render_layer, setAllowsNextDrawableTimeout:false];
    |                      ^^^^^^^^^^^^^^^^^^^^^^^^^^^^^^^^^^^^^^^^^^^^^^^^^^^^^^^^^^^^
    |
    = note: expected values for `feature` are: `device_lost_panic`, `dx12`, `fragile-send-sync-non-atomic-wasm`, `gles`, `gpu-allocator`, `internal_error_panic`, `metal`, `oom_panic`, `renderdoc`, `static-dxc`, `vulkan`, and `windows`
    = note: using a cfg inside a macro will use the cfgs from the destination crate and not the ones from the defining crate
    = help: try referring to `sel_impl` crate for guidance on how handle this unexpected cfg
    = help: the macro `sel_impl` may come from an old version of the `objc` crate, try updating your dependency with `cargo update -p objc`
    = note: see <https://doc.rust-lang.org/nightly/rustc/check-cfg/cargo-specifics.html> for more information about checking conditional configuration
    = note: this warning originates in the macro `sel_impl` which comes from the expansion of the macro `msg_send` (in Nightly builds, run with -Z macro-backtrace for more info)

warning: unexpected `cfg` condition value: `cargo-clippy`
   --> vendor/wgpu-hal/src/metal/surface.rs:176:22
    |
176 |             let () = msg_send![*render_layer, setDisplaySyncEnabled: display_sync];
    |                      ^^^^^^^^^^^^^^^^^^^^^^^^^^^^^^^^^^^^^^^^^^^^^^^^^^^^^^^^^^^^^
    |
    = note: expected values for `feature` are: `device_lost_panic`, `dx12`, `fragile-send-sync-non-atomic-wasm`, `gles`, `gpu-allocator`, `internal_error_panic`, `metal`, `oom_panic`, `renderdoc`, `static-dxc`, `vulkan`, and `windows`
    = note: using a cfg inside a macro will use the cfgs from the destination crate and not the ones from the defining crate
    = help: try referring to `sel_impl` crate for guidance on how handle this unexpected cfg
    = help: the macro `sel_impl` may come from an old version of the `objc` crate, try updating your dependency with `cargo update -p objc`
    = note: see <https://doc.rust-lang.org/nightly/rustc/check-cfg/cargo-specifics.html> for more information about checking conditional configuration
    = note: this warning originates in the macro `sel_impl` which comes from the expansion of the macro `msg_send` (in Nightly builds, run with -Z macro-backtrace for more info)

warning: `wgpu-hal` (lib) generated 50 warnings
warning: unused variable: `super_key`
   --> src/native_terminal/input.rs:366:13
    |
366 |         let super_key = KeyModifiers {
    |             ^^^^^^^^^ help: if this is intentional, prefix it with an underscore: `_super_key`
    |
    = note: `#[warn(unused_variables)]` (part of `#[warn(unused)]`) on by default

warning: variable does not need to be mutable
   --> src/native_terminal/renderer/font_manager.rs:155:13
    |
155 |         let mut buffer = vec![0u8; total_pixels];
    |             ----^^^^^^
    |             |
    |             help: remove this `mut`
    |
    = note: `#[warn(unused_mut)]` (part of `#[warn(unused)]`) on by default

warning: field `app` is never read
  --> src/ipc/notifications.rs:28:5
   |
27 | pub struct TauriNotificationBackend<R: Runtime> {
   |            ------------------------ field in this struct
28 |     app: AppHandle<R>,
   |     ^^^
   |
   = note: `#[warn(dead_code)]` (part of `#[warn(unused)]`) on by default

warning: method `wait_and_reap` is never used
   --> src/terminal/session.rs:270:19
    |
 61 | impl PtySession {
    | --------------- method in this implementation
...
270 |     pub(crate) fn wait_and_reap(&self) -> Result<Option<i32>, PtyError> {
    |                   ^^^^^^^^^^^^^

warning: struct `WriterLeaseGuard` is never constructed
  --> src/worktree/manager.rs:57:19
   |
57 | pub(crate) struct WriterLeaseGuard {
   |                   ^^^^^^^^^^^^^^^^

warning: associated items `new`, `canonical_path`, and `owner_id` are never used
  --> src/worktree/manager.rs:64:8
   |
63 | impl WriterLeaseGuard {
   | --------------------- associated items in this implementation
64 |     fn new(registry: WriterLeaseRegistry, canonical_path: PathBuf, owner_id: String) -> Self {
   |        ^^^
...
72 |     pub(crate) fn canonical_path(&self) -> &Path {
   |                   ^^^^^^^^^^^^^^
...
76 |     pub(crate) fn owner_id(&self) -> &str {
   |                   ^^^^^^^^

warning: method `acquire_writer_lease` is never used
   --> src/worktree/manager.rs:309:19
    |
105 | impl WorktreeManager {
    | -------------------- method in this implementation
...
309 |     pub(crate) fn acquire_writer_lease(
    |                   ^^^^^^^^^^^^^^^^^^^^

warning: `ferryx` (lib test) generated 7 warnings (run `cargo fix --lib -p ferryx --tests` to apply 2 suggestions)
    Finished `test` profile [unoptimized + debuginfo] target(s) in 0.24s
     Running unittests src/lib.rs (src-tauri/target/debug/deps/ferryx_lib-f277dedbac8184e5)

running 1 test
test ipc::tests::test_project_registration_then_daemon_spawn ... ok

test result: ok. 1 passed; 0 failed; 0 ignored; 0 measured; 628 filtered out; finished in 0.43s

EXIT: 0

COMMAND: cargo test --manifest-path src-tauri/Cargo.toml --lib cmd_project_unregister
warning: unexpected `cfg` condition value: `cargo-clippy`
   --> vendor/wgpu-hal/src/metal/adapter.rs:540:17
    |
540 |                 msg_send![class!(NSProcessInfo), processInfo];
    |                 ^^^^^^^^^^^^^^^^^^^^^^^^^^^^^^^^^^^^^^^^^^^^^
    |
    = note: expected values for `feature` are: `device_lost_panic`, `dx12`, `fragile-send-sync-non-atomic-wasm`, `gles`, `gpu-allocator`, `internal_error_panic`, `metal`, `oom_panic`, `renderdoc`, `static-dxc`, `vulkan`, and `windows`
    = note: using a cfg inside a macro will use the cfgs from the destination crate and not the ones from the defining crate
    = help: try referring to `sel_impl` crate for guidance on how handle this unexpected cfg
    = help: the macro `sel_impl` may come from an old version of the `objc` crate, try updating your dependency with `cargo update -p objc`
    = note: see <https://doc.rust-lang.org/nightly/rustc/check-cfg/cargo-specifics.html> for more information about checking conditional configuration
    = note: requested on the command line with `-W unexpected-cfgs`
    = note: this warning originates in the macro `sel_impl` which comes from the expansion of the macro `msg_send` (in Nightly builds, run with -Z macro-backtrace for more info)

warning: unexpected `cfg` condition value: `cargo-clippy`
   --> vendor/wgpu-hal/src/metal/adapter.rs:540:27
    |
540 |                 msg_send![class!(NSProcessInfo), processInfo];
    |                           ^^^^^^^^^^^^^^^^^^^^^
    |
    = note: expected values for `feature` are: `device_lost_panic`, `dx12`, `fragile-send-sync-non-atomic-wasm`, `gles`, `gpu-allocator`, `internal_error_panic`, `metal`, `oom_panic`, `renderdoc`, `static-dxc`, `vulkan`, and `windows`
    = note: using a cfg inside a macro will use the cfgs from the destination crate and not the ones from the defining crate
    = help: try referring to `class` crate for guidance on how handle this unexpected cfg
    = help: the macro `class` may come from an old version of the `objc` crate, try updating your dependency with `cargo update -p objc`
    = note: see <https://doc.rust-lang.org/nightly/rustc/check-cfg/cargo-specifics.html> for more information about checking conditional configuration
    = note: this warning originates in the macro `class` (in Nightly builds, run with -Z macro-backtrace for more info)

warning: unexpected `cfg` condition value: `cargo-clippy`
   --> vendor/wgpu-hal/src/metal/adapter.rs:541:13
    |
541 |             msg_send![process_info, operatingSystemVersion]
    |             ^^^^^^^^^^^^^^^^^^^^^^^^^^^^^^^^^^^^^^^^^^^^^^^
    |
    = note: expected values for `feature` are: `device_lost_panic`, `dx12`, `fragile-send-sync-non-atomic-wasm`, `gles`, `gpu-allocator`, `internal_error_panic`, `metal`, `oom_panic`, `renderdoc`, `static-dxc`, `vulkan`, and `windows`
    = note: using a cfg inside a macro will use the cfgs from the destination crate and not the ones from the defining crate
    = help: try referring to `sel_impl` crate for guidance on how handle this unexpected cfg
    = help: the macro `sel_impl` may come from an old version of the `objc` crate, try updating your dependency with `cargo update -p objc`
    = note: see <https://doc.rust-lang.org/nightly/rustc/check-cfg/cargo-specifics.html> for more information about checking conditional configuration
    = note: this warning originates in the macro `sel_impl` which comes from the expansion of the macro `msg_send` (in Nightly builds, run with -Z macro-backtrace for more info)

warning: unexpected `cfg` condition value: `cargo-clippy`
   --> vendor/wgpu-hal/src/metal/adapter.rs:732:30
    |
732 |                     unsafe { msg_send![device.as_ref(), maxBufferLength] };
    |                              ^^^^^^^^^^^^^^^^^^^^^^^^^^^^^^^^^^^^^^^^^^^
    |
    = note: expected values for `feature` are: `device_lost_panic`, `dx12`, `fragile-send-sync-non-atomic-wasm`, `gles`, `gpu-allocator`, `internal_error_panic`, `metal`, `oom_panic`, `renderdoc`, `static-dxc`, `vulkan`, and `windows`
    = note: using a cfg inside a macro will use the cfgs from the destination crate and not the ones from the defining crate
    = help: try referring to `sel_impl` crate for guidance on how handle this unexpected cfg
    = help: the macro `sel_impl` may come from an old version of the `objc` crate, try updating your dependency with `cargo update -p objc`
    = note: see <https://doc.rust-lang.org/nightly/rustc/check-cfg/cargo-specifics.html> for more information about checking conditional configuration
    = note: this warning originates in the macro `sel_impl` which comes from the expansion of the macro `msg_send` (in Nightly builds, run with -Z macro-backtrace for more info)

warning: unexpected `cfg` condition value: `cargo-clippy`
  --> vendor/wgpu-hal/src/metal/layer_observer.rs:33:38
   |
33 |     let this: *mut Object = unsafe { msg_send![class(), new] };
   |                                      ^^^^^^^^^^^^^^^^^^^^^^^
   |
   = note: expected values for `feature` are: `device_lost_panic`, `dx12`, `fragile-send-sync-non-atomic-wasm`, `gles`, `gpu-allocator`, `internal_error_panic`, `metal`, `oom_panic`, `renderdoc`, `static-dxc`, `vulkan`, and `windows`
   = note: using a cfg inside a macro will use the cfgs from the destination crate and not the ones from the defining crate
   = help: try referring to `sel_impl` crate for guidance on how handle this unexpected cfg
   = help: the macro `sel_impl` may come from an old version of the `objc` crate, try updating your dependency with `cargo update -p objc`
   = note: see <https://doc.rust-lang.org/nightly/rustc/check-cfg/cargo-specifics.html> for more information about checking conditional configuration
   = note: this warning originates in the macro `sel_impl` which comes from the expansion of the macro `msg_send` (in Nightly builds, run with -Z macro-backtrace for more info)

warning: unexpected `cfg` condition value: `cargo-clippy`
  --> vendor/wgpu-hal/src/metal/layer_observer.rs:36:26
   |
36 |     let _: () = unsafe { msg_send![root_layer, addSublayer: this] };
   |                          ^^^^^^^^^^^^^^^^^^^^^^^^^^^^^^^^^^^^^^^^
   |
   = note: expected values for `feature` are: `device_lost_panic`, `dx12`, `fragile-send-sync-non-atomic-wasm`, `gles`, `gpu-allocator`, `internal_error_panic`, `metal`, `oom_panic`, `renderdoc`, `static-dxc`, `vulkan`, and `windows`
   = note: using a cfg inside a macro will use the cfgs from the destination crate and not the ones from the defining crate
   = help: try referring to `sel_impl` crate for guidance on how handle this unexpected cfg
   = help: the macro `sel_impl` may come from an old version of the `objc` crate, try updating your dependency with `cargo update -p objc`
   = note: see <https://doc.rust-lang.org/nightly/rustc/check-cfg/cargo-specifics.html> for more information about checking conditional configuration
   = note: this warning originates in the macro `sel_impl` which comes from the expansion of the macro `msg_send` (in Nightly builds, run with -Z macro-backtrace for more info)

warning: unexpected `cfg` condition value: `cargo-clippy`
  --> vendor/wgpu-hal/src/metal/layer_observer.rs:40:18
   |
40 |         unsafe { msg_send![class!(NSString), stringWithUTF8String: CONTENTS_SCALE.as_ptr()] };
   |                  ^^^^^^^^^^^^^^^^^^^^^^^^^^^^^^^^^^^^^^^^^^^^^^^^^^^^^^^^^^^^^^^^^^^^^^^^^^
   |
   = note: expected values for `feature` are: `device_lost_panic`, `dx12`, `fragile-send-sync-non-atomic-wasm`, `gles`, `gpu-allocator`, `internal_error_panic`, `metal`, `oom_panic`, `renderdoc`, `static-dxc`, `vulkan`, and `windows`
   = note: using a cfg inside a macro will use the cfgs from the destination crate and not the ones from the defining crate
   = help: try referring to `sel_impl` crate for guidance on how handle this unexpected cfg
   = help: the macro `sel_impl` may come from an old version of the `objc` crate, try updating your dependency with `cargo update -p objc`
   = note: see <https://doc.rust-lang.org/nightly/rustc/check-cfg/cargo-specifics.html> for more information about checking conditional configuration
   = note: this warning originates in the macro `sel_impl` which comes from the expansion of the macro `msg_send` (in Nightly builds, run with -Z macro-backtrace for more info)

warning: unexpected `cfg` condition value: `cargo-clippy`
  --> vendor/wgpu-hal/src/metal/layer_observer.rs:40:28
   |
40 |         unsafe { msg_send![class!(NSString), stringWithUTF8String: CONTENTS_SCALE.as_ptr()] };
   |                            ^^^^^^^^^^^^^^^^
   |
   = note: expected values for `feature` are: `device_lost_panic`, `dx12`, `fragile-send-sync-non-atomic-wasm`, `gles`, `gpu-allocator`, `internal_error_panic`, `metal`, `oom_panic`, `renderdoc`, `static-dxc`, `vulkan`, and `windows`
   = note: using a cfg inside a macro will use the cfgs from the destination crate and not the ones from the defining crate
   = help: try referring to `class` crate for guidance on how handle this unexpected cfg
   = help: the macro `class` may come from an old version of the `objc` crate, try updating your dependency with `cargo update -p objc`
   = note: see <https://doc.rust-lang.org/nightly/rustc/check-cfg/cargo-specifics.html> for more information about checking conditional configuration
   = note: this warning originates in the macro `class` (in Nightly builds, run with -Z macro-backtrace for more info)

warning: unexpected `cfg` condition value: `cargo-clippy`
  --> vendor/wgpu-hal/src/metal/layer_observer.rs:42:9
   |
42 | /         msg_send![
43 | |             root_layer,
44 | |             addObserver: this
45 | |             forKeyPath: key_path
46 | |             options: NSKeyValueObservingOptionNew | NSKeyValueObservingOptionInitial
47 | |             context: context_ptr()
48 | |         ]
   | |_________^
   |
   = note: expected values for `feature` are: `device_lost_panic`, `dx12`, `fragile-send-sync-non-atomic-wasm`, `gles`, `gpu-allocator`, `internal_error_panic`, `metal`, `oom_panic`, `renderdoc`, `static-dxc`, `vulkan`, and `windows`
   = note: using a cfg inside a macro will use the cfgs from the destination crate and not the ones from the defining crate
   = help: try referring to `sel_impl` crate for guidance on how handle this unexpected cfg
   = help: the macro `sel_impl` may come from an old version of the `objc` crate, try updating your dependency with `cargo update -p objc`
   = note: see <https://doc.rust-lang.org/nightly/rustc/check-cfg/cargo-specifics.html> for more information about checking conditional configuration
   = note: this warning originates in the macro `sel_impl` which comes from the expansion of the macro `msg_send` (in Nightly builds, run with -Z macro-backtrace for more info)

warning: unexpected `cfg` condition value: `cargo-clippy`
  --> vendor/wgpu-hal/src/metal/layer_observer.rs:52:18
   |
52 |         unsafe { msg_send![class!(NSString), stringWithUTF8String: BOUNDS.as_ptr()] };
   |                  ^^^^^^^^^^^^^^^^^^^^^^^^^^^^^^^^^^^^^^^^^^^^^^^^^^^^^^^^^^^^^^^^^^
   |
   = note: expected values for `feature` are: `device_lost_panic`, `dx12`, `fragile-send-sync-non-atomic-wasm`, `gles`, `gpu-allocator`, `internal_error_panic`, `metal`, `oom_panic`, `renderdoc`, `static-dxc`, `vulkan`, and `windows`
   = note: using a cfg inside a macro will use the cfgs from the destination crate and not the ones from the defining crate
   = help: try referring to `sel_impl` crate for guidance on how handle this unexpected cfg
   = help: the macro `sel_impl` may come from an old version of the `objc` crate, try updating your dependency with `cargo update -p objc`
   = note: see <https://doc.rust-lang.org/nightly/rustc/check-cfg/cargo-specifics.html> for more information about checking conditional configuration
   = note: this warning originates in the macro `sel_impl` which comes from the expansion of the macro `msg_send` (in Nightly builds, run with -Z macro-backtrace for more info)

warning: unexpected `cfg` condition value: `cargo-clippy`
  --> vendor/wgpu-hal/src/metal/layer_observer.rs:52:28
   |
52 |         unsafe { msg_send![class!(NSString), stringWithUTF8String: BOUNDS.as_ptr()] };
   |                            ^^^^^^^^^^^^^^^^
   |
   = note: expected values for `feature` are: `device_lost_panic`, `dx12`, `fragile-send-sync-non-atomic-wasm`, `gles`, `gpu-allocator`, `internal_error_panic`, `metal`, `oom_panic`, `renderdoc`, `static-dxc`, `vulkan`, and `windows`
   = note: using a cfg inside a macro will use the cfgs from the destination crate and not the ones from the defining crate
   = help: try referring to `class` crate for guidance on how handle this unexpected cfg
   = help: the macro `class` may come from an old version of the `objc` crate, try updating your dependency with `cargo update -p objc`
   = note: see <https://doc.rust-lang.org/nightly/rustc/check-cfg/cargo-specifics.html> for more information about checking conditional configuration
   = note: this warning originates in the macro `class` (in Nightly builds, run with -Z macro-backtrace for more info)

warning: unexpected `cfg` condition value: `cargo-clippy`
  --> vendor/wgpu-hal/src/metal/layer_observer.rs:54:9
   |
54 | /         msg_send![
55 | |             root_layer,
56 | |             addObserver: this
57 | |             forKeyPath: key_path
58 | |             options: NSKeyValueObservingOptionNew | NSKeyValueObservingOptionInitial
59 | |             context: context_ptr()
60 | |         ]
   | |_________^
   |
   = note: expected values for `feature` are: `device_lost_panic`, `dx12`, `fragile-send-sync-non-atomic-wasm`, `gles`, `gpu-allocator`, `internal_error_panic`, `metal`, `oom_panic`, `renderdoc`, `static-dxc`, `vulkan`, and `windows`
   = note: using a cfg inside a macro will use the cfgs from the destination crate and not the ones from the defining crate
   = help: try referring to `sel_impl` crate for guidance on how handle this unexpected cfg
   = help: the macro `sel_impl` may come from an old version of the `objc` crate, try updating your dependency with `cargo update -p objc`
   = note: see <https://doc.rust-lang.org/nightly/rustc/check-cfg/cargo-specifics.html> for more information about checking conditional configuration
   = note: this warning originates in the macro `sel_impl` which comes from the expansion of the macro `msg_send` (in Nightly builds, run with -Z macro-backtrace for more info)

warning: unexpected `cfg` condition value: `cargo-clippy`
  --> vendor/wgpu-hal/src/metal/layer_observer.rs:77:26
   |
77 |         let superclass = class!(CAMetalLayer);
   |                          ^^^^^^^^^^^^^^^^^^^^
   |
   = note: expected values for `feature` are: `device_lost_panic`, `dx12`, `fragile-send-sync-non-atomic-wasm`, `gles`, `gpu-allocator`, `internal_error_panic`, `metal`, `oom_panic`, `renderdoc`, `static-dxc`, `vulkan`, and `windows`
   = note: using a cfg inside a macro will use the cfgs from the destination crate and not the ones from the defining crate
   = help: try referring to `class` crate for guidance on how handle this unexpected cfg
   = help: the macro `class` may come from an old version of the `objc` crate, try updating your dependency with `cargo update -p objc`
   = note: see <https://doc.rust-lang.org/nightly/rustc/check-cfg/cargo-specifics.html> for more information about checking conditional configuration
   = note: this warning originates in the macro `class` (in Nightly builds, run with -Z macro-backtrace for more info)

warning: unexpected `cfg` condition value: `cargo-clippy`
  --> vendor/wgpu-hal/src/metal/layer_observer.rs:82:19
   |
82 |         let sel = sel!(observeValueForKeyPath:ofObject:change:context:);
   |                   ^^^^^^^^^^^^^^^^^^^^^^^^^^^^^^^^^^^^^^^^^^^^^^^^^^^^^
   |
   = note: expected values for `feature` are: `device_lost_panic`, `dx12`, `fragile-send-sync-non-atomic-wasm`, `gles`, `gpu-allocator`, `internal_error_panic`, `metal`, `oom_panic`, `renderdoc`, `static-dxc`, `vulkan`, and `windows`
   = note: using a cfg inside a macro will use the cfgs from the destination crate and not the ones from the defining crate
   = help: try referring to `sel_impl` crate for guidance on how handle this unexpected cfg
   = help: the macro `sel_impl` may come from an old version of the `objc` crate, try updating your dependency with `cargo update -p objc`
   = note: see <https://doc.rust-lang.org/nightly/rustc/check-cfg/cargo-specifics.html> for more information about checking conditional configuration
   = note: this warning originates in the macro `sel_impl` which comes from the expansion of the macro `sel` (in Nightly builds, run with -Z macro-backtrace for more info)

warning: unexpected `cfg` condition value: `cargo-clippy`
  --> vendor/wgpu-hal/src/metal/layer_observer.rs:93:19
   |
93 |         let sel = sel!(dealloc);
   |                   ^^^^^^^^^^^^^
   |
   = note: expected values for `feature` are: `device_lost_panic`, `dx12`, `fragile-send-sync-non-atomic-wasm`, `gles`, `gpu-allocator`, `internal_error_panic`, `metal`, `oom_panic`, `renderdoc`, `static-dxc`, `vulkan`, and `windows`
   = note: using a cfg inside a macro will use the cfgs from the destination crate and not the ones from the defining crate
   = help: try referring to `sel_impl` crate for guidance on how handle this unexpected cfg
   = help: the macro `sel_impl` may come from an old version of the `objc` crate, try updating your dependency with `cargo update -p objc`
   = note: see <https://doc.rust-lang.org/nightly/rustc/check-cfg/cargo-specifics.html> for more information about checking conditional configuration
   = note: this warning originates in the macro `sel_impl` which comes from the expansion of the macro `sel` (in Nightly builds, run with -Z macro-backtrace for more info)

warning: unexpected `cfg` condition value: `cargo-clippy`
   --> vendor/wgpu-hal/src/metal/layer_observer.rs:121:13
    |
121 | /             msg_send![
122 | |                 super(this, class!(CAMetalLayer)),
123 | |                 observeValueForKeyPath: key_path
124 | |                 ofObject: object
125 | |                 change: change
126 | |                 context: context
127 | |             ]
    | |_____________^
    |
    = note: expected values for `feature` are: `device_lost_panic`, `dx12`, `fragile-send-sync-non-atomic-wasm`, `gles`, `gpu-allocator`, `internal_error_panic`, `metal`, `oom_panic`, `renderdoc`, `static-dxc`, `vulkan`, and `windows`
    = note: using a cfg inside a macro will use the cfgs from the destination crate and not the ones from the defining crate
    = help: try referring to `sel_impl` crate for guidance on how handle this unexpected cfg
    = help: the macro `sel_impl` may come from an old version of the `objc` crate, try updating your dependency with `cargo update -p objc`
    = note: see <https://doc.rust-lang.org/nightly/rustc/check-cfg/cargo-specifics.html> for more information about checking conditional configuration
    = note: this warning originates in the macro `sel_impl` which comes from the expansion of the macro `msg_send` (in Nightly builds, run with -Z macro-backtrace for more info)

warning: unexpected `cfg` condition value: `cargo-clippy`
   --> vendor/wgpu-hal/src/metal/layer_observer.rs:122:29
    |
122 |                 super(this, class!(CAMetalLayer)),
    |                             ^^^^^^^^^^^^^^^^^^^^
    |
    = note: expected values for `feature` are: `device_lost_panic`, `dx12`, `fragile-send-sync-non-atomic-wasm`, `gles`, `gpu-allocator`, `internal_error_panic`, `metal`, `oom_panic`, `renderdoc`, `static-dxc`, `vulkan`, and `windows`
    = note: using a cfg inside a macro will use the cfgs from the destination crate and not the ones from the defining crate
    = help: try referring to `class` crate for guidance on how handle this unexpected cfg
    = help: the macro `class` may come from an old version of the `objc` crate, try updating your dependency with `cargo update -p objc`
    = note: see <https://doc.rust-lang.org/nightly/rustc/check-cfg/cargo-specifics.html> for more information about checking conditional configuration
    = note: this warning originates in the macro `class` (in Nightly builds, run with -Z macro-backtrace for more info)

warning: unexpected `cfg` condition value: `cargo-clippy`
   --> vendor/wgpu-hal/src/metal/layer_observer.rs:134:37
    |
134 |     let new: *mut Object = unsafe { msg_send![change, objectForKey: key] };
    |                                     ^^^^^^^^^^^^^^^^^^^^^^^^^^^^^^^^^^^^
    |
    = note: expected values for `feature` are: `device_lost_panic`, `dx12`, `fragile-send-sync-non-atomic-wasm`, `gles`, `gpu-allocator`, `internal_error_panic`, `metal`, `oom_panic`, `renderdoc`, `static-dxc`, `vulkan`, and `windows`
    = note: using a cfg inside a macro will use the cfgs from the destination crate and not the ones from the defining crate
    = help: try referring to `sel_impl` crate for guidance on how handle this unexpected cfg
    = help: the macro `sel_impl` may come from an old version of the `objc` crate, try updating your dependency with `cargo update -p objc`
    = note: see <https://doc.rust-lang.org/nightly/rustc/check-cfg/cargo-specifics.html> for more information about checking conditional configuration
    = note: this warning originates in the macro `sel_impl` which comes from the expansion of the macro `msg_send` (in Nightly builds, run with -Z macro-backtrace for more info)

warning: unexpected `cfg` condition value: `cargo-clippy`
   --> vendor/wgpu-hal/src/metal/layer_observer.rs:138:18
    |
138 |         unsafe { msg_send![class!(NSString), stringWithUTF8String: CONTENTS_SCALE.as_ptr()] };
    |                  ^^^^^^^^^^^^^^^^^^^^^^^^^^^^^^^^^^^^^^^^^^^^^^^^^^^^^^^^^^^^^^^^^^^^^^^^^^
    |
    = note: expected values for `feature` are: `device_lost_panic`, `dx12`, `fragile-send-sync-non-atomic-wasm`, `gles`, `gpu-allocator`, `internal_error_panic`, `metal`, `oom_panic`, `renderdoc`, `static-dxc`, `vulkan`, and `windows`
    = note: using a cfg inside a macro will use the cfgs from the destination crate and not the ones from the defining crate
    = help: try referring to `sel_impl` crate for guidance on how handle this unexpected cfg
    = help: the macro `sel_impl` may come from an old version of the `objc` crate, try updating your dependency with `cargo update -p objc`
    = note: see <https://doc.rust-lang.org/nightly/rustc/check-cfg/cargo-specifics.html> for more information about checking conditional configuration
    = note: this warning originates in the macro `sel_impl` which comes from the expansion of the macro `msg_send` (in Nightly builds, run with -Z macro-backtrace for more info)

warning: unexpected `cfg` condition value: `cargo-clippy`
   --> vendor/wgpu-hal/src/metal/layer_observer.rs:138:28
    |
138 |         unsafe { msg_send![class!(NSString), stringWithUTF8String: CONTENTS_SCALE.as_ptr()] };
    |                            ^^^^^^^^^^^^^^^^
    |
    = note: expected values for `feature` are: `device_lost_panic`, `dx12`, `fragile-send-sync-non-atomic-wasm`, `gles`, `gpu-allocator`, `internal_error_panic`, `metal`, `oom_panic`, `renderdoc`, `static-dxc`, `vulkan`, and `windows`
    = note: using a cfg inside a macro will use the cfgs from the destination crate and not the ones from the defining crate
    = help: try referring to `class` crate for guidance on how handle this unexpected cfg
    = help: the macro `class` may come from an old version of the `objc` crate, try updating your dependency with `cargo update -p objc`
    = note: see <https://doc.rust-lang.org/nightly/rustc/check-cfg/cargo-specifics.html> for more information about checking conditional configuration
    = note: this warning originates in the macro `class` (in Nightly builds, run with -Z macro-backtrace for more info)

warning: unexpected `cfg` condition value: `cargo-clippy`
   --> vendor/wgpu-hal/src/metal/layer_observer.rs:139:35
    |
139 |     let is_equal: BOOL = unsafe { msg_send![key_path, isEqual: to_compare] };
    |                                   ^^^^^^^^^^^^^^^^^^^^^^^^^^^^^^^^^^^^^^^^
    |
    = note: expected values for `feature` are: `device_lost_panic`, `dx12`, `fragile-send-sync-non-atomic-wasm`, `gles`, `gpu-allocator`, `internal_error_panic`, `metal`, `oom_panic`, `renderdoc`, `static-dxc`, `vulkan`, and `windows`
    = note: using a cfg inside a macro will use the cfgs from the destination crate and not the ones from the defining crate
    = help: try referring to `sel_impl` crate for guidance on how handle this unexpected cfg
    = help: the macro `sel_impl` may come from an old version of the `objc` crate, try updating your dependency with `cargo update -p objc`
    = note: see <https://doc.rust-lang.org/nightly/rustc/check-cfg/cargo-specifics.html> for more information about checking conditional configuration
    = note: this warning originates in the macro `sel_impl` which comes from the expansion of the macro `msg_send` (in Nightly builds, run with -Z macro-backtrace for more info)

warning: unexpected `cfg` condition value: `cargo-clippy`
   --> vendor/wgpu-hal/src/metal/layer_observer.rs:143:22
    |
143 |             unsafe { msg_send![new, doubleValue] }
    |                      ^^^^^^^^^^^^^^^^^^^^^^^^^^^
    |
    = note: expected values for `feature` are: `device_lost_panic`, `dx12`, `fragile-send-sync-non-atomic-wasm`, `gles`, `gpu-allocator`, `internal_error_panic`, `metal`, `oom_panic`, `renderdoc`, `static-dxc`, `vulkan`, and `windows`
    = note: using a cfg inside a macro will use the cfgs from the destination crate and not the ones from the defining crate
    = help: try referring to `sel_impl` crate for guidance on how handle this unexpected cfg
    = help: the macro `sel_impl` may come from an old version of the `objc` crate, try updating your dependency with `cargo update -p objc`
    = note: see <https://doc.rust-lang.org/nightly/rustc/check-cfg/cargo-specifics.html> for more information about checking conditional configuration
    = note: this warning originates in the macro `sel_impl` which comes from the expansion of the macro `msg_send` (in Nightly builds, run with -Z macro-backtrace for more info)

warning: unexpected `cfg` condition value: `cargo-clippy`
   --> vendor/wgpu-hal/src/metal/layer_observer.rs:145:22
    |
145 |             unsafe { msg_send![new, floatValue] }
    |                      ^^^^^^^^^^^^^^^^^^^^^^^^^^
    |
    = note: expected values for `feature` are: `device_lost_panic`, `dx12`, `fragile-send-sync-non-atomic-wasm`, `gles`, `gpu-allocator`, `internal_error_panic`, `metal`, `oom_panic`, `renderdoc`, `static-dxc`, `vulkan`, and `windows`
    = note: using a cfg inside a macro will use the cfgs from the destination crate and not the ones from the defining crate
    = help: try referring to `sel_impl` crate for guidance on how handle this unexpected cfg
    = help: the macro `sel_impl` may come from an old version of the `objc` crate, try updating your dependency with `cargo update -p objc`
    = note: see <https://doc.rust-lang.org/nightly/rustc/check-cfg/cargo-specifics.html> for more information about checking conditional configuration
    = note: this warning originates in the macro `sel_impl` which comes from the expansion of the macro `msg_send` (in Nightly builds, run with -Z macro-backtrace for more info)

warning: unexpected `cfg` condition value: `cargo-clippy`
   --> vendor/wgpu-hal/src/metal/layer_observer.rs:149:30
    |
149 |         let _: () = unsafe { msg_send![this, setContentsScale: scale_factor] };
    |                              ^^^^^^^^^^^^^^^^^^^^^^^^^^^^^^^^^^^^^^^^^^^^^^^
    |
    = note: expected values for `feature` are: `device_lost_panic`, `dx12`, `fragile-send-sync-non-atomic-wasm`, `gles`, `gpu-allocator`, `internal_error_panic`, `metal`, `oom_panic`, `renderdoc`, `static-dxc`, `vulkan`, and `windows`
    = note: using a cfg inside a macro will use the cfgs from the destination crate and not the ones from the defining crate
    = help: try referring to `sel_impl` crate for guidance on how handle this unexpected cfg
    = help: the macro `sel_impl` may come from an old version of the `objc` crate, try updating your dependency with `cargo update -p objc`
    = note: see <https://doc.rust-lang.org/nightly/rustc/check-cfg/cargo-specifics.html> for more information about checking conditional configuration
    = note: this warning originates in the macro `sel_impl` which comes from the expansion of the macro `msg_send` (in Nightly builds, run with -Z macro-backtrace for more info)

warning: unexpected `cfg` condition value: `cargo-clippy`
   --> vendor/wgpu-hal/src/metal/layer_observer.rs:154:18
    |
154 |         unsafe { msg_send![class!(NSString), stringWithUTF8String: BOUNDS.as_ptr()] };
    |                  ^^^^^^^^^^^^^^^^^^^^^^^^^^^^^^^^^^^^^^^^^^^^^^^^^^^^^^^^^^^^^^^^^^
    |
    = note: expected values for `feature` are: `device_lost_panic`, `dx12`, `fragile-send-sync-non-atomic-wasm`, `gles`, `gpu-allocator`, `internal_error_panic`, `metal`, `oom_panic`, `renderdoc`, `static-dxc`, `vulkan`, and `windows`
    = note: using a cfg inside a macro will use the cfgs from the destination crate and not the ones from the defining crate
    = help: try referring to `sel_impl` crate for guidance on how handle this unexpected cfg
    = help: the macro `sel_impl` may come from an old version of the `objc` crate, try updating your dependency with `cargo update -p objc`
    = note: see <https://doc.rust-lang.org/nightly/rustc/check-cfg/cargo-specifics.html> for more information about checking conditional configuration
    = note: this warning originates in the macro `sel_impl` which comes from the expansion of the macro `msg_send` (in Nightly builds, run with -Z macro-backtrace for more info)

warning: unexpected `cfg` condition value: `cargo-clippy`
   --> vendor/wgpu-hal/src/metal/layer_observer.rs:154:28
    |
154 |         unsafe { msg_send![class!(NSString), stringWithUTF8String: BOUNDS.as_ptr()] };
    |                            ^^^^^^^^^^^^^^^^
    |
    = note: expected values for `feature` are: `device_lost_panic`, `dx12`, `fragile-send-sync-non-atomic-wasm`, `gles`, `gpu-allocator`, `internal_error_panic`, `metal`, `oom_panic`, `renderdoc`, `static-dxc`, `vulkan`, and `windows`
    = note: using a cfg inside a macro will use the cfgs from the destination crate and not the ones from the defining crate
    = help: try referring to `class` crate for guidance on how handle this unexpected cfg
    = help: the macro `class` may come from an old version of the `objc` crate, try updating your dependency with `cargo update -p objc`
    = note: see <https://doc.rust-lang.org/nightly/rustc/check-cfg/cargo-specifics.html> for more information about checking conditional configuration
    = note: this warning originates in the macro `class` (in Nightly builds, run with -Z macro-backtrace for more info)

warning: unexpected `cfg` condition value: `cargo-clippy`
   --> vendor/wgpu-hal/src/metal/layer_observer.rs:155:35
    |
155 |     let is_equal: BOOL = unsafe { msg_send![key_path, isEqual: to_compare] };
    |                                   ^^^^^^^^^^^^^^^^^^^^^^^^^^^^^^^^^^^^^^^^
    |
    = note: expected values for `feature` are: `device_lost_panic`, `dx12`, `fragile-send-sync-non-atomic-wasm`, `gles`, `gpu-allocator`, `internal_error_panic`, `metal`, `oom_panic`, `renderdoc`, `static-dxc`, `vulkan`, and `windows`
    = note: using a cfg inside a macro will use the cfgs from the destination crate and not the ones from the defining crate
    = help: try referring to `sel_impl` crate for guidance on how handle this unexpected cfg
    = help: the macro `sel_impl` may come from an old version of the `objc` crate, try updating your dependency with `cargo update -p objc`
    = note: see <https://doc.rust-lang.org/nightly/rustc/check-cfg/cargo-specifics.html> for more information about checking conditional configuration
    = note: this warning originates in the macro `sel_impl` which comes from the expansion of the macro `msg_send` (in Nightly builds, run with -Z macro-backtrace for more info)

warning: unexpected `cfg` condition value: `cargo-clippy`
   --> vendor/wgpu-hal/src/metal/layer_observer.rs:158:39
    |
158 |         let bounds: CGRect = unsafe { msg_send![new, rectValue] };
    |                                       ^^^^^^^^^^^^^^^^^^^^^^^^^
    |
    = note: expected values for `feature` are: `device_lost_panic`, `dx12`, `fragile-send-sync-non-atomic-wasm`, `gles`, `gpu-allocator`, `internal_error_panic`, `metal`, `oom_panic`, `renderdoc`, `static-dxc`, `vulkan`, and `windows`
    = note: using a cfg inside a macro will use the cfgs from the destination crate and not the ones from the defining crate
    = help: try referring to `sel_impl` crate for guidance on how handle this unexpected cfg
    = help: the macro `sel_impl` may come from an old version of the `objc` crate, try updating your dependency with `cargo update -p objc`
    = note: see <https://doc.rust-lang.org/nightly/rustc/check-cfg/cargo-specifics.html> for more information about checking conditional configuration
    = note: this warning originates in the macro `sel_impl` which comes from the expansion of the macro `msg_send` (in Nightly builds, run with -Z macro-backtrace for more info)

warning: unexpected `cfg` condition value: `cargo-clippy`
   --> vendor/wgpu-hal/src/metal/layer_observer.rs:164:30
    |
164 |         let _: () = unsafe { msg_send![this, setFrame: bounds] };
    |                              ^^^^^^^^^^^^^^^^^^^^^^^^^^^^^^^^^
    |
    = note: expected values for `feature` are: `device_lost_panic`, `dx12`, `fragile-send-sync-non-atomic-wasm`, `gles`, `gpu-allocator`, `internal_error_panic`, `metal`, `oom_panic`, `renderdoc`, `static-dxc`, `vulkan`, and `windows`
    = note: using a cfg inside a macro will use the cfgs from the destination crate and not the ones from the defining crate
    = help: try referring to `sel_impl` crate for guidance on how handle this unexpected cfg
    = help: the macro `sel_impl` may come from an old version of the `objc` crate, try updating your dependency with `cargo update -p objc`
    = note: see <https://doc.rust-lang.org/nightly/rustc/check-cfg/cargo-specifics.html> for more information about checking conditional configuration
    = note: this warning originates in the macro `sel_impl` which comes from the expansion of the macro `msg_send` (in Nightly builds, run with -Z macro-backtrace for more info)

warning: unexpected `cfg` condition value: `cargo-clippy`
   --> vendor/wgpu-hal/src/metal/layer_observer.rs:180:44
    |
180 |     let root_layer: *mut Object = unsafe { msg_send![this, superlayer] };
    |                                            ^^^^^^^^^^^^^^^^^^^^^^^^^^^
    |
    = note: expected values for `feature` are: `device_lost_panic`, `dx12`, `fragile-send-sync-non-atomic-wasm`, `gles`, `gpu-allocator`, `internal_error_panic`, `metal`, `oom_panic`, `renderdoc`, `static-dxc`, `vulkan`, and `windows`
    = note: using a cfg inside a macro will use the cfgs from the destination crate and not the ones from the defining crate
    = help: try referring to `sel_impl` crate for guidance on how handle this unexpected cfg
    = help: the macro `sel_impl` may come from an old version of the `objc` crate, try updating your dependency with `cargo update -p objc`
    = note: see <https://doc.rust-lang.org/nightly/rustc/check-cfg/cargo-specifics.html> for more information about checking conditional configuration
    = note: this warning originates in the macro `sel_impl` which comes from the expansion of the macro `msg_send` (in Nightly builds, run with -Z macro-backtrace for more info)

warning: unexpected `cfg` condition value: `cargo-clippy`
   --> vendor/wgpu-hal/src/metal/layer_observer.rs:183:22
    |
183 |             unsafe { msg_send![class!(NSString), stringWithUTF8String: CONTENTS_SCALE.as_ptr()] };
    |                      ^^^^^^^^^^^^^^^^^^^^^^^^^^^^^^^^^^^^^^^^^^^^^^^^^^^^^^^^^^^^^^^^^^^^^^^^^^
    |
    = note: expected values for `feature` are: `device_lost_panic`, `dx12`, `fragile-send-sync-non-atomic-wasm`, `gles`, `gpu-allocator`, `internal_error_panic`, `metal`, `oom_panic`, `renderdoc`, `static-dxc`, `vulkan`, and `windows`
    = note: using a cfg inside a macro will use the cfgs from the destination crate and not the ones from the defining crate
    = help: try referring to `sel_impl` crate for guidance on how handle this unexpected cfg
    = help: the macro `sel_impl` may come from an old version of the `objc` crate, try updating your dependency with `cargo update -p objc`
    = note: see <https://doc.rust-lang.org/nightly/rustc/check-cfg/cargo-specifics.html> for more information about checking conditional configuration
    = note: this warning originates in the macro `sel_impl` which comes from the expansion of the macro `msg_send` (in Nightly builds, run with -Z macro-backtrace for more info)

warning: unexpected `cfg` condition value: `cargo-clippy`
   --> vendor/wgpu-hal/src/metal/layer_observer.rs:183:32
    |
183 |             unsafe { msg_send![class!(NSString), stringWithUTF8String: CONTENTS_SCALE.as_ptr()] };
    |                                ^^^^^^^^^^^^^^^^
    |
    = note: expected values for `feature` are: `device_lost_panic`, `dx12`, `fragile-send-sync-non-atomic-wasm`, `gles`, `gpu-allocator`, `internal_error_panic`, `metal`, `oom_panic`, `renderdoc`, `static-dxc`, `vulkan`, and `windows`
    = note: using a cfg inside a macro will use the cfgs from the destination crate and not the ones from the defining crate
    = help: try referring to `class` crate for guidance on how handle this unexpected cfg
    = help: the macro `class` may come from an old version of the `objc` crate, try updating your dependency with `cargo update -p objc`
    = note: see <https://doc.rust-lang.org/nightly/rustc/check-cfg/cargo-specifics.html> for more information about checking conditional configuration
    = note: this warning originates in the macro `class` (in Nightly builds, run with -Z macro-backtrace for more info)

warning: unexpected `cfg` condition value: `cargo-clippy`
   --> vendor/wgpu-hal/src/metal/layer_observer.rs:184:30
    |
184 |         let _: () = unsafe { msg_send![root_layer, removeObserver: this forKeyPath: key_path] };
    |                              ^^^^^^^^^^^^^^^^^^^^^^^^^^^^^^^^^^^^^^^^^^^^^^^^^^^^^^^^^^^^^^^^
    |
    = note: expected values for `feature` are: `device_lost_panic`, `dx12`, `fragile-send-sync-non-atomic-wasm`, `gles`, `gpu-allocator`, `internal_error_panic`, `metal`, `oom_panic`, `renderdoc`, `static-dxc`, `vulkan`, and `windows`
    = note: using a cfg inside a macro will use the cfgs from the destination crate and not the ones from the defining crate
    = help: try referring to `sel_impl` crate for guidance on how handle this unexpected cfg
    = help: the macro `sel_impl` may come from an old version of the `objc` crate, try updating your dependency with `cargo update -p objc`
    = note: see <https://doc.rust-lang.org/nightly/rustc/check-cfg/cargo-specifics.html> for more information about checking conditional configuration
    = note: this warning originates in the macro `sel_impl` which comes from the expansion of the macro `msg_send` (in Nightly builds, run with -Z macro-backtrace for more info)

warning: unexpected `cfg` condition value: `cargo-clippy`
   --> vendor/wgpu-hal/src/metal/layer_observer.rs:187:22
    |
187 |             unsafe { msg_send![class!(NSString), stringWithUTF8String: BOUNDS.as_ptr()] };
    |                      ^^^^^^^^^^^^^^^^^^^^^^^^^^^^^^^^^^^^^^^^^^^^^^^^^^^^^^^^^^^^^^^^^^
    |
    = note: expected values for `feature` are: `device_lost_panic`, `dx12`, `fragile-send-sync-non-atomic-wasm`, `gles`, `gpu-allocator`, `internal_error_panic`, `metal`, `oom_panic`, `renderdoc`, `static-dxc`, `vulkan`, and `windows`
    = note: using a cfg inside a macro will use the cfgs from the destination crate and not the ones from the defining crate
    = help: try referring to `sel_impl` crate for guidance on how handle this unexpected cfg
    = help: the macro `sel_impl` may come from an old version of the `objc` crate, try updating your dependency with `cargo update -p objc`
    = note: see <https://doc.rust-lang.org/nightly/rustc/check-cfg/cargo-specifics.html> for more information about checking conditional configuration
    = note: this warning originates in the macro `sel_impl` which comes from the expansion of the macro `msg_send` (in Nightly builds, run with -Z macro-backtrace for more info)

warning: unexpected `cfg` condition value: `cargo-clippy`
   --> vendor/wgpu-hal/src/metal/layer_observer.rs:187:32
    |
187 |             unsafe { msg_send![class!(NSString), stringWithUTF8String: BOUNDS.as_ptr()] };
    |                                ^^^^^^^^^^^^^^^^
    |
    = note: expected values for `feature` are: `device_lost_panic`, `dx12`, `fragile-send-sync-non-atomic-wasm`, `gles`, `gpu-allocator`, `internal_error_panic`, `metal`, `oom_panic`, `renderdoc`, `static-dxc`, `vulkan`, and `windows`
    = note: using a cfg inside a macro will use the cfgs from the destination crate and not the ones from the defining crate
    = help: try referring to `class` crate for guidance on how handle this unexpected cfg
    = help: the macro `class` may come from an old version of the `objc` crate, try updating your dependency with `cargo update -p objc`
    = note: see <https://doc.rust-lang.org/nightly/rustc/check-cfg/cargo-specifics.html> for more information about checking conditional configuration
    = note: this warning originates in the macro `class` (in Nightly builds, run with -Z macro-backtrace for more info)

warning: unexpected `cfg` condition value: `cargo-clippy`
   --> vendor/wgpu-hal/src/metal/layer_observer.rs:188:30
    |
188 |         let _: () = unsafe { msg_send![root_layer, removeObserver: this forKeyPath: key_path] };
    |                              ^^^^^^^^^^^^^^^^^^^^^^^^^^^^^^^^^^^^^^^^^^^^^^^^^^^^^^^^^^^^^^^^
    |
    = note: expected values for `feature` are: `device_lost_panic`, `dx12`, `fragile-send-sync-non-atomic-wasm`, `gles`, `gpu-allocator`, `internal_error_panic`, `metal`, `oom_panic`, `renderdoc`, `static-dxc`, `vulkan`, and `windows`
    = note: using a cfg inside a macro will use the cfgs from the destination crate and not the ones from the defining crate
    = help: try referring to `sel_impl` crate for guidance on how handle this unexpected cfg
    = help: the macro `sel_impl` may come from an old version of the `objc` crate, try updating your dependency with `cargo update -p objc`
    = note: see <https://doc.rust-lang.org/nightly/rustc/check-cfg/cargo-specifics.html> for more information about checking conditional configuration
    = note: this warning originates in the macro `sel_impl` which comes from the expansion of the macro `msg_send` (in Nightly builds, run with -Z macro-backtrace for more info)

warning: unexpected `cfg` condition value: `cargo-clippy`
   --> vendor/wgpu-hal/src/metal/layer_observer.rs:191:26
    |
191 |     let _: () = unsafe { msg_send![super(this, class!(CAMetalLayer)), dealloc] };
    |                          ^^^^^^^^^^^^^^^^^^^^^^^^^^^^^^^^^^^^^^^^^^^^^^^^^^^^^
    |
    = note: expected values for `feature` are: `device_lost_panic`, `dx12`, `fragile-send-sync-non-atomic-wasm`, `gles`, `gpu-allocator`, `internal_error_panic`, `metal`, `oom_panic`, `renderdoc`, `static-dxc`, `vulkan`, and `windows`
    = note: using a cfg inside a macro will use the cfgs from the destination crate and not the ones from the defining crate
    = help: try referring to `sel_impl` crate for guidance on how handle this unexpected cfg
    = help: the macro `sel_impl` may come from an old version of the `objc` crate, try updating your dependency with `cargo update -p objc`
    = note: see <https://doc.rust-lang.org/nightly/rustc/check-cfg/cargo-specifics.html> for more information about checking conditional configuration
    = note: this warning originates in the macro `sel_impl` which comes from the expansion of the macro `msg_send` (in Nightly builds, run with -Z macro-backtrace for more info)

warning: unexpected `cfg` condition value: `cargo-clippy`
   --> vendor/wgpu-hal/src/metal/layer_observer.rs:191:48
    |
191 |     let _: () = unsafe { msg_send![super(this, class!(CAMetalLayer)), dealloc] };
    |                                                ^^^^^^^^^^^^^^^^^^^^
    |
    = note: expected values for `feature` are: `device_lost_panic`, `dx12`, `fragile-send-sync-non-atomic-wasm`, `gles`, `gpu-allocator`, `internal_error_panic`, `metal`, `oom_panic`, `renderdoc`, `static-dxc`, `vulkan`, and `windows`
    = note: using a cfg inside a macro will use the cfgs from the destination crate and not the ones from the defining crate
    = help: try referring to `class` crate for guidance on how handle this unexpected cfg
    = help: the macro `class` may come from an old version of the `objc` crate, try updating your dependency with `cargo update -p objc`
    = note: see <https://doc.rust-lang.org/nightly/rustc/check-cfg/cargo-specifics.html> for more information about checking conditional configuration
    = note: this warning originates in the macro `class` (in Nightly builds, run with -Z macro-backtrace for more info)

warning: unexpected `cfg` condition value: `cargo-clippy`
  --> vendor/wgpu-hal/src/metal/surface.rs:48:21
   |
48 |         let class = class!(CAMetalLayer);
   |                     ^^^^^^^^^^^^^^^^^^^^
   |
   = note: expected values for `feature` are: `device_lost_panic`, `dx12`, `fragile-send-sync-non-atomic-wasm`, `gles`, `gpu-allocator`, `internal_error_panic`, `metal`, `oom_panic`, `renderdoc`, `static-dxc`, `vulkan`, and `windows`
   = note: using a cfg inside a macro will use the cfgs from the destination crate and not the ones from the defining crate
   = help: try referring to `class` crate for guidance on how handle this unexpected cfg
   = help: the macro `class` may come from an old version of the `objc` crate, try updating your dependency with `cargo update -p objc`
   = note: see <https://doc.rust-lang.org/nightly/rustc/check-cfg/cargo-specifics.html> for more information about checking conditional configuration
   = note: this warning originates in the macro `class` (in Nightly builds, run with -Z macro-backtrace for more info)

warning: unexpected `cfg` condition value: `cargo-clippy`
  --> vendor/wgpu-hal/src/metal/surface.rs:49:33
   |
49 |         let proper_kind: BOOL = msg_send![layer, isKindOfClass: class];
   |                                 ^^^^^^^^^^^^^^^^^^^^^^^^^^^^^^^^^^^^^^
   |
   = note: expected values for `feature` are: `device_lost_panic`, `dx12`, `fragile-send-sync-non-atomic-wasm`, `gles`, `gpu-allocator`, `internal_error_panic`, `metal`, `oom_panic`, `renderdoc`, `static-dxc`, `vulkan`, and `windows`
   = note: using a cfg inside a macro will use the cfgs from the destination crate and not the ones from the defining crate
   = help: try referring to `sel_impl` crate for guidance on how handle this unexpected cfg
   = help: the macro `sel_impl` may come from an old version of the `objc` crate, try updating your dependency with `cargo update -p objc`
   = note: see <https://doc.rust-lang.org/nightly/rustc/check-cfg/cargo-specifics.html> for more information about checking conditional configuration
   = note: this warning originates in the macro `sel_impl` which comes from the expansion of the macro `msg_send` (in Nightly builds, run with -Z macro-backtrace for more info)

warning: unexpected `cfg` condition value: `cargo-clippy`
  --> vendor/wgpu-hal/src/metal/surface.rs:65:36
   |
65 |         let is_main_thread: BOOL = msg_send![class!(NSThread), isMainThread];
   |                                    ^^^^^^^^^^^^^^^^^^^^^^^^^^^^^^^^^^^^^^^^^
   |
   = note: expected values for `feature` are: `device_lost_panic`, `dx12`, `fragile-send-sync-non-atomic-wasm`, `gles`, `gpu-allocator`, `internal_error_panic`, `metal`, `oom_panic`, `renderdoc`, `static-dxc`, `vulkan`, and `windows`
   = note: using a cfg inside a macro will use the cfgs from the destination crate and not the ones from the defining crate
   = help: try referring to `sel_impl` crate for guidance on how handle this unexpected cfg
   = help: the macro `sel_impl` may come from an old version of the `objc` crate, try updating your dependency with `cargo update -p objc`
   = note: see <https://doc.rust-lang.org/nightly/rustc/check-cfg/cargo-specifics.html> for more information about checking conditional configuration
   = note: this warning originates in the macro `sel_impl` which comes from the expansion of the macro `msg_send` (in Nightly builds, run with -Z macro-backtrace for more info)

warning: unexpected `cfg` condition value: `cargo-clippy`
  --> vendor/wgpu-hal/src/metal/surface.rs:65:46
   |
65 |         let is_main_thread: BOOL = msg_send![class!(NSThread), isMainThread];
   |                                              ^^^^^^^^^^^^^^^^
   |
   = note: expected values for `feature` are: `device_lost_panic`, `dx12`, `fragile-send-sync-non-atomic-wasm`, `gles`, `gpu-allocator`, `internal_error_panic`, `metal`, `oom_panic`, `renderdoc`, `static-dxc`, `vulkan`, and `windows`
   = note: using a cfg inside a macro will use the cfgs from the destination crate and not the ones from the defining crate
   = help: try referring to `class` crate for guidance on how handle this unexpected cfg
   = help: the macro `class` may come from an old version of the `objc` crate, try updating your dependency with `cargo update -p objc`
   = note: see <https://doc.rust-lang.org/nightly/rustc/check-cfg/cargo-specifics.html> for more information about checking conditional configuration
   = note: this warning originates in the macro `class` (in Nightly builds, run with -Z macro-backtrace for more info)

warning: unexpected `cfg` condition value: `cargo-clippy`
  --> vendor/wgpu-hal/src/metal/surface.rs:73:18
   |
73 |         let () = msg_send![view.as_ptr(), setWantsLayer: YES];
   |                  ^^^^^^^^^^^^^^^^^^^^^^^^^^^^^^^^^^^^^^^^^^^^
   |
   = note: expected values for `feature` are: `device_lost_panic`, `dx12`, `fragile-send-sync-non-atomic-wasm`, `gles`, `gpu-allocator`, `internal_error_panic`, `metal`, `oom_panic`, `renderdoc`, `static-dxc`, `vulkan`, and `windows`
   = note: using a cfg inside a macro will use the cfgs from the destination crate and not the ones from the defining crate
   = help: try referring to `sel_impl` crate for guidance on how handle this unexpected cfg
   = help: the macro `sel_impl` may come from an old version of the `objc` crate, try updating your dependency with `cargo update -p objc`
   = note: see <https://doc.rust-lang.org/nightly/rustc/check-cfg/cargo-specifics.html> for more information about checking conditional configuration
   = note: this warning originates in the macro `sel_impl` which comes from the expansion of the macro `msg_send` (in Nightly builds, run with -Z macro-backtrace for more info)

warning: unexpected `cfg` condition value: `cargo-clippy`
  --> vendor/wgpu-hal/src/metal/surface.rs:75:39
   |
75 |         let root_layer: *mut Object = msg_send![view.as_ptr(), layer];
   |                                       ^^^^^^^^^^^^^^^^^^^^^^^^^^^^^^^
   |
   = note: expected values for `feature` are: `device_lost_panic`, `dx12`, `fragile-send-sync-non-atomic-wasm`, `gles`, `gpu-allocator`, `internal_error_panic`, `metal`, `oom_panic`, `renderdoc`, `static-dxc`, `vulkan`, and `windows`
   = note: using a cfg inside a macro will use the cfgs from the destination crate and not the ones from the defining crate
   = help: try referring to `sel_impl` crate for guidance on how handle this unexpected cfg
   = help: the macro `sel_impl` may come from an old version of the `objc` crate, try updating your dependency with `cargo update -p objc`
   = note: see <https://doc.rust-lang.org/nightly/rustc/check-cfg/cargo-specifics.html> for more information about checking conditional configuration
   = note: this warning originates in the macro `sel_impl` which comes from the expansion of the macro `msg_send` (in Nightly builds, run with -Z macro-backtrace for more info)

warning: unexpected `cfg` condition value: `cargo-clippy`
  --> vendor/wgpu-hal/src/metal/surface.rs:88:36
   |
88 |         let is_metal_layer: BOOL = msg_send![root_layer, isKindOfClass: class!(CAMetalLayer)];
   |                                    ^^^^^^^^^^^^^^^^^^^^^^^^^^^^^^^^^^^^^^^^^^^^^^^^^^^^^^^^^^
   |
   = note: expected values for `feature` are: `device_lost_panic`, `dx12`, `fragile-send-sync-non-atomic-wasm`, `gles`, `gpu-allocator`, `internal_error_panic`, `metal`, `oom_panic`, `renderdoc`, `static-dxc`, `vulkan`, and `windows`
   = note: using a cfg inside a macro will use the cfgs from the destination crate and not the ones from the defining crate
   = help: try referring to `sel_impl` crate for guidance on how handle this unexpected cfg
   = help: the macro `sel_impl` may come from an old version of the `objc` crate, try updating your dependency with `cargo update -p objc`
   = note: see <https://doc.rust-lang.org/nightly/rustc/check-cfg/cargo-specifics.html> for more information about checking conditional configuration
   = note: this warning originates in the macro `sel_impl` which comes from the expansion of the macro `msg_send` (in Nightly builds, run with -Z macro-backtrace for more info)

warning: unexpected `cfg` condition value: `cargo-clippy`
  --> vendor/wgpu-hal/src/metal/surface.rs:88:73
   |
88 |         let is_metal_layer: BOOL = msg_send![root_layer, isKindOfClass: class!(CAMetalLayer)];
   |                                                                         ^^^^^^^^^^^^^^^^^^^^
   |
   = note: expected values for `feature` are: `device_lost_panic`, `dx12`, `fragile-send-sync-non-atomic-wasm`, `gles`, `gpu-allocator`, `internal_error_panic`, `metal`, `oom_panic`, `renderdoc`, `static-dxc`, `vulkan`, and `windows`
   = note: using a cfg inside a macro will use the cfgs from the destination crate and not the ones from the defining crate
   = help: try referring to `class` crate for guidance on how handle this unexpected cfg
   = help: the macro `class` may come from an old version of the `objc` crate, try updating your dependency with `cargo update -p objc`
   = note: see <https://doc.rust-lang.org/nightly/rustc/check-cfg/cargo-specifics.html> for more information about checking conditional configuration
   = note: this warning originates in the macro `class` (in Nightly builds, run with -Z macro-backtrace for more info)

warning: unexpected `cfg` condition value: `cargo-clippy`
   --> vendor/wgpu-hal/src/metal/surface.rs:115:34
    |
115 |             let bounds: CGRect = msg_send![render_layer, bounds];
    |                                  ^^^^^^^^^^^^^^^^^^^^^^^^^^^^^^^
    |
    = note: expected values for `feature` are: `device_lost_panic`, `dx12`, `fragile-send-sync-non-atomic-wasm`, `gles`, `gpu-allocator`, `internal_error_panic`, `metal`, `oom_panic`, `renderdoc`, `static-dxc`, `vulkan`, and `windows`
    = note: using a cfg inside a macro will use the cfgs from the destination crate and not the ones from the defining crate
    = help: try referring to `sel_impl` crate for guidance on how handle this unexpected cfg
    = help: the macro `sel_impl` may come from an old version of the `objc` crate, try updating your dependency with `cargo update -p objc`
    = note: see <https://doc.rust-lang.org/nightly/rustc/check-cfg/cargo-specifics.html> for more information about checking conditional configuration
    = note: this warning originates in the macro `sel_impl` which comes from the expansion of the macro `msg_send` (in Nightly builds, run with -Z macro-backtrace for more info)

warning: unexpected `cfg` condition value: `cargo-clippy`
   --> vendor/wgpu-hal/src/metal/surface.rs:116:43
    |
116 |             let contents_scale: CGFloat = msg_send![render_layer, contentsScale];
    |                                           ^^^^^^^^^^^^^^^^^^^^^^^^^^^^^^^^^^^^^^
    |
    = note: expected values for `feature` are: `device_lost_panic`, `dx12`, `fragile-send-sync-non-atomic-wasm`, `gles`, `gpu-allocator`, `internal_error_panic`, `metal`, `oom_panic`, `renderdoc`, `static-dxc`, `vulkan`, and `windows`
    = note: using a cfg inside a macro will use the cfgs from the destination crate and not the ones from the defining crate
    = help: try referring to `sel_impl` crate for guidance on how handle this unexpected cfg
    = help: the macro `sel_impl` may come from an old version of the `objc` crate, try updating your dependency with `cargo update -p objc`
    = note: see <https://doc.rust-lang.org/nightly/rustc/check-cfg/cargo-specifics.html> for more information about checking conditional configuration
    = note: this warning originates in the macro `sel_impl` which comes from the expansion of the macro `msg_send` (in Nightly builds, run with -Z macro-backtrace for more info)

warning: unexpected `cfg` condition value: `cargo-clippy`
   --> vendor/wgpu-hal/src/metal/surface.rs:173:22
    |
173 |             let () = msg_send![*render_layer, setAllowsNextDrawableTimeout:false];
    |                      ^^^^^^^^^^^^^^^^^^^^^^^^^^^^^^^^^^^^^^^^^^^^^^^^^^^^^^^^^^^^
    |
    = note: expected values for `feature` are: `device_lost_panic`, `dx12`, `fragile-send-sync-non-atomic-wasm`, `gles`, `gpu-allocator`, `internal_error_panic`, `metal`, `oom_panic`, `renderdoc`, `static-dxc`, `vulkan`, and `windows`
    = note: using a cfg inside a macro will use the cfgs from the destination crate and not the ones from the defining crate
    = help: try referring to `sel_impl` crate for guidance on how handle this unexpected cfg
    = help: the macro `sel_impl` may come from an old version of the `objc` crate, try updating your dependency with `cargo update -p objc`
    = note: see <https://doc.rust-lang.org/nightly/rustc/check-cfg/cargo-specifics.html> for more information about checking conditional configuration
    = note: this warning originates in the macro `sel_impl` which comes from the expansion of the macro `msg_send` (in Nightly builds, run with -Z macro-backtrace for more info)

warning: unexpected `cfg` condition value: `cargo-clippy`
   --> vendor/wgpu-hal/src/metal/surface.rs:176:22
    |
176 |             let () = msg_send![*render_layer, setDisplaySyncEnabled: display_sync];
    |                      ^^^^^^^^^^^^^^^^^^^^^^^^^^^^^^^^^^^^^^^^^^^^^^^^^^^^^^^^^^^^^
    |
    = note: expected values for `feature` are: `device_lost_panic`, `dx12`, `fragile-send-sync-non-atomic-wasm`, `gles`, `gpu-allocator`, `internal_error_panic`, `metal`, `oom_panic`, `renderdoc`, `static-dxc`, `vulkan`, and `windows`
    = note: using a cfg inside a macro will use the cfgs from the destination crate and not the ones from the defining crate
    = help: try referring to `sel_impl` crate for guidance on how handle this unexpected cfg
    = help: the macro `sel_impl` may come from an old version of the `objc` crate, try updating your dependency with `cargo update -p objc`
    = note: see <https://doc.rust-lang.org/nightly/rustc/check-cfg/cargo-specifics.html> for more information about checking conditional configuration
    = note: this warning originates in the macro `sel_impl` which comes from the expansion of the macro `msg_send` (in Nightly builds, run with -Z macro-backtrace for more info)

warning: `wgpu-hal` (lib) generated 50 warnings
warning: unused variable: `super_key`
   --> src/native_terminal/input.rs:366:13
    |
366 |         let super_key = KeyModifiers {
    |             ^^^^^^^^^ help: if this is intentional, prefix it with an underscore: `_super_key`
    |
    = note: `#[warn(unused_variables)]` (part of `#[warn(unused)]`) on by default

warning: variable does not need to be mutable
   --> src/native_terminal/renderer/font_manager.rs:155:13
    |
155 |         let mut buffer = vec![0u8; total_pixels];
    |             ----^^^^^^
    |             |
    |             help: remove this `mut`
    |
    = note: `#[warn(unused_mut)]` (part of `#[warn(unused)]`) on by default

warning: field `app` is never read
  --> src/ipc/notifications.rs:28:5
   |
27 | pub struct TauriNotificationBackend<R: Runtime> {
   |            ------------------------ field in this struct
28 |     app: AppHandle<R>,
   |     ^^^
   |
   = note: `#[warn(dead_code)]` (part of `#[warn(unused)]`) on by default

warning: method `wait_and_reap` is never used
   --> src/terminal/session.rs:270:19
    |
 61 | impl PtySession {
    | --------------- method in this implementation
...
270 |     pub(crate) fn wait_and_reap(&self) -> Result<Option<i32>, PtyError> {
    |                   ^^^^^^^^^^^^^

warning: struct `WriterLeaseGuard` is never constructed
  --> src/worktree/manager.rs:57:19
   |
57 | pub(crate) struct WriterLeaseGuard {
   |                   ^^^^^^^^^^^^^^^^

warning: associated items `new`, `canonical_path`, and `owner_id` are never used
  --> src/worktree/manager.rs:64:8
   |
63 | impl WriterLeaseGuard {
   | --------------------- associated items in this implementation
64 |     fn new(registry: WriterLeaseRegistry, canonical_path: PathBuf, owner_id: String) -> Self {
   |        ^^^
...
72 |     pub(crate) fn canonical_path(&self) -> &Path {
   |                   ^^^^^^^^^^^^^^
...
76 |     pub(crate) fn owner_id(&self) -> &str {
   |                   ^^^^^^^^

warning: method `acquire_writer_lease` is never used
   --> src/worktree/manager.rs:309:19
    |
105 | impl WorktreeManager {
    | -------------------- method in this implementation
...
309 |     pub(crate) fn acquire_writer_lease(
    |                   ^^^^^^^^^^^^^^^^^^^^

warning: `ferryx` (lib test) generated 7 warnings (run `cargo fix --lib -p ferryx --tests` to apply 2 suggestions)
    Finished `test` profile [unoptimized + debuginfo] target(s) in 0.23s
     Running unittests src/lib.rs (src-tauri/target/debug/deps/ferryx_lib-f277dedbac8184e5)

running 2 tests
test ipc::tests::cmd_project_unregister_serializes_camel_case_request ... ok
test ipc::tests::cmd_project_unregister_removes_registry_entry ... ok

test result: ok. 2 passed; 0 failed; 0 ignored; 0 measured; 627 filtered out; finished in 0.10s

EXIT: 0

COMMAND: cargo test --manifest-path src-tauri/Cargo.toml --lib cmd_path_reveal
warning: unexpected `cfg` condition value: `cargo-clippy`
   --> vendor/wgpu-hal/src/metal/adapter.rs:540:17
    |
540 |                 msg_send![class!(NSProcessInfo), processInfo];
    |                 ^^^^^^^^^^^^^^^^^^^^^^^^^^^^^^^^^^^^^^^^^^^^^
    |
    = note: expected values for `feature` are: `device_lost_panic`, `dx12`, `fragile-send-sync-non-atomic-wasm`, `gles`, `gpu-allocator`, `internal_error_panic`, `metal`, `oom_panic`, `renderdoc`, `static-dxc`, `vulkan`, and `windows`
    = note: using a cfg inside a macro will use the cfgs from the destination crate and not the ones from the defining crate
    = help: try referring to `sel_impl` crate for guidance on how handle this unexpected cfg
    = help: the macro `sel_impl` may come from an old version of the `objc` crate, try updating your dependency with `cargo update -p objc`
    = note: see <https://doc.rust-lang.org/nightly/rustc/check-cfg/cargo-specifics.html> for more information about checking conditional configuration
    = note: requested on the command line with `-W unexpected-cfgs`
    = note: this warning originates in the macro `sel_impl` which comes from the expansion of the macro `msg_send` (in Nightly builds, run with -Z macro-backtrace for more info)

warning: unexpected `cfg` condition value: `cargo-clippy`
   --> vendor/wgpu-hal/src/metal/adapter.rs:540:27
    |
540 |                 msg_send![class!(NSProcessInfo), processInfo];
    |                           ^^^^^^^^^^^^^^^^^^^^^
    |
    = note: expected values for `feature` are: `device_lost_panic`, `dx12`, `fragile-send-sync-non-atomic-wasm`, `gles`, `gpu-allocator`, `internal_error_panic`, `metal`, `oom_panic`, `renderdoc`, `static-dxc`, `vulkan`, and `windows`
    = note: using a cfg inside a macro will use the cfgs from the destination crate and not the ones from the defining crate
    = help: try referring to `class` crate for guidance on how handle this unexpected cfg
    = help: the macro `class` may come from an old version of the `objc` crate, try updating your dependency with `cargo update -p objc`
    = note: see <https://doc.rust-lang.org/nightly/rustc/check-cfg/cargo-specifics.html> for more information about checking conditional configuration
    = note: this warning originates in the macro `class` (in Nightly builds, run with -Z macro-backtrace for more info)

warning: unexpected `cfg` condition value: `cargo-clippy`
   --> vendor/wgpu-hal/src/metal/adapter.rs:541:13
    |
541 |             msg_send![process_info, operatingSystemVersion]
    |             ^^^^^^^^^^^^^^^^^^^^^^^^^^^^^^^^^^^^^^^^^^^^^^^
    |
    = note: expected values for `feature` are: `device_lost_panic`, `dx12`, `fragile-send-sync-non-atomic-wasm`, `gles`, `gpu-allocator`, `internal_error_panic`, `metal`, `oom_panic`, `renderdoc`, `static-dxc`, `vulkan`, and `windows`
    = note: using a cfg inside a macro will use the cfgs from the destination crate and not the ones from the defining crate
    = help: try referring to `sel_impl` crate for guidance on how handle this unexpected cfg
    = help: the macro `sel_impl` may come from an old version of the `objc` crate, try updating your dependency with `cargo update -p objc`
    = note: see <https://doc.rust-lang.org/nightly/rustc/check-cfg/cargo-specifics.html> for more information about checking conditional configuration
    = note: this warning originates in the macro `sel_impl` which comes from the expansion of the macro `msg_send` (in Nightly builds, run with -Z macro-backtrace for more info)

warning: unexpected `cfg` condition value: `cargo-clippy`
   --> vendor/wgpu-hal/src/metal/adapter.rs:732:30
    |
732 |                     unsafe { msg_send![device.as_ref(), maxBufferLength] };
    |                              ^^^^^^^^^^^^^^^^^^^^^^^^^^^^^^^^^^^^^^^^^^^
    |
    = note: expected values for `feature` are: `device_lost_panic`, `dx12`, `fragile-send-sync-non-atomic-wasm`, `gles`, `gpu-allocator`, `internal_error_panic`, `metal`, `oom_panic`, `renderdoc`, `static-dxc`, `vulkan`, and `windows`
    = note: using a cfg inside a macro will use the cfgs from the destination crate and not the ones from the defining crate
    = help: try referring to `sel_impl` crate for guidance on how handle this unexpected cfg
    = help: the macro `sel_impl` may come from an old version of the `objc` crate, try updating your dependency with `cargo update -p objc`
    = note: see <https://doc.rust-lang.org/nightly/rustc/check-cfg/cargo-specifics.html> for more information about checking conditional configuration
    = note: this warning originates in the macro `sel_impl` which comes from the expansion of the macro `msg_send` (in Nightly builds, run with -Z macro-backtrace for more info)

warning: unexpected `cfg` condition value: `cargo-clippy`
  --> vendor/wgpu-hal/src/metal/layer_observer.rs:33:38
   |
33 |     let this: *mut Object = unsafe { msg_send![class(), new] };
   |                                      ^^^^^^^^^^^^^^^^^^^^^^^
   |
   = note: expected values for `feature` are: `device_lost_panic`, `dx12`, `fragile-send-sync-non-atomic-wasm`, `gles`, `gpu-allocator`, `internal_error_panic`, `metal`, `oom_panic`, `renderdoc`, `static-dxc`, `vulkan`, and `windows`
   = note: using a cfg inside a macro will use the cfgs from the destination crate and not the ones from the defining crate
   = help: try referring to `sel_impl` crate for guidance on how handle this unexpected cfg
   = help: the macro `sel_impl` may come from an old version of the `objc` crate, try updating your dependency with `cargo update -p objc`
   = note: see <https://doc.rust-lang.org/nightly/rustc/check-cfg/cargo-specifics.html> for more information about checking conditional configuration
   = note: this warning originates in the macro `sel_impl` which comes from the expansion of the macro `msg_send` (in Nightly builds, run with -Z macro-backtrace for more info)

warning: unexpected `cfg` condition value: `cargo-clippy`
  --> vendor/wgpu-hal/src/metal/layer_observer.rs:36:26
   |
36 |     let _: () = unsafe { msg_send![root_layer, addSublayer: this] };
   |                          ^^^^^^^^^^^^^^^^^^^^^^^^^^^^^^^^^^^^^^^^
   |
   = note: expected values for `feature` are: `device_lost_panic`, `dx12`, `fragile-send-sync-non-atomic-wasm`, `gles`, `gpu-allocator`, `internal_error_panic`, `metal`, `oom_panic`, `renderdoc`, `static-dxc`, `vulkan`, and `windows`
   = note: using a cfg inside a macro will use the cfgs from the destination crate and not the ones from the defining crate
   = help: try referring to `sel_impl` crate for guidance on how handle this unexpected cfg
   = help: the macro `sel_impl` may come from an old version of the `objc` crate, try updating your dependency with `cargo update -p objc`
   = note: see <https://doc.rust-lang.org/nightly/rustc/check-cfg/cargo-specifics.html> for more information about checking conditional configuration
   = note: this warning originates in the macro `sel_impl` which comes from the expansion of the macro `msg_send` (in Nightly builds, run with -Z macro-backtrace for more info)

warning: unexpected `cfg` condition value: `cargo-clippy`
  --> vendor/wgpu-hal/src/metal/layer_observer.rs:40:18
   |
40 |         unsafe { msg_send![class!(NSString), stringWithUTF8String: CONTENTS_SCALE.as_ptr()] };
   |                  ^^^^^^^^^^^^^^^^^^^^^^^^^^^^^^^^^^^^^^^^^^^^^^^^^^^^^^^^^^^^^^^^^^^^^^^^^^
   |
   = note: expected values for `feature` are: `device_lost_panic`, `dx12`, `fragile-send-sync-non-atomic-wasm`, `gles`, `gpu-allocator`, `internal_error_panic`, `metal`, `oom_panic`, `renderdoc`, `static-dxc`, `vulkan`, and `windows`
   = note: using a cfg inside a macro will use the cfgs from the destination crate and not the ones from the defining crate
   = help: try referring to `sel_impl` crate for guidance on how handle this unexpected cfg
   = help: the macro `sel_impl` may come from an old version of the `objc` crate, try updating your dependency with `cargo update -p objc`
   = note: see <https://doc.rust-lang.org/nightly/rustc/check-cfg/cargo-specifics.html> for more information about checking conditional configuration
   = note: this warning originates in the macro `sel_impl` which comes from the expansion of the macro `msg_send` (in Nightly builds, run with -Z macro-backtrace for more info)

warning: unexpected `cfg` condition value: `cargo-clippy`
  --> vendor/wgpu-hal/src/metal/layer_observer.rs:40:28
   |
40 |         unsafe { msg_send![class!(NSString), stringWithUTF8String: CONTENTS_SCALE.as_ptr()] };
   |                            ^^^^^^^^^^^^^^^^
   |
   = note: expected values for `feature` are: `device_lost_panic`, `dx12`, `fragile-send-sync-non-atomic-wasm`, `gles`, `gpu-allocator`, `internal_error_panic`, `metal`, `oom_panic`, `renderdoc`, `static-dxc`, `vulkan`, and `windows`
   = note: using a cfg inside a macro will use the cfgs from the destination crate and not the ones from the defining crate
   = help: try referring to `class` crate for guidance on how handle this unexpected cfg
   = help: the macro `class` may come from an old version of the `objc` crate, try updating your dependency with `cargo update -p objc`
   = note: see <https://doc.rust-lang.org/nightly/rustc/check-cfg/cargo-specifics.html> for more information about checking conditional configuration
   = note: this warning originates in the macro `class` (in Nightly builds, run with -Z macro-backtrace for more info)

warning: unexpected `cfg` condition value: `cargo-clippy`
  --> vendor/wgpu-hal/src/metal/layer_observer.rs:42:9
   |
42 | /         msg_send![
43 | |             root_layer,
44 | |             addObserver: this
45 | |             forKeyPath: key_path
46 | |             options: NSKeyValueObservingOptionNew | NSKeyValueObservingOptionInitial
47 | |             context: context_ptr()
48 | |         ]
   | |_________^
   |
   = note: expected values for `feature` are: `device_lost_panic`, `dx12`, `fragile-send-sync-non-atomic-wasm`, `gles`, `gpu-allocator`, `internal_error_panic`, `metal`, `oom_panic`, `renderdoc`, `static-dxc`, `vulkan`, and `windows`
   = note: using a cfg inside a macro will use the cfgs from the destination crate and not the ones from the defining crate
   = help: try referring to `sel_impl` crate for guidance on how handle this unexpected cfg
   = help: the macro `sel_impl` may come from an old version of the `objc` crate, try updating your dependency with `cargo update -p objc`
   = note: see <https://doc.rust-lang.org/nightly/rustc/check-cfg/cargo-specifics.html> for more information about checking conditional configuration
   = note: this warning originates in the macro `sel_impl` which comes from the expansion of the macro `msg_send` (in Nightly builds, run with -Z macro-backtrace for more info)

warning: unexpected `cfg` condition value: `cargo-clippy`
  --> vendor/wgpu-hal/src/metal/layer_observer.rs:52:18
   |
52 |         unsafe { msg_send![class!(NSString), stringWithUTF8String: BOUNDS.as_ptr()] };
   |                  ^^^^^^^^^^^^^^^^^^^^^^^^^^^^^^^^^^^^^^^^^^^^^^^^^^^^^^^^^^^^^^^^^^
   |
   = note: expected values for `feature` are: `device_lost_panic`, `dx12`, `fragile-send-sync-non-atomic-wasm`, `gles`, `gpu-allocator`, `internal_error_panic`, `metal`, `oom_panic`, `renderdoc`, `static-dxc`, `vulkan`, and `windows`
   = note: using a cfg inside a macro will use the cfgs from the destination crate and not the ones from the defining crate
   = help: try referring to `sel_impl` crate for guidance on how handle this unexpected cfg
   = help: the macro `sel_impl` may come from an old version of the `objc` crate, try updating your dependency with `cargo update -p objc`
   = note: see <https://doc.rust-lang.org/nightly/rustc/check-cfg/cargo-specifics.html> for more information about checking conditional configuration
   = note: this warning originates in the macro `sel_impl` which comes from the expansion of the macro `msg_send` (in Nightly builds, run with -Z macro-backtrace for more info)

warning: unexpected `cfg` condition value: `cargo-clippy`
  --> vendor/wgpu-hal/src/metal/layer_observer.rs:52:28
   |
52 |         unsafe { msg_send![class!(NSString), stringWithUTF8String: BOUNDS.as_ptr()] };
   |                            ^^^^^^^^^^^^^^^^
   |
   = note: expected values for `feature` are: `device_lost_panic`, `dx12`, `fragile-send-sync-non-atomic-wasm`, `gles`, `gpu-allocator`, `internal_error_panic`, `metal`, `oom_panic`, `renderdoc`, `static-dxc`, `vulkan`, and `windows`
   = note: using a cfg inside a macro will use the cfgs from the destination crate and not the ones from the defining crate
   = help: try referring to `class` crate for guidance on how handle this unexpected cfg
   = help: the macro `class` may come from an old version of the `objc` crate, try updating your dependency with `cargo update -p objc`
   = note: see <https://doc.rust-lang.org/nightly/rustc/check-cfg/cargo-specifics.html> for more information about checking conditional configuration
   = note: this warning originates in the macro `class` (in Nightly builds, run with -Z macro-backtrace for more info)

warning: unexpected `cfg` condition value: `cargo-clippy`
  --> vendor/wgpu-hal/src/metal/layer_observer.rs:54:9
   |
54 | /         msg_send![
55 | |             root_layer,
56 | |             addObserver: this
57 | |             forKeyPath: key_path
58 | |             options: NSKeyValueObservingOptionNew | NSKeyValueObservingOptionInitial
59 | |             context: context_ptr()
60 | |         ]
   | |_________^
   |
   = note: expected values for `feature` are: `device_lost_panic`, `dx12`, `fragile-send-sync-non-atomic-wasm`, `gles`, `gpu-allocator`, `internal_error_panic`, `metal`, `oom_panic`, `renderdoc`, `static-dxc`, `vulkan`, and `windows`
   = note: using a cfg inside a macro will use the cfgs from the destination crate and not the ones from the defining crate
   = help: try referring to `sel_impl` crate for guidance on how handle this unexpected cfg
   = help: the macro `sel_impl` may come from an old version of the `objc` crate, try updating your dependency with `cargo update -p objc`
   = note: see <https://doc.rust-lang.org/nightly/rustc/check-cfg/cargo-specifics.html> for more information about checking conditional configuration
   = note: this warning originates in the macro `sel_impl` which comes from the expansion of the macro `msg_send` (in Nightly builds, run with -Z macro-backtrace for more info)

warning: unexpected `cfg` condition value: `cargo-clippy`
  --> vendor/wgpu-hal/src/metal/layer_observer.rs:77:26
   |
77 |         let superclass = class!(CAMetalLayer);
   |                          ^^^^^^^^^^^^^^^^^^^^
   |
   = note: expected values for `feature` are: `device_lost_panic`, `dx12`, `fragile-send-sync-non-atomic-wasm`, `gles`, `gpu-allocator`, `internal_error_panic`, `metal`, `oom_panic`, `renderdoc`, `static-dxc`, `vulkan`, and `windows`
   = note: using a cfg inside a macro will use the cfgs from the destination crate and not the ones from the defining crate
   = help: try referring to `class` crate for guidance on how handle this unexpected cfg
   = help: the macro `class` may come from an old version of the `objc` crate, try updating your dependency with `cargo update -p objc`
   = note: see <https://doc.rust-lang.org/nightly/rustc/check-cfg/cargo-specifics.html> for more information about checking conditional configuration
   = note: this warning originates in the macro `class` (in Nightly builds, run with -Z macro-backtrace for more info)

warning: unexpected `cfg` condition value: `cargo-clippy`
  --> vendor/wgpu-hal/src/metal/layer_observer.rs:82:19
   |
82 |         let sel = sel!(observeValueForKeyPath:ofObject:change:context:);
   |                   ^^^^^^^^^^^^^^^^^^^^^^^^^^^^^^^^^^^^^^^^^^^^^^^^^^^^^
   |
   = note: expected values for `feature` are: `device_lost_panic`, `dx12`, `fragile-send-sync-non-atomic-wasm`, `gles`, `gpu-allocator`, `internal_error_panic`, `metal`, `oom_panic`, `renderdoc`, `static-dxc`, `vulkan`, and `windows`
   = note: using a cfg inside a macro will use the cfgs from the destination crate and not the ones from the defining crate
   = help: try referring to `sel_impl` crate for guidance on how handle this unexpected cfg
   = help: the macro `sel_impl` may come from an old version of the `objc` crate, try updating your dependency with `cargo update -p objc`
   = note: see <https://doc.rust-lang.org/nightly/rustc/check-cfg/cargo-specifics.html> for more information about checking conditional configuration
   = note: this warning originates in the macro `sel_impl` which comes from the expansion of the macro `sel` (in Nightly builds, run with -Z macro-backtrace for more info)

warning: unexpected `cfg` condition value: `cargo-clippy`
  --> vendor/wgpu-hal/src/metal/layer_observer.rs:93:19
   |
93 |         let sel = sel!(dealloc);
   |                   ^^^^^^^^^^^^^
   |
   = note: expected values for `feature` are: `device_lost_panic`, `dx12`, `fragile-send-sync-non-atomic-wasm`, `gles`, `gpu-allocator`, `internal_error_panic`, `metal`, `oom_panic`, `renderdoc`, `static-dxc`, `vulkan`, and `windows`
   = note: using a cfg inside a macro will use the cfgs from the destination crate and not the ones from the defining crate
   = help: try referring to `sel_impl` crate for guidance on how handle this unexpected cfg
   = help: the macro `sel_impl` may come from an old version of the `objc` crate, try updating your dependency with `cargo update -p objc`
   = note: see <https://doc.rust-lang.org/nightly/rustc/check-cfg/cargo-specifics.html> for more information about checking conditional configuration
   = note: this warning originates in the macro `sel_impl` which comes from the expansion of the macro `sel` (in Nightly builds, run with -Z macro-backtrace for more info)

warning: unexpected `cfg` condition value: `cargo-clippy`
   --> vendor/wgpu-hal/src/metal/layer_observer.rs:121:13
    |
121 | /             msg_send![
122 | |                 super(this, class!(CAMetalLayer)),
123 | |                 observeValueForKeyPath: key_path
124 | |                 ofObject: object
125 | |                 change: change
126 | |                 context: context
127 | |             ]
    | |_____________^
    |
    = note: expected values for `feature` are: `device_lost_panic`, `dx12`, `fragile-send-sync-non-atomic-wasm`, `gles`, `gpu-allocator`, `internal_error_panic`, `metal`, `oom_panic`, `renderdoc`, `static-dxc`, `vulkan`, and `windows`
    = note: using a cfg inside a macro will use the cfgs from the destination crate and not the ones from the defining crate
    = help: try referring to `sel_impl` crate for guidance on how handle this unexpected cfg
    = help: the macro `sel_impl` may come from an old version of the `objc` crate, try updating your dependency with `cargo update -p objc`
    = note: see <https://doc.rust-lang.org/nightly/rustc/check-cfg/cargo-specifics.html> for more information about checking conditional configuration
    = note: this warning originates in the macro `sel_impl` which comes from the expansion of the macro `msg_send` (in Nightly builds, run with -Z macro-backtrace for more info)

warning: unexpected `cfg` condition value: `cargo-clippy`
   --> vendor/wgpu-hal/src/metal/layer_observer.rs:122:29
    |
122 |                 super(this, class!(CAMetalLayer)),
    |                             ^^^^^^^^^^^^^^^^^^^^
    |
    = note: expected values for `feature` are: `device_lost_panic`, `dx12`, `fragile-send-sync-non-atomic-wasm`, `gles`, `gpu-allocator`, `internal_error_panic`, `metal`, `oom_panic`, `renderdoc`, `static-dxc`, `vulkan`, and `windows`
    = note: using a cfg inside a macro will use the cfgs from the destination crate and not the ones from the defining crate
    = help: try referring to `class` crate for guidance on how handle this unexpected cfg
    = help: the macro `class` may come from an old version of the `objc` crate, try updating your dependency with `cargo update -p objc`
    = note: see <https://doc.rust-lang.org/nightly/rustc/check-cfg/cargo-specifics.html> for more information about checking conditional configuration
    = note: this warning originates in the macro `class` (in Nightly builds, run with -Z macro-backtrace for more info)

warning: unexpected `cfg` condition value: `cargo-clippy`
   --> vendor/wgpu-hal/src/metal/layer_observer.rs:134:37
    |
134 |     let new: *mut Object = unsafe { msg_send![change, objectForKey: key] };
    |                                     ^^^^^^^^^^^^^^^^^^^^^^^^^^^^^^^^^^^^
    |
    = note: expected values for `feature` are: `device_lost_panic`, `dx12`, `fragile-send-sync-non-atomic-wasm`, `gles`, `gpu-allocator`, `internal_error_panic`, `metal`, `oom_panic`, `renderdoc`, `static-dxc`, `vulkan`, and `windows`
    = note: using a cfg inside a macro will use the cfgs from the destination crate and not the ones from the defining crate
    = help: try referring to `sel_impl` crate for guidance on how handle this unexpected cfg
    = help: the macro `sel_impl` may come from an old version of the `objc` crate, try updating your dependency with `cargo update -p objc`
    = note: see <https://doc.rust-lang.org/nightly/rustc/check-cfg/cargo-specifics.html> for more information about checking conditional configuration
    = note: this warning originates in the macro `sel_impl` which comes from the expansion of the macro `msg_send` (in Nightly builds, run with -Z macro-backtrace for more info)

warning: unexpected `cfg` condition value: `cargo-clippy`
   --> vendor/wgpu-hal/src/metal/layer_observer.rs:138:18
    |
138 |         unsafe { msg_send![class!(NSString), stringWithUTF8String: CONTENTS_SCALE.as_ptr()] };
    |                  ^^^^^^^^^^^^^^^^^^^^^^^^^^^^^^^^^^^^^^^^^^^^^^^^^^^^^^^^^^^^^^^^^^^^^^^^^^
    |
    = note: expected values for `feature` are: `device_lost_panic`, `dx12`, `fragile-send-sync-non-atomic-wasm`, `gles`, `gpu-allocator`, `internal_error_panic`, `metal`, `oom_panic`, `renderdoc`, `static-dxc`, `vulkan`, and `windows`
    = note: using a cfg inside a macro will use the cfgs from the destination crate and not the ones from the defining crate
    = help: try referring to `sel_impl` crate for guidance on how handle this unexpected cfg
    = help: the macro `sel_impl` may come from an old version of the `objc` crate, try updating your dependency with `cargo update -p objc`
    = note: see <https://doc.rust-lang.org/nightly/rustc/check-cfg/cargo-specifics.html> for more information about checking conditional configuration
    = note: this warning originates in the macro `sel_impl` which comes from the expansion of the macro `msg_send` (in Nightly builds, run with -Z macro-backtrace for more info)

warning: unexpected `cfg` condition value: `cargo-clippy`
   --> vendor/wgpu-hal/src/metal/layer_observer.rs:138:28
    |
138 |         unsafe { msg_send![class!(NSString), stringWithUTF8String: CONTENTS_SCALE.as_ptr()] };
    |                            ^^^^^^^^^^^^^^^^
    |
    = note: expected values for `feature` are: `device_lost_panic`, `dx12`, `fragile-send-sync-non-atomic-wasm`, `gles`, `gpu-allocator`, `internal_error_panic`, `metal`, `oom_panic`, `renderdoc`, `static-dxc`, `vulkan`, and `windows`
    = note: using a cfg inside a macro will use the cfgs from the destination crate and not the ones from the defining crate
    = help: try referring to `class` crate for guidance on how handle this unexpected cfg
    = help: the macro `class` may come from an old version of the `objc` crate, try updating your dependency with `cargo update -p objc`
    = note: see <https://doc.rust-lang.org/nightly/rustc/check-cfg/cargo-specifics.html> for more information about checking conditional configuration
    = note: this warning originates in the macro `class` (in Nightly builds, run with -Z macro-backtrace for more info)

warning: unexpected `cfg` condition value: `cargo-clippy`
   --> vendor/wgpu-hal/src/metal/layer_observer.rs:139:35
    |
139 |     let is_equal: BOOL = unsafe { msg_send![key_path, isEqual: to_compare] };
    |                                   ^^^^^^^^^^^^^^^^^^^^^^^^^^^^^^^^^^^^^^^^
    |
    = note: expected values for `feature` are: `device_lost_panic`, `dx12`, `fragile-send-sync-non-atomic-wasm`, `gles`, `gpu-allocator`, `internal_error_panic`, `metal`, `oom_panic`, `renderdoc`, `static-dxc`, `vulkan`, and `windows`
    = note: using a cfg inside a macro will use the cfgs from the destination crate and not the ones from the defining crate
    = help: try referring to `sel_impl` crate for guidance on how handle this unexpected cfg
    = help: the macro `sel_impl` may come from an old version of the `objc` crate, try updating your dependency with `cargo update -p objc`
    = note: see <https://doc.rust-lang.org/nightly/rustc/check-cfg/cargo-specifics.html> for more information about checking conditional configuration
    = note: this warning originates in the macro `sel_impl` which comes from the expansion of the macro `msg_send` (in Nightly builds, run with -Z macro-backtrace for more info)

warning: unexpected `cfg` condition value: `cargo-clippy`
   --> vendor/wgpu-hal/src/metal/layer_observer.rs:143:22
    |
143 |             unsafe { msg_send![new, doubleValue] }
    |                      ^^^^^^^^^^^^^^^^^^^^^^^^^^^
    |
    = note: expected values for `feature` are: `device_lost_panic`, `dx12`, `fragile-send-sync-non-atomic-wasm`, `gles`, `gpu-allocator`, `internal_error_panic`, `metal`, `oom_panic`, `renderdoc`, `static-dxc`, `vulkan`, and `windows`
    = note: using a cfg inside a macro will use the cfgs from the destination crate and not the ones from the defining crate
    = help: try referring to `sel_impl` crate for guidance on how handle this unexpected cfg
    = help: the macro `sel_impl` may come from an old version of the `objc` crate, try updating your dependency with `cargo update -p objc`
    = note: see <https://doc.rust-lang.org/nightly/rustc/check-cfg/cargo-specifics.html> for more information about checking conditional configuration
    = note: this warning originates in the macro `sel_impl` which comes from the expansion of the macro `msg_send` (in Nightly builds, run with -Z macro-backtrace for more info)

warning: unexpected `cfg` condition value: `cargo-clippy`
   --> vendor/wgpu-hal/src/metal/layer_observer.rs:145:22
    |
145 |             unsafe { msg_send![new, floatValue] }
    |                      ^^^^^^^^^^^^^^^^^^^^^^^^^^
    |
    = note: expected values for `feature` are: `device_lost_panic`, `dx12`, `fragile-send-sync-non-atomic-wasm`, `gles`, `gpu-allocator`, `internal_error_panic`, `metal`, `oom_panic`, `renderdoc`, `static-dxc`, `vulkan`, and `windows`
    = note: using a cfg inside a macro will use the cfgs from the destination crate and not the ones from the defining crate
    = help: try referring to `sel_impl` crate for guidance on how handle this unexpected cfg
    = help: the macro `sel_impl` may come from an old version of the `objc` crate, try updating your dependency with `cargo update -p objc`
    = note: see <https://doc.rust-lang.org/nightly/rustc/check-cfg/cargo-specifics.html> for more information about checking conditional configuration
    = note: this warning originates in the macro `sel_impl` which comes from the expansion of the macro `msg_send` (in Nightly builds, run with -Z macro-backtrace for more info)

warning: unexpected `cfg` condition value: `cargo-clippy`
   --> vendor/wgpu-hal/src/metal/layer_observer.rs:149:30
    |
149 |         let _: () = unsafe { msg_send![this, setContentsScale: scale_factor] };
    |                              ^^^^^^^^^^^^^^^^^^^^^^^^^^^^^^^^^^^^^^^^^^^^^^^
    |
    = note: expected values for `feature` are: `device_lost_panic`, `dx12`, `fragile-send-sync-non-atomic-wasm`, `gles`, `gpu-allocator`, `internal_error_panic`, `metal`, `oom_panic`, `renderdoc`, `static-dxc`, `vulkan`, and `windows`
    = note: using a cfg inside a macro will use the cfgs from the destination crate and not the ones from the defining crate
    = help: try referring to `sel_impl` crate for guidance on how handle this unexpected cfg
    = help: the macro `sel_impl` may come from an old version of the `objc` crate, try updating your dependency with `cargo update -p objc`
    = note: see <https://doc.rust-lang.org/nightly/rustc/check-cfg/cargo-specifics.html> for more information about checking conditional configuration
    = note: this warning originates in the macro `sel_impl` which comes from the expansion of the macro `msg_send` (in Nightly builds, run with -Z macro-backtrace for more info)

warning: unexpected `cfg` condition value: `cargo-clippy`
   --> vendor/wgpu-hal/src/metal/layer_observer.rs:154:18
    |
154 |         unsafe { msg_send![class!(NSString), stringWithUTF8String: BOUNDS.as_ptr()] };
    |                  ^^^^^^^^^^^^^^^^^^^^^^^^^^^^^^^^^^^^^^^^^^^^^^^^^^^^^^^^^^^^^^^^^^
    |
    = note: expected values for `feature` are: `device_lost_panic`, `dx12`, `fragile-send-sync-non-atomic-wasm`, `gles`, `gpu-allocator`, `internal_error_panic`, `metal`, `oom_panic`, `renderdoc`, `static-dxc`, `vulkan`, and `windows`
    = note: using a cfg inside a macro will use the cfgs from the destination crate and not the ones from the defining crate
    = help: try referring to `sel_impl` crate for guidance on how handle this unexpected cfg
    = help: the macro `sel_impl` may come from an old version of the `objc` crate, try updating your dependency with `cargo update -p objc`
    = note: see <https://doc.rust-lang.org/nightly/rustc/check-cfg/cargo-specifics.html> for more information about checking conditional configuration
    = note: this warning originates in the macro `sel_impl` which comes from the expansion of the macro `msg_send` (in Nightly builds, run with -Z macro-backtrace for more info)

warning: unexpected `cfg` condition value: `cargo-clippy`
   --> vendor/wgpu-hal/src/metal/layer_observer.rs:154:28
    |
154 |         unsafe { msg_send![class!(NSString), stringWithUTF8String: BOUNDS.as_ptr()] };
    |                            ^^^^^^^^^^^^^^^^
    |
    = note: expected values for `feature` are: `device_lost_panic`, `dx12`, `fragile-send-sync-non-atomic-wasm`, `gles`, `gpu-allocator`, `internal_error_panic`, `metal`, `oom_panic`, `renderdoc`, `static-dxc`, `vulkan`, and `windows`
    = note: using a cfg inside a macro will use the cfgs from the destination crate and not the ones from the defining crate
    = help: try referring to `class` crate for guidance on how handle this unexpected cfg
    = help: the macro `class` may come from an old version of the `objc` crate, try updating your dependency with `cargo update -p objc`
    = note: see <https://doc.rust-lang.org/nightly/rustc/check-cfg/cargo-specifics.html> for more information about checking conditional configuration
    = note: this warning originates in the macro `class` (in Nightly builds, run with -Z macro-backtrace for more info)

warning: unexpected `cfg` condition value: `cargo-clippy`
   --> vendor/wgpu-hal/src/metal/layer_observer.rs:155:35
    |
155 |     let is_equal: BOOL = unsafe { msg_send![key_path, isEqual: to_compare] };
    |                                   ^^^^^^^^^^^^^^^^^^^^^^^^^^^^^^^^^^^^^^^^
    |
    = note: expected values for `feature` are: `device_lost_panic`, `dx12`, `fragile-send-sync-non-atomic-wasm`, `gles`, `gpu-allocator`, `internal_error_panic`, `metal`, `oom_panic`, `renderdoc`, `static-dxc`, `vulkan`, and `windows`
    = note: using a cfg inside a macro will use the cfgs from the destination crate and not the ones from the defining crate
    = help: try referring to `sel_impl` crate for guidance on how handle this unexpected cfg
    = help: the macro `sel_impl` may come from an old version of the `objc` crate, try updating your dependency with `cargo update -p objc`
    = note: see <https://doc.rust-lang.org/nightly/rustc/check-cfg/cargo-specifics.html> for more information about checking conditional configuration
    = note: this warning originates in the macro `sel_impl` which comes from the expansion of the macro `msg_send` (in Nightly builds, run with -Z macro-backtrace for more info)

warning: unexpected `cfg` condition value: `cargo-clippy`
   --> vendor/wgpu-hal/src/metal/layer_observer.rs:158:39
    |
158 |         let bounds: CGRect = unsafe { msg_send![new, rectValue] };
    |                                       ^^^^^^^^^^^^^^^^^^^^^^^^^
    |
    = note: expected values for `feature` are: `device_lost_panic`, `dx12`, `fragile-send-sync-non-atomic-wasm`, `gles`, `gpu-allocator`, `internal_error_panic`, `metal`, `oom_panic`, `renderdoc`, `static-dxc`, `vulkan`, and `windows`
    = note: using a cfg inside a macro will use the cfgs from the destination crate and not the ones from the defining crate
    = help: try referring to `sel_impl` crate for guidance on how handle this unexpected cfg
    = help: the macro `sel_impl` may come from an old version of the `objc` crate, try updating your dependency with `cargo update -p objc`
    = note: see <https://doc.rust-lang.org/nightly/rustc/check-cfg/cargo-specifics.html> for more information about checking conditional configuration
    = note: this warning originates in the macro `sel_impl` which comes from the expansion of the macro `msg_send` (in Nightly builds, run with -Z macro-backtrace for more info)

warning: unexpected `cfg` condition value: `cargo-clippy`
   --> vendor/wgpu-hal/src/metal/layer_observer.rs:164:30
    |
164 |         let _: () = unsafe { msg_send![this, setFrame: bounds] };
    |                              ^^^^^^^^^^^^^^^^^^^^^^^^^^^^^^^^^
    |
    = note: expected values for `feature` are: `device_lost_panic`, `dx12`, `fragile-send-sync-non-atomic-wasm`, `gles`, `gpu-allocator`, `internal_error_panic`, `metal`, `oom_panic`, `renderdoc`, `static-dxc`, `vulkan`, and `windows`
    = note: using a cfg inside a macro will use the cfgs from the destination crate and not the ones from the defining crate
    = help: try referring to `sel_impl` crate for guidance on how handle this unexpected cfg
    = help: the macro `sel_impl` may come from an old version of the `objc` crate, try updating your dependency with `cargo update -p objc`
    = note: see <https://doc.rust-lang.org/nightly/rustc/check-cfg/cargo-specifics.html> for more information about checking conditional configuration
    = note: this warning originates in the macro `sel_impl` which comes from the expansion of the macro `msg_send` (in Nightly builds, run with -Z macro-backtrace for more info)

warning: unexpected `cfg` condition value: `cargo-clippy`
   --> vendor/wgpu-hal/src/metal/layer_observer.rs:180:44
    |
180 |     let root_layer: *mut Object = unsafe { msg_send![this, superlayer] };
    |                                            ^^^^^^^^^^^^^^^^^^^^^^^^^^^
    |
    = note: expected values for `feature` are: `device_lost_panic`, `dx12`, `fragile-send-sync-non-atomic-wasm`, `gles`, `gpu-allocator`, `internal_error_panic`, `metal`, `oom_panic`, `renderdoc`, `static-dxc`, `vulkan`, and `windows`
    = note: using a cfg inside a macro will use the cfgs from the destination crate and not the ones from the defining crate
    = help: try referring to `sel_impl` crate for guidance on how handle this unexpected cfg
    = help: the macro `sel_impl` may come from an old version of the `objc` crate, try updating your dependency with `cargo update -p objc`
    = note: see <https://doc.rust-lang.org/nightly/rustc/check-cfg/cargo-specifics.html> for more information about checking conditional configuration
    = note: this warning originates in the macro `sel_impl` which comes from the expansion of the macro `msg_send` (in Nightly builds, run with -Z macro-backtrace for more info)

warning: unexpected `cfg` condition value: `cargo-clippy`
   --> vendor/wgpu-hal/src/metal/layer_observer.rs:183:22
    |
183 |             unsafe { msg_send![class!(NSString), stringWithUTF8String: CONTENTS_SCALE.as_ptr()] };
    |                      ^^^^^^^^^^^^^^^^^^^^^^^^^^^^^^^^^^^^^^^^^^^^^^^^^^^^^^^^^^^^^^^^^^^^^^^^^^
    |
    = note: expected values for `feature` are: `device_lost_panic`, `dx12`, `fragile-send-sync-non-atomic-wasm`, `gles`, `gpu-allocator`, `internal_error_panic`, `metal`, `oom_panic`, `renderdoc`, `static-dxc`, `vulkan`, and `windows`
    = note: using a cfg inside a macro will use the cfgs from the destination crate and not the ones from the defining crate
    = help: try referring to `sel_impl` crate for guidance on how handle this unexpected cfg
    = help: the macro `sel_impl` may come from an old version of the `objc` crate, try updating your dependency with `cargo update -p objc`
    = note: see <https://doc.rust-lang.org/nightly/rustc/check-cfg/cargo-specifics.html> for more information about checking conditional configuration
    = note: this warning originates in the macro `sel_impl` which comes from the expansion of the macro `msg_send` (in Nightly builds, run with -Z macro-backtrace for more info)

warning: unexpected `cfg` condition value: `cargo-clippy`
   --> vendor/wgpu-hal/src/metal/layer_observer.rs:183:32
    |
183 |             unsafe { msg_send![class!(NSString), stringWithUTF8String: CONTENTS_SCALE.as_ptr()] };
    |                                ^^^^^^^^^^^^^^^^
    |
    = note: expected values for `feature` are: `device_lost_panic`, `dx12`, `fragile-send-sync-non-atomic-wasm`, `gles`, `gpu-allocator`, `internal_error_panic`, `metal`, `oom_panic`, `renderdoc`, `static-dxc`, `vulkan`, and `windows`
    = note: using a cfg inside a macro will use the cfgs from the destination crate and not the ones from the defining crate
    = help: try referring to `class` crate for guidance on how handle this unexpected cfg
    = help: the macro `class` may come from an old version of the `objc` crate, try updating your dependency with `cargo update -p objc`
    = note: see <https://doc.rust-lang.org/nightly/rustc/check-cfg/cargo-specifics.html> for more information about checking conditional configuration
    = note: this warning originates in the macro `class` (in Nightly builds, run with -Z macro-backtrace for more info)

warning: unexpected `cfg` condition value: `cargo-clippy`
   --> vendor/wgpu-hal/src/metal/layer_observer.rs:184:30
    |
184 |         let _: () = unsafe { msg_send![root_layer, removeObserver: this forKeyPath: key_path] };
    |                              ^^^^^^^^^^^^^^^^^^^^^^^^^^^^^^^^^^^^^^^^^^^^^^^^^^^^^^^^^^^^^^^^
    |
    = note: expected values for `feature` are: `device_lost_panic`, `dx12`, `fragile-send-sync-non-atomic-wasm`, `gles`, `gpu-allocator`, `internal_error_panic`, `metal`, `oom_panic`, `renderdoc`, `static-dxc`, `vulkan`, and `windows`
    = note: using a cfg inside a macro will use the cfgs from the destination crate and not the ones from the defining crate
    = help: try referring to `sel_impl` crate for guidance on how handle this unexpected cfg
    = help: the macro `sel_impl` may come from an old version of the `objc` crate, try updating your dependency with `cargo update -p objc`
    = note: see <https://doc.rust-lang.org/nightly/rustc/check-cfg/cargo-specifics.html> for more information about checking conditional configuration
    = note: this warning originates in the macro `sel_impl` which comes from the expansion of the macro `msg_send` (in Nightly builds, run with -Z macro-backtrace for more info)

warning: unexpected `cfg` condition value: `cargo-clippy`
   --> vendor/wgpu-hal/src/metal/layer_observer.rs:187:22
    |
187 |             unsafe { msg_send![class!(NSString), stringWithUTF8String: BOUNDS.as_ptr()] };
    |                      ^^^^^^^^^^^^^^^^^^^^^^^^^^^^^^^^^^^^^^^^^^^^^^^^^^^^^^^^^^^^^^^^^^
    |
    = note: expected values for `feature` are: `device_lost_panic`, `dx12`, `fragile-send-sync-non-atomic-wasm`, `gles`, `gpu-allocator`, `internal_error_panic`, `metal`, `oom_panic`, `renderdoc`, `static-dxc`, `vulkan`, and `windows`
    = note: using a cfg inside a macro will use the cfgs from the destination crate and not the ones from the defining crate
    = help: try referring to `sel_impl` crate for guidance on how handle this unexpected cfg
    = help: the macro `sel_impl` may come from an old version of the `objc` crate, try updating your dependency with `cargo update -p objc`
    = note: see <https://doc.rust-lang.org/nightly/rustc/check-cfg/cargo-specifics.html> for more information about checking conditional configuration
    = note: this warning originates in the macro `sel_impl` which comes from the expansion of the macro `msg_send` (in Nightly builds, run with -Z macro-backtrace for more info)

warning: unexpected `cfg` condition value: `cargo-clippy`
   --> vendor/wgpu-hal/src/metal/layer_observer.rs:187:32
    |
187 |             unsafe { msg_send![class!(NSString), stringWithUTF8String: BOUNDS.as_ptr()] };
    |                                ^^^^^^^^^^^^^^^^
    |
    = note: expected values for `feature` are: `device_lost_panic`, `dx12`, `fragile-send-sync-non-atomic-wasm`, `gles`, `gpu-allocator`, `internal_error_panic`, `metal`, `oom_panic`, `renderdoc`, `static-dxc`, `vulkan`, and `windows`
    = note: using a cfg inside a macro will use the cfgs from the destination crate and not the ones from the defining crate
    = help: try referring to `class` crate for guidance on how handle this unexpected cfg
    = help: the macro `class` may come from an old version of the `objc` crate, try updating your dependency with `cargo update -p objc`
    = note: see <https://doc.rust-lang.org/nightly/rustc/check-cfg/cargo-specifics.html> for more information about checking conditional configuration
    = note: this warning originates in the macro `class` (in Nightly builds, run with -Z macro-backtrace for more info)

warning: unexpected `cfg` condition value: `cargo-clippy`
   --> vendor/wgpu-hal/src/metal/layer_observer.rs:188:30
    |
188 |         let _: () = unsafe { msg_send![root_layer, removeObserver: this forKeyPath: key_path] };
    |                              ^^^^^^^^^^^^^^^^^^^^^^^^^^^^^^^^^^^^^^^^^^^^^^^^^^^^^^^^^^^^^^^^
    |
    = note: expected values for `feature` are: `device_lost_panic`, `dx12`, `fragile-send-sync-non-atomic-wasm`, `gles`, `gpu-allocator`, `internal_error_panic`, `metal`, `oom_panic`, `renderdoc`, `static-dxc`, `vulkan`, and `windows`
    = note: using a cfg inside a macro will use the cfgs from the destination crate and not the ones from the defining crate
    = help: try referring to `sel_impl` crate for guidance on how handle this unexpected cfg
    = help: the macro `sel_impl` may come from an old version of the `objc` crate, try updating your dependency with `cargo update -p objc`
    = note: see <https://doc.rust-lang.org/nightly/rustc/check-cfg/cargo-specifics.html> for more information about checking conditional configuration
    = note: this warning originates in the macro `sel_impl` which comes from the expansion of the macro `msg_send` (in Nightly builds, run with -Z macro-backtrace for more info)

warning: unexpected `cfg` condition value: `cargo-clippy`
   --> vendor/wgpu-hal/src/metal/layer_observer.rs:191:26
    |
191 |     let _: () = unsafe { msg_send![super(this, class!(CAMetalLayer)), dealloc] };
    |                          ^^^^^^^^^^^^^^^^^^^^^^^^^^^^^^^^^^^^^^^^^^^^^^^^^^^^^
    |
    = note: expected values for `feature` are: `device_lost_panic`, `dx12`, `fragile-send-sync-non-atomic-wasm`, `gles`, `gpu-allocator`, `internal_error_panic`, `metal`, `oom_panic`, `renderdoc`, `static-dxc`, `vulkan`, and `windows`
    = note: using a cfg inside a macro will use the cfgs from the destination crate and not the ones from the defining crate
    = help: try referring to `sel_impl` crate for guidance on how handle this unexpected cfg
    = help: the macro `sel_impl` may come from an old version of the `objc` crate, try updating your dependency with `cargo update -p objc`
    = note: see <https://doc.rust-lang.org/nightly/rustc/check-cfg/cargo-specifics.html> for more information about checking conditional configuration
    = note: this warning originates in the macro `sel_impl` which comes from the expansion of the macro `msg_send` (in Nightly builds, run with -Z macro-backtrace for more info)

warning: unexpected `cfg` condition value: `cargo-clippy`
   --> vendor/wgpu-hal/src/metal/layer_observer.rs:191:48
    |
191 |     let _: () = unsafe { msg_send![super(this, class!(CAMetalLayer)), dealloc] };
    |                                                ^^^^^^^^^^^^^^^^^^^^
    |
    = note: expected values for `feature` are: `device_lost_panic`, `dx12`, `fragile-send-sync-non-atomic-wasm`, `gles`, `gpu-allocator`, `internal_error_panic`, `metal`, `oom_panic`, `renderdoc`, `static-dxc`, `vulkan`, and `windows`
    = note: using a cfg inside a macro will use the cfgs from the destination crate and not the ones from the defining crate
    = help: try referring to `class` crate for guidance on how handle this unexpected cfg
    = help: the macro `class` may come from an old version of the `objc` crate, try updating your dependency with `cargo update -p objc`
    = note: see <https://doc.rust-lang.org/nightly/rustc/check-cfg/cargo-specifics.html> for more information about checking conditional configuration
    = note: this warning originates in the macro `class` (in Nightly builds, run with -Z macro-backtrace for more info)

warning: unexpected `cfg` condition value: `cargo-clippy`
  --> vendor/wgpu-hal/src/metal/surface.rs:48:21
   |
48 |         let class = class!(CAMetalLayer);
   |                     ^^^^^^^^^^^^^^^^^^^^
   |
   = note: expected values for `feature` are: `device_lost_panic`, `dx12`, `fragile-send-sync-non-atomic-wasm`, `gles`, `gpu-allocator`, `internal_error_panic`, `metal`, `oom_panic`, `renderdoc`, `static-dxc`, `vulkan`, and `windows`
   = note: using a cfg inside a macro will use the cfgs from the destination crate and not the ones from the defining crate
   = help: try referring to `class` crate for guidance on how handle this unexpected cfg
   = help: the macro `class` may come from an old version of the `objc` crate, try updating your dependency with `cargo update -p objc`
   = note: see <https://doc.rust-lang.org/nightly/rustc/check-cfg/cargo-specifics.html> for more information about checking conditional configuration
   = note: this warning originates in the macro `class` (in Nightly builds, run with -Z macro-backtrace for more info)

warning: unexpected `cfg` condition value: `cargo-clippy`
  --> vendor/wgpu-hal/src/metal/surface.rs:49:33
   |
49 |         let proper_kind: BOOL = msg_send![layer, isKindOfClass: class];
   |                                 ^^^^^^^^^^^^^^^^^^^^^^^^^^^^^^^^^^^^^^
   |
   = note: expected values for `feature` are: `device_lost_panic`, `dx12`, `fragile-send-sync-non-atomic-wasm`, `gles`, `gpu-allocator`, `internal_error_panic`, `metal`, `oom_panic`, `renderdoc`, `static-dxc`, `vulkan`, and `windows`
   = note: using a cfg inside a macro will use the cfgs from the destination crate and not the ones from the defining crate
   = help: try referring to `sel_impl` crate for guidance on how handle this unexpected cfg
   = help: the macro `sel_impl` may come from an old version of the `objc` crate, try updating your dependency with `cargo update -p objc`
   = note: see <https://doc.rust-lang.org/nightly/rustc/check-cfg/cargo-specifics.html> for more information about checking conditional configuration
   = note: this warning originates in the macro `sel_impl` which comes from the expansion of the macro `msg_send` (in Nightly builds, run with -Z macro-backtrace for more info)

warning: unexpected `cfg` condition value: `cargo-clippy`
  --> vendor/wgpu-hal/src/metal/surface.rs:65:36
   |
65 |         let is_main_thread: BOOL = msg_send![class!(NSThread), isMainThread];
   |                                    ^^^^^^^^^^^^^^^^^^^^^^^^^^^^^^^^^^^^^^^^^
   |
   = note: expected values for `feature` are: `device_lost_panic`, `dx12`, `fragile-send-sync-non-atomic-wasm`, `gles`, `gpu-allocator`, `internal_error_panic`, `metal`, `oom_panic`, `renderdoc`, `static-dxc`, `vulkan`, and `windows`
   = note: using a cfg inside a macro will use the cfgs from the destination crate and not the ones from the defining crate
   = help: try referring to `sel_impl` crate for guidance on how handle this unexpected cfg
   = help: the macro `sel_impl` may come from an old version of the `objc` crate, try updating your dependency with `cargo update -p objc`
   = note: see <https://doc.rust-lang.org/nightly/rustc/check-cfg/cargo-specifics.html> for more information about checking conditional configuration
   = note: this warning originates in the macro `sel_impl` which comes from the expansion of the macro `msg_send` (in Nightly builds, run with -Z macro-backtrace for more info)

warning: unexpected `cfg` condition value: `cargo-clippy`
  --> vendor/wgpu-hal/src/metal/surface.rs:65:46
   |
65 |         let is_main_thread: BOOL = msg_send![class!(NSThread), isMainThread];
   |                                              ^^^^^^^^^^^^^^^^
   |
   = note: expected values for `feature` are: `device_lost_panic`, `dx12`, `fragile-send-sync-non-atomic-wasm`, `gles`, `gpu-allocator`, `internal_error_panic`, `metal`, `oom_panic`, `renderdoc`, `static-dxc`, `vulkan`, and `windows`
   = note: using a cfg inside a macro will use the cfgs from the destination crate and not the ones from the defining crate
   = help: try referring to `class` crate for guidance on how handle this unexpected cfg
   = help: the macro `class` may come from an old version of the `objc` crate, try updating your dependency with `cargo update -p objc`
   = note: see <https://doc.rust-lang.org/nightly/rustc/check-cfg/cargo-specifics.html> for more information about checking conditional configuration
   = note: this warning originates in the macro `class` (in Nightly builds, run with -Z macro-backtrace for more info)

warning: unexpected `cfg` condition value: `cargo-clippy`
  --> vendor/wgpu-hal/src/metal/surface.rs:73:18
   |
73 |         let () = msg_send![view.as_ptr(), setWantsLayer: YES];
   |                  ^^^^^^^^^^^^^^^^^^^^^^^^^^^^^^^^^^^^^^^^^^^^
   |
   = note: expected values for `feature` are: `device_lost_panic`, `dx12`, `fragile-send-sync-non-atomic-wasm`, `gles`, `gpu-allocator`, `internal_error_panic`, `metal`, `oom_panic`, `renderdoc`, `static-dxc`, `vulkan`, and `windows`
   = note: using a cfg inside a macro will use the cfgs from the destination crate and not the ones from the defining crate
   = help: try referring to `sel_impl` crate for guidance on how handle this unexpected cfg
   = help: the macro `sel_impl` may come from an old version of the `objc` crate, try updating your dependency with `cargo update -p objc`
   = note: see <https://doc.rust-lang.org/nightly/rustc/check-cfg/cargo-specifics.html> for more information about checking conditional configuration
   = note: this warning originates in the macro `sel_impl` which comes from the expansion of the macro `msg_send` (in Nightly builds, run with -Z macro-backtrace for more info)

warning: unexpected `cfg` condition value: `cargo-clippy`
  --> vendor/wgpu-hal/src/metal/surface.rs:75:39
   |
75 |         let root_layer: *mut Object = msg_send![view.as_ptr(), layer];
   |                                       ^^^^^^^^^^^^^^^^^^^^^^^^^^^^^^^
   |
   = note: expected values for `feature` are: `device_lost_panic`, `dx12`, `fragile-send-sync-non-atomic-wasm`, `gles`, `gpu-allocator`, `internal_error_panic`, `metal`, `oom_panic`, `renderdoc`, `static-dxc`, `vulkan`, and `windows`
   = note: using a cfg inside a macro will use the cfgs from the destination crate and not the ones from the defining crate
   = help: try referring to `sel_impl` crate for guidance on how handle this unexpected cfg
   = help: the macro `sel_impl` may come from an old version of the `objc` crate, try updating your dependency with `cargo update -p objc`
   = note: see <https://doc.rust-lang.org/nightly/rustc/check-cfg/cargo-specifics.html> for more information about checking conditional configuration
   = note: this warning originates in the macro `sel_impl` which comes from the expansion of the macro `msg_send` (in Nightly builds, run with -Z macro-backtrace for more info)

warning: unexpected `cfg` condition value: `cargo-clippy`
  --> vendor/wgpu-hal/src/metal/surface.rs:88:36
   |
88 |         let is_metal_layer: BOOL = msg_send![root_layer, isKindOfClass: class!(CAMetalLayer)];
   |                                    ^^^^^^^^^^^^^^^^^^^^^^^^^^^^^^^^^^^^^^^^^^^^^^^^^^^^^^^^^^
   |
   = note: expected values for `feature` are: `device_lost_panic`, `dx12`, `fragile-send-sync-non-atomic-wasm`, `gles`, `gpu-allocator`, `internal_error_panic`, `metal`, `oom_panic`, `renderdoc`, `static-dxc`, `vulkan`, and `windows`
   = note: using a cfg inside a macro will use the cfgs from the destination crate and not the ones from the defining crate
   = help: try referring to `sel_impl` crate for guidance on how handle this unexpected cfg
   = help: the macro `sel_impl` may come from an old version of the `objc` crate, try updating your dependency with `cargo update -p objc`
   = note: see <https://doc.rust-lang.org/nightly/rustc/check-cfg/cargo-specifics.html> for more information about checking conditional configuration
   = note: this warning originates in the macro `sel_impl` which comes from the expansion of the macro `msg_send` (in Nightly builds, run with -Z macro-backtrace for more info)

warning: unexpected `cfg` condition value: `cargo-clippy`
  --> vendor/wgpu-hal/src/metal/surface.rs:88:73
   |
88 |         let is_metal_layer: BOOL = msg_send![root_layer, isKindOfClass: class!(CAMetalLayer)];
   |                                                                         ^^^^^^^^^^^^^^^^^^^^
   |
   = note: expected values for `feature` are: `device_lost_panic`, `dx12`, `fragile-send-sync-non-atomic-wasm`, `gles`, `gpu-allocator`, `internal_error_panic`, `metal`, `oom_panic`, `renderdoc`, `static-dxc`, `vulkan`, and `windows`
   = note: using a cfg inside a macro will use the cfgs from the destination crate and not the ones from the defining crate
   = help: try referring to `class` crate for guidance on how handle this unexpected cfg
   = help: the macro `class` may come from an old version of the `objc` crate, try updating your dependency with `cargo update -p objc`
   = note: see <https://doc.rust-lang.org/nightly/rustc/check-cfg/cargo-specifics.html> for more information about checking conditional configuration
   = note: this warning originates in the macro `class` (in Nightly builds, run with -Z macro-backtrace for more info)

warning: unexpected `cfg` condition value: `cargo-clippy`
   --> vendor/wgpu-hal/src/metal/surface.rs:115:34
    |
115 |             let bounds: CGRect = msg_send![render_layer, bounds];
    |                                  ^^^^^^^^^^^^^^^^^^^^^^^^^^^^^^^
    |
    = note: expected values for `feature` are: `device_lost_panic`, `dx12`, `fragile-send-sync-non-atomic-wasm`, `gles`, `gpu-allocator`, `internal_error_panic`, `metal`, `oom_panic`, `renderdoc`, `static-dxc`, `vulkan`, and `windows`
    = note: using a cfg inside a macro will use the cfgs from the destination crate and not the ones from the defining crate
    = help: try referring to `sel_impl` crate for guidance on how handle this unexpected cfg
    = help: the macro `sel_impl` may come from an old version of the `objc` crate, try updating your dependency with `cargo update -p objc`
    = note: see <https://doc.rust-lang.org/nightly/rustc/check-cfg/cargo-specifics.html> for more information about checking conditional configuration
    = note: this warning originates in the macro `sel_impl` which comes from the expansion of the macro `msg_send` (in Nightly builds, run with -Z macro-backtrace for more info)

warning: unexpected `cfg` condition value: `cargo-clippy`
   --> vendor/wgpu-hal/src/metal/surface.rs:116:43
    |
116 |             let contents_scale: CGFloat = msg_send![render_layer, contentsScale];
    |                                           ^^^^^^^^^^^^^^^^^^^^^^^^^^^^^^^^^^^^^^
    |
    = note: expected values for `feature` are: `device_lost_panic`, `dx12`, `fragile-send-sync-non-atomic-wasm`, `gles`, `gpu-allocator`, `internal_error_panic`, `metal`, `oom_panic`, `renderdoc`, `static-dxc`, `vulkan`, and `windows`
    = note: using a cfg inside a macro will use the cfgs from the destination crate and not the ones from the defining crate
    = help: try referring to `sel_impl` crate for guidance on how handle this unexpected cfg
    = help: the macro `sel_impl` may come from an old version of the `objc` crate, try updating your dependency with `cargo update -p objc`
    = note: see <https://doc.rust-lang.org/nightly/rustc/check-cfg/cargo-specifics.html> for more information about checking conditional configuration
    = note: this warning originates in the macro `sel_impl` which comes from the expansion of the macro `msg_send` (in Nightly builds, run with -Z macro-backtrace for more info)

warning: unexpected `cfg` condition value: `cargo-clippy`
   --> vendor/wgpu-hal/src/metal/surface.rs:173:22
    |
173 |             let () = msg_send![*render_layer, setAllowsNextDrawableTimeout:false];
    |                      ^^^^^^^^^^^^^^^^^^^^^^^^^^^^^^^^^^^^^^^^^^^^^^^^^^^^^^^^^^^^
    |
    = note: expected values for `feature` are: `device_lost_panic`, `dx12`, `fragile-send-sync-non-atomic-wasm`, `gles`, `gpu-allocator`, `internal_error_panic`, `metal`, `oom_panic`, `renderdoc`, `static-dxc`, `vulkan`, and `windows`
    = note: using a cfg inside a macro will use the cfgs from the destination crate and not the ones from the defining crate
    = help: try referring to `sel_impl` crate for guidance on how handle this unexpected cfg
    = help: the macro `sel_impl` may come from an old version of the `objc` crate, try updating your dependency with `cargo update -p objc`
    = note: see <https://doc.rust-lang.org/nightly/rustc/check-cfg/cargo-specifics.html> for more information about checking conditional configuration
    = note: this warning originates in the macro `sel_impl` which comes from the expansion of the macro `msg_send` (in Nightly builds, run with -Z macro-backtrace for more info)

warning: unexpected `cfg` condition value: `cargo-clippy`
   --> vendor/wgpu-hal/src/metal/surface.rs:176:22
    |
176 |             let () = msg_send![*render_layer, setDisplaySyncEnabled: display_sync];
    |                      ^^^^^^^^^^^^^^^^^^^^^^^^^^^^^^^^^^^^^^^^^^^^^^^^^^^^^^^^^^^^^
    |
    = note: expected values for `feature` are: `device_lost_panic`, `dx12`, `fragile-send-sync-non-atomic-wasm`, `gles`, `gpu-allocator`, `internal_error_panic`, `metal`, `oom_panic`, `renderdoc`, `static-dxc`, `vulkan`, and `windows`
    = note: using a cfg inside a macro will use the cfgs from the destination crate and not the ones from the defining crate
    = help: try referring to `sel_impl` crate for guidance on how handle this unexpected cfg
    = help: the macro `sel_impl` may come from an old version of the `objc` crate, try updating your dependency with `cargo update -p objc`
    = note: see <https://doc.rust-lang.org/nightly/rustc/check-cfg/cargo-specifics.html> for more information about checking conditional configuration
    = note: this warning originates in the macro `sel_impl` which comes from the expansion of the macro `msg_send` (in Nightly builds, run with -Z macro-backtrace for more info)

warning: `wgpu-hal` (lib) generated 50 warnings
warning: unused variable: `super_key`
   --> src/native_terminal/input.rs:366:13
    |
366 |         let super_key = KeyModifiers {
    |             ^^^^^^^^^ help: if this is intentional, prefix it with an underscore: `_super_key`
    |
    = note: `#[warn(unused_variables)]` (part of `#[warn(unused)]`) on by default

warning: variable does not need to be mutable
   --> src/native_terminal/renderer/font_manager.rs:155:13
    |
155 |         let mut buffer = vec![0u8; total_pixels];
    |             ----^^^^^^
    |             |
    |             help: remove this `mut`
    |
    = note: `#[warn(unused_mut)]` (part of `#[warn(unused)]`) on by default

warning: field `app` is never read
  --> src/ipc/notifications.rs:28:5
   |
27 | pub struct TauriNotificationBackend<R: Runtime> {
   |            ------------------------ field in this struct
28 |     app: AppHandle<R>,
   |     ^^^
   |
   = note: `#[warn(dead_code)]` (part of `#[warn(unused)]`) on by default

warning: method `wait_and_reap` is never used
   --> src/terminal/session.rs:270:19
    |
 61 | impl PtySession {
    | --------------- method in this implementation
...
270 |     pub(crate) fn wait_and_reap(&self) -> Result<Option<i32>, PtyError> {
    |                   ^^^^^^^^^^^^^

warning: struct `WriterLeaseGuard` is never constructed
  --> src/worktree/manager.rs:57:19
   |
57 | pub(crate) struct WriterLeaseGuard {
   |                   ^^^^^^^^^^^^^^^^

warning: associated items `new`, `canonical_path`, and `owner_id` are never used
  --> src/worktree/manager.rs:64:8
   |
63 | impl WriterLeaseGuard {
   | --------------------- associated items in this implementation
64 |     fn new(registry: WriterLeaseRegistry, canonical_path: PathBuf, owner_id: String) -> Self {
   |        ^^^
...
72 |     pub(crate) fn canonical_path(&self) -> &Path {
   |                   ^^^^^^^^^^^^^^
...
76 |     pub(crate) fn owner_id(&self) -> &str {
   |                   ^^^^^^^^

warning: method `acquire_writer_lease` is never used
   --> src/worktree/manager.rs:309:19
    |
105 | impl WorktreeManager {
    | -------------------- method in this implementation
...
309 |     pub(crate) fn acquire_writer_lease(
    |                   ^^^^^^^^^^^^^^^^^^^^

warning: `ferryx` (lib test) generated 7 warnings (run `cargo fix --lib -p ferryx --tests` to apply 2 suggestions)
    Finished `test` profile [unoptimized + debuginfo] target(s) in 0.23s
     Running unittests src/lib.rs (src-tauri/target/debug/deps/ferryx_lib-f277dedbac8184e5)

running 1 test
test ipc::tests::cmd_path_reveal_rejects_nonexistent_path_with_invalid_path_code ... ok

test result: ok. 1 passed; 0 failed; 0 ignored; 0 measured; 628 filtered out; finished in 0.01s

EXIT: 0
