warning: unexpected `cfg` condition value: `cargo-clippy`
   --> vendor/wgpu-hal/src/metal/adapter.rs:540:17
    |
540 |                 msg_send![class!(NSProcessInfo), processInfo];
    |                 ^^^^^^^^^^^^^^^^^^^^^^^^^^^^^^^^^^^^^^^^^^^^^
    |
    = note: expected values for `feature` are: `device_lost_panic`, `dx12`, `fragile-send-sync-non-atomic-wasm`, `gles`, `gpu-allocator`, `internal_error_panic`, `metal`, `oom_panic`, `renderdoc`, `static-dxc`, `vulkan`, and `windows`
    = note: using a cfg inside a macro will use the cfgs from the destination crate and not the ones from the defining crate
    = help: try referring to `sel_impl` crate for guidance on how handle this unexpected cfg
    = help: the macro `sel_impl` may come from an old version of the `objc` crate, try updating your dependency with `cargo update -p objc`
    = note: see <https://doc.rust-lang.org/nightly/rustc/check-cfg/cargo-specifics.html> for more information about checking conditional configuration
    = note: requested on the command line with `-W unexpected-cfgs`
    = note: this warning originates in the macro `sel_impl` which comes from the expansion of the macro `msg_send` (in Nightly builds, run with -Z macro-backtrace for more info)

warning: unexpected `cfg` condition value: `cargo-clippy`
   --> vendor/wgpu-hal/src/metal/adapter.rs:540:27
    |
540 |                 msg_send![class!(NSProcessInfo), processInfo];
    |                           ^^^^^^^^^^^^^^^^^^^^^
    |
    = note: expected values for `feature` are: `device_lost_panic`, `dx12`, `fragile-send-sync-non-atomic-wasm`, `gles`, `gpu-allocator`, `internal_error_panic`, `metal`, `oom_panic`, `renderdoc`, `static-dxc`, `vulkan`, and `windows`
    = note: using a cfg inside a macro will use the cfgs from the destination crate and not the ones from the defining crate
    = help: try referring to `class` crate for guidance on how handle this unexpected cfg
    = help: the macro `class` may come from an old version of the `objc` crate, try updating your dependency with `cargo update -p objc`
    = note: see <https://doc.rust-lang.org/nightly/rustc/check-cfg/cargo-specifics.html> for more information about checking conditional configuration
    = note: this warning originates in the macro `class` (in Nightly builds, run with -Z macro-backtrace for more info)

warning: unexpected `cfg` condition value: `cargo-clippy`
   --> vendor/wgpu-hal/src/metal/adapter.rs:541:13
    |
541 |             msg_send![process_info, operatingSystemVersion]
    |             ^^^^^^^^^^^^^^^^^^^^^^^^^^^^^^^^^^^^^^^^^^^^^^^
    |
    = note: expected values for `feature` are: `device_lost_panic`, `dx12`, `fragile-send-sync-non-atomic-wasm`, `gles`, `gpu-allocator`, `internal_error_panic`, `metal`, `oom_panic`, `renderdoc`, `static-dxc`, `vulkan`, and `windows`
    = note: using a cfg inside a macro will use the cfgs from the destination crate and not the ones from the defining crate
    = help: try referring to `sel_impl` crate for guidance on how handle this unexpected cfg
    = help: the macro `sel_impl` may come from an old version of the `objc` crate, try updating your dependency with `cargo update -p objc`
    = note: see <https://doc.rust-lang.org/nightly/rustc/check-cfg/cargo-specifics.html> for more information about checking conditional configuration
    = note: this warning originates in the macro `sel_impl` which comes from the expansion of the macro `msg_send` (in Nightly builds, run with -Z macro-backtrace for more info)

warning: unexpected `cfg` condition value: `cargo-clippy`
   --> vendor/wgpu-hal/src/metal/adapter.rs:732:30
    |
732 |                     unsafe { msg_send![device.as_ref(), maxBufferLength] };
    |                              ^^^^^^^^^^^^^^^^^^^^^^^^^^^^^^^^^^^^^^^^^^^
    |
    = note: expected values for `feature` are: `device_lost_panic`, `dx12`, `fragile-send-sync-non-atomic-wasm`, `gles`, `gpu-allocator`, `internal_error_panic`, `metal`, `oom_panic`, `renderdoc`, `static-dxc`, `vulkan`, and `windows`
    = note: using a cfg inside a macro will use the cfgs from the destination crate and not the ones from the defining crate
    = help: try referring to `sel_impl` crate for guidance on how handle this unexpected cfg
    = help: the macro `sel_impl` may come from an old version of the `objc` crate, try updating your dependency with `cargo update -p objc`
    = note: see <https://doc.rust-lang.org/nightly/rustc/check-cfg/cargo-specifics.html> for more information about checking conditional configuration
    = note: this warning originates in the macro `sel_impl` which comes from the expansion of the macro `msg_send` (in Nightly builds, run with -Z macro-backtrace for more info)

warning: unexpected `cfg` condition value: `cargo-clippy`
  --> vendor/wgpu-hal/src/metal/layer_observer.rs:33:38
   |
33 |     let this: *mut Object = unsafe { msg_send![class(), new] };
   |                                      ^^^^^^^^^^^^^^^^^^^^^^^
   |
   = note: expected values for `feature` are: `device_lost_panic`, `dx12`, `fragile-send-sync-non-atomic-wasm`, `gles`, `gpu-allocator`, `internal_error_panic`, `metal`, `oom_panic`, `renderdoc`, `static-dxc`, `vulkan`, and `windows`
   = note: using a cfg inside a macro will use the cfgs from the destination crate and not the ones from the defining crate
   = help: try referring to `sel_impl` crate for guidance on how handle this unexpected cfg
   = help: the macro `sel_impl` may come from an old version of the `objc` crate, try updating your dependency with `cargo update -p objc`
   = note: see <https://doc.rust-lang.org/nightly/rustc/check-cfg/cargo-specifics.html> for more information about checking conditional configuration
   = note: this warning originates in the macro `sel_impl` which comes from the expansion of the macro `msg_send` (in Nightly builds, run with -Z macro-backtrace for more info)

warning: unexpected `cfg` condition value: `cargo-clippy`
  --> vendor/wgpu-hal/src/metal/layer_observer.rs:36:26
   |
36 |     let _: () = unsafe { msg_send![root_layer, addSublayer: this] };
   |                          ^^^^^^^^^^^^^^^^^^^^^^^^^^^^^^^^^^^^^^^^
   |
   = note: expected values for `feature` are: `device_lost_panic`, `dx12`, `fragile-send-sync-non-atomic-wasm`, `gles`, `gpu-allocator`, `internal_error_panic`, `metal`, `oom_panic`, `renderdoc`, `static-dxc`, `vulkan`, and `windows`
   = note: using a cfg inside a macro will use the cfgs from the destination crate and not the ones from the defining crate
   = help: try referring to `sel_impl` crate for guidance on how handle this unexpected cfg
   = help: the macro `sel_impl` may come from an old version of the `objc` crate, try updating your dependency with `cargo update -p objc`
   = note: see <https://doc.rust-lang.org/nightly/rustc/check-cfg/cargo-specifics.html> for more information about checking conditional configuration
   = note: this warning originates in the macro `sel_impl` which comes from the expansion of the macro `msg_send` (in Nightly builds, run with -Z macro-backtrace for more info)

warning: unexpected `cfg` condition value: `cargo-clippy`
  --> vendor/wgpu-hal/src/metal/layer_observer.rs:40:18
   |
40 |         unsafe { msg_send![class!(NSString), stringWithUTF8String: CONTENTS_SCALE.as_ptr()] };
   |                  ^^^^^^^^^^^^^^^^^^^^^^^^^^^^^^^^^^^^^^^^^^^^^^^^^^^^^^^^^^^^^^^^^^^^^^^^^^
   |
   = note: expected values for `feature` are: `device_lost_panic`, `dx12`, `fragile-send-sync-non-atomic-wasm`, `gles`, `gpu-allocator`, `internal_error_panic`, `metal`, `oom_panic`, `renderdoc`, `static-dxc`, `vulkan`, and `windows`
   = note: using a cfg inside a macro will use the cfgs from the destination crate and not the ones from the defining crate
   = help: try referring to `sel_impl` crate for guidance on how handle this unexpected cfg
   = help: the macro `sel_impl` may come from an old version of the `objc` crate, try updating your dependency with `cargo update -p objc`
   = note: see <https://doc.rust-lang.org/nightly/rustc/check-cfg/cargo-specifics.html> for more information about checking conditional configuration
   = note: this warning originates in the macro `sel_impl` which comes from the expansion of the macro `msg_send` (in Nightly builds, run with -Z macro-backtrace for more info)

warning: unexpected `cfg` condition value: `cargo-clippy`
  --> vendor/wgpu-hal/src/metal/layer_observer.rs:40:28
   |
40 |         unsafe { msg_send![class!(NSString), stringWithUTF8String: CONTENTS_SCALE.as_ptr()] };
   |                            ^^^^^^^^^^^^^^^^
   |
   = note: expected values for `feature` are: `device_lost_panic`, `dx12`, `fragile-send-sync-non-atomic-wasm`, `gles`, `gpu-allocator`, `internal_error_panic`, `metal`, `oom_panic`, `renderdoc`, `static-dxc`, `vulkan`, and `windows`
   = note: using a cfg inside a macro will use the cfgs from the destination crate and not the ones from the defining crate
   = help: try referring to `class` crate for guidance on how handle this unexpected cfg
   = help: the macro `class` may come from an old version of the `objc` crate, try updating your dependency with `cargo update -p objc`
   = note: see <https://doc.rust-lang.org/nightly/rustc/check-cfg/cargo-specifics.html> for more information about checking conditional configuration
   = note: this warning originates in the macro `class` (in Nightly builds, run with -Z macro-backtrace for more info)

warning: unexpected `cfg` condition value: `cargo-clippy`
  --> vendor/wgpu-hal/src/metal/layer_observer.rs:42:9
   |
42 | /         msg_send![
43 | |             root_layer,
44 | |             addObserver: this
45 | |             forKeyPath: key_path
46 | |             options: NSKeyValueObservingOptionNew | NSKeyValueObservingOptionInitial
47 | |             context: context_ptr()
48 | |         ]
   | |_________^
   |
   = note: expected values for `feature` are: `device_lost_panic`, `dx12`, `fragile-send-sync-non-atomic-wasm`, `gles`, `gpu-allocator`, `internal_error_panic`, `metal`, `oom_panic`, `renderdoc`, `static-dxc`, `vulkan`, and `windows`
   = note: using a cfg inside a macro will use the cfgs from the destination crate and not the ones from the defining crate
   = help: try referring to `sel_impl` crate for guidance on how handle this unexpected cfg
   = help: the macro `sel_impl` may come from an old version of the `objc` crate, try updating your dependency with `cargo update -p objc`
   = note: see <https://doc.rust-lang.org/nightly/rustc/check-cfg/cargo-specifics.html> for more information about checking conditional configuration
   = note: this warning originates in the macro `sel_impl` which comes from the expansion of the macro `msg_send` (in Nightly builds, run with -Z macro-backtrace for more info)

warning: unexpected `cfg` condition value: `cargo-clippy`
  --> vendor/wgpu-hal/src/metal/layer_observer.rs:52:18
   |
52 |         unsafe { msg_send![class!(NSString), stringWithUTF8String: BOUNDS.as_ptr()] };
   |                  ^^^^^^^^^^^^^^^^^^^^^^^^^^^^^^^^^^^^^^^^^^^^^^^^^^^^^^^^^^^^^^^^^^
   |
   = note: expected values for `feature` are: `device_lost_panic`, `dx12`, `fragile-send-sync-non-atomic-wasm`, `gles`, `gpu-allocator`, `internal_error_panic`, `metal`, `oom_panic`, `renderdoc`, `static-dxc`, `vulkan`, and `windows`
   = note: using a cfg inside a macro will use the cfgs from the destination crate and not the ones from the defining crate
   = help: try referring to `sel_impl` crate for guidance on how handle this unexpected cfg
   = help: the macro `sel_impl` may come from an old version of the `objc` crate, try updating your dependency with `cargo update -p objc`
   = note: see <https://doc.rust-lang.org/nightly/rustc/check-cfg/cargo-specifics.html> for more information about checking conditional configuration
   = note: this warning originates in the macro `sel_impl` which comes from the expansion of the macro `msg_send` (in Nightly builds, run with -Z macro-backtrace for more info)

warning: unexpected `cfg` condition value: `cargo-clippy`
  --> vendor/wgpu-hal/src/metal/layer_observer.rs:52:28
   |
52 |         unsafe { msg_send![class!(NSString), stringWithUTF8String: BOUNDS.as_ptr()] };
   |                            ^^^^^^^^^^^^^^^^
   |
   = note: expected values for `feature` are: `device_lost_panic`, `dx12`, `fragile-send-sync-non-atomic-wasm`, `gles`, `gpu-allocator`, `internal_error_panic`, `metal`, `oom_panic`, `renderdoc`, `static-dxc`, `vulkan`, and `windows`
   = note: using a cfg inside a macro will use the cfgs from the destination crate and not the ones from the defining crate
   = help: try referring to `class` crate for guidance on how handle this unexpected cfg
   = help: the macro `class` may come from an old version of the `objc` crate, try updating your dependency with `cargo update -p objc`
   = note: see <https://doc.rust-lang.org/nightly/rustc/check-cfg/cargo-specifics.html> for more information about checking conditional configuration
   = note: this warning originates in the macro `class` (in Nightly builds, run with -Z macro-backtrace for more info)

warning: unexpected `cfg` condition value: `cargo-clippy`
  --> vendor/wgpu-hal/src/metal/layer_observer.rs:54:9
   |
54 | /         msg_send![
55 | |             root_layer,
56 | |             addObserver: this
57 | |             forKeyPath: key_path
58 | |             options: NSKeyValueObservingOptionNew | NSKeyValueObservingOptionInitial
59 | |             context: context_ptr()
60 | |         ]
   | |_________^
   |
   = note: expected values for `feature` are: `device_lost_panic`, `dx12`, `fragile-send-sync-non-atomic-wasm`, `gles`, `gpu-allocator`, `internal_error_panic`, `metal`, `oom_panic`, `renderdoc`, `static-dxc`, `vulkan`, and `windows`
   = note: using a cfg inside a macro will use the cfgs from the destination crate and not the ones from the defining crate
   = help: try referring to `sel_impl` crate for guidance on how handle this unexpected cfg
   = help: the macro `sel_impl` may come from an old version of the `objc` crate, try updating your dependency with `cargo update -p objc`
   = note: see <https://doc.rust-lang.org/nightly/rustc/check-cfg/cargo-specifics.html> for more information about checking conditional configuration
   = note: this warning originates in the macro `sel_impl` which comes from the expansion of the macro `msg_send` (in Nightly builds, run with -Z macro-backtrace for more info)

warning: unexpected `cfg` condition value: `cargo-clippy`
  --> vendor/wgpu-hal/src/metal/layer_observer.rs:77:26
   |
77 |         let superclass = class!(CAMetalLayer);
   |                          ^^^^^^^^^^^^^^^^^^^^
   |
   = note: expected values for `feature` are: `device_lost_panic`, `dx12`, `fragile-send-sync-non-atomic-wasm`, `gles`, `gpu-allocator`, `internal_error_panic`, `metal`, `oom_panic`, `renderdoc`, `static-dxc`, `vulkan`, and `windows`
   = note: using a cfg inside a macro will use the cfgs from the destination crate and not the ones from the defining crate
   = help: try referring to `class` crate for guidance on how handle this unexpected cfg
   = help: the macro `class` may come from an old version of the `objc` crate, try updating your dependency with `cargo update -p objc`
   = note: see <https://doc.rust-lang.org/nightly/rustc/check-cfg/cargo-specifics.html> for more information about checking conditional configuration
   = note: this warning originates in the macro `class` (in Nightly builds, run with -Z macro-backtrace for more info)

warning: unexpected `cfg` condition value: `cargo-clippy`
  --> vendor/wgpu-hal/src/metal/layer_observer.rs:82:19
   |
82 |         let sel = sel!(observeValueForKeyPath:ofObject:change:context:);
   |                   ^^^^^^^^^^^^^^^^^^^^^^^^^^^^^^^^^^^^^^^^^^^^^^^^^^^^^
   |
   = note: expected values for `feature` are: `device_lost_panic`, `dx12`, `fragile-send-sync-non-atomic-wasm`, `gles`, `gpu-allocator`, `internal_error_panic`, `metal`, `oom_panic`, `renderdoc`, `static-dxc`, `vulkan`, and `windows`
   = note: using a cfg inside a macro will use the cfgs from the destination crate and not the ones from the defining crate
   = help: try referring to `sel_impl` crate for guidance on how handle this unexpected cfg
   = help: the macro `sel_impl` may come from an old version of the `objc` crate, try updating your dependency with `cargo update -p objc`
   = note: see <https://doc.rust-lang.org/nightly/rustc/check-cfg/cargo-specifics.html> for more information about checking conditional configuration
   = note: this warning originates in the macro `sel_impl` which comes from the expansion of the macro `sel` (in Nightly builds, run with -Z macro-backtrace for more info)

warning: unexpected `cfg` condition value: `cargo-clippy`
  --> vendor/wgpu-hal/src/metal/layer_observer.rs:93:19
   |
93 |         let sel = sel!(dealloc);
   |                   ^^^^^^^^^^^^^
   |
   = note: expected values for `feature` are: `device_lost_panic`, `dx12`, `fragile-send-sync-non-atomic-wasm`, `gles`, `gpu-allocator`, `internal_error_panic`, `metal`, `oom_panic`, `renderdoc`, `static-dxc`, `vulkan`, and `windows`
   = note: using a cfg inside a macro will use the cfgs from the destination crate and not the ones from the defining crate
   = help: try referring to `sel_impl` crate for guidance on how handle this unexpected cfg
   = help: the macro `sel_impl` may come from an old version of the `objc` crate, try updating your dependency with `cargo update -p objc`
   = note: see <https://doc.rust-lang.org/nightly/rustc/check-cfg/cargo-specifics.html> for more information about checking conditional configuration
   = note: this warning originates in the macro `sel_impl` which comes from the expansion of the macro `sel` (in Nightly builds, run with -Z macro-backtrace for more info)

warning: unexpected `cfg` condition value: `cargo-clippy`
   --> vendor/wgpu-hal/src/metal/layer_observer.rs:121:13
    |
121 | /             msg_send![
122 | |                 super(this, class!(CAMetalLayer)),
123 | |                 observeValueForKeyPath: key_path
124 | |                 ofObject: object
125 | |                 change: change
126 | |                 context: context
127 | |             ]
    | |_____________^
    |
    = note: expected values for `feature` are: `device_lost_panic`, `dx12`, `fragile-send-sync-non-atomic-wasm`, `gles`, `gpu-allocator`, `internal_error_panic`, `metal`, `oom_panic`, `renderdoc`, `static-dxc`, `vulkan`, and `windows`
    = note: using a cfg inside a macro will use the cfgs from the destination crate and not the ones from the defining crate
    = help: try referring to `sel_impl` crate for guidance on how handle this unexpected cfg
    = help: the macro `sel_impl` may come from an old version of the `objc` crate, try updating your dependency with `cargo update -p objc`
    = note: see <https://doc.rust-lang.org/nightly/rustc/check-cfg/cargo-specifics.html> for more information about checking conditional configuration
    = note: this warning originates in the macro `sel_impl` which comes from the expansion of the macro `msg_send` (in Nightly builds, run with -Z macro-backtrace for more info)

warning: unexpected `cfg` condition value: `cargo-clippy`
   --> vendor/wgpu-hal/src/metal/layer_observer.rs:122:29
    |
122 |                 super(this, class!(CAMetalLayer)),
    |                             ^^^^^^^^^^^^^^^^^^^^
    |
    = note: expected values for `feature` are: `device_lost_panic`, `dx12`, `fragile-send-sync-non-atomic-wasm`, `gles`, `gpu-allocator`, `internal_error_panic`, `metal`, `oom_panic`, `renderdoc`, `static-dxc`, `vulkan`, and `windows`
    = note: using a cfg inside a macro will use the cfgs from the destination crate and not the ones from the defining crate
    = help: try referring to `class` crate for guidance on how handle this unexpected cfg
    = help: the macro `class` may come from an old version of the `objc` crate, try updating your dependency with `cargo update -p objc`
    = note: see <https://doc.rust-lang.org/nightly/rustc/check-cfg/cargo-specifics.html> for more information about checking conditional configuration
    = note: this warning originates in the macro `class` (in Nightly builds, run with -Z macro-backtrace for more info)

warning: unexpected `cfg` condition value: `cargo-clippy`
   --> vendor/wgpu-hal/src/metal/layer_observer.rs:134:37
    |
134 |     let new: *mut Object = unsafe { msg_send![change, objectForKey: key] };
    |                                     ^^^^^^^^^^^^^^^^^^^^^^^^^^^^^^^^^^^^
    |
    = note: expected values for `feature` are: `device_lost_panic`, `dx12`, `fragile-send-sync-non-atomic-wasm`, `gles`, `gpu-allocator`, `internal_error_panic`, `metal`, `oom_panic`, `renderdoc`, `static-dxc`, `vulkan`, and `windows`
    = note: using a cfg inside a macro will use the cfgs from the destination crate and not the ones from the defining crate
    = help: try referring to `sel_impl` crate for guidance on how handle this unexpected cfg
    = help: the macro `sel_impl` may come from an old version of the `objc` crate, try updating your dependency with `cargo update -p objc`
    = note: see <https://doc.rust-lang.org/nightly/rustc/check-cfg/cargo-specifics.html> for more information about checking conditional configuration
    = note: this warning originates in the macro `sel_impl` which comes from the expansion of the macro `msg_send` (in Nightly builds, run with -Z macro-backtrace for more info)

warning: unexpected `cfg` condition value: `cargo-clippy`
   --> vendor/wgpu-hal/src/metal/layer_observer.rs:138:18
    |
138 |         unsafe { msg_send![class!(NSString), stringWithUTF8String: CONTENTS_SCALE.as_ptr()] };
    |                  ^^^^^^^^^^^^^^^^^^^^^^^^^^^^^^^^^^^^^^^^^^^^^^^^^^^^^^^^^^^^^^^^^^^^^^^^^^
    |
    = note: expected values for `feature` are: `device_lost_panic`, `dx12`, `fragile-send-sync-non-atomic-wasm`, `gles`, `gpu-allocator`, `internal_error_panic`, `metal`, `oom_panic`, `renderdoc`, `static-dxc`, `vulkan`, and `windows`
    = note: using a cfg inside a macro will use the cfgs from the destination crate and not the ones from the defining crate
    = help: try referring to `sel_impl` crate for guidance on how handle this unexpected cfg
    = help: the macro `sel_impl` may come from an old version of the `objc` crate, try updating your dependency with `cargo update -p objc`
    = note: see <https://doc.rust-lang.org/nightly/rustc/check-cfg/cargo-specifics.html> for more information about checking conditional configuration
    = note: this warning originates in the macro `sel_impl` which comes from the expansion of the macro `msg_send` (in Nightly builds, run with -Z macro-backtrace for more info)

warning: unexpected `cfg` condition value: `cargo-clippy`
   --> vendor/wgpu-hal/src/metal/layer_observer.rs:138:28
    |
138 |         unsafe { msg_send![class!(NSString), stringWithUTF8String: CONTENTS_SCALE.as_ptr()] };
    |                            ^^^^^^^^^^^^^^^^
    |
    = note: expected values for `feature` are: `device_lost_panic`, `dx12`, `fragile-send-sync-non-atomic-wasm`, `gles`, `gpu-allocator`, `internal_error_panic`, `metal`, `oom_panic`, `renderdoc`, `static-dxc`, `vulkan`, and `windows`
    = note: using a cfg inside a macro will use the cfgs from the destination crate and not the ones from the defining crate
    = help: try referring to `class` crate for guidance on how handle this unexpected cfg
    = help: the macro `class` may come from an old version of the `objc` crate, try updating your dependency with `cargo update -p objc`
    = note: see <https://doc.rust-lang.org/nightly/rustc/check-cfg/cargo-specifics.html> for more information about checking conditional configuration
    = note: this warning originates in the macro `class` (in Nightly builds, run with -Z macro-backtrace for more info)

warning: unexpected `cfg` condition value: `cargo-clippy`
   --> vendor/wgpu-hal/src/metal/layer_observer.rs:139:35
    |
139 |     let is_equal: BOOL = unsafe { msg_send![key_path, isEqual: to_compare] };
    |                                   ^^^^^^^^^^^^^^^^^^^^^^^^^^^^^^^^^^^^^^^^
    |
    = note: expected values for `feature` are: `device_lost_panic`, `dx12`, `fragile-send-sync-non-atomic-wasm`, `gles`, `gpu-allocator`, `internal_error_panic`, `metal`, `oom_panic`, `renderdoc`, `static-dxc`, `vulkan`, and `windows`
    = note: using a cfg inside a macro will use the cfgs from the destination crate and not the ones from the defining crate
    = help: try referring to `sel_impl` crate for guidance on how handle this unexpected cfg
    = help: the macro `sel_impl` may come from an old version of the `objc` crate, try updating your dependency with `cargo update -p objc`
    = note: see <https://doc.rust-lang.org/nightly/rustc/check-cfg/cargo-specifics.html> for more information about checking conditional configuration
    = note: this warning originates in the macro `sel_impl` which comes from the expansion of the macro `msg_send` (in Nightly builds, run with -Z macro-backtrace for more info)

warning: unexpected `cfg` condition value: `cargo-clippy`
   --> vendor/wgpu-hal/src/metal/layer_observer.rs:143:22
    |
143 |             unsafe { msg_send![new, doubleValue] }
    |                      ^^^^^^^^^^^^^^^^^^^^^^^^^^^
    |
    = note: expected values for `feature` are: `device_lost_panic`, `dx12`, `fragile-send-sync-non-atomic-wasm`, `gles`, `gpu-allocator`, `internal_error_panic`, `metal`, `oom_panic`, `renderdoc`, `static-dxc`, `vulkan`, and `windows`
    = note: using a cfg inside a macro will use the cfgs from the destination crate and not the ones from the defining crate
    = help: try referring to `sel_impl` crate for guidance on how handle this unexpected cfg
    = help: the macro `sel_impl` may come from an old version of the `objc` crate, try updating your dependency with `cargo update -p objc`
    = note: see <https://doc.rust-lang.org/nightly/rustc/check-cfg/cargo-specifics.html> for more information about checking conditional configuration
    = note: this warning originates in the macro `sel_impl` which comes from the expansion of the macro `msg_send` (in Nightly builds, run with -Z macro-backtrace for more info)

warning: unexpected `cfg` condition value: `cargo-clippy`
   --> vendor/wgpu-hal/src/metal/layer_observer.rs:145:22
    |
145 |             unsafe { msg_send![new, floatValue] }
    |                      ^^^^^^^^^^^^^^^^^^^^^^^^^^
    |
    = note: expected values for `feature` are: `device_lost_panic`, `dx12`, `fragile-send-sync-non-atomic-wasm`, `gles`, `gpu-allocator`, `internal_error_panic`, `metal`, `oom_panic`, `renderdoc`, `static-dxc`, `vulkan`, and `windows`
    = note: using a cfg inside a macro will use the cfgs from the destination crate and not the ones from the defining crate
    = help: try referring to `sel_impl` crate for guidance on how handle this unexpected cfg
    = help: the macro `sel_impl` may come from an old version of the `objc` crate, try updating your dependency with `cargo update -p objc`
    = note: see <https://doc.rust-lang.org/nightly/rustc/check-cfg/cargo-specifics.html> for more information about checking conditional configuration
    = note: this warning originates in the macro `sel_impl` which comes from the expansion of the macro `msg_send` (in Nightly builds, run with -Z macro-backtrace for more info)

warning: unexpected `cfg` condition value: `cargo-clippy`
   --> vendor/wgpu-hal/src/metal/layer_observer.rs:149:30
    |
149 |         let _: () = unsafe { msg_send![this, setContentsScale: scale_factor] };
    |                              ^^^^^^^^^^^^^^^^^^^^^^^^^^^^^^^^^^^^^^^^^^^^^^^
    |
    = note: expected values for `feature` are: `device_lost_panic`, `dx12`, `fragile-send-sync-non-atomic-wasm`, `gles`, `gpu-allocator`, `internal_error_panic`, `metal`, `oom_panic`, `renderdoc`, `static-dxc`, `vulkan`, and `windows`
    = note: using a cfg inside a macro will use the cfgs from the destination crate and not the ones from the defining crate
    = help: try referring to `sel_impl` crate for guidance on how handle this unexpected cfg
    = help: the macro `sel_impl` may come from an old version of the `objc` crate, try updating your dependency with `cargo update -p objc`
    = note: see <https://doc.rust-lang.org/nightly/rustc/check-cfg/cargo-specifics.html> for more information about checking conditional configuration
    = note: this warning originates in the macro `sel_impl` which comes from the expansion of the macro `msg_send` (in Nightly builds, run with -Z macro-backtrace for more info)

warning: unexpected `cfg` condition value: `cargo-clippy`
   --> vendor/wgpu-hal/src/metal/layer_observer.rs:154:18
    |
154 |         unsafe { msg_send![class!(NSString), stringWithUTF8String: BOUNDS.as_ptr()] };
    |                  ^^^^^^^^^^^^^^^^^^^^^^^^^^^^^^^^^^^^^^^^^^^^^^^^^^^^^^^^^^^^^^^^^^
    |
    = note: expected values for `feature` are: `device_lost_panic`, `dx12`, `fragile-send-sync-non-atomic-wasm`, `gles`, `gpu-allocator`, `internal_error_panic`, `metal`, `oom_panic`, `renderdoc`, `static-dxc`, `vulkan`, and `windows`
    = note: using a cfg inside a macro will use the cfgs from the destination crate and not the ones from the defining crate
    = help: try referring to `sel_impl` crate for guidance on how handle this unexpected cfg
    = help: the macro `sel_impl` may come from an old version of the `objc` crate, try updating your dependency with `cargo update -p objc`
    = note: see <https://doc.rust-lang.org/nightly/rustc/check-cfg/cargo-specifics.html> for more information about checking conditional configuration
    = note: this warning originates in the macro `sel_impl` which comes from the expansion of the macro `msg_send` (in Nightly builds, run with -Z macro-backtrace for more info)

warning: unexpected `cfg` condition value: `cargo-clippy`
   --> vendor/wgpu-hal/src/metal/layer_observer.rs:154:28
    |
154 |         unsafe { msg_send![class!(NSString), stringWithUTF8String: BOUNDS.as_ptr()] };
    |                            ^^^^^^^^^^^^^^^^
    |
    = note: expected values for `feature` are: `device_lost_panic`, `dx12`, `fragile-send-sync-non-atomic-wasm`, `gles`, `gpu-allocator`, `internal_error_panic`, `metal`, `oom_panic`, `renderdoc`, `static-dxc`, `vulkan`, and `windows`
    = note: using a cfg inside a macro will use the cfgs from the destination crate and not the ones from the defining crate
    = help: try referring to `class` crate for guidance on how handle this unexpected cfg
    = help: the macro `class` may come from an old version of the `objc` crate, try updating your dependency with `cargo update -p objc`
    = note: see <https://doc.rust-lang.org/nightly/rustc/check-cfg/cargo-specifics.html> for more information about checking conditional configuration
    = note: this warning originates in the macro `class` (in Nightly builds, run with -Z macro-backtrace for more info)

warning: unexpected `cfg` condition value: `cargo-clippy`
   --> vendor/wgpu-hal/src/metal/layer_observer.rs:155:35
    |
155 |     let is_equal: BOOL = unsafe { msg_send![key_path, isEqual: to_compare] };
    |                                   ^^^^^^^^^^^^^^^^^^^^^^^^^^^^^^^^^^^^^^^^
    |
    = note: expected values for `feature` are: `device_lost_panic`, `dx12`, `fragile-send-sync-non-atomic-wasm`, `gles`, `gpu-allocator`, `internal_error_panic`, `metal`, `oom_panic`, `renderdoc`, `static-dxc`, `vulkan`, and `windows`
    = note: using a cfg inside a macro will use the cfgs from the destination crate and not the ones from the defining crate
    = help: try referring to `sel_impl` crate for guidance on how handle this unexpected cfg
    = help: the macro `sel_impl` may come from an old version of the `objc` crate, try updating your dependency with `cargo update -p objc`
    = note: see <https://doc.rust-lang.org/nightly/rustc/check-cfg/cargo-specifics.html> for more information about checking conditional configuration
    = note: this warning originates in the macro `sel_impl` which comes from the expansion of the macro `msg_send` (in Nightly builds, run with -Z macro-backtrace for more info)

warning: unexpected `cfg` condition value: `cargo-clippy`
   --> vendor/wgpu-hal/src/metal/layer_observer.rs:158:39
    |
158 |         let bounds: CGRect = unsafe { msg_send![new, rectValue] };
    |                                       ^^^^^^^^^^^^^^^^^^^^^^^^^
    |
    = note: expected values for `feature` are: `device_lost_panic`, `dx12`, `fragile-send-sync-non-atomic-wasm`, `gles`, `gpu-allocator`, `internal_error_panic`, `metal`, `oom_panic`, `renderdoc`, `static-dxc`, `vulkan`, and `windows`
    = note: using a cfg inside a macro will use the cfgs from the destination crate and not the ones from the defining crate
    = help: try referring to `sel_impl` crate for guidance on how handle this unexpected cfg
    = help: the macro `sel_impl` may come from an old version of the `objc` crate, try updating your dependency with `cargo update -p objc`
    = note: see <https://doc.rust-lang.org/nightly/rustc/check-cfg/cargo-specifics.html> for more information about checking conditional configuration
    = note: this warning originates in the macro `sel_impl` which comes from the expansion of the macro `msg_send` (in Nightly builds, run with -Z macro-backtrace for more info)

warning: unexpected `cfg` condition value: `cargo-clippy`
   --> vendor/wgpu-hal/src/metal/layer_observer.rs:164:30
    |
164 |         let _: () = unsafe { msg_send![this, setFrame: bounds] };
    |                              ^^^^^^^^^^^^^^^^^^^^^^^^^^^^^^^^^
    |
    = note: expected values for `feature` are: `device_lost_panic`, `dx12`, `fragile-send-sync-non-atomic-wasm`, `gles`, `gpu-allocator`, `internal_error_panic`, `metal`, `oom_panic`, `renderdoc`, `static-dxc`, `vulkan`, and `windows`
    = note: using a cfg inside a macro will use the cfgs from the destination crate and not the ones from the defining crate
    = help: try referring to `sel_impl` crate for guidance on how handle this unexpected cfg
    = help: the macro `sel_impl` may come from an old version of the `objc` crate, try updating your dependency with `cargo update -p objc`
    = note: see <https://doc.rust-lang.org/nightly/rustc/check-cfg/cargo-specifics.html> for more information about checking conditional configuration
    = note: this warning originates in the macro `sel_impl` which comes from the expansion of the macro `msg_send` (in Nightly builds, run with -Z macro-backtrace for more info)

warning: unexpected `cfg` condition value: `cargo-clippy`
   --> vendor/wgpu-hal/src/metal/layer_observer.rs:180:44
    |
180 |     let root_layer: *mut Object = unsafe { msg_send![this, superlayer] };
    |                                            ^^^^^^^^^^^^^^^^^^^^^^^^^^^
    |
    = note: expected values for `feature` are: `device_lost_panic`, `dx12`, `fragile-send-sync-non-atomic-wasm`, `gles`, `gpu-allocator`, `internal_error_panic`, `metal`, `oom_panic`, `renderdoc`, `static-dxc`, `vulkan`, and `windows`
    = note: using a cfg inside a macro will use the cfgs from the destination crate and not the ones from the defining crate
    = help: try referring to `sel_impl` crate for guidance on how handle this unexpected cfg
    = help: the macro `sel_impl` may come from an old version of the `objc` crate, try updating your dependency with `cargo update -p objc`
    = note: see <https://doc.rust-lang.org/nightly/rustc/check-cfg/cargo-specifics.html> for more information about checking conditional configuration
    = note: this warning originates in the macro `sel_impl` which comes from the expansion of the macro `msg_send` (in Nightly builds, run with -Z macro-backtrace for more info)

warning: unexpected `cfg` condition value: `cargo-clippy`
   --> vendor/wgpu-hal/src/metal/layer_observer.rs:183:22
    |
183 |             unsafe { msg_send![class!(NSString), stringWithUTF8String: CONTENTS_SCALE.as_ptr()] };
    |                      ^^^^^^^^^^^^^^^^^^^^^^^^^^^^^^^^^^^^^^^^^^^^^^^^^^^^^^^^^^^^^^^^^^^^^^^^^^
    |
    = note: expected values for `feature` are: `device_lost_panic`, `dx12`, `fragile-send-sync-non-atomic-wasm`, `gles`, `gpu-allocator`, `internal_error_panic`, `metal`, `oom_panic`, `renderdoc`, `static-dxc`, `vulkan`, and `windows`
    = note: using a cfg inside a macro will use the cfgs from the destination crate and not the ones from the defining crate
    = help: try referring to `sel_impl` crate for guidance on how handle this unexpected cfg
    = help: the macro `sel_impl` may come from an old version of the `objc` crate, try updating your dependency with `cargo update -p objc`
    = note: see <https://doc.rust-lang.org/nightly/rustc/check-cfg/cargo-specifics.html> for more information about checking conditional configuration
    = note: this warning originates in the macro `sel_impl` which comes from the expansion of the macro `msg_send` (in Nightly builds, run with -Z macro-backtrace for more info)

warning: unexpected `cfg` condition value: `cargo-clippy`
   --> vendor/wgpu-hal/src/metal/layer_observer.rs:183:32
    |
183 |             unsafe { msg_send![class!(NSString), stringWithUTF8String: CONTENTS_SCALE.as_ptr()] };
    |                                ^^^^^^^^^^^^^^^^
    |
    = note: expected values for `feature` are: `device_lost_panic`, `dx12`, `fragile-send-sync-non-atomic-wasm`, `gles`, `gpu-allocator`, `internal_error_panic`, `metal`, `oom_panic`, `renderdoc`, `static-dxc`, `vulkan`, and `windows`
    = note: using a cfg inside a macro will use the cfgs from the destination crate and not the ones from the defining crate
    = help: try referring to `class` crate for guidance on how handle this unexpected cfg
    = help: the macro `class` may come from an old version of the `objc` crate, try updating your dependency with `cargo update -p objc`
    = note: see <https://doc.rust-lang.org/nightly/rustc/check-cfg/cargo-specifics.html> for more information about checking conditional configuration
    = note: this warning originates in the macro `class` (in Nightly builds, run with -Z macro-backtrace for more info)

warning: unexpected `cfg` condition value: `cargo-clippy`
   --> vendor/wgpu-hal/src/metal/layer_observer.rs:184:30
    |
184 |         let _: () = unsafe { msg_send![root_layer, removeObserver: this forKeyPath: key_path] };
    |                              ^^^^^^^^^^^^^^^^^^^^^^^^^^^^^^^^^^^^^^^^^^^^^^^^^^^^^^^^^^^^^^^^
    |
    = note: expected values for `feature` are: `device_lost_panic`, `dx12`, `fragile-send-sync-non-atomic-wasm`, `gles`, `gpu-allocator`, `internal_error_panic`, `metal`, `oom_panic`, `renderdoc`, `static-dxc`, `vulkan`, and `windows`
    = note: using a cfg inside a macro will use the cfgs from the destination crate and not the ones from the defining crate
    = help: try referring to `sel_impl` crate for guidance on how handle this unexpected cfg
    = help: the macro `sel_impl` may come from an old version of the `objc` crate, try updating your dependency with `cargo update -p objc`
    = note: see <https://doc.rust-lang.org/nightly/rustc/check-cfg/cargo-specifics.html> for more information about checking conditional configuration
    = note: this warning originates in the macro `sel_impl` which comes from the expansion of the macro `msg_send` (in Nightly builds, run with -Z macro-backtrace for more info)

warning: unexpected `cfg` condition value: `cargo-clippy`
   --> vendor/wgpu-hal/src/metal/layer_observer.rs:187:22
    |
187 |             unsafe { msg_send![class!(NSString), stringWithUTF8String: BOUNDS.as_ptr()] };
    |                      ^^^^^^^^^^^^^^^^^^^^^^^^^^^^^^^^^^^^^^^^^^^^^^^^^^^^^^^^^^^^^^^^^^
    |
    = note: expected values for `feature` are: `device_lost_panic`, `dx12`, `fragile-send-sync-non-atomic-wasm`, `gles`, `gpu-allocator`, `internal_error_panic`, `metal`, `oom_panic`, `renderdoc`, `static-dxc`, `vulkan`, and `windows`
    = note: using a cfg inside a macro will use the cfgs from the destination crate and not the ones from the defining crate
    = help: try referring to `sel_impl` crate for guidance on how handle this unexpected cfg
    = help: the macro `sel_impl` may come from an old version of the `objc` crate, try updating your dependency with `cargo update -p objc`
    = note: see <https://doc.rust-lang.org/nightly/rustc/check-cfg/cargo-specifics.html> for more information about checking conditional configuration
    = note: this warning originates in the macro `sel_impl` which comes from the expansion of the macro `msg_send` (in Nightly builds, run with -Z macro-backtrace for more info)

warning: unexpected `cfg` condition value: `cargo-clippy`
   --> vendor/wgpu-hal/src/metal/layer_observer.rs:187:32
    |
187 |             unsafe { msg_send![class!(NSString), stringWithUTF8String: BOUNDS.as_ptr()] };
    |                                ^^^^^^^^^^^^^^^^
    |
    = note: expected values for `feature` are: `device_lost_panic`, `dx12`, `fragile-send-sync-non-atomic-wasm`, `gles`, `gpu-allocator`, `internal_error_panic`, `metal`, `oom_panic`, `renderdoc`, `static-dxc`, `vulkan`, and `windows`
    = note: using a cfg inside a macro will use the cfgs from the destination crate and not the ones from the defining crate
    = help: try referring to `class` crate for guidance on how handle this unexpected cfg
    = help: the macro `class` may come from an old version of the `objc` crate, try updating your dependency with `cargo update -p objc`
    = note: see <https://doc.rust-lang.org/nightly/rustc/check-cfg/cargo-specifics.html> for more information about checking conditional configuration
    = note: this warning originates in the macro `class` (in Nightly builds, run with -Z macro-backtrace for more info)

warning: unexpected `cfg` condition value: `cargo-clippy`
   --> vendor/wgpu-hal/src/metal/layer_observer.rs:188:30
    |
188 |         let _: () = unsafe { msg_send![root_layer, removeObserver: this forKeyPath: key_path] };
    |                              ^^^^^^^^^^^^^^^^^^^^^^^^^^^^^^^^^^^^^^^^^^^^^^^^^^^^^^^^^^^^^^^^
    |
    = note: expected values for `feature` are: `device_lost_panic`, `dx12`, `fragile-send-sync-non-atomic-wasm`, `gles`, `gpu-allocator`, `internal_error_panic`, `metal`, `oom_panic`, `renderdoc`, `static-dxc`, `vulkan`, and `windows`
    = note: using a cfg inside a macro will use the cfgs from the destination crate and not the ones from the defining crate
    = help: try referring to `sel_impl` crate for guidance on how handle this unexpected cfg
    = help: the macro `sel_impl` may come from an old version of the `objc` crate, try updating your dependency with `cargo update -p objc`
    = note: see <https://doc.rust-lang.org/nightly/rustc/check-cfg/cargo-specifics.html> for more information about checking conditional configuration
    = note: this warning originates in the macro `sel_impl` which comes from the expansion of the macro `msg_send` (in Nightly builds, run with -Z macro-backtrace for more info)

warning: unexpected `cfg` condition value: `cargo-clippy`
   --> vendor/wgpu-hal/src/metal/layer_observer.rs:191:26
    |
191 |     let _: () = unsafe { msg_send![super(this, class!(CAMetalLayer)), dealloc] };
    |                          ^^^^^^^^^^^^^^^^^^^^^^^^^^^^^^^^^^^^^^^^^^^^^^^^^^^^^
    |
    = note: expected values for `feature` are: `device_lost_panic`, `dx12`, `fragile-send-sync-non-atomic-wasm`, `gles`, `gpu-allocator`, `internal_error_panic`, `metal`, `oom_panic`, `renderdoc`, `static-dxc`, `vulkan`, and `windows`
    = note: using a cfg inside a macro will use the cfgs from the destination crate and not the ones from the defining crate
    = help: try referring to `sel_impl` crate for guidance on how handle this unexpected cfg
    = help: the macro `sel_impl` may come from an old version of the `objc` crate, try updating your dependency with `cargo update -p objc`
    = note: see <https://doc.rust-lang.org/nightly/rustc/check-cfg/cargo-specifics.html> for more information about checking conditional configuration
    = note: this warning originates in the macro `sel_impl` which comes from the expansion of the macro `msg_send` (in Nightly builds, run with -Z macro-backtrace for more info)

warning: unexpected `cfg` condition value: `cargo-clippy`
   --> vendor/wgpu-hal/src/metal/layer_observer.rs:191:48
    |
191 |     let _: () = unsafe { msg_send![super(this, class!(CAMetalLayer)), dealloc] };
    |                                                ^^^^^^^^^^^^^^^^^^^^
    |
    = note: expected values for `feature` are: `device_lost_panic`, `dx12`, `fragile-send-sync-non-atomic-wasm`, `gles`, `gpu-allocator`, `internal_error_panic`, `metal`, `oom_panic`, `renderdoc`, `static-dxc`, `vulkan`, and `windows`
    = note: using a cfg inside a macro will use the cfgs from the destination crate and not the ones from the defining crate
    = help: try referring to `class` crate for guidance on how handle this unexpected cfg
    = help: the macro `class` may come from an old version of the `objc` crate, try updating your dependency with `cargo update -p objc`
    = note: see <https://doc.rust-lang.org/nightly/rustc/check-cfg/cargo-specifics.html> for more information about checking conditional configuration
    = note: this warning originates in the macro `class` (in Nightly builds, run with -Z macro-backtrace for more info)

warning: unexpected `cfg` condition value: `cargo-clippy`
  --> vendor/wgpu-hal/src/metal/surface.rs:48:21
   |
48 |         let class = class!(CAMetalLayer);
   |                     ^^^^^^^^^^^^^^^^^^^^
   |
   = note: expected values for `feature` are: `device_lost_panic`, `dx12`, `fragile-send-sync-non-atomic-wasm`, `gles`, `gpu-allocator`, `internal_error_panic`, `metal`, `oom_panic`, `renderdoc`, `static-dxc`, `vulkan`, and `windows`
   = note: using a cfg inside a macro will use the cfgs from the destination crate and not the ones from the defining crate
   = help: try referring to `class` crate for guidance on how handle this unexpected cfg
   = help: the macro `class` may come from an old version of the `objc` crate, try updating your dependency with `cargo update -p objc`
   = note: see <https://doc.rust-lang.org/nightly/rustc/check-cfg/cargo-specifics.html> for more information about checking conditional configuration
   = note: this warning originates in the macro `class` (in Nightly builds, run with -Z macro-backtrace for more info)

warning: unexpected `cfg` condition value: `cargo-clippy`
  --> vendor/wgpu-hal/src/metal/surface.rs:49:33
   |
49 |         let proper_kind: BOOL = msg_send![layer, isKindOfClass: class];
   |                                 ^^^^^^^^^^^^^^^^^^^^^^^^^^^^^^^^^^^^^^
   |
   = note: expected values for `feature` are: `device_lost_panic`, `dx12`, `fragile-send-sync-non-atomic-wasm`, `gles`, `gpu-allocator`, `internal_error_panic`, `metal`, `oom_panic`, `renderdoc`, `static-dxc`, `vulkan`, and `windows`
   = note: using a cfg inside a macro will use the cfgs from the destination crate and not the ones from the defining crate
   = help: try referring to `sel_impl` crate for guidance on how handle this unexpected cfg
   = help: the macro `sel_impl` may come from an old version of the `objc` crate, try updating your dependency with `cargo update -p objc`
   = note: see <https://doc.rust-lang.org/nightly/rustc/check-cfg/cargo-specifics.html> for more information about checking conditional configuration
   = note: this warning originates in the macro `sel_impl` which comes from the expansion of the macro `msg_send` (in Nightly builds, run with -Z macro-backtrace for more info)

warning: unexpected `cfg` condition value: `cargo-clippy`
  --> vendor/wgpu-hal/src/metal/surface.rs:65:36
   |
65 |         let is_main_thread: BOOL = msg_send![class!(NSThread), isMainThread];
   |                                    ^^^^^^^^^^^^^^^^^^^^^^^^^^^^^^^^^^^^^^^^^
   |
   = note: expected values for `feature` are: `device_lost_panic`, `dx12`, `fragile-send-sync-non-atomic-wasm`, `gles`, `gpu-allocator`, `internal_error_panic`, `metal`, `oom_panic`, `renderdoc`, `static-dxc`, `vulkan`, and `windows`
   = note: using a cfg inside a macro will use the cfgs from the destination crate and not the ones from the defining crate
   = help: try referring to `sel_impl` crate for guidance on how handle this unexpected cfg
   = help: the macro `sel_impl` may come from an old version of the `objc` crate, try updating your dependency with `cargo update -p objc`
   = note: see <https://doc.rust-lang.org/nightly/rustc/check-cfg/cargo-specifics.html> for more information about checking conditional configuration
   = note: this warning originates in the macro `sel_impl` which comes from the expansion of the macro `msg_send` (in Nightly builds, run with -Z macro-backtrace for more info)

warning: unexpected `cfg` condition value: `cargo-clippy`
  --> vendor/wgpu-hal/src/metal/surface.rs:65:46
   |
65 |         let is_main_thread: BOOL = msg_send![class!(NSThread), isMainThread];
   |                                              ^^^^^^^^^^^^^^^^
   |
   = note: expected values for `feature` are: `device_lost_panic`, `dx12`, `fragile-send-sync-non-atomic-wasm`, `gles`, `gpu-allocator`, `internal_error_panic`, `metal`, `oom_panic`, `renderdoc`, `static-dxc`, `vulkan`, and `windows`
   = note: using a cfg inside a macro will use the cfgs from the destination crate and not the ones from the defining crate
   = help: try referring to `class` crate for guidance on how handle this unexpected cfg
   = help: the macro `class` may come from an old version of the `objc` crate, try updating your dependency with `cargo update -p objc`
   = note: see <https://doc.rust-lang.org/nightly/rustc/check-cfg/cargo-specifics.html> for more information about checking conditional configuration
   = note: this warning originates in the macro `class` (in Nightly builds, run with -Z macro-backtrace for more info)

warning: unexpected `cfg` condition value: `cargo-clippy`
  --> vendor/wgpu-hal/src/metal/surface.rs:73:18
   |
73 |         let () = msg_send![view.as_ptr(), setWantsLayer: YES];
   |                  ^^^^^^^^^^^^^^^^^^^^^^^^^^^^^^^^^^^^^^^^^^^^
   |
   = note: expected values for `feature` are: `device_lost_panic`, `dx12`, `fragile-send-sync-non-atomic-wasm`, `gles`, `gpu-allocator`, `internal_error_panic`, `metal`, `oom_panic`, `renderdoc`, `static-dxc`, `vulkan`, and `windows`
   = note: using a cfg inside a macro will use the cfgs from the destination crate and not the ones from the defining crate
   = help: try referring to `sel_impl` crate for guidance on how handle this unexpected cfg
   = help: the macro `sel_impl` may come from an old version of the `objc` crate, try updating your dependency with `cargo update -p objc`
   = note: see <https://doc.rust-lang.org/nightly/rustc/check-cfg/cargo-specifics.html> for more information about checking conditional configuration
   = note: this warning originates in the macro `sel_impl` which comes from the expansion of the macro `msg_send` (in Nightly builds, run with -Z macro-backtrace for more info)

warning: unexpected `cfg` condition value: `cargo-clippy`
  --> vendor/wgpu-hal/src/metal/surface.rs:75:39
   |
75 |         let root_layer: *mut Object = msg_send![view.as_ptr(), layer];
   |                                       ^^^^^^^^^^^^^^^^^^^^^^^^^^^^^^^
   |
   = note: expected values for `feature` are: `device_lost_panic`, `dx12`, `fragile-send-sync-non-atomic-wasm`, `gles`, `gpu-allocator`, `internal_error_panic`, `metal`, `oom_panic`, `renderdoc`, `static-dxc`, `vulkan`, and `windows`
   = note: using a cfg inside a macro will use the cfgs from the destination crate and not the ones from the defining crate
   = help: try referring to `sel_impl` crate for guidance on how handle this unexpected cfg
   = help: the macro `sel_impl` may come from an old version of the `objc` crate, try updating your dependency with `cargo update -p objc`
   = note: see <https://doc.rust-lang.org/nightly/rustc/check-cfg/cargo-specifics.html> for more information about checking conditional configuration
   = note: this warning originates in the macro `sel_impl` which comes from the expansion of the macro `msg_send` (in Nightly builds, run with -Z macro-backtrace for more info)

warning: unexpected `cfg` condition value: `cargo-clippy`
  --> vendor/wgpu-hal/src/metal/surface.rs:88:36
   |
88 |         let is_metal_layer: BOOL = msg_send![root_layer, isKindOfClass: class!(CAMetalLayer)];
   |                                    ^^^^^^^^^^^^^^^^^^^^^^^^^^^^^^^^^^^^^^^^^^^^^^^^^^^^^^^^^^
   |
   = note: expected values for `feature` are: `device_lost_panic`, `dx12`, `fragile-send-sync-non-atomic-wasm`, `gles`, `gpu-allocator`, `internal_error_panic`, `metal`, `oom_panic`, `renderdoc`, `static-dxc`, `vulkan`, and `windows`
   = note: using a cfg inside a macro will use the cfgs from the destination crate and not the ones from the defining crate
   = help: try referring to `sel_impl` crate for guidance on how handle this unexpected cfg
   = help: the macro `sel_impl` may come from an old version of the `objc` crate, try updating your dependency with `cargo update -p objc`
   = note: see <https://doc.rust-lang.org/nightly/rustc/check-cfg/cargo-specifics.html> for more information about checking conditional configuration
   = note: this warning originates in the macro `sel_impl` which comes from the expansion of the macro `msg_send` (in Nightly builds, run with -Z macro-backtrace for more info)

warning: unexpected `cfg` condition value: `cargo-clippy`
  --> vendor/wgpu-hal/src/metal/surface.rs:88:73
   |
88 |         let is_metal_layer: BOOL = msg_send![root_layer, isKindOfClass: class!(CAMetalLayer)];
   |                                                                         ^^^^^^^^^^^^^^^^^^^^
   |
   = note: expected values for `feature` are: `device_lost_panic`, `dx12`, `fragile-send-sync-non-atomic-wasm`, `gles`, `gpu-allocator`, `internal_error_panic`, `metal`, `oom_panic`, `renderdoc`, `static-dxc`, `vulkan`, and `windows`
   = note: using a cfg inside a macro will use the cfgs from the destination crate and not the ones from the defining crate
   = help: try referring to `class` crate for guidance on how handle this unexpected cfg
   = help: the macro `class` may come from an old version of the `objc` crate, try updating your dependency with `cargo update -p objc`
   = note: see <https://doc.rust-lang.org/nightly/rustc/check-cfg/cargo-specifics.html> for more information about checking conditional configuration
   = note: this warning originates in the macro `class` (in Nightly builds, run with -Z macro-backtrace for more info)

warning: unexpected `cfg` condition value: `cargo-clippy`
   --> vendor/wgpu-hal/src/metal/surface.rs:115:34
    |
115 |             let bounds: CGRect = msg_send![render_layer, bounds];
    |                                  ^^^^^^^^^^^^^^^^^^^^^^^^^^^^^^^
    |
    = note: expected values for `feature` are: `device_lost_panic`, `dx12`, `fragile-send-sync-non-atomic-wasm`, `gles`, `gpu-allocator`, `internal_error_panic`, `metal`, `oom_panic`, `renderdoc`, `static-dxc`, `vulkan`, and `windows`
    = note: using a cfg inside a macro will use the cfgs from the destination crate and not the ones from the defining crate
    = help: try referring to `sel_impl` crate for guidance on how handle this unexpected cfg
    = help: the macro `sel_impl` may come from an old version of the `objc` crate, try updating your dependency with `cargo update -p objc`
    = note: see <https://doc.rust-lang.org/nightly/rustc/check-cfg/cargo-specifics.html> for more information about checking conditional configuration
    = note: this warning originates in the macro `sel_impl` which comes from the expansion of the macro `msg_send` (in Nightly builds, run with -Z macro-backtrace for more info)

warning: unexpected `cfg` condition value: `cargo-clippy`
   --> vendor/wgpu-hal/src/metal/surface.rs:116:43
    |
116 |             let contents_scale: CGFloat = msg_send![render_layer, contentsScale];
    |                                           ^^^^^^^^^^^^^^^^^^^^^^^^^^^^^^^^^^^^^^
    |
    = note: expected values for `feature` are: `device_lost_panic`, `dx12`, `fragile-send-sync-non-atomic-wasm`, `gles`, `gpu-allocator`, `internal_error_panic`, `metal`, `oom_panic`, `renderdoc`, `static-dxc`, `vulkan`, and `windows`
    = note: using a cfg inside a macro will use the cfgs from the destination crate and not the ones from the defining crate
    = help: try referring to `sel_impl` crate for guidance on how handle this unexpected cfg
    = help: the macro `sel_impl` may come from an old version of the `objc` crate, try updating your dependency with `cargo update -p objc`
    = note: see <https://doc.rust-lang.org/nightly/rustc/check-cfg/cargo-specifics.html> for more information about checking conditional configuration
    = note: this warning originates in the macro `sel_impl` which comes from the expansion of the macro `msg_send` (in Nightly builds, run with -Z macro-backtrace for more info)

warning: unexpected `cfg` condition value: `cargo-clippy`
   --> vendor/wgpu-hal/src/metal/surface.rs:173:22
    |
173 |             let () = msg_send![*render_layer, setAllowsNextDrawableTimeout:false];
    |                      ^^^^^^^^^^^^^^^^^^^^^^^^^^^^^^^^^^^^^^^^^^^^^^^^^^^^^^^^^^^^
    |
    = note: expected values for `feature` are: `device_lost_panic`, `dx12`, `fragile-send-sync-non-atomic-wasm`, `gles`, `gpu-allocator`, `internal_error_panic`, `metal`, `oom_panic`, `renderdoc`, `static-dxc`, `vulkan`, and `windows`
    = note: using a cfg inside a macro will use the cfgs from the destination crate and not the ones from the defining crate
    = help: try referring to `sel_impl` crate for guidance on how handle this unexpected cfg
    = help: the macro `sel_impl` may come from an old version of the `objc` crate, try updating your dependency with `cargo update -p objc`
    = note: see <https://doc.rust-lang.org/nightly/rustc/check-cfg/cargo-specifics.html> for more information about checking conditional configuration
    = note: this warning originates in the macro `sel_impl` which comes from the expansion of the macro `msg_send` (in Nightly builds, run with -Z macro-backtrace for more info)

warning: unexpected `cfg` condition value: `cargo-clippy`
   --> vendor/wgpu-hal/src/metal/surface.rs:176:22
    |
176 |             let () = msg_send![*render_layer, setDisplaySyncEnabled: display_sync];
    |                      ^^^^^^^^^^^^^^^^^^^^^^^^^^^^^^^^^^^^^^^^^^^^^^^^^^^^^^^^^^^^^
    |
    = note: expected values for `feature` are: `device_lost_panic`, `dx12`, `fragile-send-sync-non-atomic-wasm`, `gles`, `gpu-allocator`, `internal_error_panic`, `metal`, `oom_panic`, `renderdoc`, `static-dxc`, `vulkan`, and `windows`
    = note: using a cfg inside a macro will use the cfgs from the destination crate and not the ones from the defining crate
    = help: try referring to `sel_impl` crate for guidance on how handle this unexpected cfg
    = help: the macro `sel_impl` may come from an old version of the `objc` crate, try updating your dependency with `cargo update -p objc`
    = note: see <https://doc.rust-lang.org/nightly/rustc/check-cfg/cargo-specifics.html> for more information about checking conditional configuration
    = note: this warning originates in the macro `sel_impl` which comes from the expansion of the macro `msg_send` (in Nightly builds, run with -Z macro-backtrace for more info)

warning: `wgpu-hal` (lib) generated 50 warnings
   Compiling ferryx v2026.902.2 (/Users/indo/code/project/orca-lite/src-tauri)
warning: unused import: `Manager`
  --> src/ipc/notifications.rs:21:24
   |
21 | use tauri::{AppHandle, Manager, Runtime, State};
   |                        ^^^^^^^
   |
   = note: `#[warn(unused_imports)]` (part of `#[warn(unused)]`) on by default

warning: variable does not need to be mutable
   --> src/native_terminal/renderer/font_manager.rs:155:13
    |
155 |         let mut buffer = vec![0u8; total_pixels];
    |             ----^^^^^^
    |             |
    |             help: remove this `mut`
    |
    = note: `#[warn(unused_mut)]` (part of `#[warn(unused)]`) on by default

warning: field `app` is never read
  --> src/ipc/notifications.rs:28:5
   |
27 | pub struct TauriNotificationBackend<R: Runtime> {
   |            ------------------------ field in this struct
28 |     app: AppHandle<R>,
   |     ^^^
   |
   = note: `#[warn(dead_code)]` (part of `#[warn(unused)]`) on by default

warning: method `wait_and_reap` is never used
   --> src/terminal/session.rs:270:19
    |
 61 | impl PtySession {
    | --------------- method in this implementation
...
270 |     pub(crate) fn wait_and_reap(&self) -> Result<Option<i32>, PtyError> {
    |                   ^^^^^^^^^^^^^

warning: struct `WriterLeaseGuard` is never constructed
  --> src/worktree/manager.rs:57:19
   |
57 | pub(crate) struct WriterLeaseGuard {
   |                   ^^^^^^^^^^^^^^^^

warning: associated items `new`, `canonical_path`, and `owner_id` are never used
  --> src/worktree/manager.rs:64:8
   |
63 | impl WriterLeaseGuard {
   | --------------------- associated items in this implementation
64 |     fn new(registry: WriterLeaseRegistry, canonical_path: PathBuf, owner_id: String) -> Self {
   |        ^^^
...
72 |     pub(crate) fn canonical_path(&self) -> &Path {
   |                   ^^^^^^^^^^^^^^
...
76 |     pub(crate) fn owner_id(&self) -> &str {
   |                   ^^^^^^^^

warning: method `acquire_writer_lease` is never used
   --> src/worktree/manager.rs:309:19
    |
105 | impl WorktreeManager {
    | -------------------- method in this implementation
...
309 |     pub(crate) fn acquire_writer_lease(
    |                   ^^^^^^^^^^^^^^^^^^^^

warning: `ferryx` (lib) generated 7 warnings (run `cargo fix --lib -p ferryx` to apply 2 suggestions)
    Finished `test` profile [unoptimized + debuginfo] target(s) in 27.02s
     Running tests/remote_project_public_contract.rs (src-tauri/target/debug/deps/remote_project_public_contract-426443e46d93eadd)

running 1 test
test public_registration_core_accepts_slug_and_canonical_id_without_tauri ... ok

test result: ok. 1 passed; 0 failed; 0 ignored; 0 measured; 0 filtered out; finished in 0.00s

PUBLIC CONTRACT EXIT: 0
warning: unexpected `cfg` condition value: `cargo-clippy`
   --> vendor/wgpu-hal/src/metal/adapter.rs:540:17
    |
540 |                 msg_send![class!(NSProcessInfo), processInfo];
    |                 ^^^^^^^^^^^^^^^^^^^^^^^^^^^^^^^^^^^^^^^^^^^^^
    |
    = note: expected values for `feature` are: `device_lost_panic`, `dx12`, `fragile-send-sync-non-atomic-wasm`, `gles`, `gpu-allocator`, `internal_error_panic`, `metal`, `oom_panic`, `renderdoc`, `static-dxc`, `vulkan`, and `windows`
    = note: using a cfg inside a macro will use the cfgs from the destination crate and not the ones from the defining crate
    = help: try referring to `sel_impl` crate for guidance on how handle this unexpected cfg
    = help: the macro `sel_impl` may come from an old version of the `objc` crate, try updating your dependency with `cargo update -p objc`
    = note: see <https://doc.rust-lang.org/nightly/rustc/check-cfg/cargo-specifics.html> for more information about checking conditional configuration
    = note: requested on the command line with `-W unexpected-cfgs`
    = note: this warning originates in the macro `sel_impl` which comes from the expansion of the macro `msg_send` (in Nightly builds, run with -Z macro-backtrace for more info)

warning: unexpected `cfg` condition value: `cargo-clippy`
   --> vendor/wgpu-hal/src/metal/adapter.rs:540:27
    |
540 |                 msg_send![class!(NSProcessInfo), processInfo];
    |                           ^^^^^^^^^^^^^^^^^^^^^
    |
    = note: expected values for `feature` are: `device_lost_panic`, `dx12`, `fragile-send-sync-non-atomic-wasm`, `gles`, `gpu-allocator`, `internal_error_panic`, `metal`, `oom_panic`, `renderdoc`, `static-dxc`, `vulkan`, and `windows`
    = note: using a cfg inside a macro will use the cfgs from the destination crate and not the ones from the defining crate
    = help: try referring to `class` crate for guidance on how handle this unexpected cfg
    = help: the macro `class` may come from an old version of the `objc` crate, try updating your dependency with `cargo update -p objc`
    = note: see <https://doc.rust-lang.org/nightly/rustc/check-cfg/cargo-specifics.html> for more information about checking conditional configuration
    = note: this warning originates in the macro `class` (in Nightly builds, run with -Z macro-backtrace for more info)

warning: unexpected `cfg` condition value: `cargo-clippy`
   --> vendor/wgpu-hal/src/metal/adapter.rs:541:13
    |
541 |             msg_send![process_info, operatingSystemVersion]
    |             ^^^^^^^^^^^^^^^^^^^^^^^^^^^^^^^^^^^^^^^^^^^^^^^
    |
    = note: expected values for `feature` are: `device_lost_panic`, `dx12`, `fragile-send-sync-non-atomic-wasm`, `gles`, `gpu-allocator`, `internal_error_panic`, `metal`, `oom_panic`, `renderdoc`, `static-dxc`, `vulkan`, and `windows`
    = note: using a cfg inside a macro will use the cfgs from the destination crate and not the ones from the defining crate
    = help: try referring to `sel_impl` crate for guidance on how handle this unexpected cfg
    = help: the macro `sel_impl` may come from an old version of the `objc` crate, try updating your dependency with `cargo update -p objc`
    = note: see <https://doc.rust-lang.org/nightly/rustc/check-cfg/cargo-specifics.html> for more information about checking conditional configuration
    = note: this warning originates in the macro `sel_impl` which comes from the expansion of the macro `msg_send` (in Nightly builds, run with -Z macro-backtrace for more info)

warning: unexpected `cfg` condition value: `cargo-clippy`
   --> vendor/wgpu-hal/src/metal/adapter.rs:732:30
    |
732 |                     unsafe { msg_send![device.as_ref(), maxBufferLength] };
    |                              ^^^^^^^^^^^^^^^^^^^^^^^^^^^^^^^^^^^^^^^^^^^
    |
    = note: expected values for `feature` are: `device_lost_panic`, `dx12`, `fragile-send-sync-non-atomic-wasm`, `gles`, `gpu-allocator`, `internal_error_panic`, `metal`, `oom_panic`, `renderdoc`, `static-dxc`, `vulkan`, and `windows`
    = note: using a cfg inside a macro will use the cfgs from the destination crate and not the ones from the defining crate
    = help: try referring to `sel_impl` crate for guidance on how handle this unexpected cfg
    = help: the macro `sel_impl` may come from an old version of the `objc` crate, try updating your dependency with `cargo update -p objc`
    = note: see <https://doc.rust-lang.org/nightly/rustc/check-cfg/cargo-specifics.html> for more information about checking conditional configuration
    = note: this warning originates in the macro `sel_impl` which comes from the expansion of the macro `msg_send` (in Nightly builds, run with -Z macro-backtrace for more info)

warning: unexpected `cfg` condition value: `cargo-clippy`
  --> vendor/wgpu-hal/src/metal/layer_observer.rs:33:38
   |
33 |     let this: *mut Object = unsafe { msg_send![class(), new] };
   |                                      ^^^^^^^^^^^^^^^^^^^^^^^
   |
   = note: expected values for `feature` are: `device_lost_panic`, `dx12`, `fragile-send-sync-non-atomic-wasm`, `gles`, `gpu-allocator`, `internal_error_panic`, `metal`, `oom_panic`, `renderdoc`, `static-dxc`, `vulkan`, and `windows`
   = note: using a cfg inside a macro will use the cfgs from the destination crate and not the ones from the defining crate
   = help: try referring to `sel_impl` crate for guidance on how handle this unexpected cfg
   = help: the macro `sel_impl` may come from an old version of the `objc` crate, try updating your dependency with `cargo update -p objc`
   = note: see <https://doc.rust-lang.org/nightly/rustc/check-cfg/cargo-specifics.html> for more information about checking conditional configuration
   = note: this warning originates in the macro `sel_impl` which comes from the expansion of the macro `msg_send` (in Nightly builds, run with -Z macro-backtrace for more info)

warning: unexpected `cfg` condition value: `cargo-clippy`
  --> vendor/wgpu-hal/src/metal/layer_observer.rs:36:26
   |
36 |     let _: () = unsafe { msg_send![root_layer, addSublayer: this] };
   |                          ^^^^^^^^^^^^^^^^^^^^^^^^^^^^^^^^^^^^^^^^
   |
   = note: expected values for `feature` are: `device_lost_panic`, `dx12`, `fragile-send-sync-non-atomic-wasm`, `gles`, `gpu-allocator`, `internal_error_panic`, `metal`, `oom_panic`, `renderdoc`, `static-dxc`, `vulkan`, and `windows`
   = note: using a cfg inside a macro will use the cfgs from the destination crate and not the ones from the defining crate
   = help: try referring to `sel_impl` crate for guidance on how handle this unexpected cfg
   = help: the macro `sel_impl` may come from an old version of the `objc` crate, try updating your dependency with `cargo update -p objc`
   = note: see <https://doc.rust-lang.org/nightly/rustc/check-cfg/cargo-specifics.html> for more information about checking conditional configuration
   = note: this warning originates in the macro `sel_impl` which comes from the expansion of the macro `msg_send` (in Nightly builds, run with -Z macro-backtrace for more info)

warning: unexpected `cfg` condition value: `cargo-clippy`
  --> vendor/wgpu-hal/src/metal/layer_observer.rs:40:18
   |
40 |         unsafe { msg_send![class!(NSString), stringWithUTF8String: CONTENTS_SCALE.as_ptr()] };
   |                  ^^^^^^^^^^^^^^^^^^^^^^^^^^^^^^^^^^^^^^^^^^^^^^^^^^^^^^^^^^^^^^^^^^^^^^^^^^
   |
   = note: expected values for `feature` are: `device_lost_panic`, `dx12`, `fragile-send-sync-non-atomic-wasm`, `gles`, `gpu-allocator`, `internal_error_panic`, `metal`, `oom_panic`, `renderdoc`, `static-dxc`, `vulkan`, and `windows`
   = note: using a cfg inside a macro will use the cfgs from the destination crate and not the ones from the defining crate
   = help: try referring to `sel_impl` crate for guidance on how handle this unexpected cfg
   = help: the macro `sel_impl` may come from an old version of the `objc` crate, try updating your dependency with `cargo update -p objc`
   = note: see <https://doc.rust-lang.org/nightly/rustc/check-cfg/cargo-specifics.html> for more information about checking conditional configuration
   = note: this warning originates in the macro `sel_impl` which comes from the expansion of the macro `msg_send` (in Nightly builds, run with -Z macro-backtrace for more info)

warning: unexpected `cfg` condition value: `cargo-clippy`
  --> vendor/wgpu-hal/src/metal/layer_observer.rs:40:28
   |
40 |         unsafe { msg_send![class!(NSString), stringWithUTF8String: CONTENTS_SCALE.as_ptr()] };
   |                            ^^^^^^^^^^^^^^^^
   |
   = note: expected values for `feature` are: `device_lost_panic`, `dx12`, `fragile-send-sync-non-atomic-wasm`, `gles`, `gpu-allocator`, `internal_error_panic`, `metal`, `oom_panic`, `renderdoc`, `static-dxc`, `vulkan`, and `windows`
   = note: using a cfg inside a macro will use the cfgs from the destination crate and not the ones from the defining crate
   = help: try referring to `class` crate for guidance on how handle this unexpected cfg
   = help: the macro `class` may come from an old version of the `objc` crate, try updating your dependency with `cargo update -p objc`
   = note: see <https://doc.rust-lang.org/nightly/rustc/check-cfg/cargo-specifics.html> for more information about checking conditional configuration
   = note: this warning originates in the macro `class` (in Nightly builds, run with -Z macro-backtrace for more info)

warning: unexpected `cfg` condition value: `cargo-clippy`
  --> vendor/wgpu-hal/src/metal/layer_observer.rs:42:9
   |
42 | /         msg_send![
43 | |             root_layer,
44 | |             addObserver: this
45 | |             forKeyPath: key_path
46 | |             options: NSKeyValueObservingOptionNew | NSKeyValueObservingOptionInitial
47 | |             context: context_ptr()
48 | |         ]
   | |_________^
   |
   = note: expected values for `feature` are: `device_lost_panic`, `dx12`, `fragile-send-sync-non-atomic-wasm`, `gles`, `gpu-allocator`, `internal_error_panic`, `metal`, `oom_panic`, `renderdoc`, `static-dxc`, `vulkan`, and `windows`
   = note: using a cfg inside a macro will use the cfgs from the destination crate and not the ones from the defining crate
   = help: try referring to `sel_impl` crate for guidance on how handle this unexpected cfg
   = help: the macro `sel_impl` may come from an old version of the `objc` crate, try updating your dependency with `cargo update -p objc`
   = note: see <https://doc.rust-lang.org/nightly/rustc/check-cfg/cargo-specifics.html> for more information about checking conditional configuration
   = note: this warning originates in the macro `sel_impl` which comes from the expansion of the macro `msg_send` (in Nightly builds, run with -Z macro-backtrace for more info)

warning: unexpected `cfg` condition value: `cargo-clippy`
  --> vendor/wgpu-hal/src/metal/layer_observer.rs:52:18
   |
52 |         unsafe { msg_send![class!(NSString), stringWithUTF8String: BOUNDS.as_ptr()] };
   |                  ^^^^^^^^^^^^^^^^^^^^^^^^^^^^^^^^^^^^^^^^^^^^^^^^^^^^^^^^^^^^^^^^^^
   |
   = note: expected values for `feature` are: `device_lost_panic`, `dx12`, `fragile-send-sync-non-atomic-wasm`, `gles`, `gpu-allocator`, `internal_error_panic`, `metal`, `oom_panic`, `renderdoc`, `static-dxc`, `vulkan`, and `windows`
   = note: using a cfg inside a macro will use the cfgs from the destination crate and not the ones from the defining crate
   = help: try referring to `sel_impl` crate for guidance on how handle this unexpected cfg
   = help: the macro `sel_impl` may come from an old version of the `objc` crate, try updating your dependency with `cargo update -p objc`
   = note: see <https://doc.rust-lang.org/nightly/rustc/check-cfg/cargo-specifics.html> for more information about checking conditional configuration
   = note: this warning originates in the macro `sel_impl` which comes from the expansion of the macro `msg_send` (in Nightly builds, run with -Z macro-backtrace for more info)

warning: unexpected `cfg` condition value: `cargo-clippy`
  --> vendor/wgpu-hal/src/metal/layer_observer.rs:52:28
   |
52 |         unsafe { msg_send![class!(NSString), stringWithUTF8String: BOUNDS.as_ptr()] };
   |                            ^^^^^^^^^^^^^^^^
   |
   = note: expected values for `feature` are: `device_lost_panic`, `dx12`, `fragile-send-sync-non-atomic-wasm`, `gles`, `gpu-allocator`, `internal_error_panic`, `metal`, `oom_panic`, `renderdoc`, `static-dxc`, `vulkan`, and `windows`
   = note: using a cfg inside a macro will use the cfgs from the destination crate and not the ones from the defining crate
   = help: try referring to `class` crate for guidance on how handle this unexpected cfg
   = help: the macro `class` may come from an old version of the `objc` crate, try updating your dependency with `cargo update -p objc`
   = note: see <https://doc.rust-lang.org/nightly/rustc/check-cfg/cargo-specifics.html> for more information about checking conditional configuration
   = note: this warning originates in the macro `class` (in Nightly builds, run with -Z macro-backtrace for more info)

warning: unexpected `cfg` condition value: `cargo-clippy`
  --> vendor/wgpu-hal/src/metal/layer_observer.rs:54:9
   |
54 | /         msg_send![
55 | |             root_layer,
56 | |             addObserver: this
57 | |             forKeyPath: key_path
58 | |             options: NSKeyValueObservingOptionNew | NSKeyValueObservingOptionInitial
59 | |             context: context_ptr()
60 | |         ]
   | |_________^
   |
   = note: expected values for `feature` are: `device_lost_panic`, `dx12`, `fragile-send-sync-non-atomic-wasm`, `gles`, `gpu-allocator`, `internal_error_panic`, `metal`, `oom_panic`, `renderdoc`, `static-dxc`, `vulkan`, and `windows`
   = note: using a cfg inside a macro will use the cfgs from the destination crate and not the ones from the defining crate
   = help: try referring to `sel_impl` crate for guidance on how handle this unexpected cfg
   = help: the macro `sel_impl` may come from an old version of the `objc` crate, try updating your dependency with `cargo update -p objc`
   = note: see <https://doc.rust-lang.org/nightly/rustc/check-cfg/cargo-specifics.html> for more information about checking conditional configuration
   = note: this warning originates in the macro `sel_impl` which comes from the expansion of the macro `msg_send` (in Nightly builds, run with -Z macro-backtrace for more info)

warning: unexpected `cfg` condition value: `cargo-clippy`
  --> vendor/wgpu-hal/src/metal/layer_observer.rs:77:26
   |
77 |         let superclass = class!(CAMetalLayer);
   |                          ^^^^^^^^^^^^^^^^^^^^
   |
   = note: expected values for `feature` are: `device_lost_panic`, `dx12`, `fragile-send-sync-non-atomic-wasm`, `gles`, `gpu-allocator`, `internal_error_panic`, `metal`, `oom_panic`, `renderdoc`, `static-dxc`, `vulkan`, and `windows`
   = note: using a cfg inside a macro will use the cfgs from the destination crate and not the ones from the defining crate
   = help: try referring to `class` crate for guidance on how handle this unexpected cfg
   = help: the macro `class` may come from an old version of the `objc` crate, try updating your dependency with `cargo update -p objc`
   = note: see <https://doc.rust-lang.org/nightly/rustc/check-cfg/cargo-specifics.html> for more information about checking conditional configuration
   = note: this warning originates in the macro `class` (in Nightly builds, run with -Z macro-backtrace for more info)

warning: unexpected `cfg` condition value: `cargo-clippy`
  --> vendor/wgpu-hal/src/metal/layer_observer.rs:82:19
   |
82 |         let sel = sel!(observeValueForKeyPath:ofObject:change:context:);
   |                   ^^^^^^^^^^^^^^^^^^^^^^^^^^^^^^^^^^^^^^^^^^^^^^^^^^^^^
   |
   = note: expected values for `feature` are: `device_lost_panic`, `dx12`, `fragile-send-sync-non-atomic-wasm`, `gles`, `gpu-allocator`, `internal_error_panic`, `metal`, `oom_panic`, `renderdoc`, `static-dxc`, `vulkan`, and `windows`
   = note: using a cfg inside a macro will use the cfgs from the destination crate and not the ones from the defining crate
   = help: try referring to `sel_impl` crate for guidance on how handle this unexpected cfg
   = help: the macro `sel_impl` may come from an old version of the `objc` crate, try updating your dependency with `cargo update -p objc`
   = note: see <https://doc.rust-lang.org/nightly/rustc/check-cfg/cargo-specifics.html> for more information about checking conditional configuration
   = note: this warning originates in the macro `sel_impl` which comes from the expansion of the macro `sel` (in Nightly builds, run with -Z macro-backtrace for more info)

warning: unexpected `cfg` condition value: `cargo-clippy`
  --> vendor/wgpu-hal/src/metal/layer_observer.rs:93:19
   |
93 |         let sel = sel!(dealloc);
   |                   ^^^^^^^^^^^^^
   |
   = note: expected values for `feature` are: `device_lost_panic`, `dx12`, `fragile-send-sync-non-atomic-wasm`, `gles`, `gpu-allocator`, `internal_error_panic`, `metal`, `oom_panic`, `renderdoc`, `static-dxc`, `vulkan`, and `windows`
   = note: using a cfg inside a macro will use the cfgs from the destination crate and not the ones from the defining crate
   = help: try referring to `sel_impl` crate for guidance on how handle this unexpected cfg
   = help: the macro `sel_impl` may come from an old version of the `objc` crate, try updating your dependency with `cargo update -p objc`
   = note: see <https://doc.rust-lang.org/nightly/rustc/check-cfg/cargo-specifics.html> for more information about checking conditional configuration
   = note: this warning originates in the macro `sel_impl` which comes from the expansion of the macro `sel` (in Nightly builds, run with -Z macro-backtrace for more info)

warning: unexpected `cfg` condition value: `cargo-clippy`
   --> vendor/wgpu-hal/src/metal/layer_observer.rs:121:13
    |
121 | /             msg_send![
122 | |                 super(this, class!(CAMetalLayer)),
123 | |                 observeValueForKeyPath: key_path
124 | |                 ofObject: object
125 | |                 change: change
126 | |                 context: context
127 | |             ]
    | |_____________^
    |
    = note: expected values for `feature` are: `device_lost_panic`, `dx12`, `fragile-send-sync-non-atomic-wasm`, `gles`, `gpu-allocator`, `internal_error_panic`, `metal`, `oom_panic`, `renderdoc`, `static-dxc`, `vulkan`, and `windows`
    = note: using a cfg inside a macro will use the cfgs from the destination crate and not the ones from the defining crate
    = help: try referring to `sel_impl` crate for guidance on how handle this unexpected cfg
    = help: the macro `sel_impl` may come from an old version of the `objc` crate, try updating your dependency with `cargo update -p objc`
    = note: see <https://doc.rust-lang.org/nightly/rustc/check-cfg/cargo-specifics.html> for more information about checking conditional configuration
    = note: this warning originates in the macro `sel_impl` which comes from the expansion of the macro `msg_send` (in Nightly builds, run with -Z macro-backtrace for more info)

warning: unexpected `cfg` condition value: `cargo-clippy`
   --> vendor/wgpu-hal/src/metal/layer_observer.rs:122:29
    |
122 |                 super(this, class!(CAMetalLayer)),
    |                             ^^^^^^^^^^^^^^^^^^^^
    |
    = note: expected values for `feature` are: `device_lost_panic`, `dx12`, `fragile-send-sync-non-atomic-wasm`, `gles`, `gpu-allocator`, `internal_error_panic`, `metal`, `oom_panic`, `renderdoc`, `static-dxc`, `vulkan`, and `windows`
    = note: using a cfg inside a macro will use the cfgs from the destination crate and not the ones from the defining crate
    = help: try referring to `class` crate for guidance on how handle this unexpected cfg
    = help: the macro `class` may come from an old version of the `objc` crate, try updating your dependency with `cargo update -p objc`
    = note: see <https://doc.rust-lang.org/nightly/rustc/check-cfg/cargo-specifics.html> for more information about checking conditional configuration
    = note: this warning originates in the macro `class` (in Nightly builds, run with -Z macro-backtrace for more info)

warning: unexpected `cfg` condition value: `cargo-clippy`
   --> vendor/wgpu-hal/src/metal/layer_observer.rs:134:37
    |
134 |     let new: *mut Object = unsafe { msg_send![change, objectForKey: key] };
    |                                     ^^^^^^^^^^^^^^^^^^^^^^^^^^^^^^^^^^^^
    |
    = note: expected values for `feature` are: `device_lost_panic`, `dx12`, `fragile-send-sync-non-atomic-wasm`, `gles`, `gpu-allocator`, `internal_error_panic`, `metal`, `oom_panic`, `renderdoc`, `static-dxc`, `vulkan`, and `windows`
    = note: using a cfg inside a macro will use the cfgs from the destination crate and not the ones from the defining crate
    = help: try referring to `sel_impl` crate for guidance on how handle this unexpected cfg
    = help: the macro `sel_impl` may come from an old version of the `objc` crate, try updating your dependency with `cargo update -p objc`
    = note: see <https://doc.rust-lang.org/nightly/rustc/check-cfg/cargo-specifics.html> for more information about checking conditional configuration
    = note: this warning originates in the macro `sel_impl` which comes from the expansion of the macro `msg_send` (in Nightly builds, run with -Z macro-backtrace for more info)

warning: unexpected `cfg` condition value: `cargo-clippy`
   --> vendor/wgpu-hal/src/metal/layer_observer.rs:138:18
    |
138 |         unsafe { msg_send![class!(NSString), stringWithUTF8String: CONTENTS_SCALE.as_ptr()] };
    |                  ^^^^^^^^^^^^^^^^^^^^^^^^^^^^^^^^^^^^^^^^^^^^^^^^^^^^^^^^^^^^^^^^^^^^^^^^^^
    |
    = note: expected values for `feature` are: `device_lost_panic`, `dx12`, `fragile-send-sync-non-atomic-wasm`, `gles`, `gpu-allocator`, `internal_error_panic`, `metal`, `oom_panic`, `renderdoc`, `static-dxc`, `vulkan`, and `windows`
    = note: using a cfg inside a macro will use the cfgs from the destination crate and not the ones from the defining crate
    = help: try referring to `sel_impl` crate for guidance on how handle this unexpected cfg
    = help: the macro `sel_impl` may come from an old version of the `objc` crate, try updating your dependency with `cargo update -p objc`
    = note: see <https://doc.rust-lang.org/nightly/rustc/check-cfg/cargo-specifics.html> for more information about checking conditional configuration
    = note: this warning originates in the macro `sel_impl` which comes from the expansion of the macro `msg_send` (in Nightly builds, run with -Z macro-backtrace for more info)

warning: unexpected `cfg` condition value: `cargo-clippy`
   --> vendor/wgpu-hal/src/metal/layer_observer.rs:138:28
    |
138 |         unsafe { msg_send![class!(NSString), stringWithUTF8String: CONTENTS_SCALE.as_ptr()] };
    |                            ^^^^^^^^^^^^^^^^
    |
    = note: expected values for `feature` are: `device_lost_panic`, `dx12`, `fragile-send-sync-non-atomic-wasm`, `gles`, `gpu-allocator`, `internal_error_panic`, `metal`, `oom_panic`, `renderdoc`, `static-dxc`, `vulkan`, and `windows`
    = note: using a cfg inside a macro will use the cfgs from the destination crate and not the ones from the defining crate
    = help: try referring to `class` crate for guidance on how handle this unexpected cfg
    = help: the macro `class` may come from an old version of the `objc` crate, try updating your dependency with `cargo update -p objc`
    = note: see <https://doc.rust-lang.org/nightly/rustc/check-cfg/cargo-specifics.html> for more information about checking conditional configuration
    = note: this warning originates in the macro `class` (in Nightly builds, run with -Z macro-backtrace for more info)

warning: unexpected `cfg` condition value: `cargo-clippy`
   --> vendor/wgpu-hal/src/metal/layer_observer.rs:139:35
    |
139 |     let is_equal: BOOL = unsafe { msg_send![key_path, isEqual: to_compare] };
    |                                   ^^^^^^^^^^^^^^^^^^^^^^^^^^^^^^^^^^^^^^^^
    |
    = note: expected values for `feature` are: `device_lost_panic`, `dx12`, `fragile-send-sync-non-atomic-wasm`, `gles`, `gpu-allocator`, `internal_error_panic`, `metal`, `oom_panic`, `renderdoc`, `static-dxc`, `vulkan`, and `windows`
    = note: using a cfg inside a macro will use the cfgs from the destination crate and not the ones from the defining crate
    = help: try referring to `sel_impl` crate for guidance on how handle this unexpected cfg
    = help: the macro `sel_impl` may come from an old version of the `objc` crate, try updating your dependency with `cargo update -p objc`
    = note: see <https://doc.rust-lang.org/nightly/rustc/check-cfg/cargo-specifics.html> for more information about checking conditional configuration
    = note: this warning originates in the macro `sel_impl` which comes from the expansion of the macro `msg_send` (in Nightly builds, run with -Z macro-backtrace for more info)

warning: unexpected `cfg` condition value: `cargo-clippy`
   --> vendor/wgpu-hal/src/metal/layer_observer.rs:143:22
    |
143 |             unsafe { msg_send![new, doubleValue] }
    |                      ^^^^^^^^^^^^^^^^^^^^^^^^^^^
    |
    = note: expected values for `feature` are: `device_lost_panic`, `dx12`, `fragile-send-sync-non-atomic-wasm`, `gles`, `gpu-allocator`, `internal_error_panic`, `metal`, `oom_panic`, `renderdoc`, `static-dxc`, `vulkan`, and `windows`
    = note: using a cfg inside a macro will use the cfgs from the destination crate and not the ones from the defining crate
    = help: try referring to `sel_impl` crate for guidance on how handle this unexpected cfg
    = help: the macro `sel_impl` may come from an old version of the `objc` crate, try updating your dependency with `cargo update -p objc`
    = note: see <https://doc.rust-lang.org/nightly/rustc/check-cfg/cargo-specifics.html> for more information about checking conditional configuration
    = note: this warning originates in the macro `sel_impl` which comes from the expansion of the macro `msg_send` (in Nightly builds, run with -Z macro-backtrace for more info)

warning: unexpected `cfg` condition value: `cargo-clippy`
   --> vendor/wgpu-hal/src/metal/layer_observer.rs:145:22
    |
145 |             unsafe { msg_send![new, floatValue] }
    |                      ^^^^^^^^^^^^^^^^^^^^^^^^^^
    |
    = note: expected values for `feature` are: `device_lost_panic`, `dx12`, `fragile-send-sync-non-atomic-wasm`, `gles`, `gpu-allocator`, `internal_error_panic`, `metal`, `oom_panic`, `renderdoc`, `static-dxc`, `vulkan`, and `windows`
    = note: using a cfg inside a macro will use the cfgs from the destination crate and not the ones from the defining crate
    = help: try referring to `sel_impl` crate for guidance on how handle this unexpected cfg
    = help: the macro `sel_impl` may come from an old version of the `objc` crate, try updating your dependency with `cargo update -p objc`
    = note: see <https://doc.rust-lang.org/nightly/rustc/check-cfg/cargo-specifics.html> for more information about checking conditional configuration
    = note: this warning originates in the macro `sel_impl` which comes from the expansion of the macro `msg_send` (in Nightly builds, run with -Z macro-backtrace for more info)

warning: unexpected `cfg` condition value: `cargo-clippy`
   --> vendor/wgpu-hal/src/metal/layer_observer.rs:149:30
    |
149 |         let _: () = unsafe { msg_send![this, setContentsScale: scale_factor] };
    |                              ^^^^^^^^^^^^^^^^^^^^^^^^^^^^^^^^^^^^^^^^^^^^^^^
    |
    = note: expected values for `feature` are: `device_lost_panic`, `dx12`, `fragile-send-sync-non-atomic-wasm`, `gles`, `gpu-allocator`, `internal_error_panic`, `metal`, `oom_panic`, `renderdoc`, `static-dxc`, `vulkan`, and `windows`
    = note: using a cfg inside a macro will use the cfgs from the destination crate and not the ones from the defining crate
    = help: try referring to `sel_impl` crate for guidance on how handle this unexpected cfg
    = help: the macro `sel_impl` may come from an old version of the `objc` crate, try updating your dependency with `cargo update -p objc`
    = note: see <https://doc.rust-lang.org/nightly/rustc/check-cfg/cargo-specifics.html> for more information about checking conditional configuration
    = note: this warning originates in the macro `sel_impl` which comes from the expansion of the macro `msg_send` (in Nightly builds, run with -Z macro-backtrace for more info)

warning: unexpected `cfg` condition value: `cargo-clippy`
   --> vendor/wgpu-hal/src/metal/layer_observer.rs:154:18
    |
154 |         unsafe { msg_send![class!(NSString), stringWithUTF8String: BOUNDS.as_ptr()] };
    |                  ^^^^^^^^^^^^^^^^^^^^^^^^^^^^^^^^^^^^^^^^^^^^^^^^^^^^^^^^^^^^^^^^^^
    |
    = note: expected values for `feature` are: `device_lost_panic`, `dx12`, `fragile-send-sync-non-atomic-wasm`, `gles`, `gpu-allocator`, `internal_error_panic`, `metal`, `oom_panic`, `renderdoc`, `static-dxc`, `vulkan`, and `windows`
    = note: using a cfg inside a macro will use the cfgs from the destination crate and not the ones from the defining crate
    = help: try referring to `sel_impl` crate for guidance on how handle this unexpected cfg
    = help: the macro `sel_impl` may come from an old version of the `objc` crate, try updating your dependency with `cargo update -p objc`
    = note: see <https://doc.rust-lang.org/nightly/rustc/check-cfg/cargo-specifics.html> for more information about checking conditional configuration
    = note: this warning originates in the macro `sel_impl` which comes from the expansion of the macro `msg_send` (in Nightly builds, run with -Z macro-backtrace for more info)

warning: unexpected `cfg` condition value: `cargo-clippy`
   --> vendor/wgpu-hal/src/metal/layer_observer.rs:154:28
    |
154 |         unsafe { msg_send![class!(NSString), stringWithUTF8String: BOUNDS.as_ptr()] };
    |                            ^^^^^^^^^^^^^^^^
    |
    = note: expected values for `feature` are: `device_lost_panic`, `dx12`, `fragile-send-sync-non-atomic-wasm`, `gles`, `gpu-allocator`, `internal_error_panic`, `metal`, `oom_panic`, `renderdoc`, `static-dxc`, `vulkan`, and `windows`
    = note: using a cfg inside a macro will use the cfgs from the destination crate and not the ones from the defining crate
    = help: try referring to `class` crate for guidance on how handle this unexpected cfg
    = help: the macro `class` may come from an old version of the `objc` crate, try updating your dependency with `cargo update -p objc`
    = note: see <https://doc.rust-lang.org/nightly/rustc/check-cfg/cargo-specifics.html> for more information about checking conditional configuration
    = note: this warning originates in the macro `class` (in Nightly builds, run with -Z macro-backtrace for more info)

warning: unexpected `cfg` condition value: `cargo-clippy`
   --> vendor/wgpu-hal/src/metal/layer_observer.rs:155:35
    |
155 |     let is_equal: BOOL = unsafe { msg_send![key_path, isEqual: to_compare] };
    |                                   ^^^^^^^^^^^^^^^^^^^^^^^^^^^^^^^^^^^^^^^^
    |
    = note: expected values for `feature` are: `device_lost_panic`, `dx12`, `fragile-send-sync-non-atomic-wasm`, `gles`, `gpu-allocator`, `internal_error_panic`, `metal`, `oom_panic`, `renderdoc`, `static-dxc`, `vulkan`, and `windows`
    = note: using a cfg inside a macro will use the cfgs from the destination crate and not the ones from the defining crate
    = help: try referring to `sel_impl` crate for guidance on how handle this unexpected cfg
    = help: the macro `sel_impl` may come from an old version of the `objc` crate, try updating your dependency with `cargo update -p objc`
    = note: see <https://doc.rust-lang.org/nightly/rustc/check-cfg/cargo-specifics.html> for more information about checking conditional configuration
    = note: this warning originates in the macro `sel_impl` which comes from the expansion of the macro `msg_send` (in Nightly builds, run with -Z macro-backtrace for more info)

warning: unexpected `cfg` condition value: `cargo-clippy`
   --> vendor/wgpu-hal/src/metal/layer_observer.rs:158:39
    |
158 |         let bounds: CGRect = unsafe { msg_send![new, rectValue] };
    |                                       ^^^^^^^^^^^^^^^^^^^^^^^^^
    |
    = note: expected values for `feature` are: `device_lost_panic`, `dx12`, `fragile-send-sync-non-atomic-wasm`, `gles`, `gpu-allocator`, `internal_error_panic`, `metal`, `oom_panic`, `renderdoc`, `static-dxc`, `vulkan`, and `windows`
    = note: using a cfg inside a macro will use the cfgs from the destination crate and not the ones from the defining crate
    = help: try referring to `sel_impl` crate for guidance on how handle this unexpected cfg
    = help: the macro `sel_impl` may come from an old version of the `objc` crate, try updating your dependency with `cargo update -p objc`
    = note: see <https://doc.rust-lang.org/nightly/rustc/check-cfg/cargo-specifics.html> for more information about checking conditional configuration
    = note: this warning originates in the macro `sel_impl` which comes from the expansion of the macro `msg_send` (in Nightly builds, run with -Z macro-backtrace for more info)

warning: unexpected `cfg` condition value: `cargo-clippy`
   --> vendor/wgpu-hal/src/metal/layer_observer.rs:164:30
    |
164 |         let _: () = unsafe { msg_send![this, setFrame: bounds] };
    |                              ^^^^^^^^^^^^^^^^^^^^^^^^^^^^^^^^^
    |
    = note: expected values for `feature` are: `device_lost_panic`, `dx12`, `fragile-send-sync-non-atomic-wasm`, `gles`, `gpu-allocator`, `internal_error_panic`, `metal`, `oom_panic`, `renderdoc`, `static-dxc`, `vulkan`, and `windows`
    = note: using a cfg inside a macro will use the cfgs from the destination crate and not the ones from the defining crate
    = help: try referring to `sel_impl` crate for guidance on how handle this unexpected cfg
    = help: the macro `sel_impl` may come from an old version of the `objc` crate, try updating your dependency with `cargo update -p objc`
    = note: see <https://doc.rust-lang.org/nightly/rustc/check-cfg/cargo-specifics.html> for more information about checking conditional configuration
    = note: this warning originates in the macro `sel_impl` which comes from the expansion of the macro `msg_send` (in Nightly builds, run with -Z macro-backtrace for more info)

warning: unexpected `cfg` condition value: `cargo-clippy`
   --> vendor/wgpu-hal/src/metal/layer_observer.rs:180:44
    |
180 |     let root_layer: *mut Object = unsafe { msg_send![this, superlayer] };
    |                                            ^^^^^^^^^^^^^^^^^^^^^^^^^^^
    |
    = note: expected values for `feature` are: `device_lost_panic`, `dx12`, `fragile-send-sync-non-atomic-wasm`, `gles`, `gpu-allocator`, `internal_error_panic`, `metal`, `oom_panic`, `renderdoc`, `static-dxc`, `vulkan`, and `windows`
    = note: using a cfg inside a macro will use the cfgs from the destination crate and not the ones from the defining crate
    = help: try referring to `sel_impl` crate for guidance on how handle this unexpected cfg
    = help: the macro `sel_impl` may come from an old version of the `objc` crate, try updating your dependency with `cargo update -p objc`
    = note: see <https://doc.rust-lang.org/nightly/rustc/check-cfg/cargo-specifics.html> for more information about checking conditional configuration
    = note: this warning originates in the macro `sel_impl` which comes from the expansion of the macro `msg_send` (in Nightly builds, run with -Z macro-backtrace for more info)

warning: unexpected `cfg` condition value: `cargo-clippy`
   --> vendor/wgpu-hal/src/metal/layer_observer.rs:183:22
    |
183 |             unsafe { msg_send![class!(NSString), stringWithUTF8String: CONTENTS_SCALE.as_ptr()] };
    |                      ^^^^^^^^^^^^^^^^^^^^^^^^^^^^^^^^^^^^^^^^^^^^^^^^^^^^^^^^^^^^^^^^^^^^^^^^^^
    |
    = note: expected values for `feature` are: `device_lost_panic`, `dx12`, `fragile-send-sync-non-atomic-wasm`, `gles`, `gpu-allocator`, `internal_error_panic`, `metal`, `oom_panic`, `renderdoc`, `static-dxc`, `vulkan`, and `windows`
    = note: using a cfg inside a macro will use the cfgs from the destination crate and not the ones from the defining crate
    = help: try referring to `sel_impl` crate for guidance on how handle this unexpected cfg
    = help: the macro `sel_impl` may come from an old version of the `objc` crate, try updating your dependency with `cargo update -p objc`
    = note: see <https://doc.rust-lang.org/nightly/rustc/check-cfg/cargo-specifics.html> for more information about checking conditional configuration
    = note: this warning originates in the macro `sel_impl` which comes from the expansion of the macro `msg_send` (in Nightly builds, run with -Z macro-backtrace for more info)

warning: unexpected `cfg` condition value: `cargo-clippy`
   --> vendor/wgpu-hal/src/metal/layer_observer.rs:183:32
    |
183 |             unsafe { msg_send![class!(NSString), stringWithUTF8String: CONTENTS_SCALE.as_ptr()] };
    |                                ^^^^^^^^^^^^^^^^
    |
    = note: expected values for `feature` are: `device_lost_panic`, `dx12`, `fragile-send-sync-non-atomic-wasm`, `gles`, `gpu-allocator`, `internal_error_panic`, `metal`, `oom_panic`, `renderdoc`, `static-dxc`, `vulkan`, and `windows`
    = note: using a cfg inside a macro will use the cfgs from the destination crate and not the ones from the defining crate
    = help: try referring to `class` crate for guidance on how handle this unexpected cfg
    = help: the macro `class` may come from an old version of the `objc` crate, try updating your dependency with `cargo update -p objc`
    = note: see <https://doc.rust-lang.org/nightly/rustc/check-cfg/cargo-specifics.html> for more information about checking conditional configuration
    = note: this warning originates in the macro `class` (in Nightly builds, run with -Z macro-backtrace for more info)

warning: unexpected `cfg` condition value: `cargo-clippy`
   --> vendor/wgpu-hal/src/metal/layer_observer.rs:184:30
    |
184 |         let _: () = unsafe { msg_send![root_layer, removeObserver: this forKeyPath: key_path] };
    |                              ^^^^^^^^^^^^^^^^^^^^^^^^^^^^^^^^^^^^^^^^^^^^^^^^^^^^^^^^^^^^^^^^
    |
    = note: expected values for `feature` are: `device_lost_panic`, `dx12`, `fragile-send-sync-non-atomic-wasm`, `gles`, `gpu-allocator`, `internal_error_panic`, `metal`, `oom_panic`, `renderdoc`, `static-dxc`, `vulkan`, and `windows`
    = note: using a cfg inside a macro will use the cfgs from the destination crate and not the ones from the defining crate
    = help: try referring to `sel_impl` crate for guidance on how handle this unexpected cfg
    = help: the macro `sel_impl` may come from an old version of the `objc` crate, try updating your dependency with `cargo update -p objc`
    = note: see <https://doc.rust-lang.org/nightly/rustc/check-cfg/cargo-specifics.html> for more information about checking conditional configuration
    = note: this warning originates in the macro `sel_impl` which comes from the expansion of the macro `msg_send` (in Nightly builds, run with -Z macro-backtrace for more info)

warning: unexpected `cfg` condition value: `cargo-clippy`
   --> vendor/wgpu-hal/src/metal/layer_observer.rs:187:22
    |
187 |             unsafe { msg_send![class!(NSString), stringWithUTF8String: BOUNDS.as_ptr()] };
    |                      ^^^^^^^^^^^^^^^^^^^^^^^^^^^^^^^^^^^^^^^^^^^^^^^^^^^^^^^^^^^^^^^^^^
    |
    = note: expected values for `feature` are: `device_lost_panic`, `dx12`, `fragile-send-sync-non-atomic-wasm`, `gles`, `gpu-allocator`, `internal_error_panic`, `metal`, `oom_panic`, `renderdoc`, `static-dxc`, `vulkan`, and `windows`
    = note: using a cfg inside a macro will use the cfgs from the destination crate and not the ones from the defining crate
    = help: try referring to `sel_impl` crate for guidance on how handle this unexpected cfg
    = help: the macro `sel_impl` may come from an old version of the `objc` crate, try updating your dependency with `cargo update -p objc`
    = note: see <https://doc.rust-lang.org/nightly/rustc/check-cfg/cargo-specifics.html> for more information about checking conditional configuration
    = note: this warning originates in the macro `sel_impl` which comes from the expansion of the macro `msg_send` (in Nightly builds, run with -Z macro-backtrace for more info)

warning: unexpected `cfg` condition value: `cargo-clippy`
   --> vendor/wgpu-hal/src/metal/layer_observer.rs:187:32
    |
187 |             unsafe { msg_send![class!(NSString), stringWithUTF8String: BOUNDS.as_ptr()] };
    |                                ^^^^^^^^^^^^^^^^
    |
    = note: expected values for `feature` are: `device_lost_panic`, `dx12`, `fragile-send-sync-non-atomic-wasm`, `gles`, `gpu-allocator`, `internal_error_panic`, `metal`, `oom_panic`, `renderdoc`, `static-dxc`, `vulkan`, and `windows`
    = note: using a cfg inside a macro will use the cfgs from the destination crate and not the ones from the defining crate
    = help: try referring to `class` crate for guidance on how handle this unexpected cfg
    = help: the macro `class` may come from an old version of the `objc` crate, try updating your dependency with `cargo update -p objc`
    = note: see <https://doc.rust-lang.org/nightly/rustc/check-cfg/cargo-specifics.html> for more information about checking conditional configuration
    = note: this warning originates in the macro `class` (in Nightly builds, run with -Z macro-backtrace for more info)

warning: unexpected `cfg` condition value: `cargo-clippy`
   --> vendor/wgpu-hal/src/metal/layer_observer.rs:188:30
    |
188 |         let _: () = unsafe { msg_send![root_layer, removeObserver: this forKeyPath: key_path] };
    |                              ^^^^^^^^^^^^^^^^^^^^^^^^^^^^^^^^^^^^^^^^^^^^^^^^^^^^^^^^^^^^^^^^
    |
    = note: expected values for `feature` are: `device_lost_panic`, `dx12`, `fragile-send-sync-non-atomic-wasm`, `gles`, `gpu-allocator`, `internal_error_panic`, `metal`, `oom_panic`, `renderdoc`, `static-dxc`, `vulkan`, and `windows`
    = note: using a cfg inside a macro will use the cfgs from the destination crate and not the ones from the defining crate
    = help: try referring to `sel_impl` crate for guidance on how handle this unexpected cfg
    = help: the macro `sel_impl` may come from an old version of the `objc` crate, try updating your dependency with `cargo update -p objc`
    = note: see <https://doc.rust-lang.org/nightly/rustc/check-cfg/cargo-specifics.html> for more information about checking conditional configuration
    = note: this warning originates in the macro `sel_impl` which comes from the expansion of the macro `msg_send` (in Nightly builds, run with -Z macro-backtrace for more info)

warning: unexpected `cfg` condition value: `cargo-clippy`
   --> vendor/wgpu-hal/src/metal/layer_observer.rs:191:26
    |
191 |     let _: () = unsafe { msg_send![super(this, class!(CAMetalLayer)), dealloc] };
    |                          ^^^^^^^^^^^^^^^^^^^^^^^^^^^^^^^^^^^^^^^^^^^^^^^^^^^^^
    |
    = note: expected values for `feature` are: `device_lost_panic`, `dx12`, `fragile-send-sync-non-atomic-wasm`, `gles`, `gpu-allocator`, `internal_error_panic`, `metal`, `oom_panic`, `renderdoc`, `static-dxc`, `vulkan`, and `windows`
    = note: using a cfg inside a macro will use the cfgs from the destination crate and not the ones from the defining crate
    = help: try referring to `sel_impl` crate for guidance on how handle this unexpected cfg
    = help: the macro `sel_impl` may come from an old version of the `objc` crate, try updating your dependency with `cargo update -p objc`
    = note: see <https://doc.rust-lang.org/nightly/rustc/check-cfg/cargo-specifics.html> for more information about checking conditional configuration
    = note: this warning originates in the macro `sel_impl` which comes from the expansion of the macro `msg_send` (in Nightly builds, run with -Z macro-backtrace for more info)

warning: unexpected `cfg` condition value: `cargo-clippy`
   --> vendor/wgpu-hal/src/metal/layer_observer.rs:191:48
    |
191 |     let _: () = unsafe { msg_send![super(this, class!(CAMetalLayer)), dealloc] };
    |                                                ^^^^^^^^^^^^^^^^^^^^
    |
    = note: expected values for `feature` are: `device_lost_panic`, `dx12`, `fragile-send-sync-non-atomic-wasm`, `gles`, `gpu-allocator`, `internal_error_panic`, `metal`, `oom_panic`, `renderdoc`, `static-dxc`, `vulkan`, and `windows`
    = note: using a cfg inside a macro will use the cfgs from the destination crate and not the ones from the defining crate
    = help: try referring to `class` crate for guidance on how handle this unexpected cfg
    = help: the macro `class` may come from an old version of the `objc` crate, try updating your dependency with `cargo update -p objc`
    = note: see <https://doc.rust-lang.org/nightly/rustc/check-cfg/cargo-specifics.html> for more information about checking conditional configuration
    = note: this warning originates in the macro `class` (in Nightly builds, run with -Z macro-backtrace for more info)

warning: unexpected `cfg` condition value: `cargo-clippy`
  --> vendor/wgpu-hal/src/metal/surface.rs:48:21
   |
48 |         let class = class!(CAMetalLayer);
   |                     ^^^^^^^^^^^^^^^^^^^^
   |
   = note: expected values for `feature` are: `device_lost_panic`, `dx12`, `fragile-send-sync-non-atomic-wasm`, `gles`, `gpu-allocator`, `internal_error_panic`, `metal`, `oom_panic`, `renderdoc`, `static-dxc`, `vulkan`, and `windows`
   = note: using a cfg inside a macro will use the cfgs from the destination crate and not the ones from the defining crate
   = help: try referring to `class` crate for guidance on how handle this unexpected cfg
   = help: the macro `class` may come from an old version of the `objc` crate, try updating your dependency with `cargo update -p objc`
   = note: see <https://doc.rust-lang.org/nightly/rustc/check-cfg/cargo-specifics.html> for more information about checking conditional configuration
   = note: this warning originates in the macro `class` (in Nightly builds, run with -Z macro-backtrace for more info)

warning: unexpected `cfg` condition value: `cargo-clippy`
  --> vendor/wgpu-hal/src/metal/surface.rs:49:33
   |
49 |         let proper_kind: BOOL = msg_send![layer, isKindOfClass: class];
   |                                 ^^^^^^^^^^^^^^^^^^^^^^^^^^^^^^^^^^^^^^
   |
   = note: expected values for `feature` are: `device_lost_panic`, `dx12`, `fragile-send-sync-non-atomic-wasm`, `gles`, `gpu-allocator`, `internal_error_panic`, `metal`, `oom_panic`, `renderdoc`, `static-dxc`, `vulkan`, and `windows`
   = note: using a cfg inside a macro will use the cfgs from the destination crate and not the ones from the defining crate
   = help: try referring to `sel_impl` crate for guidance on how handle this unexpected cfg
   = help: the macro `sel_impl` may come from an old version of the `objc` crate, try updating your dependency with `cargo update -p objc`
   = note: see <https://doc.rust-lang.org/nightly/rustc/check-cfg/cargo-specifics.html> for more information about checking conditional configuration
   = note: this warning originates in the macro `sel_impl` which comes from the expansion of the macro `msg_send` (in Nightly builds, run with -Z macro-backtrace for more info)

warning: unexpected `cfg` condition value: `cargo-clippy`
  --> vendor/wgpu-hal/src/metal/surface.rs:65:36
   |
65 |         let is_main_thread: BOOL = msg_send![class!(NSThread), isMainThread];
   |                                    ^^^^^^^^^^^^^^^^^^^^^^^^^^^^^^^^^^^^^^^^^
   |
   = note: expected values for `feature` are: `device_lost_panic`, `dx12`, `fragile-send-sync-non-atomic-wasm`, `gles`, `gpu-allocator`, `internal_error_panic`, `metal`, `oom_panic`, `renderdoc`, `static-dxc`, `vulkan`, and `windows`
   = note: using a cfg inside a macro will use the cfgs from the destination crate and not the ones from the defining crate
   = help: try referring to `sel_impl` crate for guidance on how handle this unexpected cfg
   = help: the macro `sel_impl` may come from an old version of the `objc` crate, try updating your dependency with `cargo update -p objc`
   = note: see <https://doc.rust-lang.org/nightly/rustc/check-cfg/cargo-specifics.html> for more information about checking conditional configuration
   = note: this warning originates in the macro `sel_impl` which comes from the expansion of the macro `msg_send` (in Nightly builds, run with -Z macro-backtrace for more info)

warning: unexpected `cfg` condition value: `cargo-clippy`
  --> vendor/wgpu-hal/src/metal/surface.rs:65:46
   |
65 |         let is_main_thread: BOOL = msg_send![class!(NSThread), isMainThread];
   |                                              ^^^^^^^^^^^^^^^^
   |
   = note: expected values for `feature` are: `device_lost_panic`, `dx12`, `fragile-send-sync-non-atomic-wasm`, `gles`, `gpu-allocator`, `internal_error_panic`, `metal`, `oom_panic`, `renderdoc`, `static-dxc`, `vulkan`, and `windows`
   = note: using a cfg inside a macro will use the cfgs from the destination crate and not the ones from the defining crate
   = help: try referring to `class` crate for guidance on how handle this unexpected cfg
   = help: the macro `class` may come from an old version of the `objc` crate, try updating your dependency with `cargo update -p objc`
   = note: see <https://doc.rust-lang.org/nightly/rustc/check-cfg/cargo-specifics.html> for more information about checking conditional configuration
   = note: this warning originates in the macro `class` (in Nightly builds, run with -Z macro-backtrace for more info)

warning: unexpected `cfg` condition value: `cargo-clippy`
  --> vendor/wgpu-hal/src/metal/surface.rs:73:18
   |
73 |         let () = msg_send![view.as_ptr(), setWantsLayer: YES];
   |                  ^^^^^^^^^^^^^^^^^^^^^^^^^^^^^^^^^^^^^^^^^^^^
   |
   = note: expected values for `feature` are: `device_lost_panic`, `dx12`, `fragile-send-sync-non-atomic-wasm`, `gles`, `gpu-allocator`, `internal_error_panic`, `metal`, `oom_panic`, `renderdoc`, `static-dxc`, `vulkan`, and `windows`
   = note: using a cfg inside a macro will use the cfgs from the destination crate and not the ones from the defining crate
   = help: try referring to `sel_impl` crate for guidance on how handle this unexpected cfg
   = help: the macro `sel_impl` may come from an old version of the `objc` crate, try updating your dependency with `cargo update -p objc`
   = note: see <https://doc.rust-lang.org/nightly/rustc/check-cfg/cargo-specifics.html> for more information about checking conditional configuration
   = note: this warning originates in the macro `sel_impl` which comes from the expansion of the macro `msg_send` (in Nightly builds, run with -Z macro-backtrace for more info)

warning: unexpected `cfg` condition value: `cargo-clippy`
  --> vendor/wgpu-hal/src/metal/surface.rs:75:39
   |
75 |         let root_layer: *mut Object = msg_send![view.as_ptr(), layer];
   |                                       ^^^^^^^^^^^^^^^^^^^^^^^^^^^^^^^
   |
   = note: expected values for `feature` are: `device_lost_panic`, `dx12`, `fragile-send-sync-non-atomic-wasm`, `gles`, `gpu-allocator`, `internal_error_panic`, `metal`, `oom_panic`, `renderdoc`, `static-dxc`, `vulkan`, and `windows`
   = note: using a cfg inside a macro will use the cfgs from the destination crate and not the ones from the defining crate
   = help: try referring to `sel_impl` crate for guidance on how handle this unexpected cfg
   = help: the macro `sel_impl` may come from an old version of the `objc` crate, try updating your dependency with `cargo update -p objc`
   = note: see <https://doc.rust-lang.org/nightly/rustc/check-cfg/cargo-specifics.html> for more information about checking conditional configuration
   = note: this warning originates in the macro `sel_impl` which comes from the expansion of the macro `msg_send` (in Nightly builds, run with -Z macro-backtrace for more info)

warning: unexpected `cfg` condition value: `cargo-clippy`
  --> vendor/wgpu-hal/src/metal/surface.rs:88:36
   |
88 |         let is_metal_layer: BOOL = msg_send![root_layer, isKindOfClass: class!(CAMetalLayer)];
   |                                    ^^^^^^^^^^^^^^^^^^^^^^^^^^^^^^^^^^^^^^^^^^^^^^^^^^^^^^^^^^
   |
   = note: expected values for `feature` are: `device_lost_panic`, `dx12`, `fragile-send-sync-non-atomic-wasm`, `gles`, `gpu-allocator`, `internal_error_panic`, `metal`, `oom_panic`, `renderdoc`, `static-dxc`, `vulkan`, and `windows`
   = note: using a cfg inside a macro will use the cfgs from the destination crate and not the ones from the defining crate
   = help: try referring to `sel_impl` crate for guidance on how handle this unexpected cfg
   = help: the macro `sel_impl` may come from an old version of the `objc` crate, try updating your dependency with `cargo update -p objc`
   = note: see <https://doc.rust-lang.org/nightly/rustc/check-cfg/cargo-specifics.html> for more information about checking conditional configuration
   = note: this warning originates in the macro `sel_impl` which comes from the expansion of the macro `msg_send` (in Nightly builds, run with -Z macro-backtrace for more info)

warning: unexpected `cfg` condition value: `cargo-clippy`
  --> vendor/wgpu-hal/src/metal/surface.rs:88:73
   |
88 |         let is_metal_layer: BOOL = msg_send![root_layer, isKindOfClass: class!(CAMetalLayer)];
   |                                                                         ^^^^^^^^^^^^^^^^^^^^
   |
   = note: expected values for `feature` are: `device_lost_panic`, `dx12`, `fragile-send-sync-non-atomic-wasm`, `gles`, `gpu-allocator`, `internal_error_panic`, `metal`, `oom_panic`, `renderdoc`, `static-dxc`, `vulkan`, and `windows`
   = note: using a cfg inside a macro will use the cfgs from the destination crate and not the ones from the defining crate
   = help: try referring to `class` crate for guidance on how handle this unexpected cfg
   = help: the macro `class` may come from an old version of the `objc` crate, try updating your dependency with `cargo update -p objc`
   = note: see <https://doc.rust-lang.org/nightly/rustc/check-cfg/cargo-specifics.html> for more information about checking conditional configuration
   = note: this warning originates in the macro `class` (in Nightly builds, run with -Z macro-backtrace for more info)

warning: unexpected `cfg` condition value: `cargo-clippy`
   --> vendor/wgpu-hal/src/metal/surface.rs:115:34
    |
115 |             let bounds: CGRect = msg_send![render_layer, bounds];
    |                                  ^^^^^^^^^^^^^^^^^^^^^^^^^^^^^^^
    |
    = note: expected values for `feature` are: `device_lost_panic`, `dx12`, `fragile-send-sync-non-atomic-wasm`, `gles`, `gpu-allocator`, `internal_error_panic`, `metal`, `oom_panic`, `renderdoc`, `static-dxc`, `vulkan`, and `windows`
    = note: using a cfg inside a macro will use the cfgs from the destination crate and not the ones from the defining crate
    = help: try referring to `sel_impl` crate for guidance on how handle this unexpected cfg
    = help: the macro `sel_impl` may come from an old version of the `objc` crate, try updating your dependency with `cargo update -p objc`
    = note: see <https://doc.rust-lang.org/nightly/rustc/check-cfg/cargo-specifics.html> for more information about checking conditional configuration
    = note: this warning originates in the macro `sel_impl` which comes from the expansion of the macro `msg_send` (in Nightly builds, run with -Z macro-backtrace for more info)

warning: unexpected `cfg` condition value: `cargo-clippy`
   --> vendor/wgpu-hal/src/metal/surface.rs:116:43
    |
116 |             let contents_scale: CGFloat = msg_send![render_layer, contentsScale];
    |                                           ^^^^^^^^^^^^^^^^^^^^^^^^^^^^^^^^^^^^^^
    |
    = note: expected values for `feature` are: `device_lost_panic`, `dx12`, `fragile-send-sync-non-atomic-wasm`, `gles`, `gpu-allocator`, `internal_error_panic`, `metal`, `oom_panic`, `renderdoc`, `static-dxc`, `vulkan`, and `windows`
    = note: using a cfg inside a macro will use the cfgs from the destination crate and not the ones from the defining crate
    = help: try referring to `sel_impl` crate for guidance on how handle this unexpected cfg
    = help: the macro `sel_impl` may come from an old version of the `objc` crate, try updating your dependency with `cargo update -p objc`
    = note: see <https://doc.rust-lang.org/nightly/rustc/check-cfg/cargo-specifics.html> for more information about checking conditional configuration
    = note: this warning originates in the macro `sel_impl` which comes from the expansion of the macro `msg_send` (in Nightly builds, run with -Z macro-backtrace for more info)

warning: unexpected `cfg` condition value: `cargo-clippy`
   --> vendor/wgpu-hal/src/metal/surface.rs:173:22
    |
173 |             let () = msg_send![*render_layer, setAllowsNextDrawableTimeout:false];
    |                      ^^^^^^^^^^^^^^^^^^^^^^^^^^^^^^^^^^^^^^^^^^^^^^^^^^^^^^^^^^^^
    |
    = note: expected values for `feature` are: `device_lost_panic`, `dx12`, `fragile-send-sync-non-atomic-wasm`, `gles`, `gpu-allocator`, `internal_error_panic`, `metal`, `oom_panic`, `renderdoc`, `static-dxc`, `vulkan`, and `windows`
    = note: using a cfg inside a macro will use the cfgs from the destination crate and not the ones from the defining crate
    = help: try referring to `sel_impl` crate for guidance on how handle this unexpected cfg
    = help: the macro `sel_impl` may come from an old version of the `objc` crate, try updating your dependency with `cargo update -p objc`
    = note: see <https://doc.rust-lang.org/nightly/rustc/check-cfg/cargo-specifics.html> for more information about checking conditional configuration
    = note: this warning originates in the macro `sel_impl` which comes from the expansion of the macro `msg_send` (in Nightly builds, run with -Z macro-backtrace for more info)

warning: unexpected `cfg` condition value: `cargo-clippy`
   --> vendor/wgpu-hal/src/metal/surface.rs:176:22
    |
176 |             let () = msg_send![*render_layer, setDisplaySyncEnabled: display_sync];
    |                      ^^^^^^^^^^^^^^^^^^^^^^^^^^^^^^^^^^^^^^^^^^^^^^^^^^^^^^^^^^^^^
    |
    = note: expected values for `feature` are: `device_lost_panic`, `dx12`, `fragile-send-sync-non-atomic-wasm`, `gles`, `gpu-allocator`, `internal_error_panic`, `metal`, `oom_panic`, `renderdoc`, `static-dxc`, `vulkan`, and `windows`
    = note: using a cfg inside a macro will use the cfgs from the destination crate and not the ones from the defining crate
    = help: try referring to `sel_impl` crate for guidance on how handle this unexpected cfg
    = help: the macro `sel_impl` may come from an old version of the `objc` crate, try updating your dependency with `cargo update -p objc`
    = note: see <https://doc.rust-lang.org/nightly/rustc/check-cfg/cargo-specifics.html> for more information about checking conditional configuration
    = note: this warning originates in the macro `sel_impl` which comes from the expansion of the macro `msg_send` (in Nightly builds, run with -Z macro-backtrace for more info)

warning: `wgpu-hal` (lib) generated 50 warnings
   Compiling ferryx v2026.902.2 (/Users/indo/code/project/orca-lite/src-tauri)
warning: unused variable: `super_key`
   --> src/native_terminal/input.rs:366:13
    |
366 |         let super_key = KeyModifiers {
    |             ^^^^^^^^^ help: if this is intentional, prefix it with an underscore: `_super_key`
    |
    = note: `#[warn(unused_variables)]` (part of `#[warn(unused)]`) on by default

warning: variable does not need to be mutable
   --> src/native_terminal/renderer/font_manager.rs:155:13
    |
155 |         let mut buffer = vec![0u8; total_pixels];
    |             ----^^^^^^
    |             |
    |             help: remove this `mut`
    |
    = note: `#[warn(unused_mut)]` (part of `#[warn(unused)]`) on by default

warning: field `app` is never read
  --> src/ipc/notifications.rs:28:5
   |
27 | pub struct TauriNotificationBackend<R: Runtime> {
   |            ------------------------ field in this struct
28 |     app: AppHandle<R>,
   |     ^^^
   |
   = note: `#[warn(dead_code)]` (part of `#[warn(unused)]`) on by default

warning: method `wait_and_reap` is never used
   --> src/terminal/session.rs:270:19
    |
 61 | impl PtySession {
    | --------------- method in this implementation
...
270 |     pub(crate) fn wait_and_reap(&self) -> Result<Option<i32>, PtyError> {
    |                   ^^^^^^^^^^^^^

warning: struct `WriterLeaseGuard` is never constructed
  --> src/worktree/manager.rs:57:19
   |
57 | pub(crate) struct WriterLeaseGuard {
   |                   ^^^^^^^^^^^^^^^^

warning: associated items `new`, `canonical_path`, and `owner_id` are never used
  --> src/worktree/manager.rs:64:8
   |
63 | impl WriterLeaseGuard {
   | --------------------- associated items in this implementation
64 |     fn new(registry: WriterLeaseRegistry, canonical_path: PathBuf, owner_id: String) -> Self {
   |        ^^^
...
72 |     pub(crate) fn canonical_path(&self) -> &Path {
   |                   ^^^^^^^^^^^^^^
...
76 |     pub(crate) fn owner_id(&self) -> &str {
   |                   ^^^^^^^^

warning: method `acquire_writer_lease` is never used
   --> src/worktree/manager.rs:309:19
    |
105 | impl WorktreeManager {
    | -------------------- method in this implementation
...
309 |     pub(crate) fn acquire_writer_lease(
    |                   ^^^^^^^^^^^^^^^^^^^^

warning: `ferryx` (lib test) generated 7 warnings (run `cargo fix --lib -p ferryx --tests` to apply 2 suggestions)
    Finished `test` profile [unoptimized + debuginfo] target(s) in 28.34s
     Running unittests src/lib.rs (src-tauri/target/debug/deps/ferryx_lib-f277dedbac8184e5)

running 1 test

running 1 test
test daemon::server::remote_ssh_tests::direct_ssh_real_transport_registration_and_pty ... FAILED

failures:

failures:
    daemon::server::remote_ssh_tests::direct_ssh_real_transport_registration_and_pty

test result: FAILED. 0 passed; 1 failed; 0 ignored; 0 measured; 631 filtered out; finished in 8.01s


thread 'daemon::server::remote_ssh_tests::direct_ssh_real_transport_registration_and_pty' (8687619) panicked at src/daemon/remote_ssh_qa.rs:95:6:
actual backend registration/probe against QA host: IpcError { code: InvalidPath, message: "SSH directory probe timed out after its bounded deadline", details: None }
note: run with `RUST_BACKTRACE=1` environment variable to display a backtrace

thread 'daemon::server::remote_ssh_tests::direct_ssh_real_transport_registration_and_pty' (8685153) panicked at src/daemon/remote_ssh_qa.rs:67:9:
SSH QA child failed: exit status: 101
note: run with `RUST_BACKTRACE=1` environment variable to display a backtrace
test daemon::server::remote_ssh_tests::direct_ssh_real_transport_registration_and_pty ... FAILED

failures:

failures:
    daemon::server::remote_ssh_tests::direct_ssh_real_transport_registration_and_pty

test result: FAILED. 0 passed; 1 failed; 0 ignored; 0 measured; 631 filtered out; finished in 14.14s

error: test failed, to rerun pass `--lib`
REAL SSH EXIT: 101
